frame,t_s,x_px,y_px,vx_px_s,vy_px_s,speed_px_s
0,0.0,560.71,360.62,-15.692,-9.172,18.176
1,0.033,560.26,361.06,-13.884,-7.15,15.617
2,0.067,559.83,361.53,-12.195,-5.263,13.282
3,0.1,559.64,361.52,-10.625,-3.513,11.191
4,0.133,559.17,361.26,-9.174,-1.898,9.368
5,0.167,558.86,361.25,-7.842,-0.42,7.853
6,0.2,557.56,360.6,-6.629,0.923,6.693
7,0.233,556.09,361.01,-5.535,2.13,5.93
8,0.267,556.55,361.08,-4.56,3.201,5.571
9,0.3,556.5,361.1,-3.704,4.135,5.551
10,0.333,556.69,360.74,-2.966,4.935,5.758
11,0.367,556.83,361.24,-2.348,5.598,6.07
12,0.4,558.67,361.78,-1.849,6.125,6.398
13,0.433,558.41,361.74,-1.469,6.516,6.68
14,0.467,558.88,361.76,-1.208,6.771,6.878
15,0.5,558.76,361.92,-1.066,6.891,6.973
16,0.533,558.57,362.11,-1.781,8.643,8.825
17,0.567,558.53,362.36,-2.769,8.706,9.136
18,0.6,557.96,362.67,-3.719,8.121,8.932
19,0.633,557.11,363.36,-4.696,6.864,8.317
20,0.667,557.19,363.45,-5.562,5.395,7.749
21,0.7,556.6,363.62,-6.719,3.752,7.696
22,0.733,555.97,363.73,-7.188,2.784,7.708
23,0.767,555.98,363.99,-6.595,1.594,6.785
24,0.8,556.26,364.04,-5.882,-0.698,5.923
25,0.833,555.39,363.98,-4.713,-3.234,5.716
26,0.867,555.34,364.24,-3.48,-4.742,5.882
27,0.9,555.57,364.04,-1.8,-6.126,6.385
28,0.933,555.61,363.75,-0.93,-7.393,7.452
29,0.967,555.39,363.47,0.508,-8.206,8.222
30,1.0,556.68,362.8,1.32,-8.678,8.778
31,1.033,556.01,359.7,2.153,-9.472,9.714
32,1.067,556.51,361.28,2.565,-10.63,10.935
33,1.1,556.5,360.96,2.345,-12.159,12.383
34,1.133,556.31,361.21,2.943,-13.983,14.289
35,1.167,556.0,361.0,2.554,-16.228,16.428
36,1.2,556.5,360.54,2.916,-18.457,18.686
37,1.233,556.3,358.83,2.833,-20.421,20.617
38,1.267,556.06,357.67,2.847,-22.025,22.208
39,1.3,556.18,359.08,2.415,-23.454,23.578
40,1.333,556.08,359.58,1.646,-24.576,24.631
41,1.367,556.76,357.88,0.896,-25.187,25.203
42,1.4,556.77,356.93,-0.187,-25.516,25.517
43,1.433,557.31,355.58,-0.813,-25.46,25.473
44,1.467,556.4,353.64,-1.532,-25.034,25.081
45,1.5,556.93,351.49,-2.102,-24.674,24.763
46,1.533,556.42,350.5,-3.374,-23.349,23.592
47,1.567,556.75,349.83,-4.615,-20.26,20.779
48,1.6,557.48,349.49,-6.071,-17.39,18.419
49,1.633,555.24,349.38,-7.474,-14.228,16.072
50,1.667,557.29,349.5,-8.735,-11.266,14.256
51,1.7,554.72,349.64,-9.64,-8.364,12.763
52,1.733,554.85,349.48,-9.751,-5.55,11.22
53,1.767,554.16,349.32,-9.394,-2.336,9.68
54,1.8,554.1,349.5,-9.738,1.023,9.792
55,1.833,553.5,349.74,-10.691,3.21,11.162
56,1.867,553.49,349.71,-11.024,4.137,11.775
57,1.9,554.01,349.68,-10.729,4.825,11.764
58,1.933,552.54,349.7,-10.785,4.866,11.832
59,1.967,552.16,349.73,-12.126,4.538,12.947
60,2.0,551.68,350.76,-13.994,4.204,14.611
61,2.033,551.33,349.88,-16.229,4.326,16.796
62,2.067,551.44,350.22,-18.266,4.774,18.879
63,2.1,551.16,350.25,-20.728,5.385,21.416
64,2.133,550.77,350.48,-23.388,6.18,24.19
65,2.167,550.47,350.87,-24.624,6.936,25.583
66,2.2,550.03,350.98,-27.118,7.5,28.136
67,2.233,547.3,350.98,-28.073,8.031,29.199
68,2.267,544.99,351.21,-28.69,8.604,29.953
69,2.3,545.34,351.8,-28.208,9.149,29.654
70,2.333,545.89,352.19,-27.368,9.722,29.044
71,2.367,544.23,352.69,-24.262,10.009,26.245
72,2.4,540.83,352.92,-21.393,10.621,23.884
73,2.433,539.33,353.32,-19.051,11.272,22.136
74,2.467,539.41,353.55,-16.562,11.15,19.966
75,2.5,540.21,353.97,-13.792,10.712,17.463
76,2.533,539.88,354.37,-10.696,9.333,14.196
77,2.567,539.59,354.4,-7.838,7.998,11.199
78,2.6,540.17,354.69,-6.175,6.233,8.774
79,2.633,539.81,354.73,-5.364,4.173,6.796
80,2.667,539.18,355.04,-5.589,1.924,5.911
81,2.7,540.1,355.5,-6.763,-0.448,6.777
82,2.733,540.01,355.49,-9.656,-3.14,10.153
83,2.767,540.3,355.48,-11.116,-4.582,12.023
84,2.8,539.77,355.66,-15.135,-7.512,16.896
85,2.833,540.15,355.25,-18.693,-9.267,20.864
86,2.867,536.12,355.21,-23.256,-9.975,25.305
87,2.9,535.78,353.74,-27.976,-10.641,29.931
88,2.933,535.13,352.31,-31.194,-11.014,33.081
89,2.967,535.03,352.49,-32.202,-11.606,34.23
90,3.0,533.59,351.91,-33.333,-12.878,35.735
91,3.033,531.45,351.46,-34.128,-14.196,36.963
92,3.067,529.69,350.91,-35.455,-16.13,38.951
93,3.1,529.08,350.45,-35.196,-17.517,39.314
94,3.133,527.83,350.21,-35.598,-19.167,40.431
95,3.167,526.75,349.8,-36.212,-20.587,41.655
96,3.2,524.93,349.19,-37.712,-22.258,43.791
97,3.233,524.65,349.58,-40.837,-25.44,48.113
98,3.267,519.69,346.61,-43.462,-28.501,51.974
99,3.3,524.32,349.75,-45.42,-30.8,54.878
100,3.333,521.16,347.42,-49.185,-34.162,59.885
101,3.367,519.84,344.49,-53.922,-37.479,65.668
102,3.4,518.98,342.84,-55.881,-41.1,69.368
103,3.433,517.51,340.51,-57.84,-44.562,73.016
104,3.467,513.04,338.75,-59.983,-47.519,76.525
105,3.5,511.73,338.32,-62.839,-50.178,80.415
106,3.533,508.3,336.5,-65.888,-52.635,84.331
107,3.567,507.7,335.96,-67.437,-53.696,86.203
108,3.6,502.23,333.25,-67.495,-53.651,86.22
109,3.633,499.68,331.7,-67.296,-52.301,85.23
110,3.667,496.94,329.17,-66.376,-49.947,83.069
111,3.7,496.55,327.08,-64.88,-46.529,79.84
112,3.733,497.21,327.93,-62.333,-42.136,75.238
113,3.767,494.47,326.27,-59.802,-37.8,70.747
114,3.8,489.75,322.65,-54.272,-32.268,63.141
115,3.833,490.97,322.46,-50.127,-27.676,57.26
116,3.867,490.2,320.82,-44.934,-22.527,50.264
117,3.9,485.99,319.58,-39.6,-16.454,42.882
118,3.933,484.06,319.38,-35.808,-10.705,37.374
119,3.967,482.87,319.73,-33.704,-5.606,34.167
120,4.0,482.48,319.71,-31.157,-0.84,31.169
121,4.033,482.99,321.41,-29.439,2.8,29.571
122,4.067,481.31,321.07,-27.564,6.0,28.21
123,4.1,479.42,321.6,-27.556,7.697,28.611
124,4.133,479.04,321.76,-26.682,8.859,28.114
125,4.167,478.47,322.2,-25.537,9.253,27.161
126,4.2,478.2,322.4,-23.481,9.835,25.457
127,4.233,477.89,322.59,-23.06,9.277,24.856
128,4.267,478.36,323.37,-23.303,7.269,24.411
129,4.3,477.87,325.09,-22.695,5.448,23.339
130,4.333,475.78,324.12,-19.77,4.787,20.341
131,4.367,474.16,323.49,-17.522,4.101,17.995
132,4.4,471.91,322.21,-15.409,4.452,16.04
133,4.433,471.84,321.88,-11.577,5.634,12.875
134,4.467,472.46,323.08,-6.884,7.82,10.418
135,4.5,472.09,323.42,-2.056,10.267,10.471
136,4.533,471.41,323.8,2.051,12.693,12.858
137,4.567,470.61,323.67,3.954,13.346,13.92
138,4.6,471.28,324.11,5.008,12.778,13.724
139,4.633,471.93,324.77,5.466,10.475,11.815
140,4.667,472.35,325.11,5.375,7.928,9.578
141,4.7,472.2,324.55,4.443,5.3,6.916
142,4.733,475.92,327.38,3.495,3.457,4.916
143,4.767,476.45,328.5,1.775,1.39,2.255
144,4.8,476.58,328.27,-0.507,-0.797,0.945
145,4.833,476.25,328.62,-3.535,-3.934,5.289
146,4.867,476.0,328.62,-5.952,-6.821,9.053
147,4.9,475.19,327.73,-8.207,-9.503,12.556
148,4.933,473.63,327.08,-9.179,-10.89,14.243
149,4.967,471.62,324.71,-9.817,-12.951,16.251
150,5.0,469.9,322.45,-10.169,-16.0,18.958
151,5.033,468.67,320.51,-10.0,-18.222,20.786
152,5.067,469.34,320.17,-8.675,-20.173,21.959
153,5.1,469.7,321.1,-5.939,-19.267,20.161
154,5.133,470.82,323.56,-2.082,-15.355,15.496
155,5.167,471.05,324.2,2.956,-9.609,10.053
156,5.2,472.5,324.53,9.335,-2.163,9.583
157,5.233,472.08,323.01,16.792,7.386,18.344
158,5.267,473.28,323.49,21.349,17.624,27.683
159,5.3,473.04,323.23,24.97,30.044,39.066
160,5.333,473.8,323.23,26.124,43.546,50.781
161,5.367,473.63,323.29,25.904,56.238,61.917
162,5.4,474.74,323.77,22.855,67.731,71.483
163,5.433,475.26,323.22,18.386,77.482,79.634
164,5.467,476.42,327.4,12.893,84.575,85.552
165,5.5,477.09,332.88,7.317,89.678,89.976
166,5.533,478.4,336.94,1.234,93.191,93.199
167,5.567,479.12,343.84,-5.084,94.698,94.834
168,5.6,479.87,346.96,-13.108,92.727,93.649
169,5.633,479.64,348.84,-21.787,87.088,89.772
170,5.667,478.32,352.43,-29.743,77.31,82.834
171,5.7,475.38,356.47,-35.722,52.517,63.514
172,5.733,471.97,360.68,-43.845,31.288,53.864
173,5.767,471.38,363.44,-53.172,15.096,55.273
174,5.8,467.94,361.62,-62.995,3.009,63.066
175,5.833,467.15,360.19,-73.504,8.442,73.987
176,5.867,463.92,359.69,-82.204,11.41,82.992
177,5.9,463.4,358.03,-89.015,12.817,89.933
178,5.933,460.5,356.39,-94.502,13.265,95.429
179,5.967,457.44,355.03,-98.485,18.565,100.22
180,6.0,453.01,353.34,-99.454,26.668,102.967
181,6.033,449.75,350.59,-97.686,36.621,104.325
182,6.067,446.43,348.69,-93.321,47.636,104.775
183,6.1,445.48,349.41,-87.36,57.188,104.414
184,6.133,443.8,350.62,-79.627,67.554,104.423
185,6.167,438.4,352.11,-71.315,78.513,106.066
186,6.2,429.6,387.23,-61.883,88.122,107.68
187,6.233,427.78,392.17,-51.348,96.434,109.253
188,6.267,427.71,396.49,-40.199,103.685,111.205
189,6.3,426.37,401.43,-30.371,108.606,112.773
190,6.333,429.12,370.85,-20.234,112.733,114.534
191,6.367,427.55,375.99,-11.547,115.406,115.982
192,6.4,427.71,383.14,-3.556,116.136,116.191
193,6.433,429.16,393.5,2.03,115.674,115.691
194,6.467,432.35,396.15,5.63,113.359,113.499
195,6.5,432.37,399.0,6.999,108.632,108.858
196,6.533,433.0,401.37,7.39,103.232,103.496
197,6.567,432.25,405.83,6.439,98.013,98.225
198,6.6,432.8,411.92,3.523,94.768,94.834
199,6.633,431.16,415.66,-2.217,93.783,93.81
200,6.667,431.01,420.39,-10.442,97.48,98.037
201,6.7,429.16,427.19,-18.899,106.581,108.244
202,6.733,427.57,432.27,-23.968,102.595,105.357
203,6.767,427.09,433.63,-27.412,94.397,98.297
204,6.8,427.37,435.39,-29.664,82.127,87.32
205,6.833,426.36,436.35,-29.911,64.151,70.781
206,6.867,425.47,437.44,-29.87,60.092,67.106
207,6.9,424.43,437.69,-27.432,58.012,64.171
208,6.933,423.21,436.6,-23.418,54.967,59.747
209,6.967,422.35,436.86,-18.674,50.298,53.653
210,7.0,422.0,439.4,-14.269,46.343,48.49
211,7.033,420.6,440.73,-9.531,43.594,44.624
212,7.067,419.0,444.57,-5.311,42.908,43.235
213,7.1,419.38,448.13,-1.244,43.954,43.972
214,7.133,419.82,452.33,2.06,44.551,44.598
215,7.167,420.5,453.69,5.332,45.968,46.276
216,7.2,421.74,455.47,8.099,47.2,47.89
217,7.233,422.43,455.39,11.035,46.669,47.956
218,7.267,422.86,457.29,13.448,44.262,46.26
219,7.3,423.3,457.28,14.886,41.646,44.226
220,7.333,424.12,457.31,14.263,38.922,41.453
221,7.367,424.49,458.62,13.424,35.259,37.728
222,7.4,424.48,457.9,12.087,31.001,33.275
223,7.433,424.84,461.33,10.235,26.862,28.746
224,7.467,425.39,461.4,8.031,23.731,25.053
225,7.5,425.0,463.01,5.662,21.246,21.988
226,7.533,424.9,464.31,2.893,18.278,18.506
227,7.567,425.27,465.06,0.416,15.772,15.778
228,7.6,425.8,464.37,-1.137,13.032,13.082
229,7.633,425.74,465.7,-2.208,10.299,10.533
230,7.667,425.84,466.04,-2.236,6.041,6.441
231,7.7,424.95,466.89,-2.058,2.023,2.886
232,7.733,423.68,467.44,-2.282,-1.569,2.769
233,7.767,423.71,467.85,-3.248,-3.286,4.62
234,7.8,423.82,467.3,-4.156,-4.83,6.372
235,7.833,425.65,465.22,-4.752,-5.869,7.551
236,7.867,424.91,465.18,-4.615,-5.907,7.496
237,7.9,424.48,464.4,-4.029,-4.907,6.349
238,7.933,424.31,463.06,-2.75,-2.738,3.88
239,7.967,424.39,462.02,-0.988,-0.808,1.276
240,8.0,424.16,461.77,0.863,1.941,2.124
241,8.033,424.23,462.71,2.934,3.853,4.843
242,8.067,424.55,463.97,5.003,4.521,6.743
243,8.1,424.89,464.75,6.871,3.707,7.807
244,8.133,424.89,464.77,8.202,2.189,8.489
245,8.167,423.41,466.77,8.979,0.224,8.982
246,8.2,423.16,467.8,9.421,-2.121,9.657
247,8.233,423.6,467.84,9.934,-5.498,11.354
248,8.267,425.74,466.17,10.889,-9.438,14.41
249,8.3,427.19,465.43,12.199,-13.893,18.489
250,8.333,428.5,465.76,13.13,-18.564,22.738
251,8.367,428.35,465.48,12.735,-21.419,24.919
252,8.4,428.77,463.43,11.999,-23.872,26.718
253,8.433,428.83,462.96,11.048,-25.164,27.482
254,8.467,428.57,460.59,9.794,-25.213,27.048
255,8.5,428.33,457.9,7.465,-23.445,24.605
256,8.533,428.44,456.5,5.066,-20.447,21.065
257,8.567,428.73,455.81,1.599,-18.271,18.34
258,8.6,428.81,456.33,-1.267,-13.897,13.955
259,8.633,429.03,457.76,-3.591,-8.29,9.034
260,8.667,429.74,457.14,-4.878,-2.416,5.443
261,8.7,429.69,457.18,-4.732,3.195,5.71
262,8.733,429.71,458.36,-3.971,8.107,9.027
263,8.767,429.69,459.06,-4.59,9.093,10.186
264,8.8,428.53,459.84,-3.832,12.072,12.665
265,8.833,428.58,461.35,-0.72,16.717,16.733
266,8.867,428.45,460.73,4.857,21.885,22.418
267,8.9,428.51,461.39,13.375,27.365,30.459
268,8.933,428.34,461.36,24.518,34.602,42.408
269,8.967,428.3,462.33,37.749,41.434,56.051
270,9.0,430.27,462.56,47.039,46.836,66.38
271,9.033,431.29,463.82,56.577,53.516,77.877
272,9.067,435.38,469.58,67.136,61.073,90.759
273,9.1,436.72,468.77,75.476,69.653,102.704
274,9.133,438.35,469.05,82.1,77.276,112.747
275,9.167,439.36,471.89,87.952,83.555,121.313
276,9.2,441.76,473.45,93.356,88.767,128.821
277,9.233,446.33,475.86,100.433,92.851,136.778
278,9.267,457.52,487.76,108.671,95.642,144.765
279,9.3,463.38,490.89,115.852,96.191,150.58
280,9.333,467.43,493.31,122.684,94.462,154.836
281,9.367,470.04,495.96,126.753,89.474,155.151
282,9.4,471.39,498.34,129.157,82.378,153.191
283,9.433,470.58,498.07,129.421,72.239,148.217
284,9.467,468.26,499.41,129.276,60.776,142.849
285,9.5,479.4,505.24,126.597,48.79,135.673
286,9.533,483.53,506.85,123.784,37.049,129.21
287,9.567,484.74,507.92,122.906,27.256,125.892
288,9.6,492.47,507.09,121.856,16.736,123.0
289,9.633,500.87,508.19,120.933,8.337,121.22
290,9.667,508.2,508.02,120.056,2.722,120.087
291,9.7,514.51,508.44,120.395,-1.085,120.4
292,9.733,515.67,508.03,121.381,-1.733,121.394
293,9.767,515.13,505.7,122.069,0.237,122.069
294,9.8,517.26,504.73,118.869,-0.818,118.871
295,9.833,518.05,503.3,113.011,-1.304,113.019
296,9.867,522.78,502.96,106.737,-0.582,106.739
297,9.9,526.03,503.03,98.001,1.265,98.009
298,9.933,530.99,505.67,88.649,4.311,88.754
299,9.967,533.48,507.65,81.916,8.971,82.406
300,10.0,542.54,508.82,81.172,14.164,82.398
301,10.033,546.62,511.05,80.912,16.678,82.613
302,10.067,547.07,510.05,82.721,18.004,84.658
303,10.1,547.52,509.57,88.488,18.472,90.396
304,10.133,549.34,509.93,94.726,18.765,96.567
305,10.167,551.76,509.68,99.394,16.982,100.835
306,10.2,553.4,510.02,102.31,14.652,103.354
307,10.233,556.14,509.56,103.104,11.144,103.704
308,10.267,559.78,510.45,102.825,6.592,103.036
309,10.3,563.19,512.53,102.549,2.207,102.573
310,10.333,567.58,513.83,101.728,-1.832,101.744
311,10.367,568.14,514.13,101.04,-4.835,101.155
312,10.4,574.96,513.5,98.751,-6.783,98.984
313,10.433,581.88,511.44,95.864,-7.291,96.14
314,10.467,587.33,510.32,91.467,-7.938,91.811
315,10.5,590.61,509.81,86.91,-8.426,87.318
316,10.533,591.52,510.27,78.421,-8.823,78.916
317,10.567,593.51,510.28,67.112,-9.998,67.853
318,10.6,594.48,509.26,55.386,-10.455,56.364
319,10.633,595.33,508.19,44.143,-10.288,45.326
320,10.667,597.19,509.28,33.545,-9.731,34.928
321,10.7,597.58,508.32,23.459,-8.242,24.865
322,10.733,596.51,507.78,14.682,-6.453,16.037
323,10.767,596.7,507.83,7.855,-3.92,8.779
324,10.8,597.08,508.3,2.574,-1.335,2.9
325,10.833,596.74,508.36,-1.009,0.493,1.123
326,10.867,597.06,508.58,-3.396,1.46,3.696
327,10.9,597.73,508.8,-2.427,1.443,2.824
328,10.933,597.73,508.47,-0.771,1.08,1.327
329,10.967,597.76,508.81,0.774,1.11,1.353
330,11.0,597.36,508.47,1.636,1.2,2.029
331,11.033,597.18,508.5,1.976,1.384,2.412
332,11.067,598.17,508.67,2.277,1.041,2.504
333,11.1,598.5,508.7,2.687,0.388,2.714
334,11.133,598.53,508.91,3.31,0.179,3.315
335,11.167,598.12,508.93,3.712,0.424,3.737
336,11.2,598.38,508.32,3.173,0.189,3.179
337,11.233,599.12,508.37,1.817,-0.228,1.831
338,11.267,598.56,508.42,0.899,-0.69,1.134
339,11.3,598.37,508.59,0.974,-0.784,1.251
340,11.333,598.45,508.54,0.878,-0.661,1.099
341,11.367,598.77,508.36,0.733,-0.271,0.781
342,11.4,599.29,508.78,0.703,0.03,0.703
343,11.433,599.23,508.54,-0.053,0.129,0.139
344,11.467,598.57,508.45,-0.499,0.522,0.722
345,11.5,598.27,508.75,-1.379,0.883,1.638
346,11.533,598.23,508.73,-1.803,1.509,2.351
347,11.567,599.23,508.98,-1.127,2.16,2.436
348,11.6,598.58,509.04,-1.0,2.522,2.713
349,11.633,597.95,508.52,-0.905,2.933,3.069
350,11.667,598.02,508.33,-1.1,3.387,3.561
351,11.7,598.16,507.76,-0.779,3.567,3.651
352,11.733,599.34,508.68,0.281,3.071,3.084
353,11.767,599.95,509.8,0.158,2.432,2.437
354,11.8,598.05,509.86,0.483,1.311,1.397
355,11.833,597.81,509.58,1.027,-0.479,1.133
356,11.867,598.24,509.3,2.212,-2.637,3.442
357,11.9,597.8,509.46,3.07,-4.221,5.219
358,11.933,598.81,509.82,3.754,-4.96,6.22
359,11.967,598.32,509.73,4.593,-4.911,6.724
360,12.0,599.61,509.49,4.837,-4.472,6.588
361,12.033,599.95,509.13,4.954,-3.734,6.204
362,12.067,598.61,508.8,4.843,-2.896,5.643
363,12.1,599.24,508.9,3.689,-1.797,4.104
364,12.133,599.3,508.28,1.724,-0.465,1.785
365,12.167,600.33,507.03,0.495,1.23,1.326
366,12.2,600.38,506.18,-0.636,3.172,3.235
367,12.233,598.89,507.2,-1.716,5.731,5.983
368,12.267,600.77,506.96,-2.923,7.998,8.516
369,12.3,600.83,507.68,-3.45,9.566,10.169
370,12.333,601.16,509.31,-2.089,10.874,11.073
371,12.367,600.03,511.4,-0.077,11.852,11.852
372,12.4,600.31,512.26,3.325,12.541,12.975
373,12.433,599.73,511.71,7.42,13.005,14.973
374,12.467,598.36,511.46,12.077,12.751,17.563
375,12.5,599.27,511.84,19.243,12.156,22.761
376,12.533,599.4,511.89,26.656,11.156,28.896
377,12.567,599.74,512.61,33.253,10.098,34.753
378,12.6,600.88,512.62,40.652,8.651,41.563
379,12.633,604.09,512.55,47.303,6.691,47.774
380,12.667,605.13,512.71,52.693,4.29,52.868
381,12.7,607.46,512.9,57.816,2.317,57.862
382,12.733,610.66,512.78,61.905,1.182,61.916
383,12.767,613.72,512.91,65.127,0.32,65.128
384,12.8,615.42,513.15,66.65,0.238,66.65
385,12.833,617.23,513.07,67.26,0.543,67.262
386,12.867,620.81,513.4,67.433,0.928,67.439
387,12.9,622.24,513.81,68.022,0.558,68.024
388,12.933,626.09,513.55,66.077,0.464,66.078
389,12.967,628.95,513.84,63.494,1.427,63.51
390,13.0,628.13,513.61,62.33,2.793,62.392
391,13.033,628.67,513.53,61.204,3.74,61.318
392,13.067,631.57,512.73,62.632,3.617,62.736
393,13.1,632.71,512.58,51.765,1.941,51.801
394,13.133,634.95,512.32,62.335,-0.291,62.336
395,13.167,639.03,513.02,72.867,-2.784,72.92
396,13.2,639.64,513.5,82.566,-5.886,82.775
397,13.233,642.0,513.69,90.799,-8.438,91.19
398,13.267,646.35,513.5,97.058,-10.541,97.628
399,13.3,649.61,513.64,102.505,-12.558,103.272
400,13.333,652.75,513.99,107.595,-14.051,108.509
401,13.367,654.29,513.85,111.002,-14.541,111.95
402,13.4,654.98,514.32,111.321,-13.981,112.196
403,13.433,661.39,512.95,108.593,-12.526,109.313
404,13.467,666.54,510.35,102.405,-10.054,102.898
405,13.5,669.5,508.13,92.392,-6.844,92.645
406,13.533,674.04,506.5,81.584,-3.34,81.652
407,13.567,673.94,506.7,70.146,0.372,70.147
408,13.6,713.53,507.98,57.485,5.045,57.706
409,13.633,680.24,508.58,45.105,10.01,46.203
410,13.667,679.19,509.29,33.398,15.27,36.723
411,13.7,681.04,511.39,21.013,20.247,29.18
412,13.733,683.19,511.57,11.535,24.54,27.116
413,13.767,685.38,512.52,5.061,27.784,28.241
414,13.8,684.08,514.64,0.87,31.142,31.154
415,13.833,681.32,516.33,-1.709,32.366,32.411
416,13.867,680.15,517.62,-1.491,32.393,32.428
417,13.9,679.37,518.34,2.095,31.26,31.33
418,13.933,680.81,518.81,10.064,28.496,30.221
419,13.967,681.07,519.27,19.619,24.762,31.592
420,14.0,683.27,519.23,27.182,20.729,34.184
421,14.033,684.35,520.27,34.718,15.782,38.137
422,14.067,685.87,521.26,41.899,13.173,43.921
423,14.1,687.82,521.19,50.004,11.177,51.238
424,14.133,689.88,521.62,35.727,8.447,36.711
425,14.167,691.65,521.89,32.357,6.785,33.061
426,14.2,695.69,521.85,28.851,6.031,29.475
427,14.233,697.07,522.13,23.935,5.576,24.576
428,14.267,697.41,523.07,17.373,5.885,18.343
429,14.3,696.8,521.17,9.73,6.17,11.522
430,14.333,698.21,523.36,-0.055,6.743,6.743
431,14.367,696.86,523.34,-9.899,7.684,12.532
432,14.4,695.24,523.15,-19.961,8.788,21.81
433,14.433,692.11,522.7,-28.558,10.164,30.312
434,14.467,687.09,522.44,-35.598,11.798,37.502
435,14.5,689.01,522.93,-39.846,13.054,41.93
436,14.533,689.0,526.73,-43.272,14.239,45.555
437,14.567,687.05,524.66,-45.281,14.808,47.64
438,14.6,686.61,524.62,-45.966,14.234,48.12
439,14.633,685.66,527.07,-45.703,12.879,47.483
440,14.667,684.7,526.92,-44.765,11.218,46.15
441,14.7,683.3,527.06,-38.624,7.988,39.441
442,14.733,681.83,526.72,-39.949,6.721,40.511
443,14.767,679.68,527.14,-39.539,5.285,39.89
444,14.8,674.44,529.17,-38.573,3.363,38.719
445,14.833,674.72,529.41,-36.762,2.247,36.83
446,14.867,674.51,529.03,-35.239,-0.09,35.239
447,14.9,675.89,528.6,-34.497,-2.568,34.593
448,14.933,675.68,527.75,-34.439,-4.709,34.759
449,14.967,673.96,526.47,-32.466,-6.012,33.018
450,15.0,670.74,526.14,-25.759,-7.372,26.793
451,15.033,669.71,525.64,-22.314,-7.534,23.552
452,15.067,668.85,525.02,-23.233,-7.869,24.529
453,15.1,668.2,525.31,-24.602,-6.645,25.484
454,15.133,668.15,526.27,-26.844,-6.408,27.598
455,15.167,668.76,526.08,-29.433,-5.109,29.873
456,15.2,657.31,529.54,-31.561,-2.047,31.627
457,15.233,670.01,525.85,-32.925,1.779,32.973
458,15.267,667.3,525.45,-33.31,4.7,33.64
459,15.3,666.5,524.8,-30.728,6.184,31.344
460,15.333,665.23,524.66,-23.536,6.467,24.409
461,15.367,662.74,525.17,-15.364,5.357,16.271
462,15.4,662.97,525.65,-5.987,2.964,6.681
463,15.433,663.68,525.76,2.892,-0.724,2.982
464,15.467,660.42,525.53,10.937,-5.281,12.145
465,15.5,652.01,528.07,18.173,-9.308,20.418
466,15.533,652.7,528.03,26.448,-13.682,29.777
467,15.567,659.17,526.11,34.319,-17.834,38.676
468,15.6,661.79,525.4,41.516,-21.262,46.644
469,15.633,665.2,529.61,48.015,-24.17,53.756
470,15.667,669.19,526.74,52.842,-26.635,59.175
471,15.7,672.34,522.66,56.377,-28.674,63.25
472,15.733,675.89,518.64,64.677,-31.785,72.066
473,15.767,679.71,518.05,65.625,-32.611,73.281
474,15.8,679.81,518.33,65.993,-32.026,73.353
475,15.833,679.38,515.91,64.998,-31.523,72.238
476,15.867,680.99,514.71,62.033,-30.704,69.216
477,15.9,681.47,513.94,59.04,-29.867,66.165
478,15.933,682.28,513.78,54.872,-29.496,62.297
479,15.967,683.94,513.98,48.753,-29.827,57.154
480,16.0,686.82,512.39,43.196,-30.54,52.902
481,16.033,687.66,512.31,40.096,-30.404,50.32
482,16.067,689.41,511.91,39.681,-32.773,51.465
483,16.1,691.4,511.21,38.624,-35.451,52.428
484,16.133,692.92,510.37,39.265,-39.304,55.557
485,16.167,695.59,508.67,39.664,-45.961,60.709
486,16.2,695.83,507.94,39.129,-51.628,64.781
487,16.233,697.27,505.61,38.899,-57.089,69.082
488,16.267,699.84,502.54,39.647,-61.785,73.411
489,16.3,700.54,497.87,39.028,-66.358,76.984
490,16.333,700.86,496.33,38.061,-70.664,80.263
491,16.367,703.05,493.73,37.626,-74.24,83.231
492,16.4,703.09,490.81,36.967,-77.168,85.566
493,16.433,702.83,488.61,36.641,-80.193,88.168
494,16.467,703.26,487.42,37.146,-82.967,90.903
495,16.5,703.07,486.47,37.503,-85.458,93.325
496,16.533,708.89,478.23,37.531,-86.604,94.387
497,16.567,709.68,477.91,38.339,-86.908,94.989
498,16.6,711.51,475.73,38.949,-88.141,96.363
499,16.633,711.09,475.1,39.119,-89.509,97.684
500,16.667,713.69,471.94,39.572,-91.168,99.386
501,16.7,717.4,465.76,40.238,-93.357,101.659
502,16.733,719.08,462.78,41.541,-96.667,105.215
503,16.767,717.21,460.48,43.003,-100.918,109.698
504,16.8,717.83,457.25,43.885,-104.729,113.552
505,16.833,719.6,452.24,44.259,-106.909,115.708
506,16.867,720.92,448.82,44.117,-109.121,117.702
507,16.9,722.3,445.06,43.015,-109.793,117.918
508,16.933,724.0,443.07,41.894,-109.639,117.37
509,16.967,724.78,440.26,41.892,-108.283,116.104
510,17.0,727.17,436.74,43.05,-105.488,113.934
511,17.033,728.7,432.39,45.433,-103.493,113.026
512,17.067,729.64,426.73,45.318,-97.529,107.544
513,17.1,731.93,424.47,45.373,-92.287,102.838
514,17.133,734.82,420.68,44.758,-87.197,98.013
515,17.167,736.8,416.74,44.313,-84.536,95.447
516,17.2,736.98,413.96,42.963,-82.846,93.324
517,17.233,738.0,411.42,39.754,-80.774,90.027
518,17.267,738.64,410.46,35.267,-78.521,86.077
519,17.3,738.73,408.16,31.004,-76.745,82.771
520,17.333,739.92,405.97,27.114,-76.567,81.227
521,17.367,742.03,405.14,22.503,-76.804,80.033
522,17.4,743.37,402.13,18.003,-76.572,78.66
523,17.433,744.97,401.2,13.61,-75.868,77.079
524,17.467,744.93,399.05,8.799,-76.035,76.542
525,17.5,744.05,394.04,4.791,-77.042,77.191
526,17.533,743.8,391.76,0.916,-78.903,78.908
527,17.567,744.74,386.79,-1.99,-80.223,80.248
528,17.6,743.93,383.75,-3.366,-80.059,80.13
529,17.633,743.38,380.12,-4.038,-79.023,79.126
530,17.667,743.55,378.9,-4.482,-76.761,76.892
531,17.7,743.17,376.67,-4.657,-72.926,73.075
532,17.733,742.65,375.47,-3.98,-68.498,68.614
533,17.767,742.02,372.1,-3.232,-64.555,64.636
534,17.8,742.6,368.46,-2.026,-61.129,61.162
535,17.833,741.62,367.88,-0.411,-58.885,58.886
536,17.867,742.19,367.9,1.451,-56.699,56.717
537,17.9,741.85,365.2,3.271,-55.308,55.405
538,17.933,741.82,362.66,4.175,-53.956,54.117
539,17.967,743.26,360.89,4.099,-53.248,53.406
540,18.0,743.95,359.59,3.744,-54.186,54.315
541,18.033,745.01,359.42,3.993,-54.347,54.494
542,18.067,745.29,357.81,5.753,-54.848,55.149
543,18.1,745.08,356.48,6.642,-55.947,56.34
544,18.133,745.08,353.2,7.746,-57.347,57.868
545,18.167,744.62,350.04,8.15,-59.039,59.599
546,18.2,743.92,346.09,6.807,-61.888,62.261
547,18.233,743.31,342.8,4.343,-65.985,66.128
548,18.267,743.55,341.78,0.79,-71.026,71.031
549,18.3,743.34,339.17,-2.142,-76.701,76.731
550,18.333,744.13,339.39,-6.166,-80.681,80.916
551,18.367,744.43,337.54,-9.241,-85.015,85.516
552,18.4,743.71,335.2,-12.037,-90.489,91.286
553,18.433,744.94,332.76,-13.559,-95.949,96.903
554,18.467,745.74,328.34,-14.224,-101.201,102.196
555,18.5,746.43,325.95,-14.713,-106.205,107.219
556,18.533,746.13,321.02,-15.57,-111.468,112.55
557,18.567,742.36,314.79,-16.84,-117.639,118.838
558,18.6,740.99,311.67,-17.839,-122.408,123.701
559,18.633,738.17,306.66,-18.003,-126.348,127.625
560,18.667,736.67,302.55,-17.001,-128.518,129.638
561,18.7,736.98,298.07,-14.755,-128.357,129.202
562,18.733,737.24,294.99,-11.491,-127.583,128.099
563,18.767,738.73,290.43,-7.998,-125.913,126.167
564,18.8,737.51,288.08,-4.044,-123.672,123.738
565,18.833,739.26,282.2,0.389,-119.506,119.506
566,18.867,739.17,277.53,4.176,-114.726,114.802
567,18.9,739.39,273.42,7.229,-110.046,110.283
568,18.933,738.5,269.82,10.092,-104.525,105.011
569,18.967,738.36,266.77,11.714,-98.578,99.272
570,19.0,738.05,263.85,11.923,-91.323,92.098
571,19.033,739.61,262.5,10.207,-84.522,85.136
572,19.067,741.3,262.31,6.494,-77.853,78.123
573,19.1,742.5,258.76,3.679,-68.848,68.946
574,19.133,743.06,255.51,0.804,-60.26,60.266
575,19.167,742.32,251.91,-1.207,-51.213,51.228
576,19.2,741.1,246.65,-2.66,-42.561,42.644
577,19.233,740.07,246.58,-4.369,-33.986,34.266
578,19.267,740.66,247.49,-5.447,-24.615,25.21
579,19.3,739.82,248.13,-6.492,-13.595,15.066
580,19.333,738.8,247.94,-6.787,-3.239,7.52
581,19.367,738.63,247.07,-7.654,7.097,10.438
582,19.4,738.72,249.08,-8.23,17.033,18.917
583,19.433,738.68,249.39,-8.221,26.301,27.556
584,19.467,738.53,249.89,-7.014,34.615,35.318
585,19.5,738.3,249.93,-5.314,40.71,41.056
586,19.533,738.51,251.05,-2.361,45.708,45.769
587,19.567,739.62,254.06,0.407,48.624,48.626
588,19.6,738.72,253.66,2.254,48.187,48.24
589,19.633,738.14,255.76,3.076,45.578,45.682
590,19.667,737.88,257.96,3.182,40.915,41.039
591,19.7,738.27,261.65,3.175,34.661,34.806
592,19.733,739.55,265.85,3.362,29.013,29.207
593,19.767,739.34,266.4,4.025,22.49,22.847
594,19.8,738.66,264.84,4.073,14.67,15.224
595,19.833,739.22,263.79,4.284,6.209,7.543
596,19.867,739.92,263.79,4.798,-1.954,5.18
597,19.9,740.57,263.29,5.174,-9.378,10.711
598,19.933,740.3,262.42,5.52,-17.001,17.875
599,19.967,739.78,261.17,5.752,-23.939,24.621
600,20.0,740.3,262.04,5.855,-29.886,30.454
601,20.033,739.53,260.39,6.17,-33.494,34.058
602,20.067,739.47,258.35,6.137,-35.675,36.199
603,20.1,740.18,256.43,5.319,-36.943,37.324
604,20.133,741.09,254.9,4.755,-35.159,35.479
605,20.167,741.51,253.68,4.516,-31.852,32.17
606,20.2,741.74,253.41,4.393,-27.445,27.794
607,20.233,742.01,252.78,4.587,-23.613,24.055
608,20.267,741.73,252.08,3.923,-20.883,21.248
609,20.3,741.96,252.0,3.493,-18.841,19.163
610,20.333,741.81,251.38,3.62,-16.321,16.718
611,20.367,741.8,250.17,3.596,-14.067,14.519
612,20.4,742.13,249.88,3.337,-12.205,12.653
613,20.433,741.94,249.58,2.552,-10.862,11.157
614,20.467,741.95,249.75,1.825,-9.867,10.035
615,20.5,742.16,250.26,1.677,-9.011,9.166
616,20.533,741.78,249.31,1.324,-9.547,9.638
617,20.567,742.17,249.97,1.422,-9.739,9.842
618,20.6,742.41,249.96,1.572,-9.238,9.37
619,20.633,742.43,248.7,1.164,-7.644,7.732
620,20.667,742.36,248.06,0.631,-5.726,5.761
621,20.7,742.81,247.53,-0.128,-2.711,2.714
622,20.733,742.22,247.98,-0.863,0.277,0.907
623,20.767,742.91,246.95,-1.729,3.45,3.859
624,20.8,742.66,247.01,-2.118,7.043,7.355
625,20.833,742.34,246.48,-2.086,10.797,10.996
626,20.867,742.35,247.39,-2.062,14.58,14.725
627,20.9,742.15,247.65,-1.558,18.768,18.833
628,20.933,742.37,248.54,-1.907,22.52,22.601
629,20.967,742.27,249.63,-1.623,25.734,25.785
630,21.0,741.36,251.11,-1.685,27.077,27.13
631,21.033,740.88,253.22,-1.882,26.685,26.752
632,21.067,740.35,254.05,-3.268,24.642,24.858
633,21.1,740.32,254.76,-5.326,20.464,21.146
634,21.133,741.19,254.65,-8.083,13.568,15.793
635,21.167,740.89,256.06,-11.308,6.3,12.944
636,21.2,741.08,255.65,-14.19,-1.064,14.23
637,21.233,740.89,256.36,-18.284,-8.668,20.235
638,21.267,740.89,256.75,-22.135,-15.963,27.291
639,21.3,740.05,256.36,-28.008,-23.233,36.39
640,21.333,738.32,255.07,-34.804,-29.709,45.76
641,21.367,737.46,253.64,-41.832,-34.402,54.161
642,21.4,734.98,251.26,-48.83,-37.743,61.716
643,21.433,734.64,248.96,-56.089,-39.437,68.565
644,21.467,731.24,245.97,-62.873,-40.109,74.577
645,21.5,729.02,244.78,-68.661,-39.652,79.288
646,21.533,725.5,242.56,-72.385,-38.38,81.931
647,21.567,724.8,241.69,-75.578,-37.124,84.203
648,21.6,722.56,240.61,-76.47,-35.67,84.38
649,21.633,720.37,242.22,-75.979,-33.994,83.237
650,21.667,717.82,241.38,-74.87,-31.589,81.261
651,21.7,713.12,240.08,-72.415,-29.485,78.187
652,21.733,710.74,239.75,-68.851,-27.23,74.041
653,21.767,706.19,237.66,-64.416,-26.084,69.497
654,21.8,705.44,238.48,-59.33,-25.571,64.606
655,21.833,704.35,237.95,-54.74,-25.832,60.529
656,21.867,702.86,236.57,-49.31,-26.954,56.196
657,21.9,701.19,234.87,-44.361,-28.666,52.817
658,21.933,701.31,233.15,-39.513,-29.81,49.496
659,21.967,700.4,232.3,-36.046,-29.988,46.889
660,22.0,699.09,231.06,-32.904,-28.668,43.641
661,22.033,696.46,229.77,-30.758,-26.744,40.759
662,22.067,697.38,228.99,-28.69,-23.53,37.105
663,22.1,695.25,228.63,-27.834,-19.836,34.179
664,22.133,694.51,228.18,-27.669,-15.477,31.704
665,22.167,694.45,227.29,-28.438,-12.076,30.896
666,22.2,693.81,226.43,-29.571,-8.915,30.885
667,22.233,692.63,225.86,-29.836,-5.833,30.4
668,22.267,691.46,226.67,-30.151,-3.089,30.309
669,22.3,689.32,226.28,-28.618,-0.286,28.62
670,22.333,689.61,226.34,-26.962,1.314,26.994
671,22.367,687.43,227.55,-25.146,1.937,25.22
672,22.4,686.2,228.83,-23.018,2.041,23.109
673,22.433,685.29,229.04,-19.722,1.845,19.808
674,22.467,684.34,228.57,-17.326,1.437,17.386
675,22.5,683.88,227.98,-15.248,0.552,15.258
676,22.533,684.09,227.67,-13.137,-0.357,13.142
677,22.567,684.25,227.07,-10.294,-1.34,10.381
678,22.6,684.08,227.01,-8.26,-2.281,8.569
679,22.633,683.93,226.79,-6.133,-3.478,7.05
680,22.667,684.32,226.63,-4.086,-4.629,6.174
681,22.7,683.92,226.61,-2.783,-5.423,6.095
682,22.733,683.73,226.71,-1.812,-5.601,5.887
683,22.767,684.08,226.08,-0.773,-5.194,5.251
684,22.8,683.57,226.37,-0.329,-4.662,4.674
685,22.833,683.45,226.23,0.21,-3.566,3.572
686,22.867,683.47,226.31,-0.292,-2.47,2.487
687,22.9,683.66,226.11,-0.552,-1.451,1.552
688,22.933,682.1,225.92,-0.54,-1.04,1.172
689,22.967,682.75,225.97,-0.211,-1.022,1.043
690,23.0,683.05,226.02,0.262,-0.831,0.871
691,23.033,683.0,225.67,0.703,-0.692,0.986
692,23.067,683.22,225.87,1.159,-0.647,1.327
693,23.1,683.0,225.72,1.395,-0.431,1.46
694,23.133,683.77,226.03,1.701,-0.448,1.759
695,23.167,683.86,225.97,1.742,-0.546,1.826
696,23.2,684.38,225.99,1.486,-0.531,1.578
697,23.233,684.19,225.85,2.092,0.086,2.094
698,23.267,683.19,225.93,3.284,1.095,3.462
699,23.3,683.39,225.57,4.242,2.083,4.726
700,23.333,683.54,225.32,5.508,3.117,6.328
701,23.367,683.8,226.17,7.231,3.95,8.24
702,23.4,684.02,225.91,8.611,3.967,9.481
703,23.433,683.74,225.96,9.1,2.86,9.539
704,23.467,683.17,226.15,7.489,0.544,7.508
705,23.5,683.27,225.64,2.922,-2.609,3.917
706,23.533,683.68,225.73,-3.819,-5.704,6.864
707,23.567,683.4,225.78,-12.641,-7.609,14.755
708,23.6,683.47,225.68,-23.594,-9.347,25.378
709,23.633,683.18,226.08,-34.623,-10.133,36.076
710,23.667,683.67,226.51,-48.949,-12.429,50.502
711,23.7,683.71,226.6,-63.038,-16.246,65.098
712,23.733,681.52,225.14,-78.084,-21.156,80.9
713,23.767,678.7,223.1,-92.407,-27.164,96.317
714,23.8,675.95,222.21,-103.594,-33.592,108.904
715,23.833,671.76,219.8,-115.389,-39.988,122.122
716,23.867,665.15,217.53,-127.68,-45.855,135.664
717,23.9,657.99,215.97,-141.649,-51.505,150.722
718,23.933,649.67,215.5,-156.232,-56.152,166.016
719,23.967,645.08,215.98,-169.84,-59.418,179.934
720,24.0,640.75,216.27,-182.177,-60.434,191.94
721,24.033,635.24,214.93,-193.09,-59.393,202.018
722,24.067,630.17,210.92,-202.144,-57.401,210.136
723,24.1,625.64,207.5,-207.808,-53.49,214.582
724,24.133,617.28,201.43,-209.772,-48.816,215.377
725,24.167,615.52,199.35,-207.592,-43.486,212.098
726,24.2,607.92,198.28,-202.644,-37.817,206.142
727,24.233,602.49,197.1,-195.281,-32.274,197.93
728,24.267,594.36,197.21,-185.801,-26.684,187.708
729,24.3,580.66,196.86,-174.524,-20.903,175.772
730,24.333,572.78,197.15,-161.945,-15.57,162.691
731,24.367,565.37,197.52,-148.544,-10.356,148.904
732,24.4,562.1,198.34,-133.712,-5.042,133.807
733,24.433,559.2,199.45,-116.906,0.221,116.907
734,24.467,555.63,200.22,-97.682,4.581,97.789
735,24.5,554.03,198.86,-78.134,6.995,78.447
736,24.533,554.03,198.13,-58.876,6.765,59.263
737,24.567,555.07,199.19,-40.192,5.048,40.508
738,24.6,555.22,197.88,-23.126,2.354,23.245
739,24.633,555.0,198.6,-8.979,-0.357,8.987
740,24.667,553.85,198.57,4.098,-1.664,4.423
741,24.7,553.69,198.06,12.127,-2.527,12.388
742,24.733,552.9,197.57,17.704,-2.929,17.945
743,24.767,553.34,197.45,18.681,-2.708,18.877
744,24.8,553.94,197.4,16.634,-2.176,16.776
745,24.833,553.9,197.18,15.224,-1.354,15.284
746,24.867,554.62,197.64,13.267,-0.307,13.27
747,24.9,555.72,197.82,11.721,0.873,11.754
748,24.933,555.97,197.63,9.609,1.816,9.779
749,24.967,556.43,197.64,7.263,2.3,7.619
750,25.0,557.07,197.99,5.716,2.053,6.074
751,25.033,556.99,198.95,4.425,2.147,4.919
752,25.067,556.86,198.1,3.169,2.487,4.028
753,25.1,556.92,198.96,1.32,2.141,2.515
754,25.133,557.54,198.06,-0.882,2.08,2.259
755,25.167,557.26,198.36,-3.238,1.627,3.623
756,25.2,557.24,198.53,-5.176,1.019,5.276
757,25.233,555.6,198.31,-7.004,0.277,7.009
758,25.267,555.56,198.35,-7.92,-0.348,7.927
759,25.3,554.85,198.02,-8.554,-0.88,8.599
760,25.333,554.58,198.32,-8.766,-1.208,8.848
761,25.367,554.49,198.31,-8.321,-1.286,8.42
762,25.4,554.55,198.34,-7.595,-1.335,7.711
763,25.433,554.48,198.46,-6.929,-1.353,7.06
764,25.467,554.39,198.22,-6.038,-1.224,6.161
765,25.5,554.14,198.24,-5.048,-0.888,5.125
766,25.533,554.41,198.13,-4.036,-0.498,4.067
767,25.567,554.1,198.0,-3.063,-0.652,3.132
768,25.6,553.81,197.86,-2.149,-0.376,2.182
769,25.633,553.63,198.11,-1.304,-0.683,1.472
770,25.667,553.45,197.91,-0.891,-0.581,1.064
771,25.7,553.47,197.65,-0.576,-0.485,0.753
772,25.733,553.78,197.97,-0.609,-0.469,0.769
773,25.767,553.55,198.13,-0.262,-0.327,0.419
774,25.8,553.8,198.22,-0.033,-0.294,0.296
775,25.833,553.6,198.1,0.353,-0.037,0.355
776,25.867,553.58,198.15,0.823,0.05,0.825
777,25.9,553.63,197.98,1.295,0.066,1.297
778,25.933,553.75,197.91,1.577,0.052,1.578
779,25.967,553.9,198.06,1.792,0.223,1.806
780,26.0,553.97,197.98,2.015,0.443,2.063
781,26.033,553.61,197.8,2.264,0.443,2.308
782,26.067,553.82,197.94,2.325,0.632,2.41
783,26.1,554.17,197.81,2.12,0.589,2.2
784,26.133,554.35,198.14,1.933,0.632,2.034
785,26.167,554.4,198.22,1.805,0.41,1.851
786,26.2,554.28,198.1,1.651,0.226,1.667
787,26.233,554.19,198.09,1.391,0.246,1.413
788,26.267,554.4,197.98,0.988,0.209,1.01
789,26.3,554.34,198.16,0.681,0.213,0.714
790,26.333,554.45,198.09,0.201,0.046,0.206
791,26.367,554.42,198.23,-0.215,-0.064,0.224
792,26.4,554.39,198.47,-0.521,-0.313,0.607
793,26.433,554.58,198.62,-0.773,-0.423,0.882
794,26.467,554.61,198.01,-0.93,-0.429,1.024
795,26.5,554.4,197.87,-1.13,-0.533,1.249
796,26.533,554.26,198.09,-1.384,-0.603,1.509
797,26.567,553.88,197.52,-1.299,-0.574,1.42
798,26.6,554.21,197.89,-1.339,-0.651,1.489
799,26.633,554.12,197.75,-1.228,-0.51,1.33
800,26.667,553.89,197.99,-1.097,-0.551,1.228
801,26.7,553.93,198.11,-1.074,-0.72,1.293
802,26.733,554.07,198.11,-0.873,-0.862,1.227
803,26.767,553.99,198.08,-0.523,-0.935,1.071
804,26.8,553.93,197.8,-0.177,-0.769,0.789
805,26.833,554.0,197.95,0.106,-0.629,0.638
806,26.867,554.11,197.86,0.144,-0.477,0.499
807,26.9,554.04,198.03,0.321,-0.299,0.438
808,26.933,554.05,197.89,0.614,-0.421,0.744
809,26.967,553.88,197.7,0.563,-0.713,0.908
810,27.0,553.9,197.69,0.602,-0.706,0.928
811,27.033,554.07,197.61,0.61,-0.467,0.769
812,27.067,553.98,197.58,0.433,-0.512,0.671
813,27.1,554.47,197.73,0.481,-0.161,0.507
814,27.133,554.16,197.48,0.416,0.005,0.416
815,27.167,554.06,197.56,0.205,0.347,0.403
816,27.2,554.33,197.75,0.366,0.435,0.569
817,27.233,554.21,197.93,0.414,0.4,0.576
818,27.267,554.09,197.99,0.224,0.425,0.48
819,27.3,553.89,197.76,0.079,0.391,0.399
820,27.333,554.01,197.71,0.141,0.226,0.266
821,27.367,554.48,197.81,0.156,0.06,0.167
822,27.4,554.29,197.62,-0.05,-0.21,0.216
823,27.433,554.0,197.94,0.038,-0.421,0.423
824,27.467,554.44,198.02,0.124,-0.531,0.546
825,27.5,554.01,197.91,0.184,-0.681,0.705
826,27.533,553.97,197.53,0.252,-0.87,0.906
827,27.567,554.33,197.81,0.35,-0.905,0.97
828,27.6,554.26,197.56,0.478,-1.15,1.245
829,27.633,554.14,197.61,0.322,-1.274,1.314
830,27.667,554.49,197.32,0.227,-1.243,1.264
831,27.7,553.91,197.55,0.084,-0.928,0.932
832,27.733,554.01,197.6,-0.681,-1.056,1.257
833,27.767,554.37,197.29,-1.215,-1.42,1.869
834,27.8,554.45,197.15,-1.553,-1.732,2.326
835,27.833,554.14,197.57,-1.541,-1.795,2.366
836,27.867,554.15,197.41,-1.5,-1.59,2.186
837,27.9,554.57,197.71,-1.487,-1.248,1.941
838,27.933,554.02,197.36,-1.334,-0.893,1.605
839,27.967,553.85,197.07,-0.874,-0.52,1.016
840,28.0,554.01,197.17,0.054,0.3,0.305
841,28.033,554.0,197.21,1.337,1.511,2.018
842,28.067,553.73,196.9,2.501,2.652,3.646
843,28.1,553.65,197.44,3.453,3.238,4.734
844,28.133,553.54,197.16,5.153,3.322,6.131
845,28.167,553.44,197.18,7.254,3.239,7.944
846,28.2,553.51,196.53,8.011,2.978,8.546
847,28.233,554.72,197.32,8.118,2.517,8.5
848,28.267,554.78,197.95,7.515,1.945,7.762
849,28.3,554.95,198.19,5.403,1.582,5.63
850,28.333,554.95,198.35,2.0,0.288,2.02
851,28.367,555.35,198.29,-2.438,-1.636,2.936
852,28.4,555.41,198.23,-6.746,-3.813,7.749
853,28.433,555.67,198.8,-14.868,-7.163,16.504
854,28.467,555.77,198.83,-21.888,-11.236,24.603
855,28.5,554.36,197.73,-29.365,-15.015,32.981
856,28.533,553.41,196.23,-37.409,-17.312,41.22
857,28.567,552.94,195.63,-46.159,-17.675,49.428
858,28.6,551.94,195.33,-56.221,-16.357,58.552
859,28.633,548.35,195.6,-67.355,-14.539,68.906
860,28.667,544.06,194.95,-78.079,-11.714,78.953
861,28.7,542.06,194.67,-87.873,-8.024,88.238
862,28.733,539.31,193.86,-96.266,-3.333,96.324
863,28.767,535.6,192.73,-103.231,1.453,103.241
864,28.8,532.83,190.94,-108.163,5.899,108.323
865,28.833,529.72,191.63,-111.186,10.027,111.637
866,28.867,526.47,191.61,-111.537,13.905,112.4
867,28.9,519.75,191.64,-109.684,17.325,111.044
868,28.933,521.54,193.97,-106.123,20.291,108.046
869,28.967,514.58,197.57,-100.364,22.247,102.8
870,29.0,509.88,200.6,-93.286,22.884,96.052
871,29.033,505.02,201.32,-84.698,22.803,87.714
872,29.067,500.8,200.61,-75.172,22.311,78.413
873,29.1,499.31,200.09,-64.933,20.973,68.236
874,29.133,499.29,200.79,-54.646,19.058,57.874
875,29.167,498.14,200.98,-44.976,16.362,47.86
876,29.2,497.45,200.81,-34.678,13.029,37.045
877,29.233,497.07,200.76,-25.442,9.139,27.034
878,29.267,496.32,200.82,-17.281,5.202,18.047
879,29.3,495.95,201.38,-10.224,1.809,10.383
880,29.333,496.47,201.9,-4.917,-0.127,4.919
881,29.367,495.95,201.92,-0.32,-1.416,1.452
882,29.4,495.86,202.15,3.15,-1.495,3.487
883,29.433,497.07,201.94,6.992,-0.119,6.993
884,29.467,496.45,201.56,7.419,1.39,7.548
885,29.5,496.66,201.71,7.655,2.199,7.965
886,29.533,497.19,201.63,7.31,2.099,7.606
887,29.567,497.73,201.65,7.252,1.442,7.394
888,29.6,496.65,202.18,7.853,1.049,7.922
889,29.633,495.18,202.09,8.541,1.203,8.625
890,29.667,496.75,201.7,8.289,1.236,8.381
891,29.7,496.55,202.02,8.518,1.084,8.587
892,29.733,497.09,202.24,8.072,1.115,8.149
893,29.767,497.61,202.43,6.997,1.285,7.114
894,29.8,498.96,202.48,6.032,1.467,6.208
895,29.833,500.82,202.39,5.584,1.349,5.745
896,29.867,500.25,202.33,4.507,0.989,4.614
897,29.9,499.73,202.15,3.305,0.563,3.353
898,29.933,499.88,201.99,2.346,0.015,2.346
899,29.967,498.65,202.47,0.554,-0.578,0.801
900,30.0,498.62,202.6,-1.647,-0.563,1.74
901,30.033,498.76,202.24,-3.01,-0.646,3.078
902,30.067,498.63,202.56,-5.222,-0.54,5.249
903,30.1,498.71,202.68,-7.184,-0.523,7.203
904,30.133,498.25,202.3,-7.903,-0.846,7.948
905,30.167,498.63,201.97,-7.314,-1.578,7.482
906,30.2,496.95,202.1,-6.795,-2.442,7.221
907,30.233,497.36,201.87,-7.348,-3.258,8.038
908,30.267,497.92,201.67,-6.061,-3.35,6.925
909,30.3,497.74,201.72,-3.723,-2.856,4.693
910,30.333,496.33,201.96,-2.032,-1.409,2.473
911,30.367,496.26,201.99,-1.539,0.844,1.755
912,30.4,496.43,202.07,-2.373,2.62,3.535
913,30.433,495.69,202.01,-4.696,3.427,5.813
914,30.467,495.76,202.28,-8.417,3.246,9.021
915,30.5,497.24,201.35,-12.146,1.757,12.273
916,30.533,495.51,201.26,-16.518,-0.246,16.52
917,30.567,496.96,200.74,-21.052,-2.184,21.165
918,30.6,496.1,200.72,-25.919,-4.462,26.3
919,30.633,494.43,200.71,-30.038,-6.724,30.781
920,30.667,493.31,201.69,-33.42,-9.365,34.707
921,30.7,491.87,203.14,-36.476,-11.474,38.238
922,30.733,494.86,204.07,-37.876,-13.174,40.101
923,30.767,491.08,203.47,-39.09,-15.048,41.886
924,30.8,487.28,202.57,-39.728,-16.262,42.927
925,30.833,484.89,200.05,-39.088,-17.915,42.998
926,30.867,481.68,196.61,-37.106,-19.612,41.97
927,30.9,480.54,194.99,-34.184,-20.904,40.069
928,30.933,480.53,194.54,-30.306,-21.799,37.331
929,30.967,480.55,194.68,-25.168,-22.394,33.689
930,31.0,479.83,195.49,-19.582,-22.853,30.095
931,31.033,480.18,195.38,-14.997,-22.428,26.98
932,31.067,479.96,194.74,-9.843,-21.545,23.687
933,31.1,481.11,194.37,-5.974,-19.582,20.473
934,31.133,480.18,193.3,-2.826,-17.335,17.564
935,31.167,479.91,193.82,0.324,-14.512,14.515
936,31.2,479.82,192.72,2.898,-11.502,11.861
937,31.233,479.35,191.15,4.675,-8.939,10.087
938,31.267,480.53,191.21,3.392,-7.363,8.106
939,31.3,480.86,189.64,1.999,-6.885,7.169
940,31.333,480.07,190.38,0.891,-6.854,6.912
941,31.367,480.47,190.62,-0.141,-6.54,6.542
942,31.4,480.68,190.31,-0.227,-5.206,5.211
943,31.433,480.2,189.95,-0.087,-3.231,3.232
944,31.467,479.47,189.99,0.041,-1.128,1.129
945,31.5,479.17,190.13,0.504,0.707,0.868
946,31.533,479.71,190.11,0.775,1.771,1.933
947,31.567,479.75,190.48,1.161,2.182,2.472
948,31.6,479.94,190.04,2.212,2.253,3.157
949,31.633,480.46,190.95,2.091,1.992,2.888
950,31.667,480.02,191.41,2.521,1.486,2.926
951,31.7,480.02,191.23,2.377,0.527,2.435
952,31.733,480.84,190.66,2.54,-0.733,2.644
953,31.767,480.93,190.38,2.227,-1.274,2.565
954,31.8,480.72,191.25,1.5,-1.942,2.454
955,31.833,480.69,190.79,0.578,-2.178,2.253
956,31.867,480.65,190.37,0.624,-2.215,2.301
957,31.9,480.61,190.16,0.129,-2.516,2.519
958,31.933,481.03,189.81,-0.51,-2.753,2.799
959,31.967,481.16,189.6,-0.876,-2.836,2.968
960,32.0,480.26,189.55,-0.605,-2.616,2.685
961,32.033,481.38,189.47,-0.222,-2.304,2.315
962,32.067,481.05,189.69,0.129,-1.851,1.855
963,32.1,479.62,189.83,0.468,-1.573,1.641
964,32.133,480.29,189.67,1.243,-0.854,1.508
965,32.167,479.27,190.29,1.21,-0.627,1.363
966,32.2,480.32,189.69,1.46,-0.452,1.528
967,32.233,479.57,190.3,1.776,-0.38,1.816
968,32.267,481.32,189.79,1.677,0.148,1.683
969,32.3,481.63,189.54,1.549,0.928,1.806
970,32.333,482.01,190.25,1.608,0.96,1.873
971,32.367,480.84,189.32,1.367,0.822,1.595
972,32.4,481.6,189.46,1.541,0.51,1.623
973,32.433,481.69,189.58,1.828,0.097,1.83
974,32.467,481.54,189.88,1.98,-0.23,1.994
975,32.5,480.96,189.58,2.319,-0.483,2.369
976,32.533,481.31,189.54,3.166,-0.624,3.227
977,32.567,481.17,189.57,3.323,-0.592,3.375
978,32.6,481.42,189.91,3.705,-0.654,3.762
979,32.633,480.35,189.84,4.152,-0.653,4.203
980,32.667,481.48,190.38,4.68,-0.571,4.714
981,32.7,481.57,190.05,5.958,-0.818,6.014
982,32.733,481.89,190.25,6.547,-0.808,6.596
983,32.767,482.39,189.62,7.89,-1.08,7.964
984,32.8,482.66,188.99,8.925,-1.131,8.997
985,32.833,482.79,189.0,10.09,-1.267,10.17
986,32.867,484.04,189.01,10.329,-1.804,10.485
987,32.9,483.92,189.23,9.751,-2.01,9.956
988,32.933,484.35,189.33,8.389,-2.161,8.663
989,32.967,484.76,189.34,6.597,-2.17,6.945
990,33.0,484.45,189.4,4.611,-2.333,5.168
991,33.033,484.41,189.33,2.944,-3.131,4.298
992,33.067,484.73,189.17,2.019,-3.3,3.869
993,33.1,484.14,189.25,1.583,-2.887,3.293
994,33.133,485.52,188.99,0.862,-2.956,3.079
995,33.167,485.13,188.94,0.386,-2.613,2.641
996,33.2,484.91,188.86,-0.371,-2.096,2.129
997,33.233,485.82,188.74,-0.428,-1.132,1.21
998,33.267,485.57,188.46,-0.167,-0.223,0.278
999,33.3,484.44,188.1,-0.364,0.824,0.901
1000,33.333,482.61,188.35,-0.33,2.265,2.289
1001,33.367,482.34,188.3,0.924,3.627,3.742
1002,33.4,484.1,188.47,1.96,4.206,4.64
1003,33.433,484.69,188.44,3.52,4.043,5.36
1004,33.467,485.33,188.15,3.585,3.396,4.938
1005,33.5,486.03,188.17,3.081,2.03,3.689
1006,33.533,486.53,190.38,1.307,1.266,1.819
1007,33.567,485.03,190.17,-1.29,1.233,1.785
1008,33.6,483.91,189.69,-4.721,2.095,5.165
1009,33.633,483.92,191.19,-8.397,2.989,8.913
1010,33.667,484.81,191.35,-12.888,3.923,13.472
1011,33.7,485.13,191.02,-17.288,5.31,18.086
1012,33.733,484.16,190.46,-20.229,6.078,21.122
1013,33.767,483.45,190.02,-22.938,7.055,23.998
1014,33.8,484.28,189.82,-25.377,8.362,26.72
1015,33.833,484.06,189.1,-26.631,11.478,28.999
1016,33.867,481.26,188.61,-26.683,16.02,31.122
1017,33.9,479.13,189.86,-26.57,23.394,35.401
1018,33.933,475.6,191.44,-26.762,29.921,40.143
1019,33.967,475.43,193.2,-27.342,34.808,44.263
1020,34.0,473.23,196.48,-28.058,39.691,48.607
1021,34.033,473.45,197.46,-27.719,43.797,51.832
1022,34.067,473.32,198.12,-27.124,46.756,54.054
1023,34.1,473.46,198.17,-25.37,49.472,55.598
1024,34.133,474.15,199.59,-22.493,51.128,55.857
1025,34.167,474.66,201.62,-18.732,51.351,54.661
1026,34.2,475.44,202.76,-14.577,50.977,53.021
1027,34.233,473.19,206.73,-11.457,49.305,50.619
1028,34.267,471.55,209.89,-8.156,46.668,47.375
1029,34.3,470.49,213.69,-5.183,43.633,43.94
1030,34.333,468.29,214.56,-3.407,39.264,39.411
1031,34.367,467.29,214.67,-2.664,34.812,34.914
1032,34.4,468.09,209.81,-2.651,30.952,31.066
1033,34.433,468.29,210.79,-2.672,26.555,26.689
1034,34.467,470.1,214.16,-1.368,22.193,22.235
1035,34.5,472.06,214.84,-0.515,18.106,18.113
1036,34.533,471.18,217.04,1.032,13.363,13.403
1037,34.567,471.36,217.25,2.778,8.435,8.88
1038,34.6,471.62,216.8,4.372,5.034,6.667
1039,34.633,471.97,218.31,5.515,2.898,6.23
1040,34.667,471.52,218.36,5.957,1.111,6.06
1041,34.7,470.04,216.86,5.469,0.339,5.479
1042,34.733,471.21,216.88,3.685,0.234,3.693
1043,34.767,470.88,216.68,1.382,0.66,1.532
1044,34.8,471.08,215.32,-0.416,1.098,1.174
1045,34.833,470.81,216.3,-1.467,-0.115,1.472
1046,34.867,470.06,216.34,-1.754,-1.782,2.501
1047,34.9,471.38,215.79,-1.379,-3.31,3.586
1048,34.933,471.49,216.88,-0.967,-2.395,2.583
1049,34.967,470.9,217.13,0.409,-0.856,0.949
1050,35.0,471.22,216.88,1.644,0.219,1.659
1051,35.033,471.67,216.68,1.896,1.462,2.394
1052,35.067,470.98,217.89,2.588,2.025,3.286
1053,35.1,471.04,216.14,3.08,2.368,3.885
1054,35.133,471.38,215.87,3.154,2.607,4.092
1055,35.167,471.35,217.16,3.278,1.901,3.79
1056,35.2,471.38,216.82,3.453,1.177,3.648
1057,35.233,471.17,218.61,3.778,0.858,3.874
1058,35.267,472.69,217.53,3.326,0.505,3.364
1059,35.3,472.4,216.63,2.981,-0.195,2.987
1060,35.333,471.13,217.12,2.504,-1.081,2.727
1061,35.367,471.57,217.15,2.162,-0.896,2.34
1062,35.4,472.29,216.33,2.107,-0.769,2.243
1063,35.433,473.19,217.02,1.056,-0.044,1.057
1064,35.467,472.71,217.4,-0.137,0.12,0.182
1065,35.5,472.32,216.97,-0.896,0.061,0.898
1066,35.533,472.58,217.02,-1.645,0.135,1.65
1067,35.567,472.32,216.67,-2.305,0.079,2.307
1068,35.6,472.4,216.65,-2.035,-0.586,2.117
1069,35.633,472.84,217.27,-1.182,-0.99,1.542
1070,35.667,471.79,217.63,-0.314,-0.849,0.906
1071,35.7,471.07,216.86,0.756,-1.196,1.415
1072,35.733,471.71,216.78,1.91,-0.996,2.154
1073,35.767,472.05,216.34,3.233,-1.564,3.591
1074,35.8,471.92,216.87,3.666,-1.272,3.88
1075,35.833,471.77,219.43,3.963,0.098,3.965
1076,35.867,471.48,217.12,4.498,1.996,4.921
1077,35.9,471.7,217.36,5.026,4.666,6.858
1078,35.933,472.87,216.92,5.869,8.608,10.419
1079,35.967,473.53,217.19,6.521,10.342,12.226
1080,36.0,474.01,217.39,7.387,12.631,14.633
1081,36.033,474.75,217.36,8.383,16.181,18.224
1082,36.067,475.12,218.11,9.297,20.717,22.708
1083,36.1,474.74,218.42,9.843,25.083,26.945
1084,36.133,474.16,220.45,9.582,30.197,31.681
1085,36.167,474.19,221.51,8.524,37.293,38.254
1086,36.2,474.06,223.43,7.14,43.752,44.331
1087,36.233,474.05,225.03,5.533,50.258,50.562
1088,36.267,474.18,227.29,2.758,55.961,56.029
1089,36.3,474.61,229.08,0.194,61.874,61.874
1090,36.333,475.04,230.78,-1.761,68.393,68.415
1091,36.367,476.41,232.31,-4.024,71.979,72.091
1092,36.4,477.22,233.41,-5.844,76.101,76.325
1093,36.433,476.62,234.02,-8.419,79.776,80.22
1094,36.467,476.01,241.61,-11.847,83.47,84.306
1095,36.5,475.31,244.84,-15.073,87.237,88.529
1096,36.533,474.46,247.3,-17.705,91.707,93.4
1097,36.567,472.84,249.55,-19.204,95.079,96.999
1098,36.6,471.86,254.98,-19.595,98.625,100.552
1099,36.633,471.38,258.73,-18.873,102.056,103.786
1100,36.667,470.32,257.94,-17.04,104.26,105.643
1101,36.7,469.91,261.59,-14.376,105.609,106.583
1102,36.733,469.7,265.04,-11.236,105.414,106.011
1103,36.767,470.91,270.12,-7.254,102.94,103.195
1104,36.8,469.67,273.91,-2.112,100.935,100.957
1105,36.833,467.62,275.26,4.058,99.727,99.81
1106,36.867,467.68,281.19,10.219,99.329,99.853
1107,36.9,466.83,285.08,14.578,99.905,100.963
1108,36.933,468.93,289.03,17.544,101.608,103.112
1109,36.967,471.59,292.78,19.3,105.615,107.364
1110,37.0,473.33,295.64,19.831,107.381,109.197
1111,37.033,474.89,296.45,18.565,108.174,109.756
1112,37.067,474.88,301.32,14.852,106.912,107.939
1113,37.1,474.6,303.03,10.228,106.262,106.753
1114,37.133,474.67,305.6,5.088,104.294,104.418
1115,37.167,474.95,308.87,0.048,104.392,104.392
1116,37.2,475.18,312.62,-3.677,109.004,109.066
1117,37.233,476.39,317.77,-6.43,116.128,116.306
1118,37.267,476.74,326.73,-8.293,122.17,122.451
1119,37.3,475.7,330.46,-9.86,127.641,128.022
1120,37.333,473.3,333.68,-9.695,132.752,133.105
1121,37.367,471.63,336.77,-6.87,137.403,137.575
1122,37.4,471.86,339.66,-2.595,139.673,139.697
1123,37.433,470.85,343.07,4.678,141.308,141.385
1124,37.467,470.13,345.2,13.207,142.7,143.31
1125,37.5,469.21,349.32,21.724,143.843,145.474
1126,37.533,469.73,354.44,29.398,143.331,146.315
1127,37.567,473.02,364.54,35.794,143.307,147.71
1128,37.6,475.76,371.61,41.209,140.768,146.676
1129,37.633,478.77,380.56,45.569,136.94,144.323
1130,37.667,481.2,383.24,48.943,131.73,140.528
1131,37.7,482.33,384.11,51.096,125.652,135.644
1132,37.733,483.99,383.19,51.518,118.134,128.879
1133,37.767,486.09,389.06,50.011,109.416,120.303
1134,37.8,488.05,391.84,46.508,97.139,107.699
1135,37.833,489.45,394.09,40.425,83.838,93.075
1136,37.867,490.33,399.32,32.779,70.035,77.327
1137,37.9,492.22,404.6,24.548,55.957,61.105
1138,37.933,491.76,407.46,15.301,42.256,44.941
1139,37.967,490.92,407.99,6.679,29.323,30.074
1140,38.0,490.17,406.49,-0.743,19.643,19.657
1141,38.033,490.4,407.36,-5.882,12.551,13.861
1142,38.067,490.47,405.34,-9.317,7.955,12.251
1143,38.1,490.63,404.79,-12.697,3.364,13.135
1144,38.133,490.95,404.67,-14.885,-0.283,14.887
1145,38.167,490.4,404.9,-16.682,-5.117,17.449
1146,38.2,489.4,404.12,-18.118,-8.641,20.073
1147,38.233,488.9,405.02,-18.631,-9.712,21.011
1148,38.267,486.82,404.74,-18.637,-7.392,20.049
1149,38.3,484.31,404.82,-18.229,-4.178,18.702
1150,38.333,484.34,404.1,-17.642,0.093,17.642
1151,38.367,485.24,403.43,-16.908,5.473,17.772
1152,38.4,485.37,403.65,-15.804,9.864,18.629
1153,38.433,485.94,404.51,-15.269,12.24,19.57
1154,38.467,485.49,406.12,-14.228,12.467,18.917
1155,38.5,484.83,405.79,-13.166,11.145,17.25
1156,38.533,483.3,406.55,-11.294,9.36,14.669
1157,38.567,482.7,407.73,-8.688,5.508,10.287
1158,38.6,483.49,408.59,-6.29,2.227,6.672
1159,38.633,482.23,408.58,-4.137,-2.05,4.617
1160,38.667,481.81,408.92,-2.88,-5.957,6.617
1161,38.7,481.6,408.62,-2.367,-9.311,9.607
1162,38.733,481.5,407.68,-2.109,-12.535,12.711
1163,38.767,481.95,407.6,-2.972,-14.904,15.198
1164,38.8,482.0,405.62,-3.292,-16.592,16.915
1165,38.833,482.16,404.74,-2.494,-17.809,17.983
1166,38.867,482.47,403.7,-1.463,-17.916,17.976
1167,38.9,482.39,402.79,-0.951,-17.17,17.197
1168,38.933,482.5,401.53,-0.826,-15.236,15.259
1169,38.967,482.03,400.9,-1.36,-12.884,12.955
1170,39.0,483.22,400.49,-2.438,-10.483,10.762
1171,39.033,483.04,400.09,-3.698,-7.528,8.387
1172,39.067,481.45,401.36,-4.816,-4.659,6.701
1173,39.1,481.23,400.59,-5.775,-1.955,6.097
1174,39.133,480.44,402.94,-7.563,0.182,7.565
1175,39.167,480.24,402.96,-8.989,1.685,9.145
1176,39.2,480.29,402.17,-9.884,1.994,10.083
1177,39.233,479.73,403.8,-10.315,1.211,10.386
1178,39.267,480.73,402.36,-10.285,-0.048,10.285
1179,39.3,480.31,401.98,-10.063,-2.351,10.334
1180,39.333,479.94,401.75,-9.613,-4.729,10.713
1181,39.367,479.3,401.11,-8.591,-7.463,11.379
1182,39.4,478.92,401.51,-7.213,-10.549,12.779
1183,39.433,478.62,400.6,-5.26,-14.5,15.424
1184,39.467,478.02,400.42,-2.82,-18.302,18.518
1185,39.5,477.94,399.64,-0.24,-21.51,21.511
1186,39.533,477.42,399.28,1.286,-23.083,23.119
1187,39.567,477.55,399.09,2.075,-23.035,23.129
1188,39.6,477.33,397.87,2.708,-22.471,22.634
1189,39.633,477.95,396.74,3.021,-20.191,20.415
1190,39.667,478.56,395.89,3.342,-17.882,18.191
1191,39.7,478.59,395.45,3.137,-14.553,14.887
1192,39.733,478.8,395.22,2.687,-9.417,9.793
1193,39.767,479.12,394.29,1.529,-4.439,4.695
1194,39.8,479.52,393.49,0.631,-0.1,0.639
1195,39.833,480.31,392.72,-1.567,2.84,3.243
1196,39.867,480.21,391.91,-4.549,4.291,6.254
1197,39.9,480.0,391.73,-8.383,4.529,9.528
1198,39.933,479.19,393.72,-12.549,3.912,13.144
1199,39.967,477.57,395.6,-16.72,3.257,17.034
1200,40.0,476.63,397.37,-20.154,2.427,20.3
1201,40.033,475.94,397.39,-23.697,1.621,23.753
1202,40.067,475.33,397.6,-26.35,-0.041,26.35
1203,40.1,475.16,398.39,-28.217,-1.52,28.257
1204,40.133,474.23,398.58,-28.333,-3.284,28.523
1205,40.167,473.06,398.55,-28.46,-4.541,28.82
1206,40.2,472.52,397.47,-28.05,-5.459,28.576
1207,40.233,470.94,394.29,-27.643,-5.721,28.229
1208,40.267,471.09,390.77,-27.285,-5.205,27.777
1209,40.3,466.92,390.25,-26.839,-4.162,27.159
1210,40.333,466.72,390.85,-26.62,-2.199,26.711
1211,40.367,465.91,392.16,-26.95,0.857,26.964
1212,40.4,466.23,394.27,-27.07,4.786,27.49
1213,40.433,466.03,395.14,-28.146,9.984,29.864
1214,40.467,465.61,395.69,-28.536,14.806,32.149
1215,40.5,464.23,395.79,-27.793,18.464,33.367
1216,40.533,464.59,395.94,-26.821,21.315,34.259
1217,40.567,463.9,397.88,-24.561,23.014,33.658
1218,40.6,463.0,397.46,-22.006,23.405,32.125
1219,40.633,460.02,399.21,-19.049,22.233,29.277
1220,40.667,459.57,399.87,-15.836,18.83,24.604
1221,40.7,457.68,401.03,-12.076,13.447,18.074
1222,40.733,457.37,401.28,-8.475,7.151,11.089
1223,40.767,457.33,400.68,-4.688,1.29,4.862
1224,40.8,457.04,401.2,-1.394,-3.567,3.83
1225,40.833,457.41,400.98,2.897,-7.193,7.754
1226,40.867,458.07,400.39,6.848,-9.92,12.054
1227,40.9,457.78,400.56,10.094,-11.502,15.304
1228,40.933,460.39,399.36,13.719,-13.404,19.18
1229,40.967,460.59,398.72,15.199,-13.887,20.589
1230,41.0,460.7,398.85,14.709,-13.283,19.819
1231,41.033,462.52,397.03,13.246,-11.477,17.527
1232,41.067,461.81,396.69,9.59,-8.161,12.592
1233,41.1,462.72,396.29,3.996,-4.271,5.849
1234,41.133,462.48,395.29,-1.404,-0.5,1.49
1235,41.167,462.71,396.01,-6.464,3.428,7.317
1236,41.2,462.13,396.75,-12.686,8.139,15.073
1237,41.233,461.78,396.67,-17.926,12.934,22.104
1238,41.267,461.32,397.06,-22.148,17.411,28.172
1239,41.3,459.71,399.18,-25.256,21.897,33.426
1240,41.333,459.21,399.97,-27.179,25.763,37.449
1241,41.367,457.93,401.26,-27.428,27.958,39.165
1242,41.4,457.73,401.55,-27.397,28.758,39.719
1243,41.433,452.89,404.16,-26.551,29.537,39.717
1244,41.467,452.66,404.2,-25.127,29.303,38.601
1245,41.5,452.53,404.95,-23.199,29.114,37.227
1246,41.533,451.62,405.99,-21.329,28.469,35.572
1247,41.567,451.85,406.38,-19.192,28.203,34.114
1248,41.6,453.24,406.19,-16.478,30.027,34.251
1249,41.633,450.53,409.97,-14.407,33.324,36.305
1250,41.667,450.02,411.44,-10.838,37.766,39.29
1251,41.7,451.76,411.78,-8.048,41.097,41.878
1252,41.733,451.92,411.9,-5.724,44.676,45.041
1253,41.767,451.35,412.83,-4.106,47.786,47.962
1254,41.8,450.52,413.57,-5.678,52.898,53.202
1255,41.833,450.11,413.97,-9.936,58.422,59.261
1256,41.867,447.9,417.32,-16.513,64.981,67.046
1257,41.9,448.21,421.56,-23.868,71.452,75.333
1258,41.933,449.1,422.34,-29.937,77.27,82.867
1259,41.967,447.15,426.99,-31.687,81.201,87.165
1260,42.0,446.78,429.93,-31.034,84.145,89.686
1261,42.033,448.07,433.53,-28.264,85.068,89.64
1262,42.067,446.47,438.39,-24.242,83.808,87.244
1263,42.1,445.87,438.44,-19.75,81.504,83.862
1264,42.133,446.01,438.81,-15.654,78.259,79.809
1265,42.167,441.34,440.14,-10.486,74.953,75.683
1266,42.2,439.36,445.24,-4.197,69.609,69.735
1267,42.233,436.57,448.05,1.482,62.242,62.259
1268,42.267,432.94,454.07,6.808,53.49,53.922
1269,42.3,434.84,454.81,11.437,44.536,45.981
1270,42.333,439.14,455.77,15.191,36.089,39.156
1271,42.367,444.38,455.01,17.091,30.847,35.265
1272,42.4,449.69,454.44,17.694,26.097,31.53
1273,42.433,450.53,455.15,16.545,21.553,27.17
1274,42.467,449.92,455.22,14.034,19.434,23.971
1275,42.5,448.77,455.04,11.586,17.815,21.251
1276,42.533,446.81,456.43,8.819,17.041,19.187
1277,42.567,446.69,458.39,5.448,16.781,17.643
1278,42.6,446.8,459.12,2.442,16.119,16.303
1279,42.633,446.67,461.24,-0.403,16.849,16.854
1280,42.667,447.53,456.49,-4.551,18.011,18.577
1281,42.7,446.34,456.44,-6.801,20.642,21.734
1282,42.733,445.24,458.54,-7.368,22.612,23.782
1283,42.767,443.59,461.78,-5.639,24.747,25.381
1284,42.8,442.44,463.87,0.354,24.7,24.702
1285,42.833,441.48,466.48,8.695,24.623,26.113
1286,42.867,442.27,464.83,17.753,23.976,29.833
1287,42.9,445.06,466.27,24.843,23.409,34.134
1288,42.933,447.9,467.41,29.034,23.674,37.463
1289,42.967,449.6,467.57,32.017,24.947,40.589
1290,43.0,451.62,467.82,34.521,27.221,43.962
1291,43.033,453.68,468.46,36.601,29.945,47.29
1292,43.067,454.21,468.67,38.816,31.291,49.858
1293,43.1,455.01,468.16,41.538,31.055,51.864
1294,43.133,455.09,468.01,45.162,29.646,54.023
1295,43.167,457.36,470.99,49.001,25.893,55.422
1296,43.2,458.98,472.21,51.454,24.294,56.901
1297,43.233,460.13,473.86,53.994,20.579,57.783
1298,43.267,462.45,475.1,56.538,16.257,58.829
1299,43.3,463.83,476.5,62.051,11.131,63.042
1300,43.333,464.73,477.1,69.642,5.425,69.853
1301,43.367,465.42,478.2,79.528,0.141,79.528
1302,43.4,469.17,479.87,90.719,-2.638,90.758
1303,43.433,473.15,480.24,102.967,-3.262,103.018
1304,43.467,476.95,478.29,115.311,-3.276,115.358
1305,43.5,480.74,475.6,125.006,-2.159,125.025
1306,43.533,485.66,473.45,132.486,0.57,132.488
1307,43.567,491.73,473.24,137.822,4.262,137.888
1308,43.6,496.2,472.42,141.827,8.748,142.097
1309,43.633,499.18,471.48,145.705,13.734,146.351
1310,43.667,503.36,471.28,150.015,18.953,151.207
1311,43.7,510.09,469.41,152.477,23.844,154.33
1312,43.733,516.6,475.11,153.243,28.244,155.824
1313,43.767,524.72,478.06,153.581,30.519,156.584
1314,43.8,527.89,480.89,152.012,31.398,155.221
1315,43.833,532.45,484.93,149.004,29.694,151.934
1316,43.867,536.72,486.23,144.141,26.767,146.605
1317,43.9,541.38,487.31,139.259,21.495,140.908
1318,43.933,543.16,485.56,134.781,13.277,135.434
1319,43.967,544.19,486.13,129.912,2.727,129.941
1320,44.0,551.13,486.16,125.259,-8.458,125.544
1321,44.033,557.25,484.39,120.679,-19.608,122.262
1322,44.067,563.09,482.46,115.513,-29.409,119.198
1323,44.1,568.93,480.31,109.259,-38.774,115.935
1324,44.133,571.77,479.24,102.623,-46.117,112.509
1325,44.167,573.29,478.83,96.711,-50.209,108.968
1326,44.2,576.74,475.62,94.0,-51.32,107.097
1327,44.233,580.19,472.75,92.941,-47.155,104.219
1328,44.267,581.02,472.26,94.001,-42.292,103.077
1329,44.3,583.27,470.21,95.519,-35.88,102.036
1330,44.333,585.66,470.23,98.029,-30.781,102.748
1331,44.367,591.03,467.96,99.985,-27.859,103.793
1332,44.4,595.26,467.23,100.918,-25.135,104.001
1333,44.433,596.53,467.06,101.103,-22.71,103.622
1334,44.467,599.24,466.99,101.426,-19.111,103.211
1335,44.5,601.19,466.5,102.639,-15.719,103.835
1336,44.533,604.04,467.29,102.321,-12.871,103.128
1337,44.567,608.1,466.94,100.674,-9.946,101.164
1338,44.6,612.8,468.35,96.857,-6.813,97.096
1339,44.633,618.77,468.58,89.695,-3.412,89.76
1340,44.667,626.32,467.45,80.809,-0.426,80.811
1341,44.7,629.0,467.03,71.67,0.947,71.676
1342,44.733,631.68,464.27,61.065,2.072,61.1
1343,44.767,631.52,462.77,48.608,3.363,48.724
1344,44.8,629.75,459.98,36.59,4.036,36.812
1345,44.833,629.19,462.57,25.289,4.711,25.724
1346,44.867,629.57,465.84,15.925,4.466,16.54
1347,44.9,630.64,467.15,6.551,4.916,8.191
1348,44.933,629.92,468.13,-1.684,5.016,5.291
1349,44.967,629.98,468.35,-6.991,5.159,8.688
1350,45.0,630.51,468.53,-9.848,5.237,11.154
1351,45.033,630.42,468.75,-9.309,5.294,10.709
1352,45.067,629.14,468.72,-6.076,4.713,7.69
1353,45.1,628.38,468.17,-0.92,4.067,4.17
1354,45.133,629.11,467.31,5.646,2.504,6.177
1355,45.167,629.31,466.24,12.164,0.12,12.165
1356,45.2,628.36,466.31,16.596,-2.406,16.769
1357,45.233,628.69,466.54,20.36,-5.349,21.051
1358,45.267,630.76,466.57,22.664,-7.01,23.723
1359,45.3,632.51,466.18,23.778,-7.885,25.051
1360,45.333,634.35,466.24,24.397,-5.792,25.075
1361,45.367,634.84,466.5,24.678,-3.534,24.93
1362,45.4,637.0,465.92,23.583,-2.077,23.675
1363,45.433,637.79,466.72,21.405,-0.782,21.42
1364,45.467,638.08,466.43,19.426,0.249,19.427
1365,45.5,638.57,466.17,17.209,0.94,17.235
1366,45.533,638.09,466.34,14.512,1.372,14.577
1367,45.567,638.39,466.55,12.268,1.457,12.354
1368,45.6,638.97,466.59,11.078,1.113,11.134
1369,45.633,639.14,466.26,9.815,0.385,9.822
1370,45.667,639.42,466.25,8.602,-0.27,8.607
1371,45.7,639.52,466.26,7.814,-0.421,7.826
1372,45.733,638.8,466.49,8.277,-0.342,8.284
1373,45.767,637.79,466.26,8.968,-0.08,8.968
1374,45.8,637.97,467.26,8.044,0.253,8.048
1375,45.833,638.91,466.42,5.973,1.135,6.08
1376,45.867,639.13,466.39,2.883,1.871,3.437
1377,45.9,641.15,466.66,-0.537,2.472,2.53
1378,45.933,642.13,466.55,-4.802,3.39,5.878
1379,45.967,642.16,466.31,-9.983,3.954,10.737
1380,46.0,642.42,466.63,-15.483,4.88,16.234
1381,46.033,642.58,466.69,-20.668,5.615,21.417
1382,46.067,640.84,466.64,-24.917,6.258,25.691
1383,46.1,638.49,466.8,-29.315,6.734,30.078
1384,46.133,638.33,467.59,-34.013,7.133,34.753
1385,46.167,636.57,468.22,-38.257,6.419,38.791
1386,46.2,634.02,468.74,-43.426,6.584,43.922
1387,46.233,630.59,468.97,-47.924,7.019,48.435
1388,46.267,628.04,468.95,-50.829,8.177,51.483
1389,46.3,627.85,469.17,-50.646,9.457,51.521
1390,46.333,627.27,468.68,-48.186,9.93,49.199
1391,46.367,626.35,469.16,-44.694,10.123,45.826
1392,46.4,625.5,469.41,-39.541,9.546,40.677
1393,46.433,623.92,469.61,-33.383,6.975,34.104
1394,46.467,623.71,469.76,-26.192,2.99,26.362
1395,46.5,623.26,469.09,-18.468,-2.46,18.631
1396,46.533,621.38,469.56,-11.159,-9.319,14.538
1397,46.567,618.99,469.45,-4.764,-15.841,16.542
1398,46.6,618.4,469.23,1.225,-21.889,21.923
1399,46.633,618.44,468.69,6.752,-27.065,27.894
1400,46.667,617.76,471.31,10.56,-31.711,33.423
1401,46.7,621.13,469.64,13.363,-36.381,38.758
1402,46.733,622.86,468.54,16.377,-41.586,44.695
1403,46.767,624.59,465.24,19.971,-46.363,50.482
1404,46.8,624.16,462.47,24.181,-50.101,55.631
1405,46.833,624.26,459.35,28.184,-52.314,59.423
1406,46.867,626.23,456.11,30.462,-52.658,60.834
1407,46.9,627.71,452.68,30.439,-51.301,59.652
1408,46.933,627.88,451.59,27.117,-49.34,56.301
1409,46.967,627.16,450.35,17.675,-47.731,50.898
1410,47.0,626.82,450.48,3.812,-46.501,46.657
1411,47.033,626.97,451.45,-13.108,-44.116,46.023
1412,47.067,626.91,449.88,-30.73,-42.002,52.043
1413,47.1,626.7,448.47,-46.076,-41.004,61.679
1414,47.133,627.03,446.18,-57.251,-39.224,69.398
1415,47.167,627.43,443.74,-66.344,-37.848,76.381
1416,47.2,627.24,442.54,-71.049,-38.064,80.603
1417,47.233,624.58,443.2,-74.403,-38.28,83.673
1418,47.267,621.33,442.98,-76.819,-39.661,86.453
1419,47.3,616.33,442.17,-78.227,-40.794,88.225
1420,47.333,608.5,439.97,-78.378,-43.505,89.642
1421,47.367,601.65,437.28,-75.602,-46.638,88.83
1422,47.4,594.71,433.01,-73.896,-52.982,90.927
1423,47.433,589.01,430.17,-69.457,-56.221,89.359
1424,47.467,592.26,429.22,-61.673,-58.194,84.795
1425,47.5,594.5,428.72,-54.797,-62.039,82.774
1426,47.533,597.33,425.69,-50.024,-66.614,83.305
1427,47.567,600.06,423.99,-47.571,-73.25,87.342
1428,47.6,600.07,424.85,-48.264,-80.611,93.955
1429,47.633,595.09,421.6,-52.369,-87.995,102.399
1430,47.667,594.01,420.45,-59.657,-94.618,111.855
1431,47.7,589.07,417.09,-70.463,-99.385,121.829
1432,47.733,585.38,412.33,-83.711,-101.341,131.444
1433,47.767,583.13,407.97,-99.623,-102.051,142.615
1434,47.8,580.1,401.61,-116.686,-100.995,154.323
1435,47.833,578.72,398.38,-133.69,-99.0,166.355
1436,47.867,573.0,393.51,-148.754,-96.729,177.438
1437,47.9,573.37,397.08,-159.467,-93.825,185.021
1438,47.933,564.4,389.32,-164.457,-90.086,187.514
1439,47.967,550.75,381.83,-163.441,-85.295,184.359
1440,48.0,543.89,381.46,-157.49,-78.793,176.101
1441,48.033,538.71,378.43,-148.333,-72.965,165.308
1442,48.067,533.23,377.56,-137.281,-64.822,151.816
1443,48.1,529.68,377.46,-126.118,-55.34,137.726
1444,48.133,527.59,377.26,-114.536,-46.237,123.517
1445,48.167,525.06,377.96,-101.097,-36.832,107.597
1446,48.2,523.28,378.34,-87.644,-28.843,92.268
1447,48.233,519.29,376.09,-72.682,-21.812,75.884
1448,48.267,518.45,374.42,-57.085,-15.162,59.064
1449,48.3,516.25,370.91,-42.841,-9.02,43.78
1450,48.333,514.75,368.05,-30.775,-1.976,30.838
1451,48.367,515.56,367.45,-22.646,4.474,23.083
1452,48.4,514.42,367.04,-16.966,10.79,20.107
1453,48.433,514.24,369.37,-15.97,12.954,20.563
1454,48.467,516.71,372.0,-17.289,15.076,22.939
1455,48.5,513.41,371.72,-17.393,17.784,24.876
1456,48.533,512.32,375.86,-17.13,19.663,26.078
1457,48.567,511.08,376.39,-17.399,20.556,26.931
1458,48.6,510.83,377.0,-17.268,21.15,27.303
1459,48.633,509.99,376.58,-17.971,19.436,26.471
1460,48.667,510.13,376.88,-20.144,14.768,24.977
1461,48.7,509.34,377.36,-22.757,6.477,23.661
1462,48.733,507.74,377.7,-26.527,-5.314,27.054
1463,48.767,505.5,377.63,-30.188,-18.255,35.278
1464,48.8,504.2,377.05,-35.547,-32.754,48.337
1465,48.833,503.83,375.45,-40.722,-46.187,61.575
1466,48.867,503.86,373.6,-46.243,-57.908,74.106
1467,48.9,504.11,372.2,-53.061,-68.398,86.567
1468,48.933,500.55,368.72,-59.533,-76.367,96.831
1469,48.967,499.48,366.48,-64.477,-83.034,105.128
1470,49.0,498.54,365.16,-70.38,-88.618,113.166
1471,49.033,495.07,360.2,-73.535,-92.159,117.901
1472,49.067,492.3,357.71,-74.838,-96.821,122.372
1473,49.1,488.38,351.24,-73.355,-98.548,122.852
1474,49.133,485.71,347.07,-71.48,-98.956,122.073
1475,49.167,483.36,344.2,-68.67,-96.561,118.489
1476,49.2,479.32,342.12,-65.787,-91.585,112.764
1477,49.233,475.99,340.46,-62.589,-84.576,105.216
1478,49.267,473.06,337.35,-57.358,-77.291,96.249
1479,49.3,472.28,336.15,-51.253,-68.409,85.479
1480,49.333,470.16,333.49,-44.898,-58.665,73.875
1481,49.367,470.09,331.32,-38.765,-47.801,61.544
1482,49.4,471.28,330.28,-32.882,-36.393,49.048
1483,49.433,472.44,328.09,-28.319,-25.359,38.014
1484,49.467,470.95,326.5,-23.085,-14.072,27.035
1485,49.5,471.56,325.03,-18.495,-3.754,18.872
1486,49.533,470.18,325.19,-15.098,5.091,15.933
1487,49.567,468.94,328.86,-12.258,13.328,18.108
1488,49.6,465.29,327.66,-11.403,18.894,22.068
1489,49.633,465.22,329.97,-11.843,22.739,25.639
1490,49.667,464.7,330.68,-13.675,24.606,28.151
1491,49.7,464.92,330.87,-16.446,24.696,29.671
1492,49.733,465.46,331.08,-19.233,23.106,30.064
1493,49.767,462.6,334.65,-22.008,19.846,29.635
1494,49.8,462.45,335.12,-23.982,15.743,28.688
1495,49.833,463.07,336.17,-25.434,10.14,27.381
1496,49.867,463.73,336.29,-25.377,4.386,25.753
1497,49.9,463.16,336.42,-24.517,-1.235,24.548
1498,49.933,463.19,336.41,-23.226,-6.33,24.074
1499,49.967,462.01,335.74,-21.691,-11.04,24.339
1500,50.0,460.26,335.14,-19.739,-14.86,24.707
1501,50.033,457.71,332.44,-18.465,-16.86,25.005
1502,50.067,455.02,329.7,-17.147,-17.795,24.712
1503,50.1,454.53,327.84,-15.81,-18.319,24.198
1504,50.133,454.57,328.55,-13.725,-15.816,20.941
1505,50.167,454.6,329.55,-11.493,-12.243,16.793
1506,50.2,453.87,330.09,-9.679,-6.596,11.712
1507,50.233,453.88,330.27,-8.146,1.266,8.244
1508,50.267,454.94,330.31,-7.455,10.245,12.67
1509,50.3,455.82,330.78,-6.649,18.235,19.41
1510,50.333,456.23,331.7,-6.062,26.084,26.779
1511,50.367,456.65,332.16,-6.702,32.931,33.606
1512,50.4,457.09,332.73,-8.11,37.903,38.761
1513,50.433,456.44,331.99,-9.296,40.735,41.782
1514,50.467,454.57,333.78,-10.799,41.494,42.877
1515,50.5,454.07,335.94,-12.22,40.454,42.259
1516,50.533,453.27,337.96,-13.021,37.775,39.956
1517,50.567,452.3,341.8,-12.885,33.092,35.512
1518,50.6,450.99,343.8,-10.349,28.717,30.525
1519,50.633,451.38,344.81,-7.189,24.187,25.233
1520,50.667,450.16,346.22,-4.142,18.31,18.773
1521,50.7,450.49,345.95,0.42,12.008,12.015
1522,50.733,449.72,344.63,5.569,5.73,7.99
1523,50.767,449.17,344.65,11.287,0.045,11.287
1524,50.8,450.71,344.16,15.586,-5.783,16.624
1525,50.833,451.44,342.93,19.004,-10.946,21.931
1526,50.867,453.94,341.28,21.984,-15.071,26.654
1527,50.9,455.6,341.18,22.835,-18.627,29.469
1528,50.933,456.19,341.13,22.174,-21.128,30.628
1529,50.967,456.88,340.51,20.252,-21.672,29.662
1530,51.0,457.66,339.4,18.273,-21.328,28.086
1531,51.033,457.97,337.28,14.542,-20.106,24.813
1532,51.067,458.99,338.82,9.594,-18.59,20.92
1533,51.1,457.66,337.23,3.359,-18.063,18.373
1534,51.133,457.99,337.09,-3.053,-18.288,18.542
1535,51.167,459.59,338.28,-10.012,-19.442,21.869
1536,51.2,457.14,337.77,-16.025,-21.427,26.757
1537,51.233,456.56,336.8,-21.335,-23.599,31.814
1538,51.267,454.76,334.96,-25.249,-25.642,35.986
1539,51.3,455.54,335.4,-27.123,-27.722,38.783
1540,51.333,454.85,334.48,-27.512,-29.474,40.319
1541,51.367,452.52,332.27,-26.185,-30.162,39.942
1542,51.4,453.06,331.6,-23.861,-29.597,38.018
1543,51.433,451.85,330.26,-20.708,-28.184,34.973
1544,51.467,450.64,329.03,-16.294,-25.822,30.533
1545,51.5,447.92,328.08,-11.644,-22.443,25.284
1546,51.533,447.66,326.43,-6.457,-17.82,18.954
1547,51.567,447.24,325.72,-1.788,-11.677,11.813
1548,51.6,448.35,325.1,2.278,-5.211,5.687
1549,51.633,449.07,324.82,7.205,1.738,7.412
1550,51.667,450.09,325.76,10.626,7.445,12.975
1551,51.7,450.7,325.99,10.659,12.496,16.425
1552,51.733,451.28,326.37,9.321,15.983,18.502
1553,51.767,452.5,327.85,6.391,18.191,19.281
1554,51.8,453.45,329.03,4.154,21.157,21.561
1555,51.833,453.93,330.22,4.328,21.403,21.836
1556,51.867,454.7,330.92,7.328,19.968,21.27
1557,51.9,454.68,332.24,13.18,17.14,21.622
1558,51.933,454.68,333.17,19.46,12.443,23.098
1559,51.967,453.85,333.37,26.276,6.128,26.981
1560,52.0,454.42,333.37,33.143,-1.769,33.19
1561,52.033,453.47,332.84,40.767,-9.229,41.799
1562,52.067,454.58,332.66,47.916,-16.115,50.553
1563,52.1,454.61,330.2,55.04,-22.867,59.601
1564,52.133,453.07,329.12,61.285,-28.719,67.68
1565,52.167,454.62,330.26,66.274,-33.813,74.402
1566,52.2,459.34,327.78,69.405,-37.821,79.04
1567,52.233,465.87,327.62,70.571,-40.084,81.16
1568,52.267,474.06,327.12,69.762,-40.368,80.599
1569,52.3,481.19,322.32,66.408,-39.535,77.286
1570,52.333,482.13,321.53,60.802,-37.096,71.225
1571,52.367,481.36,319.47,53.172,-32.92,62.538
1572,52.4,480.41,318.4,43.594,-27.389,51.484
1573,52.433,480.08,317.51,33.329,-21.002,39.394
1574,52.467,479.75,317.64,22.018,-14.329,26.27
1575,52.5,479.7,319.26,10.726,-6.991,12.803
1576,52.533,479.72,317.42,-1.134,-0.18,1.148
1577,52.567,480.11,316.67,-12.072,6.154,13.55
1578,52.6,479.42,317.27,-21.768,11.21,24.485
1579,52.633,478.18,317.53,-28.406,15.225,32.229
1580,52.667,477.1,319.24,-30.386,17.845,35.239
1581,52.7,476.28,320.14,-28.236,17.158,33.041
1582,52.733,475.69,320.97,-23.562,15.14,28.007
1583,52.767,475.07,321.68,-17.967,11.912,21.557
1584,52.8,474.98,323.42,-13.396,6.959,15.095
1585,52.833,474.58,324.3,-10.951,3.259,11.425
1586,52.867,474.42,324.17,-8.588,-0.627,8.611
1587,52.9,474.27,324.44,-6.225,-2.768,6.813
1588,52.933,472.53,323.99,-4.194,-2.727,5.002
1589,52.967,472.12,323.69,-2.197,-0.562,2.268
1590,53.0,471.6,321.67,-0.045,2.204,2.204
1591,53.033,472.59,320.86,2.136,3.465,4.07
1592,53.067,474.24,319.35,3.746,5.374,6.55
1593,53.1,475.34,318.02,4.225,7.552,8.654
1594,53.133,475.13,318.39,4.116,10.322,11.113
1595,53.167,475.09,318.77,3.787,15.164,15.63
1596,53.2,474.76,321.16,3.376,18.895,19.194
1597,53.233,474.74,323.96,2.232,23.759,23.863
1598,53.267,474.95,324.97,0.621,27.438,27.445
1599,53.3,474.85,327.54,-1.246,32.259,32.283
1600,53.333,474.41,329.66,-3.497,35.93,36.1
1601,53.367,473.26,332.59,-6.101,38.631,39.11
1602,53.4,472.98,333.47,-9.135,40.115,41.142
1603,53.433,473.96,332.38,-12.273,40.67,42.481
1604,53.467,474.04,330.39,-14.367,41.015,43.459
1605,53.5,473.49,329.83,-15.653,39.519,42.506
1606,53.533,472.37,331.94,-16.172,36.865,40.256
1607,53.567,471.82,333.71,-16.051,33.476,37.125
1608,53.6,471.59,336.75,-15.97,29.535,33.576
1609,53.633,470.95,338.67,-16.123,25.956,30.556
1610,53.667,470.03,337.29,-16.092,21.733,27.042
1611,53.7,468.65,340.8,-16.227,17.879,24.145
1612,53.733,468.62,339.83,-16.244,13.32,21.007
1613,53.767,468.24,343.48,-13.854,8.087,16.041
1614,53.8,467.76,341.74,-10.714,2.064,10.911
1615,53.833,467.17,342.22,-8.685,-2.286,8.981
1616,53.867,467.07,341.92,-6.611,-6.878,9.54
1617,53.9,467.36,342.41,-3.959,-11.922,12.562
1618,53.933,467.35,341.14,-0.499,-18.729,18.735
1619,53.967,467.2,337.58,2.544,-25.632,25.757
1620,54.0,466.99,336.3,5.512,-30.944,31.431
1621,54.033,467.7,335.73,8.355,-34.083,35.092
1622,54.067,467.5,333.72,11.38,-37.259,38.958
1623,54.1,467.55,332.79,14.801,-39.827,42.488
1624,54.133,468.06,330.99,17.812,-42.697,46.263
1625,54.167,469.02,330.86,20.235,-45.432,49.735
1626,54.2,471.16,329.67,21.458,-45.79,50.569
1627,54.233,473.89,329.29,22.264,-47.185,52.174
1628,54.267,470.95,328.41,21.973,-46.838,51.736
1629,54.3,469.67,330.29,21.29,-47.24,51.816
1630,54.333,472.59,325.01,20.997,-46.689,51.194
1631,54.367,474.11,322.41,21.256,-46.858,51.454
1632,54.4,475.72,317.86,22.275,-47.694,52.64
1633,54.433,476.11,317.38,23.477,-49.738,55.001
1634,54.467,477.24,316.63,24.751,-52.023,57.611
1635,54.5,477.83,314.98,25.9,-53.219,59.186
1636,54.533,478.7,311.89,26.648,-52.968,59.294
1637,54.567,479.38,311.36,26.967,-52.695,59.195
1638,54.6,478.56,310.14,26.454,-50.495,57.005
1639,54.633,478.29,309.36,25.313,-47.926,54.2
1640,54.667,478.33,308.28,24.072,-42.884,49.179
1641,54.7,480.26,305.84,23.575,-38.828,45.425
1642,54.733,481.95,305.46,22.693,-36.096,42.637
1643,54.767,484.61,303.18,21.034,-26.249,33.637
1644,54.8,486.81,300.22,20.193,-23.283,30.82
1645,54.833,487.76,297.75,21.003,-29.21,35.977
1646,54.867,488.49,296.51,21.766,-41.1,46.507
1647,54.9,487.95,295.84,22.305,-56.218,60.482
1648,54.933,487.5,295.45,22.503,-71.857,75.298
1649,54.967,486.99,294.72,22.582,-89.167,91.982
1650,55.0,486.75,294.41,19.65,-105.763,107.573
1651,55.033,487.32,291.46,17.892,-119.348,120.682
1652,55.067,487.07,290.29,17.874,-131.061,132.274
1653,55.1,489.05,285.86,18.187,-141.716,142.878
1654,55.133,491.67,282.7,19.333,-150.912,152.145
1655,55.167,493.84,274.18,22.308,-158.432,159.995
1656,55.2,493.95,269.16,26.446,-164.244,166.36
1657,55.233,494.59,265.02,30.622,-166.972,169.757
1658,55.267,494.15,235.73,34.361,-167.547,171.035
1659,55.3,496.38,230.84,38.131,-165.527,169.862
1660,55.333,497.01,228.53,40.367,-159.293,164.329
1661,55.367,496.84,230.98,40.875,-148.789,154.302
1662,55.4,497.54,229.87,39.926,-134.642,140.437
1663,55.433,497.89,228.59,38.874,-117.79,124.039
1664,55.467,498.81,228.88,36.947,-99.72,106.344
1665,55.5,506.88,225.93,35.108,-81.294,88.551
1666,55.533,508.1,218.76,33.439,-64.186,72.374
1667,55.567,506.88,215.89,31.578,-48.213,57.634
1668,55.6,507.89,213.55,29.608,-35.331,46.097
1669,55.633,509.67,212.08,27.32,-25.16,37.14
1670,55.667,509.08,210.73,24.644,-19.18,31.228
1671,55.7,509.45,210.54,20.725,-15.478,25.867
1672,55.733,510.06,210.0,16.877,-15.426,22.865
1673,55.767,511.47,210.06,12.565,-20.479,24.027
1674,55.8,509.61,211.89,9.341,-15.846,18.394
1675,55.833,509.76,212.06,6.21,-9.843,11.638
1676,55.867,511.01,211.91,3.456,-3.337,4.804
1677,55.9,511.88,211.2,1.459,1.029,1.785
1678,55.933,510.99,210.25,0.125,4.323,4.324
1679,55.967,511.96,210.11,0.325,6.274,6.282
1680,56.0,511.56,209.85,2.47,5.485,6.015
1681,56.033,511.08,210.11,2.084,3.085,3.723
1682,56.067,510.85,210.28,0.492,2.375,2.425
1683,56.1,512.12,210.34,0.127,1.887,1.891
1684,56.133,512.26,210.51,-0.253,1.911,1.927
1685,56.167,511.16,210.56,-1.948,2.39,3.083
1686,56.2,511.58,211.08,-3.401,3.548,4.915
1687,56.233,511.35,210.64,-5.487,4.579,7.147
1688,56.267,512.36,211.05,-7.454,6.263,9.736
1689,56.3,511.96,211.02,-8.992,7.568,11.753
1690,56.333,510.91,211.16,-8.001,6.549,10.339
1691,56.367,510.58,211.44,-4.425,4.199,6.101
1692,56.4,510.99,211.55,0.709,0.764,1.042
1693,56.433,511.76,211.39,5.654,-2.793,6.306
1694,56.467,511.88,211.25,12.95,-7.543,14.986
1695,56.5,510.91,211.46,20.573,-13.101,24.39
1696,56.533,510.32,212.11,28.768,-18.166,34.024
1697,56.567,512.15,211.43,37.907,-22.725,44.197
1698,56.6,511.89,211.15,48.26,-26.422,55.019
1699,56.633,512.35,210.4,56.986,-29.435,64.139
1700,56.667,514.93,209.19,64.923,-31.485,72.155
1701,56.7,517.48,207.4,72.791,-32.587,79.752
1702,56.733,522.54,205.99,80.172,-33.404,86.853
1703,56.767,527.36,202.75,86.585,-33.411,92.808
1704,56.8,531.33,200.46,90.501,-32.849,96.278
1705,56.833,534.76,200.13,92.578,-30.604,97.506
1706,56.867,536.29,199.26,92.961,-28.557,97.248
1707,56.9,537.76,198.42,91.909,-25.781,95.456
1708,56.933,542.78,196.27,88.501,-22.441,91.302
1709,56.967,543.99,197.63,82.465,-18.718,84.562
1710,57.0,546.75,199.1,74.83,-14.442,76.211
1711,57.033,549.82,198.97,66.603,-10.254,67.388
1712,57.067,551.79,198.73,57.651,-6.952,58.069
1713,57.1,551.81,197.92,48.194,-4.058,48.365
1714,57.133,555.22,197.71,39.603,-2.198,39.664
1715,57.167,557.34,196.87,32.559,-1.312,32.585
1716,57.2,558.6,196.09,26.166,-1.488,26.209
1717,57.233,558.14,196.27,21.194,-2.21,21.309
1718,57.267,557.9,196.66,16.541,-3.653,16.939
1719,57.3,558.6,197.04,11.985,-4.024,12.642
1720,57.333,558.57,195.04,7.667,-4.199,8.742
1721,57.367,558.84,196.75,3.585,-4.919,6.087
1722,57.4,557.86,196.5,1.005,-5.602,5.691
1723,57.433,558.04,196.31,-0.062,-6.163,6.163
1724,57.467,558.75,196.45,-1.792,-5.973,6.236
1725,57.5,558.42,195.76,-2.54,-6.182,6.684
1726,57.533,557.94,195.32,-2.539,-6.648,7.116
1727,57.567,559.14,195.28,-3.347,-6.157,7.008
1728,57.6,558.8,194.83,-3.86,-5.147,6.433
1729,57.633,558.8,194.77,-3.555,-3.796,5.201
1730,57.667,558.34,194.58,-3.946,-2.062,4.452
1731,57.7,558.99,194.86,-4.232,1.078,4.367
1732,57.733,559.03,194.77,-4.048,3.576,5.401
1733,57.767,558.99,194.85,-2.837,5.012,5.759
1734,57.8,559.02,193.31,1.285,6.699,6.822
1735,57.833,559.04,193.49,5.988,8.001,9.994
1736,57.867,559.25,193.99,12.148,10.199,15.861
1737,57.9,558.72,194.2,19.719,10.039,22.128
1738,57.933,558.64,194.73,27.505,8.562,28.807
1739,57.967,559.38,196.51,36.254,5.659,36.693
1740,58.0,560.34,198.17,44.696,1.165,44.711
1741,58.033,560.33,199.01,51.996,-4.903,52.227
1742,58.067,563.18,198.03,58.378,-11.913,59.582
1743,58.1,565.03,197.3,63.85,-20.126,66.947
1744,58.133,568.66,197.22,70.566,-27.288,75.658
1745,58.167,572.95,196.12,77.163,-33.514,84.127
1746,58.2,576.76,192.4,84.629,-37.92,92.736
1747,58.233,580.57,192.57,91.677,-40.403,100.185
1748,58.267,585.44,193.22,98.202,-41.197,106.493
1749,58.3,586.02,190.39,103.572,-41.131,111.44
1750,58.333,589.87,187.59,108.567,-38.404,115.159
1751,58.367,592.18,183.7,114.017,-33.956,118.966
1752,58.4,593.21,182.58,118.62,-27.291,121.719
1753,58.433,597.79,181.03,121.928,-18.428,123.313
1754,58.467,599.61,179.95,124.097,-7.639,124.332
1755,58.5,602.69,179.4,124.619,3.334,124.663
1756,58.533,608.89,180.85,124.386,12.627,125.026
1757,58.567,616.25,182.52,124.195,20.129,125.815
1758,58.6,622.8,186.34,120.158,23.237,122.384
1759,58.633,625.9,187.4,118.393,25.203,121.046
1760,58.667,630.98,189.19,117.065,25.272,119.762
1761,58.7,633.91,189.78,115.482,24.056,117.961
1762,58.733,637.5,189.54,113.476,22.792,115.742
1763,58.767,641.14,189.89,110.466,20.467,112.346
1764,58.8,645.99,192.14,104.989,15.725,106.16
1765,58.833,648.86,192.88,99.448,10.177,99.967
1766,58.867,648.69,194.29,91.805,4.124,91.898
1767,58.9,649.63,193.8,83.339,-0.891,83.343
1768,58.933,652.09,192.39,74.992,-5.615,75.202
1769,58.967,654.34,189.44,67.22,-8.962,67.815
1770,59.0,657.63,186.42,60.461,-10.994,61.452
1771,59.033,659.48,185.18,55.032,-11.415,56.203
1772,59.067,661.45,183.2,49.706,-10.727,50.85
1773,59.1,671.34,189.11,43.21,-9.136,44.165
1774,59.133,670.64,189.19,35.032,-8.276,35.996
1775,59.167,670.89,189.72,27.404,-6.9,28.26
1776,59.2,670.54,189.49,20.17,-6.045,21.056
1777,59.233,669.51,189.72,12.344,-5.154,13.377
1778,59.267,668.38,188.19,4.601,-4.098,6.161
1779,59.3,668.09,187.83,-3.672,-3.196,4.868
1780,59.333,666.88,187.53,-13.897,-4.25,14.532
1781,59.367,667.35,187.71,-21.471,-6.335,22.386
1782,59.4,667.35,187.4,-25.349,-10.083,27.281
1783,59.433,668.43,187.41,-26.579,-13.841,29.967
1784,59.467,665.75,186.49,-26.215,-17.463,31.499
1785,59.5,665.29,186.3,-22.959,-18.986,29.793
1786,59.533,664.36,186.14,-17.804,-17.804,25.178
1787,59.567,663.17,185.51,-9.164,-13.768,16.539
1788,59.6,662.69,184.87,2.614,-6.301,6.822
1789,59.633,663.39,184.66,11.538,0.851,11.569
1790,59.667,662.97,183.61,20.43,8.462,22.113
1791,59.7,660.47,183.44,27.924,15.397,31.888
1792,59.733,662.31,182.84,34.239,21.689,40.53
1793,59.767,663.27,182.88,39.056,27.817,47.95
1794,59.8,666.54,183.37,41.496,33.349,53.236
1795,59.833,673.36,186.0,42.664,37.3,56.67
1796,59.867,672.84,188.47,42.618,41.163,59.251
1797,59.9,672.92,191.97,42.214,46.925,63.119
1798,59.933,675.06,194.1,40.818,53.353,67.176
1799,59.967,679.08,197.59,37.617,59.791,70.64
1800,60.0,681.05,199.78,35.184,67.248,75.896
1801,60.033,683.69,202.25,32.521,72.766,79.703
1802,60.067,683.29,203.54,30.3,75.365,81.228
1803,60.1,681.5,204.85,29.54,75.282,80.87
1804,60.133,680.0,204.38,31.101,75.617,81.763
1805,60.167,679.4,205.6,34.182,75.76,83.114
1806,60.2,679.97,208.32,38.835,77.215,86.431
1807,60.233,679.98,211.82,46.397,77.692,90.492
1808,60.267,681.25,213.62,54.471,79.982,96.769
1809,60.3,685.7,218.45,62.942,84.36,105.254
1810,60.333,688.21,225.99,70.405,89.859,114.156
1811,60.367,692.62,231.74,73.998,95.781,121.035
1812,60.4,694.11,232.02,76.698,101.993,127.613
1813,60.433,697.22,233.62,78.032,107.124,132.531
1814,60.467,701.14,235.03,77.749,109.972,134.68
1815,60.5,704.08,233.52,74.663,110.012,132.956
1816,60.533,708.01,236.59,68.941,107.596,127.788
1817,60.567,711.9,242.61,60.058,102.567,118.857
1818,60.6,714.72,250.72,48.99,94.543,106.482
1819,60.633,714.92,253.56,37.352,84.617,92.494
1820,60.667,714.44,257.33,26.053,74.737,79.148
1821,60.7,713.89,258.78,15.096,65.237,66.961
1822,60.733,712.52,265.01,5.243,55.851,56.096
1823,60.767,711.58,266.7,-2.849,46.535,46.622
1824,60.8,711.15,266.69,-9.438,38.929,40.057
1825,60.833,710.65,267.78,-15.022,30.988,34.437
1826,60.867,710.47,267.28,-18.861,21.115,28.313
1827,60.9,710.03,265.3,-22.13,9.22,23.973
1828,60.933,710.79,262.95,-23.01,-2.422,23.137
1829,60.967,710.26,263.2,-22.632,-13.001,26.101
1830,61.0,709.14,262.57,-22.136,-22.239,31.378
1831,61.033,708.5,261.74,-20.615,-27.582,34.434
1832,61.067,707.5,260.52,-19.583,-30.42,36.178
1833,61.1,707.47,261.81,-18.78,-32.014,37.116
1834,61.133,706.86,262.19,-18.913,-33.673,38.62
1835,61.167,705.78,261.9,-18.826,-33.5,38.428
1836,61.2,705.7,260.84,-19.055,-30.134,35.653
1837,61.233,704.42,259.73,-18.262,-25.331,31.228
1838,61.267,703.76,258.33,-17.228,-22.921,28.674
1839,61.3,704.28,255.52,-13.77,-21.76,25.751
1840,61.333,703.33,254.21,-10.177,-21.52,23.805
1841,61.367,702.66,252.54,-4.9,-22.033,22.571
1842,61.4,702.54,251.37,1.329,-23.325,23.363
1843,61.433,701.48,251.52,7.381,-25.243,26.3
1844,61.467,701.36,250.35,12.882,-26.883,29.81
1845,61.5,702.81,250.19,18.702,-29.72,35.115
1846,61.533,703.08,250.08,24.764,-33.284,41.486
1847,61.567,705.08,250.66,29.878,-36.933,47.505
1848,61.6,705.41,251.4,34.467,-39.885,52.714
1849,61.633,706.87,251.26,38.187,-43.165,57.632
1850,61.667,707.86,250.84,41.6,-46.397,62.316
1851,61.7,711.07,244.31,44.147,-49.49,66.319
1852,61.733,711.89,241.25,44.98,-51.933,68.704
1853,61.767,715.82,239.46,45.606,-54.316,70.923
1854,61.8,714.94,237.79,45.178,-56.271,72.163
1855,61.833,718.2,236.68,43.216,-56.422,71.071
1856,61.867,718.09,233.31,40.597,-54.75,68.159
1857,61.9,718.18,230.47,37.023,-51.261,63.232
1858,61.933,720.5,229.05,32.396,-45.699,56.017
1859,61.967,722.06,227.2,28.04,-39.124,48.134
1860,62.0,722.09,226.67,24.054,-31.359,39.521
1861,62.033,722.02,226.85,20.307,-23.697,31.208
1862,62.067,723.68,226.96,16.981,-16.15,23.435
1863,62.1,724.87,226.85,13.658,-9.729,16.769
1864,62.133,725.46,226.66,11.143,-5.641,12.489
1865,62.167,724.61,226.13,9.256,-4.043,10.101
1866,62.2,724.9,225.76,8.047,-5.358,9.668
1867,62.233,726.01,224.96,6.916,-6.057,9.194
1868,62.267,725.01,225.72,7.419,-7.411,10.486
1869,62.3,725.16,226.69,6.571,-9.61,11.642
1870,62.333,725.08,227.07,6.255,-12.805,14.251
1871,62.367,724.62,226.38,4.743,-17.292,17.931
1872,62.4,725.12,226.08,3.537,-20.679,20.98
1873,62.433,726.23,224.52,3.331,-23.247,23.485
1874,62.467,726.63,222.9,2.155,-26.276,26.364
1875,62.5,726.96,221.24,2.03,-27.787,27.861
1876,62.533,726.28,220.71,0.522,-25.708,25.713
1877,62.567,726.66,219.29,-1.422,-21.412,21.459
1878,62.6,726.53,217.99,-4.503,-15.215,15.868
1879,62.633,726.61,217.71,-8.422,-7.531,11.298
1880,62.667,726.34,217.58,-13.447,1.169,13.497
1881,62.7,726.75,217.8,-18.843,10.413,21.529
1882,62.733,725.93,217.41,-24.46,19.523,31.296
1883,62.767,723.12,217.95,-30.08,28.333,41.323
1884,62.8,722.26,218.47,-34.557,35.836,49.783
1885,62.833,722.11,219.9,-38.176,41.7,56.536
1886,62.867,721.54,222.36,-40.299,46.284,61.37
1887,62.9,720.87,223.15,-40.946,49.124,63.951
1888,62.933,718.68,225.6,-40.222,49.932,64.117
1889,62.967,717.99,231.74,-38.769,49.432,62.822
1890,63.0,712.1,236.65,-36.282,47.876,60.07
1891,63.033,712.07,236.27,-32.876,46.145,56.658
1892,63.067,711.09,236.87,-28.018,44.482,52.571
1893,63.1,710.11,236.98,-22.32,43.284,48.7
1894,63.133,708.71,236.9,-16.74,42.489,45.668
1895,63.167,708.62,236.68,-11.211,41.473,42.961
1896,63.2,709.62,236.83,-5.761,40.726,41.131
1897,63.233,710.54,237.66,-0.211,39.336,39.337
1898,63.267,710.67,239.16,5.558,37.824,38.231
1899,63.3,711.02,241.07,12.047,35.746,37.721
1900,63.333,711.62,242.81,17.525,33.217,37.556
1901,63.367,711.43,243.34,20.359,30.824,36.941
1902,63.4,712.1,245.36,20.216,29.182,35.501
1903,63.433,712.31,247.64,17.462,29.641,34.402
1904,63.467,712.99,249.98,12.258,30.972,33.31
1905,63.5,713.33,252.67,1.98,31.371,31.433
1906,63.533,713.53,254.27,-9.367,31.272,32.645
1907,63.567,713.14,254.13,-23.166,29.536,37.537
1908,63.6,712.16,253.57,-37.909,26.373,46.181
1909,63.633,713.04,252.97,-52.064,22.082,56.553
1910,63.667,713.13,252.75,-64.417,17.165,66.664
1911,63.7,712.88,251.15,-74.412,11.991,75.372
1912,63.733,709.91,251.15,-80.638,8.562,81.091
1913,63.767,705.5,251.45,-82.605,5.353,82.778
1914,63.8,700.16,253.04,-81.655,4.501,81.779
1915,63.833,694.97,256.18,-79.17,5.868,79.388
1916,63.867,691.02,258.94,-74.61,8.446,75.086
1917,63.9,687.2,259.97,-67.351,13.199,68.632
1918,63.933,681.7,259.78,-57.003,17.427,59.608
1919,63.967,676.85,260.43,-46.676,23.126,52.091
1920,64.0,677.23,259.46,-38.9,30.48,49.419
1921,64.033,678.03,254.95,-33.279,38.221,50.679
1922,64.067,679.69,256.66,-30.535,46.674,55.775
1923,64.1,681.83,258.1,-31.796,57.243,65.481
1924,64.133,683.4,260.58,-34.042,68.575,76.559
1925,64.167,685.31,263.91,-40.249,80.195,89.729
1926,64.2,686.77,268.95,-50.306,93.25,105.954
1927,64.233,684.25,271.2,-64.215,106.666,124.503
1928,64.267,678.82,277.73,-81.184,119.106,144.142
1929,64.3,675.13,280.33,-97.855,130.517,163.127
1930,64.333,673.49,282.42,-113.155,138.356,178.736
1931,64.367,669.62,286.6,-124.777,141.196,188.429
1932,64.4,663.45,290.34,-133.0,138.964,192.354
1933,64.433,652.23,299.61,-138.511,132.556,191.72
1934,64.467,644.67,305.29,-138.772,122.916,185.381
1935,64.5,640.77,309.62,-133.33,109.441,172.494
1936,64.533,635.77,314.85,-123.674,93.715,155.17
1937,64.567,631.94,318.93,-110.507,78.758,135.7
1938,64.6,631.86,319.7,-94.657,62.944,113.674
1939,64.633,626.44,321.93,-77.75,47.781,91.259
1940,64.667,625.05,324.14,-60.228,33.562,68.948
1941,64.7,624.49,321.49,-43.897,20.934,48.633
1942,64.733,624.83,320.36,-30.398,8.837,31.657
1943,64.767,628.02,319.26,-18.927,-1.174,18.963
1944,64.8,627.95,316.4,-8.498,-10.938,13.851
1945,64.833,628.77,316.41,-0.027,-18.687,18.687
1946,64.867,626.47,317.11,4.779,-22.801,23.296
1947,64.9,624.47,317.42,6.634,-24.161,25.055
1948,64.933,625.34,317.03,6.316,-22.832,23.689
1949,64.967,624.87,315.99,5.932,-20.928,21.753
1950,65.0,625.45,316.07,4.365,-16.058,16.641
1951,65.033,625.1,315.87,1.973,-10.342,10.529
1952,65.067,625.16,316.08,1.027,-6.339,6.421
1953,65.1,624.74,316.82,0.237,-3.729,3.736
1954,65.133,625.23,316.59,-1.85,-0.35,1.883
1955,65.167,624.71,316.39,-2.634,2.912,3.927
1956,65.2,624.57,315.02,-3.916,5.709,6.923
1957,65.233,625.06,314.58,-5.21,9.33,10.686
1958,65.267,625.41,314.68,-6.824,13.059,14.735
1959,65.3,625.7,315.16,-9.6,16.423,19.023
1960,65.333,625.52,316.66,-13.648,20.952,25.005
1961,65.367,625.09,317.04,-18.791,25.515,31.688
1962,65.4,623.23,318.4,-23.438,29.842,37.945
1963,65.433,620.69,321.59,-27.252,32.749,42.605
1964,65.467,620.21,323.25,-31.88,36.133,48.187
1965,65.5,621.98,320.36,-36.667,40.039,54.292
1966,65.533,621.4,320.83,-41.883,43.813,60.611
1967,65.567,617.47,324.83,-46.994,47.613,66.899
1968,65.6,615.59,328.66,-51.601,50.592,72.265
1969,65.633,612.99,330.64,-54.881,51.943,75.564
1970,65.667,610.87,331.98,-57.121,52.463,77.558
1971,65.7,610.35,331.92,-57.561,52.372,77.82
1972,65.733,608.95,332.92,-56.103,51.844,76.389
1973,65.767,607.71,334.1,-53.175,51.011,73.686
1974,65.8,604.28,336.49,-49.085,49.344,69.6
1975,65.833,603.37,338.27,-44.987,46.029,64.362
1976,65.867,601.09,340.13,-40.226,41.692,57.934
1977,65.9,598.67,341.39,-36.983,38.248,53.204
1978,65.933,596.21,345.46,-34.132,35.02,48.903
1979,65.967,594.97,346.21,-31.539,31.337,44.46
1980,66.0,594.32,347.06,-31.364,28.037,42.069
1981,66.033,594.05,347.75,-34.019,28.051,44.092
1982,66.067,594.54,347.62,-38.683,30.935,49.531
1983,66.1,594.8,348.25,-42.831,33.394,54.31
1984,66.133,594.45,349.66,-45.216,33.529,56.291
1985,66.167,594.02,350.12,-47.318,34.869,58.778
1986,66.2,592.93,349.77,-48.811,37.471,61.535
1987,66.233,590.86,350.49,-52.111,42.125,67.008
1988,66.267,587.92,350.73,-55.48,48.874,73.937
1989,66.3,584.12,352.29,-58.371,56.16,81.0
1990,66.333,581.23,356.88,-60.67,63.527,87.843
1991,66.367,575.61,360.88,-64.25,70.769,95.585
1992,66.4,573.49,362.97,-67.805,77.093,102.669
1993,66.433,570.18,366.29,-71.288,83.664,109.916
1994,66.467,567.52,369.37,-74.33,87.832,115.062
1995,66.5,568.4,371.93,-76.982,90.513,118.823
1996,66.533,568.21,373.77,-78.414,91.727,120.675
1997,66.567,568.4,374.07,-78.789,90.709,120.149
1998,66.6,567.49,377.42,-78.455,88.044,117.928
1999,66.633,561.64,385.39,-77.233,84.042,114.14
2000,66.667,558.77,388.05,-75.157,78.282,108.52
2001,66.7,554.65,390.57,-73.325,70.658,101.828
2002,66.733,554.1,392.47,-69.889,61.755,93.264
2003,66.767,550.84,392.49,-67.999,52.713,86.038
2004,66.8,545.28,394.84,-67.516,44.277,80.739
2005,66.833,541.23,396.27,-66.506,36.792,76.005
2006,66.867,539.19,397.67,-67.201,30.395,73.755
2007,66.9,536.41,400.01,-67.65,25.016,72.127
2008,66.933,534.84,399.53,-69.136,22.217,72.617
2009,66.967,534.32,399.93,-69.26,21.649,72.565
2010,67.0,534.53,400.21,-68.995,22.461,72.559
2011,67.033,533.41,399.56,-70.025,24.796,74.286
2012,67.067,532.49,400.26,-72.63,29.015,78.211
2013,67.1,531.24,400.95,-76.87,35.12,84.513
2014,67.133,528.73,400.61,-82.807,41.778,92.749
2015,67.167,525.28,400.37,-87.638,45.604,98.794
2016,67.2,522.64,402.05,-91.575,48.258,103.512
2017,67.233,514.08,405.58,-93.967,50.023,106.452
2018,67.267,510.95,408.1,-96.183,50.315,108.548
2019,67.3,508.3,411.96,-97.033,50.026,109.17
2020,67.333,502.15,416.43,-94.961,48.038,106.42
2021,67.367,499.79,418.54,-90.202,44.862,100.742
2022,67.4,497.7,420.92,-83.233,40.164,92.417
2023,67.433,496.72,421.64,-73.858,33.481,81.092
2024,67.467,492.66,420.95,-63.051,26.314,68.321
2025,67.5,490.78,421.06,-50.967,18.024,54.06
2026,67.533,489.2,420.41,-39.168,9.732,40.359
2027,67.567,489.07,418.75,-28.09,2.384,28.191
2028,67.6,488.48,418.54,-18.139,-4.845,18.775
2029,67.633,488.82,418.13,-10.344,-10.949,15.063
2030,67.667,489.49,418.36,-4.099,-15.547,16.078
2031,67.7,489.1,418.55,0.276,-17.42,17.422
2032,67.733,489.52,417.32,1.508,-16.857,16.925
2033,67.767,489.55,417.05,3.344,-15.089,15.455
2034,67.8,489.54,416.87,3.922,-11.788,12.423
2035,67.833,489.53,416.81,2.594,-8.045,8.453
2036,67.867,489.81,416.22,2.18,-4.998,5.453
2037,67.9,489.45,416.25,1.015,-1.718,1.996
2038,67.933,489.31,416.1,-0.13,-0.268,0.298
2039,67.967,489.96,415.7,-2.676,0.455,2.714
2040,68.0,488.88,416.77,-4.045,1.142,4.203
2041,68.033,488.5,416.45,-4.461,1.01,4.574
2042,68.067,488.8,415.87,-4.303,2.04,4.763
2043,68.1,488.24,416.79,-4.084,4.649,6.188
2044,68.133,488.57,416.5,-3.778,7.291,8.212
2045,68.167,487.42,417.66,-3.884,9.43,10.199
2046,68.2,486.82,417.79,-3.924,10.345,11.064
2047,68.233,487.6,417.37,-4.089,8.771,9.678
2048,68.267,487.52,417.44,-4.323,5.582,7.061
2049,68.3,487.23,417.24,-4.499,0.088,4.5
2050,68.333,488.07,417.07,-4.752,-6.802,8.298
2051,68.367,487.59,417.02,-5.175,-14.717,15.6
2052,68.4,488.12,415.55,-6.21,-22.456,23.299
2053,68.433,487.01,417.06,-7.403,-29.815,30.721
2054,68.467,487.94,417.42,-8.543,-36.116,37.112
2055,68.5,487.4,417.53,-9.898,-41.268,42.439
2056,68.533,485.91,418.57,-10.865,-45.672,46.946
2057,68.567,485.29,415.46,-11.685,-48.601,49.986
2058,68.6,484.56,411.05,-12.185,-50.103,51.564
2059,68.633,484.47,407.1,-12.591,-52.626,54.112
2060,68.667,484.9,403.3,-12.945,-54.789,56.297
2061,68.7,483.79,399.41,-12.156,-53.894,55.248
2062,68.733,484.05,397.85,-10.336,-50.404,51.453
2063,68.767,483.49,396.66,-8.768,-43.805,44.674
2064,68.8,482.8,397.48,-1.345,-36.069,36.094
2065,68.833,482.31,397.85,6.867,-26.348,27.228
2066,68.867,482.02,398.7,11.126,-14.899,18.595
2067,68.9,482.52,398.83,15.989,-2.958,16.26
2068,68.933,483.07,398.84,18.762,8.623,20.649
2069,68.967,483.32,398.16,17.753,20.333,26.993
2070,69.0,483.22,398.14,12.97,29.854,32.55
2071,69.033,483.68,397.78,4.784,37.55,37.854
2072,69.067,484.58,397.31,-5.357,42.025,42.365
2073,69.1,484.51,397.8,-16.222,44.257,47.137
2074,69.133,486.0,403.65,-28.21,47.04,54.85
2075,69.167,487.09,410.54,-41.676,51.765,66.456
2076,69.2,487.58,411.03,-55.523,57.724,80.093
2077,69.233,488.08,412.51,-68.588,66.806,95.746
2078,69.267,490.07,412.57,-80.587,77.092,111.523
2079,69.3,476.64,415.79,-90.939,86.353,125.407
2080,69.333,469.24,417.04,-99.007,93.034,135.859
2081,69.367,469.76,417.59,-104.423,97.512,142.874
2082,69.4,460.86,419.47,-107.664,100.3,147.145
2083,69.433,454.15,424.82,-108.179,100.546,147.69
2084,69.467,452.56,425.46,-105.976,97.956,144.313
2085,69.5,449.86,430.69,-100.985,93.254,137.456
2086,69.533,448.73,434.92,-93.465,87.392,127.957
2087,69.567,447.3,440.13,-83.476,80.3,115.829
2088,69.6,443.61,447.75,-71.907,72.997,102.465
2089,69.633,441.86,452.1,-59.249,66.685,89.204
2090,69.667,442.06,453.03,-46.755,58.679,75.028
2091,69.7,440.92,454.94,-35.041,47.133,58.731
2092,69.733,440.25,452.17,-24.615,34.418,42.314
2093,69.767,438.84,449.23,-17.596,21.77,27.992
2094,69.8,437.89,449.48,-16.066,10.379,19.126
2095,69.833,436.82,450.72,-12.655,-0.402,12.662
2096,69.867,435.67,451.17,-9.177,-9.152,12.961
2097,69.9,436.45,448.98,-9.638,-14.921,17.763
2098,69.933,436.09,448.35,-10.067,-17.33,20.042
2099,69.967,435.72,448.71,-11.368,-18.432,21.655
2100,70.0,435.29,449.27,-13.427,-14.797,19.981
2101,70.033,435.66,448.14,-15.441,-9.567,18.164
2102,70.067,435.1,448.73,-17.202,-3.131,17.485
2103,70.1,434.79,449.38,-14.446,3.644,14.899
2104,70.133,435.41,448.26,-6.862,8.202,10.693
2105,70.167,435.7,447.36,1.493,12.014,12.107
2106,70.2,435.32,447.91,9.406,14.842,17.572
2107,70.233,433.67,450.41,15.642,16.747,22.916
2108,70.267,433.46,451.22,18.961,21.738,28.845
2109,70.3,432.67,452.75,20.538,29.657,36.074
2110,70.333,431.53,453.92,20.153,38.218,43.206
2111,70.367,430.99,455.03,14.7,43.741,46.145
2112,70.4,430.86,456.55,10.175,49.166,50.208
2113,70.433,432.74,457.48,7.66,57.336,57.846
2114,70.467,438.95,459.59,7.489,66.08,66.503
2115,70.5,443.1,459.32,9.515,74.24,74.847
2116,70.533,448.49,461.01,14.425,81.844,83.105
2117,70.567,453.49,464.12,20.926,88.325,90.77
2118,70.6,448.29,467.64,28.518,93.412,97.668
2119,70.633,441.15,472.68,36.023,96.878,103.358
2120,70.667,438.6,475.76,43.6,99.615,108.739
2121,70.7,435.0,482.07,49.669,102.395,113.806
2122,70.733,434.25,487.3,54.149,104.082,117.325
2123,70.767,436.33,488.02,57.836,103.91,118.921
2124,70.8,438.01,488.78,59.886,101.775,118.087
2125,70.833,441.29,490.52,61.119,97.582,115.143
2126,70.867,455.68,499.37,61.699,90.719,109.712
2127,70.9,462.05,503.29,62.534,80.46,101.903
2128,70.933,464.85,502.75,63.967,68.555,93.763
2129,70.967,467.33,504.02,65.68,55.703,86.12
2130,71.0,469.48,505.78,64.988,41.034,76.858
2131,71.033,468.88,505.89,61.996,26.197,67.304
2132,71.067,468.14,508.26,54.602,11.807,55.864
2133,71.1,467.57,509.34,41.521,-2.239,41.581
2134,71.133,468.24,509.96,27.619,-15.622,31.731
2135,71.167,466.14,510.08,15.677,-29.149,33.097
2136,71.2,466.11,508.12,5.201,-40.892,41.221
2137,71.233,466.38,506.51,-2.101,-52.246,52.288
2138,71.267,466.46,503.21,-6.318,-62.891,63.208
2139,71.3,467.45,500.51,-7.463,-69.842,70.24
2140,71.333,467.97,496.53,-4.477,-72.65,72.788
2141,71.367,469.79,493.74,1.984,-71.179,71.206
2142,71.4,470.57,493.52,6.479,-69.333,69.635
2143,71.433,471.36,490.19,10.359,-65.596,66.409
2144,71.467,471.23,486.44,13.222,-59.005,60.468
2145,71.5,470.95,484.28,14.615,-50.491,52.563
2146,71.533,470.05,483.25,14.799,-40.81,43.411
2147,71.567,469.98,481.58,12.957,-30.103,32.773
2148,71.6,470.42,480.59,11.003,-18.181,21.252
2149,71.633,471.0,480.2,9.393,-5.48,10.874
2150,71.667,471.29,481.55,7.17,6.553,9.714
2151,71.7,471.5,482.38,6.571,16.265,17.542
2152,71.733,472.34,483.76,6.269,23.364,24.19
2153,71.767,473.97,485.55,6.397,27.525,28.259
2154,71.8,474.97,486.3,7.463,30.251,31.158
2155,71.833,475.39,487.56,8.6,31.622,32.771
2156,71.867,476.55,488.72,10.497,31.676,33.37
2157,71.9,474.92,489.6,12.587,30.298,32.809
2158,71.933,473.1,489.21,15.382,26.191,30.374
2159,71.967,473.37,490.3,18.043,20.674,27.441
2160,72.0,473.98,491.43,21.232,14.324,25.612
2161,72.033,473.13,492.81,24.3,7.775,25.514
2162,72.067,476.97,495.66,28.218,0.519,28.223
2163,72.1,478.3,494.22,32.753,-6.727,33.437
2164,72.133,479.01,491.55,36.257,-12.612,38.388
2165,72.167,480.74,489.13,39.18,-16.33,42.447
2166,72.2,481.08,488.17,41.628,-19.561,45.995
2167,72.233,482.97,488.82,44.545,-22.538,49.922
2168,72.267,484.9,489.59,46.182,-25.194,52.608
2169,72.3,486.37,488.63,47.32,-28.234,55.103
2170,72.333,489.11,486.41,47.119,-30.297,56.018
2171,72.367,491.11,485.38,45.906,-31.871,55.885
2172,72.4,492.56,483.98,42.354,-31.867,53.003
2173,72.433,492.93,482.52,37.781,-30.871,48.789
2174,72.467,494.24,481.62,33.389,-28.993,44.22
2175,72.5,494.43,481.7,27.769,-26.569,38.432
2176,72.533,495.85,480.56,22.292,-23.65,32.501
2177,72.567,495.81,480.6,18.165,-20.795,27.612
2178,72.6,494.94,481.5,12.699,-20.064,23.745
2179,72.633,496.84,480.38,6.838,-19.459,20.626
2180,72.667,497.8,477.3,0.986,-18.021,18.048
2181,72.7,498.77,475.89,-7.091,-15.474,17.021
2182,72.733,497.33,475.85,-14.338,-11.592,18.438
2183,72.767,498.51,475.7,-20.266,-6.533,21.293
2184,72.8,496.37,477.19,-25.028,-1.481,25.072
2185,72.833,495.21,477.4,-28.065,5.146,28.533
2186,72.867,492.96,478.54,-32.079,13.014,34.618
2187,72.9,492.01,477.19,-35.844,20.693,41.388
2188,72.933,491.46,476.62,-39.128,27.305,47.713
2189,72.967,489.77,477.76,-40.593,32.603,52.065
2190,73.0,490.24,478.5,-40.241,35.523,53.677
2191,73.033,488.18,478.85,-37.879,35.169,51.688
2192,73.067,485.43,479.34,-34.716,32.72,47.705
2193,73.1,483.45,481.68,-29.819,27.471,40.544
2194,73.133,481.47,483.88,-22.981,19.259,29.984
2195,73.167,479.67,486.29,-15.979,9.794,18.742
2196,73.2,483.22,489.3,-8.97,0.765,9.002
2197,73.233,483.91,491.15,-2.565,-8.126,8.522
2198,73.267,482.8,490.77,4.668,-17.484,18.096
2199,73.3,481.85,490.91,10.486,-26.917,28.887
2200,73.333,479.88,487.18,16.75,-35.929,39.641
2201,73.367,482.66,483.2,22.284,-41.899,47.456
2202,73.4,484.37,479.23,26.964,-45.729,53.087
2203,73.433,486.74,476.14,29.616,-46.768,55.356
2204,73.467,487.95,472.96,30.852,-44.929,54.502
2205,73.5,488.01,471.38,30.807,-40.662,51.014
2206,73.533,488.26,471.1,26.396,-33.333,42.519
2207,73.567,489.41,470.26,19.257,-24.819,31.413
2208,73.6,489.49,470.65,8.665,-14.428,16.83
2209,73.633,489.65,471.21,-5.923,-3.46,6.859
2210,73.667,489.99,470.87,-22.562,7.52,23.782
2211,73.7,490.22,470.46,-39.839,16.829,43.248
2212,73.733,490.37,470.99,-58.121,22.534,62.336
2213,73.767,488.57,473.37,-75.082,24.392,78.945
2214,73.8,487.2,477.38,-88.936,22.37,91.706
2215,73.833,483.31,480.52,-99.392,15.539,100.6
2216,73.867,479.27,479.58,-105.425,6.789,105.644
2217,73.9,475.33,478.82,-108.888,-2.404,108.914
2218,73.933,471.77,479.14,-109.414,-11.044,109.97
2219,73.967,464.95,479.15,-107.95,-18.038,109.446
2220,74.0,456.93,478.12,-104.776,-22.871,107.243
2221,74.033,451.96,474.75,-97.39,-24.957,100.537
2222,74.067,445.67,474.91,-85.698,-25.608,89.442
2223,74.1,443.03,473.18,-72.655,-24.138,76.56
2224,74.133,444.3,470.94,-58.714,-20.8,62.289
2225,74.167,445.8,467.82,-44.352,-15.993,47.147
2226,74.2,448.66,465.82,-31.039,-9.067,32.336
2227,74.233,449.54,465.45,-18.84,0.042,18.84
2228,74.267,449.03,465.17,-8.113,10.635,13.376
2229,74.3,447.61,466.71,1.03,20.644,20.669
2230,74.333,446.72,470.33,7.393,29.017,29.944
2231,74.367,446.55,473.33,11.847,35.276,37.212
2232,74.4,446.53,475.69,13.593,38.466,40.797
2233,74.433,446.6,478.13,12.886,38.989,41.063
2234,74.467,447.79,479.13,9.789,35.375,36.704
2235,74.5,450.94,480.6,6.144,29.245,29.883
2236,74.533,449.66,480.1,3.322,20.723,20.988
2237,74.567,446.01,481.27,0.627,11.572,11.589
2238,74.6,445.59,481.94,0.319,1.659,1.689
2239,74.633,445.97,481.81,1.642,-8.125,8.289
2240,74.667,446.16,481.78,3.162,-17.295,17.582
2241,74.7,448.2,480.68,4.415,-24.406,24.802
2242,74.733,449.23,478.89,4.162,-28.665,28.965
2243,74.767,448.97,476.72,3.488,-29.829,30.033
2244,74.8,448.74,475.77,2.479,-28.173,28.282
2245,74.833,448.84,473.03,1.754,-24.4,24.463
2246,74.867,448.27,468.65,1.161,-19.106,19.141
2247,74.9,449.18,468.9,0.727,-13.152,13.172
2248,74.933,449.46,468.76,0.445,-5.953,5.97
2249,74.967,448.88,471.56,0.547,1.67,1.757
2250,75.0,448.09,471.89,0.482,9.736,9.748
2251,75.033,447.72,473.57,-1.052,17.987,18.018
2252,75.067,448.33,475.78,-2.464,26.107,26.223
2253,75.1,448.12,475.95,-2.411,32.835,32.923
2254,75.133,448.17,476.52,-1.62,37.5,37.535
2255,75.167,447.95,478.04,-0.542,39.283,39.287
2256,75.2,448.04,479.55,0.123,38.737,38.738
2257,75.233,448.56,480.37,-0.099,34.749,34.749
2258,75.267,447.7,480.17,-2.205,27.543,27.631
2259,75.3,447.6,481.3,-5.149,18.64,19.338
2260,75.333,447.52,482.96,-7.422,8.384,11.198
2261,75.367,447.96,483.26,-8.193,-2.731,8.636
2262,75.4,448.17,484.81,-7.626,-12.727,14.836
2263,75.433,448.54,484.46,-7.392,-23.066,24.222
2264,75.467,448.51,483.88,-6.935,-33.081,33.8
2265,75.5,448.19,482.94,-6.6,-42.494,43.004
2266,75.533,447.2,479.97,-5.75,-49.711,50.042
2267,75.567,446.2,477.68,-4.394,-55.245,55.419
2268,75.6,445.69,474.71,-3.466,-59.016,59.117
2269,75.633,444.35,471.65,-1.514,-59.252,59.271
2270,75.667,442.98,469.88,0.179,-57.601,57.602
2271,75.7,443.44,465.68,2.493,-54.509,54.566
2272,75.733,442.99,464.27,4.296,-50.343,50.526
2273,75.767,445.75,464.09,4.473,-45.391,45.61
2274,75.8,448.96,462.45,3.83,-40.263,40.445
2275,75.833,449.94,459.52,3.101,-34.636,34.775
2276,75.867,448.45,458.57,1.83,-29.184,29.241
2277,75.9,447.19,458.1,0.862,-23.344,23.36
2278,75.933,447.53,459.02,0.52,-18.376,18.384
2279,75.967,446.78,461.44,0.324,-14.438,14.442
2280,76.0,447.56,461.83,0.735,-11.793,11.816
2281,76.033,447.61,461.8,1.139,-9.663,9.73
2282,76.067,447.42,462.06,1.52,-7.645,7.795
2283,76.1,448.21,461.34,1.747,-6.469,6.701
2284,76.133,446.24,457.96,2.142,-5.422,5.83
2285,76.167,446.17,457.12,3.236,-4.989,5.946
2286,76.2,444.02,455.91,5.385,-4.903,7.282
2287,76.233,443.43,454.67,8.176,-4.233,9.207
2288,76.267,444.99,454.07,11.526,-3.266,11.98
2289,76.3,447.35,456.26,13.794,-2.652,14.047
2290,76.333,448.38,456.87,13.302,-1.379,13.374
2291,76.367,451.11,457.65,11.413,1.248,11.481
2292,76.4,451.95,457.66,8.243,4.537,9.41
2293,76.433,451.85,457.74,5.04,8.576,9.947
2294,76.467,451.9,458.91,1.259,12.576,12.639
2295,76.5,450.42,460.44,-2.535,15.503,15.708
2296,76.533,449.62,459.75,-7.133,18.649,19.966
2297,76.567,449.3,459.45,-13.859,24.597,28.233
2298,76.6,449.58,459.96,-20.891,29.053,35.784
2299,76.633,448.92,459.74,-26.73,30.834,40.807
2300,76.667,448.13,461.33,-29.136,31.184,42.677
2301,76.7,447.08,461.67,-29.841,31.067,43.077
2302,76.733,444.95,463.56,-27.325,30.151,40.691
2303,76.767,443.66,464.55,-21.041,29.55,36.276
2304,76.8,441.99,465.77,-13.228,29.217,32.072
2305,76.833,442.11,466.35,-5.84,27.434,28.049
2306,76.867,440.61,467.6,0.294,24.188,24.19
2307,76.9,441.72,469.41,5.636,19.738,20.527
2308,76.933,441.23,471.18,9.728,14.415,17.39
2309,76.967,440.7,473.36,13.049,8.643,15.652
2310,77.0,440.46,475.56,14.795,1.986,14.928
2311,77.033,440.84,475.81,15.381,-5.879,16.467
2312,77.067,446.32,467.93,14.785,-13.726,20.175
2313,77.1,450.66,465.51,12.69,-21.126,24.644
2314,77.133,451.63,465.88,9.029,-27.442,28.889
2315,77.167,450.33,467.74,3.517,-33.447,33.632
2316,77.2,450.66,466.2,-3.402,-37.414,37.569
2317,77.233,450.11,466.04,-12.544,-38.723,40.704
2318,77.267,446.45,464.12,-20.166,-38.817,43.743
2319,77.3,443.74,461.75,-25.379,-39.458,46.915
2320,77.333,442.79,459.64,-27.472,-40.192,48.684
2321,77.367,444.52,458.72,-26.167,-41.306,48.896
2322,77.4,442.65,457.22,-19.614,-42.698,46.988
2323,77.433,442.02,456.1,-9.797,-43.013,44.115
2324,77.467,440.45,454.61,3.46,-42.129,42.27
2325,77.5,439.78,453.24,19.39,-41.516,45.821
2326,77.533,439.96,452.26,36.842,-42.371,56.148
2327,77.567,440.17,451.6,55.581,-46.139,72.236
2328,77.6,441.12,450.92,71.475,-48.235,86.228
2329,77.633,441.93,448.69,81.217,-49.469,95.097
2330,77.667,445.12,449.93,86.56,-52.434,101.203
2331,77.7,449.25,446.12,88.2,-57.422,105.245
2332,77.733,458.32,440.95,84.638,-63.556,105.844
2333,77.767,463.77,435.8,76.451,-71.471,104.656
2334,77.8,468.27,434.81,65.741,-79.715,103.327
2335,77.833,472.95,433.17,53.191,-87.121,102.075
2336,77.867,475.59,433.6,39.035,-93.11,100.961
2337,77.9,474.91,434.33,22.44,-97.662,100.207
2338,77.933,473.74,431.33,5.536,-99.606,99.759
2339,77.967,471.33,426.0,-11.152,-100.052,100.672
2340,78.0,468.49,420.53,-26.469,-97.446,100.977
2341,78.033,466.08,414.46,-39.755,-92.877,101.027
2342,78.067,461.55,411.38,-50.212,-86.418,99.946
2343,78.1,457.01,408.21,-57.1,-78.383,96.976
2344,78.133,457.17,403.3,-60.093,-69.48,91.862
2345,78.167,455.28,401.58,-58.465,-59.506,83.421
2346,78.2,453.46,398.84,-52.897,-50.837,73.365
2347,78.233,453.21,397.93,-43.2,-41.9,60.182
2348,78.267,452.94,398.37,-34.111,-30.436,45.716
2349,78.3,452.91,399.06,-23.814,-17.223,29.389
2350,78.333,452.94,399.62,-12.914,-4.066,13.539
2351,78.367,452.68,400.45,-4.41,6.218,7.623
2352,78.4,452.36,401.23,2.267,12.911,13.109
2353,78.433,452.37,400.5,5.597,14.496,15.539
2354,78.467,451.96,402.15,5.887,13.663,14.877
2355,78.5,452.11,400.94,2.936,9.939,10.364
2356,78.533,452.39,401.61,-3.518,3.534,4.986
2357,78.567,452.08,401.77,-12.186,-4.688,13.057
2358,78.6,451.86,401.3,-19.646,-13.487,23.83
2359,78.633,451.82,401.01,-25.587,-22.497,34.071
2360,78.667,451.92,400.78,-31.216,-31.379,44.261
2361,78.7,452.0,400.36,-36.603,-42.372,55.993
2362,78.733,450.11,400.17,-41.877,-54.908,69.055
2363,78.767,450.98,395.8,-46.364,-67.268,81.698
2364,78.8,448.19,392.21,-49.85,-80.458,94.649
2365,78.833,443.55,386.45,-52.202,-94.233,107.726
2366,78.867,441.04,385.57,-53.227,-107.394,119.861
2367,78.9,435.38,382.85,-51.914,-119.193,130.008
2368,78.933,433.82,380.74,-48.788,-129.049,137.963
2369,78.967,431.56,374.32,-44.626,-135.914,143.053
2370,79.0,431.18,370.29,-38.508,-141.348,146.499
2371,79.033,433.63,366.94,-31.112,-143.447,146.782
2372,79.067,435.18,364.39,-23.56,-143.593,145.513
2373,79.1,433.12,357.11,-15.682,-140.238,141.113
2374,79.133,432.06,348.31,-7.688,-134.713,134.932
2375,79.167,429.43,340.77,-0.425,-128.238,128.238
2376,79.2,429.25,336.36,5.095,-120.83,120.937
2377,79.233,431.2,334.58,8.439,-112.918,113.233
2378,79.267,431.78,329.97,10.111,-104.46,104.948
2379,79.3,432.69,327.89,8.394,-94.543,94.915
2380,79.333,433.76,327.15,4.862,-84.407,84.547
2381,79.367,434.79,325.99,0.548,-73.129,73.131
2382,79.4,433.8,324.32,-4.926,-62.495,62.689
2383,79.433,433.46,322.15,-9.098,-53.137,53.91
2384,79.467,434.25,319.94,-12.852,-46.31,48.06
2385,79.5,433.04,319.09,-15.905,-39.841,42.899
2386,79.533,431.56,317.43,-17.989,-35.311,39.629
2387,79.567,431.25,317.22,-20.908,-32.801,38.898
2388,79.6,430.27,313.37,-24.02,-32.939,40.767
2389,79.633,428.47,311.7,-26.427,-34.724,43.636
2390,79.667,426.9,312.09,-27.788,-35.23,44.87
2391,79.7,426.14,311.97,-27.116,-34.157,43.611
2392,79.733,425.2,311.92,-24.324,-32.025,40.215
2393,79.767,424.53,309.48,-21.446,-29.869,36.771
2394,79.8,423.98,307.51,-17.946,-27.121,32.521
2395,79.833,423.18,306.89,-14.194,-23.71,27.634
2396,79.867,423.14,306.77,-10.609,-20.343,22.944
2397,79.9,423.22,304.73,-7.617,-16.646,18.306
2398,79.933,423.18,303.96,-4.654,-12.968,13.778
2399,79.967,422.71,304.01,-1.783,-9.338,9.507
2400,80.0,423.73,303.43,-0.172,-5.243,5.246
2401,80.033,423.52,304.12,1.633,-2.331,2.846
2402,80.067,424.07,303.94,3.546,0.178,3.551
2403,80.1,423.11,303.05,4.33,-0.135,4.333
2404,80.133,423.89,305.14,4.376,1.238,4.548
2405,80.167,423.91,304.9,4.251,2.483,4.923
2406,80.2,424.59,305.08,3.956,2.446,4.651
2407,80.233,423.32,304.79,2.853,0.531,2.902
2408,80.267,423.67,304.13,1.867,-2.558,3.167
2409,80.3,423.75,305.83,1.28,-4.902,5.066
2410,80.333,423.8,305.97,0.552,-7.014,7.036
2411,80.367,423.84,305.94,-0.337,-9.457,9.463
2412,80.4,423.92,304.61,-1.276,-11.865,11.933
2413,80.433,424.46,303.68,-2.34,-13.667,13.866
2414,80.467,424.39,302.98,-3.609,-14.597,15.037
2415,80.5,425.06,300.94,-4.509,-15.151,15.808
2416,80.533,424.0,300.64,-6.61,-16.58,17.849
2417,80.567,422.91,299.26,-7.4,-16.222,17.83
2418,80.6,422.97,301.9,-8.218,-15.254,17.327
2419,80.633,422.72,299.26,-8.278,-13.311,15.675
2420,80.667,422.25,298.58,-8.812,-11.744,14.682
2421,80.7,421.97,298.28,-9.143,-9.288,13.033
2422,80.733,422.83,299.88,-9.747,-6.778,11.872
2423,80.767,422.33,300.17,-9.414,-4.512,10.44
2424,80.8,420.86,298.84,-8.587,-1.574,8.73
2425,80.833,420.31,298.71,-7.376,0.415,7.388
2426,80.867,420.5,299.13,-5.738,1.654,5.971
2427,80.9,420.1,298.34,-4.082,2.036,4.561
2428,80.933,419.83,298.73,-2.146,2.536,3.323
2429,80.967,420.08,298.04,-0.548,2.385,2.447
2430,81.0,419.96,297.65,0.856,1.522,1.746
2431,81.033,422.26,301.73,1.554,1.399,2.091
2432,81.067,420.5,299.28,2.189,0.797,2.329
2433,81.1,420.26,299.42,3.056,0.818,3.164
2434,81.133,419.96,299.91,3.615,-0.132,3.617
2435,81.167,420.8,300.08,3.629,-1.085,3.788
2436,81.2,421.09,299.01,4.29,-0.21,4.295
2437,81.233,421.73,298.81,4.568,0.741,4.628
2438,81.267,422.05,299.72,4.116,1.027,4.242
2439,81.3,421.81,299.18,3.215,0.889,3.336
2440,81.333,421.79,298.98,2.559,1.284,2.863
2441,81.367,421.45,299.09,1.748,1.51,2.31
2442,81.4,421.83,299.21,0.898,1.402,1.665
2443,81.433,421.44,298.32,0.25,1.593,1.613
2444,81.467,421.46,298.78,-0.222,1.633,1.648
2445,81.5,421.48,299.58,-0.807,2.322,2.458
2446,81.533,421.42,299.18,-1.784,2.328,2.933
2447,81.567,421.6,300.19,-2.678,2.025,3.357
2448,81.6,421.53,300.58,-3.255,2.0,3.821
2449,81.633,421.51,299.69,-3.589,1.569,3.917
2450,81.667,422.4,302.24,-3.505,0.425,3.53
2451,81.7,420.85,299.61,-3.762,-1.122,3.926
2452,81.733,421.02,299.93,-4.002,-2.36,4.646
2453,81.767,420.49,299.6,-4.25,-3.224,5.335
2454,81.8,420.38,299.43,-4.817,-4.584,6.649
2455,81.833,420.2,298.91,-5.191,-5.708,7.715
2456,81.867,420.57,298.98,-5.627,-7.053,9.023
2457,81.9,420.14,298.86,-5.649,-8.068,9.849
2458,81.933,419.78,298.73,-5.686,-8.972,10.622
2459,81.967,419.55,298.53,-5.584,-8.874,10.485
2460,82.0,419.58,297.69,-5.445,-8.445,10.048
2461,82.033,421.12,300.28,-5.438,-8.255,9.885
2462,82.067,418.53,296.47,-5.299,-7.4,9.101
2463,82.1,418.92,296.7,-5.227,-6.704,8.501
2464,82.133,418.68,296.59,-4.894,-6.37,8.033
2465,82.167,418.37,296.84,-4.459,-5.127,6.795
2466,82.2,418.62,296.77,-4.699,-5.492,7.228
2467,82.233,418.63,296.76,-4.271,-4.835,6.452
2468,82.267,418.11,296.07,-3.937,-4.658,6.099
2469,82.3,418.36,295.9,-3.274,-4.352,5.446
2470,82.333,418.13,295.61,-2.471,-3.658,4.414
2471,82.367,418.32,296.46,-1.811,-2.757,3.298
2472,82.4,417.92,296.15,-1.382,-2.296,2.68
2473,82.433,417.53,296.31,-0.617,-1.933,2.029
2474,82.467,417.54,295.86,0.163,-1.726,1.733
2475,82.5,417.52,295.54,0.793,-1.639,1.821
2476,82.533,417.97,295.93,1.458,-1.285,1.944
2477,82.567,418.09,295.62,1.2,-2.482,2.757
2478,82.6,418.41,295.38,1.985,-1.961,2.79
2479,82.633,418.2,295.9,2.489,-1.453,2.882
2480,82.667,418.11,295.0,2.795,-0.979,2.961
2481,82.7,418.44,295.29,2.89,-0.986,3.053
2482,82.733,418.46,295.13,2.76,-1.051,2.954
2483,82.767,418.6,295.78,2.612,-1.198,2.873
2484,82.8,418.5,295.85,2.82,-0.693,2.904
2485,82.833,418.35,295.0,2.539,-0.595,2.608
2486,82.867,418.92,294.66,2.363,-0.213,2.373
2487,82.9,419.12,295.18,1.991,-0.26,2.008
2488,82.933,418.69,295.22,1.463,-0.652,1.602
2489,82.967,418.84,295.37,1.273,-1.389,1.884
2490,83.0,419.4,295.55,1.054,-1.715,2.014
2491,83.033,419.32,295.75,0.933,-1.24,1.552
2492,83.067,419.08,295.76,0.51,0.055,0.513
2493,83.1,418.74,295.24,-0.816,1.272,1.511
2494,83.133,418.55,294.94,-2.186,2.775,3.533
2495,83.167,418.73,294.9,-3.259,3.693,4.925
2496,83.2,419.28,295.53,-4.193,5.776,7.137
2497,83.233,419.43,295.65,-4.06,7.904,8.886
2498,83.267,419.21,295.74,-3.005,9.376,9.846
2499,83.3,418.6,294.84,-1.334,9.547,9.64
2500,83.333,419.01,295.89,0.911,10.346,10.386
2501,83.367,418.66,295.95,3.673,10.503,11.127
2502,83.4,418.39,296.26,6.453,12.002,13.627
2503,83.433,418.74,297.73,8.94,13.311,16.035
2504,83.467,418.27,299.3,10.878,14.41,18.055
2505,83.5,418.25,300.26,12.913,13.951,19.01
2506,83.533,418.1,300.33,14.44,12.371,19.015
2507,83.567,418.35,298.96,15.809,9.467,18.427
2508,83.6,420.8,299.73,17.11,5.427,17.95
2509,83.633,421.94,299.75,18.29,1.096,18.323
2510,83.667,423.29,300.78,19.139,-3.088,19.386
2511,83.7,425.51,299.26,19.621,-6.743,20.748
2512,83.733,425.43,298.29,19.257,-10.55,21.958
2513,83.767,425.39,299.15,18.188,-13.409,22.597
2514,83.8,425.44,301.03,16.545,-15.767,22.855
2515,83.833,425.44,299.05,14.736,-17.057,22.541
2516,83.867,425.32,300.64,12.281,-17.54,21.412
2517,83.9,425.02,297.42,9.747,-17.085,19.67
2518,83.933,425.29,295.33,7.293,-15.794,17.397
2519,83.967,427.02,292.83,4.78,-14.637,15.398
2520,84.0,427.0,292.92,2.435,-13.753,13.967
2521,84.033,427.46,292.44,1.108,-13.265,13.311
2522,84.067,427.5,292.77,0.749,-12.965,12.986
2523,84.1,427.27,293.63,0.789,-11.422,11.449
2524,84.133,427.08,294.16,0.907,-9.951,9.992
2525,84.167,427.17,294.35,1.322,-8.423,8.527
2526,84.2,426.84,293.88,1.805,-6.415,6.664
2527,84.233,426.87,294.48,1.628,-3.353,3.727
2528,84.267,426.83,293.28,1.931,-0.767,2.078
2529,84.3,426.95,293.04,1.366,1.636,2.131
2530,84.333,426.93,293.18,0.139,2.176,2.181
2531,84.367,427.16,292.11,-0.793,2.345,2.475
2532,84.4,427.2,291.47,-1.689,0.594,1.79
2533,84.433,427.25,290.87,-3.205,-1.878,3.714
2534,84.467,427.27,291.0,-3.227,-7.79,8.432
2535,84.5,428.23,290.85,-3.354,-14.75,15.127
2536,84.533,427.5,291.07,-1.237,-22.471,22.505
2537,84.567,427.26,291.68,2.066,-30.228,30.298
2538,84.6,428.57,290.96,6.641,-38.847,39.411
2539,84.633,428.4,290.73,12.792,-48.886,50.532
2540,84.667,428.44,290.62,19.48,-59.453,62.563
2541,84.7,428.37,287.37,26.67,-70.357,75.243
2542,84.733,428.09,283.91,34.104,-80.49,87.417
2543,84.767,426.86,282.92,41.076,-89.84,98.785
2544,84.8,428.71,278.63,47.353,-96.863,107.818
2545,84.833,431.11,274.6,52.722,-101.523,114.396
2546,84.867,432.31,269.83,56.927,-104.059,118.613
2547,84.9,434.91,262.93,59.384,-103.809,119.594
2548,84.933,440.9,256.88,59.821,-100.632,117.07
2549,84.967,443.26,257.14,58.881,-94.587,111.417
2550,85.0,447.7,255.61,56.712,-85.404,102.519
2551,85.033,448.55,252.3,52.887,-74.258,91.167
2552,85.067,450.31,248.44,47.947,-62.076,78.437
2553,85.1,451.54,246.19,41.539,-49.443,64.576
2554,85.133,451.33,245.72,34.055,-36.948,50.249
2555,85.167,452.31,244.9,26.826,-25.872,37.269
2556,85.2,452.18,245.36,20.025,-17.532,26.616
2557,85.233,451.98,245.74,13.688,-10.667,17.353
2558,85.267,452.09,246.24,8.448,-4.849,9.74
2559,85.3,452.09,246.29,5.428,-1.278,5.576
2560,85.333,451.7,246.15,4.931,1.141,5.061
2561,85.367,451.38,246.43,5.895,1.464,6.074
2562,85.4,451.76,246.98,8.155,0.748,8.189
2563,85.433,453.12,247.18,10.433,0.555,10.448
2564,85.467,453.4,247.45,10.813,0.557,10.827
2565,85.5,453.48,245.44,11.203,-1.829,11.351
2566,85.533,453.37,244.72,10.44,-5.663,11.877
2567,85.567,454.14,244.29,9.504,-10.255,13.981
2568,85.6,456.53,242.84,8.306,-13.633,15.964
2569,85.633,457.43,242.03,6.122,-16.269,17.383
2570,85.667,457.22,241.88,2.461,-18.268,18.433
2571,85.7,456.78,242.91,-3.927,-21.246,21.606
2572,85.733,456.99,243.69,-11.915,-23.006,25.908
2573,85.767,457.07,243.54,-21.183,-24.811,32.624
2574,85.8,457.19,242.06,-30.303,-25.203,39.414
2575,85.833,453.9,240.03,-38.206,-26.232,46.345
2576,85.867,451.15,239.36,-43.148,-28.489,51.704
2577,85.9,449.64,237.24,-43.011,-31.722,53.444
2578,85.933,449.88,234.65,-38.854,-36.442,53.269
2579,85.967,450.36,233.79,-31.51,-42.395,52.822
2580,86.0,449.46,232.97,-20.48,-48.23,52.398
2581,86.033,447.54,231.66,-8.764,-53.58,54.292
2582,86.067,445.79,231.55,3.829,-58.071,58.197
2583,86.1,442.26,229.3,16.802,-61.394,63.652
2584,86.133,439.49,227.49,27.969,-63.403,69.298
2585,86.167,439.31,224.39,37.1,-63.739,73.75
2586,86.2,442.11,225.91,45.423,-62.19,77.011
2587,86.233,445.87,221.9,52.37,-59.871,79.544
2588,86.267,452.01,219.87,57.19,-56.745,80.565
2589,86.3,457.76,213.33,58.808,-54.168,79.954
2590,86.333,463.73,210.31,56.323,-51.782,76.509
2591,86.367,468.08,209.1,51.985,-48.853,71.338
2592,86.4,467.84,207.59,46.095,-46.725,65.635
2593,86.433,467.78,207.51,38.769,-44.157,58.761
2594,86.467,466.54,208.23,29.782,-40.769,50.488
2595,86.5,462.48,206.37,18.632,-37.923,42.252
2596,86.533,463.19,206.72,6.659,-35.589,36.206
2597,86.567,463.15,206.21,-4.635,-32.963,33.288
2598,86.6,462.18,205.06,-14.554,-30.194,33.519
2599,86.633,462.57,205.21,-21.259,-26.677,34.112
2600,86.667,463.71,204.73,-23.167,-22.196,32.084
2601,86.7,462.21,202.97,-20.927,-16.441,26.613
2602,86.733,460.81,201.39,-15.695,-12.819,20.265
2603,86.767,458.96,198.26,-8.538,-9.418,12.712
2604,86.8,458.38,197.66,-0.519,-6.733,6.753
2605,86.833,459.3,197.6,7.323,-1.94,7.576
2606,86.867,459.67,196.84,14.045,5.258,14.997
2607,86.9,460.55,197.83,19.711,13.69,23.999
2608,86.933,461.55,198.05,23.953,21.893,32.451
2609,86.967,462.11,198.61,25.137,28.855,38.269
2610,87.0,464.08,201.12,24.733,34.011,42.053
2611,87.033,465.65,204.32,23.944,38.075,44.978
2612,87.067,466.48,206.86,20.748,39.806,44.888
2613,87.1,467.26,208.09,15.507,39.45,42.388
2614,87.133,468.18,209.55,9.135,37.461,38.558
2615,87.167,467.51,209.48,1.235,33.211,33.234
2616,87.2,467.32,209.3,-8.222,27.095,28.315
2617,87.233,467.19,210.42,-17.986,19.763,26.723
2618,87.267,468.18,212.47,-27.898,10.822,29.923
2619,87.3,467.62,214.05,-36.923,2.247,36.991
2620,87.333,466.92,215.18,-44.768,-6.594,45.251
2621,87.367,464.5,212.75,-51.831,-15.487,54.095
2622,87.4,458.96,209.5,-57.82,-23.056,62.248
2623,87.433,455.56,208.58,-61.863,-29.334,68.465
2624,87.467,454.71,207.84,-63.666,-33.166,71.787
2625,87.5,451.73,206.4,-62.999,-34.575,71.863
2626,87.533,449.83,205.4,-61.119,-34.857,70.36
2627,87.567,448.44,204.63,-57.919,-34.683,67.51
2628,87.6,447.3,203.81,-53.93,-34.329,63.929
2629,87.633,445.9,202.64,-48.889,-33.519,59.276
2630,87.667,444.6,201.36,-43.646,-32.529,54.435
2631,87.7,442.58,199.49,-37.554,-30.538,48.403
2632,87.733,440.9,197.69,-30.84,-28.005,41.658
2633,87.767,440.25,197.69,-23.445,-23.806,33.412
2634,87.8,439.8,197.07,-18.489,-19.537,26.899
2635,87.833,439.3,197.24,-13.972,-16.052,21.281
2636,87.867,439.36,198.09,-10.802,-13.184,17.044
2637,87.9,440.62,198.45,-8.339,-9.459,12.61
2638,87.933,440.53,198.34,-4.528,-5.414,7.058
2639,87.967,439.87,197.08,0.986,0.772,1.252
2640,88.0,439.09,195.93,3.771,7.861,8.719
2641,88.033,439.28,195.6,7.212,15.692,17.27
2642,88.067,438.98,195.46,12.961,24.424,27.65
2643,88.1,440.11,195.91,20.789,32.691,38.741
2644,88.133,440.4,196.96,31.259,41.688,52.106
2645,88.167,441.73,198.51,41.613,45.664,61.781
2646,88.2,443.02,200.2,49.501,47.21,68.404
2647,88.233,444.0,204.1,55.735,48.362,73.792
2648,88.267,443.8,204.54,61.981,48.387,78.632
2649,88.3,448.45,206.21,62.865,47.804,78.976
2650,88.333,450.0,209.16,65.309,43.811,78.642
2651,88.367,452.8,211.13,68.712,38.413,78.721
2652,88.4,455.82,213.02,72.522,31.323,78.997
2653,88.433,458.66,218.14,75.054,23.359,78.605
2654,88.467,459.45,217.31,78.509,13.383,79.641
2655,88.5,468.25,217.2,81.917,2.819,81.966
2656,88.533,474.1,216.88,85.135,-6.547,85.386
2657,88.567,475.69,214.12,87.199,-14.378,88.376
2658,88.6,475.76,212.07,87.634,-19.461,89.769
2659,88.633,471.5,204.81,87.038,-21.899,89.751
2660,88.667,470.71,209.5,87.051,-21.571,89.684
2661,88.7,474.58,210.68,85.369,-19.096,87.479
2662,88.733,478.76,208.39,83.08,-14.652,84.362
2663,88.767,479.78,207.81,80.526,-9.891,81.131
2664,88.8,493.99,204.04,78.564,-4.593,78.699
2665,88.833,495.73,207.42,75.625,0.244,75.626
2666,88.867,497.94,207.29,73.307,3.76,73.403
2667,88.9,500.05,207.35,70.368,6.961,70.711
2668,88.933,503.83,206.13,68.56,7.966,69.021
2669,88.967,503.02,208.66,67.864,5.587,68.093
2670,89.0,503.46,211.6,68.117,2.351,68.158
2671,89.033,503.84,212.82,64.578,-2.085,64.611
2672,89.067,505.16,213.99,57.006,-9.565,57.803
2673,89.1,508.8,213.19,47.376,-16.905,50.302
2674,89.133,510.59,212.17,37.514,-24.878,45.014
2675,89.167,509.42,209.94,29.822,-28.726,41.407
2676,89.2,512.25,207.73,25.811,-34.466,43.059
2677,89.233,513.53,204.76,23.888,-39.839,46.451
2678,89.267,514.97,201.2,24.096,-43.502,49.729
2679,89.3,517.18,199.48,27.254,-46.072,53.53
2680,89.333,518.39,198.8,26.763,-44.961,52.323
2681,89.367,519.07,198.42,26.729,-43.014,50.642
2682,89.4,521.75,195.9,27.308,-39.456,47.984
2683,89.433,520.3,196.95,27.239,-33.743,43.365
2684,89.467,517.63,196.09,25.435,-25.877,36.285
2685,89.5,517.03,194.33,24.252,-17.84,30.107
2686,89.533,517.48,191.99,23.501,-10.978,25.938
2687,89.567,519.53,194.0,23.436,-5.352,24.039
2688,89.6,521.78,192.9,23.595,-1.636,23.652
2689,89.633,522.97,194.2,21.94,1.414,21.986
2690,89.667,526.72,193.59,19.31,3.022,19.545
2691,89.7,527.54,195.13,17.312,3.189,17.603
2692,89.733,528.07,194.43,15.824,1.987,15.948
2693,89.767,527.65,194.62,15.368,-0.393,15.373
2694,89.8,529.02,195.54,15.528,-2.91,15.798
2695,89.833,528.75,195.72,15.872,-6.013,16.973
2696,89.867,528.91,194.87,16.441,-9.684,19.081
2697,89.9,527.5,194.92,17.335,-13.835,22.179
2698,89.933,528.17,193.22,17.348,-17.616,24.723
2699,89.967,528.82,192.51,17.112,-21.09,27.159
2700,90.0,528.98,191.52,18.971,-24.682,31.13
2701,90.033,528.94,191.03,21.708,-26.759,34.457
2702,90.067,528.82,190.73,25.587,-27.08,37.256
2703,90.1,529.09,190.54,28.958,-27.121,39.675
2704,90.133,531.4,188.18,33.222,-26.772,42.667
2705,90.167,534.08,186.37,37.193,-25.366,45.019
2706,90.2,538.06,185.28,38.636,-21.635,44.281
2707,90.233,539.18,184.14,38.061,-17.181,41.759
2708,90.267,540.09,184.11,36.311,-11.556,38.106
2709,90.3,541.36,183.98,34.103,-5.042,34.474
2710,90.333,542.02,184.41,31.146,-0.665,31.153
2711,90.367,542.68,184.62,28.115,2.994,28.273
2712,90.4,543.03,184.77,24.47,7.056,25.467
2713,90.433,542.62,186.48,21.546,10.97,24.178
2714,90.467,544.72,185.25,18.393,15.514,24.062
2715,90.5,544.27,186.79,14.741,19.905,24.769
2716,90.533,545.29,186.72,10.311,25.034,27.074
2717,90.567,545.1,188.02,6.346,30.883,31.528
2718,90.6,546.76,188.59,3.603,36.495,36.672
2719,90.633,544.08,192.77,1.883,41.883,41.925
2720,90.667,543.51,193.95,1.024,47.59,47.601
2721,90.7,544.12,193.77,1.198,52.905,52.919
2722,90.733,546.23,193.8,0.811,56.81,56.815
2723,90.767,547.27,194.24,1.323,59.085,59.1
2724,90.8,548.16,193.69,2.581,58.835,58.891
2725,90.833,547.69,198.78,3.912,55.939,56.076
2726,90.867,546.87,202.3,6.489,50.761,51.174
2727,90.9,546.72,204.63,9.409,43.555,44.56
2728,90.933,545.71,206.94,12.48,34.89,37.055
2729,90.967,544.91,209.16,16.11,24.324,29.175
2730,91.0,544.86,212.21,18.845,13.78,23.345
2731,91.033,546.94,213.33,21.46,2.944,21.661
2732,91.067,548.09,212.75,23.154,-7.158,24.235
2733,91.1,548.98,212.38,25.777,-15.745,30.205
2734,91.133,551.42,209.94,27.199,-22.242,35.135
2735,91.167,553.12,206.72,29.82,-28.933,41.55
2736,91.2,553.82,203.38,34.018,-34.248,48.271
2737,91.233,555.66,200.76,37.82,-37.566,53.307
2738,91.267,556.54,198.46,41.141,-38.203,56.143
2739,91.3,557.67,197.18,43.803,-36.685,57.136
2740,91.333,559.73,197.01,45.94,-31.783,55.863
2741,91.367,559.39,196.41,47.773,-26.087,54.432
2742,91.4,560.24,196.45,49.43,-19.696,53.21
2743,91.433,561.6,196.66,51.642,-12.338,53.096
2744,91.467,563.06,197.29,53.939,-4.619,54.136
2745,91.5,564.9,198.4,56.34,2.381,56.391
2746,91.533,567.67,199.04,59.013,7.573,59.497
2747,91.567,571.28,200.46,60.643,11.766,61.774
2748,91.6,572.07,199.94,60.37,14.048,61.983
2749,91.633,575.01,199.29,58.112,13.674,59.699
2750,91.667,577.78,199.68,54.464,11.348,55.634
2751,91.7,578.23,199.31,50.102,7.976,50.733
2752,91.733,581.67,199.55,46.78,4.149,46.964
2753,91.767,583.38,198.92,45.276,1.002,45.287
2754,91.8,585.56,199.85,45.595,-1.257,45.612
2755,91.833,586.8,200.48,48.21,-1.732,48.241
2756,91.867,588.34,200.75,51.34,-1.106,51.352
2757,91.9,590.09,201.22,55.859,1.294,55.874
2758,91.933,589.21,200.98,59.782,4.363,59.941
2759,91.967,589.82,200.57,63.802,8.418,64.355
2760,92.0,590.7,201.04,69.183,13.482,70.484
2761,92.033,590.91,201.17,74.376,18.788,76.712
2762,92.067,591.62,199.12,77.619,23.424,81.076
2763,92.1,595.58,199.12,79.294,27.278,83.855
2764,92.133,602.13,199.98,80.067,30.76,85.772
2765,92.167,607.8,201.83,79.132,33.185,85.809
2766,92.2,614.02,204.0,77.057,34.269,84.333
2767,92.233,618.68,207.09,74.218,34.144,81.695
2768,92.267,620.32,208.91,69.888,32.594,77.114
2769,92.3,621.89,211.5,64.105,30.563,71.018
2770,92.333,620.85,212.11,56.613,27.507,62.941
2771,92.367,620.83,213.14,48.701,23.476,54.064
2772,92.4,620.37,212.93,39.822,18.632,43.965
2773,92.433,623.22,214.28,30.249,13.345,33.062
2774,92.467,624.57,214.66,21.161,7.932,22.599
2775,92.5,622.33,213.73,13.453,2.838,13.749
2776,92.533,621.87,212.56,6.941,-2.491,7.375
2777,92.567,624.05,212.8,2.864,-7.002,7.566
2778,92.6,624.12,211.4,2.035,-9.019,9.246
2779,92.633,625.39,209.94,3.096,-9.406,9.902
2780,92.667,626.5,209.98,4.885,-7.988,9.364
2781,92.7,625.9,209.69,6.643,-5.821,8.833
2782,92.733,626.81,210.11,6.531,-3.457,7.39
2783,92.767,626.15,210.94,5.836,-0.748,5.883
2784,92.8,626.65,211.28,5.259,2.771,5.944
2785,92.833,627.48,211.57,4.331,7.592,8.741
2786,92.867,626.61,212.13,5.086,13.594,14.514
2787,92.9,626.77,213.08,7.412,20.764,22.047
2788,92.933,626.45,213.38,11.003,28.484,30.536
2789,92.967,627.53,214.11,13.33,34.677,37.15
2790,93.0,626.89,214.84,15.011,39.667,42.412
2791,93.033,627.66,216.74,17.983,44.112,47.637
2792,93.067,628.31,217.44,21.662,47.943,52.61
2793,93.1,628.66,217.75,24.368,50.217,55.817
2794,93.133,629.67,219.16,26.871,51.709,58.274
2795,93.167,629.86,220.12,28.506,52.606,59.833
2796,93.2,631.09,222.84,29.146,52.202,59.788
2797,93.233,634.62,227.25,29.363,50.554,58.463
2798,93.267,635.61,230.71,28.531,48.006,55.845
2799,93.3,636.91,234.17,27.332,43.879,51.695
2800,93.333,638.9,234.59,25.336,38.296,45.918
2801,93.367,639.11,235.52,22.407,32.48,39.459
2802,93.4,638.2,234.32,19.38,26.449,32.789
2803,93.433,637.93,233.9,15.949,19.985,25.57
2804,93.467,639.13,235.19,12.643,13.628,18.589
2805,93.5,639.54,235.77,8.953,7.921,11.954
2806,93.533,639.41,235.49,5.863,2.958,6.567
2807,93.567,639.2,235.17,3.028,-1.705,3.475
2808,93.6,639.42,234.92,0.548,-5.425,5.452
2809,93.633,639.61,234.4,-1.181,-7.588,7.679
2810,93.667,639.68,233.85,-2.234,-8.024,8.329
2811,93.7,639.47,233.58,-2.062,-6.486,6.806
2812,93.733,639.59,233.92,-1.383,-4.08,4.308
2813,93.767,639.49,233.14,-1.543,-2.248,2.727
2814,93.8,639.53,233.54,-0.829,-0.564,1.003
2815,93.833,639.54,234.97,-0.491,0.246,0.55
2816,93.867,639.33,234.64,-1.467,0.777,1.66
2817,93.9,639.27,234.38,-2.67,0.601,2.737
2818,93.933,639.38,234.62,-3.668,0.727,3.739
2819,93.967,639.38,235.12,-3.998,1.871,4.414
2820,94.0,639.36,234.74,-4.748,1.694,5.041
2821,94.033,639.43,234.67,-5.878,-0.181,5.88
2822,94.067,639.4,234.73,-5.908,-0.659,5.945
2823,94.1,639.57,235.09,-3.058,-0.763,3.152
2824,94.133,639.67,235.5,2.101,-0.656,2.201
2825,94.167,639.55,235.03,9.584,0.91,9.627
2826,94.2,639.35,234.76,18.313,5.172,19.03
2827,94.233,640.03,235.17,28.613,11.934,31.002
2828,94.267,640.94,236.36,38.061,19.824,42.914
2829,94.3,639.93,236.37,46.669,28.602,54.736
2830,94.333,640.82,236.3,55.672,38.411,67.637
2831,94.367,642.99,237.2,65.002,49.409,81.649
2832,94.4,644.95,238.52,74.615,61.594,96.754
2833,94.433,648.23,240.4,83.28,73.647,111.173
2834,94.467,651.25,240.59,91.122,84.869,124.522
2835,94.5,656.07,244.33,97.15,94.345,135.421
2836,94.533,663.0,251.02,101.521,101.629,143.649
2837,94.567,668.91,253.01,104.092,106.709,149.07
2838,94.6,671.39,257.68,105.008,108.564,151.039
2839,94.633,673.83,263.92,104.594,107.747,150.164
2840,94.667,674.95,268.96,100.655,103.838,144.616
2841,94.7,677.21,271.47,96.944,97.232,137.303
2842,94.733,677.81,273.26,94.473,87.834,128.996
2843,94.767,682.65,276.47,92.279,77.885,120.754
2844,94.8,688.31,281.31,89.465,67.126,111.848
2845,94.833,691.17,284.6,85.545,55.057,101.731
2846,94.867,693.22,284.63,81.062,43.41,91.953
2847,94.9,694.3,283.83,76.341,32.092,82.812
2848,94.933,696.88,283.91,72.565,21.88,75.792
2849,94.967,698.2,283.36,69.397,12.808,70.568
2850,95.0,701.14,282.81,66.884,6.182,67.169
2851,95.033,703.63,283.06,63.526,2.404,63.571
2852,95.067,706.24,282.41,58.887,-1.31,58.901
2853,95.1,708.66,283.6,52.062,-1.72,52.09
2854,95.133,710.05,283.35,45.328,1.393,45.349
2855,95.167,717.37,283.93,38.457,7.804,39.241
2856,95.2,718.16,285.43,31.896,16.66,35.985
2857,95.233,716.01,288.85,26.549,28.187,38.721
2858,95.267,713.66,288.12,24.929,41.409,48.334
2859,95.3,712.03,287.16,24.538,54.665,59.919
2860,95.333,714.57,289.57,25.051,66.555,71.113
2861,95.367,716.48,290.54,27.322,77.596,82.266
2862,95.4,717.93,292.72,29.631,88.958,93.763
2863,95.433,718.03,294.85,32.603,102.484,107.545
2864,95.467,717.94,298.44,35.661,114.865,120.273
2865,95.5,718.39,304.17,39.668,126.138,132.229
2866,95.533,720.86,308.11,43.25,135.555,142.288
2867,95.567,721.68,316.04,45.819,141.48,148.714
2868,95.6,724.42,323.63,48.315,146.628,154.383
2869,95.633,725.74,329.24,49.803,149.413,157.495
2870,95.667,728.23,332.13,50.316,151.003,159.165
2871,95.7,732.8,335.25,45.815,151.209,157.997
2872,95.733,736.16,338.38,38.309,148.529,153.39
2873,95.767,736.72,343.39,29.533,143.202,146.216
2874,95.8,737.99,350.04,21.82,135.989,137.728
2875,95.833,737.05,356.84,14.78,128.05,128.9
2876,95.867,734.43,362.02,8.462,118.429,118.731
2877,95.9,735.06,366.18,1.807,109.571,109.585
2878,95.933,735.44,365.02,-4.061,100.951,101.033
2879,95.967,735.39,367.71,-8.857,96.684,97.089
2880,96.0,734.25,369.83,-11.927,93.501,94.258
2881,96.033,733.76,372.98,-13.187,90.055,91.015
2882,96.067,734.52,379.35,-13.013,87.994,88.951
2883,96.1,732.36,381.27,-10.887,84.623,85.321
2884,96.133,731.1,384.27,-8.049,79.914,80.318
2885,96.167,730.24,385.97,-2.723,73.985,74.035
2886,96.2,730.45,386.95,5.334,67.244,67.455
2887,96.233,731.84,390.28,12.354,59.563,60.831
2888,96.267,734.26,390.6,19.033,55.592,58.76
2889,96.3,734.2,393.68,25.53,53.24,59.045
2890,96.333,736.55,397.01,30.032,52.503,60.486
2891,96.367,735.53,401.24,32.707,52.126,61.538
2892,96.4,737.14,403.44,33.344,51.41,61.277
2893,96.433,737.01,407.44,31.246,51.008,59.817
2894,96.467,738.08,403.01,26.688,53.324,59.63
2895,96.5,739.15,403.51,20.2,56.778,60.265
2896,96.533,740.7,405.12,12.533,60.824,62.101
2897,96.567,741.45,405.4,3.866,64.709,64.825
2898,96.6,742.93,407.19,-5.546,66.031,66.264
2899,96.633,745.54,408.3,-14.386,67.617,69.13
2900,96.667,745.54,410.5,-24.227,70.392,74.444
2901,96.7,742.01,416.01,-33.174,72.385,79.625
2902,96.733,741.59,425.13,-41.095,75.335,85.815
2903,96.767,737.76,426.52,-49.282,78.792,92.936
2904,96.8,733.24,430.59,-56.83,84.137,101.532
2905,96.833,729.51,432.12,-62.743,90.773,110.347
2906,96.867,726.28,433.92,-67.26,98.082,118.928
2907,96.9,725.93,437.13,-69.823,104.479,125.663
2908,96.933,724.92,438.6,-71.139,110.152,131.126
2909,96.967,723.74,440.17,-71.025,112.964,133.437
2910,97.0,722.04,441.63,-69.495,116.456,135.615
2911,97.033,720.4,444.93,-66.52,118.446,135.846
2912,97.067,718.44,449.5,-63.05,119.253,134.895
2913,97.1,714.49,456.11,-58.732,119.163,132.85
2914,97.133,710.61,461.39,-53.756,117.366,129.091
2915,97.167,711.0,463.23,-49.167,115.28,125.327
2916,97.2,709.11,470.6,-45.156,112.426,121.155
2917,97.233,707.04,476.44,-40.81,107.908,115.367
2918,97.267,707.73,481.0,-37.615,98.95,105.858
2919,97.3,706.05,485.46,-35.761,89.204,96.105
2920,97.333,705.02,487.77,-34.199,77.392,84.612
2921,97.367,701.89,488.93,-32.904,65.361,73.175
2922,97.4,700.96,489.73,-31.162,53.399,61.827
2923,97.433,699.4,489.45,-29.767,41.47,51.047
2924,97.467,699.6,489.17,-28.772,30.522,41.945
2925,97.5,699.26,489.27,-28.496,21.211,35.524
2926,97.533,698.73,490.31,-28.977,14.912,32.589
2927,97.567,699.42,489.51,-29.916,11.171,31.934
2928,97.6,699.82,489.62,-31.455,9.75,32.931
2929,97.633,698.77,490.97,-31.966,9.122,33.242
2930,97.667,696.13,491.17,-30.66,9.31,32.042
2931,97.7,693.62,492.66,-29.33,11.735,31.59
2932,97.733,691.49,493.16,-27.416,13.967,30.769
2933,97.767,688.18,494.38,-24.623,15.505,29.098
2934,97.8,688.16,494.93,-22.764,16.617,28.184
2935,97.833,688.04,496.08,-20.39,17.615,26.945
2936,97.867,688.76,496.43,-17.636,18.278,25.399
2937,97.9,688.96,496.99,-13.894,18.82,23.393
2938,97.933,688.2,496.96,-9.718,18.56,20.95
2939,97.967,687.58,497.59,-5.057,16.758,17.505
2940,98.0,687.51,498.44,-0.93,14.247,14.277
2941,98.033,688.11,498.13,2.736,10.733,11.076
2942,98.067,688.2,498.0,5.78,4.816,7.524
2943,98.1,689.16,497.34,7.757,-2.438,8.131
2944,98.133,689.57,497.12,7.757,-10.407,12.98
2945,98.167,689.49,497.22,5.827,-18.725,19.61
2946,98.2,688.93,498.1,2.473,-26.058,26.175
2947,98.233,689.01,498.18,-1.089,-32.975,32.993
2948,98.267,688.96,499.05,-4.61,-38.642,38.916
2949,98.3,689.82,499.17,-6.704,-43.276,43.792
2950,98.333,689.61,496.38,-8.76,-46.671,47.486
2951,98.367,688.62,493.61,-10.405,-48.868,49.963
2952,98.4,688.53,489.58,-11.964,-49.605,51.027
2953,98.433,687.65,485.71,-13.505,-48.755,50.591
2954,98.467,687.13,484.07,-14.773,-45.817,48.14
2955,98.5,686.73,480.94,-15.624,-41.464,44.31
2956,98.533,686.13,478.08,-15.44,-36.183,39.34
2957,98.567,685.6,477.83,-14.93,-29.887,33.409
2958,98.6,683.79,478.98,-14.172,-22.589,26.667
2959,98.633,682.82,480.19,-12.713,-14.211,19.068
2960,98.667,682.72,480.84,-11.142,-5.869,12.593
2961,98.7,684.02,480.71,-9.023,2.074,9.258
2962,98.733,683.96,481.17,-6.152,8.484,10.48
2963,98.767,684.01,481.37,-3.051,14.003,14.331
2964,98.8,683.61,481.68,0.367,17.36,17.363
2965,98.833,683.83,482.57,3.418,18.14,18.459
2966,98.867,683.6,483.21,5.619,16.55,17.478
2967,98.9,683.06,484.21,7.991,13.927,16.056
2968,98.933,682.94,484.79,9.881,11.536,15.189
2969,98.967,683.67,484.61,11.666,10.048,15.397
2970,99.0,684.9,484.66,13.776,8.44,16.156
2971,99.033,684.78,484.68,15.483,7.965,17.411
2972,99.067,685.47,485.04,16.184,9.015,18.526
2973,99.1,687.16,484.66,16.692,11.349,20.185
2974,99.133,686.89,483.85,17.003,13.582,21.762
2975,99.167,687.86,484.4,16.602,14.845,22.271
2976,99.2,688.23,484.92,15.939,15.305,22.098
2977,99.233,688.46,486.36,13.763,15.549,20.765
2978,99.267,688.98,486.21,11.074,15.326,18.908
2979,99.3,689.05,486.49,7.79,14.48,16.442
2980,99.333,688.87,486.93,3.806,13.22,13.756
2981,99.367,690.33,489.91,-0.415,11.176,11.183
2982,99.4,690.47,490.97,-4.834,8.416,9.705
2983,99.433,690.85,491.32,-8.433,4.696,9.652
2984,99.467,690.98,491.02,-11.038,0.805,11.067
2985,99.5,689.29,491.22,-12.925,-3.233,13.323
2986,99.533,688.12,490.92,-14.809,-7.71,16.696
2987,99.567,688.2,490.65,-15.581,-11.145,19.156
2988,99.6,686.16,488.55,-15.249,-14.331,20.926
2989,99.633,685.35,487.15,-14.511,-15.709,21.386
2990,99.667,685.67,486.87,-13.16,-14.57,19.633
2991,99.7,684.66,486.59,-11.213,-11.813,16.287
2992,99.733,684.8,485.86,-8.463,-7.741,11.469
2993,99.767,684.15,485.09,-5.256,-3.298,6.205
2994,99.8,683.75,485.07,-1.658,2.55,3.041
2995,99.833,684.68,484.88,2.29,9.172,9.454
2996,99.867,684.78,485.14,7.284,15.784,17.383
2997,99.9,685.96,485.84,11.717,20.418,23.542
2998,99.933,686.25,487.14,15.07,23.24,27.698
2999,99.967,686.39,487.42,17.701,24.739,30.419
3000,100.0,686.56,488.88,19.342,24.932,31.555
3001,100.033,687.93,491.94,20.575,23.43,31.182
3002,100.067,688.74,492.73,21.093,20.462,29.387
3003,100.1,688.94,495.38,20.248,16.154,25.902
3004,100.133,689.08,495.92,19.377,11.823,22.699
3005,100.167,690.73,495.35,18.249,7.314,19.66
3006,100.2,691.34,494.87,16.307,2.595,16.512
3007,100.233,691.69,494.39,14.165,-1.97,14.302
3008,100.267,692.7,494.17,11.923,-6.49,13.575
3009,100.3,693.31,492.43,9.937,-10.455,14.424
3010,100.333,694.14,490.7,8.128,-13.606,15.848
3011,100.367,693.17,489.8,6.142,-15.596,16.762
3012,100.4,692.74,489.5,5.261,-16.52,17.337
3013,100.433,693.96,489.8,4.916,-15.831,16.577
3014,100.467,693.66,489.32,5.65,-14.294,15.37
3015,100.5,693.22,489.21,8.629,-11.402,14.299
3016,100.533,693.06,489.39,12.117,-7.46,14.23
3017,100.567,693.36,489.64,14.851,-4.093,15.404
3018,100.6,693.94,489.71,16.426,-0.437,16.432
3019,100.633,694.26,489.33,17.488,1.711,17.572
3020,100.667,694.55,489.54,18.164,2.602,18.35
3021,100.7,695.16,489.35,18.193,3.509,18.528
3022,100.733,696.37,488.61,16.762,3.604,17.145
3023,100.767,696.83,489.12,14.435,3.101,14.764
3024,100.8,697.78,489.68,11.347,1.181,11.408
3025,100.833,699.67,489.79,7.255,-1.348,7.379
3026,100.867,701.77,489.96,2.264,-4.248,4.813
3027,100.9,702.27,490.54,-3.388,-7.386,8.126
3028,100.933,702.58,489.73,-9.276,-10.708,14.168
3029,100.967,702.05,489.65,-14.263,-13.65,19.742
3030,101.0,697.86,489.5,-17.792,-15.519,23.609
3031,101.033,695.96,488.48,-19.532,-15.948,25.216
3032,101.067,694.86,488.08,-19.53,-15.249,24.778
3033,101.1,694.91,486.96,-17.666,-13.601,22.295
3034,101.133,694.39,486.57,-13.726,-11.5,17.907
3035,101.167,693.93,486.85,-7.916,-8.157,11.366
3036,101.2,692.12,485.01,-0.484,-4.432,4.458
3037,101.233,692.86,484.36,7.71,-0.1,7.711
3038,101.267,693.33,482.98,16.226,4.319,16.791
3039,101.3,693.09,482.92,24.475,9.493,26.251
3040,101.333,693.92,483.35,31.914,13.433,34.625
3041,101.367,694.71,484.69,37.096,15.629,40.254
3042,101.4,698.08,486.49,38.604,17.996,42.593
3043,101.433,702.32,488.92,38.771,18.473,42.947
3044,101.467,703.43,490.37,37.252,17.668,41.229
3045,101.5,704.9,491.52,33.2,14.949,36.411
3046,101.533,706.25,491.58,29.046,10.981,31.053
3047,101.567,707.81,491.61,24.448,6.263,25.237
3048,101.6,708.75,491.39,18.716,0.852,18.735
3049,101.633,708.3,491.99,11.577,-4.312,12.354
3050,101.667,707.53,490.95,4.579,-8.928,10.033
3051,101.7,706.27,490.46,-2.051,-13.893,14.043
3052,101.733,705.52,489.16,-8.085,-17.411,19.197
3053,101.767,703.86,489.3,-13.862,-19.554,23.969
3054,101.8,703.09,485.96,-19.114,-19.289,27.155
3055,101.833,702.16,485.63,-22.774,-17.011,28.426
3056,101.867,702.47,487.01,-24.904,-13.045,28.114
3057,101.9,705.08,483.81,-25.961,-7.388,26.992
3058,101.933,703.58,483.57,-26.568,-0.976,26.586
3059,101.967,701.43,483.62,-26.825,4.697,27.233
3060,102.0,701.03,484.99,-25.836,9.93,27.678
3061,102.033,699.88,485.64,-23.939,14.317,27.894
3062,102.067,698.28,486.86,-21.571,18.622,28.498
3063,102.1,698.22,488.27,-19.161,22.24,29.356
3064,102.133,698.62,489.31,-17.668,25.006,30.618
3065,102.167,696.87,489.54,-16.091,26.273,30.809
3066,102.2,694.74,491.39,-14.902,26.663,30.545
3067,102.233,694.62,492.5,-13.657,26.07,29.431
3068,102.267,694.04,493.55,-12.669,24.906,27.943
3069,102.3,694.03,493.88,-11.092,22.103,24.73
3070,102.333,693.63,494.19,-9.106,19.966,21.944
3071,102.367,693.24,494.83,-6.029,16.878,17.923
3072,102.4,695.08,494.06,-3.968,12.285,12.91
3073,102.433,696.44,493.64,-2.312,7.942,8.271
3074,102.467,696.12,494.68,1.072,3.353,3.521
3075,102.5,695.87,495.13,4.747,-0.738,4.804
3076,102.533,695.29,495.88,8.251,-5.212,9.759
3077,102.567,694.78,495.23,11.159,-9.632,14.741
3078,102.6,693.75,495.1,14.129,-13.341,19.432
3079,102.633,694.4,495.03,15.385,-16.556,22.601
3080,102.667,693.87,494.85,15.154,-18.93,24.249
3081,102.7,694.59,494.51,14.301,-19.761,24.393
3082,102.733,695.28,493.53,12.869,-19.542,23.399
3083,102.767,696.66,492.14,10.972,-18.344,21.375
3084,102.8,697.86,491.29,8.73,-16.634,18.786
3085,102.833,699.2,489.35,6.256,-14.219,15.534
3086,102.867,699.44,488.57,4.031,-11.524,12.209
3087,102.9,703.38,487.07,2.307,-9.056,9.345
3088,102.933,702.89,487.39,0.482,-6.258,6.276
3089,102.967,699.7,487.79,-1.646,-3.42,3.796
3090,103.0,699.35,487.37,-2.679,-1.339,2.995
3091,103.033,697.74,488.25,-3.752,0.942,3.868
3092,103.067,697.14,489.91,-4.637,3.042,5.546
3093,103.1,695.44,490.4,-5.894,5.028,7.747
3094,103.133,695.94,491.39,-6.018,7.338,9.49
3095,103.167,695.25,492.25,-6.423,9.618,11.566
3096,103.2,694.95,492.7,-5.838,11.708,13.083
3097,103.233,696.24,492.16,-4.152,13.057,13.701
3098,103.267,696.33,491.56,-2.483,14.668,14.876
3099,103.3,697.2,491.22,-0.753,16.388,16.405
3100,103.333,697.98,490.56,1.37,16.611,16.667
3101,103.367,698.75,490.4,3.041,16.742,17.016
3102,103.4,699.72,490.68,5.137,16.056,16.858
3103,103.433,699.62,491.33,5.404,16.086,16.969
3104,103.467,699.51,492.93,5.127,15.14,15.984
3105,103.5,697.15,495.28,5.453,13.791,14.83
3106,103.533,696.58,496.1,4.899,12.74,13.649
3107,103.567,695.98,496.82,3.544,12.04,12.551
3108,103.6,697.16,498.61,2.444,10.75,11.024
3109,103.633,696.52,498.8,2.009,9.868,10.071
3110,103.667,697.75,498.89,1.054,9.566,9.624
3111,103.7,698.19,498.61,0.494,8.633,8.647
3112,103.733,697.25,499.0,-0.053,7.631,7.632
3113,103.767,698.74,497.14,-0.524,6.634,6.655
3114,103.8,699.61,495.13,-0.679,5.783,5.822
3115,103.833,699.47,495.97,-1.309,5.071,5.237
3116,103.867,700.39,495.66,-6.679,3.18,7.397
3117,103.9,700.06,496.59,-4.426,2.681,5.174
3118,103.933,698.97,495.75,-4.823,3.017,5.688
3119,103.967,697.66,497.41,-4.343,3.98,5.891
3120,104.0,696.59,498.54,-3.475,3.57,4.982
3121,104.033,696.22,499.78,-0.144,1.094,1.104
3122,104.067,697.7,500.0,2.201,-0.669,2.301
3123,104.1,696.62,501.18,5.209,-2.699,5.866
3124,104.133,696.11,501.15,6.103,-4.841,7.79
3125,104.167,696.42,499.34,8.016,-6.981,10.63
3126,104.2,696.38,499.31,9.834,-9.359,13.576
3127,104.233,697.61,497.84,11.693,-11.758,16.583
3128,104.267,697.38,496.73,14.325,-14.539,20.411
3129,104.3,697.67,495.39,16.369,-16.571,23.293
3130,104.333,699.18,493.8,17.812,-17.484,24.959
3131,104.367,713.0,496.48,19.1,-19.182,27.069
3132,104.4,699.77,494.2,19.935,-20.759,28.781
3133,104.433,704.96,492.34,19.778,-21.305,29.07
3134,104.467,704.17,490.2,19.217,-20.719,28.259
3135,104.5,703.53,491.56,18.545,-19.15,26.658
3136,104.533,699.92,494.47,19.291,-18.552,26.764
3137,104.567,702.11,493.1,20.118,-18.049,27.028
3138,104.6,701.59,493.63,18.976,-16.605,25.215
3139,104.633,705.92,492.15,17.071,-14.762,22.568
3140,104.667,706.29,491.1,15.041,-12.138,19.328
3141,104.7,706.91,490.34,12.809,-8.445,15.342
3142,104.733,707.55,489.38,11.022,-4.986,12.097
3143,104.767,708.04,488.23,7.393,-0.752,7.431
3144,104.8,708.73,487.09,3.58,4.244,5.552
3145,104.833,709.34,486.39,0.766,8.133,8.169
3146,104.867,709.5,487.97,-1.316,13.449,13.513
3147,104.9,708.27,490.07,-11.174,17.682,20.916
3148,104.933,708.62,489.56,-16.036,22.786,27.863
3149,104.967,708.59,491.0,-22.202,27.383,35.253
3150,105.0,708.55,490.33,-28.444,31.841,42.695
3151,105.033,704.68,494.34,-33.317,34.612,48.042
3152,105.067,701.99,497.04,-35.14,34.655,49.354
3153,105.1,701.29,498.44,-36.013,33.22,48.995
3154,105.133,700.99,499.18,-34.807,29.688,45.748
3155,105.167,699.59,499.05,-34.2,25.215,42.49
3156,105.2,697.8,499.45,-32.521,20.011,38.185
3157,105.233,694.92,500.57,-29.968,14.295,33.203
3158,105.267,696.2,500.55,-26.598,8.662,27.973
3159,105.3,696.95,499.59,-22.669,3.464,22.932
3160,105.333,695.72,503.21,-18.431,-1.156,18.467
3161,105.367,693.77,502.29,-14.603,-4.343,15.235
3162,105.4,694.01,500.63,-11.274,-6.914,13.225
3163,105.433,695.01,497.92,-8.162,-9.216,12.311
3164,105.467,693.44,497.59,-6.089,-9.948,11.663
3165,105.5,694.7,497.59,-4.705,-10.326,11.347
3166,105.533,693.73,497.61,-4.748,-8.642,9.86
3167,105.567,693.61,497.03,-4.34,-7.29,8.484
3168,105.6,693.09,497.6,-3.525,-6.262,7.186
3169,105.633,693.01,497.94,-3.103,-5.327,6.165
3170,105.667,693.38,498.16,-3.417,-4.286,5.482
3171,105.7,693.35,498.28,-3.983,-2.86,4.903
3172,105.733,693.31,498.27,-4.472,-1.31,4.66
3173,105.767,692.92,497.81,-3.872,-0.203,3.878
3174,105.8,692.62,497.58,-3.828,0.887,3.93
3175,105.833,691.83,498.34,-4.386,2.301,4.953
3176,105.867,691.76,498.18,-4.642,1.569,4.9
3177,105.9,691.62,497.91,-3.924,0.495,3.955
3178,105.933,692.12,497.49,-3.326,-0.677,3.394
3179,105.967,692.61,497.02,-3.507,-0.933,3.629
3180,106.0,691.89,497.72,-2.978,-0.989,3.138
3181,106.033,691.73,497.6,-3.019,-0.948,3.164
3182,106.067,691.61,497.62,-2.787,-0.887,2.925
3183,106.1,691.37,497.7,-2.537,-0.634,2.615
3184,106.133,691.14,497.81,-2.279,-0.184,2.287
3185,106.167,691.02,497.7,-2.043,0.299,2.065
3186,106.2,690.98,497.72,-2.038,0.694,2.153
3187,106.233,691.19,497.71,-2.098,0.904,2.284
3188,106.267,691.47,497.74,-2.334,0.761,2.455
3189,106.3,691.42,497.6,-2.405,0.791,2.532
3190,106.333,691.27,497.82,-2.524,1.056,2.736
3191,106.367,691.01,497.87,-2.262,0.735,2.378
3192,106.4,690.55,497.56,-1.895,0.481,1.955
3193,106.433,690.52,497.76,-1.462,0.237,1.481
3194,106.467,690.86,497.88,-1.203,0.13,1.21
3195,106.5,690.78,497.86,-1.456,0.3,1.487
3196,106.533,690.48,497.79,-1.446,0.443,1.513
3197,106.567,690.39,497.87,-1.374,0.355,1.419
3198,106.6,690.11,498.52,-1.482,0.507,1.567
3199,106.633,690.4,498.08,-1.464,0.6,1.582
3200,106.667,690.54,497.78,-1.271,0.383,1.328
3201,106.7,690.6,497.57,-0.844,0.234,0.876
3202,106.733,690.54,497.52,-0.312,0.177,0.359
3203,106.767,690.65,497.99,0.366,0.24,0.438
3204,106.8,690.36,498.02,0.603,0.23,0.645
3205,106.833,690.45,497.79,0.763,0.19,0.786
3206,106.867,690.34,498.2,0.785,0.013,0.785
3207,106.9,690.25,497.97,0.685,-0.031,0.686
3208,106.933,690.35,497.99,0.899,-0.008,0.899
3209,106.967,690.23,498.08,1.067,0.027,1.068
3210,107.0,690.56,498.2,0.978,0.027,0.978
3211,107.033,690.48,497.65,0.88,0.066,0.883
3212,107.067,690.38,498.23,0.679,0.237,0.719
3213,107.1,690.86,497.72,0.362,0.231,0.429
3214,107.133,690.96,497.63,0.267,-0.284,0.39
3215,107.167,691.05,498.11,0.225,-0.672,0.708
3216,107.2,690.89,498.15,0.084,-0.831,0.835
3217,107.233,690.88,497.99,-0.047,-0.83,0.831
3218,107.267,690.29,497.69,-0.381,-0.673,0.773
3219,107.3,690.65,497.69,-0.681,-0.684,0.965
3220,107.333,690.51,497.9,-0.774,-0.547,0.947
3221,107.367,690.56,498.06,-0.862,-0.308,0.915
3222,107.4,690.81,497.71,-1.182,-0.296,1.218
3223,107.433,690.44,497.9,-1.035,-0.351,1.093
3224,107.467,690.44,497.77,-0.432,-0.447,0.622
3225,107.5,690.44,497.72,0.665,-0.768,1.016
3226,107.533,690.2,497.59,1.755,-1.343,2.21
3227,107.567,690.49,497.27,2.81,-1.559,3.213
3228,107.6,690.86,497.47,3.896,-1.99,4.375
3229,107.633,690.92,497.74,4.817,-2.348,5.359
3230,107.667,690.73,497.78,5.49,-2.551,6.054
3231,107.7,690.87,497.6,5.747,-2.801,6.393
3232,107.733,690.83,497.56,5.645,-2.913,6.353
3233,107.767,691.47,497.46,4.882,-2.837,5.646
3234,107.8,691.55,497.42,4.388,-2.678,5.14
3235,107.833,691.71,496.92,3.995,-2.602,4.767
3236,107.867,692.01,496.71,3.526,-2.335,4.229
3237,107.9,693.32,496.46,2.975,-2.146,3.668
3238,107.933,693.38,496.47,2.083,-1.929,2.839
3239,107.967,693.05,496.27,1.533,-1.889,2.433
3240,108.0,692.53,496.41,2.049,-2.049,2.898
3241,108.033,692.3,496.67,1.988,-1.926,2.768
3242,108.067,692.37,496.49,1.987,-1.818,2.693
3243,108.1,692.34,496.33,1.835,-1.416,2.318
3244,108.133,691.91,496.74,1.964,-1.106,2.254
3245,108.167,691.71,496.87,2.458,-1.028,2.665
3246,108.2,691.8,496.75,3.295,-0.989,3.441
3247,108.233,692.11,496.44,3.968,-1.288,4.172
3248,108.267,693.32,496.08,5.187,-1.396,5.372
3249,108.3,693.58,496.14,5.958,-1.62,6.174
3250,108.333,693.21,496.45,6.4,-2.005,6.707
3251,108.367,693.61,495.87,6.88,-2.381,7.28
3252,108.4,693.99,495.61,7.098,-2.799,7.63
3253,108.433,694.88,495.65,6.261,-3.21,7.036
3254,108.467,695.13,495.68,4.659,-3.468,5.809
3255,108.5,693.02,496.2,2.783,-3.494,4.467
3256,108.533,694.15,495.66,0.828,-3.505,3.601
3257,108.567,694.68,495.72,-0.976,-3.489,3.623
3258,108.6,695.44,495.38,-2.916,-3.138,4.284
3259,108.633,695.07,495.28,-4.869,-2.509,5.477
3260,108.667,694.45,495.27,-6.433,-1.992,6.734
3261,108.7,693.9,494.93,-7.739,-1.459,7.875
3262,108.733,694.09,495.51,-8.825,-0.944,8.875
3263,108.767,692.8,494.84,-9.541,-0.249,9.544
3264,108.8,692.58,494.71,-10.667,0.656,10.687
3265,108.833,692.65,494.57,-11.361,1.394,11.446
3266,108.867,691.83,494.67,-11.4,1.761,11.536
3267,108.9,691.28,494.87,-11.282,2.171,11.489
3268,108.933,691.02,495.29,-10.893,2.689,11.22
3269,108.967,691.23,495.32,-10.401,2.982,10.82
3270,109.0,691.04,495.47,-10.145,3.2,10.638
3271,109.033,690.94,495.86,-8.122,2.894,8.622
3272,109.067,690.3,496.09,-5.861,2.588,6.406
3273,109.1,690.06,496.03,-3.62,2.031,4.15
3274,109.133,689.81,496.04,-1.885,1.363,2.326
3275,109.167,689.36,496.19,-0.046,0.75,0.751
3276,109.2,689.35,496.09,1.887,0.157,1.894
3277,109.233,689.59,496.14,3.761,-0.221,3.768
3278,109.267,689.56,495.9,5.111,-0.891,5.188
3279,109.3,690.35,495.58,6.535,-1.162,6.637
3280,109.333,690.22,495.58,7.314,-1.135,7.401
3281,109.367,690.37,495.61,7.604,-0.936,7.661
3282,109.4,691.05,495.67,7.637,-0.616,7.662
3283,109.433,691.59,495.42,7.366,-0.228,7.37
3284,109.467,691.67,495.58,6.655,0.314,6.662
3285,109.5,692.92,495.42,5.867,0.991,5.95
3286,109.533,692.75,495.52,4.905,1.5,5.129
3287,109.567,692.45,495.61,3.614,1.794,4.035
3288,109.6,692.56,495.76,2.454,2.009,3.171
3289,109.633,692.91,496.21,1.083,2.133,2.392
3290,109.667,692.59,496.25,-0.202,2.172,2.182
3291,109.7,692.25,496.29,-1.248,1.971,2.333
3292,109.733,691.98,496.33,-1.888,1.906,2.683
3293,109.767,691.59,496.47,-2.321,1.643,2.843
3294,109.8,691.29,496.42,-2.594,1.396,2.946
3295,109.833,691.69,496.19,-3.059,1.134,3.263
3296,109.867,691.38,496.31,-2.851,0.84,2.972
3297,109.9,691.49,496.43,-2.274,0.572,2.344
3298,109.933,691.8,496.6,-1.577,0.315,1.608
3299,109.967,692.48,496.18,-1.123,0.104,1.127
3300,110.0,691.91,495.96,-0.566,0.033,0.567
3301,110.033,691.67,496.27,-0.334,0.027,0.335
3302,110.067,691.66,496.44,-0.045,-0.027,0.053
3303,110.1,691.34,496.33,0.261,-0.12,0.288
3304,110.133,691.62,496.45,0.316,0.139,0.345
3305,110.167,691.59,496.52,0.083,0.306,0.317
3306,110.2,691.77,496.78,-0.341,0.581,0.674
3307,110.233,691.4,496.4,-0.973,0.835,1.282
3308,110.267,691.18,496.45,-1.63,1.1,1.966
3309,110.3,691.51,496.35,-2.24,1.222,2.552
3310,110.333,691.97,496.55,-2.544,1.403,2.905
3311,110.367,691.47,496.65,-2.883,1.761,3.378
3312,110.4,691.3,496.61,-2.725,1.903,3.324
3313,110.433,690.95,496.52,-2.56,1.98,3.236
3314,110.467,691.34,496.78,-2.6,2.052,3.312
3315,110.5,691.5,496.49,-2.997,2.34,3.802
3316,110.533,691.01,496.69,-3.199,2.675,4.17
3317,110.567,690.62,497.07,-3.311,2.743,4.3
3318,110.6,690.4,497.65,-3.477,2.759,4.439
3319,110.633,690.37,497.34,-3.49,2.748,4.442
3320,110.667,689.95,497.43,-3.702,2.718,4.593
3321,110.7,689.89,497.33,-3.813,2.569,4.597
3322,110.733,690.12,497.46,-3.702,2.16,4.286
3323,110.767,690.14,497.49,-3.504,1.977,4.023
3324,110.8,690.42,497.73,-3.122,1.882,3.645
3325,110.833,690.33,497.68,-2.602,1.734,3.127
3326,110.867,690.25,497.54,-2.046,1.329,2.44
3327,110.9,689.59,497.94,-1.184,0.859,1.463
3328,110.933,689.48,498.04,-0.109,0.394,0.409
3329,110.967,689.62,497.79,1.184,0.056,1.186
3330,111.0,689.47,497.56,1.971,-0.276,1.99
3331,111.033,689.33,497.63,2.088,-0.251,2.103
3332,111.067,689.25,497.92,1.917,0.048,1.918
3333,111.1,689.36,497.82,1.492,0.183,1.504
3334,111.133,689.52,497.94,0.371,0.461,0.592
3335,111.167,690.0,497.8,-0.929,0.828,1.244
3336,111.2,690.24,497.88,-2.191,1.111,2.457
3337,111.233,689.87,498.03,-3.361,1.212,3.573
3338,111.267,690.34,497.83,-4.734,1.324,4.915
3339,111.3,690.73,497.44,-5.891,1.171,6.006
3340,111.333,690.61,497.51,-7.046,0.909,7.104
3341,111.367,690.07,497.85,-8.029,0.764,8.065
3342,111.4,689.56,497.98,-8.968,0.688,8.994
3343,111.433,688.65,498.21,-9.427,0.434,9.437
3344,111.467,687.58,498.41,-9.673,0.204,9.675
3345,111.5,686.97,498.56,-9.583,-0.049,9.583
3346,111.533,686.68,498.61,-9.225,-0.025,9.225
3347,111.567,686.28,498.33,-8.131,-0.176,8.133
3348,111.6,685.9,498.68,-6.3,-0.602,6.329
3349,111.633,686.74,497.82,-4.021,0.46,4.047
3350,111.667,686.73,497.66,-1.149,2.24,2.518
3351,111.7,686.93,497.48,1.61,4.442,4.725
3352,111.733,686.96,497.81,4.36,6.186,7.568
3353,111.767,687.51,497.57,8.097,8.064,11.428
3354,111.8,687.49,498.11,12.107,7.872,14.441
3355,111.833,687.6,498.23,15.193,4.883,15.958
3356,111.867,687.68,498.12,17.491,-0.644,17.503
3357,111.9,688.14,498.25,18.37,-7.138,19.709
3358,111.933,688.6,498.37,17.723,-14.147,22.677
3359,111.967,689.49,498.19,16.402,-21.36,26.931
3360,112.0,690.1,498.52,14.31,-28.066,31.503
3361,112.033,691.37,498.32,12.048,-34.19,36.25
3362,112.067,691.86,498.92,9.794,-39.603,40.796
3363,112.1,692.24,499.73,6.617,-43.705,44.203
3364,112.133,692.95,496.49,3.318,-46.766,46.884
3365,112.167,693.04,493.11,0.251,-48.086,48.087
3366,112.2,693.96,489.19,-2.645,-48.085,48.158
3367,112.233,694.63,485.75,-5.428,-46.453,46.769
3368,112.267,693.13,479.45,-7.463,-43.602,44.236
3369,112.3,690.91,477.37,-9.483,-39.164,40.295
3370,112.333,690.03,478.33,-10.631,-33.982,35.606
3371,112.367,688.55,480.52,-11.166,-28.127,30.262
3372,112.4,688.51,480.74,-10.743,-21.651,24.17
3373,112.433,689.09,481.19,-9.409,-14.79,17.529
3374,112.467,688.68,481.84,-7.942,-7.889,11.195
3375,112.5,689.29,481.65,-5.742,-1.259,5.879
3376,112.533,688.79,481.74,-2.945,4.507,5.383
3377,112.567,687.66,482.12,-0.691,9.219,9.245
3378,112.6,689.24,481.98,1.576,11.566,11.673
3379,112.633,690.28,481.86,3.457,11.032,11.561
3380,112.667,689.59,481.66,4.972,9.084,10.356
3381,112.7,689.81,482.01,5.768,6.051,8.36
3382,112.733,690.33,481.86,5.996,2.801,6.618
3383,112.767,689.89,481.92,4.939,-0.309,4.948
3384,112.8,690.63,481.48,3.12,-1.12,3.315
3385,112.833,690.32,481.63,1.64,-0.901,1.872
3386,112.867,690.59,481.92,0.198,-0.353,0.404
3387,112.9,690.34,482.2,-1.245,-0.313,1.284
3388,112.933,689.65,482.17,-2.478,-0.285,2.495
3389,112.967,690.68,482.08,-3.862,-0.166,3.866
3390,113.0,689.92,482.14,-5.042,-0.204,5.046
3391,113.033,689.07,482.02,-6.685,0.138,6.686
3392,113.067,689.49,481.67,-8.047,0.868,8.093
3393,113.1,689.09,482.16,-7.844,1.344,7.958
3394,113.133,689.38,482.02,-7.961,1.836,8.17
3395,113.167,688.87,482.16,-7.861,2.227,8.171
3396,113.2,689.38,482.33,-6.88,2.446,7.302
3397,113.233,688.08,482.11,-5.566,2.853,6.255
3398,113.267,687.44,481.7,-4.287,3.148,5.319
3399,113.3,687.81,481.66,-2.539,3.17,4.061
3400,113.333,687.35,482.54,-1.342,3.33,3.59
3401,113.367,686.75,482.64,0.09,3.631,3.632
3402,113.4,687.64,482.71,1.142,3.717,3.888
3403,113.433,687.36,483.34,2.171,3.543,4.155
3404,113.467,687.17,483.57,3.279,3.274,4.633
3405,113.5,687.36,483.92,3.583,2.933,4.63
3406,113.533,688.31,483.8,3.174,2.485,4.031
3407,113.567,689.34,483.13,3.064,2.08,3.703
3408,113.6,688.89,483.2,3.077,1.775,3.552
3409,113.633,689.76,483.1,2.917,1.227,3.164
3410,113.667,689.45,483.26,2.221,0.869,2.385
3411,113.7,689.08,483.9,1.528,0.42,1.585
3412,113.733,688.86,483.11,0.235,-0.037,0.238
3413,113.767,688.78,483.19,-0.418,-0.305,0.518
3414,113.8,688.38,483.53,-0.632,-0.285,0.693
3415,113.833,688.77,483.72,-0.785,-0.032,0.785
3416,113.867,688.35,483.34,-0.581,-0.018,0.582
3417,113.9,688.42,483.4,0.451,-0.348,0.57
3418,113.933,688.08,483.48,1.22,-0.535,1.332
3419,113.967,688.02,483.47,2.279,-0.702,2.384
3420,114.0,687.85,483.51,3.836,-0.857,3.93
3421,114.033,689.48,483.49,5.447,-1.062,5.55
3422,114.067,689.78,483.35,6.983,-1.276,7.098
3423,114.1,689.01,483.46,8.544,-1.24,8.634
3424,114.133,689.43,483.55,10.819,-1.24,10.89
3425,114.167,690.08,483.26,11.756,-1.165,11.814
3426,114.2,690.54,483.28,13.177,-1.111,13.224
3427,114.233,691.35,483.06,14.247,-1.408,14.316
3428,114.267,691.54,482.78,14.806,-1.353,14.868
3429,114.3,691.94,482.68,14.601,-1.199,14.65
3430,114.333,692.21,482.54,13.879,-1.136,13.925
3431,114.367,692.71,482.38,12.805,-1.173,12.859
3432,114.4,692.58,483.29,11.151,-0.915,11.188
3433,114.433,693.22,483.52,9.034,-0.759,9.066
3434,114.467,693.89,483.31,7.086,-0.658,7.117
3435,114.5,694.25,483.22,5.191,-0.375,5.205
3436,114.533,695.39,482.87,3.409,-0.313,3.423
3437,114.567,695.97,482.67,0.98,-0.189,0.999
3438,114.6,695.47,482.62,-1.482,0.141,1.488
3439,114.633,694.11,482.65,-3.214,-0.086,3.215
3440,114.667,695.43,482.68,-4.581,-0.254,4.588
3441,114.7,693.61,482.69,-5.655,-0.505,5.677
3442,114.733,693.08,482.77,-6.3,-0.873,6.361
3443,114.767,692.66,482.86,-6.784,-1.147,6.881
3444,114.8,692.74,482.82,-6.944,-1.111,7.033
3445,114.833,692.94,482.82,-6.889,-1.123,6.98
3446,114.867,691.96,482.85,-6.392,-0.957,6.463
3447,114.9,692.4,482.59,-5.379,-0.601,5.413
3448,114.933,692.59,482.76,-4.192,-0.554,4.228
3449,114.967,692.16,482.86,-2.829,-0.633,2.899
3450,115.0,691.99,482.42,-1.4,-0.438,1.467
3451,115.033,692.27,482.72,0.016,-0.399,0.399
3452,115.067,692.48,482.47,0.9,-0.63,1.099
3453,115.1,692.61,481.86,1.22,-0.482,1.312
3454,115.133,692.64,482.67,1.407,-0.446,1.476
3455,115.167,692.67,482.26,1.83,-0.423,1.879
3456,115.2,692.65,482.49,1.217,-0.214,1.235
3457,115.233,692.48,482.63,1.171,-0.058,1.173
3458,115.267,692.37,482.63,0.92,-0.187,0.939
3459,115.3,692.5,482.26,0.873,0.022,0.874
3460,115.333,692.79,482.56,1.001,0.127,1.009
3461,115.367,692.76,482.58,0.897,-0.118,0.904
3462,115.4,692.09,482.75,1.327,-0.371,1.378
3463,115.433,692.79,482.76,1.561,-0.152,1.568
3464,115.467,692.85,482.72,1.559,-0.174,1.568
3465,115.5,692.81,482.02,1.66,-0.571,1.755
3466,115.533,692.96,481.98,1.847,-0.707,1.978
3467,115.567,692.96,482.74,1.607,-0.925,1.854
3468,115.6,692.95,482.15,1.581,-0.95,1.845
3469,115.633,692.81,482.42,1.361,-0.546,1.466
3470,115.667,693.03,482.54,0.7,-0.435,0.824
3471,115.7,693.17,482.14,-0.199,-0.577,0.611
3472,115.733,692.96,482.18,-0.495,-0.929,1.053
3473,115.767,693.68,482.8,-0.659,-1.286,1.445
3474,115.8,693.75,481.97,-0.682,-1.81,1.934
3475,115.833,693.3,482.0,-1.172,-2.426,2.694
3476,115.867,693.34,482.68,-1.35,-2.381,2.738
3477,115.9,693.03,482.78,-0.562,-1.043,1.185
3478,115.933,692.88,481.99,1.305,1.064,1.684
3479,115.967,692.87,482.15,3.744,3.922,5.422
3480,116.0,692.85,482.77,6.371,7.324,9.707
3481,116.033,692.8,482.82,9.084,11.964,15.022
3482,116.067,693.59,482.84,11.356,18.222,21.471
3483,116.1,693.05,482.77,13.061,24.023,27.344
3484,116.133,693.3,482.74,14.642,27.448,31.109
3485,116.167,694.45,482.73,15.877,28.591,32.703
3486,116.2,695.69,484.08,16.489,27.618,32.166
3487,116.233,695.23,485.25,16.304,25.043,29.883
3488,116.267,695.85,486.35,15.084,21.051,25.897
3489,116.3,696.66,488.38,12.451,15.547,19.918
3490,116.333,699.1,491.59,8.619,10.044,13.235
3491,116.367,700.16,493.14,4.035,4.46,6.015
3492,116.4,699.84,493.23,-1.122,-1.165,1.618
3493,116.433,699.55,493.62,-6.552,-6.334,9.113
3494,116.467,698.27,493.54,-11.674,-10.507,15.706
3495,116.5,697.51,493.2,-16.45,-13.92,21.549
3496,116.533,696.51,491.11,-20.586,-16.8,26.571
3497,116.567,696.03,485.59,-23.727,-18.564,30.126
3498,116.6,695.78,481.1,-25.963,-19.35,32.38
3499,116.633,694.28,481.42,-26.475,-19.171,32.688
3500,116.667,692.92,481.45,-26.24,-17.575,31.582
3501,116.7,691.38,481.88,-24.74,-14.829,28.844
3502,116.733,689.91,482.66,-22.038,-11.206,24.723
3503,116.767,689.37,483.65,-17.431,-7.082,18.815
3504,116.8,688.92,485.11,-11.556,-1.472,11.65
3505,116.833,688.94,485.69,-4.212,4.364,6.065
3506,116.867,689.28,486.41,3.446,8.254,8.944
3507,116.9,689.56,486.69,10.917,10.113,14.881
3508,116.933,690.4,486.52,17.323,10.571,20.293
3509,116.967,690.7,486.44,22.485,9.167,24.282
3510,117.0,691.48,486.31,26.051,5.887,26.708
3511,117.033,692.41,486.26,27.99,0.678,27.998
3512,117.067,693.38,485.49,28.667,-5.227,29.139
3513,117.1,694.07,485.09,27.884,-9.522,29.465
3514,117.133,694.69,485.15,25.754,-11.535,28.219
3515,117.167,697.53,484.57,22.933,-12.627,26.18
3516,117.2,698.86,484.96,20.022,-13.818,24.328
3517,117.233,699.81,484.76,15.667,-13.819,20.891
3518,117.267,700.68,485.35,10.808,-12.568,16.576
3519,117.3,701.64,483.24,5.912,-9.745,11.398
3520,117.333,701.03,481.3,0.389,-6.642,6.653
3521,117.367,699.01,481.09,-5.528,-2.834,6.212
3522,117.4,696.72,481.52,-12.074,0.588,12.088
3523,117.433,696.11,481.56,-18.419,3.103,18.679
3524,117.467,695.01,481.88,-24.45,4.613,24.881
3525,117.5,695.4,482.38,-29.528,5.131,29.97
3526,117.533,695.61,483.1,-33.496,5.911,34.014
3527,117.567,695.38,483.18,-36.756,6.337,37.298
3528,117.6,695.01,483.4,-38.17,6.752,38.762
3529,117.633,693.75,483.8,-37.782,7.247,38.471
3530,117.667,691.98,483.53,-35.781,7.365,36.531
3531,117.7,688.4,486.52,-33.543,7.493,34.37
3532,117.733,688.16,487.3,-30.7,6.91,31.468
3533,117.767,687.05,487.49,-26.42,6.323,27.166
3534,117.8,684.59,485.89,-21.569,4.562,22.046
3535,117.833,683.88,485.27,-16.505,3.014,16.778
3536,117.867,683.22,483.4,-10.498,2.557,10.805
3537,117.9,683.9,482.66,-2.037,2.553,3.266
3538,117.933,684.15,483.09,6.258,3.172,7.016
3539,117.967,684.57,484.5,13.052,3.432,13.496
3540,118.0,685.08,486.52,18.224,5.887,19.151
3541,118.033,685.63,486.06,22.42,9.181,24.227
3542,118.067,687.79,486.5,26.022,14.684,29.88
3543,118.1,688.1,487.01,28.078,20.333,34.667
3544,118.133,688.9,487.07,28.106,24.158,37.061
3545,118.167,690.54,487.51,27.944,24.891,37.422
3546,118.2,692.82,487.78,27.033,24.59,36.544
3547,118.233,695.43,488.58,27.078,22.322,35.093
3548,118.267,696.0,488.21,26.696,16.968,31.632
3549,118.3,697.36,489.2,25.934,8.13,27.179
3550,118.333,698.18,490.59,28.501,-2.353,28.598
3551,118.367,697.52,491.18,33.758,-15.147,37.0
3552,118.4,693.17,492.15,41.985,-28.472,50.728
3553,118.433,693.78,492.13,51.251,-41.672,66.055
3554,118.467,696.23,494.98,61.235,-54.222,81.791
3555,118.5,700.71,491.72,70.766,-65.533,96.449
3556,118.533,703.09,489.49,79.071,-76.349,109.915
3557,118.567,704.21,481.48,87.548,-83.88,121.246
3558,118.6,707.39,475.42,93.82,-88.059,128.673
3559,118.633,712.23,472.16,97.078,-89.722,132.19
3560,118.667,714.41,471.79,96.922,-89.319,131.802
3561,118.7,718.73,468.24,92.025,-85.871,125.867
3562,118.733,722.82,461.86,81.382,-79.446,113.731
3563,118.767,727.8,458.43,66.169,-71.215,97.21
3564,118.8,734.85,456.88,47.546,-60.582,77.012
3565,118.833,736.3,454.59,25.636,-48.396,54.766
3566,118.867,736.54,454.82,2.66,-36.393,36.49
3567,118.9,734.35,455.39,-19.485,-24.523,31.322
3568,118.933,732.7,456.41,-36.901,-13.512,39.297
3569,118.967,730.04,457.51,-50.669,-3.273,50.775
3570,119.0,727.95,457.7,-60.916,2.81,60.981
3571,119.033,726.25,459.64,-68.395,5.875,68.647
3572,119.067,719.69,458.87,-72.443,6.066,72.696
3573,119.1,713.7,457.02,-70.817,6.322,71.099
3574,119.133,709.72,456.59,-65.199,6.18,65.492
3575,119.167,705.89,458.09,-57.28,5.106,57.507
3576,119.2,704.46,457.35,-45.327,0.95,45.336
3577,119.233,706.03,456.27,-31.208,-4.635,31.55
3578,119.267,706.32,456.46,-14.817,-9.363,17.527
3579,119.3,708.05,456.04,1.471,-12.955,13.039
3580,119.333,711.48,454.99,15.07,-15.823,21.851
3581,119.367,713.23,455.79,26.304,-16.777,31.198
3582,119.4,714.81,455.99,36.528,-17.969,40.708
3583,119.433,715.29,455.53,44.437,-18.495,48.132
3584,119.467,716.28,453.45,49.978,-18.891,53.429
3585,119.5,717.33,452.42,53.57,-19.565,57.031
3586,119.533,718.43,453.2,54.48,-20.024,58.044
3587,119.567,720.74,451.98,51.852,-21.029,55.954
3588,119.6,720.3,450.47,49.494,-22.791,54.489
3589,119.633,721.45,449.69,45.512,-22.632,50.828
3590,119.667,724.19,448.16,41.703,-22.063,47.18
3591,119.7,725.48,448.16,39.249,-22.266,45.125
3592,119.733,727.71,448.28,36.217,-20.439,41.586
3593,119.767,727.93,448.66,32.0,-16.313,35.919
3594,119.8,729.46,447.81,27.884,-11.568,30.188
3595,119.833,730.47,447.02,23.516,-6.843,24.492
3596,119.867,733.1,445.2,17.945,-0.468,17.951
3597,119.9,731.51,446.34,11.476,5.69,12.809
3598,119.933,733.21,445.71,4.585,11.481,12.363
3599,119.967,733.65,445.61,-1.715,17.545,17.629
3600,120.0,733.05,446.2,-7.849,22.901,24.209
3601,120.033,732.31,446.77,-13.753,27.797,31.013
3602,120.067,731.94,446.77,-18.613,30.081,35.374
3603,120.1,728.12,450.28,-23.301,30.554,38.425
3604,120.133,729.69,450.38,-26.197,29.585,39.517
3605,120.167,727.92,453.04,-27.84,28.336,39.724
3606,120.2,724.77,457.0,-28.803,26.518,39.151
3607,120.233,724.97,457.1,-29.678,23.88,38.092
3608,120.267,724.82,456.19,-31.149,20.003,37.019
3609,120.3,723.92,456.7,-32.029,13.197,34.641
3610,120.333,722.84,458.94,-33.807,4.551,34.112
3611,120.367,721.74,457.95,-35.832,-5.965,36.325
3612,120.4,721.47,457.84,-38.032,-14.637,40.751
3613,120.433,720.63,457.25,-38.341,-22.371,44.39
3614,120.467,718.97,454.22,-38.454,-24.794,45.754
3615,120.5,718.15,454.07,-38.464,-21.138,43.889
3616,120.533,717.79,452.2,-37.764,-12.511,39.782
3617,120.567,716.03,452.45,-36.376,-0.195,36.377
3618,120.6,714.69,453.11,-35.224,14.862,38.231
3619,120.633,712.82,454.22,-31.23,29.882,43.223
3620,120.667,710.84,452.42,-27.471,45.24,52.927
3621,120.7,707.71,452.08,-23.571,58.185,62.778
3622,120.733,706.68,451.02,-17.455,67.025,69.261
3623,120.767,706.25,450.67,-11.029,72.674,73.506
3624,120.8,705.58,454.75,-3.795,76.144,76.239
3625,120.833,707.63,460.44,4.298,76.962,77.081
3626,120.867,709.91,470.09,9.821,72.814,73.473
3627,120.9,710.4,476.96,14.61,66.107,67.702
3628,120.933,710.56,485.55,17.412,56.799,59.408
3629,120.967,710.84,487.5,18.569,45.236,48.899
3630,121.0,711.89,485.76,19.808,33.609,39.012
3631,121.033,712.47,482.94,19.993,21.886,29.643
3632,121.067,713.03,480.01,19.239,11.96,22.654
3633,121.1,715.16,477.47,17.667,2.156,17.798
3634,121.133,714.68,474.71,15.3,-6.47,16.612
3635,121.167,714.72,472.19,11.824,-14.497,18.707
3636,121.2,716.83,471.49,8.074,-19.931,21.504
3637,121.233,716.51,471.21,4.807,-22.658,23.162
3638,121.267,716.45,471.87,2.045,-21.368,21.465
3639,121.3,714.08,471.74,-0.27,-15.021,15.023
3640,121.333,710.15,471.19,-0.672,-5.277,5.32
3641,121.367,713.26,473.67,-1.749,5.942,6.194
3642,121.4,713.15,474.91,-3.96,15.363,15.865
3643,121.433,714.85,476.23,-5.738,23.071,23.774
3644,121.467,716.74,478.25,-6.632,26.17,26.997
3645,121.5,715.75,479.96,-6.514,26.371,27.163
3646,121.533,715.92,480.35,-6.172,24.456,25.223
3647,121.567,714.66,479.13,-4.356,21.856,22.286
3648,121.6,713.99,480.36,-2.271,18.377,18.517
3649,121.633,712.73,479.6,-1.496,14.195,14.274
3650,121.667,713.01,479.91,-0.582,10.258,10.274
3651,121.7,712.52,480.23,-0.071,6.869,6.87
3652,121.733,713.05,480.79,-0.875,3.906,4.002
3653,121.767,712.98,481.3,-2.2,1.465,2.643
3654,121.8,713.42,480.85,-4.038,-0.634,4.087
3655,121.833,711.5,479.83,-4.418,-1.496,4.665
3656,121.867,712.41,480.18,-2.426,-1.106,2.666
3657,121.9,714.21,481.0,-1.143,-0.923,1.469
3658,121.933,714.7,480.85,0.942,0.025,0.942
3659,121.967,714.74,480.95,1.891,0.806,2.056
3660,122.0,714.42,480.58,1.465,1.118,1.843
3661,122.033,714.87,481.29,0.905,0.856,1.246
3662,122.067,712.41,480.26,-0.398,0.283,0.489
3663,122.1,711.63,480.31,-1.773,0.413,1.821
3664,122.133,712.08,480.69,-3.631,-0.505,3.666
3665,122.167,711.85,480.52,-5.212,-0.994,5.307
3666,122.2,712.54,480.95,-5.648,-0.557,5.676
3667,122.233,712.79,481.08,-6.08,-0.569,6.107
3668,122.267,713.4,481.31,-6.418,-0.495,6.437
3669,122.3,713.87,481.4,-6.565,-0.946,6.633
3670,122.333,712.75,480.55,-6.232,-1.097,6.328
3671,122.367,712.56,480.63,-3.983,-0.46,4.009
3672,122.4,712.13,480.98,-2.237,-0.369,2.267
3673,122.433,710.69,479.91,-2.331,-1.273,2.656
3674,122.467,711.02,480.37,-2.314,-1.739,2.894
3675,122.5,710.85,480.39,-2.149,-2.062,2.979
3676,122.533,710.54,480.12,-1.743,-1.85,2.542
3677,122.567,710.41,480.12,-2.042,-1.782,2.71
3678,122.6,710.53,479.82,-1.149,-0.973,1.506
3679,122.633,711.74,481.12,0.377,-0.166,0.412
3680,122.667,713.06,481.68,1.714,0.639,1.829
3681,122.7,711.05,479.94,2.84,1.4,3.166
3682,122.733,712.05,480.79,2.823,1.596,3.243
3683,122.767,712.15,480.15,4.421,2.864,5.267
3684,122.8,712.64,480.49,4.429,3.252,5.495
3685,122.833,711.78,480.0,3.631,3.44,5.002
3686,122.867,709.98,479.12,2.728,3.941,4.793
3687,122.9,710.57,479.98,1.629,3.705,4.047
3688,122.933,713.33,481.75,0.285,2.851,2.865
3689,122.967,713.2,481.65,-0.763,1.889,2.037
3690,123.0,712.89,481.82,-1.611,0.351,1.649
3691,123.033,712.3,481.58,-2.479,-1.242,2.772
3692,123.067,712.58,481.38,-2.422,-3.047,3.892
3693,123.1,711.97,480.89,-2.071,-4.938,5.355
3694,123.133,711.31,481.05,-1.023,-6.186,6.27
3695,123.167,711.05,480.72,-0.275,-8.017,8.022
3696,123.2,711.59,480.96,-0.622,-10.353,10.372
3697,123.233,713.73,481.9,-0.211,-11.797,11.798
3698,123.267,709.69,479.0,-0.377,-13.047,13.053
3699,123.3,711.15,479.45,-1.029,-13.755,13.794
3700,123.333,711.17,478.47,-2.228,-14.061,14.237
3701,123.367,711.42,477.06,-3.23,-13.594,13.972
3702,123.4,711.18,477.0,-3.082,-11.918,12.31
3703,123.433,711.4,476.42,-2.322,-9.575,9.853
3704,123.467,712.22,476.53,-2.702,-7.837,8.289
3705,123.5,711.91,476.61,-3.174,-5.558,6.4
3706,123.533,712.65,476.08,-2.829,-2.859,4.022
3707,123.567,711.61,476.46,-3.388,-0.813,3.484
3708,123.6,711.67,476.83,-3.153,1.879,3.671
3709,123.633,710.49,476.17,-3.88,3.96,5.544
3710,123.667,709.65,476.35,-3.189,5.6,6.444
3711,123.7,709.69,476.93,-2.723,6.606,7.145
3712,123.733,709.38,477.49,-2.984,6.737,7.368
3713,123.767,709.18,477.3,-4.001,5.674,6.943
3714,123.8,709.65,477.94,-3.52,5.289,6.353
3715,123.833,709.98,478.14,-3.668,4.281,5.637
3716,123.867,710.43,478.51,-3.974,3.25,5.134
3717,123.9,710.74,478.81,-4.612,2.497,5.244
3718,123.933,710.19,478.44,-5.24,1.633,5.489
3719,123.967,710.26,479.11,-6.229,0.648,6.262
3720,124.0,710.33,478.62,-7.551,-0.529,7.57
3721,124.033,708.17,477.36,-8.477,-1.747,8.655
3722,124.067,710.1,478.54,-10.042,-2.761,10.414
3723,124.1,707.52,476.6,-11.064,-3.74,11.679
3724,124.133,709.49,477.28,-12.523,-4.926,13.457
3725,124.167,706.72,476.97,-13.153,-5.23,14.154
3726,124.2,706.74,477.43,-13.401,-5.317,14.417
3727,124.233,707.32,477.86,-13.201,-5.113,14.156
3728,124.267,705.53,477.73,-12.24,-4.582,13.07
3729,124.3,705.29,477.63,-10.629,-3.491,11.188
3730,124.333,704.82,477.23,-8.271,-2.213,8.562
3731,124.367,704.57,476.8,-5.973,-0.726,6.017
3732,124.4,704.58,476.57,-4.137,0.178,4.141
3733,124.433,704.59,476.06,-2.537,0.866,2.681
3734,124.467,705.29,476.34,-0.994,1.587,1.873
3735,124.5,705.34,476.45,-0.116,1.568,1.572
3736,124.533,704.72,476.37,0.264,1.394,1.419
3737,124.567,705.0,476.73,1.405,1.771,2.261
3738,124.6,704.54,476.84,1.021,1.19,1.569
3739,124.633,705.31,477.63,1.569,1.661,2.285
3740,124.667,704.95,477.42,0.747,1.895,2.037
3741,124.7,705.77,478.09,1.294,2.635,2.936
3742,124.733,705.96,478.25,1.183,2.905,3.137
3743,124.767,705.85,478.04,0.284,2.921,2.935
3744,124.8,705.89,477.88,-0.141,2.623,2.627
3745,124.833,704.57,477.36,-0.75,1.928,2.069
3746,124.867,704.45,476.7,-0.723,1.237,1.432
3747,124.9,704.83,477.38,-1.0,0.435,1.09
3748,124.933,704.5,477.26,-1.108,-0.363,1.166
3749,124.967,704.4,477.14,-0.902,-0.944,1.305
3750,125.0,704.99,477.49,-0.955,-1.548,1.819
3751,125.033,705.07,477.73,-1.24,-2.442,2.739
3752,125.067,704.98,477.59,-1.161,-3.1,3.31
3753,125.1,705.55,478.26,-1.038,-3.458,3.611
3754,125.133,705.45,477.97,-0.506,-3.217,3.257
3755,125.167,705.51,477.99,-0.357,-2.78,2.802
3756,125.2,704.15,477.09,0.054,-1.861,1.862
3757,125.233,704.63,477.27,-0.119,-1.32,1.325
3758,125.267,704.71,476.72,-0.153,-0.749,0.765
3759,125.3,704.72,476.58,-0.237,-0.332,0.408
3760,125.333,705.16,476.66,-0.499,0.121,0.513
3761,125.367,704.1,476.28,-0.224,0.806,0.836
3762,125.4,705.02,476.38,0.125,1.721,1.725
3763,125.433,705.02,476.33,0.03,2.148,2.148
3764,125.467,704.64,476.44,0.531,2.79,2.84
3765,125.5,704.54,476.53,0.783,3.27,3.363
3766,125.533,704.91,477.69,1.028,3.68,3.821
3767,125.567,704.96,478.44,1.265,3.839,4.042
3768,125.6,704.84,478.81,1.669,4.098,4.425
3769,125.633,704.7,478.68,1.086,3.477,3.643
3770,125.667,705.0,478.28,0.004,2.686,2.686
3771,125.7,705.04,477.85,-1.243,1.685,2.094
3772,125.733,705.71,478.12,-1.877,0.743,2.019
3773,125.767,705.15,477.7,-2.552,-0.534,2.607
3774,125.8,704.96,477.88,-2.966,-1.824,3.482
3775,125.833,704.72,477.61,-3.545,-3.132,4.73
3776,125.867,704.49,477.26,-4.234,-4.558,6.221
3777,125.9,704.35,477.28,-4.042,-5.839,7.101
3778,125.933,704.91,477.61,-4.031,-6.876,7.97
3779,125.967,703.88,477.08,-3.4,-7.632,8.355
3780,126.0,704.49,477.38,-2.973,-8.024,8.557
3781,126.033,703.87,476.97,-2.346,-7.857,8.199
3782,126.067,703.34,476.78,-2.472,-7.945,8.321
3783,126.1,702.36,475.99,-2.344,-7.842,8.185
3784,126.133,703.08,476.27,-2.267,-7.536,7.87
3785,126.167,703.76,475.92,-1.47,-6.845,7.001
3786,126.2,703.77,475.2,-0.677,-5.909,5.948
3787,126.233,703.94,474.91,0.274,-4.461,4.469
3788,126.267,703.97,474.56,0.073,-3.525,3.526
3789,126.3,703.59,474.45,0.215,-2.172,2.183
3790,126.333,704.22,474.26,0.294,-0.884,0.932
3791,126.367,704.42,474.28,0.336,0.299,0.449
3792,126.4,704.13,474.62,0.766,1.745,1.906
3793,126.433,704.04,474.64,0.672,2.832,2.911
3794,126.467,702.54,475.02,0.525,3.834,3.87
3795,126.5,703.07,475.42,0.834,4.934,5.004
3796,126.533,702.72,475.65,0.742,5.407,5.458
3797,126.567,704.18,476.56,0.837,5.844,5.904
3798,126.6,704.05,476.6,1.495,6.049,6.231
3799,126.633,704.81,476.52,2.222,5.974,6.373
3800,126.667,703.92,476.18,2.936,5.771,6.475
3801,126.7,703.73,476.28,3.577,5.287,6.383
3802,126.733,703.13,475.8,4.278,4.68,6.34
3803,126.767,704.65,476.8,4.282,3.91,5.798
3804,126.8,704.39,476.59,4.336,3.303,5.451
3805,126.833,704.64,476.59,3.937,2.475,4.651
3806,126.867,704.99,477.07,3.251,1.862,3.747
3807,126.9,704.34,476.88,2.363,1.267,2.681
3808,126.933,705.67,477.65,1.407,0.828,1.632
3809,126.967,705.26,477.33,0.222,0.58,0.621
3810,127.0,705.19,477.15,-0.119,0.429,0.445
3811,127.033,705.28,477.57,-0.458,0.3,0.548
3812,127.067,705.26,477.3,-0.214,0.294,0.364
3813,127.1,704.33,477.04,-0.436,0.397,0.589
3814,127.133,705.31,477.67,-0.752,0.162,0.769
3815,127.167,705.07,476.88,-1.739,-0.142,1.745
3816,127.2,704.45,476.72,-2.307,-0.4,2.341
3817,127.233,703.74,476.83,-2.275,-0.568,2.345
3818,127.267,704.48,476.94,-2.008,-0.422,2.052
3819,127.3,703.81,476.57,-2.159,-0.726,2.278
3820,127.333,704.84,477.03,-1.62,-0.902,1.854
3821,127.367,704.7,476.93,-1.305,-1.06,1.681
3822,127.4,704.49,477.28,-1.172,-1.377,1.808
3823,127.433,704.44,477.12,-0.308,-1.36,1.394
3824,127.467,704.68,477.23,-0.382,-1.619,1.663
3825,127.5,704.55,477.23,-1.148,-2.234,2.512
3826,127.533,704.45,477.3,-1.962,-2.401,3.1
3827,127.567,703.98,477.26,-3.178,-2.646,4.136
3828,127.6,703.55,476.04,-4.331,-2.88,5.201
3829,127.633,703.65,476.22,-4.602,-2.393,5.187
3830,127.667,704.15,476.07,-4.537,-2.967,5.421
3831,127.7,704.22,476.12,-4.526,-3.969,6.02
3832,127.733,703.38,475.75,-4.953,-5.341,7.284
3833,127.767,704.0,475.6,-4.712,-6.941,8.39
3834,127.8,703.92,475.57,-4.871,-8.334,9.653
3835,127.833,702.72,475.44,-4.632,-9.057,10.173
3836,127.867,702.77,475.49,-4.411,-9.834,10.778
3837,127.9,702.55,475.43,-4.851,-9.458,10.63
3838,127.933,701.23,474.87,-4.384,-9.205,10.196
3839,127.967,701.09,474.32,-3.536,-8.655,9.35
3840,128.0,702.37,475.06,-2.341,-8.253,8.579
3841,128.033,702.46,474.12,-0.518,-8.412,8.428
3842,128.067,703.41,473.28,1.599,-8.769,8.914
3843,128.1,703.72,472.72,4.067,-8.809,9.703
3844,128.133,703.36,470.22,6.43,-8.807,10.904
3845,128.167,701.65,470.19,8.696,-9.625,12.972
3846,128.2,701.32,470.76,10.078,-9.876,14.11
3847,128.233,702.68,471.4,10.358,-10.744,14.924
3848,128.267,702.47,472.04,11.451,-11.29,16.081
3849,128.3,703.17,472.0,12.847,-11.829,17.463
3850,128.333,703.9,471.49,13.011,-12.615,18.122
3851,128.367,703.77,471.71,13.106,-13.037,18.486
3852,128.4,706.38,469.42,11.265,-15.505,19.166
3853,128.433,706.13,468.71,6.878,-18.224,19.479
3854,128.467,706.58,467.27,-2.041,-23.625,23.713
3855,128.5,706.52,466.12,-14.001,-30.267,33.349
3856,128.533,705.64,465.89,-24.657,-37.787,45.12
3857,128.567,704.74,464.75,-34.355,-46.492,57.808
3858,128.6,703.55,461.97,-43.651,-57.856,72.476
3859,128.633,703.02,460.7,-52.008,-70.801,87.85
3860,128.667,701.57,460.24,-58.146,-82.73,101.12
3861,128.7,700.81,456.79,-61.312,-94.083,112.298
3862,128.733,700.71,455.04,-62.02,-107.502,124.11
3863,128.767,696.95,451.24,-60.489,-119.464,133.905
3864,128.8,690.85,446.96,-57.365,-131.985,143.913
3865,128.833,686.85,442.04,-53.697,-145.721,155.3
3866,128.867,680.46,434.3,-50.6,-159.015,166.871
3867,128.9,675.96,430.4,-47.969,-171.961,178.526
3868,128.933,673.16,421.8,-46.48,-181.835,187.682
3869,128.967,678.76,418.37,-46.38,-188.464,194.087
3870,129.0,685.04,412.41,-47.702,-190.834,196.706
3871,129.033,682.54,403.36,-50.033,-188.421,194.95
3872,129.067,681.7,395.55,-51.375,-185.198,192.192
3873,129.1,681.54,391.62,-51.723,-180.371,187.641
3874,129.133,681.17,386.76,-49.256,-174.248,181.076
3875,129.167,678.72,379.65,-46.353,-166.501,172.832
3876,129.2,675.98,371.54,-44.123,-159.123,165.127
3877,129.233,672.93,369.55,-43.79,-150.89,157.116
3878,129.267,667.25,360.66,-44.988,-142.768,149.688
3879,129.3,662.97,355.77,-47.303,-134.936,142.987
3880,129.333,659.24,354.61,-48.848,-126.795,135.878
3881,129.367,657.54,352.67,-49.479,-118.484,128.4
3882,129.4,657.13,352.01,-47.411,-108.709,118.598
3883,129.433,655.28,349.8,-41.385,-100.205,108.415
3884,129.467,656.95,346.51,-32.739,-89.639,95.431
3885,129.5,659.34,341.45,-24.678,-79.68,83.414
3886,129.533,662.59,333.39,-19.471,-69.362,72.043
3887,129.567,663.07,331.61,-14.111,-57.427,59.135
3888,129.6,663.32,328.82,-8.723,-44.16,45.013
3889,129.633,658.41,328.71,-5.186,-32.501,32.913
3890,129.667,655.46,326.49,-3.956,-21.282,21.646
3891,129.7,654.54,326.72,-4.127,-11.503,12.221
3892,129.733,655.16,327.01,-5.768,-3.017,6.509
3893,129.767,653.25,327.02,-8.685,1.809,8.872
3894,129.8,653.64,328.78,-11.053,5.691,12.432
3895,129.833,654.13,329.34,-12.19,7.897,14.525
3896,129.867,654.1,330.1,-11.467,7.267,13.576
3897,129.9,654.95,330.94,-9.488,3.948,10.277
3898,129.933,653.62,333.8,-7.24,-1.486,7.391
3899,129.967,655.34,334.34,-3.7,-8.735,9.487
3900,130.0,654.92,334.51,0.195,-17.752,17.753
3901,130.033,654.83,333.12,2.994,-27.462,27.625
3902,130.067,655.19,331.2,3.746,-35.835,36.03
3903,130.1,653.44,328.2,3.217,-43.14,43.26
3904,130.133,653.63,326.18,1.4,-50.421,50.441
3905,130.167,653.94,320.08,0.962,-55.597,55.606
3906,130.2,653.77,316.74,1.301,-59.224,59.239
3907,130.233,654.03,314.99,1.84,-61.942,61.969
3908,130.267,654.59,312.3,1.443,-64.757,64.774
3909,130.3,655.38,311.79,1.735,-66.776,66.799
3910,130.333,655.23,311.52,1.612,-68.116,68.135
3911,130.367,654.5,310.86,1.463,-69.067,69.083
3912,130.4,653.89,310.83,2.473,-71.063,71.106
3913,130.433,654.59,307.66,3.388,-72.772,72.851
3914,130.467,655.58,303.99,7.165,-77.594,77.924
3915,130.5,655.24,300.77,11.056,-84.062,84.786
3916,130.533,656.24,297.76,15.239,-92.829,94.072
3917,130.567,656.97,296.32,19.543,-103.122,104.958
3918,130.6,657.53,291.15,23.214,-114.796,117.12
3919,130.633,657.38,290.32,25.972,-126.813,129.446
3920,130.667,657.0,282.76,28.071,-139.003,141.809
3921,130.7,657.45,277.97,29.972,-148.878,151.866
3922,130.733,658.06,272.33,32.631,-155.523,158.909
3923,130.767,659.95,268.83,34.828,-158.185,161.974
3924,130.8,661.93,264.16,36.104,-156.797,160.9
3925,130.833,665.22,257.21,37.092,-152.604,157.047
3926,130.867,668.37,250.75,38.403,-146.112,151.074
3927,130.9,669.75,246.86,40.433,-137.597,143.415
3928,130.933,672.85,239.48,42.994,-128.093,135.115
3929,130.967,671.41,236.12,46.603,-117.535,126.437
3930,131.0,671.29,231.29,50.312,-105.325,116.724
3931,131.033,671.85,227.93,54.601,-92.236,107.186
3932,131.067,671.93,224.94,58.192,-78.634,97.824
3933,131.1,672.55,223.32,60.596,-65.953,89.564
3934,131.133,676.75,222.43,62.387,-53.19,81.983
3935,131.167,679.99,222.09,63.477,-43.176,76.769
3936,131.2,682.56,223.61,64.668,-33.414,72.791
3937,131.233,683.44,223.63,65.979,-25.191,70.624
3938,131.267,686.46,221.37,66.778,-17.507,69.034
3939,131.3,690.72,220.14,67.501,-13.374,68.814
3940,131.333,693.66,219.42,67.206,-11.383,68.164
3941,131.367,696.11,218.73,64.8,-10.237,65.603
3942,131.4,698.38,217.79,60.673,-10.071,61.504
3943,131.433,701.33,216.58,54.921,-10.844,55.981
3944,131.467,701.47,217.22,46.682,-10.649,47.882
3945,131.5,702.01,216.78,39.026,-10.968,40.538
3946,131.533,701.95,216.91,31.865,-10.548,33.565
3947,131.567,702.6,216.66,25.151,-9.664,26.943
3948,131.6,704.15,216.08,19.648,-8.152,21.273
3949,131.633,704.43,215.68,15.661,-6.217,16.85
3950,131.667,705.63,215.21,11.497,-4.079,12.199
3951,131.7,705.84,215.14,7.806,-2.099,8.083
3952,131.733,705.33,215.15,4.073,-0.911,4.173
3953,131.767,706.31,213.26,3.095,-1.199,3.32
3954,131.8,705.02,215.22,2.889,-1.157,3.112
3955,131.833,705.18,215.29,2.097,-1.146,2.389
3956,131.867,706.13,215.3,1.74,-1.256,2.146
3957,131.9,705.67,216.52,1.692,-1.461,2.236
3958,131.933,706.48,215.81,1.562,-1.597,2.234
3959,131.967,707.42,215.38,0.657,-1.326,1.48
3960,132.0,706.87,215.26,-0.015,-1.304,1.304
3961,132.033,706.27,214.82,-0.073,-1.333,1.335
3962,132.067,705.99,214.59,0.645,-1.695,1.814
3963,132.1,705.71,214.66,1.008,-1.964,2.207
3964,132.133,705.61,214.55,0.817,-2.074,2.229
3965,132.167,706.05,214.48,0.396,-2.215,2.25
3966,132.2,705.8,214.71,-0.719,-1.983,2.109
3967,132.233,707.64,213.59,-1.763,-2.012,2.675
3968,132.267,705.66,214.61,-2.353,-2.131,3.174
3969,132.3,705.54,214.44,-3.762,-0.866,3.86
3970,132.333,706.68,214.52,-4.536,-0.276,4.544
3971,132.367,706.31,214.5,-5.609,0.475,5.629
3972,132.4,705.9,214.51,-7.543,1.716,7.736
3973,132.433,705.83,214.68,-9.849,2.619,10.191
3974,132.467,705.62,214.91,-12.253,4.127,12.929
3975,132.5,705.63,214.7,-14.385,5.603,15.438
3976,132.533,704.28,214.97,-16.201,7.041,17.665
3977,132.567,702.73,215.39,-17.611,8.556,19.579
3978,132.6,702.87,215.18,-18.043,9.793,20.529
3979,132.633,702.37,215.16,-18.112,10.852,21.114
3980,132.667,702.26,215.58,-17.278,11.493,20.751
3981,132.7,702.12,215.39,-15.993,11.654,19.789
3982,132.733,700.97,216.38,-14.296,11.196,18.158
3983,132.767,699.49,217.3,-13.212,10.935,17.15
3984,132.8,699.01,217.66,-10.4,9.753,14.258
3985,132.833,697.82,218.7,-7.331,8.359,11.118
3986,132.867,697.62,219.57,-4.564,6.498,7.941
3987,132.9,698.1,219.71,-1.971,4.658,5.058
3988,132.933,699.75,219.71,0.706,2.773,2.862
3989,132.967,700.24,218.95,2.944,0.822,3.057
3990,133.0,699.36,219.07,5.331,-1.543,5.55
3991,133.033,699.67,218.73,6.734,-3.461,7.571
3992,133.067,700.41,218.21,7.966,-5.149,9.485
3993,133.1,699.87,218.18,9.53,-6.732,11.668
3994,133.133,700.86,217.44,10.701,-7.801,13.243
3995,133.167,700.77,217.17,11.456,-8.463,14.243
3996,133.2,700.91,217.0,11.298,-8.576,14.184
3997,133.233,701.86,216.8,10.546,-7.888,13.17
3998,133.267,702.6,216.5,9.922,-7.211,12.265
3999,133.3,701.83,216.6,9.704,-6.526,11.694
4000,133.333,702.42,216.37,9.355,-5.521,10.863
4001,133.367,702.44,216.67,9.731,-4.737,10.823
4002,133.4,703.23,216.22,11.305,-4.878,12.313
4003,133.433,703.44,215.95,12.457,-5.118,13.467
4004,133.467,704.25,215.68,11.832,-4.8,12.768
4005,133.5,703.41,216.37,10.022,-3.875,10.745
4006,133.533,704.22,216.03,7.799,-2.802,8.287
4007,133.567,704.79,215.78,4.603,-0.951,4.7
4008,133.6,704.86,215.67,0.764,1.002,1.26
4009,133.633,704.64,215.47,-2.947,3.005,4.209
4010,133.667,704.79,215.67,-6.611,4.953,8.26
4011,133.7,705.62,215.26,-9.885,6.537,11.851
4012,133.733,705.73,215.02,-13.557,7.781,15.631
4013,133.767,705.2,215.43,-17.627,9.034,19.807
4014,133.8,704.58,215.79,-21.831,10.574,24.257
4015,133.833,704.36,215.94,-25.255,11.743,27.851
4016,133.867,703.23,216.38,-26.812,12.762,29.694
4017,133.9,699.59,218.48,-26.181,13.469,29.443
4018,133.933,697.84,219.87,-24.724,14.005,28.415
4019,133.967,697.41,219.84,-21.613,14.297,25.914
4020,134.0,696.75,220.26,-17.407,13.072,21.769
4021,134.033,696.35,220.66,-11.875,9.977,15.51
4022,134.067,696.85,219.6,-6.238,5.84,8.546
4023,134.1,696.73,219.71,-0.574,1.801,1.89
4024,134.133,696.84,219.14,4.855,-2.442,5.435
4025,134.167,695.86,219.29,9.639,-6.974,11.897
4026,134.2,695.2,219.84,14.648,-11.582,18.673
4027,134.233,696.78,220.39,19.604,-15.754,25.15
4028,134.267,698.58,220.17,23.45,-19.123,30.259
4029,134.3,700.85,219.11,26.342,-22.195,34.446
4030,134.333,704.06,218.58,27.951,-25.002,37.501
4031,134.367,704.29,217.56,28.563,-26.453,38.931
4032,134.4,703.9,215.7,27.213,-26.532,38.006
4033,134.433,705.27,213.58,25.988,-26.637,37.214
4034,134.467,705.1,210.82,24.036,-26.42,35.717
4035,134.5,704.58,210.82,21.973,-25.762,33.86
4036,134.533,704.62,211.3,19.5,-24.545,31.348
4037,134.567,705.31,211.79,17.018,-23.266,28.826
4038,134.6,705.82,210.26,14.128,-21.167,25.449
4039,134.633,707.01,209.3,10.8,-18.592,21.501
4040,134.667,709.62,209.11,7.597,-15.49,17.253
4041,134.7,709.9,208.6,5.171,-12.187,13.238
4042,134.733,708.66,208.14,3.54,-9.07,9.737
4043,134.767,708.99,207.32,2.532,-6.552,7.025
4044,134.8,708.94,207.45,2.35,-5.107,5.622
4045,134.833,709.18,208.48,1.152,-4.2,4.355
4046,134.867,707.53,207.99,-0.89,-3.216,3.337
4047,134.9,708.34,207.24,-0.88,-3.624,3.729
4048,134.933,708.2,207.42,-0.456,-4.84,4.862
4049,134.967,709.38,206.85,0.129,-6.139,6.14
4050,135.0,708.58,207.13,1.499,-6.524,6.694
4051,135.033,708.86,206.55,4.566,-7.142,8.477
4052,135.067,708.52,206.64,9.219,-8.177,12.322
4053,135.1,708.25,206.65,15.06,-9.809,17.973
4054,135.133,709.11,206.17,21.461,-11.081,24.153
4055,135.167,709.21,206.05,27.977,-11.752,30.345
4056,135.2,709.89,205.62,33.526,-12.526,35.789
4057,135.233,711.84,204.87,38.595,-13.281,40.816
4058,135.267,712.94,203.95,42.768,-14.082,45.026
4059,135.3,713.28,204.13,45.509,-14.111,47.647
4060,135.333,717.3,203.9,46.952,-14.107,49.025
4061,135.367,720.21,201.05,47.238,-14.23,49.335
4062,135.4,719.07,201.2,47.514,-14.554,49.693
4063,135.433,721.99,201.58,46.01,-12.715,47.735
4064,135.467,724.09,201.64,43.225,-11.128,44.635
4065,135.5,726.53,201.35,38.138,-8.477,39.069
4066,135.533,727.66,201.38,31.861,-5.197,32.282
4067,135.567,728.22,201.21,24.102,-1.425,24.144
4068,135.6,728.18,201.0,15.004,2.444,15.202
4069,135.633,728.84,200.9,5.58,6.475,8.548
4070,135.667,728.86,200.08,-4.301,9.918,10.81
4071,135.7,727.93,200.1,-13.536,12.309,18.296
4072,135.733,726.31,200.49,-21.937,14.371,26.225
4073,135.767,726.57,201.57,-29.352,15.948,33.405
4074,135.8,726.37,201.91,-34.368,17.284,38.47
4075,135.833,725.89,203.34,-36.245,17.831,40.393
4076,135.867,724.24,204.24,-37.415,18.201,41.607
4077,135.9,721.55,207.21,-37.324,19.427,42.077
4078,135.933,719.82,205.52,-35.216,18.767,39.905
4079,135.967,717.67,207.68,-33.827,15.356,37.149
4080,136.0,716.15,207.9,-31.544,10.32,33.189
4081,136.033,714.59,207.57,-27.364,5.822,27.977
4082,136.067,713.33,207.8,-23.087,2.27,23.199
4083,136.1,713.66,207.74,-18.39,1.9,18.488
4084,136.133,713.53,206.75,-13.132,3.254,13.529
4085,136.167,714.07,207.3,-8.268,6.046,10.243
4086,136.2,714.62,208.55,-5.077,10.588,11.742
4087,136.233,715.9,208.43,-2.612,16.584,16.788
4088,136.267,716.81,208.78,-0.233,22.892,22.893
4089,136.3,716.01,208.85,1.837,28.672,28.731
4090,136.333,714.63,208.75,3.28,32.979,33.142
4091,136.367,714.23,206.96,3.512,35.675,35.847
4092,136.4,712.35,205.4,3.103,37.055,37.185
4093,136.433,712.96,207.6,3.115,36.15,36.284
4094,136.467,716.56,213.25,3.593,35.608,35.789
4095,136.5,717.75,219.35,4.737,33.593,33.925
4096,136.533,714.83,223.02,6.558,31.435,32.112
4097,136.567,715.27,226.3,8.413,28.562,29.776
4098,136.6,714.83,224.34,10.335,24.856,26.919
4099,136.633,713.78,224.08,11.244,20.626,23.491
4100,136.667,712.97,223.46,11.11,16.273,19.704
4101,136.7,715.14,222.12,10.123,11.724,15.49
4102,136.733,716.74,219.55,8.977,6.289,10.96
4103,136.767,718.27,217.93,6.178,0.392,6.191
4104,136.8,718.18,216.54,2.251,-5.289,5.749
4105,136.833,718.19,217.94,-2.129,-9.711,9.942
4106,136.867,719.08,219.11,-6.396,-13.035,14.52
4107,136.9,719.86,220.49,-10.595,-13.995,17.553
4108,136.933,719.67,221.61,-13.208,-11.034,17.211
4109,136.967,718.38,221.8,-15.626,-4.791,16.344
4110,137.0,716.78,221.97,-18.796,2.023,18.905
4111,137.033,714.13,220.35,-22.474,6.7,23.452
4112,137.067,712.71,220.19,-23.576,8.764,25.152
4113,137.1,711.25,219.91,-24.012,8.171,25.364
4114,137.133,710.75,219.37,-22.266,6.517,23.2
4115,137.167,711.29,219.57,-18.261,3.145,18.53
4116,137.2,711.33,219.03,-12.13,-0.375,12.136
4117,137.233,709.74,219.36,-5.025,-3.598,6.18
4118,137.267,710.28,220.97,2.16,-6.576,6.922
4119,137.3,709.95,221.82,8.103,-8.083,11.445
4120,137.333,710.13,221.25,13.495,-7.925,15.65
4121,137.367,710.76,221.8,18.146,-7.726,19.723
4122,137.4,711.63,222.99,19.747,-7.512,21.128
4123,137.433,711.99,222.53,18.867,-7.449,20.284
4124,137.467,714.05,219.67,19.07,-6.789,20.243
4125,137.5,714.91,216.67,20.327,-5.991,21.192
4126,137.533,716.94,215.87,20.778,-5.414,21.472
4127,137.567,717.22,216.51,20.847,-3.76,21.183
4128,137.6,718.95,216.07,20.275,-0.5,20.281
4129,137.633,718.2,217.28,13.45,3.06,13.794
4130,137.667,717.61,219.41,1.555,8.202,8.348
4131,137.7,717.07,219.01,-13.903,14.062,19.775
4132,137.733,714.87,218.37,-31.946,19.947,37.662
4133,137.767,713.09,220.26,-47.991,23.637,53.497
4134,137.8,712.76,220.1,-60.185,25.188,65.243
4135,137.833,711.8,220.14,-68.86,23.317,72.7
4136,137.867,710.47,221.27,-72.533,18.853,74.943
4137,137.9,713.14,222.72,-74.749,11.351,75.606
4138,137.933,715.15,224.21,-74.522,2.156,74.553
4139,137.967,708.89,223.62,-73.348,-9.386,73.946
4140,138.0,700.32,224.13,-72.348,-21.773,75.554
4141,138.033,693.32,225.22,-71.588,-34.02,79.26
4142,138.067,684.96,225.6,-68.403,-49.129,84.218
4143,138.1,674.15,222.82,-66.63,-63.044,91.728
4144,138.133,676.48,221.85,-69.61,-73.77,101.428
4145,138.167,680.07,217.25,-74.966,-81.752,110.921
4146,138.2,683.45,211.55,-82.039,-87.194,119.721
4147,138.233,689.18,206.15,-90.564,-88.636,126.721
4148,138.267,690.27,203.85,-93.943,-84.655,126.458
4149,138.3,685.81,199.29,-97.39,-78.539,125.113
4150,138.333,681.96,197.43,-99.576,-69.949,121.689
4151,138.367,672.69,195.81,-101.989,-59.052,117.851
4152,138.4,668.78,194.88,-105.458,-47.319,115.587
4153,138.433,661.46,190.05,-111.9,-35.542,117.409
4154,138.467,656.76,187.82,-122.942,-23.798,125.224
4155,138.5,652.21,186.42,-134.766,-12.101,135.308
4156,138.533,648.52,185.91,-145.376,-1.959,145.389
4157,138.567,635.41,194.28,-152.662,5.106,152.748
4158,138.6,629.31,196.71,-154.325,8.66,154.568
4159,138.633,629.49,197.65,-146.497,9.594,146.811
4160,138.667,629.1,198.8,-134.413,6.946,134.592
4161,138.7,629.21,199.3,-120.035,3.077,120.075
4162,138.733,630.75,198.84,-105.523,-1.642,105.536
4163,138.767,619.24,194.71,-94.475,-6.916,94.728
4164,138.8,617.04,193.35,-85.518,-13.444,86.568
4165,138.833,610.08,192.3,-79.642,-19.618,82.023
4166,138.867,605.56,190.75,-76.504,-26.737,81.042
4167,138.9,603.15,190.28,-74.137,-32.351,80.888
4168,138.933,599.85,190.04,-74.928,-36.36,83.285
4169,138.967,598.62,188.03,-76.884,-37.666,85.615
4170,139.0,598.04,186.25,-80.216,-35.868,87.87
4171,139.033,599.2,185.05,-84.854,-30.621,90.21
4172,139.067,598.04,184.79,-90.301,-21.816,92.899
4173,139.1,596.55,184.47,-90.783,-14.818,91.985
4174,139.133,593.35,184.68,-87.642,-8.361,88.04
4175,139.167,588.96,184.68,-84.174,-2.487,84.21
4176,139.2,584.17,182.9,-80.253,2.051,80.279
4177,139.233,580.29,182.31,-76.948,5.106,77.117
4178,139.267,577.11,182.81,-76.827,6.465,77.099
4179,139.3,570.39,183.37,-72.855,8.282,73.324
4180,139.333,568.74,184.55,-68.944,9.791,69.635
4181,139.367,565.14,188.29,-62.347,10.903,63.293
4182,139.4,563.49,187.97,-53.93,11.249,55.091
4183,139.433,563.14,186.55,-44.33,10.685,45.6
4184,139.467,563.66,187.98,-32.84,9.158,34.093
4185,139.5,563.92,188.2,-20.785,7.64,22.145
4186,139.533,565.17,188.0,-9.146,6.216,11.059
4187,139.567,565.3,187.24,0.568,5.069,5.101
4188,139.6,565.41,186.87,8.243,4.156,9.231
4189,139.633,564.89,186.68,12.998,2.934,13.324
4190,139.667,565.48,186.67,15.075,1.08,15.113
4191,139.7,565.14,186.91,15.121,-0.873,15.146
4192,139.733,564.73,186.93,13.924,-1.924,14.057
4193,139.767,566.02,187.58,11.149,-1.963,11.32
4194,139.8,566.11,187.82,7.341,-1.57,7.507
4195,139.833,566.68,187.54,4.918,-0.751,4.975
4196,139.867,566.74,186.88,1.821,0.708,1.954
4197,139.9,567.51,187.67,0.133,0.922,0.932
4198,139.933,567.9,187.99,-1.338,0.922,1.625
4199,139.967,567.47,188.01,-1.705,1.893,2.547
4200,140.0,567.11,187.86,-1.773,2.1,2.749
4201,140.033,566.83,187.97,-2.509,1.686,3.022
4202,140.067,565.75,187.71,-3.559,1.164,3.745
4203,140.1,564.86,186.64,-4.408,1.008,4.522
4204,140.133,564.63,186.79,-5.461,0.911,5.536
4205,140.167,564.89,187.48,-6.029,0.62,6.06
4206,140.2,565.26,187.49,-6.53,0.655,6.563
4207,140.233,565.16,187.88,-6.484,0.592,6.511
4208,140.267,565.88,187.77,-5.571,0.861,5.637
4209,140.3,565.47,188.21,-4.977,0.763,5.036
4210,140.333,564.99,188.92,-4.25,0.24,4.257
4211,140.367,565.46,188.38,-3.466,0.035,3.466
4212,140.4,564.52,187.81,-2.404,0.423,2.441
4213,140.433,565.57,188.2,-1.891,0.276,1.911
4214,140.467,564.01,187.49,-1.671,0.198,1.682
4215,140.5,562.88,187.43,-1.652,0.017,1.652
4216,140.533,564.27,187.96,-1.836,-0.254,1.854
4217,140.567,564.1,187.87,-2.354,-0.856,2.505
4218,140.6,563.63,187.4,-2.541,-1.206,2.813
4219,140.633,564.16,187.37,-2.342,-0.959,2.531
4220,140.667,564.26,188.09,-2.171,-0.566,2.244
4221,140.7,564.27,187.72,-1.775,-0.316,1.803
4222,140.733,564.23,187.98,-1.489,-0.083,1.492
4223,140.767,563.78,187.48,-1.093,0.321,1.139
4224,140.8,563.98,187.63,-1.182,0.617,1.334
4225,140.833,564.26,188.3,-0.909,0.715,1.157
4226,140.867,564.08,188.02,-0.66,0.086,0.666
4227,140.9,563.59,187.61,-1.093,-0.593,1.244
4228,140.933,563.78,188.17,-0.959,-0.598,1.13
4229,140.967,563.34,187.65,-1.321,-0.884,1.59
4230,141.0,563.29,187.56,-1.188,-0.787,1.425
4231,141.033,563.21,187.62,-1.155,-0.229,1.178
4232,141.067,563.42,188.06,-1.359,-0.023,1.359
4233,141.1,563.27,187.68,-1.755,0.175,1.764
4234,141.133,563.25,187.65,-1.933,0.52,2.001
4235,141.167,563.9,187.66,-1.975,0.626,2.072
4236,141.2,563.61,187.6,-1.568,0.536,1.657
4237,141.233,563.68,187.89,-0.995,0.754,1.249
4238,141.267,563.64,187.25,-0.185,1.008,1.025
4239,141.3,563.85,187.58,1.163,1.379,1.804
4240,141.333,563.06,187.57,2.188,2.073,3.014
4241,141.367,563.14,188.23,3.089,2.635,4.06
4242,141.4,563.78,188.93,3.342,2.908,4.43
4243,141.433,563.26,188.29,4.314,3.237,5.393
4244,141.467,562.61,188.59,4.98,3.473,6.071
4245,141.5,562.33,188.7,5.042,3.305,6.029
4246,141.533,563.98,188.0,5.397,3.458,6.409
4247,141.567,563.71,188.16,6.284,3.419,7.154
4248,141.6,564.72,188.11,6.534,3.0,7.189
4249,141.633,565.71,188.27,6.599,2.51,7.06
4250,141.667,566.04,189.22,6.31,1.957,6.606
4251,141.7,565.75,189.37,5.171,1.48,5.379
4252,141.733,565.87,189.39,3.624,1.144,3.8
4253,141.767,565.67,189.26,1.92,0.512,1.987
4254,141.8,564.97,189.8,-0.009,0.087,0.087
4255,141.833,565.3,189.27,-2.218,-0.234,2.23
4256,141.867,564.88,188.6,-3.655,-0.434,3.681
4257,141.9,566.07,189.01,-5.306,-0.754,5.359
4258,141.933,564.7,189.11,-7.602,-1.526,7.754
4259,141.967,564.43,188.3,-8.754,-1.804,8.938
4260,142.0,565.71,189.27,-8.97,-2.158,9.226
4261,142.033,564.95,188.51,-8.558,-2.607,8.947
4262,142.067,563.13,188.53,-8.198,-2.512,8.574
4263,142.1,563.14,188.49,-7.197,-2.205,7.527
4264,142.133,562.58,188.68,-6.216,-1.721,6.45
4265,142.167,562.3,188.74,-5.282,-1.171,5.41
4266,142.2,562.44,188.48,-4.439,-0.864,4.522
4267,142.233,562.8,188.06,-4.01,-0.642,4.061
4268,142.267,562.53,188.2,-3.694,-0.578,3.739
4269,142.3,562.62,188.53,-3.272,-0.311,3.286
4270,142.333,562.76,188.33,-2.332,-0.383,2.363
4271,142.367,561.8,188.46,-1.353,-0.256,1.377
4272,142.4,562.33,188.36,-0.602,0.182,0.63
4273,142.433,563.74,188.7,-0.338,0.46,0.571
4274,142.467,562.68,188.39,0.466,0.616,0.772
4275,142.5,562.3,188.37,0.956,1.003,1.386
4276,142.533,562.64,188.57,0.44,0.778,0.893
4277,142.567,562.4,188.4,-0.694,0.485,0.847
4278,142.6,562.35,188.19,-0.568,0.447,0.723
4279,142.633,562.33,188.28,-0.832,0.436,0.939
4280,142.667,561.77,188.54,-0.717,0.283,0.771
4281,142.7,561.39,188.47,-0.489,0.044,0.491
4282,142.733,562.43,188.55,-0.643,-0.421,0.768
4283,142.767,562.69,188.96,-0.956,-0.559,1.107
4284,142.8,562.76,188.75,-1.83,-0.607,1.928
4285,142.833,562.49,188.77,-2.148,-1.057,2.394
4286,142.867,561.98,188.59,-1.859,-1.247,2.238
4287,142.9,562.78,188.49,-1.178,-1.486,1.896
4288,142.933,562.2,188.26,-0.41,-1.432,1.489
4289,142.967,561.59,188.01,-0.007,-1.24,1.24
4290,143.0,561.95,188.04,0.436,-0.73,0.85
4291,143.033,561.9,188.08,1.221,0.109,1.226
4292,143.067,563.02,188.82,2.019,1.001,2.253
4293,143.1,561.66,188.34,2.944,2.142,3.641
4294,143.133,562.1,188.24,4.332,3.426,5.523
4295,143.167,561.62,188.2,5.731,4.568,7.329
4296,143.2,561.5,188.07,7.311,5.886,9.386
4297,143.233,562.27,188.74,9.152,7.226,11.661
4298,143.267,562.46,188.74,11.097,8.177,13.784
4299,143.3,564.64,188.73,12.64,8.404,15.178
4300,143.333,564.49,189.67,13.902,7.835,15.958
4301,143.367,563.68,189.92,13.192,6.635,14.767
4302,143.4,564.49,190.65,10.687,5.252,11.908
4303,143.433,564.69,191.0,6.412,4.203,7.667
4304,143.467,564.24,191.1,0.248,4.046,4.054
4305,143.5,565.22,191.37,-7.417,4.694,8.777
4306,143.533,565.34,191.28,-16.675,5.29,17.494
4307,143.567,565.23,191.32,-25.779,6.178,26.509
4308,143.6,565.23,191.12,-34.512,6.107,35.048
4309,143.633,563.95,191.1,-43.114,5.014,43.405
4310,143.667,562.99,191.39,-51.342,3.219,51.443
4311,143.7,561.93,190.53,-57.926,0.804,57.932
4312,143.733,560.28,189.85,-62.738,-1.592,62.758
4313,143.767,556.33,189.69,-65.819,-4.337,65.962
4314,143.8,552.52,189.82,-66.334,-6.915,66.694
4315,143.833,547.08,191.04,-66.42,-9.456,67.09
4316,143.867,544.84,192.29,-64.573,-11.93,65.666
4317,143.9,543.03,193.28,-59.53,-13.789,61.106
4318,143.933,540.05,193.22,-53.915,-15.693,56.153
4319,143.967,539.21,191.64,-46.196,-17.34,49.343
4320,144.0,539.23,189.46,-36.689,-18.453,41.068
4321,144.033,540.3,188.18,-26.95,-19.477,33.251
4322,144.067,539.32,185.52,-17.189,-19.926,26.316
4323,144.1,536.74,184.07,-7.834,-19.734,21.231
4324,144.133,538.07,184.17,0.513,-18.907,18.914
4325,144.167,538.92,183.97,7.795,-17.546,19.2
4326,144.2,539.15,184.21,13.272,-15.949,20.749
4327,144.233,539.85,183.79,16.685,-13.74,21.614
4328,144.267,540.42,183.65,18.19,-10.542,21.024
4329,144.3,539.92,183.39,18.641,-6.721,19.815
4330,144.333,541.8,184.01,18.172,-2.557,18.351
4331,144.367,542.84,183.99,18.525,1.324,18.572
4332,144.4,541.68,183.4,18.071,3.165,18.346
4333,144.433,544.23,183.73,17.043,3.706,17.441
4334,144.467,543.65,183.85,14.941,2.969,15.233
4335,144.5,543.28,183.63,11.272,1.402,11.359
4336,144.533,543.58,184.27,6.515,-0.599,6.542
4337,144.567,543.86,184.4,-0.354,-2.531,2.556
4338,144.6,544.03,184.17,-8.263,-2.962,8.778
4339,144.633,543.92,184.1,-14.893,-2.714,15.138
4340,144.667,543.93,183.93,-21.202,-2.343,21.331
4341,144.7,544.22,183.8,-26.583,-1.995,26.658
4342,144.733,544.06,184.03,-31.656,-1.827,31.708
4343,144.767,542.91,183.44,-35.316,-1.881,35.366
4344,144.8,541.6,182.94,-37.293,-1.717,37.333
4345,144.833,539.98,182.37,-36.78,-0.95,36.792
4346,144.867,536.78,181.16,-35.933,-0.168,35.933
4347,144.9,534.18,182.93,-35.029,0.999,35.043
4348,144.933,530.37,182.88,-33.814,2.688,33.921
4349,144.967,529.53,183.04,-33.314,4.718,33.647
4350,145.0,529.22,183.82,-32.672,7.228,33.462
4351,145.033,527.88,185.3,-32.221,9.84,33.69
4352,145.067,528.15,185.56,-31.887,12.249,34.159
4353,145.1,529.54,184.52,-30.295,13.807,33.293
4354,145.133,529.89,184.54,-27.93,14.521,31.479
4355,145.167,529.6,184.36,-24.549,13.957,28.24
4356,145.2,528.42,184.8,-21.911,13.285,25.624
4357,145.233,529.69,185.24,-19.614,11.92,22.952
4358,145.267,528.64,186.81,-17.05,9.459,19.499
4359,145.3,526.65,187.73,-14.328,7.117,15.999
4360,145.333,523.34,188.13,-11.171,4.724,12.129
4361,145.367,521.28,188.74,-7.637,2.209,7.95
4362,145.4,519.78,188.92,-3.256,0.389,3.279
4363,145.433,520.51,189.36,0.602,-1.456,1.576
4364,145.467,519.95,189.07,4.082,-2.266,4.669
4365,145.5,520.63,187.93,7.034,-2.086,7.336
4366,145.533,522.99,187.36,9.539,-1.375,9.638
4367,145.567,525.73,185.86,12.745,-1.257,12.807
4368,145.6,525.72,185.58,15.202,-0.752,15.22
4369,145.633,526.26,185.64,16.475,0.728,16.491
4370,145.667,525.87,186.94,16.795,2.475,16.977
4371,145.7,528.85,186.05,16.031,4.394,16.623
4372,145.733,530.75,186.32,15.265,6.21,16.48
4373,145.767,530.89,187.46,13.389,8.129,15.664
4374,145.8,531.21,187.2,11.027,9.299,14.425
4375,145.833,530.04,187.58,9.341,9.898,13.609
4376,145.867,527.85,188.98,8.93,10.565,13.833
4377,145.9,525.19,190.63,9.286,10.359,13.912
4378,145.933,524.82,191.29,10.292,9.497,14.004
4379,145.967,526.98,191.19,14.487,8.092,16.594
4380,146.0,528.19,190.79,16.697,5.67,17.633
4381,146.033,529.14,190.27,17.092,2.658,17.297
4382,146.067,528.91,190.87,14.582,-0.705,14.599
4383,146.1,530.35,190.09,9.179,-3.421,9.796
4384,146.133,531.29,189.11,2.6,-6.273,6.79
4385,146.167,532.2,188.59,-5.601,-8.359,10.062
4386,146.2,533.96,188.61,-14.797,-10.111,17.922
4387,146.233,534.47,188.86,-24.677,-10.878,26.968
4388,146.267,534.09,188.75,-35.291,-10.811,36.909
4389,146.3,533.68,189.02,-44.773,-10.202,45.921
4390,146.333,531.21,189.14,-54.199,-8.169,54.811
4391,146.367,528.65,187.83,-62.333,-5.167,62.547
4392,146.4,526.3,187.74,-67.308,-2.525,67.355
4393,146.433,524.07,187.35,-69.121,-0.522,69.123
4394,146.467,511.97,185.91,-66.952,0.656,66.955
4395,146.5,510.33,185.9,-62.304,1.429,62.32
4396,146.533,508.29,186.49,-56.335,1.787,56.364
4397,146.567,507.56,186.89,-49.739,1.733,49.77
4398,146.6,506.71,186.97,-42.334,1.114,42.348
4399,146.633,505.6,188.65,-35.126,0.179,35.126
4400,146.667,506.33,188.84,-27.199,-0.47,27.203
4401,146.7,509.05,188.49,-18.91,-1.255,18.951
4402,146.733,508.94,189.05,-10.869,-2.041,11.059
4403,146.767,509.84,189.31,-3.742,-3.003,4.798
4404,146.8,508.5,189.06,2.23,-3.932,4.521
4405,146.833,509.47,187.89,5.485,-5.187,7.549
4406,146.867,510.28,186.55,7.608,-6.719,10.15
4407,146.9,509.2,186.37,8.396,-7.657,11.363
4408,146.933,510.1,185.7,6.185,-7.671,9.854
4409,146.967,507.84,185.71,2.006,-7.399,7.667
4410,147.0,504.91,185.35,1.694,-6.145,6.375
4411,147.033,503.98,185.34,1.447,-4.46,4.689
4412,147.067,504.4,185.76,1.655,-2.422,2.934
4413,147.1,506.05,185.31,1.757,-0.338,1.789
4414,147.133,508.74,185.68,2.156,2.037,2.966
4415,147.167,509.71,185.41,3.241,3.291,4.619
4416,147.2,510.48,186.06,4.651,4.289,6.327
4417,147.233,509.84,186.19,5.862,5.322,7.918
4418,147.267,509.61,186.44,7.524,5.509,9.325
4419,147.3,508.92,186.6,7.677,4.945,9.132
4420,147.333,510.23,187.14,7.824,3.902,8.743
4421,147.367,509.32,187.75,6.305,2.303,6.712
4422,147.4,507.93,188.31,2.713,0.831,2.837
4423,147.433,509.68,186.93,-0.784,-0.889,1.186
4424,147.467,509.12,186.82,-4.066,-3.29,5.231
4425,147.5,508.32,186.71,-9.951,-4.711,11.009
4426,147.533,507.75,186.74,-16.029,-5.715,17.018
4427,147.567,507.33,186.13,-21.496,-6.06,22.334
4428,147.6,507.47,186.04,-26.905,-6.102,27.588
4429,147.633,507.46,185.57,-32.917,-5.72,33.411
4430,147.667,507.64,186.09,-40.475,-5.698,40.875
4431,147.7,506.99,185.79,-49.234,-5.051,49.492
4432,147.733,503.91,185.11,-58.175,-4.492,58.348
4433,147.767,500.26,185.07,-65.698,-3.44,65.788
4434,147.8,498.72,184.74,-72.122,-1.541,72.138
4435,147.833,495.92,183.94,-76.235,0.618,76.238
4436,147.867,494.05,184.48,-79.865,2.303,79.899
4437,147.9,492.79,184.53,-81.672,3.405,81.743
4438,147.933,488.44,184.72,-80.51,3.438,80.583
4439,147.967,479.77,187.25,-79.223,2.298,79.257
4440,148.0,480.03,186.09,-75.752,0.915,75.757
4441,148.033,478.76,186.32,-70.245,-0.155,70.245
4442,148.067,475.61,185.71,-62.491,-1.142,62.502
4443,148.1,473.07,185.08,-53.377,-2.132,53.42
4444,148.133,471.17,184.97,-44.083,-3.189,44.198
4445,148.167,470.4,186.08,-35.174,-3.679,35.366
4446,148.2,471.37,186.05,-27.287,-4.007,27.58
4447,148.233,471.52,186.69,-20.907,-4.022,21.29
4448,148.267,470.47,186.47,-14.962,-3.467,15.358
4449,148.3,470.5,184.78,-8.554,-2.547,8.925
4450,148.333,469.03,183.63,-3.518,-1.318,3.757
4451,148.367,469.61,183.16,0.611,0.591,0.85
4452,148.4,470.06,182.33,3.529,2.194,4.155
4453,148.433,469.16,182.11,4.263,3.847,5.742
4454,148.467,471.28,184.96,4.435,5.108,6.764
4455,148.5,471.18,185.83,6.782,5.03,8.444
4456,148.533,471.35,185.59,8.473,5.351,10.021
4457,148.567,470.15,185.45,9.027,5.526,10.584
4458,148.6,469.59,186.29,10.58,5.559,11.952
4459,148.633,469.97,187.2,12.76,5.601,13.935
4460,148.667,470.68,187.35,15.543,5.45,16.471
4461,148.7,471.34,187.1,18.153,4.236,18.641
4462,148.733,472.68,186.99,19.627,2.232,19.754
4463,148.767,473.8,186.69,20.159,-0.968,20.182
4464,148.8,473.53,186.03,20.115,-4.797,20.679
4465,148.833,474.6,185.55,19.646,-8.228,21.3
4466,148.867,475.67,184.8,19.645,-11.183,22.605
4467,148.9,476.07,184.84,19.223,-13.452,23.462
4468,148.933,477.13,184.55,18.384,-14.508,23.419
4469,148.967,477.82,185.25,18.2,-14.524,23.285
4470,149.0,479.26,185.1,16.896,-15.091,22.654
4471,149.033,478.89,184.36,14.957,-15.567,21.588
4472,149.067,480.45,183.13,12.241,-15.612,19.839
4473,149.1,479.61,182.44,9.628,-14.883,17.726
4474,149.133,479.26,181.6,8.216,-13.743,16.011
4475,149.167,478.66,180.69,6.677,-12.773,14.413
4476,149.2,478.83,180.12,5.111,-11.645,12.717
4477,149.233,479.13,179.96,3.624,-10.499,11.107
4478,149.267,479.48,180.1,2.159,-9.775,10.01
4479,149.3,480.63,179.99,0.635,-8.407,8.431
4480,149.333,480.77,179.82,-1.276,-6.532,6.656
4481,149.367,480.8,179.96,-2.913,-4.379,5.259
4482,149.4,480.88,179.75,-4.163,-1.624,4.469
4483,149.433,480.88,179.38,-5.651,1.192,5.775
4484,149.467,479.94,179.43,-6.633,3.878,7.683
4485,149.5,479.15,179.57,-7.308,6.048,9.486
4486,149.533,479.07,179.7,-8.401,7.358,11.168
4487,149.567,479.27,180.36,-8.921,8.219,12.13
4488,149.6,479.72,180.55,-9.832,9.134,13.42
4489,149.633,477.69,180.3,-10.451,9.729,14.279
4490,149.667,477.66,180.68,-10.449,10.221,14.617
4491,149.7,477.4,180.77,-9.412,10.72,14.266
4492,149.733,477.19,181.47,-8.391,10.814,13.688
4493,149.767,476.27,183.31,-7.242,10.469,12.73
4494,149.8,475.32,183.12,-5.251,9.776,11.097
4495,149.833,477.07,183.29,-3.187,8.837,9.395
4496,149.867,476.84,183.69,-0.694,7.598,7.63
4497,149.9,476.08,183.59,1.668,5.905,6.136
4498,149.933,477.55,183.52,3.72,4.199,5.61
4499,149.967,477.01,183.86,5.196,2.562,5.794
4500,150.0,476.91,183.45,6.873,0.791,6.918
4501,150.033,477.33,184.01,8.189,-0.378,8.197
4502,150.067,477.41,184.22,9.481,-1.196,9.556
4503,150.1,477.32,183.85,10.135,-2.03,10.336
4504,150.133,478.16,183.72,9.876,-2.46,10.178
4505,150.167,478.3,183.29,9.617,-2.682,9.984
4506,150.2,477.94,182.72,9.168,-2.5,9.502
4507,150.233,479.36,182.95,7.867,-1.643,8.037
4508,150.267,480.85,183.16,6.398,-0.742,6.441
4509,150.3,480.72,182.93,5.746,-0.751,5.795
4510,150.333,480.64,182.68,6.602,-1.514,6.773
4511,150.367,479.96,182.73,6.215,-2.369,6.651
4512,150.4,479.99,183.02,4.854,-3.306,5.873
4513,150.433,479.98,182.94,3.594,-4.14,5.482
4514,150.467,480.31,183.21,1.571,-4.821,5.071
4515,150.5,479.77,184.0,-1.609,-4.938,5.194
4516,150.533,480.46,183.32,-4.678,-4.697,6.629
4517,150.567,479.7,183.05,-8.137,-5.635,9.898
4518,150.6,479.47,182.95,-11.37,-6.172,12.937
4519,150.633,479.07,182.27,-13.54,-6.076,14.841
4520,150.667,479.49,182.62,-16.083,-4.155,16.611
4521,150.7,478.72,182.12,-18.949,-0.195,18.95
4522,150.733,479.7,181.16,-21.915,6.648,22.901
4523,150.767,479.56,180.69,-25.127,12.772,28.186
4524,150.8,477.96,180.61,-28.297,17.624,33.337
4525,150.833,474.4,182.47,-30.445,22.554,37.889
4526,150.867,473.02,183.31,-31.797,28.089,42.427
4527,150.9,472.9,184.11,-31.318,33.701,46.006
4528,150.933,471.6,185.32,-28.903,38.822,48.4
4529,150.967,469.61,186.88,-25.105,43.978,50.639
4530,151.0,470.78,187.23,-20.61,48.852,53.022
4531,151.033,469.76,188.9,-14.723,52.857,54.87
4532,151.067,469.65,193.94,-8.67,56.239,56.903
4533,151.1,468.93,197.01,-1.995,59.308,59.341
4534,151.133,466.55,200.84,4.769,61.48,61.665
4535,151.167,466.18,201.97,11.51,62.255,63.31
4536,151.2,467.0,202.1,17.515,61.459,63.906
4537,151.233,469.31,198.86,23.436,59.1,63.577
4538,151.267,471.35,201.39,27.496,56.262,62.621
4539,151.3,472.92,205.79,29.144,53.281,60.731
4540,151.333,474.2,208.4,29.952,49.835,58.143
4541,151.367,476.41,209.8,30.166,46.508,55.435
4542,151.4,477.48,211.62,29.716,43.136,52.381
4543,151.433,477.34,214.14,27.898,39.594,48.436
4544,151.467,477.76,215.58,25.531,35.613,43.819
4545,151.5,478.85,216.66,23.334,31.786,39.431
4546,151.533,478.81,217.43,19.64,29.088,35.098
4547,151.567,479.35,218.47,15.258,27.204,31.19
4548,151.6,479.7,217.8,10.73,23.575,25.902
4549,151.633,480.19,217.24,6.672,19.185,20.312
4550,151.667,480.54,218.12,3.828,14.4,14.9
4551,151.7,480.75,218.42,2.162,9.67,9.908
4552,151.733,479.77,219.91,1.259,5.232,5.382
4553,151.767,479.52,220.48,0.569,3.624,3.668
4554,151.8,480.71,220.64,0.108,3.121,3.122
4555,151.833,479.64,222.09,-0.272,2.375,2.39
4556,151.867,480.57,220.47,-0.203,1.691,1.703
4557,151.9,480.47,219.71,-0.592,1.615,1.72
4558,151.933,480.65,219.57,-0.926,1.325,1.616
4559,151.967,480.41,220.37,-0.96,0.796,1.247
4560,152.0,479.94,220.16,-0.646,0.027,0.647
4561,152.033,480.05,219.7,-0.683,-0.574,0.892
4562,152.067,481.04,219.24,-0.527,-0.986,1.118
4563,152.1,480.62,220.72,-0.546,-1.84,1.919
4564,152.133,479.7,221.82,-0.353,-1.72,1.756
4565,152.167,480.01,220.45,-0.1,-1.281,1.285
4566,152.2,479.88,219.85,0.11,-1.357,1.362
4567,152.233,480.17,220.22,-0.189,-0.85,0.871
4568,152.267,480.25,220.57,0.403,-0.933,1.016
4569,152.3,480.16,220.11,1.041,-1.512,1.836
4570,152.333,480.59,219.78,1.063,-2.07,2.327
4571,152.367,480.33,219.63,1.478,-3.362,3.672
4572,152.4,480.53,219.18,1.301,-3.433,3.671
4573,152.433,480.14,220.05,0.915,-3.02,3.155
4574,152.467,480.39,219.93,0.513,-3.008,3.052
4575,152.5,480.07,220.39,-0.165,-2.872,2.877
4576,152.533,480.34,220.02,-2.04,-2.34,3.105
4577,152.567,480.56,219.42,-4.476,-1.467,4.71
4578,152.6,481.13,219.51,-6.276,-0.587,6.304
4579,152.633,480.96,218.11,-6.821,0.21,6.824
4580,152.667,480.62,218.28,-6.335,-0.08,6.335
4581,152.7,480.24,219.32,-5.042,0.017,5.042
4582,152.733,480.85,218.68,-2.53,-0.063,2.53
4583,152.767,479.77,218.97,1.453,-0.543,1.551
4584,152.8,479.84,219.84,6.996,-1.272,7.11
4585,152.833,479.7,220.12,13.805,-1.759,13.917
4586,152.867,479.7,220.3,21.499,-2.782,21.678
4587,152.9,479.92,219.03,29.122,-4.963,29.542
4588,152.933,480.37,218.61,37.32,-5.476,37.72
4589,152.967,480.14,219.97,45.949,-7.34,46.532
4590,153.0,481.05,219.32,54.547,-9.286,55.331
4591,153.033,485.56,218.6,62.587,-9.953,63.373
4592,153.067,490.15,218.17,69.413,-8.93,69.985
4593,153.1,491.99,218.86,75.224,-6.481,75.503
4594,153.133,493.78,217.44,78.906,-5.408,79.091
4595,153.167,497.18,217.58,81.036,-2.814,81.084
4596,153.2,500.58,217.08,78.829,2.319,78.863
4597,153.233,503.87,217.56,71.968,8.317,72.447
4598,153.267,506.08,217.88,61.57,16.356,63.705
4599,153.3,507.61,217.81,49.773,27.618,56.922
4600,153.333,509.13,217.43,36.48,39.674,53.896
4601,153.367,509.9,219.07,13.717,42.127,44.304
4602,153.4,512.74,223.35,-4.002,50.402,50.56
4603,153.433,513.1,222.75,-6.23,73.64,73.903
4604,153.467,513.1,227.76,-8.84,95.204,95.614
4605,153.5,512.01,232.64,-9.917,112.353,112.79
4606,153.533,511.2,234.67,-8.855,126.599,126.908
4607,153.567,510.02,236.29,-7.54,140.71,140.912
4608,153.6,506.85,238.62,-3.82,154.946,154.993
4609,153.633,503.88,247.71,3.819,168.003,168.047
4610,153.667,498.62,254.71,14.139,177.791,178.352
4611,153.7,499.13,258.85,26.473,183.954,185.849
4612,153.733,502.54,265.55,39.659,186.177,190.354
4613,153.767,504.9,271.79,52.181,183.581,190.853
4614,153.8,506.36,273.7,64.525,178.285,189.602
4615,153.833,509.02,278.46,76.33,170.441,186.752
4616,153.867,536.87,311.41,87.91,160.912,183.359
4617,153.9,541.48,316.51,98.551,148.673,178.37
4618,153.933,517.97,294.67,106.395,133.631,170.814
4619,153.967,523.05,299.41,110.554,118.481,162.049
4620,154.0,527.89,308.22,111.07,101.266,150.304
4621,154.033,533.17,316.7,108.248,83.131,136.486
4622,154.067,540.84,319.05,103.332,65.597,122.395
4623,154.1,543.8,318.03,96.803,49.181,108.58
4624,154.133,544.87,315.04,87.7,35.371,94.564
4625,154.167,547.78,316.53,76.573,22.212,79.729
4626,154.2,549.27,316.73,67.371,9.828,68.084
4627,154.233,551.24,318.0,55.687,1.446,55.705
4628,154.267,554.91,320.98,40.652,-4.371,40.886
4629,154.3,557.18,320.14,25.137,-7.381,26.198
4630,154.333,559.37,319.65,7.873,-10.064,12.777
4631,154.367,558.83,318.75,-2.669,-7.154,7.636
4632,154.4,558.09,319.54,-21.748,-11.984,24.831
4633,154.433,556.32,318.68,-42.199,-20.821,47.056
4634,154.467,556.57,318.49,-49.494,-14.302,51.519
4635,154.5,556.01,318.8,-54.325,-1.876,54.357
4636,154.533,555.22,317.26,-56.046,12.613,57.447
4637,154.567,550.43,316.51,-55.758,26.803,61.866
4638,154.6,542.87,318.16,-55.65,41.398,69.359
4639,154.633,538.91,319.8,-52.841,58.076,78.517
4640,154.667,535.52,320.44,-48.57,77.929,91.825
4641,154.7,528.69,323.39,-44.059,99.787,109.081
4642,154.733,528.87,323.7,-38.555,122.04,127.985
4643,154.767,532.09,325.34,-31.932,140.501,144.084
4644,154.8,534.13,327.38,-27.543,154.802,157.233
4645,154.833,545.84,343.92,-23.998,165.944,167.67
4646,154.867,542.67,352.59,-24.448,176.293,177.98
4647,154.9,539.43,354.07,-27.484,182.437,184.495
4648,154.933,535.54,367.63,-33.485,185.359,188.359
4649,154.967,534.01,373.81,-41.564,185.801,190.393
4650,155.0,533.09,378.07,-51.932,183.849,191.043
4651,155.033,530.38,382.89,-63.724,178.879,189.891
4652,155.067,528.36,388.18,-77.11,172.286,188.755
4653,155.1,526.53,394.69,-89.893,164.256,187.246
4654,155.133,520.56,399.6,-98.821,153.091,182.215
4655,155.167,517.71,403.53,-104.844,139.733,174.693
4656,155.2,515.08,403.09,-107.246,125.332,164.954
4657,155.233,511.32,403.73,-103.114,111.176,151.633
4658,155.267,505.19,410.76,-94.769,98.498,136.686
4659,155.3,502.49,415.87,-83.925,88.236,121.775
4660,155.333,496.0,421.83,-70.967,81.837,108.322
4661,155.367,494.51,421.19,-62.352,72.179,95.382
4662,155.4,492.75,427.4,-52.963,62.177,81.676
4663,155.433,492.87,429.82,-43.034,55.599,70.308
4664,155.467,493.76,431.5,-32.002,45.869,55.929
4665,155.5,494.19,431.66,-21.507,36.723,42.558
4666,155.533,493.68,431.95,-12.611,28.623,31.278
4667,155.567,493.73,431.21,-5.035,21.743,22.319
4668,155.6,494.26,430.03,0.594,15.496,15.507
4669,155.633,493.4,431.16,4.03,8.931,9.798
4670,155.667,493.57,431.76,6.681,2.882,7.276
4671,155.7,493.6,433.18,7.655,-2.964,8.209
4672,155.733,493.72,431.29,6.518,-5.888,8.784
4673,155.767,493.75,431.43,3.77,-4.419,5.808
4674,155.8,493.6,431.69,2.619,-3.585,4.44
4675,155.833,493.83,431.94,0.861,-2.093,2.264
4676,155.867,493.57,432.5,0.232,-0.727,0.763
4677,155.9,493.42,432.26,0.09,3.791,3.792
4678,155.933,493.53,432.16,0.291,8.467,8.472
4679,155.967,492.87,433.88,-0.482,14.401,14.409
4680,156.0,492.62,433.38,-2.566,20.528,20.687
4681,156.033,492.69,433.85,-5.27,26.039,26.567
4682,156.067,492.97,433.78,-8.143,31.117,32.165
4683,156.1,493.18,434.54,-10.861,35.864,37.472
4684,156.133,492.51,435.79,-13.442,40.038,42.234
4685,156.167,492.96,436.24,-15.503,42.336,45.086
4686,156.2,492.7,438.26,-17.194,43.626,46.892
4687,156.233,492.86,440.44,-18.413,42.987,46.764
4688,156.267,493.39,440.24,-19.157,41.698,45.888
4689,156.3,490.11,444.62,-19.748,39.543,44.2
4690,156.333,488.25,447.74,-19.372,35.615,40.542
4691,156.367,488.07,450.44,-18.273,30.602,35.643
4692,156.4,485.78,452.37,-16.169,24.014,28.95
4693,156.433,484.41,452.35,-13.427,16.796,21.504
4694,156.467,484.71,450.4,-10.652,9.472,14.254
4695,156.5,485.55,448.81,-7.761,2.108,8.042
4696,156.533,485.76,449.02,-4.108,-4.742,6.274
4697,156.567,486.55,447.88,-0.21,-11.317,11.319
4698,156.6,486.69,446.75,3.299,-16.61,16.935
4699,156.633,486.37,446.65,6.458,-20.703,21.687
4700,156.667,486.91,447.17,9.491,-24.008,25.816
4701,156.7,487.23,445.84,11.612,-25.264,27.804
4702,156.733,487.62,444.64,13.164,-24.763,28.044
4703,156.767,488.06,444.02,13.818,-23.557,27.31
4704,156.8,489.58,442.19,13.55,-20.34,24.44
4705,156.833,489.8,442.33,13.76,-17.132,21.974
4706,156.867,489.87,441.53,13.404,-13.94,19.339
4707,156.9,489.4,442.03,12.089,-11.615,16.765
4708,156.933,489.19,442.33,11.34,-10.361,15.36
4709,156.967,489.76,442.5,11.117,-9.713,14.763
4710,157.0,491.2,440.89,11.026,-8.815,14.117
4711,157.033,490.94,440.51,11.014,-7.109,13.109
4712,157.067,490.99,440.7,10.844,-6.014,12.4
4713,157.1,491.81,440.24,10.811,-4.94,11.886
4714,157.133,492.27,439.92,10.866,-3.74,11.491
4715,157.167,492.91,440.71,11.629,-3.159,12.05
4716,157.2,493.9,440.39,12.426,-3.534,12.919
4717,157.233,494.51,439.09,13.142,-3.751,13.667
4718,157.267,494.9,439.47,13.732,-3.778,14.243
4719,157.3,493.81,440.01,14.149,-3.669,14.617
4720,157.333,493.13,439.92,13.472,-2.957,13.793
4721,157.367,494.21,439.39,12.339,-2.635,12.617
4722,157.4,495.14,439.53,11.398,-2.561,11.682
4723,157.433,495.69,439.51,10.926,-2.85,11.291
4724,157.467,496.56,439.55,10.793,-2.758,11.14
4725,157.5,497.19,439.8,11.048,-3.31,11.533
4726,157.533,497.21,438.82,10.394,-3.029,10.826
4727,157.567,498.33,438.78,9.187,-2.303,9.471
4728,157.6,498.13,438.74,8.068,-1.315,8.174
4729,157.633,498.39,438.63,6.497,0.288,6.504
4730,157.667,497.71,439.22,4.164,2.813,5.025
4731,157.7,497.34,439.72,0.0,5.744,5.744
4732,157.733,497.23,439.64,-5.435,9.038,10.546
4733,157.767,497.07,439.6,-11.469,12.227,16.765
4734,157.8,496.88,439.11,-17.834,15.01,23.31
4735,157.833,497.31,439.16,-23.722,17.277,29.347
4736,157.867,497.6,439.8,-26.618,25.566,36.907
4737,157.9,496.54,441.71,-30.754,29.167,42.386
4738,157.933,495.2,443.24,-34.994,29.674,45.881
4739,157.967,493.77,443.12,-40.01,28.725,49.254
4740,158.0,490.87,445.15,-45.118,26.352,52.251
4741,158.033,488.86,446.5,-50.954,25.938,57.176
4742,158.067,487.51,448.06,-57.008,28.837,63.886
4743,158.1,484.47,449.61,-64.651,34.283,73.178
4744,158.133,481.16,451.16,-73.011,41.034,83.752
4745,158.167,478.37,451.94,-82.31,46.696,94.633
4746,158.2,478.05,451.97,-89.922,51.645,103.698
4747,158.233,476.82,452.41,-96.576,55.035,111.157
4748,158.267,474.66,455.35,-102.559,56.567,117.125
4749,158.3,472.08,458.11,-105.107,58.502,120.292
4750,158.333,469.67,461.22,-105.742,58.2,120.7
4751,158.367,460.86,447.47,-105.949,54.718,119.245
4752,158.4,458.33,454.99,-104.987,48.949,115.838
4753,158.433,453.41,461.83,-102.424,39.424,109.749
4754,158.467,450.14,467.72,-98.508,27.99,102.407
4755,158.5,444.97,475.69,-93.733,15.252,94.966
4756,158.533,441.1,476.9,-87.901,1.497,87.914
4757,158.567,436.99,474.78,-81.245,-13.038,82.284
4758,158.6,435.31,470.74,-74.13,-27.271,78.987
4759,158.633,434.36,466.46,-65.793,-40.832,77.434
4760,158.667,435.29,465.82,-56.556,-52.914,77.45
4761,158.7,432.9,462.63,-46.722,-63.701,78.998
4762,158.733,432.66,459.89,-37.908,-73.243,82.472
4763,158.767,434.24,457.71,-30.231,-80.669,86.147
4764,158.8,430.15,449.11,-24.585,-86.321,89.754
4765,158.833,428.42,445.22,-21.163,-90.567,93.007
4766,158.867,429.19,443.72,-19.99,-92.843,94.971
4767,158.9,428.2,440.92,-17.962,-84.189,86.084
4768,158.933,426.8,441.18,-17.302,-72.672,74.703
4769,158.967,425.51,439.09,-16.379,-59.586,61.796
4770,159.0,424.73,438.91,-15.976,-46.362,49.038
4771,159.033,425.01,437.56,-14.931,-36.088,39.055
4772,159.067,425.09,437.55,-13.742,-27.422,30.672
4773,159.1,424.72,436.22,-11.899,-20.172,23.42
4774,159.133,423.73,434.74,-10.24,-14.056,17.39
4775,159.167,423.44,431.72,-8.784,-8.309,12.091
4776,159.2,423.12,430.18,-8.764,-5.579,10.389
4777,159.233,422.69,431.17,-8.34,-5.413,9.942
4778,159.267,421.59,432.12,-9.295,-9.279,13.134
4779,159.3,422.05,432.32,-12.141,-17.47,21.274
4780,159.333,422.73,433.57,-14.241,-25.554,29.254
4781,159.367,422.47,432.6,-14.976,-34.938,38.012
4782,159.4,422.84,432.88,-15.47,-44.706,47.307
4783,159.433,422.69,431.23,-15.912,-53.921,56.22
4784,159.467,421.36,429.17,-15.94,-64.116,66.067
4785,159.5,420.01,426.97,-15.035,-74.729,76.226
4786,159.533,418.41,423.97,-13.485,-87.074,88.112
4787,159.567,417.45,419.9,-11.329,-100.161,100.8
4788,159.6,416.86,415.95,-8.214,-113.234,113.532
4789,159.633,416.67,412.12,-4.888,-124.277,124.373
4790,159.667,416.16,406.11,-2.316,-133.16,133.18
4791,159.7,416.08,400.28,-0.537,-138.167,138.168
4792,159.733,415.43,394.37,1.123,-139.845,139.849
4793,159.767,417.15,390.86,2.454,-138.969,138.99
4794,159.8,418.13,387.88,3.846,-135.891,135.945
4795,159.833,420.05,384.09,4.964,-130.687,130.781
4796,159.867,419.68,381.73,5.425,-123.966,124.085
4797,159.9,418.63,376.26,4.969,-114.638,114.746
4798,159.933,419.26,370.4,3.301,-105.018,105.07
4799,159.967,420.07,364.78,0.711,-94.748,94.751
4800,160.0,420.18,360.84,-1.378,-83.932,83.943
4801,160.033,420.68,359.47,-4.385,-73.237,73.368
4802,160.067,419.87,359.51,-6.903,-66.588,66.945
4803,160.1,417.22,358.69,-10.022,-61.654,62.463
4804,160.133,415.3,356.04,-12.352,-58.512,59.801
4805,160.167,416.03,354.32,-13.825,-58.18,59.8
4806,160.2,416.79,351.97,-13.774,-59.592,61.163
4807,160.233,416.29,350.86,-11.945,-62.799,63.925
4808,160.267,416.3,349.39,-8.009,-66.249,66.731
4809,160.3,416.54,348.18,-3.727,-70.008,70.108
4810,160.333,415.92,347.32,0.46,-74.026,74.027
4811,160.367,415.18,345.45,3.601,-77.706,77.79
4812,160.4,415.64,341.35,6.487,-81.891,82.147
4813,160.433,416.13,338.58,9.591,-85.243,85.78
4814,160.467,416.41,334.71,12.459,-87.194,88.08
4815,160.5,414.62,328.97,15.098,-87.29,88.586
4816,160.533,416.35,321.62,16.913,-84.062,85.746
4817,160.567,416.5,322.13,18.338,-80.766,82.822
4818,160.6,419.73,319.05,18.933,-77.181,79.47
4819,160.633,421.04,315.39,19.603,-73.583,76.15
4820,160.667,422.39,313.42,20.513,-69.013,71.997
4821,160.7,423.03,312.22,20.584,-64.727,67.921
4822,160.733,422.6,313.02,19.803,-60.488,63.647
4823,160.767,421.63,312.98,17.914,-56.321,59.101
4824,160.8,421.27,311.95,16.963,-50.748,53.508
4825,160.833,421.76,310.38,15.569,-44.594,47.234
4826,160.867,422.61,308.23,13.25,-37.687,39.948
4827,160.9,423.74,305.98,10.318,-30.694,32.382
4828,160.933,425.02,304.15,6.709,-23.998,24.918
4829,160.967,425.63,303.0,2.198,-17.242,17.382
4830,161.0,425.11,302.79,-3.254,-9.805,10.331
4831,161.033,425.73,298.95,-7.137,-3.034,7.755
4832,161.067,424.03,299.92,-11.355,5.477,12.607
4833,161.1,423.58,299.13,-14.386,12.201,18.863
4834,161.133,423.49,299.25,-17.298,18.847,25.581
4835,161.167,423.33,299.32,-19.338,25.718,32.178
4836,161.2,423.05,301.96,-21.895,31.747,38.565
4837,161.233,422.24,306.19,-23.63,37.734,44.522
4838,161.267,423.4,310.56,-24.715,41.969,48.705
4839,161.3,419.34,312.17,-24.566,43.848,50.261
4840,161.333,416.67,314.39,-23.548,43.591,49.545
4841,161.367,415.77,314.19,-22.596,40.892,46.719
4842,161.4,415.17,314.19,-20.997,36.39,42.014
4843,161.433,414.15,316.38,-19.125,30.975,36.403
4844,161.467,414.05,315.82,-17.511,26.057,31.394
4845,161.5,415.32,313.25,-15.599,20.289,25.593
4846,161.533,414.9,315.4,-12.753,13.942,18.895
4847,161.567,416.16,316.17,-10.6,9.407,14.172
4848,161.6,416.55,316.93,-7.341,4.792,8.767
4849,161.633,415.85,316.9,-3.658,0.582,3.704
4850,161.667,414.31,317.13,0.145,-1.99,1.995
4851,161.7,415.22,318.58,3.765,-2.264,4.393
4852,161.733,413.67,317.39,6.691,-1.49,6.855
4853,161.767,413.29,316.44,9.006,1.183,9.084
4854,161.8,412.63,316.27,9.809,4.212,10.675
4855,161.833,412.68,316.03,11.321,8.003,13.864
4856,161.867,414.69,317.2,13.427,11.367,17.592
4857,161.9,415.27,318.64,15.396,14.697,21.285
4858,161.933,416.17,319.58,17.435,18.04,25.088
4859,161.967,417.78,317.67,19.727,19.414,27.678
4860,162.0,418.46,318.41,20.899,19.821,28.803
4861,162.033,418.38,318.4,20.665,21.281,29.664
4862,162.067,420.24,318.4,19.773,21.021,28.859
4863,162.1,420.62,319.17,17.238,19.837,26.28
4864,162.133,421.04,322.33,13.433,17.685,22.208
4865,162.167,421.14,324.08,9.266,14.425,17.145
4866,162.2,421.15,325.94,5.589,10.734,12.102
4867,162.233,421.72,328.94,1.258,6.316,6.44
4868,162.267,422.31,327.44,-1.907,2.165,2.885
4869,162.3,421.82,326.27,-4.445,-1.302,4.632
4870,162.333,421.54,324.77,-0.663,-7.694,7.722
4871,162.367,421.03,323.46,1.933,-10.426,10.604
4872,162.4,420.64,322.74,2.433,-10.873,11.142
4873,162.433,419.31,321.39,-6.112,-3.761,7.176
4874,162.467,417.72,321.29,-11.859,0.9,11.893
4875,162.5,418.38,321.7,-16.327,5.632,17.272
4876,162.533,418.38,320.78,-19.416,10.18,21.923
4877,162.567,418.47,321.45,-21.117,16.086,26.546
4878,162.6,419.12,321.65,-14.604,13.194,19.681
4879,162.633,419.87,321.95,-17.949,21.813,28.249
4880,162.667,420.13,323.94,-19.117,26.989,33.073
4881,162.7,420.18,325.07,-18.1,29.917,34.967
4882,162.733,420.61,325.59,-15.446,30.868,34.517
4883,162.767,419.95,326.98,-11.644,28.383,30.679
4884,162.8,419.88,328.43,-3.283,20.381,20.644
4885,162.833,405.28,340.07,-0.809,19.291,19.308
4886,162.867,403.08,340.32,1.803,17.367,17.46
4887,162.9,401.09,341.21,5.018,15.26,16.064
4888,162.933,420.39,325.67,8.082,12.847,15.178
4889,162.967,419.16,327.73,11.783,11.171,16.237
4890,163.0,419.65,328.62,15.973,10.682,19.215
4891,163.033,420.57,328.11,18.789,9.763,21.174
4892,163.067,422.68,324.24,21.377,9.425,23.363
4893,163.1,403.65,346.87,23.423,7.847,24.702
4894,163.133,424.45,325.88,23.511,5.567,24.161
4895,163.167,424.69,328.47,20.212,2.239,20.336
4896,163.2,424.29,330.14,15.841,-3.3,16.181
4897,163.233,424.2,330.84,11.599,-8.397,14.319
4898,163.267,423.5,332.64,6.15,-14.107,15.389
4899,163.3,411.54,346.2,-1.393,-19.516,19.566
4900,163.333,422.13,332.98,-11.203,-24.731,27.151
4901,163.367,422.35,333.27,-14.17,-34.885,37.654
4902,163.4,421.16,332.54,-13.678,-46.314,48.292
4903,163.433,420.74,331.77,-8.397,-58.945,59.54
4904,163.467,419.15,329.55,-10.011,-63.184,63.972
4905,163.5,418.01,324.31,-10.929,-64.963,65.876
4906,163.533,418.66,320.76,-11.586,-64.648,65.678
4907,163.567,417.18,315.88,-12.18,-61.541,62.734
4908,163.6,415.51,313.27,-13.882,-53.214,54.995
4909,163.633,415.92,310.47,-4.104,-54.596,54.75
4910,163.667,420.1,309.39,-2.156,-45.039,45.09
4911,163.7,420.55,310.74,-0.627,-34.243,34.249
4912,163.733,417.66,308.24,0.312,-22.227,22.229
4913,163.767,415.62,309.77,0.12,-9.509,9.51
4914,163.8,416.14,310.17,-0.836,3.319,3.423
4915,163.833,416.89,311.96,4.153,8.041,9.051
4916,163.867,417.21,312.45,4.704,16.31,16.974
4917,163.9,417.7,314.16,4.666,22.283,22.766
4918,163.933,417.78,314.98,4.18,26.419,26.748
4919,163.967,418.01,315.74,3.093,27.964,28.135
4920,164.0,418.7,315.02,1.754,27.865,27.921
4921,164.033,419.01,315.71,0.184,27.721,27.722
4922,164.067,418.9,316.71,-2.214,27.686,27.774
4923,164.1,419.17,317.55,-3.781,28.401,28.652
4924,164.133,418.32,318.62,-4.346,29.164,29.486
4925,164.167,418.25,318.45,-4.983,29.605,30.022
4926,164.2,417.49,319.29,-7.802,29.02,30.05
4927,164.233,417.09,319.72,-10.789,25.687,27.861
4928,164.267,417.21,321.24,-12.064,22.424,25.463
4929,164.3,416.94,321.61,-11.328,18.016,21.281
4930,164.333,416.83,322.24,-9.882,13.035,16.357
4931,164.367,416.59,323.23,-8.558,7.485,11.37
4932,164.4,415.48,325.07,-6.198,1.339,6.341
4933,164.433,415.21,325.82,-4.021,-4.481,6.021
4934,164.467,414.61,327.1,0.636,-12.793,12.809
4935,164.5,414.87,326.82,6.618,-21.314,22.318
4936,164.533,415.65,326.03,14.108,-28.643,31.929
4937,164.567,416.51,323.17,21.658,-34.968,41.132
4938,164.6,416.39,320.21,30.177,-40.037,50.136
4939,164.633,417.14,316.56,39.302,-44.589,59.438
4940,164.667,419.22,314.18,47.606,-47.53,67.272
4941,164.7,421.87,312.38,54.854,-49.103,73.621
4942,164.733,423.34,312.38,60.673,-49.151,78.083
4943,164.767,424.87,311.59,66.345,-47.695,81.71
4944,164.8,426.3,310.41,70.932,-44.902,83.95
4945,164.833,428.69,309.55,75.364,-40.424,85.521
4946,164.867,433.29,307.36,80.969,-34.247,87.914
4947,164.9,436.58,306.64,87.235,-27.462,91.455
4948,164.933,443.23,302.39,94.419,-21.188,96.768
4949,164.967,444.97,305.53,102.121,-14.831,103.193
4950,165.0,448.38,305.61,111.747,-9.787,112.175
4951,165.033,450.06,305.27,123.824,-6.031,123.971
4952,165.067,454.4,304.8,137.503,-4.567,137.579
4953,165.1,456.7,303.7,150.413,-3.663,150.458
4954,165.133,458.09,304.78,161.542,-2.615,161.563
4955,165.167,463.25,303.58,169.694,-0.332,169.695
4956,165.2,468.8,304.49,175.825,3.518,175.861
4957,165.233,477.08,304.69,179.207,8.496,179.408
4958,165.267,483.59,305.68,178.912,13.231,179.401
4959,165.3,492.53,305.89,175.874,16.517,176.647
4960,165.333,501.04,306.07,171.232,18.457,172.224
4961,165.367,506.71,305.37,164.938,18.865,166.013
4962,165.4,513.09,305.78,154.704,18.222,155.773
4963,165.433,519.87,306.79,141.855,15.976,142.752
4964,165.467,526.93,306.29,124.782,14.499,125.622
4965,165.5,530.86,306.6,106.011,10.2,106.5
4966,165.533,530.71,307.16,85.714,5.371,85.882
4967,165.567,528.3,310.12,66.305,0.52,66.307
4968,165.6,527.76,312.08,46.038,-3.501,46.171
4969,165.633,529.1,313.35,27.955,-7.133,28.851
4970,165.667,532.37,313.55,13.133,-10.615,16.886
4971,165.7,531.93,311.61,2.969,-12.817,13.156
4972,165.733,530.95,308.96,-4.433,-14.851,15.498
4973,165.767,532.8,305.77,-8.876,-16.285,18.547
4974,165.8,533.39,304.67,-9.029,-16.976,19.228
4975,165.833,532.09,303.45,-6.769,-17.445,18.712
4976,165.867,529.99,302.18,-2.867,-17.159,17.397
4977,165.9,530.7,301.69,2.462,-15.507,15.701
4978,165.933,530.68,301.83,7.795,-12.675,14.88
4979,165.967,530.93,302.36,11.889,-10.039,15.561
4980,166.0,531.68,304.52,13.613,-6.945,15.282
4981,166.033,532.41,305.07,13.87,-2.652,14.122
4982,166.067,531.66,305.42,13.793,2.53,14.023
4983,166.1,534.24,304.24,14.8,6.642,16.222
4984,166.133,535.04,305.22,17.289,9.553,19.753
4985,166.167,538.01,304.98,21.311,11.865,24.391
4986,166.2,536.6,304.83,26.118,12.887,29.124
4987,166.233,540.17,305.38,31.251,12.131,33.523
4988,166.267,541.63,305.95,38.221,10.585,39.659
4989,166.3,541.5,305.26,44.332,9.52,45.343
4990,166.333,541.42,306.35,53.081,8.635,53.778
4991,166.367,540.95,306.63,63.303,8.376,63.854
4992,166.4,541.98,306.75,75.155,10.07,75.827
4993,166.433,544.36,306.1,89.002,14.475,90.171
4994,166.467,547.81,307.63,99.913,18.378,101.589
4995,166.5,551.71,310.03,109.983,23.33,112.43
4996,166.533,555.19,310.57,118.401,29.252,121.961
4997,166.567,560.4,311.24,126.642,36.5,131.797
4998,166.6,567.03,312.79,134.642,45.281,142.052
4999,166.633,573.26,314.33,139.55,54.948,149.978
5000,166.667,578.16,313.62,143.128,63.982,156.777
5001,166.7,581.29,313.77,145.966,73.688,163.512
5002,166.733,588.44,317.26,149.547,84.503,171.771
5003,166.767,593.72,321.17,150.862,94.26,177.888
5004,166.8,602.16,325.14,149.352,102.227,180.987
5005,166.833,602.98,329.53,145.566,110.871,182.981
5006,166.867,606.22,334.63,140.355,118.434,183.646
5007,166.9,609.61,338.21,134.582,125.168,183.792
5008,166.933,607.58,339.45,127.612,129.977,182.151
5009,166.967,615.89,347.65,119.812,133.518,179.393
5010,167.0,620.56,353.67,111.869,136.09,176.168
5011,167.033,626.69,357.82,104.467,136.339,171.76
5012,167.067,629.33,361.62,97.76,134.726,166.458
5013,167.1,633.2,363.87,91.569,129.69,158.759
5014,167.133,640.16,368.4,86.285,123.432,150.6
5015,167.167,645.5,374.04,81.58,116.418,142.157
5016,167.2,646.05,377.7,77.902,109.061,134.027
5017,167.233,646.04,379.19,76.327,103.497,128.597
5018,167.267,645.72,383.57,75.284,98.464,123.947
5019,167.3,647.05,389.46,74.846,93.008,119.384
5020,167.333,649.11,391.05,73.484,88.73,115.208
5021,167.367,650.45,393.39,74.253,85.496,113.239
5022,167.4,651.91,394.78,75.51,82.319,111.706
5023,167.433,655.5,398.27,76.289,78.895,109.747
5024,167.467,659.44,401.79,80.179,78.134,111.954
5025,167.5,662.75,402.27,82.895,77.079,113.193
5026,167.533,665.41,403.45,85.451,76.151,114.459
5027,167.567,669.68,405.02,86.363,75.843,114.937
5028,167.6,674.22,411.26,86.404,74.262,113.932
5029,167.633,676.69,413.49,84.639,73.928,112.38
5030,167.667,679.56,414.96,80.151,73.098,108.479
5031,167.7,682.57,419.52,72.042,70.856,101.048
5032,167.733,685.54,421.1,62.915,69.855,94.011
5033,167.767,687.35,422.93,53.419,70.244,88.248
5034,167.8,689.54,427.13,45.011,72.132,85.024
5035,167.833,689.5,428.45,37.176,71.251,80.366
5036,167.867,688.68,429.21,31.253,70.332,76.964
5037,167.9,688.53,430.81,26.781,69.219,74.219
5038,167.933,690.06,435.14,23.482,67.297,71.276
5039,167.967,691.06,437.38,19.863,63.585,66.615
5040,168.0,690.96,438.63,14.354,57.819,59.574
5041,168.033,690.41,439.1,8.186,51.532,52.178
5042,168.067,690.01,438.96,1.869,47.25,47.287
5043,168.1,690.75,443.24,-3.936,44.136,44.312
5044,168.133,692.66,444.68,-9.565,39.235,40.384
5045,168.167,692.32,447.95,-14.114,34.753,37.509
5046,168.2,693.61,452.09,-17.961,30.545,35.434
5047,168.233,693.95,451.73,-21.533,25.261,33.193
5048,168.267,694.55,452.58,-24.759,19.841,31.728
5049,168.3,693.56,448.84,-27.79,14.759,31.466
5050,168.333,692.8,450.32,-30.884,9.128,32.205
5051,168.367,688.01,449.5,-33.03,4.082,33.281
5052,168.4,684.0,447.65,-33.202,0.341,33.203
5053,168.433,680.44,447.99,-31.934,-2.083,32.002
5054,168.467,678.01,448.8,-30.131,-4.709,30.496
5055,168.5,679.3,450.33,-27.421,-7.009,28.303
5056,168.533,680.05,453.0,-23.49,-7.784,24.746
5057,168.567,682.0,450.65,-18.514,-6.129,19.502
5058,168.6,681.8,449.72,-13.038,-3.754,13.568
5059,168.633,681.55,449.84,-6.758,-1.083,6.844
5060,168.667,681.12,448.43,-1.071,1.813,2.106
5061,168.7,680.98,448.4,4.212,3.536,5.499
5062,168.733,681.36,448.16,8.563,3.507,9.254
5063,168.767,681.02,449.06,11.589,3.981,12.254
5064,168.8,681.72,449.69,12.538,3.846,13.115
5065,168.833,682.29,449.82,11.758,5.377,12.929
5066,168.867,682.9,450.4,9.265,6.468,11.299
5067,168.9,682.52,450.9,7.33,7.334,10.369
5068,168.933,682.96,451.28,5.496,8.893,10.454
5069,168.967,683.59,451.86,4.965,11.661,12.674
5070,169.0,683.27,452.94,5.568,13.864,14.941
5071,169.033,682.71,452.3,6.085,13.901,15.175
5072,169.067,682.79,449.97,7.232,12.8,14.702
5073,169.1,684.21,452.55,6.84,11.8,13.639
5074,169.133,683.65,451.62,6.475,10.798,12.591
5075,169.167,683.57,452.71,5.168,9.147,10.506
5076,169.2,684.56,454.71,3.218,8.632,9.213
5077,169.233,684.24,455.79,0.832,8.204,8.246
5078,169.267,684.36,455.34,-1.064,8.087,8.157
5079,169.3,684.75,455.25,-2.256,7.575,7.904
5080,169.333,685.26,455.21,-3.207,6.851,7.565
5081,169.367,684.9,454.53,-3.901,6.046,7.196
5082,169.4,683.9,455.35,-4.379,5.344,6.909
5083,169.433,684.68,456.23,-4.063,4.396,5.986
5084,169.467,684.23,453.76,-3.242,2.417,4.044
5085,169.5,684.53,453.73,-2.831,0.307,2.848
5086,169.533,684.17,456.51,-2.135,-3.39,4.007
5087,169.567,681.91,455.09,-1.21,-6.95,7.054
5088,169.6,682.08,455.47,-0.299,-8.955,8.96
5089,169.633,680.57,455.49,-0.038,-11.263,11.263
5090,169.667,681.38,456.14,0.316,-12.182,12.186
5091,169.7,682.77,454.73,0.578,-12.293,12.307
5092,169.733,684.61,454.23,0.424,-12.408,12.415
5093,169.767,684.44,453.56,0.42,-12.951,12.958
5094,169.8,684.62,453.21,0.338,-12.3,12.305
5095,169.833,684.83,452.5,0.206,-11.353,11.355
5096,169.867,684.94,451.95,-0.451,-10.063,10.073
5097,169.9,684.78,450.29,-1.418,-8.661,8.776
5098,169.933,684.15,448.98,-2.287,-7.701,8.033
5099,169.967,682.85,449.71,-3.727,-7.73,8.581
5100,170.0,682.79,448.55,-5.158,-6.079,7.973
5101,170.033,682.07,450.16,-7.103,-3.506,7.921
5102,170.067,681.87,450.68,-9.072,-3.625,9.77
5103,170.1,681.86,451.36,-9.787,-3.428,10.37
5104,170.133,681.59,451.57,-10.036,-4.57,11.028
5105,170.167,681.6,451.7,-8.84,-6.138,10.762
5106,170.2,681.94,451.17,-6.966,-8.593,11.062
5107,170.233,681.81,450.57,-5.118,-11.007,12.139
5108,170.267,681.62,451.08,-4.043,-12.611,13.243
5109,170.3,681.49,449.19,-2.759,-13.824,14.097
5110,170.333,680.75,448.37,-1.426,-15.211,15.278
5111,170.367,680.43,447.04,0.108,-16.629,16.629
5112,170.4,680.45,446.86,2.02,-17.407,17.524
5113,170.433,680.7,446.4,2.953,-17.575,17.821
5114,170.467,680.76,446.72,2.956,-17.062,17.316
5115,170.5,680.76,444.95,2.985,-16.81,17.073
5116,170.533,681.26,442.11,2.483,-16.092,16.282
5117,170.567,681.53,443.37,2.507,-14.566,14.78
5118,170.6,681.74,442.48,2.789,-13.018,13.314
5119,170.633,681.82,443.83,2.976,-11.193,11.582
5120,170.667,682.02,443.98,3.162,-10.139,10.621
5121,170.7,681.81,444.35,3.243,-8.562,9.156
5122,170.733,682.05,445.18,3.114,-6.537,7.241
5123,170.767,682.79,443.56,2.994,-3.561,4.652
5124,170.8,683.1,442.54,2.422,-1.821,3.03
5125,170.833,683.22,442.3,1.802,0.221,1.815
5126,170.867,682.42,442.33,1.67,2.178,2.744
5127,170.9,680.26,440.75,1.625,3.703,4.044
5128,170.933,680.61,440.55,1.649,5.022,5.286
5129,170.967,681.78,440.84,1.72,6.156,6.391
5130,171.0,682.34,441.76,1.736,6.161,6.401
5131,171.033,683.41,444.06,1.942,5.337,5.68
5132,171.067,683.11,443.01,2.122,5.456,5.854
5133,171.1,682.76,443.98,2.104,5.493,5.882
5134,171.133,682.82,443.87,1.817,5.953,6.224
5135,171.167,682.98,446.37,1.641,5.619,5.853
5136,171.2,683.11,446.08,1.313,4.285,4.481
5137,171.233,682.97,445.93,0.88,2.408,2.564
5138,171.267,682.54,443.87,0.669,-0.19,0.695
5139,171.3,683.21,444.41,0.31,-2.109,2.131
5140,171.333,683.15,443.96,-0.637,-5.072,5.111
5141,171.367,682.62,443.21,-1.888,-7.577,7.808
5142,171.4,682.68,443.9,-3.21,-9.887,10.395
5143,171.433,682.63,443.03,-3.358,-11.302,11.791
5144,171.467,682.36,441.83,-3.407,-11.704,12.19
5145,171.5,682.5,441.3,-3.777,-11.763,12.354
5146,171.533,682.27,442.75,-4.316,-10.484,11.338
5147,171.567,681.83,443.15,-5.545,-9.001,10.572
5148,171.6,681.82,441.85,-6.304,-8.538,10.613
5149,171.633,682.08,441.19,-6.936,-6.436,9.462
5150,171.667,681.65,440.61,-7.313,-3.026,7.915
5151,171.7,681.56,441.52,-7.082,-1.128,7.171
5152,171.733,681.97,441.38,-6.797,1.003,6.871
5153,171.767,681.27,440.66,-6.374,1.375,6.521
5154,171.8,680.28,439.09,-5.45,2.986,6.214
5155,171.833,680.25,441.65,-4.798,4.458,6.549
5156,171.867,679.64,441.29,-4.146,6.614,7.806
5157,171.9,679.6,441.31,-3.33,9.423,9.994
5158,171.933,679.17,442.27,-2.782,11.925,12.246
5159,171.967,679.17,442.54,-2.371,14.525,14.717
5160,172.0,679.21,444.42,-2.482,18.212,18.38
5161,172.033,679.4,443.58,-3.128,22.341,22.559
5162,172.067,680.12,442.41,-4.011,25.151,25.469
5163,172.1,679.68,447.79,-5.175,27.385,27.869
5164,172.133,680.24,446.22,-6.723,28.898,29.669
5165,172.167,680.36,445.16,-8.395,29.914,31.07
5166,172.2,679.34,446.54,-11.551,30.675,32.777
5167,172.233,679.12,446.22,-14.791,28.761,32.342
5168,172.267,678.91,450.47,-16.553,25.233,30.178
5169,172.3,678.17,451.44,-16.599,21.095,26.842
5170,172.333,677.62,452.93,-14.881,16.743,22.4
5171,172.367,676.8,453.28,-11.991,10.437,15.897
5172,172.4,675.95,453.67,-7.97,2.5,8.353
5173,172.433,675.32,454.1,-3.321,-5.016,6.015
5174,172.467,674.3,454.85,2.147,-11.922,12.114
5175,172.5,674.39,453.56,8.264,-17.36,19.226
5176,172.533,674.35,452.33,14.523,-22.344,26.649
5177,172.567,674.2,451.9,20.478,-26.333,33.359
5178,172.6,674.77,449.59,24.252,-27.266,36.491
5179,172.633,675.72,448.65,26.694,-29.954,40.123
5180,172.667,676.12,446.54,28.171,-29.453,40.756
5181,172.7,681.38,443.27,27.544,-28.027,39.296
5182,172.733,685.32,443.48,26.473,-24.647,36.17
5183,172.767,685.66,443.03,25.178,-17.646,30.746
5184,172.8,685.97,441.64,24.295,-8.914,25.878
5185,172.833,686.17,441.45,22.394,0.468,22.399
5186,172.867,686.19,441.62,20.238,9.49,22.353
5187,172.9,686.38,445.41,18.27,17.504,25.302
5188,172.933,686.65,446.56,16.984,24.056,29.447
5189,172.967,686.44,447.12,16.529,28.549,32.988
5190,173.0,685.4,446.82,16.842,31.1,35.367
5191,173.033,684.45,446.91,17.375,31.924,36.345
5192,173.067,683.39,449.28,18.232,31.251,36.181
5193,173.1,685.53,449.0,20.497,29.446,35.878
5194,173.133,687.66,452.17,23.64,27.132,35.986
5195,173.167,688.14,451.41,27.003,23.357,35.703
5196,173.2,691.68,456.49,30.24,18.629,35.518
5197,173.233,693.76,458.29,31.146,14.746,34.461
5198,173.267,694.83,457.8,29.304,9.449,30.79
5199,173.3,693.89,454.15,26.955,4.157,27.273
5200,173.333,696.41,453.01,23.945,-0.132,23.946
5201,173.367,697.74,451.78,21.382,-3.53,21.671
5202,173.4,698.66,451.8,17.466,-6.098,18.5
5203,173.433,698.68,452.11,13.11,-9.442,16.156
5204,173.467,698.0,453.18,9.826,-12.089,15.578
5205,173.5,697.91,452.9,8.14,-12.761,15.136
5206,173.533,698.25,453.73,7.553,-12.218,14.364
5207,173.567,698.9,454.31,9.324,-9.458,13.281
5208,173.6,697.55,452.89,14.415,-5.392,15.391
5209,173.633,696.34,451.57,20.187,0.59,20.196
5210,173.667,696.05,451.03,26.123,6.276,26.866
5211,173.7,697.81,451.28,32.73,13.331,35.341
5212,173.733,699.36,450.29,37.746,17.655,41.671
5213,173.767,702.06,452.01,40.644,20.077,45.332
5214,173.8,703.38,452.5,41.025,22.362,46.724
5215,173.833,705.45,453.06,41.69,25.563,48.903
5216,173.867,705.29,454.04,40.423,27.864,49.096
5217,173.9,709.75,456.18,37.05,30.146,47.765
5218,173.933,713.67,458.67,33.499,31.977,46.311
5219,173.967,714.73,460.65,30.32,33.13,44.91
5220,174.0,714.69,460.4,25.86,32.591,41.605
5221,174.033,716.78,462.98,21.456,31.38,38.014
5222,174.067,716.72,463.76,17.012,28.303,33.022
5223,174.1,714.45,463.39,12.932,23.897,27.172
5224,174.133,713.63,463.5,9.481,19.254,21.462
5225,174.167,712.62,463.93,7.808,14.944,16.861
5226,174.2,711.29,463.87,7.791,10.754,13.279
5227,174.233,710.58,465.39,9.204,6.77,11.426
5228,174.267,711.45,466.63,12.151,4.149,12.84
5229,174.3,714.66,465.04,14.571,1.577,14.656
5230,174.333,714.93,464.01,17.666,-0.578,17.675
5231,174.367,716.57,465.07,20.636,-1.776,20.713
5232,174.4,720.0,464.94,23.881,-3.068,24.077
5233,174.433,719.71,464.5,25.677,-3.659,25.936
5234,174.467,718.2,463.88,26.137,-4.123,26.46
5235,174.5,721.33,464.27,25.615,-4.746,26.051
5236,174.533,722.12,463.69,24.187,-5.374,24.777
5237,174.567,722.98,464.55,20.415,-6.715,21.491
5238,174.6,722.47,464.47,15.817,-7.753,17.615
5239,174.633,723.91,464.4,11.371,-8.533,14.216
5240,174.667,724.09,463.87,6.312,-9.058,11.04
5241,174.7,724.6,463.84,1.381,-9.637,9.736
5242,174.733,723.62,463.41,-2.659,-10.125,10.469
5243,174.767,721.73,462.32,-5.147,-10.811,11.974
5244,174.8,722.4,461.55,-6.641,-12.149,13.846
5245,174.833,721.55,461.37,-8.477,-12.865,15.407
5246,174.867,721.16,460.39,-8.557,-13.156,15.694
5247,174.9,722.62,461.97,-8.192,-13.413,15.717
5248,174.933,723.07,460.93,-8.708,-13.817,16.333
5249,174.967,721.82,459.82,-8.306,-13.483,15.836
5250,175.0,721.07,458.83,-5.131,-11.486,12.58
5251,175.033,720.95,459.96,-2.451,-9.413,9.726
5252,175.067,721.45,459.95,0.256,-5.224,5.231
5253,175.1,720.31,458.79,2.289,-0.031,2.289
5254,175.133,719.62,458.76,4.148,5.902,7.213
5255,175.167,720.25,458.6,4.837,12.41,13.319
5256,175.2,720.75,458.97,4.453,18.856,19.375
5257,175.233,721.45,459.98,3.238,25.317,25.523
5258,175.267,721.54,459.97,1.153,31.399,31.421
5259,175.3,722.08,460.58,-0.813,36.986,36.995
5260,175.333,723.12,461.63,-3.021,41.998,42.107
5261,175.367,722.36,463.78,-3.7,47.149,47.294
5262,175.4,722.85,465.2,-3.55,51.354,51.476
5263,175.433,723.7,468.63,-3.462,53.522,53.634
5264,175.467,724.04,471.42,-3.661,54.162,54.285
5265,175.5,721.75,472.82,-3.183,53.534,53.628
5266,175.533,720.68,476.92,-2.456,51.768,51.826
5267,175.567,719.5,477.72,-1.734,48.178,48.209
5268,175.6,719.11,478.39,-0.622,43.518,43.522
5269,175.633,718.99,479.44,1.438,38.771,38.797
5270,175.667,718.89,479.87,4.661,33.688,34.009
5271,175.7,719.67,481.46,8.546,28.44,29.697
5272,175.733,719.56,481.71,12.419,23.587,26.656
5273,175.767,721.48,482.28,15.723,17.838,23.778
5274,175.8,723.87,483.44,18.455,12.191,22.118
5275,175.833,725.53,484.45,20.328,7.345,21.614
5276,175.867,724.92,482.47,20.287,2.63,20.457
5277,175.9,725.26,482.8,19.865,-1.536,19.924
5278,175.933,725.07,482.15,18.587,-4.069,19.027
5279,175.967,725.59,482.45,15.517,-6.516,16.829
5280,176.0,725.77,482.76,11.49,-8.082,14.047
5281,176.033,726.84,483.43,7.906,-8.175,11.372
5282,176.067,728.35,483.73,4.442,-8.384,9.488
5283,176.1,728.29,483.49,2.019,-7.576,7.841
5284,176.133,728.51,482.7,-0.132,-6.76,6.762
5285,176.167,727.92,481.72,-1.006,-4.811,4.915
5286,176.2,726.41,480.95,-2.052,-1.977,2.849
5287,176.233,725.5,478.68,-3.024,-1.438,3.348
5288,176.267,724.91,478.84,-4.117,-2.11,4.626
5289,176.3,724.58,479.11,-6.168,-4.466,7.615
5290,176.333,724.13,478.44,-10.089,-8.237,13.025
5291,176.367,725.23,480.01,-15.218,-14.468,20.998
5292,176.4,725.09,480.75,-19.692,-20.503,28.428
5293,176.433,724.6,480.4,-24.605,-27.443,36.858
5294,176.467,725.51,481.37,-29.387,-34.141,45.047
5295,176.5,724.86,480.76,-33.984,-40.739,53.053
5296,176.533,723.98,479.58,-35.906,-42.939,55.973
5297,176.567,723.19,477.62,-37.519,-44.78,58.42
5298,176.6,720.75,474.81,-38.824,-46.262,60.394
5299,176.633,719.2,473.65,-39.82,-47.385,61.895
5300,176.667,714.81,468.63,-40.507,-48.15,62.923
5301,176.7,713.16,462.71,-40.886,-48.556,63.477
5302,176.733,710.14,461.39,-40.956,-48.604,63.559
5303,176.767,708.64,459.23,-40.717,-48.292,63.167
5304,176.8,707.24,458.14,-40.17,-47.622,62.302
5305,176.833,707.31,456.01,-39.314,-46.594,60.964
5306,176.867,706.81,456.52,-38.149,-45.206,59.152
5307,176.9,704.84,455.72,-36.676,-43.46,56.868
5308,176.933,704.88,456.39,-34.894,-41.355,54.11
5309,176.967,705.31,456.91,-32.804,-38.892,50.879
5310,177.0,705.93,458.02,-30.405,-36.07,47.175
