frame,t_s,x_px,y_px,vx_px_s,vy_px_s,speed_px_s
0,0.0,738.36,192.53,-540.703,436.94,695.181
1,0.033,586.63,370.34,-469.877,386.406,608.354
2,0.067,581.77,350.58,-403.29,338.714,526.659
3,0.1,584.6,369.39,-340.94,293.864,450.107
4,0.133,583.25,372.31,-282.829,251.855,378.713
5,0.167,578.41,351.46,-228.956,212.688,312.501
6,0.2,577.58,351.93,-179.321,176.363,251.516
7,0.233,577.08,352.11,-133.924,142.88,195.833
8,0.267,576.53,351.88,-92.766,112.239,145.613
9,0.3,576.1,351.81,-55.846,84.44,101.236
10,0.333,575.9,351.73,-23.163,59.482,63.833
11,0.367,574.99,352.08,5.281,37.366,37.738
12,0.4,579.54,372.71,29.486,18.092,34.594
13,0.433,579.83,371.77,49.454,1.66,49.482
14,0.467,580.96,371.59,65.183,-11.93,66.266
15,0.5,581.28,371.17,76.674,-22.678,79.958
16,0.533,581.92,370.85,22.253,36.788,42.995
17,0.567,582.33,370.35,20.554,28.938,35.494
18,0.6,582.76,370.56,19.278,29.158,34.954
19,0.633,583.03,370.23,15.212,19.657,24.856
20,0.667,583.64,370.15,10.318,5.298,11.599
21,0.7,584.28,369.96,6.296,-0.521,6.317
22,0.733,584.85,370.48,2.381,-5.586,6.073
23,0.767,584.05,369.77,-1.079,-8.972,9.037
24,0.8,583.95,369.12,-3.928,-10.095,10.833
25,0.833,584.43,368.12,-6.183,-8.617,10.606
26,0.867,584.77,369.73,-7.339,-3.767,8.249
27,0.9,583.61,369.59,-6.835,5.329,8.667
28,0.933,581.96,369.88,-7.192,5.824,9.254
29,0.967,581.18,370.41,-7.202,7.634,10.496
30,1.0,581.27,370.75,-7.185,8.274,10.958
31,1.033,581.3,371.13,-6.448,9.934,11.843
32,1.067,581.26,371.0,-5.803,10.952,12.395
33,1.1,581.82,371.87,-4.904,11.295,12.314
34,1.133,581.92,372.37,-3.779,11.59,12.191
35,1.167,581.27,372.6,-2.672,11.853,12.151
36,1.2,582.01,372.42,-1.505,11.461,11.559
37,1.233,582.12,373.16,-0.559,10.683,10.697
38,1.267,581.7,373.11,0.186,8.436,8.438
39,1.3,581.43,373.26,1.463,6.265,6.434
40,1.333,581.81,373.88,2.873,4.18,5.072
41,1.367,581.58,374.38,3.673,1.997,4.181
42,1.4,581.7,373.8,3.469,-0.877,3.578
43,1.433,581.22,375.93,2.698,-3.227,4.206
44,1.467,581.56,373.58,1.822,-4.907,5.234
45,1.5,581.78,375.6,0.863,-5.991,6.053
46,1.533,581.05,372.98,-0.411,-6.762,6.775
47,1.567,581.61,373.19,-2.15,-6.94,7.265
48,1.6,581.67,374.07,-4.096,-6.776,7.918
49,1.633,581.62,372.87,-6.513,-6.528,9.221
50,1.667,582.23,371.6,-8.895,-6.237,10.863
51,1.7,582.19,371.25,-11.0,-5.657,12.37
52,1.733,582.28,370.44,-13.373,-4.633,14.153
53,1.767,581.82,371.43,-15.78,-3.886,16.251
54,1.8,580.67,370.76,-17.709,-2.912,17.947
55,1.833,579.11,370.43,-18.965,-1.717,19.043
56,1.867,577.74,371.93,-19.915,-0.685,19.926
57,1.9,576.58,372.88,-20.593,-0.028,20.593
58,1.933,575.88,373.18,-21.256,0.686,21.267
59,1.967,575.36,372.87,-21.75,-0.123,21.75
60,2.0,574.63,372.23,-22.681,-0.265,22.683
61,2.033,573.77,372.21,-24.034,-1.906,24.109
62,2.067,573.47,371.34,-25.969,-2.521,26.091
63,2.1,573.01,371.51,-27.873,-3.587,28.103
64,2.133,572.67,371.23,-29.488,-5.479,29.993
65,2.167,571.64,371.19,-30.891,-7.51,31.791
66,2.2,571.05,370.74,-32.293,-9.223,33.584
67,2.233,570.35,370.29,-33.427,-10.805,35.13
68,2.267,569.67,370.38,-34.503,-11.815,36.47
69,2.3,568.5,370.12,-35.312,-12.617,37.499
70,2.333,566.67,369.57,-35.574,-12.536,37.718
71,2.367,564.51,369.0,-34.305,-12.034,36.354
72,2.4,562.61,368.58,-32.497,-11.82,34.58
73,2.433,560.68,368.25,-29.795,-11.701,32.01
74,2.467,558.99,368.1,-26.557,-11.508,28.943
75,2.5,557.92,367.72,-23.503,-11.216,26.042
76,2.533,557.1,367.51,-19.792,-10.532,22.42
77,2.567,558.54,366.48,-15.26,-9.918,18.2
78,2.6,558.29,366.11,-11.663,-8.796,14.608
79,2.633,558.07,365.51,-8.292,-7.161,10.956
80,2.667,558.4,365.62,-11.333,-11.06,15.835
81,2.7,558.58,365.66,-11.772,-11.207,16.253
82,2.733,558.66,365.88,-4.878,-2.269,5.38
83,2.767,558.86,366.3,0.228,5.732,5.736
84,2.8,558.95,365.82,3.891,12.434,13.029
85,2.833,559.13,365.43,0.67,12.143,12.161
86,2.867,557.46,366.23,-0.765,14.037,14.057
87,2.9,557.64,366.84,4.503,23.867,24.288
88,2.933,557.0,367.15,8.559,31.345,32.493
89,2.967,556.49,367.36,11.422,36.524,38.268
90,3.0,557.32,368.08,13.656,39.549,41.841
91,3.033,556.46,368.75,15.205,40.683,43.431
92,3.067,554.66,370.07,16.296,39.744,42.955
93,3.1,555.73,371.42,15.934,38.053,41.254
94,3.133,555.37,371.81,14.862,34.83,37.869
95,3.167,571.33,389.01,13.486,30.357,33.218
96,3.2,571.98,389.29,11.734,24.698,27.343
97,3.233,557.44,373.15,9.68,18.038,20.471
98,3.267,558.04,373.51,7.287,10.804,13.032
99,3.3,557.63,373.96,4.679,3.344,5.751
100,3.333,572.4,390.42,1.833,-3.721,4.148
101,3.367,572.64,390.91,-1.43,-9.863,9.966
102,3.4,558.98,374.01,-4.069,-15.433,15.96
103,3.433,558.56,374.18,-6.484,-19.983,21.009
104,3.467,558.95,374.38,-8.059,-23.239,24.596
105,3.5,558.89,374.3,-8.133,-24.927,26.22
106,3.533,559.22,373.98,-7.713,-24.956,26.12
107,3.567,559.69,374.16,-5.753,-22.675,23.394
108,3.6,560.29,372.6,-1.349,-18.609,18.658
109,3.633,561.17,372.32,4.367,-12.661,13.393
110,3.667,561.66,372.47,12.002,-4.455,12.802
111,3.7,561.93,372.6,12.447,-3.615,12.961
112,3.733,562.18,373.18,10.355,-4.459,11.274
113,3.767,562.69,373.5,13.708,0.948,13.741
114,3.8,562.85,373.43,17.438,7.73,19.074
115,3.833,563.15,373.65,21.946,15.198,26.695
116,3.867,563.8,373.69,18.444,14.087,23.208
117,3.9,564.83,374.02,11.623,9.136,14.784
118,3.933,565.64,374.07,9.359,10.688,14.206
119,3.967,566.4,374.43,7.228,11.496,13.58
120,4.0,566.02,375.16,4.961,11.463,12.49
121,4.033,566.36,376.02,2.299,9.633,9.904
122,4.067,566.36,375.98,-0.109,7.586,7.587
123,4.1,566.21,376.56,-2.006,5.371,5.734
124,4.133,566.02,376.87,-3.697,3.656,5.199
125,4.167,566.19,377.49,-5.262,2.108,5.668
126,4.2,565.13,377.03,-6.431,0.748,6.474
127,4.233,564.23,375.65,-7.256,-0.399,7.267
128,4.267,564.56,377.17,-7.709,-1.703,7.895
129,4.3,564.11,376.53,-7.599,-2.724,8.072
130,4.333,564.06,377.11,-7.005,-3.411,7.791
131,4.367,563.75,376.61,-5.877,-3.798,6.997
132,4.4,563.56,376.44,-4.41,-3.747,5.787
133,4.433,563.52,374.4,-2.941,-3.488,4.562
134,4.467,563.18,374.0,-6.458,-9.613,11.581
135,4.5,562.85,373.59,-2.576,-4.46,5.151
136,4.533,564.11,376.09,-4.081,-7.154,8.236
137,4.567,564.3,376.27,-3.517,-6.714,7.58
138,4.6,563.92,375.76,-1.363,-3.598,3.848
139,4.633,564.09,375.88,6.909,8.279,10.784
140,4.667,564.16,376.07,13.049,17.179,21.573
141,4.7,563.94,376.02,17.167,23.38,29.006
142,4.733,564.09,376.06,19.702,27.093,33.499
143,4.767,564.43,376.53,16.302,22.384,27.691
144,4.8,564.12,376.3,13.921,19.045,23.591
145,4.833,564.3,376.38,17.852,24.51,30.322
146,4.867,564.36,376.33,19.852,26.872,33.41
147,4.9,564.38,376.22,20.221,26.759,33.54
148,4.933,564.39,376.34,19.311,24.442,31.15
149,4.967,577.9,395.22,17.192,21.393,27.445
150,5.0,564.21,375.56,14.688,18.582,23.686
151,5.033,577.96,395.02,11.108,14.495,18.262
152,5.067,577.87,394.72,6.79,8.619,10.972
153,5.1,577.86,394.64,1.041,1.633,1.936
154,5.133,564.13,375.02,-4.043,-5.18,6.571
155,5.167,564.29,375.27,-8.335,-11.606,14.289
156,5.2,563.97,374.74,-11.619,-17.419,20.938
157,5.233,564.35,375.19,-13.273,-22.061,25.746
158,5.267,577.73,394.73,-14.037,-25.5,29.108
159,5.3,578.36,394.99,-13.298,-28.165,31.147
160,5.333,564.71,375.83,-11.017,-28.393,30.456
161,5.367,564.78,375.8,-8.524,-27.31,28.609
162,5.4,565.09,376.11,-4.251,-23.701,24.079
163,5.433,565.16,376.37,1.969,-17.713,17.822
164,5.467,565.56,376.67,10.055,-8.593,13.227
165,5.5,565.01,374.01,10.775,-8.549,13.754
166,5.533,566.85,375.29,17.734,0.749,17.75
167,5.567,567.08,375.4,17.759,0.928,17.783
168,5.6,570.68,376.79,15.647,-1.292,15.7
169,5.633,571.7,377.27,10.377,-6.439,12.213
170,5.667,572.34,377.49,9.889,-3.393,10.455
171,5.7,572.76,377.69,9.275,0.73,9.304
172,5.733,572.1,377.39,8.725,6.202,10.705
173,5.767,572.64,377.36,8.355,12.757,15.25
174,5.8,571.49,378.45,0.491,8.834,8.848
175,5.833,570.52,377.06,-10.606,0.771,10.634
176,5.867,572.34,378.21,-16.599,-0.202,16.6
177,5.9,571.39,377.54,-22.35,-1.593,22.407
178,5.933,569.72,377.63,-26.565,-3.152,26.752
179,5.967,567.77,376.09,-28.982,-5.0,29.41
180,6.0,568.28,376.59,-29.919,-6.714,30.663
181,6.033,567.19,377.14,-28.25,-6.43,28.973
182,6.067,565.97,377.32,-26.011,-5.673,26.623
183,6.1,564.0,377.36,-22.268,-3.579,22.554
184,6.133,563.01,377.02,-18.6,-0.943,18.624
185,6.167,562.01,376.71,-14.246,2.411,14.449
186,6.2,561.14,376.29,-9.413,6.636,11.517
187,6.233,561.13,376.44,-4.925,11.581,12.585
188,6.267,561.14,376.67,-0.182,17.244,17.245
189,6.3,561.55,377.15,4.142,22.958,23.329
190,6.333,562.33,377.63,8.41,28.5,29.715
191,6.367,563.4,377.62,11.875,33.593,35.63
192,6.4,565.56,379.33,13.611,37.78,40.157
193,6.433,565.57,380.79,13.929,41.56,43.832
194,6.467,565.43,383.14,13.507,44.015,46.041
195,6.5,565.88,385.08,13.03,46.167,47.97
196,6.533,565.14,387.17,11.004,47.311,48.574
197,6.567,566.34,389.45,8.511,45.68,46.466
198,6.6,567.33,391.03,5.543,44.309,44.654
199,6.633,567.51,392.66,-3.464,42.915,43.054
200,6.667,567.1,394.21,-8.622,39.351,40.285
201,6.7,566.35,395.15,-9.872,33.894,35.303
202,6.733,566.69,395.65,-8.072,27.391,28.555
203,6.767,566.38,395.88,-3.757,19.996,20.346
204,6.8,565.49,396.69,2.567,12.264,12.53
205,6.833,564.79,395.66,10.308,4.476,11.238
206,6.867,565.64,397.14,18.812,-2.733,19.009
207,6.9,565.04,396.7,27.542,-8.753,28.899
208,6.933,565.86,396.05,34.889,-13.81,37.523
209,6.967,566.43,396.15,41.537,-17.698,45.15
210,7.0,566.43,395.76,47.51,-20.449,51.724
211,7.033,567.29,394.62,52.157,-22.02,56.615
212,7.067,567.44,397.36,56.089,-22.467,60.421
213,7.1,568.14,393.73,57.967,-22.286,62.103
214,7.133,586.36,389.0,57.852,-21.318,61.655
215,7.167,587.0,388.73,55.742,-19.611,59.091
216,7.2,586.59,388.95,52.02,-17.866,55.002
217,7.233,587.06,388.73,47.166,-15.756,49.728
218,7.267,587.02,388.77,40.898,-13.122,42.952
219,7.3,587.07,388.69,33.645,-10.064,35.118
220,7.333,587.07,388.85,26.095,-6.777,26.961
221,7.367,587.04,388.73,24.06,-2.981,24.244
222,7.4,586.65,389.06,18.56,-0.937,18.584
223,7.433,587.17,389.15,11.554,1.363,11.635
224,7.467,587.42,389.61,3.786,3.975,5.49
225,7.5,587.3,389.5,-3.528,6.15,7.09
226,7.533,587.45,389.57,-9.643,7.743,12.367
227,7.567,587.25,389.39,-13.595,8.925,16.263
228,7.6,587.69,389.62,-14.254,7.06,15.906
229,7.633,587.6,389.82,-11.041,5.19,12.2
230,7.667,587.98,389.58,-14.139,5.056,15.016
231,7.7,588.36,390.37,-17.195,4.852,17.866
232,7.733,588.61,390.73,-19.59,4.503,20.101
233,7.767,588.78,390.77,-21.601,4.119,21.99
234,7.8,589.14,390.89,-23.026,3.803,23.338
235,7.833,589.61,390.11,-23.748,3.448,23.997
236,7.867,575.38,390.11,-23.741,2.946,23.923
237,7.9,576.86,392.49,-22.993,2.464,23.124
238,7.933,578.24,392.28,-21.302,1.692,21.369
239,7.967,578.97,391.62,-19.113,0.916,19.135
240,8.0,579.05,391.08,-15.705,-0.431,15.711
241,8.033,580.08,390.64,-12.208,-1.57,12.309
242,8.067,580.07,390.33,-8.654,-2.312,8.958
243,8.1,579.89,390.88,-4.895,-2.692,5.586
244,8.133,579.43,391.3,-1.737,-2.697,3.208
245,8.167,579.5,390.93,1.623,-2.735,3.181
246,8.2,579.61,391.03,4.238,-2.067,4.715
247,8.233,579.72,390.83,5.544,-1.568,5.761
248,8.267,579.76,390.84,5.633,-0.961,5.714
249,8.3,579.98,390.36,4.395,-0.421,4.415
250,8.333,580.0,390.19,1.189,0.329,1.234
251,8.367,580.07,390.07,-4.04,1.46,4.296
252,8.4,580.16,389.96,-3.448,2.734,4.4
253,8.433,580.32,390.21,-3.016,2.655,4.018
254,8.467,580.45,390.21,-2.432,2.215,3.29
255,8.5,578.54,391.27,-2.13,1.467,2.586
256,8.533,578.83,391.55,-1.398,0.654,1.543
257,8.567,578.87,391.3,-1.133,0.123,1.14
258,8.6,578.74,391.39,-0.607,-0.522,0.801
259,8.633,579.54,391.01,1.091,-1.616,1.949
260,8.667,578.76,391.49,3.456,-3.027,4.594
261,8.7,578.9,390.89,5.995,-4.839,7.704
262,8.733,579.86,390.88,8.735,-7.124,11.271
263,8.767,580.39,390.35,11.287,-9.45,14.721
264,8.8,580.59,390.31,13.871,-11.631,18.102
265,8.833,581.22,389.41,16.537,-13.691,21.469
266,8.867,580.78,388.99,19.151,-15.529,24.656
267,8.9,581.39,388.45,21.469,-16.866,27.302
268,8.933,582.52,388.04,22.677,-16.861,28.259
269,8.967,582.73,387.42,24.052,-16.161,28.977
270,9.0,584.29,387.29,24.386,-15.064,28.664
271,9.033,585.19,386.84,24.951,-14.377,28.797
272,9.067,587.08,385.63,24.679,-13.846,28.298
273,9.1,588.58,385.21,29.984,-11.502,32.115
274,9.133,588.03,384.68,31.355,-9.503,32.764
275,9.167,588.39,383.72,23.364,-9.587,25.254
276,9.2,589.19,383.85,22.801,-6.844,23.806
277,9.233,589.69,384.13,20.323,-3.863,20.687
278,9.267,590.88,384.2,15.526,-0.999,15.558
279,9.3,591.62,383.9,9.347,1.866,9.531
280,9.333,591.66,384.54,2.179,4.722,5.201
281,9.367,591.64,385.35,-5.592,7.757,9.562
282,9.4,591.61,386.09,-13.601,11.092,17.551
283,9.433,593.23,385.06,-21.189,14.344,25.587
284,9.467,591.66,384.69,-28.195,17.126,32.989
285,9.5,591.95,385.21,-33.959,19.044,38.935
286,9.533,591.96,386.53,-38.934,20.133,43.831
287,9.567,592.51,388.29,-42.93,20.137,47.418
288,9.6,575.93,385.91,-45.647,19.258,49.543
289,9.633,576.63,387.14,-47.561,17.933,50.83
290,9.667,593.22,394.24,-47.611,15.952,50.213
291,9.7,576.58,390.09,-46.096,14.145,48.218
292,9.733,575.46,390.91,-43.438,12.254,45.133
293,9.767,575.28,391.79,-39.213,9.958,40.457
294,9.8,574.36,392.84,-34.064,7.842,34.955
295,9.833,573.86,393.12,-28.131,7.187,29.035
296,9.867,573.0,393.52,-21.386,6.677,22.405
297,9.9,573.8,392.68,-13.878,6.994,15.541
298,9.933,573.64,392.04,-6.45,7.564,9.941
299,9.967,573.32,391.55,-0.319,9.158,9.164
300,10.0,573.26,391.95,4.876,12.663,13.569
301,10.033,573.43,391.7,8.06,16.904,18.727
302,10.067,574.43,392.23,5.963,29.611,30.205
303,10.1,573.85,393.83,3.572,37.947,38.115
304,10.133,574.2,394.46,9.253,44.022,44.984
305,10.167,574.59,396.27,16.315,47.534,50.256
306,10.2,575.14,397.73,14.323,46.727,48.873
307,10.233,576.29,399.41,17.35,47.063,50.159
308,10.267,576.7,402.34,19.505,45.421,49.432
309,10.3,577.18,405.14,19.273,42.811,46.949
310,10.333,577.53,406.03,17.761,38.692,42.574
311,10.367,577.7,409.02,15.911,34.178,37.7
312,10.4,577.08,410.45,14.218,28.845,32.159
313,10.433,577.2,412.92,12.058,23.53,26.44
314,10.467,576.74,416.15,10.169,19.615,22.094
315,10.5,577.69,417.42,8.739,17.524,19.582
316,10.533,578.62,420.39,7.253,17.068,18.545
317,10.567,587.7,400.99,5.42,18.002,18.8
318,10.6,585.27,403.27,2.874,20.703,20.902
319,10.633,583.66,407.64,0.082,24.527,24.527
320,10.667,581.07,411.85,-2.829,30.843,30.973
321,10.7,578.06,413.14,-5.779,39.453,39.874
322,10.733,576.56,413.51,-8.644,48.102,48.872
323,10.767,575.6,417.1,-10.596,57.556,58.523
324,10.8,577.65,419.17,-11.363,67.445,68.396
325,10.833,579.43,422.66,-11.001,76.908,77.691
326,10.867,579.72,425.08,-9.924,83.808,84.393
327,10.9,579.82,428.91,-7.978,89.846,90.199
328,10.933,579.71,433.59,-4.676,97.129,97.241
329,10.967,578.7,436.44,-0.327,102.756,102.756
330,11.0,577.19,438.9,4.857,104.61,104.723
331,11.033,576.42,441.16,10.503,102.959,103.493
332,11.067,576.28,445.28,15.976,97.303,98.606
333,11.1,576.28,448.77,15.91,100.44,101.693
334,11.133,577.56,452.96,14.186,102.444,103.422
335,11.167,578.73,455.22,11.859,103.45,104.127
336,11.2,580.58,455.72,9.184,104.532,104.935
337,11.233,583.01,460.94,7.143,104.658,104.902
338,11.267,583.31,464.66,4.364,106.687,106.777
339,11.3,583.3,467.01,2.436,108.157,108.184
340,11.333,582.86,469.74,0.408,111.13,111.13
341,11.367,582.97,479.57,-1.648,115.614,115.625
342,11.4,582.62,484.54,-3.516,119.457,119.509
343,11.433,581.79,484.59,-4.24,123.363,123.436
344,11.467,580.5,487.31,-5.489,126.19,126.309
345,11.5,580.07,492.07,-5.783,129.093,129.223
346,11.533,578.69,497.34,-4.855,131.658,131.747
347,11.567,577.98,500.6,-2.942,134.261,134.294
348,11.6,577.74,502.81,-0.315,136.578,136.578
349,11.633,579.1,510.04,2.55,138.797,138.821
350,11.667,578.18,515.7,4.777,138.994,139.076
351,11.7,578.33,518.13,6.996,139.033,139.209
352,11.733,578.24,525.74,7.158,140.855,141.036
353,11.767,581.68,529.68,5.773,141.455,141.572
354,11.8,583.21,536.23,4.149,141.016,141.077
355,11.833,584.07,540.11,2.446,140.294,140.315
356,11.867,584.14,541.49,0.606,142.326,142.328
357,11.9,584.55,548.22,-1.18,141.444,141.449
358,11.933,582.24,552.39,-2.496,138.742,138.765
359,11.967,583.12,557.41,-3.968,137.041,137.098
360,12.0,581.83,561.16,-5.191,134.018,134.118
361,12.033,580.51,566.16,-5.343,130.78,130.889
362,12.067,579.13,571.07,-4.187,126.905,126.974
363,12.1,577.69,574.57,-1.982,122.184,122.2
364,12.133,577.33,577.3,1.036,118.972,118.976
365,12.167,577.91,583.02,3.75,114.668,114.73
366,12.2,577.17,587.03,7.073,110.19,110.417
367,12.233,580.3,589.21,10.94,107.152,107.708
368,12.267,582.0,593.04,14.976,102.381,103.47
369,12.3,582.75,597.96,17.172,97.855,99.35
370,12.333,583.35,603.94,18.333,91.674,93.489
371,12.367,584.66,603.41,17.972,85.607,87.473
372,12.4,585.0,605.25,16.378,80.997,82.636
373,12.433,584.39,607.27,12.937,75.34,76.443
374,12.467,585.55,608.28,8.962,68.572,69.155
375,12.5,587.06,613.25,3.661,62.238,62.346
376,12.533,586.16,614.64,-2.161,57.551,57.592
377,12.567,585.46,615.68,-7.571,52.549,53.092
378,12.6,584.7,619.56,-12.488,47.321,48.941
379,12.633,583.85,620.94,-15.68,42.374,45.182
380,12.667,583.25,622.84,-17.241,38.782,42.442
381,12.7,582.87,623.32,-16.997,34.186,38.178
382,12.733,581.61,623.45,-14.89,30.072,33.556
383,12.767,581.4,624.82,-12.268,26.717,29.399
384,12.8,581.36,625.1,-8.727,25.22,26.687
385,12.833,580.17,626.42,-4.734,24.478,24.931
386,12.867,579.8,626.27,-0.794,22.646,22.66
387,12.9,579.2,626.52,2.236,22.408,22.519
388,12.933,579.43,627.1,4.923,22.033,22.576
389,12.967,580.45,630.86,7.448,23.924,25.056
390,13.0,580.72,631.23,8.916,26.942,28.379
391,13.033,581.99,629.71,8.837,29.665,30.953
392,13.067,582.43,630.76,8.135,32.392,33.398
393,13.1,584.05,631.61,6.541,35.457,36.055
394,13.133,584.49,633.04,4.009,37.427,37.641
395,13.167,584.89,633.66,0.846,38.455,38.464
396,13.2,584.03,636.66,-2.713,39.029,39.123
397,13.233,584.66,638.28,-6.603,39.061,39.615
398,13.267,583.89,642.04,-9.798,39.271,40.475
399,13.3,581.96,642.21,-12.645,38.56,40.58
400,13.333,580.71,642.2,-15.24,37.685,40.65
401,13.367,580.05,643.02,-16.427,36.077,39.641
402,13.4,580.02,644.24,-16.593,34.625,38.395
403,13.433,579.25,648.03,-15.756,33.258,36.801
404,13.467,578.93,646.49,-13.766,31.684,34.545
405,13.5,578.53,647.86,-11.375,28.25,30.454
406,13.533,577.88,647.33,-8.388,24.263,25.672
407,13.567,577.15,648.52,-5.139,21.069,21.687
408,13.6,576.97,649.5,-1.922,17.734,17.838
409,13.633,577.43,649.91,0.09,14.749,14.749
410,13.667,578.03,651.75,1.175,12.057,12.115
411,13.7,578.56,651.55,1.467,10.416,10.519
412,13.733,579.3,652.45,1.66,8.702,8.859
413,13.767,579.32,652.18,0.966,7.102,7.167
414,13.8,579.45,652.78,-0.071,3.924,3.925
415,13.833,579.8,652.76,-0.487,1.028,1.137
416,13.867,579.13,652.7,-0.664,-0.99,1.191
417,13.9,578.68,652.13,-1.562,-2.68,3.102
418,13.933,578.88,651.46,-2.601,-3.718,4.537
419,13.967,578.11,651.33,-3.848,-6.623,7.66
420,14.0,577.79,650.99,-5.055,-8.963,10.29
421,14.033,577.52,650.76,-6.245,-10.956,12.611
422,14.067,576.39,650.5,-6.414,-11.971,13.581
423,14.1,576.02,650.69,-5.759,-12.728,13.971
424,14.133,576.52,650.55,-4.678,-13.732,14.507
425,14.167,577.33,650.29,-3.772,-13.831,14.337
426,14.2,577.72,649.52,-2.726,-14.277,14.534
427,14.233,577.8,648.43,-1.614,-14.626,14.715
428,14.267,577.75,647.75,-0.667,-15.096,15.111
429,14.3,577.51,647.96,-0.248,-15.407,15.409
430,14.333,576.4,647.6,0.232,-15.604,15.606
431,14.367,575.58,646.55,0.403,-16.195,16.2
432,14.4,576.69,646.12,0.425,-16.631,16.637
433,14.433,576.27,644.44,0.065,-17.282,17.282
434,14.467,576.97,644.66,-1.574,-16.786,16.86
435,14.5,577.12,645.46,-3.372,-15.392,15.756
436,14.533,577.74,644.36,-5.448,-11.253,12.502
437,14.567,576.59,643.84,-7.781,-5.979,9.813
438,14.6,575.86,643.29,-9.525,-0.464,9.536
439,14.633,575.57,644.08,-11.276,5.093,12.373
440,14.667,576.09,643.04,-12.899,10.325,16.522
441,14.7,575.71,642.62,-14.808,14.971,21.057
442,14.733,575.15,643.21,-17.472,18.789,25.657
443,14.767,574.24,643.3,-20.194,22.486,30.223
444,14.8,574.52,644.08,-21.998,24.501,32.927
445,14.833,573.22,644.16,-22.558,24.675,33.432
446,14.867,571.71,646.11,-21.001,22.913,31.082
447,14.9,570.43,647.44,-18.153,18.12,25.649
448,14.933,569.38,650.92,-14.901,10.533,18.248
449,14.967,569.79,652.5,-11.08,1.387,11.167
450,15.0,569.19,654.22,-7.357,-9.22,11.796
451,15.033,568.74,651.14,-4.307,-21.824,22.245
452,15.067,568.49,649.55,-1.501,-34.612,34.645
453,15.1,567.81,648.85,1.665,-47.411,47.44
454,15.133,568.38,647.05,4.526,-58.863,59.037
455,15.167,568.27,645.01,8.044,-68.747,69.216
456,15.2,568.77,642.39,11.672,-74.367,75.277
457,15.233,571.24,639.74,15.419,-76.027,77.575
458,15.267,573.52,634.77,19.14,-74.324,76.748
459,15.3,574.31,631.8,21.985,-69.902,73.278
460,15.333,574.45,627.51,22.99,-63.14,67.195
461,15.367,573.26,623.01,23.273,-53.805,58.623
462,15.4,573.42,621.92,22.938,-43.722,49.374
463,15.433,573.13,621.19,19.802,-22.616,30.06
464,15.467,573.55,620.98,19.435,-17.143,25.915
465,15.5,574.04,620.36,17.714,-12.891,21.908
466,15.533,576.25,621.63,15.173,-10.475,18.437
467,15.567,576.97,622.9,12.578,-7.697,14.746
468,15.6,578.0,625.68,9.51,-6.045,11.268
469,15.633,580.55,627.91,7.193,-5.736,9.2
470,15.667,580.7,629.8,5.203,-7.055,8.767
471,15.7,580.1,628.23,3.744,-9.922,10.605
472,15.733,579.07,626.5,2.998,-13.625,13.951
473,15.767,577.35,624.35,2.128,-18.666,18.787
474,15.8,577.1,623.54,0.566,-23.187,23.194
475,15.833,577.43,622.51,-0.823,-26.727,26.74
476,15.867,576.78,621.19,-1.585,-30.228,30.269
477,15.9,576.31,621.19,-1.186,-31.288,31.31
478,15.933,582.13,592.42,-0.571,-30.132,30.137
479,15.967,576.43,616.25,0.633,-28.462,28.469
480,16.0,576.84,616.51,2.165,-25.24,25.333
481,16.033,577.73,616.22,4.177,-20.053,20.484
482,16.067,577.56,614.98,5.688,-14.371,15.455
483,16.1,578.83,615.27,7.062,-8.793,11.278
484,16.133,578.86,614.49,8.05,-4.664,9.303
485,16.167,578.96,614.76,7.298,-2.626,7.756
486,16.2,579.88,615.01,6.019,-1.989,6.339
487,16.233,580.49,614.19,4.576,-1.911,4.959
488,16.267,580.67,614.58,3.551,-2.201,4.178
489,16.3,581.45,614.38,3.36,-2.326,4.087
490,16.333,581.3,611.82,3.512,-2.794,4.488
491,16.367,580.3,613.9,3.421,-4.339,5.525
492,16.4,579.38,613.63,3.696,-6.714,7.664
493,16.433,579.37,611.26,4.359,-11.034,11.864
494,16.467,579.4,612.54,1.795,-0.571,1.884
495,16.5,579.66,611.77,1.54,1.16,1.928
496,16.533,579.75,610.5,1.275,2.528,2.831
497,16.567,579.83,610.17,0.882,2.87,3.003
498,16.6,580.15,610.72,0.718,3.373,3.448
499,16.633,580.5,611.98,-0.024,3.826,3.826
500,16.667,581.54,614.37,-0.653,3.771,3.828
501,16.7,581.82,614.33,-1.048,3.251,3.415
502,16.733,581.97,614.97,-1.71,2.719,3.212
503,16.767,581.35,615.35,-2.451,1.867,3.081
504,16.8,580.81,614.95,-3.493,0.74,3.571
505,16.833,580.06,613.68,-5.103,-0.726,5.154
506,16.867,579.83,613.43,-6.859,-0.718,6.896
507,16.9,579.41,612.56,-8.226,-2.662,8.646
508,16.933,579.16,612.06,-8.874,-4.835,10.105
509,16.967,578.99,612.41,-9.322,-5.692,10.922
510,17.0,578.58,611.84,-9.29,-6.872,11.555
511,17.033,578.45,610.99,-8.852,-7.324,11.489
512,17.067,577.99,612.08,-8.052,-6.665,10.452
513,17.1,577.85,612.19,-6.766,-5.241,8.558
514,17.133,578.05,611.15,-5.088,-3.246,6.035
515,17.167,578.03,612.22,-2.889,-1.68,3.342
516,17.2,577.84,612.58,-0.907,-1.029,1.372
517,17.233,577.8,611.58,0.911,-0.715,1.158
518,17.267,577.32,612.27,2.361,-0.75,2.477
519,17.3,577.6,611.71,3.753,-1.384,4.0
520,17.333,577.8,611.55,5.514,-2.287,5.97
521,17.367,577.96,610.23,7.413,-2.894,7.958
522,17.4,578.21,611.8,9.462,-3.241,10.002
523,17.433,578.27,612.08,11.491,-3.235,11.938
524,17.467,578.99,611.86,13.393,-2.886,13.7
525,17.5,579.37,611.68,14.97,-2.003,15.104
526,17.533,579.75,611.09,15.855,-1.272,15.906
527,17.567,580.52,610.6,15.852,0.259,15.854
528,17.6,581.2,610.4,15.087,1.169,15.132
529,17.633,581.87,609.82,13.524,1.723,13.633
530,17.667,581.96,610.49,11.461,2.799,11.797
531,17.7,582.32,610.47,8.651,2.979,9.15
532,17.733,582.78,611.19,5.234,2.448,5.778
533,17.767,583.47,611.18,1.567,2.671,3.097
534,17.8,584.21,611.58,-1.94,2.887,3.478
535,17.833,583.81,612.01,-5.402,2.768,6.07
536,17.867,583.88,612.48,-8.85,2.359,9.159
537,17.9,583.07,612.18,-12.282,1.434,12.366
538,17.933,582.3,612.36,-15.36,-0.715,15.377
539,17.967,581.1,612.44,-17.729,-3.765,18.124
540,18.0,579.63,610.8,-19.695,-7.404,21.041
541,18.033,578.87,611.25,-21.191,-11.701,24.207
542,18.067,578.25,610.21,-22.02,-15.555,26.96
543,18.1,577.9,609.93,-22.344,-18.609,29.078
544,18.133,577.68,609.71,-22.159,-21.649,30.979
545,18.167,576.52,608.87,-21.906,-23.207,31.913
546,18.2,576.13,608.85,-20.628,-25.212,32.576
547,18.233,576.06,608.92,-18.191,-26.498,32.141
548,18.267,575.5,607.08,-14.858,-28.493,32.134
549,18.3,574.93,604.31,-11.172,-30.995,32.946
550,18.333,574.18,602.77,-7.029,-34.605,35.312
551,18.367,573.83,600.52,-2.502,-38.331,38.412
552,18.4,574.01,600.36,1.864,-42.086,42.127
553,18.433,573.92,599.14,6.404,-46.352,46.792
554,18.467,573.68,598.21,11.264,-51.106,52.333
555,18.5,573.71,597.31,16.382,-55.9,58.251
556,18.533,574.26,597.0,21.112,-59.073,62.732
557,18.567,574.84,595.09,24.903,-62.411,67.196
558,18.6,575.68,592.18,27.885,-65.467,71.158
559,18.633,576.78,590.6,30.083,-68.986,75.26
560,18.667,579.29,586.03,30.672,-71.94,78.205
561,18.7,580.81,583.76,30.444,-74.914,80.863
562,18.733,581.75,579.23,28.637,-77.255,82.392
563,18.767,582.76,576.44,25.235,-79.915,83.804
564,18.8,584.19,574.02,20.624,-82.288,84.833
565,18.833,584.47,573.05,14.286,-82.947,84.168
566,18.867,585.13,570.23,7.254,-81.47,81.792
567,18.9,585.8,566.76,0.377,-78.893,78.894
568,18.933,585.9,565.13,-6.315,-75.293,75.557
569,18.967,584.74,563.49,-12.323,-71.388,72.444
570,19.0,583.05,561.1,-17.66,-68.176,70.426
571,19.033,582.45,556.8,-21.671,-66.573,70.011
572,19.067,582.21,553.88,-24.402,-67.581,71.852
573,19.1,581.29,551.57,-25.484,-69.625,74.143
574,19.133,579.41,550.77,-24.922,-71.981,76.173
575,19.167,578.62,547.94,-22.69,-74.898,78.259
576,19.2,576.97,547.18,-19.466,-76.887,79.313
577,19.233,576.32,544.2,-14.575,-77.789,79.142
578,19.267,575.61,542.46,-8.949,-77.459,77.975
579,19.3,574.94,541.51,-3.154,-76.783,76.847
580,19.333,576.47,539.09,2.583,-76.258,76.302
581,19.367,577.62,534.09,8.186,-76.069,76.508
582,19.4,577.75,531.5,13.204,-76.506,77.637
583,19.433,577.97,526.1,16.971,-76.668,78.524
584,19.467,578.05,521.76,19.401,-77.409,79.803
585,19.5,579.31,518.48,20.294,-79.217,81.775
586,19.533,580.02,516.92,19.526,-81.291,83.603
587,19.567,581.09,517.19,17.223,-81.764,83.558
588,19.6,581.97,516.08,13.228,-81.966,83.027
589,19.633,583.03,514.89,8.407,-81.248,81.682
590,19.667,583.95,512.87,4.271,-80.304,80.418
591,19.7,584.35,510.86,0.322,-78.519,78.519
592,19.733,582.86,505.87,-2.629,-76.463,76.508
593,19.767,582.68,502.3,-4.497,-73.584,73.722
594,19.8,582.91,499.13,-5.39,-70.369,70.575
595,19.833,582.11,496.77,-5.318,-66.956,67.167
596,19.867,581.45,492.85,-5.052,-63.486,63.687
597,19.9,580.27,491.12,-5.01,-58.286,58.501
598,19.933,579.24,488.93,-4.251,-52.517,52.688
599,19.967,577.79,487.18,-2.461,-45.514,45.58
600,20.0,577.62,486.81,0.034,-37.19,37.19
601,20.033,579.09,486.1,2.895,-27.296,27.449
602,20.067,580.29,484.13,6.073,-18.062,19.055
603,20.1,582.17,484.81,9.226,-11.082,14.419
604,20.133,583.68,484.56,12.333,-6.57,13.973
605,20.167,583.65,484.35,15.194,-3.507,15.593
606,20.2,584.06,485.1,17.384,-2.215,17.524
607,20.233,584.2,485.03,18.194,-3.874,18.602
608,20.267,583.58,485.88,19.077,-7.37,20.451
609,20.3,583.49,486.65,18.495,-12.622,22.392
610,20.333,584.08,485.93,16.379,-18.812,24.943
611,20.367,584.3,485.75,13.242,-26.305,29.45
612,20.4,585.66,484.2,9.192,-33.859,35.085
613,20.433,586.24,481.97,4.93,-41.287,41.58
614,20.467,586.07,480.82,1.049,-47.635,47.647
615,20.5,586.78,478.93,-2.153,-52.389,52.433
616,20.533,586.89,474.97,-4.831,-56.138,56.346
617,20.567,587.15,473.14,-7.545,-58.667,59.15
618,20.6,587.29,471.78,-10.054,-59.996,60.832
619,20.633,586.93,471.38,-12.907,-60.457,61.82
620,20.667,585.72,467.76,-16.172,-59.487,61.646
621,20.7,584.14,463.96,-19.231,-57.749,60.867
622,20.733,583.56,461.69,-22.154,-55.428,59.691
623,20.767,581.35,460.79,-24.704,-51.827,57.413
624,20.8,581.0,460.03,-25.888,-48.136,54.656
625,20.833,580.39,458.37,-25.905,-44.8,51.75
626,20.867,579.89,457.74,-24.667,-41.246,48.059
627,20.9,579.56,457.91,-22.544,-37.912,44.109
628,20.933,578.99,457.23,-19.892,-34.766,40.055
629,20.967,577.74,456.0,-16.723,-31.515,35.677
630,21.0,577.24,454.0,-12.909,-28.657,31.431
631,21.033,576.95,452.08,-9.287,-26.119,27.721
632,21.067,576.66,450.03,-5.852,-22.298,23.053
633,21.1,576.15,450.25,-2.787,-18.841,19.046
634,21.133,575.91,449.37,-0.576,-15.901,15.911
635,21.167,575.86,448.13,0.987,-14.207,14.242
636,21.2,576.25,448.61,2.284,-12.515,12.722
637,21.233,576.86,448.75,3.361,-10.177,10.717
638,21.267,577.78,447.88,3.875,-7.793,8.703
639,21.3,577.91,448.01,4.621,-5.398,7.106
640,21.333,578.39,448.4,5.313,-3.595,6.415
641,21.367,577.98,448.43,6.044,-2.428,6.513
642,21.4,578.56,448.04,6.467,-1.231,6.583
643,21.433,578.37,448.28,6.666,-1.772,6.898
644,21.467,578.17,448.51,6.731,-3.904,7.782
645,21.5,577.98,448.39,6.693,-6.891,9.606
646,21.533,578.19,448.32,6.764,-10.254,12.284
647,21.567,578.51,446.84,6.775,-13.764,15.341
648,21.6,578.53,446.73,6.929,-16.84,18.21
649,21.633,579.16,446.14,7.379,-19.23,20.597
650,21.667,579.45,445.27,8.886,-23.099,24.749
651,21.7,579.59,444.74,10.711,-25.732,27.872
652,21.733,580.24,443.85,13.055,-28.323,31.186
653,21.767,580.83,443.4,15.22,-30.441,34.034
654,21.8,581.89,441.55,16.855,-31.746,35.943
655,21.833,582.1,440.24,18.063,-32.324,37.028
656,21.867,582.16,440.0,18.563,-32.081,37.064
657,21.9,582.8,437.06,18.763,-31.494,36.66
658,21.933,583.05,436.31,18.138,-30.468,35.458
659,21.967,583.26,436.0,17.115,-29.082,33.745
660,22.0,584.52,434.89,15.475,-28.298,32.253
661,22.033,585.12,433.97,13.604,-27.482,30.665
662,22.067,586.14,433.34,11.254,-26.293,28.6
663,22.1,587.01,432.68,8.749,-26.244,27.664
664,22.133,588.15,429.11,6.301,-26.332,27.075
665,22.167,587.39,431.71,3.654,-26.503,26.754
666,22.2,587.74,430.33,1.271,-26.552,26.583
667,22.233,586.87,430.0,-0.672,-26.692,26.7
668,22.267,586.63,429.08,-2.516,-26.234,26.354
669,22.3,586.25,428.7,-3.966,-25.978,26.279
670,22.333,585.98,427.75,-5.486,-25.122,25.714
671,22.367,585.68,425.84,-6.679,-23.654,24.579
672,22.4,585.31,424.8,-8.052,-22.569,23.963
673,22.433,584.99,423.89,-9.904,-20.111,22.417
674,22.467,584.42,422.2,-10.898,-17.7,20.786
675,22.5,584.6,422.27,-10.463,-15.935,19.063
676,22.533,584.38,421.22,-9.625,-14.365,17.291
677,22.567,584.69,418.6,-8.039,-12.973,15.262
678,22.6,584.49,421.02,-6.225,-11.047,12.68
679,22.633,584.4,420.86,-4.189,-10.445,11.253
680,22.667,584.52,421.06,-2.26,-9.375,9.643
681,22.7,584.14,421.28,-0.422,-9.813,9.822
682,22.733,583.66,421.71,1.401,-10.877,10.967
683,22.767,583.53,420.81,3.506,-12.747,13.221
684,22.8,582.81,420.7,5.052,-14.71,15.553
685,22.833,582.36,420.2,6.289,-17.168,18.283
686,22.867,581.83,419.03,7.479,-20.594,21.91
687,22.9,583.11,418.36,8.13,-23.599,24.961
688,22.933,585.56,416.49,8.543,-26.275,27.629
689,22.967,586.36,415.43,8.519,-28.59,29.832
690,23.0,586.08,414.92,8.195,-29.692,30.802
691,23.033,586.65,414.19,7.232,-30.205,31.059
692,23.067,586.79,413.21,6.469,-30.164,30.85
693,23.1,587.18,409.65,5.374,-28.108,28.617
694,23.133,587.09,409.55,4.166,-26.317,26.645
695,23.167,586.42,409.9,2.904,-23.926,24.102
696,23.2,587.18,408.39,1.357,-21.107,21.15
697,23.233,586.43,408.42,-0.093,-18.71,18.71
698,23.267,585.72,408.21,-1.51,-16.849,16.916
699,23.3,586.15,407.08,-2.04,-15.507,15.64
700,23.333,586.27,406.06,-1.998,-14.654,14.789
701,23.367,585.56,406.91,-1.178,-13.927,13.977
702,23.4,585.82,406.62,0.503,-12.94,12.95
703,23.433,585.58,406.24,2.088,-12.977,13.144
704,23.467,585.83,406.02,3.167,-12.816,13.202
705,23.5,586.45,405.23,4.366,-13.379,14.074
706,23.533,587.49,404.0,6.445,-14.735,16.083
707,23.567,587.29,404.03,8.687,-16.705,18.828
708,23.6,587.57,403.54,11.258,-19.895,22.859
709,23.633,587.93,402.75,13.984,-21.735,25.845
710,23.667,588.16,401.79,16.857,-22.826,28.376
711,23.7,588.76,400.24,19.893,-24.364,31.454
712,23.733,589.28,399.93,22.287,-25.416,33.804
713,23.767,590.57,399.13,24.586,-26.284,35.991
714,23.8,589.88,399.53,26.411,-26.903,37.7
715,23.833,590.61,399.08,27.537,-26.931,38.517
716,23.867,591.26,397.69,27.53,-25.615,37.603
717,23.9,592.56,395.42,27.441,-24.583,36.842
718,23.933,594.73,395.0,26.729,-23.198,35.392
719,23.967,596.34,393.25,25.561,-21.24,33.235
720,24.0,597.72,392.84,24.005,-18.783,30.48
721,24.033,598.32,392.24,21.456,-15.567,26.508
722,24.067,599.28,391.51,18.332,-11.061,21.41
723,24.1,599.86,392.91,14.582,-6.045,15.785
724,24.133,599.9,392.98,10.588,-0.524,10.601
725,24.167,599.68,391.48,6.458,5.222,8.305
726,24.2,599.6,391.74,2.39,10.951,11.209
727,24.233,599.21,392.43,-1.111,16.75,16.787
728,24.267,598.58,392.8,-4.153,21.579,21.975
729,24.3,598.77,393.37,-7.043,25.829,26.772
730,24.333,598.21,394.67,-8.857,28.577,29.919
731,24.367,598.71,394.85,-9.984,30.183,31.791
732,24.4,597.99,396.71,-10.315,30.503,32.2
733,24.433,597.47,398.49,-10.053,30.188,31.818
734,24.467,597.18,400.09,-9.835,28.875,30.504
735,24.5,596.43,401.64,-9.846,27.52,29.229
736,24.533,596.76,403.12,-9.498,25.804,27.496
737,24.567,595.71,403.77,-8.807,24.387,25.929
738,24.6,596.21,404.2,-8.567,23.03,24.572
739,24.633,596.08,404.16,-8.516,20.634,22.322
740,24.667,596.08,404.15,-8.763,18.144,20.149
741,24.7,596.32,404.17,-8.874,16.244,18.51
742,24.733,595.42,404.27,-9.224,14.817,17.453
743,24.767,594.86,405.16,-9.471,13.58,16.556
744,24.8,594.13,405.41,-9.448,12.783,15.895
745,24.833,593.74,405.86,-9.679,12.5,15.809
746,24.867,593.35,405.64,-9.8,12.5,15.884
747,24.9,593.12,406.57,-10.053,13.117,16.526
748,24.933,592.83,407.86,-10.139,14.153,17.41
749,24.967,592.73,408.77,-10.439,14.851,18.153
750,25.0,593.24,409.52,-10.618,15.09,18.451
751,25.033,592.22,410.17,-10.615,14.818,18.228
752,25.067,591.29,409.7,-11.152,14.385,18.202
753,25.1,591.29,410.12,-11.426,12.978,17.291
754,25.133,590.75,410.87,-12.027,10.848,16.197
755,25.167,590.79,410.79,-12.523,8.287,15.017
756,25.2,590.13,411.45,-12.648,5.401,13.753
757,25.233,590.04,411.3,-13.136,2.637,13.398
758,25.267,589.57,411.4,-12.848,-0.304,12.852
759,25.3,589.05,411.5,-12.317,-3.45,12.791
760,25.333,588.8,411.49,-11.763,-6.109,13.255
761,25.367,588.57,411.19,-11.176,-8.173,13.846
762,25.4,587.53,411.47,-10.155,-10.108,14.328
763,25.433,586.73,410.32,-8.737,-11.814,14.693
764,25.467,586.75,410.16,-7.186,-13.309,15.125
765,25.5,585.95,410.05,-5.444,-14.466,15.457
766,25.533,585.58,409.61,-4.31,-15.215,15.814
767,25.567,585.88,407.55,-3.184,-15.401,15.726
768,25.6,586.32,407.38,-2.36,-14.326,14.519
769,25.633,586.87,406.98,-1.442,-12.61,12.692
770,25.667,587.18,406.68,-0.725,-10.625,10.649
771,25.7,586.63,406.58,-0.573,-7.792,7.813
772,25.733,587.1,405.88,-0.697,-4.819,4.869
773,25.767,586.13,406.25,-1.215,-1.72,2.106
774,25.8,585.79,406.37,-2.617,2.195,3.416
775,25.833,586.31,405.83,-3.42,4.383,5.56
776,25.867,586.85,404.86,-4.411,5.698,7.206
777,25.9,586.62,406.15,-5.753,7.034,9.087
778,25.933,586.03,406.93,-7.385,8.605,11.339
779,25.967,585.81,407.54,-8.408,9.662,12.808
780,26.0,584.94,408.25,-9.23,9.987,13.598
781,26.033,584.55,408.97,-8.163,7.55,11.119
782,26.067,584.2,409.33,-7.012,5.133,8.69
783,26.1,584.83,409.23,-5.534,3.259,6.423
784,26.133,583.69,409.44,-4.138,1.492,4.399
785,26.167,583.41,409.74,-3.673,1.319,3.902
786,26.2,583.27,409.19,-3.234,0.845,3.343
787,26.233,583.31,408.75,-2.311,-0.295,2.329
788,26.267,583.1,408.61,-0.814,-2.315,2.454
789,26.3,584.72,405.83,0.03,-2.499,2.499
790,26.333,583.46,408.08,2.072,-4.605,5.049
791,26.367,583.32,409.28,3.675,-5.684,6.769
792,26.4,583.56,408.79,4.533,-5.544,7.161
793,26.433,585.17,406.18,4.942,-5.769,7.596
794,26.467,585.47,405.89,4.671,-5.43,7.163
795,26.5,586.06,405.05,3.795,-4.774,6.099
796,26.533,583.48,409.31,2.622,-3.96,4.75
797,26.567,584.07,408.9,0.912,-2.714,2.863
798,26.6,583.6,409.41,-0.58,-2.033,2.114
799,26.633,583.57,409.48,-2.382,-1.246,2.688
800,26.667,585.39,405.78,-3.717,-0.329,3.731
801,26.7,585.7,405.23,-4.914,0.066,4.914
802,26.733,585.67,405.56,-5.767,-0.007,5.767
803,26.767,583.74,408.12,-6.216,0.036,6.216
804,26.8,585.84,403.72,-6.081,0.001,6.081
805,26.833,583.55,407.49,-6.2,0.75,6.245
806,26.867,583.01,406.84,-5.029,0.573,5.062
807,26.9,582.55,406.59,-3.172,-0.488,3.21
808,26.933,581.83,407.86,-1.103,-1.82,2.128
809,26.967,582.03,407.56,1.035,-1.654,1.951
810,27.0,581.97,407.61,2.346,-2.239,3.243
811,27.033,582.3,407.57,2.201,-2.034,2.997
812,27.067,583.36,406.23,2.175,-4.292,4.812
813,27.1,583.23,406.86,1.166,-7.458,7.548
814,27.133,583.1,406.48,-0.179,-12.048,12.049
815,27.167,583.23,405.25,-1.835,-18.155,18.248
816,27.2,583.75,404.7,-4.784,-23.191,23.679
817,27.233,584.05,404.85,-8.262,-26.796,28.041
818,27.267,584.2,403.7,-11.974,-30.286,32.567
819,27.3,584.36,402.26,-14.72,-34.328,37.351
820,27.333,584.04,402.31,-18.319,-35.598,40.035
821,27.367,582.84,401.12,-20.933,-37.748,43.163
822,27.4,581.63,399.7,-23.243,-38.877,45.295
823,27.433,580.66,398.0,-25.557,-39.225,46.816
824,27.467,577.34,394.71,-26.65,-39.607,47.738
825,27.5,575.87,394.45,-25.708,-38.329,46.152
826,27.533,575.06,391.99,-23.096,-36.833,43.475
827,27.567,574.78,390.29,-19.736,-36.265,41.287
828,27.6,574.6,389.1,-15.561,-34.702,38.031
829,27.633,574.56,388.33,-10.712,-31.414,33.19
830,27.667,574.69,388.6,-5.749,-27.908,28.494
831,27.7,575.14,388.9,-0.537,-24.299,24.305
832,27.733,575.33,386.62,4.666,-21.313,21.817
833,27.767,575.31,386.5,9.322,-21.346,23.293
834,27.8,575.25,385.2,13.567,-22.429,26.213
835,27.833,574.93,384.47,16.342,-25.281,30.103
836,27.867,575.2,383.77,18.254,-30.422,35.478
837,27.9,576.25,382.83,19.195,-35.501,40.359
838,27.933,579.09,382.32,19.067,-41.934,46.066
839,27.967,580.88,381.9,17.771,-48.915,52.043
840,28.0,580.12,378.54,16.612,-54.588,57.06
841,28.033,579.74,376.99,15.297,-61.196,63.079
842,28.067,580.68,378.11,13.675,-67.104,68.483
843,28.1,580.08,376.97,11.695,-72.809,73.742
844,28.133,580.13,370.78,9.51,-78.22,78.796
845,28.167,581.25,366.38,6.982,-83.306,83.598
846,28.2,581.65,361.83,3.359,-87.642,87.706
847,28.233,581.46,357.06,-1.287,-90.48,90.489
848,28.267,581.78,356.34,-5.888,-91.636,91.825
849,28.3,581.03,352.89,-10.252,-92.2,92.768
850,28.333,581.66,351.68,-13.801,-91.44,92.475
851,28.367,580.71,350.82,-15.967,-89.652,91.063
852,28.4,580.2,345.86,-17.071,-86.13,87.806
853,28.433,579.71,343.92,-17.006,-82.685,84.416
854,28.467,579.04,341.11,-16.891,-79.902,81.668
855,28.5,578.53,336.42,-16.846,-77.896,79.697
856,28.533,577.68,333.73,-14.561,-74.733,76.139
857,28.567,576.9,330.3,-10.698,-74.391,75.156
858,28.6,575.93,328.25,-5.921,-76.893,77.12
859,28.633,574.59,326.79,-0.889,-81.25,81.255
860,28.667,573.46,326.12,4.307,-85.635,85.743
861,28.7,574.4,324.07,9.187,-89.992,90.459
862,28.733,576.02,319.54,13.082,-93.964,94.871
863,28.767,576.54,316.75,16.057,-97.892,99.2
864,28.8,577.67,314.27,17.744,-102.343,103.869
865,28.833,578.49,311.19,18.207,-105.424,106.985
866,28.867,579.14,307.74,16.404,-106.792,108.044
867,28.9,580.73,301.39,13.262,-110.4,111.194
868,28.933,581.8,297.74,9.335,-112.284,112.672
869,28.967,582.97,294.2,5.044,-115.228,115.339
870,29.0,584.66,289.66,1.011,-116.905,116.909
871,29.033,583.35,282.66,-2.879,-115.577,115.613
872,29.067,582.33,282.43,-6.105,-112.569,112.735
873,29.1,580.14,279.46,-9.035,-107.024,107.404
874,29.133,580.02,275.03,-11.66,-99.812,100.491
875,29.167,579.26,271.92,-13.24,-91.456,92.409
876,29.2,577.43,268.24,-12.49,-83.407,84.337
877,29.233,576.67,265.0,-10.603,-74.912,75.659
878,29.267,575.95,264.79,-7.615,-66.96,67.391
879,29.3,575.13,263.18,-3.941,-60.438,60.567
880,29.333,575.25,260.61,-0.188,-55.465,55.466
881,29.367,576.65,254.24,3.439,-51.619,51.734
882,29.4,578.51,255.2,6.914,-48.814,49.302
883,29.433,579.74,253.06,9.647,-45.43,46.443
884,29.467,580.56,255.34,11.624,-42.821,44.371
885,29.5,580.44,254.65,12.146,-42.193,43.906
886,29.533,580.45,252.66,11.02,-41.897,43.322
887,29.567,579.7,251.85,9.208,-40.086,41.13
888,29.6,579.86,250.04,6.135,-40.415,40.878
889,29.633,581.03,248.25,2.705,-41.639,41.727
890,29.667,582.26,245.78,-1.822,-42.463,42.502
891,29.7,581.44,243.85,-6.609,-42.335,42.848
892,29.733,581.07,239.54,-11.172,-42.343,43.793
893,29.767,579.14,238.94,-15.476,-42.822,45.533
894,29.8,578.26,238.86,-19.774,-45.129,49.271
895,29.833,577.62,238.49,-22.573,-47.551,52.637
896,29.867,577.31,237.23,-24.223,-51.645,57.044
897,29.9,576.99,235.35,-25.321,-52.611,58.387
898,29.933,576.43,232.76,-26.107,-55.735,61.547
899,29.967,575.55,230.28,-25.797,-56.931,62.503
900,30.0,575.25,230.28,-24.879,-59.496,64.488
901,30.033,573.62,228.28,-22.742,-62.853,66.841
902,30.067,572.02,225.74,-19.451,-66.928,69.697
903,30.1,571.51,224.39,-14.864,-71.099,72.636
904,30.133,571.07,222.6,-9.505,-75.953,76.546
905,30.167,570.9,219.76,-3.211,-78.743,78.808
906,30.2,569.91,213.95,2.33,-81.281,81.314
907,30.233,569.81,210.58,7.185,-84.627,84.932
908,30.267,569.74,208.31,12.004,-86.331,87.162
909,30.3,571.56,206.25,17.377,-78.992,80.881
910,30.333,571.79,201.27,20.703,-84.433,86.934
911,30.367,572.76,200.97,22.77,-89.255,92.114
912,30.4,574.35,196.22,23.453,-92.618,95.542
913,30.433,576.1,196.66,22.46,-93.473,96.133
914,30.467,576.41,191.79,19.82,-92.632,94.729
915,30.5,577.66,188.33,15.427,-92.997,94.268
916,30.533,578.34,185.53,9.617,-92.966,93.462
917,30.567,578.72,184.36,3.192,-92.056,92.111
918,30.6,579.36,180.99,-2.273,-91.594,91.623
919,30.633,579.99,180.1,-7.35,-92.443,92.735
920,30.667,577.84,172.86,-12.189,-95.755,96.528
921,30.7,577.15,169.29,-15.689,-99.65,100.877
922,30.733,577.45,168.31,-18.028,-100.547,102.151
923,30.767,575.04,166.3,-18.836,-103.244,104.948
924,30.8,571.57,140.39,-17.923,-104.178,105.708
925,30.833,572.43,160.52,-16.153,-104.889,106.125
926,30.867,571.78,158.47,-12.974,-102.662,103.479
927,30.9,570.88,154.85,-8.582,-99.562,99.931
928,30.933,570.48,148.14,-4.217,-94.551,94.645
929,30.967,570.46,142.32,0.193,-88.787,88.787
930,31.0,571.77,143.19,4.181,-81.423,81.53
931,31.033,572.71,138.3,6.74,-73.143,73.453
932,31.067,574.45,132.57,7.817,-64.08,64.555
933,31.1,574.0,129.55,7.344,-56.034,56.513
934,31.133,574.26,127.15,5.438,-48.948,49.249
935,31.167,575.55,128.29,2.264,-44.331,44.389
936,31.2,574.67,127.6,-0.853,-39.026,39.036
937,31.233,575.49,122.85,-4.078,-34.812,35.05
938,31.267,575.36,127.89,-8.292,-33.256,34.274
939,31.3,575.07,126.01,-11.439,-33.706,35.594
940,31.333,574.34,127.23,-12.758,-22.362,25.745
941,31.367,573.45,126.51,-14.094,-21.181,25.441
942,31.4,571.58,125.06,-15.005,-22.251,26.838
943,31.433,570.81,125.59,-14.94,-25.556,29.603
944,31.467,568.43,122.3,-13.86,-28.753,31.919
945,31.5,567.51,120.95,-11.81,-31.458,33.602
946,31.533,567.5,119.58,-9.357,-36.088,37.281
947,31.567,568.05,117.01,-6.725,-40.327,40.884
948,31.6,569.31,115.06,-4.446,-43.774,43.999
949,31.633,570.25,114.18,-1.927,-45.214,45.255
950,31.667,570.56,113.07,0.721,-44.933,44.939
951,31.7,571.05,111.49,2.55,-43.913,43.987
952,31.733,570.91,110.86,4.64,-40.933,41.195
953,31.767,571.5,110.55,5.484,-34.659,35.09
954,31.8,570.61,108.72,5.959,-29.891,30.48
955,31.833,570.19,107.02,5.807,-24.119,24.808
956,31.867,569.89,106.16,4.927,-18.738,19.375
957,31.9,570.27,104.79,3.252,-13.274,13.667
958,31.933,570.38,104.85,1.558,-8.276,8.421
959,31.967,570.47,104.5,0.303,-4.401,4.411
960,32.0,570.64,104.78,-0.329,0.18,0.375
961,32.033,570.53,103.85,0.02,4.058,4.058
962,32.067,570.81,103.91,0.865,6.886,6.94
963,32.1,570.73,106.82,2.158,9.155,9.406
964,32.133,571.19,106.99,3.361,10.888,11.395
965,32.167,571.1,108.53,4.375,12.472,13.217
966,32.2,571.36,108.93,5.278,13.052,14.079
967,32.233,571.03,107.59,5.997,13.667,14.925
968,32.267,572.0,108.11,6.403,13.333,14.791
969,32.3,571.58,108.6,6.228,11.653,13.213
970,32.333,571.33,109.42,6.443,9.733,11.673
971,32.367,571.55,109.5,6.481,8.699,10.848
972,32.4,572.33,109.23,6.411,7.943,10.207
973,32.433,573.19,110.48,6.494,8.176,10.441
974,32.467,572.36,110.42,6.607,9.198,11.325
975,32.5,573.45,109.52,6.007,10.413,12.022
976,32.533,573.4,109.47,4.911,11.749,12.734
977,32.567,573.85,109.94,3.541,13.668,14.119
978,32.6,573.89,111.01,2.357,15.217,15.399
979,32.633,573.94,112.24,1.763,15.994,16.091
980,32.667,573.94,111.59,1.38,16.555,16.612
981,32.7,574.02,112.86,1.64,16.125,16.208
982,32.733,573.69,112.61,2.577,14.901,15.122
983,32.767,574.1,113.6,4.29,14.236,14.868
984,32.8,574.23,115.4,6.022,12.998,14.325
985,32.833,573.66,117.12,7.827,12.755,14.965
986,32.867,574.05,117.01,9.881,11.459,15.131
987,32.9,574.61,117.58,11.875,9.588,15.263
988,32.933,573.91,117.49,13.058,8.438,15.547
989,32.967,573.34,116.15,13.298,7.231,15.137
990,33.0,574.56,116.14,13.164,6.466,14.667
991,33.033,575.84,115.59,12.148,6.361,13.713
992,33.067,577.63,115.41,10.751,6.525,12.576
993,33.1,578.53,117.14,8.539,7.189,11.163
994,33.133,579.02,116.63,6.202,8.177,10.263
995,33.167,579.72,116.95,3.857,9.182,9.959
996,33.2,579.92,117.35,1.604,11.147,11.262
997,33.233,579.32,118.3,-0.787,13.168,13.192
998,33.267,578.58,118.69,-3.027,15.15,15.449
999,33.3,577.45,120.31,-5.68,16.468,17.42
1000,33.333,577.1,118.3,-8.532,16.473,18.552
1001,33.367,576.14,119.87,-11.117,14.321,18.129
1002,33.4,575.1,121.83,-13.648,10.807,17.409
1003,33.433,574.79,121.88,-16.107,5.639,17.066
1004,33.467,574.4,121.67,-17.527,-0.646,17.539
1005,33.5,574.76,121.17,-17.711,-7.17,19.107
1006,33.533,574.57,121.25,-17.203,-13.958,22.154
1007,33.567,574.39,121.86,-16.115,-20.089,25.754
1008,33.6,574.85,121.64,-14.733,-25.302,29.279
1009,33.633,574.4,120.75,-12.879,-31.033,33.599
1010,33.667,573.61,119.47,-10.669,-35.795,37.351
1011,33.7,572.49,117.47,-8.58,-39.87,40.783
1012,33.733,571.65,114.62,-6.572,-43.071,43.569
1013,33.767,570.68,112.78,-4.187,-45.66,45.852
1014,33.8,570.38,110.75,-1.899,-47.052,47.09
1015,33.833,570.15,108.47,0.241,-47.173,47.174
1016,33.867,570.28,107.25,1.781,-44.941,44.977
1017,33.9,570.56,106.16,3.147,-41.483,41.602
1018,33.933,571.05,105.39,4.246,-37.086,37.328
1019,33.967,571.4,104.59,4.628,-32.184,32.515
1020,34.0,572.18,104.22,4.281,-26.953,27.291
1021,34.033,572.84,103.72,3.154,-21.183,21.416
1022,34.067,573.54,102.55,1.241,-14.914,14.965
1023,34.1,573.76,101.07,-0.966,-9.216,9.266
1024,34.133,573.66,100.99,-4.086,-4.477,6.062
1025,34.167,573.47,100.55,-7.563,-0.561,7.584
1026,34.2,573.32,100.75,-10.895,2.064,11.089
1027,34.233,572.75,101.26,-13.944,4.387,14.618
1028,34.267,571.16,102.45,-16.363,6.79,17.716
1029,34.3,570.03,103.56,-17.763,8.782,19.815
1030,34.333,569.2,103.06,-18.519,10.693,21.384
1031,34.367,568.45,104.12,-18.085,12.665,22.079
1032,34.4,567.26,104.28,-17.196,14.014,22.183
1033,34.433,566.45,103.21,-15.494,15.092,21.63
1034,34.467,566.15,103.87,-13.248,15.559,20.436
1035,34.5,566.35,105.01,-10.608,15.63,18.889
1036,34.533,566.12,105.87,-7.66,14.959,16.806
1037,34.567,566.63,105.56,-4.594,13.77,14.516
1038,34.6,566.33,105.72,-1.922,12.233,12.383
1039,34.633,566.7,106.49,0.148,11.507,11.508
1040,34.667,566.95,106.97,1.693,10.471,10.607
1041,34.7,566.76,108.54,2.721,9.94,10.306
1042,34.733,567.13,108.62,2.835,10.194,10.581
1043,34.767,567.1,108.71,2.179,10.159,10.39
1044,34.8,566.83,108.98,1.495,9.555,9.671
1045,34.833,567.14,108.73,0.627,8.283,8.307
1046,34.867,566.4,108.6,-0.47,8.287,8.3
1047,34.9,566.98,109.19,-1.499,6.909,7.07
1048,34.933,566.77,109.06,-2.47,4.801,5.399
1049,34.967,566.73,109.38,-2.869,4.037,4.953
1050,35.0,567.0,109.38,-3.051,3.065,4.325
1051,35.033,566.64,109.74,-3.147,2.318,3.908
1052,35.067,566.08,109.85,-2.988,1.463,3.327
1053,35.1,565.82,110.72,-2.811,1.012,2.988
1054,35.133,565.96,110.13,-2.288,0.583,2.361
1055,35.167,565.95,111.0,-1.717,1.287,2.146
1056,35.2,565.65,110.95,-1.119,1.842,2.155
1057,35.233,565.84,109.54,-0.417,2.042,2.084
1058,35.267,566.03,109.93,0.169,2.208,2.215
1059,35.3,565.87,110.26,0.599,2.154,2.236
1060,35.333,565.94,110.7,1.207,1.817,2.182
1061,35.367,566.14,108.16,1.337,1.632,2.11
1062,35.4,565.85,109.54,1.969,1.407,2.42
1063,35.433,566.48,111.16,2.153,1.141,2.436
1064,35.467,566.17,110.23,2.532,0.844,2.669
1065,35.5,566.36,111.23,2.736,0.872,2.871
1066,35.533,566.42,110.74,2.458,1.326,2.793
1067,35.567,566.67,110.82,2.278,1.415,2.681
1068,35.6,566.66,111.14,2.084,1.511,2.574
1069,35.633,566.69,112.38,2.127,1.076,2.384
1070,35.667,566.63,110.37,1.043,0.899,1.377
1071,35.7,566.5,110.82,-1.06,0.073,1.063
1072,35.733,566.56,110.23,-3.168,-0.569,3.219
1073,35.767,566.4,109.92,-4.979,-2.525,5.582
1074,35.8,566.58,110.02,-6.756,-4.355,8.038
1075,35.833,566.29,110.15,-7.744,-5.919,9.747
1076,35.867,566.77,109.99,-8.179,-8.718,11.954
1077,35.9,566.29,110.41,-8.002,-10.89,13.514
1078,35.933,566.4,110.14,-7.515,-13.875,15.78
1079,35.967,565.64,110.61,-6.954,-17.497,18.828
1080,36.0,565.28,109.84,-5.25,-19.453,20.149
1081,36.033,565.1,108.77,-3.145,-18.45,18.716
1082,36.067,564.09,108.82,-0.363,-12.504,12.509
1083,36.1,563.47,108.3,3.256,-3.19,4.558
1084,36.133,561.9,107.82,6.512,6.859,9.458
1085,36.167,563.05,106.92,10.567,16.875,19.91
1086,36.2,565.11,106.21,14.747,26.421,30.258
1087,36.233,566.34,103.98,18.191,33.706,38.301
1088,36.267,566.88,107.23,21.263,37.707,43.289
1089,36.3,568.27,106.92,23.994,39.526,46.239
1090,36.333,568.67,106.08,26.673,38.718,47.017
1091,36.367,569.41,108.73,29.531,36.791,47.177
1092,36.4,569.85,112.61,31.868,34.106,46.678
1093,36.433,571.7,118.02,33.837,30.204,45.356
1094,36.467,573.55,124.32,34.974,25.523,43.297
1095,36.5,574.03,129.91,35.456,20.023,40.719
1096,36.533,575.51,130.88,35.438,14.121,38.148
1097,36.567,576.41,126.54,35.303,7.856,36.167
1098,36.6,576.19,121.38,34.565,1.506,34.598
1099,36.633,578.54,118.66,33.443,-4.665,33.767
1100,36.667,578.16,113.85,32.82,-10.247,34.383
1101,36.7,578.58,111.48,31.687,-15.065,35.086
1102,36.733,580.96,110.05,29.68,-18.913,35.194
1103,36.767,582.67,112.42,26.834,-19.709,33.294
1104,36.8,584.65,113.55,23.658,-19.456,30.631
1105,36.833,585.49,116.45,19.763,-17.354,26.301
1106,36.867,585.74,116.9,15.589,-12.026,19.688
1107,36.9,585.94,116.94,11.533,-4.972,12.559
1108,36.933,586.17,117.39,8.024,3.205,8.641
1109,36.967,586.37,117.7,4.594,10.92,11.847
1110,37.0,586.91,117.24,0.957,16.604,16.631
1111,37.033,586.69,117.06,-2.636,18.694,18.879
1112,37.067,584.93,117.86,-5.942,18.095,19.046
1113,37.1,584.89,117.53,-8.335,17.019,18.951
1114,37.133,584.62,117.53,-8.879,15.871,18.186
1115,37.167,584.33,117.15,-9.274,14.777,17.446
1116,37.2,584.14,117.73,-8.408,15.169,17.343
1117,37.233,583.54,119.17,-6.344,16.786,17.945
1118,37.267,583.45,119.63,-4.51,19.881,20.386
1119,37.3,583.22,119.33,-2.5,22.348,22.488
1120,37.333,583.24,121.22,-0.697,23.535,23.545
1121,37.367,583.81,122.43,1.021,24.199,24.221
1122,37.4,583.88,124.17,2.578,23.967,24.105
1123,37.433,583.89,125.32,3.905,23.042,23.371
1124,37.467,583.66,126.41,5.026,21.783,22.356
1125,37.5,583.86,126.72,5.453,19.197,19.956
1126,37.533,585.41,127.06,5.626,16.522,17.453
1127,37.567,586.09,127.0,5.263,13.364,14.363
1128,37.6,586.02,126.79,5.214,9.628,10.949
1129,37.633,585.12,127.91,4.599,6.155,7.683
1130,37.667,584.91,127.63,4.037,2.803,4.914
1131,37.7,585.0,127.69,3.336,0.297,3.349
1132,37.733,584.88,127.5,2.491,-1.673,3.0
1133,37.767,585.71,126.72,1.517,-3.565,3.874
1134,37.8,585.8,126.39,0.565,-4.861,4.894
1135,37.833,585.56,128.58,0.301,-5.177,5.186
1136,37.867,585.34,126.61,0.249,-5.271,5.277
1137,37.9,585.5,126.65,0.159,-5.113,5.116
1138,37.933,585.7,126.71,0.336,-5.113,5.124
1139,37.967,585.6,125.36,0.859,-5.135,5.207
1140,38.0,586.43,126.18,1.928,-5.537,5.863
1141,38.033,585.57,125.57,3.315,-5.911,6.777
1142,38.067,585.51,126.0,3.926,-6.441,7.543
1143,38.1,585.5,126.03,4.011,-6.764,7.864
1144,38.133,586.13,125.65,3.646,-6.983,7.878
1145,38.167,585.75,125.75,3.508,-7.895,8.639
1146,38.2,585.79,125.26,3.474,-8.767,9.43
1147,38.233,585.88,124.84,3.509,-9.693,10.309
1148,38.267,586.8,124.49,3.505,-10.202,10.787
1149,38.3,587.46,123.99,2.948,-9.997,10.422
1150,38.333,586.94,123.93,2.262,-9.254,9.526
1151,38.367,587.21,123.4,1.599,-9.625,9.757
1152,38.4,587.44,123.14,1.052,-8.839,8.901
1153,38.433,587.44,122.84,0.125,-7.104,7.106
1154,38.467,587.26,122.35,-1.199,-5.91,6.03
1155,38.5,586.86,122.3,-2.249,-3.898,4.501
1156,38.533,586.41,121.99,-3.482,-2.424,4.242
1157,38.567,586.46,122.01,-3.644,0.006,3.644
1158,38.6,586.29,121.7,-3.136,3.672,4.828
1159,38.633,586.58,121.96,-1.56,6.367,6.555
1160,38.667,586.57,122.71,-0.291,10.547,10.551
1161,38.7,586.42,123.45,0.836,16.216,16.237
1162,38.733,586.0,124.4,2.287,22.229,22.347
1163,38.767,586.06,124.76,3.872,26.323,26.606
1164,38.8,586.25,125.33,4.811,31.158,31.527
1165,38.833,586.12,126.2,5.264,36.898,37.271
1166,38.867,586.06,127.83,5.632,42.182,42.556
1167,38.9,585.94,128.92,5.458,46.328,46.649
1168,38.933,586.78,128.55,4.757,49.456,49.684
1169,38.967,588.1,131.3,3.208,52.168,52.267
1170,39.0,588.73,133.49,1.086,54.181,54.192
1171,39.033,589.39,137.17,-1.789,53.971,54.001
1172,39.067,588.99,139.56,-5.169,54.657,54.901
1173,39.1,588.54,139.88,-9.064,55.363,56.1
1174,39.133,586.6,145.33,-12.734,56.222,57.646
1175,39.167,586.26,146.27,-15.838,56.498,58.676
1176,39.2,586.65,145.29,-18.422,58.032,60.886
1177,39.233,585.73,145.98,-20.215,57.081,60.555
1178,39.267,584.87,152.0,-21.025,60.256,63.819
1179,39.3,584.48,152.83,-20.429,62.77,66.011
1180,39.333,583.47,152.31,-18.865,61.837,64.651
1181,39.367,582.48,153.2,-15.525,61.1,63.042
1182,39.4,581.57,155.91,-11.088,60.479,61.487
1183,39.433,580.33,158.53,-6.022,61.936,62.228
1184,39.467,579.92,159.95,-0.594,64.603,64.605
1185,39.5,579.29,162.27,4.195,66.367,66.5
1186,39.533,579.8,168.66,8.13,68.737,69.217
1187,39.567,580.83,169.46,10.851,69.771,70.609
1188,39.6,582.42,171.49,12.49,69.208,70.326
1189,39.633,583.54,173.74,13.343,68.986,70.265
1190,39.667,583.87,177.64,14.101,64.462,65.986
1191,39.7,584.77,176.87,13.478,59.712,61.215
1192,39.733,585.6,184.61,11.078,57.229,58.292
1193,39.767,586.75,177.08,7.734,53.693,54.247
1194,39.8,586.63,177.82,3.243,47.878,47.988
1195,39.833,587.05,186.25,-2.109,41.79,41.844
1196,39.867,585.5,188.89,-8.289,37.908,38.804
1197,39.9,584.54,191.18,-14.521,34.6,37.524
1198,39.933,584.27,188.92,-20.652,33.36,39.235
1199,39.967,582.95,189.36,-25.841,32.893,41.829
1200,40.0,582.09,191.52,-29.098,31.487,42.874
1201,40.033,581.39,190.47,-31.021,33.662,45.776
1202,40.067,580.56,190.87,-31.127,34.466,46.441
1203,40.1,579.93,192.59,-29.84,37.072,47.589
1204,40.133,578.23,192.59,-27.674,41.197,49.629
1205,40.167,576.31,197.58,-24.256,44.52,50.699
1206,40.2,575.67,198.69,-19.975,46.995,51.064
1207,40.233,575.1,196.55,-15.031,51.404,53.556
1208,40.267,574.15,201.05,-9.465,52.868,53.709
1209,40.3,574.11,203.43,-3.49,58.812,58.916
1210,40.333,573.57,206.79,1.799,66.345,66.369
1211,40.367,574.4,207.45,6.052,72.39,72.643
1212,40.4,574.78,211.63,10.345,76.443,77.14
1213,40.433,576.04,211.27,13.533,78.246,79.407
1214,40.467,577.38,213.13,15.319,80.894,82.332
1215,40.5,576.7,221.66,16.224,83.996,85.549
1216,40.533,578.32,220.77,15.242,86.131,87.47
1217,40.567,578.56,224.6,12.74,89.722,90.622
1218,40.6,579.15,226.54,9.548,93.218,93.706
1219,40.633,579.95,227.39,5.327,94.249,94.4
1220,40.667,579.72,232.95,1.072,96.252,96.258
1221,40.7,580.64,237.12,-2.315,98.307,98.334
1222,40.733,580.97,240.11,-5.022,99.341,99.468
1223,40.767,580.46,243.59,-6.75,103.374,103.594
1224,40.8,578.3,247.14,-6.497,106.032,106.231
1225,40.833,578.34,251.14,-4.675,108.128,108.229
1226,40.867,577.81,251.76,-1.306,109.053,109.061
1227,40.9,576.11,256.48,2.134,111.876,111.896
1228,40.933,575.99,261.83,5.67,112.777,112.919
1229,40.967,575.64,265.88,8.585,113.56,113.884
1230,41.0,575.1,268.66,10.41,114.54,115.012
1231,41.033,576.81,272.18,12.573,111.244,111.952
1232,41.067,578.53,273.34,13.652,108.048,108.907
1233,41.1,579.22,276.51,13.814,103.059,103.981
1234,41.133,580.96,284.76,13.153,97.292,98.177
1235,41.167,582.62,289.18,11.59,92.619,93.341
1236,41.2,583.73,289.33,9.395,86.04,86.551
1237,41.233,584.73,294.35,6.152,78.988,79.227
1238,41.267,585.34,295.0,1.88,71.567,71.592
1239,41.3,584.16,298.06,-3.309,64.843,64.927
1240,41.333,582.26,300.85,-8.009,55.939,56.509
1241,41.367,580.15,303.49,-13.042,47.352,49.115
1242,41.4,579.26,301.24,-17.701,41.644,45.25
1243,41.433,578.43,302.12,-20.991,35.33,41.095
1244,41.467,577.91,303.94,-22.849,28.747,36.721
1245,41.5,577.91,303.7,-22.662,22.095,31.65
1246,41.533,576.87,304.77,-20.382,16.513,26.232
1247,41.567,576.26,305.58,-16.613,11.487,20.198
1248,41.6,576.5,306.58,-12.168,8.708,14.963
1249,41.633,576.32,307.79,-6.957,7.631,10.326
1250,41.667,575.84,307.2,-2.04,5.803,6.151
1251,41.7,575.76,308.62,2.208,4.128,4.682
1252,41.733,575.32,307.97,5.649,4.509,7.227
1253,41.767,575.08,308.25,7.991,4.185,9.02
1254,41.8,575.76,305.56,8.741,5.093,10.116
1255,41.833,576.2,309.57,8.644,5.57,10.283
1256,41.867,577.26,308.85,8.216,5.635,9.963
1257,41.9,578.17,306.21,7.811,5.037,9.294
1258,41.933,579.32,307.48,6.871,5.568,8.844
1259,41.967,579.79,307.45,5.653,6.471,8.592
1260,42.0,579.47,308.21,4.038,6.818,7.924
1261,42.033,579.63,308.29,1.766,7.448,7.655
1262,42.067,578.5,309.25,-0.113,6.806,6.807
1263,42.1,577.94,310.07,-1.735,6.699,6.92
1264,42.133,577.5,311.15,-3.409,6.701,7.518
1265,42.167,577.58,311.23,-5.175,7.227,8.889
1266,42.2,577.6,311.08,-6.432,6.703,9.29
1267,42.233,577.48,310.84,-7.498,6.376,9.843
1268,42.267,577.05,311.08,-7.923,6.202,10.061
1269,42.3,577.06,310.84,-7.51,6.017,9.623
1270,42.333,576.87,311.44,-6.639,7.197,9.791
1271,42.367,576.5,311.35,-5.265,6.344,8.244
1272,42.4,576.13,310.59,-3.941,5.127,6.467
1273,42.433,576.25,310.98,-2.478,5.214,5.773
1274,42.467,576.16,310.45,-1.351,4.903,5.086
1275,42.5,576.33,310.47,-0.618,4.475,4.517
1276,42.533,576.84,310.74,0.023,3.654,3.654
1277,42.567,576.47,313.85,0.278,3.226,3.238
1278,42.6,576.29,313.75,0.732,2.491,2.596
1279,42.633,576.0,313.85,1.035,2.847,3.03
1280,42.667,576.38,311.7,1.353,2.018,2.43
1281,42.7,576.12,314.71,1.765,0.74,1.914
1282,42.733,576.48,313.12,1.853,-1.02,2.115
1283,42.767,576.71,312.94,2.041,-4.831,5.245
1284,42.8,576.75,311.97,2.134,-6.813,7.139
1285,42.833,576.79,311.42,2.421,-8.876,9.201
1286,42.867,576.88,311.0,2.801,-11.371,11.71
1287,42.9,577.38,311.02,3.364,-15.524,15.884
1288,42.933,577.21,310.37,4.122,-18.247,18.707
1289,42.967,577.1,309.83,4.657,-18.433,19.012
1290,43.0,577.21,310.01,5.21,-18.175,18.907
1291,43.033,577.24,310.35,5.644,-17.257,18.156
1292,43.067,577.21,309.83,5.654,-17.147,18.055
1293,43.1,577.27,309.87,5.571,-16.986,17.877
1294,43.133,577.89,306.06,5.432,-14.321,15.316
1295,43.167,578.43,305.71,5.239,-12.453,13.51
1296,43.2,578.3,304.65,4.999,-10.876,11.97
1297,43.233,579.03,303.98,4.899,-9.732,10.895
1298,43.267,578.99,308.18,4.835,-6.371,7.997
1299,43.3,579.79,304.1,4.88,-3.274,5.877
1300,43.333,579.57,303.82,5.298,0.198,5.302
1301,43.367,579.52,303.72,5.752,3.145,6.555
1302,43.4,579.42,308.26,6.133,5.552,8.273
1303,43.433,579.31,308.48,6.15,7.192,9.463
1304,43.467,579.64,304.44,6.117,8.866,10.772
1305,43.5,579.71,305.13,6.261,10.555,12.272
1306,43.533,579.74,305.49,6.326,11.49,13.117
1307,43.567,579.9,310.01,6.31,11.722,13.313
1308,43.6,580.26,309.97,6.789,10.533,12.531
1309,43.633,580.6,305.73,6.989,10.037,12.23
1310,43.667,581.38,307.27,7.28,9.318,11.825
1311,43.7,581.66,311.71,7.516,9.298,11.955
1312,43.733,582.27,311.63,7.629,9.835,12.447
1313,43.767,582.58,308.75,7.194,10.77,12.951
1314,43.8,582.7,308.88,6.61,9.86,11.871
1315,43.833,582.18,308.17,5.143,10.574,11.758
1316,43.867,582.16,308.95,3.598,10.912,11.49
1317,43.9,582.27,309.94,2.06,9.83,10.044
1318,43.933,582.5,311.19,0.539,7.024,7.044
1319,43.967,582.75,311.46,-1.167,4.022,4.188
1320,44.0,582.53,311.52,-3.008,5.177,5.987
1321,44.033,582.62,312.26,-4.865,5.578,7.402
1322,44.067,582.91,312.27,-6.388,7.131,9.574
1323,44.1,581.96,314.75,-7.643,6.848,10.263
1324,44.133,582.6,311.54,-8.554,7.197,11.179
1325,44.167,581.84,314.56,-9.044,10.02,13.498
1326,44.2,580.92,313.43,-9.421,13.134,16.163
1327,44.233,580.63,313.16,-9.308,14.91,17.576
1328,44.267,580.33,313.23,-9.149,16.31,18.701
1329,44.3,579.85,311.98,-8.857,19.076,21.032
1330,44.333,580.08,311.21,-8.516,21.469,23.096
1331,44.367,579.69,312.3,-7.797,25.748,26.902
1332,44.4,579.02,317.31,-6.663,26.805,27.621
1333,44.433,578.43,318.82,-5.623,28.939,29.48
1334,44.467,578.59,320.59,-4.28,27.488,27.819
1335,44.5,578.54,317.74,-3.312,26.092,26.302
1336,44.533,578.82,321.41,-2.313,24.505,24.614
1337,44.567,578.74,322.08,-1.463,23.345,23.391
1338,44.6,578.96,323.93,-1.11,21.905,21.933
1339,44.633,579.03,323.87,-0.599,20.482,20.491
1340,44.667,579.02,324.94,-0.619,19.339,19.349
1341,44.7,579.15,325.6,-0.577,15.549,15.56
1342,44.733,578.76,324.89,-0.355,11.402,11.408
1343,44.767,578.74,324.85,0.02,6.223,6.223
1344,44.8,578.58,324.09,-0.0,1.582,1.582
1345,44.833,578.63,324.38,-0.081,-1.953,1.954
1346,44.867,578.76,319.92,-0.224,-2.857,2.866
1347,44.9,578.34,325.17,0.204,-3.254,3.26
1348,44.933,578.83,321.27,1.458,-3.63,3.911
1349,44.967,578.15,327.01,3.004,-2.015,3.617
1350,45.0,578.63,327.16,3.991,2.108,4.513
1351,45.033,578.71,328.12,4.941,8.646,9.958
1352,45.067,578.76,326.68,5.786,13.865,15.024
1353,45.1,579.14,327.01,7.116,17.379,18.779
1354,45.133,579.48,322.7,7.242,22.972,24.087
1355,45.167,579.63,323.04,6.989,27.541,28.413
1356,45.2,579.71,324.26,5.981,31.374,31.939
1357,45.233,579.93,325.28,4.229,33.698,33.962
1358,45.267,579.64,328.7,2.327,35.041,35.118
1359,45.3,580.63,329.94,0.256,33.769,33.77
1360,45.333,581.57,332.84,-2.359,32.209,32.295
1361,45.367,581.9,333.69,-5.722,29.612,30.16
1362,45.4,581.16,338.7,-9.483,29.401,30.892
1363,45.433,579.66,340.93,-13.194,27.348,30.365
1364,45.467,578.93,340.87,-16.801,27.169,31.944
1365,45.5,579.33,337.0,-19.355,24.401,31.145
1366,45.533,578.87,336.87,-21.073,21.083,29.809
1367,45.567,577.9,337.96,-22.057,17.372,28.077
1368,45.6,575.27,343.03,-22.31,14.562,26.642
1369,45.633,575.59,337.69,-22.001,10.829,24.521
1370,45.667,574.36,338.87,-21.218,10.352,23.609
1371,45.7,573.94,337.79,-20.725,11.118,23.519
1372,45.733,573.52,337.75,-19.843,12.497,23.45
1373,45.767,572.47,337.79,-17.061,13.3,21.632
1374,45.8,571.07,341.61,-12.781,14.984,19.695
1375,45.833,570.76,342.39,-7.997,18.753,20.387
1376,45.867,571.31,344.17,-3.64,23.315,23.597
1377,45.9,571.75,345.08,0.138,29.065,29.065
1378,45.933,572.59,345.16,4.028,35.526,35.754
1379,45.967,573.02,346.53,8.096,39.249,40.075
1380,46.0,573.02,347.82,11.714,41.251,42.882
1381,46.033,572.45,349.38,13.954,42.96,45.169
1382,46.067,572.39,349.59,15.602,43.725,46.425
1383,46.1,572.53,349.26,16.526,43.266,46.315
1384,46.133,572.8,351.66,17.586,38.769,42.572
1385,46.167,573.35,351.42,17.435,35.718,39.746
1386,46.2,576.36,352.19,16.82,31.583,35.782
1387,46.233,579.05,354.09,15.515,26.95,31.097
1388,46.267,578.25,360.49,13.628,22.604,26.394
1389,46.3,577.95,362.29,11.573,18.728,22.015
1390,46.333,577.5,362.77,9.812,13.446,16.646
1391,46.367,577.95,363.05,8.107,8.304,11.605
1392,46.4,578.52,363.28,6.395,2.848,7.0
1393,46.433,578.02,356.89,4.525,-2.932,5.392
1394,46.467,577.76,356.81,1.973,-9.898,10.093
1395,46.5,577.98,355.9,-0.632,-15.142,15.155
1396,46.533,578.74,356.76,-3.035,-19.007,19.248
1397,46.567,578.12,356.75,-4.214,-20.466,20.895
1398,46.6,577.8,356.09,-4.347,-20.669,21.121
1399,46.633,577.7,356.03,-3.132,-19.695,19.943
1400,46.667,577.77,354.95,-0.774,-18.301,18.317
1401,46.7,577.86,353.85,2.698,-14.357,14.608
1402,46.733,577.89,354.53,5.887,-7.346,9.414
1403,46.767,577.82,353.8,7.715,0.18,7.717
1404,46.8,577.84,353.47,9.402,5.006,10.652
1405,46.833,578.02,353.4,10.889,8.726,13.954
1406,46.867,578.41,352.87,12.277,11.702,16.96
1407,46.9,578.34,352.42,13.247,14.595,19.711
1408,46.933,578.79,353.27,13.36,14.262,19.542
1409,46.967,580.32,359.03,13.405,15.802,20.722
1410,47.0,581.35,358.99,13.882,17.657,22.46
1411,47.033,582.78,359.61,13.069,18.28,22.471
1412,47.067,583.17,356.88,11.714,18.224,21.664
1413,47.1,583.81,357.31,11.428,17.49,20.893
1414,47.133,583.73,359.58,11.258,16.741,20.175
1415,47.167,583.92,361.57,11.417,15.502,19.253
1416,47.2,583.77,361.82,11.774,14.32,18.539
1417,47.233,582.99,359.34,12.163,13.348,18.059
1418,47.267,583.11,360.16,12.368,11.685,17.014
1419,47.3,583.59,361.68,13.289,10.503,16.938
1420,47.333,584.0,362.39,14.509,9.709,17.458
1421,47.367,584.6,362.48,16.024,9.252,18.503
1422,47.4,585.07,359.66,17.704,9.734,20.204
1423,47.433,586.29,362.65,19.878,11.279,22.855
1424,47.467,587.16,363.22,22.449,13.518,26.205
1425,47.5,586.76,361.67,24.413,13.352,27.826
1426,47.533,589.96,364.46,25.923,13.189,29.085
1427,47.567,591.63,364.75,26.082,12.037,28.726
1428,47.6,591.03,365.51,25.831,12.215,28.573
1429,47.633,592.03,365.44,24.559,12.385,27.505
1430,47.667,592.47,365.64,22.963,11.798,25.817
1431,47.7,592.92,365.81,20.648,9.775,22.845
1432,47.733,593.69,366.21,18.207,7.537,19.705
1433,47.767,595.23,367.08,15.988,6.538,17.273
1434,47.8,595.06,367.07,14.08,6.064,15.331
1435,47.833,595.54,367.17,12.242,5.083,13.255
1436,47.867,595.88,367.42,10.376,3.546,10.966
1437,47.9,596.21,367.24,8.545,1.879,8.749
1438,47.933,596.3,367.26,7.02,1.941,7.284
1439,47.967,595.94,367.03,5.631,1.088,5.735
1440,48.0,596.16,367.04,4.489,0.187,4.493
1441,48.033,596.01,366.26,4.488,0.641,4.534
1442,48.067,596.97,366.81,3.314,-0.132,3.316
1443,48.1,596.71,366.61,1.289,-1.393,1.898
1444,48.133,597.29,367.06,0.416,-2.177,2.216
1445,48.167,597.1,366.98,-0.436,-2.685,2.72
1446,48.2,597.59,367.98,-0.931,-2.932,3.076
1447,48.233,597.36,367.83,-1.02,-2.803,2.983
1448,48.267,597.44,368.02,-1.182,-2.899,3.131
1449,48.3,596.83,366.8,-1.78,-3.317,3.764
1450,48.333,596.42,366.35,-1.371,-2.837,3.151
1451,48.367,596.5,366.43,-1.555,-2.759,3.167
1452,48.4,596.62,366.27,-1.894,-3.213,3.729
1453,48.433,596.64,366.01,-2.07,-2.923,3.582
1454,48.467,596.37,365.84,-2.173,-2.66,3.435
1455,48.5,596.14,365.62,-1.957,-2.435,3.124
1456,48.533,595.58,364.98,-1.801,-2.73,3.271
1457,48.567,596.21,365.55,-1.075,-2.112,2.37
1458,48.6,597.32,367.1,-0.233,-1.196,1.219
1459,48.633,596.62,366.19,1.112,0.243,1.138
1460,48.667,596.76,366.26,2.442,1.635,2.939
1461,48.7,596.71,366.2,4.229,3.71,5.625
1462,48.733,596.53,365.86,5.541,4.968,7.442
1463,48.767,597.08,366.64,6.723,5.842,8.907
1464,48.8,597.44,367.21,7.606,6.179,9.799
1465,48.833,595.92,365.58,8.557,6.744,10.896
1466,48.867,597.07,366.35,9.36,7.077,11.735
1467,48.9,597.77,367.63,10.019,7.123,12.293
1468,48.933,597.8,366.59,10.172,6.725,12.194
1469,48.967,598.22,366.71,10.171,6.316,11.972
1470,49.0,598.83,367.24,10.103,5.726,11.612
1471,49.033,600.06,369.08,9.737,5.083,10.984
1472,49.067,600.59,369.22,9.592,4.962,10.799
1473,49.1,600.68,369.2,8.733,4.53,9.838
1474,49.133,600.81,369.15,6.857,3.208,7.57
1475,49.167,600.9,369.44,4.748,2.013,5.157
1476,49.2,600.28,368.19,2.413,0.756,2.529
1477,49.233,600.56,368.37,-0.445,-1.1,1.187
1478,49.267,600.63,368.45,-2.711,-1.859,3.287
1479,49.3,600.56,368.3,-4.922,-3.365,5.962
1480,49.333,600.29,367.89,-6.884,-4.364,8.151
1481,49.367,600.4,367.96,-7.782,-5.286,9.408
1482,49.4,599.95,367.64,-8.707,-6.117,10.641
1483,49.433,600.08,367.92,-9.289,-7.254,11.786
1484,49.467,599.41,367.48,-9.064,-8.136,12.18
1485,49.5,598.62,367.37,-8.59,-9.326,12.679
1486,49.533,598.3,367.19,-7.712,-10.601,13.109
1487,49.567,597.35,366.35,-7.078,-12.723,14.559
1488,49.6,597.22,366.08,-6.538,-14.988,16.352
1489,49.633,597.07,365.55,-5.942,-17.422,18.407
1490,49.667,597.29,365.18,-5.224,-19.888,20.563
1491,49.7,597.12,364.44,-4.653,-22.331,22.811
1492,49.733,598.3,365.32,-3.615,-23.96,24.231
1493,49.767,597.73,362.96,-2.848,-25.381,25.54
1494,49.8,597.54,363.09,-2.226,-26.316,26.41
1495,49.833,596.99,360.19,-1.775,-26.638,26.697
1496,49.867,597.09,360.57,-1.357,-26.239,26.274
1497,49.9,597.4,359.08,-0.929,-25.211,25.228
1498,49.933,597.23,357.19,-0.768,-23.457,23.47
1499,49.967,596.63,356.37,-0.91,-21.298,21.318
1500,50.0,596.88,356.36,-1.693,-18.463,18.54
1501,50.033,596.54,355.87,-2.173,-15.772,15.921
1502,50.067,596.56,355.43,-2.618,-12.554,12.824
1503,50.1,596.62,354.98,-2.661,-7.875,8.312
1504,50.133,596.65,354.98,-3.04,-4.703,5.6
1505,50.167,596.34,355.11,-3.463,-0.85,3.565
1506,50.2,596.48,354.94,-4.217,1.475,4.467
1507,50.233,596.01,355.04,-4.761,3.492,5.904
1508,50.267,596.16,355.56,-5.036,5.076,7.15
1509,50.3,596.1,355.76,-5.629,6.534,8.625
1510,50.333,596.1,355.99,-6.757,6.724,9.533
1511,50.367,595.93,356.45,-8.894,6.257,10.874
1512,50.4,594.93,356.66,-10.879,5.06,11.998
1513,50.433,594.78,356.96,-12.079,5.018,13.08
1514,50.467,593.9,357.1,-13.908,3.998,14.471
1515,50.5,594.6,357.0,-14.942,3.334,15.309
1516,50.533,593.74,358.23,-15.344,2.769,15.592
1517,50.567,592.9,357.82,-15.198,2.322,15.374
1518,50.6,591.93,354.95,-14.566,2.138,14.722
1519,50.633,591.97,357.51,-13.52,2.384,13.729
1520,50.667,591.69,355.55,-12.048,2.809,12.371
1521,50.7,591.84,357.89,-10.299,3.122,10.761
1522,50.733,591.39,358.43,-8.405,3.79,9.22
1523,50.767,588.6,356.55,-6.172,4.595,7.695
1524,50.8,588.1,356.56,-4.065,5.187,6.59
1525,50.833,588.09,356.52,-2.163,5.623,6.024
1526,50.867,590.54,359.06,-0.32,6.16,6.169
1527,50.9,590.86,359.33,1.389,6.619,6.764
1528,50.933,589.31,356.68,3.178,6.827,7.53
1529,50.967,591.34,359.52,4.801,6.838,8.355
1530,51.0,591.52,359.67,6.464,6.731,9.332
1531,51.033,591.15,359.53,7.103,6.472,9.609
1532,51.067,591.44,359.78,7.514,5.396,9.251
1533,51.1,591.54,359.82,7.714,4.222,8.793
1534,51.133,591.62,359.63,7.69,4.429,8.874
1535,51.167,591.43,359.5,7.454,3.541,8.252
1536,51.2,591.78,359.9,7.377,4.092,8.436
1537,51.233,591.86,359.68,6.38,3.438,7.248
1538,51.267,591.97,359.65,3.77,1.553,4.077
1539,51.3,592.35,359.9,2.665,0.941,2.826
1540,51.333,592.97,360.38,1.968,0.651,2.073
1541,51.367,592.98,360.28,2.485,1.56,2.934
1542,51.4,592.88,360.1,1.489,1.045,1.819
1543,51.433,593.06,360.39,0.043,-0.012,0.045
1544,51.467,592.79,360.41,-0.94,0.197,0.96
1545,51.5,592.61,360.27,-2.569,-0.83,2.7
1546,51.533,592.85,360.44,-4.784,-2.646,5.467
1547,51.567,592.68,360.4,-6.517,-3.944,7.617
1548,51.6,592.54,360.17,-7.965,-5.163,9.492
1549,51.633,592.85,360.08,-9.148,-6.145,11.02
1550,51.667,592.11,359.97,-9.542,-6.682,11.649
1551,51.7,590.25,358.73,-9.384,-6.85,11.618
1552,51.733,589.7,358.57,-8.909,-7.004,11.333
1553,51.767,591.79,360.07,-8.282,-6.809,10.721
1554,51.8,590.87,359.36,-6.542,-5.664,8.653
1555,51.833,590.8,359.26,-4.645,-3.895,6.062
1556,51.867,588.45,357.12,-3.104,-2.04,3.714
1557,51.9,588.73,357.1,-1.819,-0.364,1.855
1558,51.933,588.61,357.07,-0.566,0.452,0.724
1559,51.967,589.22,357.03,-0.143,0.449,0.471
1560,52.0,588.87,357.08,-0.9,-0.887,1.264
1561,52.033,590.16,358.76,-0.941,-1.804,2.035
1562,52.067,590.29,358.4,-1.979,-3.405,3.938
1563,52.1,590.36,358.53,-3.938,-5.6,6.846
1564,52.133,590.74,358.52,-6.798,-8.429,10.829
1565,52.167,589.96,358.34,-10.363,-12.382,16.146
1566,52.2,589.79,358.31,-13.171,-14.852,19.85
1567,52.233,589.52,358.5,-15.192,-16.635,22.529
1568,52.267,589.87,358.67,-16.394,-17.574,24.033
1569,52.3,587.72,357.1,-18.636,-19.199,26.756
1570,52.333,586.51,355.06,-20.047,-20.027,28.336
1571,52.367,585.54,352.91,-22.284,-22.266,31.501
1572,52.4,584.57,351.17,-23.565,-21.965,32.214
1573,52.433,582.85,350.96,-24.698,-19.328,31.362
1574,52.467,582.27,350.43,-25.103,-15.699,29.607
1575,52.5,583.38,351.79,-25.184,-11.351,27.623
1576,52.533,580.3,349.8,-24.712,-8.215,26.042
1577,52.567,579.92,349.61,-24.083,-4.844,24.565
1578,52.6,580.1,349.71,-23.355,-1.023,23.378
1579,52.633,580.83,350.69,-22.382,2.885,22.567
1580,52.667,581.11,353.78,-21.273,8.333,22.847
1581,52.7,579.19,351.63,-19.723,10.753,22.464
1582,52.733,578.59,352.2,-18.387,13.909,23.055
1583,52.767,577.07,351.74,-17.178,15.27,22.984
1584,52.8,576.28,352.58,-16.665,15.618,22.84
1585,52.833,573.82,352.27,-15.657,15.426,21.98
1586,52.867,574.14,357.1,-14.573,14.401,20.488
1587,52.9,574.13,356.96,-13.028,15.786,20.468
1588,52.933,574.23,354.61,-11.111,15.959,19.446
1589,52.967,573.8,354.16,-8.612,17.987,19.942
1590,53.0,573.52,353.93,-6.326,21.382,22.298
1591,53.033,573.96,358.53,-5.181,23.98,24.534
1592,53.067,573.48,358.67,-2.388,26.335,26.443
1593,53.1,573.9,359.63,0.594,29.892,29.898
1594,53.133,574.03,360.61,2.618,35.927,36.022
1595,53.167,573.65,357.2,3.913,41.295,41.48
1596,53.2,573.42,363.66,4.227,45.212,45.409
1597,53.233,573.86,362.46,4.233,51.426,51.6
1598,53.267,574.04,365.8,3.098,59.013,59.094
1599,53.3,574.35,367.5,2.657,68.648,68.699
1600,53.333,574.6,370.02,2.39,78.997,79.033
1601,53.367,575.29,375.07,3.516,89.291,89.36
1602,53.4,574.93,374.06,5.651,96.399,96.565
1603,53.433,574.5,381.61,7.633,102.38,102.664
1604,53.467,574.43,382.37,9.314,107.385,107.788
1605,53.5,575.24,383.82,10.791,113.398,113.91
1606,53.533,576.11,387.69,12.372,119.699,120.337
1607,53.567,575.2,395.28,12.981,123.1,123.783
1608,53.6,574.8,399.92,12.793,125.773,126.422
1609,53.633,576.2,401.26,11.752,127.751,128.291
1610,53.667,576.2,408.31,9.764,127.274,127.648
1611,53.7,576.4,415.21,7.301,129.546,129.751
1612,53.733,577.52,419.54,4.618,128.242,128.325
1613,53.767,579.99,422.92,1.275,127.153,127.16
1614,53.8,580.02,424.76,-2.091,125.322,125.34
1615,53.833,580.49,426.75,-5.484,123.905,124.026
1616,53.867,580.5,430.88,-8.311,123.344,123.623
1617,53.9,578.14,435.49,-10.435,120.847,121.297
1618,53.933,577.57,439.52,-11.812,120.783,121.359
1619,53.967,576.79,446.72,-11.587,117.53,118.1
1620,54.0,576.07,448.91,-9.771,115.539,115.951
1621,54.033,574.23,452.16,-7.588,115.724,115.973
1622,54.067,573.55,456.51,-4.762,116.074,116.172
1623,54.1,573.64,459.88,-1.407,114.55,114.559
1624,54.133,573.26,462.03,2.053,111.726,111.745
1625,54.167,573.6,468.3,4.912,109.426,109.536
1626,54.2,574.07,469.5,7.721,105.116,105.399
1627,54.233,574.61,474.25,10.469,98.938,99.49
1628,54.267,576.16,479.2,12.599,91.37,92.235
1629,54.3,577.34,482.77,13.355,83.264,84.328
1630,54.333,579.06,485.54,12.963,75.398,76.505
1631,54.367,580.02,486.26,10.903,68.142,69.009
1632,54.4,580.12,489.61,7.472,61.601,62.053
1633,54.433,581.14,490.11,4.043,55.899,56.045
1634,54.467,580.54,493.96,-0.229,50.919,50.92
1635,54.5,579.05,495.05,-4.891,44.557,44.825
1636,54.533,578.57,494.0,-9.708,39.614,40.786
1637,54.567,576.4,494.82,-13.871,35.39,38.011
1638,54.6,575.65,495.33,-17.019,32.173,36.397
1639,54.633,575.72,496.57,-19.274,30.027,35.68
1640,54.667,575.5,498.24,-20.187,28.949,35.292
1641,54.7,575.29,500.17,-19.996,27.704,34.167
1642,54.733,574.96,500.76,-18.35,28.576,33.961
1643,54.767,574.6,502.13,-14.596,29.923,33.293
1644,54.8,573.28,502.77,-10.167,31.324,32.933
1645,54.833,572.93,504.17,-4.803,32.608,32.959
1646,54.867,573.05,506.39,0.45,34.512,34.515
1647,54.9,572.8,507.39,5.493,37.563,37.963
1648,54.933,572.46,507.61,10.325,39.325,40.657
1649,54.967,572.97,508.64,14.103,42.06,44.361
1650,55.0,573.42,510.57,17.247,42.979,46.31
1651,55.033,574.09,511.45,19.696,43.586,47.83
1652,55.067,575.46,513.61,21.023,44.92,49.596
1653,55.1,576.22,514.21,22.196,47.635,52.552
1654,55.133,577.19,515.44,23.436,52.429,57.428
1655,55.167,578.37,518.86,23.398,57.811,62.367
1656,55.2,580.08,521.03,22.076,64.921,68.572
1657,55.233,581.34,523.4,19.695,72.1,74.742
1658,55.267,580.88,525.96,15.524,78.623,80.141
1659,55.3,581.73,528.2,10.883,86.266,86.95
1660,55.333,581.48,531.3,5.783,94.336,94.513
1661,55.367,581.69,532.87,1.365,101.389,101.398
1662,55.4,581.63,534.94,-2.764,108.475,108.51
1663,55.433,581.44,539.66,-6.034,113.704,113.864
1664,55.467,581.0,542.65,-8.085,121.396,121.665
1665,55.5,580.22,548.23,-8.937,128.43,128.741
1666,55.533,580.21,553.55,-8.49,132.389,132.661
1667,55.567,580.12,560.29,-7.14,135.702,135.889
1668,55.6,579.95,564.94,-5.502,137.852,137.962
1669,55.633,577.92,568.26,-3.143,139.688,139.723
1670,55.667,577.49,573.97,-0.275,141.806,141.807
1671,55.7,577.4,576.17,2.927,142.474,142.504
1672,55.733,576.99,580.35,5.616,141.786,141.897
1673,55.767,578.98,587.66,7.35,139.453,139.647
1674,55.8,579.09,590.36,8.839,135.671,135.959
1675,55.833,581.29,594.34,8.846,130.665,130.964
1676,55.867,581.25,600.7,8.015,123.745,124.004
1677,55.9,581.96,603.31,6.275,116.288,116.457
1678,55.933,582.34,610.81,3.449,109.411,109.465
1679,55.967,582.59,609.19,-0.171,102.506,102.507
1680,56.0,582.22,611.62,-3.648,96.775,96.843
1681,56.033,581.49,618.59,-6.673,91.017,91.261
1682,56.067,581.19,622.14,-9.388,85.049,85.566
1683,56.1,581.3,625.25,-11.578,78.195,79.047
1684,56.133,580.76,627.94,-13.617,70.886,72.182
1685,56.167,580.0,628.46,-14.109,63.943,65.481
1686,56.2,578.62,629.4,-13.555,56.319,57.927
1687,56.233,577.41,630.57,-11.887,50.219,51.607
1688,56.267,576.58,632.04,-8.906,44.772,45.649
1689,56.3,575.57,632.95,-6.079,38.592,39.067
1690,56.333,575.85,633.92,-2.496,33.128,33.222
1691,56.367,576.06,636.21,0.318,28.077,28.079
1692,56.4,576.26,638.58,3.256,22.337,22.573
1693,56.433,577.55,639.75,5.633,17.486,18.371
1694,56.467,579.12,640.15,7.248,11.208,13.347
1695,56.5,579.51,639.98,8.201,7.849,11.352
1696,56.533,579.94,639.81,8.87,6.32,10.891
1697,56.567,580.11,639.96,9.063,4.065,9.933
1698,56.6,579.75,639.38,8.696,1.399,8.808
1699,56.633,580.19,639.35,7.441,-1.067,7.517
1700,56.667,580.12,639.34,5.706,-3.889,6.905
1701,56.7,580.16,639.35,3.547,-5.928,6.908
1702,56.733,579.87,638.52,1.41,-6.723,6.87
1703,56.767,579.61,638.29,-0.324,-6.326,6.335
1704,56.8,579.78,637.22,-1.544,-6.097,6.289
1705,56.833,579.4,637.41,-2.066,-5.237,5.629
1706,56.867,579.48,637.84,-2.341,-3.884,4.535
1707,56.9,579.22,638.02,-2.36,-3.212,3.986
1708,56.933,579.28,638.57,-2.109,-3.169,3.806
1709,56.967,579.75,638.45,-1.748,-3.689,4.082
1710,57.0,579.84,638.4,-1.7,-4.351,4.672
1711,57.033,579.35,637.94,-1.542,-5.151,5.377
1712,57.067,579.56,637.31,-1.359,-6.196,6.343
1713,57.1,579.58,638.12,-1.285,-6.872,6.991
1714,57.133,579.74,637.51,-1.128,-7.487,7.571
1715,57.167,579.54,637.81,-1.283,-7.836,7.94
1716,57.2,579.51,637.92,-1.275,-7.94,8.042
1717,57.233,579.6,636.72,-1.243,-8.65,8.739
1718,57.267,579.29,634.84,-0.681,-8.274,8.302
1719,57.3,578.81,635.3,0.601,-7.146,7.171
1720,57.333,578.65,634.77,1.998,-5.245,5.613
1721,57.367,578.62,634.47,3.532,-2.661,4.423
1722,57.4,578.92,635.22,4.699,0.131,4.701
1723,57.433,579.68,635.15,5.659,3.421,6.613
1724,57.467,579.77,635.49,6.283,6.733,9.209
1725,57.5,579.93,635.44,6.258,10.198,11.965
1726,57.533,579.96,635.99,5.841,13.757,14.946
1727,57.567,579.87,637.19,5.471,17.185,18.035
1728,57.6,580.17,636.85,4.804,20.43,20.987
1729,57.633,580.79,637.98,4.059,22.821,23.179
1730,57.667,581.66,638.44,3.14,24.929,25.125
1731,57.7,582.07,638.88,2.439,26.443,26.556
1732,57.733,582.69,641.48,1.548,26.811,26.856
1733,57.767,582.47,641.83,0.417,25.684,25.687
1734,57.8,581.42,642.22,-0.35,25.555,25.557
1735,57.833,580.65,643.73,-0.809,25.176,25.189
1736,57.867,580.05,644.46,-0.665,26.294,26.303
1737,57.9,579.98,645.75,-0.323,27.123,27.125
1738,57.933,579.99,646.35,-0.119,26.608,26.608
1739,57.967,580.11,647.04,-0.186,25.569,25.57
1740,58.0,580.53,647.61,-0.047,24.048,24.048
1741,58.033,580.84,647.73,-0.06,22.141,22.141
1742,58.067,580.99,648.37,0.065,20.113,20.113
1743,58.1,581.36,649.34,0.376,17.538,17.542
1744,58.133,581.47,650.03,0.942,15.615,15.644
1745,58.167,581.62,650.54,1.339,13.539,13.605
1746,58.2,581.21,650.36,1.328,11.704,11.779
1747,58.233,581.49,651.0,1.114,10.621,10.679
1748,58.267,581.91,654.46,0.29,8.68,8.685
1749,58.3,581.49,654.48,-0.743,7.103,7.141
1750,58.333,581.49,654.84,-1.588,6.017,6.223
1751,58.367,580.57,651.5,-2.074,4.9,5.321
1752,58.4,580.3,650.95,-2.274,3.988,4.591
1753,58.433,580.56,651.77,-2.238,3.138,3.855
1754,58.467,580.64,652.02,-1.996,2.559,3.246
1755,58.5,580.24,652.1,-1.724,2.417,2.969
1756,58.533,580.57,652.86,-1.42,2.483,2.861
1757,58.567,580.58,652.97,-1.212,2.973,3.211
1758,58.6,580.82,653.42,-0.898,3.41,3.526
1759,58.633,580.58,653.15,-0.86,3.808,3.904
1760,58.667,580.74,653.4,-0.607,3.582,3.633
1761,58.7,580.89,653.73,-0.306,3.327,3.341
1762,58.733,580.71,653.28,0.057,2.913,2.913
1763,58.767,580.79,653.84,0.269,2.437,2.451
1764,58.8,580.6,653.95,-0.5,0.462,0.681
1765,58.833,580.58,654.04,-1.23,-1.596,2.015
1766,58.867,580.27,654.09,-1.966,-4.497,4.908
1767,58.9,580.26,654.31,-2.751,-5.794,6.414
1768,58.933,580.04,654.11,-3.539,-7.043,7.882
1769,58.967,579.84,653.9,-4.738,-8.397,9.642
1770,59.0,579.99,652.93,-5.555,-9.349,10.875
1771,59.033,579.83,652.2,-6.382,-10.689,12.449
1772,59.067,579.95,651.31,-7.073,-12.648,14.492
1773,59.1,579.73,650.85,-7.183,-14.682,16.346
1774,59.133,580.02,649.75,-7.398,-16.611,18.184
1775,59.167,579.33,650.04,-7.663,-17.942,19.51
1776,59.2,578.53,649.32,-6.75,-19.078,20.237
1777,59.233,578.1,649.9,-6.27,-19.806,20.775
1778,59.267,577.26,649.92,-6.076,-20.217,21.111
1779,59.3,577.94,649.24,-6.55,-21.4,22.38
1780,59.333,577.44,647.75,-7.465,-21.94,23.175
1781,59.367,576.44,647.05,-8.127,-22.096,23.543
1782,59.4,576.62,645.3,-8.471,-22.311,23.865
1783,59.433,576.59,645.05,-8.949,-22.588,24.296
1784,59.467,577.24,643.98,-9.337,-22.751,24.592
1785,59.5,576.4,641.96,-9.49,-22.697,24.601
1786,59.533,577.04,641.84,-9.561,-21.994,23.982
1787,59.567,576.9,641.94,-9.52,-20.727,22.808
1788,59.6,575.83,641.9,-9.273,-18.736,20.906
1789,59.633,575.73,641.29,-9.01,-16.852,19.109
1790,59.667,576.19,640.34,-8.894,-13.594,16.245
1791,59.7,573.12,639.78,-8.541,-10.579,13.597
1792,59.733,572.71,638.46,-7.746,-7.059,10.48
1793,59.767,572.4,638.12,-6.778,-4.232,7.991
1794,59.8,572.96,639.69,-5.393,-1.852,5.702
1795,59.833,573.86,638.94,-4.513,0.081,4.514
1796,59.867,573.35,638.48,-3.63,1.904,4.099
1797,59.9,572.9,639.01,-2.39,3.118,3.929
1798,59.933,573.19,639.46,-1.173,4.754,4.897
1799,59.967,573.45,639.95,0.203,5.549,5.553
1800,60.0,573.56,640.21,1.278,6.166,6.297
1801,60.033,573.63,640.3,2.463,6.819,7.25
1802,60.067,573.94,640.38,2.99,7.516,8.089
1803,60.1,573.65,640.28,2.882,7.788,8.305
1804,60.133,573.93,641.71,2.687,7.337,7.813
1805,60.167,573.86,640.7,1.741,6.428,6.659
1806,60.2,573.78,641.33,-0.4,5.154,5.17
1807,60.233,573.41,641.08,-1.679,3.955,4.297
1808,60.267,573.24,641.62,-3.058,3.022,4.3
1809,60.3,573.07,641.51,-4.106,2.591,4.855
1810,60.333,573.27,641.57,-4.872,1.498,5.097
1811,60.367,573.48,641.66,-5.74,1.214,5.867
1812,60.4,573.81,642.07,-5.72,1.007,5.808
1813,60.433,573.92,641.32,-4.6,1.117,4.734
1814,60.467,573.59,641.68,-3.215,0.731,3.297
1815,60.5,572.99,641.42,-1.483,-0.177,1.494
1816,60.533,572.64,642.25,0.205,-0.965,0.987
1817,60.567,572.13,641.46,1.776,-2.328,2.928
1818,60.6,571.92,640.9,2.523,-3.914,4.657
1819,60.633,571.51,640.79,3.396,-6.513,7.345
1820,60.667,571.71,640.67,5.718,-9.628,11.198
1821,60.7,572.3,641.1,9.051,-12.317,15.285
1822,60.733,572.98,640.57,12.987,-15.664,20.347
1823,60.767,574.43,640.9,18.412,-19.893,27.106
1824,60.8,575.67,640.27,23.396,-23.517,33.172
1825,60.833,576.46,639.8,29.488,-25.36,38.893
1826,60.867,577.6,638.01,35.418,-27.33,44.737
1827,60.9,578.0,637.57,40.027,-28.562,49.173
1828,60.933,577.86,635.43,41.88,-28.69,50.765
1829,60.967,578.62,634.66,40.981,-26.922,49.033
1830,61.0,579.07,633.85,39.017,-25.052,46.367
1831,61.033,580.5,631.54,35.592,-22.61,42.167
1832,61.067,582.45,630.67,31.302,-20.701,37.528
1833,61.1,586.44,629.19,26.249,-17.922,31.784
1834,61.133,590.09,630.21,20.915,-15.085,25.788
1835,61.167,590.31,628.92,16.384,-12.392,20.543
1836,61.2,590.85,628.06,11.709,-9.173,14.874
1837,61.233,591.61,628.48,7.568,-6.401,9.912
1838,61.267,589.65,631.53,3.947,-3.732,5.432
1839,61.3,590.73,631.66,0.92,-2.085,2.279
1840,61.333,587.44,629.5,-1.528,-0.701,1.681
1841,61.367,584.57,631.26,-3.988,0.442,4.012
1842,61.4,582.84,631.76,-6.34,1.394,6.492
1843,61.433,583.83,630.86,-7.79,1.367,7.909
1844,61.467,585.83,628.7,-8.078,0.994,8.139
1845,61.5,585.2,628.79,-7.437,-0.154,7.438
1846,61.533,586.16,628.4,-5.861,-1.833,6.141
1847,61.567,586.39,629.09,-3.001,-3.469,4.587
1848,61.6,587.38,628.19,0.035,-4.662,4.662
1849,61.633,588.01,628.85,2.12,-4.772,5.222
1850,61.667,587.05,629.81,2.956,-5.45,6.2
1851,61.7,588.11,629.11,3.607,-5.243,6.364
1852,61.733,587.98,629.3,3.767,-3.85,5.386
1853,61.767,588.08,629.3,2.569,-2.145,3.347
1854,61.8,587.14,630.08,1.718,-2.185,2.78
1855,61.833,585.87,629.77,-0.8,-1.845,2.011
1856,61.867,586.27,628.47,-2.486,0.335,2.509
1857,61.9,586.41,627.93,-3.333,1.519,3.663
1858,61.933,585.77,627.6,-3.214,2.454,4.044
1859,61.967,585.53,627.88,-3.21,4.207,5.292
1860,62.0,585.41,628.31,-3.895,7.441,8.398
1861,62.033,586.19,628.53,-4.257,11.232,12.012
1862,62.067,585.53,629.99,-4.887,15.448,16.202
1863,62.1,586.52,630.15,-5.194,19.266,19.954
1864,62.133,587.13,630.04,-5.713,23.17,23.864
1865,62.167,586.91,631.16,-6.47,26.614,27.389
1866,62.2,586.55,631.91,-6.559,28.799,29.537
1867,62.233,585.74,632.27,-7.075,31.459,32.245
1868,62.267,585.73,633.58,-7.382,32.388,33.219
1869,62.3,584.54,636.49,-7.852,32.11,33.056
1870,62.333,584.22,637.35,-8.615,30.42,31.616
1871,62.367,583.06,637.51,-8.561,26.995,28.32
1872,62.4,582.82,639.77,-8.32,23.446,24.878
1873,62.433,582.62,641.28,-7.903,20.701,22.158
1874,62.467,582.62,641.54,-7.115,17.422,18.819
1875,62.5,582.46,641.73,-5.972,13.536,14.795
1876,62.533,582.84,641.45,-4.472,9.445,10.45
1877,62.567,583.26,641.36,-2.955,4.918,5.738
1878,62.6,583.15,641.36,-1.151,1.605,1.975
1879,62.633,583.17,641.66,0.162,-1.133,1.144
1880,62.667,583.25,641.27,0.957,-3.237,3.376
1881,62.7,583.05,641.54,1.372,-5.643,5.808
1882,62.733,583.03,638.94,1.469,-6.165,6.338
1883,62.767,582.38,639.75,1.419,-6.64,6.79
1884,62.8,581.94,639.88,1.001,-6.013,6.096
1885,62.833,583.17,639.44,0.671,-4.426,4.477
1886,62.867,583.19,641.03,0.314,-2.621,2.639
1887,62.9,583.0,641.18,0.014,-0.207,0.207
1888,62.933,582.79,638.74,-0.119,1.787,1.791
1889,62.967,583.02,639.08,-0.092,3.326,3.327
1890,63.0,583.13,639.84,-0.039,4.34,4.341
1891,63.033,583.19,640.31,0.323,4.631,4.642
1892,63.067,582.72,642.56,0.481,4.493,4.519
1893,63.1,582.92,640.09,0.466,3.874,3.902
1894,63.133,583.0,639.66,0.292,1.589,1.616
1895,63.167,582.88,639.99,-0.745,-0.929,1.191
1896,63.2,582.94,642.05,-2.955,-3.846,4.85
1897,63.233,582.91,639.94,-5.308,-7.591,9.263
1898,63.267,583.03,642.5,-7.312,-10.001,12.389
1899,63.3,582.77,642.61,-7.792,-11.994,14.303
1900,63.333,582.79,640.11,-6.443,-13.592,15.042
1901,63.367,582.33,639.91,-3.913,-13.484,14.041
1902,63.4,582.85,639.53,-0.465,-13.139,13.147
1903,63.433,582.67,638.59,3.712,-12.938,13.46
1904,63.467,582.49,637.18,8.633,-10.846,13.862
1905,63.5,582.45,636.36,13.69,-8.442,16.084
1906,63.533,581.93,635.82,18.244,-5.912,19.178
1907,63.567,581.83,635.09,22.395,-3.152,22.616
1908,63.6,581.37,634.27,26.401,-1.164,26.427
1909,63.633,581.29,636.54,29.814,1.896,29.874
1910,63.667,583.05,636.05,32.372,5.856,32.897
1911,63.7,586.66,636.75,34.05,9.245,35.283
1912,63.733,589.77,638.34,34.621,11.486,36.476
1913,63.767,592.68,639.48,34.253,13.834,36.941
1914,63.8,594.28,639.95,33.321,14.812,36.465
1915,63.833,595.12,641.23,31.319,13.971,34.294
1916,63.867,594.76,640.29,28.199,13.193,31.133
1917,63.9,595.02,639.51,24.263,11.332,26.778
1918,63.933,595.31,640.33,19.606,9.371,21.73
1919,63.967,594.97,639.96,14.883,6.778,16.354
1920,64.0,594.73,640.65,9.974,4.884,11.106
1921,64.033,595.45,641.24,4.971,2.72,5.667
1922,64.067,595.67,641.6,0.634,0.584,0.862
1923,64.1,595.55,641.29,-2.802,-0.989,2.972
1924,64.133,595.31,641.46,-4.615,-1.262,4.784
1925,64.167,595.34,640.12,-4.633,-2.291,5.169
1926,64.2,595.43,640.83,-3.7,-2.984,4.753
1927,64.233,595.77,640.25,-2.552,-2.245,3.399
1928,64.267,595.85,640.96,-1.323,-1.395,1.923
1929,64.3,594.65,639.59,-0.889,-0.469,1.005
1930,64.333,594.73,640.5,-0.933,0.297,0.979
1931,64.367,594.98,640.57,-1.339,-0.09,1.342
1932,64.4,595.66,641.43,-1.088,-0.333,1.138
1933,64.433,595.58,640.25,-1.021,-0.089,1.025
1934,64.467,594.91,640.79,-1.094,-0.5,1.203
1935,64.5,594.84,639.36,-1.236,-0.942,1.554
1936,64.533,595.12,639.84,-1.093,-1.876,2.171
1937,64.567,595.11,640.21,-1.558,-3.168,3.53
1938,64.6,595.04,640.4,-2.224,-5.424,5.862
1939,64.633,594.7,639.77,-3.01,-7.751,8.315
1940,64.667,594.59,640.44,-3.473,-10.353,10.92
1941,64.7,595.09,641.99,-1.466,-5.201,5.404
1942,64.733,594.9,640.16,-0.477,-4.21,4.237
1943,64.767,594.25,639.21,-0.796,-6.034,6.086
1944,64.8,594.49,637.78,-2.016,-10.396,10.59
1945,64.833,594.55,636.79,-2.914,-15.783,16.05
1946,64.867,594.69,636.66,-4.037,-22.721,23.077
1947,64.9,593.57,635.98,-5.633,-29.578,30.11
1948,64.933,593.45,634.72,-7.505,-37.148,37.899
1949,64.967,593.06,634.23,-9.782,-43.755,44.835
1950,65.0,593.24,633.71,-14.624,-56.935,58.783
1951,65.033,592.8,633.18,-17.793,-64.305,66.721
1952,65.067,593.35,632.19,-19.64,-67.398,70.201
1953,65.1,593.56,632.74,-19.684,-66.594,69.442
1954,65.133,594.12,632.42,-18.189,-62.449,65.044
1955,65.167,594.07,632.25,-15.857,-55.949,58.153
1956,65.2,587.73,612.43,-12.873,-48.249,49.937
1957,65.233,587.31,612.22,-9.886,-40.178,41.376
1958,65.267,587.55,612.18,-7.149,-30.861,31.679
1959,65.3,587.56,611.74,-5.305,-21.641,22.282
1960,65.333,586.73,611.8,-4.488,-10.739,11.639
1961,65.367,586.13,612.33,-4.642,0.401,4.659
1962,65.4,586.11,611.01,-5.494,10.601,11.94
1963,65.433,585.15,611.07,-6.118,19.698,20.627
1964,65.467,585.21,610.49,-6.47,27.56,28.31
1965,65.5,592.75,629.39,-6.662,33.968,34.615
1966,65.533,592.68,628.5,-6.493,38.211,38.759
1967,65.567,592.6,627.9,-6.281,39.805,40.297
1968,65.6,590.96,626.64,-6.056,38.994,39.462
1969,65.633,588.74,624.96,-5.91,34.743,35.242
1970,65.667,587.4,625.0,-6.345,26.462,27.212
1971,65.7,585.57,625.39,-7.791,14.032,16.05
1972,65.733,583.58,625.02,-6.279,8.393,10.482
1973,65.767,582.07,624.97,-4.648,2.553,5.303
1974,65.8,582.68,626.84,-3.114,-3.122,4.409
1975,65.833,583.35,624.76,-1.988,-7.68,7.933
1976,65.867,584.62,624.07,0.384,-11.001,11.008
1977,65.9,585.76,624.07,3.435,-13.308,13.744
1978,65.933,586.82,624.12,6.764,-12.998,14.652
1979,65.967,587.24,624.57,11.33,-8.988,14.462
1980,66.0,588.35,624.07,16.76,-1.729,16.848
1981,66.033,588.43,624.22,17.819,-2.034,17.934
1982,66.067,589.73,624.75,17.747,-2.53,17.927
1983,66.1,589.92,624.62,16.087,-3.165,16.396
1984,66.133,589.84,623.96,13.679,-3.507,14.122
1985,66.167,589.48,624.11,10.72,-2.842,11.09
1986,66.2,589.75,623.17,7.382,-1.961,7.638
1987,66.233,588.81,622.96,4.335,-0.721,4.395
1988,66.267,589.29,623.35,2.771,1.927,3.375
1989,66.3,589.69,623.79,1.119,2.742,2.961
1990,66.333,591.22,623.53,0.547,3.052,3.1
1991,66.367,590.22,623.38,-0.287,3.728,3.739
1992,66.4,590.13,624.13,-1.247,4.225,4.405
1993,66.433,590.5,624.86,-3.591,4.422,5.696
1994,66.467,589.98,623.01,-5.723,4.653,7.376
1995,66.5,589.24,623.81,-7.298,5.116,8.913
1996,66.533,590.17,624.49,-8.533,4.912,9.845
1997,66.567,589.69,625.1,-8.826,4.412,9.868
1998,66.6,589.57,625.57,-9.103,3.803,9.866
1999,66.633,589.05,626.16,-8.733,3.916,9.571
2000,66.667,589.29,626.29,-8.245,4.851,9.567
2001,66.7,589.04,626.66,-7.317,5.135,8.939
2002,66.733,588.47,625.98,-5.973,5.422,8.067
2003,66.767,586.01,622.67,-3.036,5.334,6.138
2004,66.8,587.55,625.95,0.022,4.292,4.292
2005,66.833,585.22,624.37,2.702,1.844,3.271
2006,66.867,585.56,624.39,5.06,-1.591,5.304
2007,66.9,585.25,624.97,7.314,-5.29,9.027
2008,66.933,588.44,625.57,8.692,-10.199,13.4
2009,66.967,589.09,625.49,9.487,-17.941,20.295
2010,67.0,589.79,624.02,9.378,-25.195,26.883
2011,67.033,590.2,625.38,8.796,-31.584,32.786
2012,67.067,590.14,625.83,7.31,-38.016,38.712
2013,67.1,590.41,625.23,5.521,-43.699,44.046
2014,67.133,589.89,622.58,2.841,-48.312,48.395
2015,67.167,590.59,619.06,-0.394,-51.896,51.897
2016,67.2,591.16,616.99,-4.607,-53.926,54.122
2017,67.233,591.08,614.27,-9.529,-54.655,55.479
2018,67.267,589.26,611.41,-15.111,-54.085,56.156
2019,67.3,588.56,608.82,-19.687,-50.53,54.23
2020,67.333,588.63,607.03,-21.826,-41.47,46.863
2021,67.367,586.43,605.41,-23.65,-32.14,39.904
2022,67.4,585.4,602.46,-25.678,-24.738,35.656
2023,67.433,585.21,600.71,-27.076,-18.632,32.868
2024,67.467,583.62,603.71,-29.238,-14.279,32.538
2025,67.5,583.43,604.74,-31.187,-11.486,33.235
2026,67.533,583.0,603.51,-32.471,-9.533,33.842
2027,67.567,581.66,604.83,-33.426,-10.41,35.009
2028,67.6,579.92,605.31,-34.224,-21.321,40.322
2029,67.633,579.0,605.61,-33.453,-23.247,40.737
2030,67.667,577.95,606.0,-32.951,-33.743,47.163
2031,67.7,577.23,605.63,-31.49,-41.562,52.144
2032,67.733,576.71,605.15,-28.183,-40.319,49.193
2033,67.767,577.15,605.64,-26.559,-47.484,54.406
2034,67.8,577.52,606.33,-22.454,-44.37,49.729
2035,67.833,569.97,591.51,-18.421,-41.963,45.828
2036,67.867,570.07,588.01,-16.773,-47.654,50.52
2037,67.9,570.35,587.87,-13.664,-49.31,51.168
2038,67.933,570.76,585.95,-8.822,-38.46,39.458
2039,67.967,570.93,584.46,-6.605,-35.001,35.619
2040,68.0,571.36,582.87,-4.114,-29.536,29.821
2041,68.033,570.82,581.16,-2.1,-22.388,22.486
2042,68.067,571.22,580.68,-0.554,-12.726,12.738
2043,68.1,573.01,600.6,0.822,-2.299,2.441
2044,68.133,571.36,580.46,2.113,8.517,8.775
2045,68.167,574.67,598.83,2.906,19.081,19.301
2046,68.2,574.48,599.46,3.604,28.315,28.543
2047,68.233,570.65,580.63,4.313,35.853,36.112
2048,68.267,574.14,599.91,4.902,40.873,41.166
2049,68.3,570.34,580.57,4.515,41.729,41.972
2050,68.333,569.81,580.32,2.561,37.04,37.128
2051,68.367,573.92,601.21,3.738,35.55,35.746
2052,68.4,572.73,601.73,4.791,33.941,34.278
2053,68.433,568.64,580.68,5.519,31.287,31.77
2054,68.467,572.69,601.28,6.232,28.041,28.725
2055,68.5,572.95,601.67,6.292,24.932,25.713
2056,68.533,573.3,602.73,5.805,22.923,23.646
2057,68.567,573.38,603.27,5.258,22.357,22.967
2058,68.6,573.47,603.61,4.481,23.867,24.284
2059,68.633,574.01,603.58,2.536,15.205,15.415
2060,68.667,574.99,603.07,1.24,16.166,16.213
2061,68.7,575.43,602.63,-1.676,8.418,8.583
2062,68.733,575.16,601.68,-5.274,-1.436,5.466
2063,68.767,574.46,600.72,-6.963,-2.249,7.317
2064,68.8,573.74,600.38,-10.356,-11.251,15.292
2065,68.833,573.34,600.97,-11.699,-10.281,15.574
2066,68.867,572.03,601.09,-11.95,-5.532,13.168
2067,68.9,571.48,601.04,-13.662,-8.497,16.089
2068,68.933,571.14,600.23,-14.591,-12.341,19.11
2069,68.967,569.72,600.89,-12.564,-4.177,13.24
2070,69.0,569.78,600.99,-11.433,-2.863,11.786
2071,69.033,569.53,600.4,-10.053,-1.331,10.141
2072,69.067,569.57,600.82,-8.39,-0.016,8.39
2073,69.1,569.41,600.26,-6.375,0.884,6.436
2074,69.133,569.61,600.93,-4.087,2.135,4.611
2075,69.167,569.7,600.33,-1.991,2.769,3.411
2076,69.2,569.33,600.91,-0.513,3.017,3.06
2077,69.233,569.75,600.62,0.254,3.371,3.381
2078,69.267,569.49,601.2,0.409,3.38,3.404
2079,69.3,569.79,600.55,0.467,3.728,3.757
2080,69.333,569.71,600.71,0.138,4.136,4.138
2081,69.367,569.71,601.28,-0.463,3.96,3.987
2082,69.4,569.79,600.92,-0.941,3.858,3.972
2083,69.433,569.74,601.34,-1.274,2.922,3.187
2084,69.467,569.4,602.03,-1.748,2.132,2.758
2085,69.5,569.15,601.97,-1.917,1.465,2.413
2086,69.533,569.3,602.2,-2.171,0.214,2.182
2087,69.567,569.17,602.26,-2.183,-1.091,2.44
2088,69.6,568.95,602.83,-2.053,-2.571,3.29
2089,69.633,568.7,601.24,-1.501,-4.458,4.704
2090,69.667,568.71,601.39,-1.102,-6.348,6.443
2091,69.7,568.66,601.55,-0.761,-7.92,7.956
2092,69.733,568.77,600.42,-0.224,-9.068,9.07
2093,69.767,569.17,600.85,0.156,-9.861,9.862
2094,69.8,568.85,600.29,0.546,-10.373,10.387
2095,69.833,569.25,599.86,0.959,-10.529,10.573
2096,69.867,569.14,599.82,1.514,-10.28,10.391
2097,69.9,569.3,598.46,1.864,-9.747,9.923
2098,69.933,568.85,599.17,1.899,-8.965,9.164
2099,69.967,568.74,599.13,1.846,-7.834,8.049
2100,70.0,569.22,597.49,1.762,-6.411,6.649
2101,70.033,569.57,597.52,1.303,-4.799,4.973
2102,70.067,569.63,597.54,0.782,-2.94,3.043
2103,70.1,569.63,596.97,0.31,-1.361,1.396
2104,70.133,569.09,598.38,-0.006,0.115,0.115
2105,70.167,569.29,598.18,0.092,1.843,1.845
2106,70.2,569.38,598.79,0.084,3.327,3.328
2107,70.233,569.47,598.11,0.186,4.375,4.379
2108,70.267,569.5,598.36,0.367,5.576,5.588
2109,70.3,569.84,597.86,0.469,6.088,6.106
2110,70.333,569.54,598.58,0.662,6.53,6.563
2111,70.367,569.04,598.82,0.623,6.871,6.899
2112,70.4,569.07,598.77,0.267,6.495,6.5
2113,70.433,569.24,599.88,-0.121,6.484,6.485
2114,70.467,569.0,600.25,-0.198,6.106,6.109
2115,70.5,568.91,600.03,-0.114,4.841,4.842
2116,70.533,569.79,600.41,-0.051,4.27,4.27
2117,70.567,569.85,600.07,-0.29,3.662,3.673
2118,70.6,569.92,600.7,-0.379,3.167,3.19
2119,70.633,569.9,599.92,-0.514,2.92,2.964
2120,70.667,569.32,600.4,-0.403,1.78,1.825
2121,70.7,569.55,600.38,-0.423,1.386,1.449
2122,70.733,569.5,600.4,-0.43,0.614,0.749
2123,70.767,569.31,600.46,-0.594,0.207,0.63
2124,70.8,568.94,600.76,-0.646,-0.059,0.649
2125,70.833,568.85,600.55,-0.797,0.322,0.859
2126,70.867,568.72,600.17,-0.967,0.684,1.185
2127,70.9,569.39,600.7,-0.797,0.631,1.016
2128,70.933,569.37,600.61,-0.509,0.755,0.911
2129,70.967,569.31,599.87,-0.214,0.799,0.827
2130,71.0,569.41,600.8,0.271,0.855,0.897
2131,71.033,569.21,600.58,0.925,0.958,1.332
2132,71.067,569.62,600.63,1.177,1.151,1.646
2133,71.1,569.24,600.41,1.506,1.483,2.114
2134,71.133,569.19,600.79,1.616,1.59,2.267
2135,71.167,569.18,601.87,1.506,2.06,2.552
2136,71.2,569.39,600.83,1.546,2.492,2.933
2137,71.233,569.4,601.07,1.404,2.93,3.249
2138,71.267,569.8,601.21,1.301,3.237,3.489
2139,71.3,569.73,601.07,1.283,3.395,3.63
2140,71.333,569.57,600.66,1.43,3.388,3.677
2141,71.367,569.88,600.33,1.778,3.633,4.045
2142,71.4,569.84,601.42,2.34,3.676,4.358
2143,71.433,569.84,602.02,2.654,2.844,3.891
2144,71.467,569.88,601.86,2.934,2.017,3.561
2145,71.5,569.98,601.78,3.17,1.325,3.436
2146,71.533,570.11,602.21,3.335,0.62,3.392
2147,71.567,570.33,601.89,3.495,0.374,3.515
2148,71.6,570.04,602.07,3.317,-0.002,3.317
2149,71.633,570.22,601.95,3.307,-0.449,3.338
2150,71.667,570.52,601.98,3.384,-1.653,3.766
2151,71.7,570.8,601.55,3.415,-3.504,4.892
2152,71.733,571.09,601.24,3.406,-5.464,6.439
2153,71.767,571.14,601.11,3.171,-7.997,8.603
2154,71.8,571.22,600.95,3.013,-11.87,12.247
2155,71.833,571.45,600.36,2.875,-16.031,16.287
2156,71.867,571.44,598.99,3.359,-20.303,20.579
2157,71.9,571.45,598.69,4.097,-24.329,24.672
2158,71.933,571.47,599.16,5.145,-28.144,28.611
2159,71.967,571.52,598.42,6.163,-32.121,32.707
2160,72.0,571.66,598.31,6.908,-35.13,35.803
2161,72.033,571.68,596.62,7.378,-37.918,38.629
2162,72.067,571.88,594.27,7.789,-41.336,42.063
2163,72.1,572.22,592.38,7.536,-44.17,44.808
2164,72.133,572.34,590.35,6.667,-47.21,47.679
2165,72.167,572.42,589.05,4.984,-50.069,50.316
2166,72.2,572.83,586.25,3.049,-53.049,53.137
2167,72.233,573.09,584.09,0.453,-55.637,55.638
2168,72.267,574.15,581.74,-2.912,-57.873,57.947
2169,72.3,574.24,581.48,-6.47,-59.149,59.501
2170,72.333,574.89,579.93,-9.214,-59.494,60.203
2171,72.367,574.26,578.86,-11.385,-59.635,60.712
2172,72.4,573.46,577.68,-13.18,-58.672,60.134
2173,72.433,572.32,575.14,-14.328,-57.016,58.788
2174,72.467,571.43,573.45,-14.964,-55.116,57.112
2175,72.5,570.83,569.77,-14.752,-53.409,55.409
2176,72.533,570.02,567.23,-13.961,-52.006,53.848
2177,72.567,568.36,566.18,-12.131,-50.756,52.185
2178,72.6,567.59,563.51,-9.345,-49.284,50.163
2179,72.633,567.52,562.12,-5.734,-47.976,48.318
2180,72.667,568.0,560.5,-1.282,-46.12,46.138
2181,72.7,567.5,559.74,3.802,-45.276,45.436
2182,72.733,568.19,558.83,9.218,-44.656,45.598
2183,72.767,569.87,558.43,15.047,-43.576,46.101
2184,72.8,571.5,556.64,20.265,-42.29,46.895
2185,72.833,571.34,554.43,25.008,-41.704,48.627
2186,72.867,571.47,554.05,28.524,-41.191,50.103
2187,72.9,572.43,552.9,30.345,-41.401,51.331
2188,72.933,573.14,551.46,30.654,-41.562,51.644
2189,72.967,574.47,549.27,29.44,-41.132,50.582
2190,73.0,575.35,548.41,26.866,-41.32,49.286
2191,73.033,576.97,546.46,23.075,-39.867,46.063
2192,73.067,577.92,545.05,18.604,-37.601,41.952
2193,73.1,578.75,543.47,14.005,-35.393,38.063
2194,73.133,579.41,542.32,9.403,-31.912,33.269
2195,73.167,579.82,539.54,4.855,-28.519,28.929
2196,73.2,580.26,539.13,0.341,-24.799,24.802
2197,73.233,580.43,539.25,-3.291,-21.216,21.469
2198,73.267,579.64,537.94,-6.547,-18.293,19.429
2199,73.3,578.92,537.84,-9.515,-16.744,19.258
2200,73.333,577.54,537.8,-12.255,-16.364,20.444
2201,73.367,575.78,537.63,-14.008,-16.37,21.545
2202,73.4,575.46,538.52,-14.77,-17.311,22.755
2203,73.433,574.87,537.64,-14.77,-19.042,24.099
2204,73.467,574.92,536.54,-14.048,-20.913,25.193
2205,73.5,574.95,537.25,-12.791,-22.862,26.197
2206,73.533,574.9,535.45,-11.01,-25.064,27.375
2207,73.567,574.36,534.43,-9.38,-27.138,28.713
2208,73.6,574.34,533.62,-7.765,-29.471,30.477
2209,73.633,574.28,531.28,-6.298,-30.671,31.311
2210,73.667,574.21,530.35,-4.999,-31.845,32.235
2211,73.7,574.17,528.62,-3.854,-33.419,33.64
2212,73.733,573.95,526.41,-3.117,-34.671,34.81
2213,73.767,574.35,524.79,-3.219,-36.359,36.501
2214,73.8,574.08,523.72,-3.693,-37.602,37.783
2215,73.833,573.56,523.78,-4.638,-39.062,39.336
2216,73.867,573.19,523.4,-5.555,-39.904,40.289
2217,73.9,572.98,522.55,-6.091,-40.116,40.575
2218,73.933,572.58,522.02,-6.258,-41.091,41.565
2219,73.967,572.54,520.29,-6.022,-42.324,42.75
2220,74.0,572.16,519.3,-5.859,-44.131,44.518
2221,74.033,571.95,517.35,-5.821,-47.425,47.781
2222,74.067,572.09,515.51,-5.451,-50.618,50.911
2223,74.1,572.19,514.19,-4.284,-54.504,54.672
2224,74.133,572.35,509.73,-1.793,-57.984,58.012
2225,74.167,572.31,506.46,1.51,-60.822,60.84
2226,74.2,571.96,506.75,4.707,-63.48,63.654
2227,74.233,571.46,504.25,7.622,-64.977,65.422
2228,74.267,571.65,502.71,10.147,-65.002,65.79
2229,74.3,571.73,501.1,12.157,-64.289,65.428
2230,74.333,572.14,500.22,13.557,-62.422,63.877
2231,74.367,572.6,497.37,14.43,-59.854,61.569
2232,74.4,573.59,493.83,14.801,-57.257,59.139
2233,74.433,573.76,491.22,14.525,-54.336,56.244
2234,74.467,574.32,488.81,13.737,-51.069,52.884
2235,74.5,575.57,487.62,12.443,-47.415,49.02
2236,74.533,577.35,486.78,11.319,-44.51,45.927
2237,74.567,578.53,485.27,9.638,-41.251,42.362
2238,74.6,579.32,485.43,7.493,-38.721,39.439
2239,74.633,577.91,483.29,4.632,-37.548,37.833
2240,74.667,576.48,482.44,1.162,-35.466,35.485
2241,74.7,576.28,481.8,-2.744,-32.444,32.56
2242,74.733,576.12,480.08,-6.645,-30.985,31.69
2243,74.767,576.19,478.43,-10.325,-29.054,30.834
2244,74.8,575.49,478.43,-13.454,-29.262,32.206
2245,74.833,575.22,477.52,-15.544,-30.303,34.057
2246,74.867,575.0,476.0,-16.909,-31.427,35.687
2247,74.9,574.62,475.76,-17.084,-33.558,37.656
2248,74.933,574.42,475.08,-16.503,-34.786,38.502
2249,74.967,574.28,473.22,-14.64,-35.26,38.178
2250,75.0,573.85,471.55,-11.856,-35.127,37.074
2251,75.033,572.13,471.1,-8.738,-34.778,35.858
2252,75.067,571.72,468.63,-5.86,-33.909,34.411
2253,75.1,570.87,467.8,-3.452,-32.025,32.21
2254,75.133,570.75,467.68,-1.669,-30.201,30.247
2255,75.167,570.73,466.35,0.404,-27.684,27.687
2256,75.2,571.04,464.35,2.858,-24.631,24.796
2257,75.233,571.45,463.75,4.988,-22.036,22.593
2258,75.267,572.58,460.91,7.011,-19.617,20.832
2259,75.3,573.21,463.06,8.66,-16.859,18.953
2260,75.333,573.38,463.45,10.269,-14.077,17.425
2261,75.367,574.3,460.96,11.812,-11.7,16.625
2262,75.4,574.42,462.43,13.017,-10.21,16.543
2263,75.433,574.81,461.76,13.733,-9.397,16.64
2264,75.467,574.75,461.2,13.643,-8.673,16.166
2265,75.5,574.93,461.52,12.533,-7.418,14.564
2266,75.533,575.27,462.19,10.517,-5.824,12.022
2267,75.567,575.47,462.04,9.014,-4.306,9.99
2268,75.6,575.77,461.35,6.884,-1.939,7.152
2269,75.633,575.91,460.72,4.631,0.333,4.643
2270,75.667,576.0,460.52,2.319,2.093,3.124
2271,75.7,576.24,459.19,-0.195,3.061,3.067
2272,75.733,576.98,459.34,-2.333,5.323,5.811
2273,75.767,577.11,460.3,-3.83,7.849,8.733
2274,75.8,577.24,460.71,-5.041,12.192,13.194
2275,75.833,577.18,459.83,-6.153,15.332,16.521
2276,75.867,576.41,460.22,-7.079,18.258,19.582
2277,75.9,575.62,462.95,-7.942,21.591,23.005
2278,75.933,574.9,464.65,-8.417,22.995,24.487
2279,75.967,574.43,465.37,-8.664,23.297,24.856
2280,76.0,574.24,465.81,-8.43,23.258,24.739
2281,76.033,574.19,466.6,-7.734,22.474,23.768
2282,76.067,572.71,466.82,-6.609,20.553,21.589
2283,76.1,572.8,466.98,-5.205,16.714,17.505
2284,76.133,573.04,467.66,-3.684,13.545,14.037
2285,76.167,573.17,468.22,-1.778,10.348,10.5
2286,76.2,574.31,470.91,0.494,7.425,7.441
2287,76.233,574.52,470.39,2.228,5.742,6.159
2288,76.267,574.22,470.4,4.154,3.884,5.687
2289,76.3,573.67,469.44,4.91,1.941,5.279
2290,76.333,573.72,469.41,5.218,0.768,5.274
2291,76.367,574.24,467.57,4.287,1.102,4.426
2292,76.4,574.34,466.98,2.814,2.111,3.518
2293,76.433,574.46,467.57,1.518,3.041,3.399
2294,76.467,574.67,468.72,0.059,3.11,3.111
2295,76.5,574.85,468.66,-1.446,3.101,3.422
2296,76.533,574.88,468.55,-2.996,4.024,5.017
2297,76.567,574.64,468.66,-5.158,4.613,6.92
2298,76.6,574.64,471.89,-6.349,5.057,8.117
2299,76.633,574.75,470.82,-6.91,6.213,9.292
2300,76.667,574.15,471.28,-7.645,6.915,10.308
2301,76.7,573.16,470.94,-7.384,7.105,10.247
2302,76.733,573.71,469.91,-7.623,6.209,9.832
2303,76.767,571.54,471.06,-7.631,4.892,9.064
2304,76.8,572.25,471.73,-7.612,2.997,8.181
2305,76.833,571.29,471.11,-6.413,1.113,6.509
2306,76.867,572.07,470.39,-4.666,-1.31,4.846
2307,76.9,572.53,470.67,-2.787,-3.182,4.23
2308,76.933,571.74,469.77,-0.962,-5.025,5.116
2309,76.967,571.78,470.87,0.811,-6.867,6.915
2310,77.0,571.67,471.35,2.434,-9.234,9.549
2311,77.033,571.43,469.57,3.935,-11.887,12.522
2312,77.067,572.63,469.59,4.76,-13.387,14.208
2313,77.1,572.69,469.86,5.539,-15.045,16.033
2314,77.133,572.25,468.19,5.889,-18.202,19.131
2315,77.167,573.6,468.14,5.793,-20.882,21.67
2316,77.2,572.66,468.37,5.418,-23.857,24.465
2317,77.233,573.54,466.74,5.545,-26.264,26.843
2318,77.267,573.63,465.91,5.28,-27.603,28.104
2319,77.3,574.88,464.76,5.503,-29.432,29.942
2320,77.333,574.13,463.21,5.01,-31.819,32.211
2321,77.367,573.84,461.89,4.876,-34.094,34.441
2322,77.4,573.57,460.49,4.574,-36.431,36.717
2323,77.433,573.85,459.81,3.86,-38.85,39.041
2324,77.467,574.03,458.35,3.566,-40.294,40.452
2325,77.5,574.15,457.22,3.393,-41.906,42.044
2326,77.533,573.9,457.05,3.231,-43.223,43.343
2327,77.567,574.89,453.98,3.464,-43.248,43.387
2328,77.6,574.86,453.51,3.42,-42.906,43.042
2329,77.633,575.27,452.4,3.29,-42.057,42.185
2330,77.667,575.43,450.99,3.414,-40.224,40.369
2331,77.7,575.92,449.98,2.874,-38.44,38.547
2332,77.733,575.26,447.86,2.766,-36.808,36.912
2333,77.767,574.5,445.38,2.279,-34.452,34.527
2334,77.8,574.84,443.88,1.693,-32.151,32.196
2335,77.833,575.42,442.72,0.303,-29.678,29.68
2336,77.867,575.7,441.62,-0.955,-26.839,26.856
2337,77.9,575.4,441.82,-2.082,-23.665,23.756
2338,77.933,575.59,441.85,-2.958,-20.445,20.658
2339,77.967,575.36,441.32,-3.808,-17.593,18.001
2340,78.0,575.06,441.4,-4.667,-14.815,15.533
2341,78.033,575.24,440.7,-5.349,-12.327,13.437
2342,78.067,574.97,440.23,-5.581,-10.614,11.992
2343,78.1,574.39,440.2,-5.915,-8.183,10.097
2344,78.133,574.19,439.12,-6.122,-6.315,8.795
2345,78.167,573.97,438.72,-6.265,-4.901,7.955
2346,78.2,573.75,439.02,-6.328,-4.027,7.501
2347,78.233,573.5,438.81,-6.639,-4.057,7.78
2348,78.267,573.25,438.22,-6.52,-4.397,7.865
2349,78.3,573.05,438.39,-5.837,-4.481,7.359
2350,78.333,572.96,438.29,-4.979,-4.29,6.572
2351,78.367,572.88,438.1,-4.223,-3.928,5.768
2352,78.4,572.7,437.61,-3.589,-3.206,4.812
2353,78.433,572.51,437.72,-2.718,-2.76,3.874
2354,78.467,572.38,437.88,-2.191,-2.322,3.193
2355,78.5,572.54,438.08,-1.685,-1.945,2.574
2356,78.533,572.52,438.4,-1.043,-2.242,2.473
2357,78.567,572.48,438.35,-0.83,-2.35,2.492
2358,78.6,572.27,437.92,-0.672,-2.659,2.743
2359,78.633,572.47,437.51,-0.448,-3.219,3.25
2360,78.667,572.36,436.97,-0.326,-3.577,3.592
2361,78.7,572.3,436.68,-0.329,-3.932,3.945
2362,78.733,572.47,436.71,-0.347,-4.745,4.758
2363,78.767,572.39,436.87,-0.324,-5.874,5.883
2364,78.8,572.45,436.97,-0.321,-6.543,6.551
2365,78.833,572.36,436.68,-0.379,-6.81,6.82
2366,78.867,572.33,436.63,-0.41,-6.808,6.821
2367,78.9,572.33,436.5,-0.363,-6.224,6.235
2368,78.933,571.98,436.49,-0.263,-4.963,4.97
2369,78.967,572.29,435.73,-0.154,-3.448,3.451
2370,79.0,572.29,435.38,-0.335,-1.568,1.603
2371,79.033,571.96,435.77,-0.858,0.324,0.917
2372,79.067,572.23,435.1,-1.773,1.925,2.618
2373,79.1,572.08,435.1,-3.064,2.993,4.283
2374,79.133,572.03,434.8,-4.224,4.106,5.891
2375,79.167,572.02,434.76,-4.814,4.357,6.493
2376,79.2,572.13,434.9,-4.947,4.103,6.427
2377,79.233,572.03,435.56,-4.558,3.671,5.853
2378,79.267,571.82,436.84,-3.793,3.006,4.84
2379,79.3,571.74,437.4,-2.919,2.725,3.993
2380,79.333,571.77,437.39,-1.539,1.098,1.89
2381,79.367,571.52,437.82,0.049,-0.327,0.331
2382,79.4,571.0,437.58,1.894,-2.194,2.898
2383,79.433,570.49,437.3,3.757,-4.508,5.869
2384,79.467,570.0,437.16,5.686,-6.986,9.007
2385,79.5,570.24,436.27,7.526,-9.489,12.111
2386,79.533,570.54,435.49,9.207,-11.705,14.892
2387,79.567,571.47,434.65,10.865,-13.773,17.543
2388,79.6,573.01,434.29,12.445,-15.032,19.515
2389,79.633,574.3,432.78,13.978,-15.504,20.875
2390,79.667,574.38,433.2,15.417,-14.487,21.156
2391,79.7,574.89,433.58,16.664,-12.816,21.023
2392,79.733,575.19,433.42,17.708,-9.764,20.221
2393,79.767,575.4,433.14,18.383,-6.778,19.593
2394,79.8,576.4,430.89,18.832,-4.113,19.276
2395,79.833,576.31,432.3,18.506,-2.103,18.625
2396,79.867,576.77,431.15,17.548,-0.405,17.553
2397,79.9,576.92,431.08,15.738,0.906,15.764
2398,79.933,577.38,431.43,13.36,1.184,13.412
2399,79.967,578.14,431.31,10.715,1.007,10.762
2400,80.0,578.54,432.2,8.242,0.039,8.243
2401,80.033,579.21,432.79,5.784,-1.455,5.964
2402,80.067,580.0,433.25,3.55,-3.143,4.742
2403,80.1,580.19,433.67,1.145,-5.378,5.499
2404,80.133,580.43,433.76,-0.969,-7.389,7.452
2405,80.167,580.44,432.45,-3.386,-8.89,9.513
2406,80.2,580.31,432.45,-5.538,-10.552,11.917
2407,80.233,579.61,430.3,-7.908,-13.223,15.408
2408,80.267,578.98,430.06,-10.245,-16.031,19.025
2409,80.3,577.74,429.12,-12.203,-18.659,22.295
2410,80.333,577.25,428.95,-13.898,-19.989,24.346
2411,80.367,576.19,428.34,-15.099,-21.658,26.402
2412,80.4,575.89,426.87,-15.79,-22.123,27.18
2413,80.433,575.73,427.12,-15.893,-21.851,27.019
2414,80.467,575.63,426.18,-15.329,-21.288,26.233
2415,80.5,575.27,425.59,-14.449,-19.702,24.432
2416,80.533,575.1,425.29,-13.122,-17.854,22.157
2417,80.567,574.87,424.43,-12.202,-15.692,19.878
2418,80.6,575.25,424.84,-10.366,-13.64,17.132
2419,80.633,573.78,423.36,-8.505,-11.333,14.169
2420,80.667,573.15,422.63,-6.518,-9.622,11.621
2421,80.7,572.41,421.55,-5.002,-7.744,9.219
2422,80.733,572.53,422.4,-4.061,-6.316,7.509
2423,80.767,572.77,422.36,-3.46,-3.972,5.268
2424,80.8,572.8,421.97,-3.262,-2.325,4.005
2425,80.833,572.31,421.93,-3.043,-1.081,3.23
2426,80.867,572.49,422.21,-3.128,-0.303,3.143
2427,80.9,572.37,421.92,-3.153,-0.19,3.159
2428,80.933,572.54,421.92,-3.288,-0.163,3.292
2429,80.967,572.35,422.71,-3.476,-0.577,3.524
2430,81.0,572.44,422.54,-3.781,-1.234,3.978
2431,81.033,572.44,422.72,-4.099,-2.277,4.689
2432,81.067,574.11,422.54,-4.312,-3.853,5.783
2433,81.1,572.34,422.89,-4.888,-5.838,7.614
2434,81.133,572.09,421.7,-6.076,-8.467,10.421
2435,81.167,570.94,421.81,-6.882,-10.946,12.93
2436,81.2,570.65,421.55,-7.418,-13.527,15.428
2437,81.233,570.43,420.99,-7.456,-15.177,16.91
2438,81.267,570.16,419.33,-7.423,-17.12,18.66
2439,81.3,570.0,419.06,-7.272,-18.375,19.761
2440,81.333,569.77,418.94,-7.221,-18.862,20.197
2441,81.367,569.75,418.06,-6.739,-18.599,19.783
2442,81.4,569.89,417.86,-6.089,-17.512,18.54
2443,81.433,569.96,417.68,-5.09,-15.425,16.243
2444,81.467,569.8,416.48,-4.092,-12.172,12.841
2445,81.5,569.64,415.75,-3.029,-9.217,9.702
2446,81.533,569.47,415.14,-2.094,-5.87,6.232
2447,81.567,568.7,414.65,-1.109,-2.797,3.009
2448,81.6,568.89,414.84,-1.218,0.519,1.324
2449,81.633,568.96,414.5,-0.923,3.26,3.388
2450,81.667,569.02,414.75,-0.716,6.073,6.115
2451,81.7,568.97,415.84,-0.104,8.436,8.436
2452,81.733,568.87,416.01,0.602,10.19,10.207
2453,81.767,569.0,417.35,0.992,11.046,11.091
2454,81.8,568.84,417.68,1.502,11.975,12.068
2455,81.833,569.33,418.45,2.098,12.104,12.285
2456,81.867,569.43,419.2,2.256,11.321,11.543
2457,81.9,569.44,419.39,2.262,10.046,10.297
2458,81.933,569.22,419.55,2.018,8.578,8.812
2459,81.967,569.27,418.62,2.023,6.591,6.895
2460,82.0,569.52,419.44,2.048,5.164,5.555
2461,82.033,569.93,419.42,2.268,4.84,5.345
2462,82.067,569.95,420.18,2.597,5.487,6.071
2463,82.1,570.04,419.81,3.496,6.909,7.743
2464,82.133,570.19,420.04,3.636,8.723,9.451
2465,82.167,570.07,420.24,3.501,11.642,12.157
2466,82.2,569.88,420.01,2.93,14.677,14.966
2467,82.233,569.57,419.95,2.385,16.995,17.162
2468,82.267,570.13,420.74,1.971,19.939,20.036
2469,82.3,569.93,420.94,1.492,23.11,23.158
2470,82.333,569.57,422.01,1.573,26.923,26.969
2471,82.367,570.58,423.51,1.65,29.875,29.921
2472,82.4,571.15,425.51,1.842,32.544,32.596
2473,82.433,571.91,426.75,2.305,34.573,34.65
2474,82.467,571.53,429.0,3.33,36.294,36.447
2475,82.5,571.62,430.65,4.426,37.279,37.541
2476,82.533,571.19,430.98,5.598,37.24,37.658
2477,82.567,570.66,431.42,6.568,36.785,37.367
2478,82.6,569.58,432.25,7.445,35.613,36.383
2479,82.633,570.52,433.33,8.303,34.219,35.212
2480,82.667,570.88,433.35,8.473,32.098,33.198
2481,82.7,571.9,434.95,8.895,29.695,30.998
2482,82.733,572.38,437.89,9.121,27.232,28.719
2483,82.767,572.91,439.14,9.534,24.691,26.468
2484,82.8,573.85,439.48,9.479,22.083,24.031
2485,82.833,573.88,438.9,9.575,20.187,22.343
2486,82.867,574.33,440.52,9.614,19.093,21.377
2487,82.9,574.81,440.41,9.473,18.244,20.557
2488,82.933,574.99,441.01,8.678,17.511,19.543
2489,82.967,574.62,440.45,7.13,16.848,18.294
2490,83.0,574.88,442.05,4.925,15.43,16.197
2491,83.033,574.8,442.94,2.554,13.931,14.163
2492,83.067,574.85,443.32,0.154,11.923,11.924
2493,83.1,574.87,443.31,-2.054,10.34,10.542
2494,83.133,574.46,443.23,-3.305,9.171,9.748
2495,83.167,575.43,443.89,-4.501,8.241,9.39
2496,83.2,574.66,443.86,-5.45,7.571,9.328
2497,83.233,574.81,444.17,-6.421,8.017,10.272
2498,83.267,574.4,445.14,-7.037,7.694,10.427
2499,83.3,574.41,445.98,-7.439,6.706,10.016
2500,83.333,573.77,446.3,-7.663,5.496,9.43
2501,83.367,573.91,445.74,-7.153,3.727,8.066
2502,83.4,572.75,445.77,-6.438,1.389,6.586
2503,83.433,572.54,445.17,-5.682,-0.342,5.692
2504,83.467,572.06,445.08,-5.149,-1.46,5.352
2505,83.5,572.71,445.53,-4.857,-1.104,4.981
2506,83.533,572.16,444.59,-4.92,-0.433,4.939
2507,83.567,572.03,446.01,-5.052,0.769,5.11
2508,83.6,572.04,446.03,-5.476,2.278,5.931
2509,83.633,571.7,445.82,-5.887,4.004,7.12
2510,83.667,571.61,445.69,-5.716,5.736,8.098
2511,83.7,571.84,447.15,-6.168,7.81,9.952
2512,83.733,572.11,445.2,-5.977,8.605,10.477
2513,83.767,572.09,444.57,-5.941,9.877,11.526
2514,83.8,572.35,444.61,-5.601,10.175,11.615
2515,83.833,572.04,444.59,-5.885,8.356,10.22
2516,83.867,571.0,447.25,-6.331,6.147,8.824
2517,83.9,570.23,448.73,-6.276,4.133,7.515
2518,83.933,569.26,449.71,-5.16,1.869,5.489
2519,83.967,568.81,450.17,-3.174,0.037,3.174
2520,84.0,569.16,449.98,-0.156,-1.563,1.571
2521,84.033,569.46,449.67,2.838,-3.102,4.204
2522,84.067,569.67,448.59,5.796,-3.943,7.01
2523,84.1,570.52,447.69,8.665,-4.99,9.999
2524,84.133,571.01,446.94,11.366,-5.779,12.75
2525,84.167,570.8,446.63,13.476,-6.776,15.084
2526,84.2,571.61,444.3,15.092,-6.625,16.482
2527,84.233,571.37,446.11,16.107,-6.694,17.442
2528,84.267,571.86,444.04,16.682,-5.139,17.456
2529,84.3,571.89,443.81,16.174,-2.866,16.426
2530,84.333,573.72,446.57,14.481,0.259,14.483
2531,84.367,576.03,446.76,11.898,4.197,12.616
2532,84.4,576.43,446.68,9.341,7.399,11.916
2533,84.433,576.84,447.22,7.606,9.909,12.492
2534,84.467,576.55,447.28,5.375,11.149,12.377
2535,84.5,575.6,447.55,3.997,10.797,11.513
2536,84.533,574.95,447.68,2.158,10.059,10.288
2537,84.567,575.07,448.18,-0.102,8.502,8.502
2538,84.6,574.77,448.29,-1.982,6.835,7.116
2539,84.633,574.08,448.49,-3.816,4.584,5.964
2540,84.667,574.52,450.43,-5.591,2.335,6.059
2541,84.7,574.64,449.69,-7.093,0.37,7.102
2542,84.733,574.52,449.53,-8.684,-0.164,8.685
2543,84.767,573.53,448.65,-9.504,-1.203,9.58
2544,84.8,573.93,448.89,-9.957,-0.262,9.961
2545,84.833,574.37,448.4,-9.396,0.887,9.437
2546,84.867,574.94,448.03,-8.673,0.429,8.684
2547,84.9,574.67,447.52,-8.246,-1.279,8.345
2548,84.933,572.29,446.84,-7.812,-2.945,8.349
2549,84.967,573.23,447.11,-7.561,-4.782,8.947
2550,85.0,571.3,448.53,-7.147,-7.146,10.107
2551,85.033,571.39,447.93,-6.506,-9.12,11.203
2552,85.067,572.02,448.17,-5.966,-10.457,12.039
2553,85.1,571.41,447.77,-5.294,-11.836,12.966
2554,85.133,570.78,448.69,-4.305,-13.087,13.777
2555,85.167,570.39,448.81,-2.876,-14.281,14.568
2556,85.2,570.61,447.92,-1.993,-15.741,15.867
2557,85.233,571.07,446.91,-1.081,-16.828,16.863
2558,85.267,571.18,445.71,-0.7,-17.042,17.057
2559,85.3,571.93,442.48,0.737,-17.693,17.708
2560,85.333,572.21,441.3,1.981,-18.162,18.269
2561,85.367,572.33,440.64,2.58,-17.563,17.751
2562,85.4,571.86,441.87,2.493,-16.36,16.549
2563,85.433,571.74,441.35,1.75,-14.617,14.721
2564,85.467,571.59,440.78,1.65,-12.057,12.17
2565,85.5,571.03,441.94,0.833,-9.38,9.417
2566,85.533,571.01,441.44,0.607,-7.208,7.234
2567,85.567,571.9,440.44,0.234,-4.856,4.861
2568,85.6,571.71,440.45,-0.7,-2.694,2.783
2569,85.633,571.32,440.73,-1.418,-0.75,1.604
2570,85.667,571.03,441.46,-1.772,0.333,1.803
2571,85.7,571.81,440.67,-1.634,0.277,1.657
2572,85.733,571.54,440.72,-1.307,-0.427,1.375
2573,85.767,572.75,438.91,-0.995,-1.998,2.232
2574,85.8,571.55,440.93,-0.491,-4.154,4.183
2575,85.833,571.21,441.23,-0.227,-5.516,5.521
2576,85.867,571.42,440.16,-0.068,-6.964,6.964
2577,85.9,571.1,439.68,-0.075,-7.958,7.959
2578,85.933,571.23,439.49,0.063,-9.609,9.609
2579,85.967,571.24,439.02,0.271,-10.936,10.94
2580,86.0,571.04,439.08,0.407,-11.482,11.489
2581,86.033,571.1,438.74,0.56,-11.908,11.921
2582,86.067,571.2,438.45,1.008,-12.836,12.875
2583,86.1,571.6,437.78,1.099,-13.212,13.258
2584,86.133,571.67,437.42,1.189,-13.391,13.443
2585,86.167,571.8,436.42,1.359,-13.554,13.622
2586,86.2,571.74,435.94,1.708,-13.924,14.028
2587,86.233,571.8,435.05,2.09,-14.115,14.269
2588,86.267,571.98,434.7,2.803,-14.607,14.874
2589,86.3,572.0,434.18,2.708,-13.705,13.97
2590,86.333,572.07,433.63,2.881,-13.302,13.611
2591,86.367,572.02,434.19,3.014,-12.986,13.331
2592,86.4,572.04,433.87,2.888,-12.28,12.614
2593,86.433,572.0,434.05,3.102,-11.47,11.882
2594,86.467,571.79,433.89,3.077,-10.329,10.778
2595,86.5,571.91,432.95,2.776,-8.964,9.384
2596,86.533,572.64,430.98,2.595,-7.729,8.153
2597,86.567,572.52,431.7,2.313,-6.325,6.735
2598,86.6,572.59,431.38,2.037,-5.006,5.404
2599,86.633,572.79,431.11,1.561,-3.486,3.82
2600,86.667,573.27,430.94,0.964,-2.27,2.466
2601,86.7,573.76,430.49,0.446,-1.209,1.288
2602,86.733,573.29,430.78,0.011,-0.371,0.371
2603,86.767,572.75,431.77,-0.454,0.774,0.898
2604,86.8,572.67,431.68,-0.913,1.719,1.946
2605,86.833,572.61,431.57,-1.433,2.603,2.971
2606,86.867,572.71,431.48,-1.92,3.696,4.165
2607,86.9,572.82,431.76,-2.195,4.489,4.997
2608,86.933,572.09,432.39,-2.418,5.104,5.648
2609,86.967,572.06,432.26,-2.463,5.11,5.673
2610,87.0,572.32,432.48,-2.187,4.676,5.162
2611,87.033,572.12,432.82,-1.755,4.18,4.534
2612,87.067,572.26,432.64,-1.501,4.337,4.589
2613,87.1,572.2,432.64,-1.084,4.026,4.17
2614,87.133,572.25,432.14,-0.45,3.247,3.278
2615,87.167,572.49,432.19,0.122,2.647,2.65
2616,87.2,572.24,432.69,0.374,2.098,2.131
2617,87.233,572.14,433.1,0.294,2.06,2.081
2618,87.267,572.21,432.9,0.168,2.072,2.078
2619,87.3,572.08,433.3,0.181,1.813,1.822
2620,87.333,572.3,433.76,0.142,1.615,1.621
2621,87.367,572.35,433.8,0.144,1.641,1.647
2622,87.4,572.15,433.5,-0.045,1.63,1.63
2623,87.433,572.25,433.4,-0.44,1.833,1.885
2624,87.467,572.23,433.51,-0.531,1.85,1.924
2625,87.5,572.18,433.35,-0.61,1.774,1.876
2626,87.533,572.25,433.16,-0.797,1.608,1.795
2627,87.567,572.27,433.04,-0.857,1.181,1.459
2628,87.6,572.31,432.85,-0.686,0.682,0.968
2629,87.633,571.99,433.82,-0.641,0.357,0.734
2630,87.667,571.99,433.75,-0.655,0.356,0.745
2631,87.7,572.11,434.02,-0.803,0.523,0.958
2632,87.733,571.92,433.83,-0.73,0.467,0.867
2633,87.767,571.99,433.98,-0.63,0.237,0.673
2634,87.8,571.95,433.84,-0.561,0.367,0.67
2635,87.833,571.99,433.88,-0.33,0.244,0.411
2636,87.867,571.79,433.63,-0.253,0.247,0.354
2637,87.9,571.87,434.07,-0.175,0.151,0.231
2638,87.933,571.92,433.64,-0.041,0.099,0.107
2639,87.967,571.91,433.37,-0.43,0.91,1.007
2640,88.0,572.04,433.59,-0.305,0.8,0.856
2641,88.033,572.13,433.53,-0.202,0.727,0.754
2642,88.067,572.21,433.63,-0.094,0.951,0.956
2643,88.1,571.62,433.96,-0.109,1.164,1.169
2644,88.133,571.88,433.66,-0.111,1.559,1.563
2645,88.167,572.02,433.65,0.038,1.44,1.441
2646,88.2,572.1,433.62,0.197,1.296,1.311
2647,88.233,571.86,433.99,0.377,0.822,0.904
2648,88.267,571.91,434.34,0.782,0.126,0.792
2649,88.3,571.95,434.18,1.239,-0.832,1.492
2650,88.333,571.77,434.75,1.568,-2.068,2.595
2651,88.367,571.87,434.22,1.87,-3.382,3.864
2652,88.4,571.73,434.28,2.109,-4.778,5.223
2653,88.433,571.72,434.46,2.141,-6.323,6.676
2654,88.467,572.96,432.3,2.124,-7.676,7.964
2655,88.5,572.15,433.54,1.79,-8.236,8.428
2656,88.533,572.32,433.4,1.22,-8.382,8.471
2657,88.567,572.29,432.7,0.49,-7.971,7.986
2658,88.6,572.57,432.56,-0.606,-6.496,6.524
2659,88.633,572.55,432.2,-1.61,-4.354,4.642
2660,88.667,572.6,431.98,-2.781,-1.458,3.14
2661,88.7,572.7,431.51,-4.028,1.961,4.48
2662,88.733,572.57,431.28,-5.21,5.347,7.465
2663,88.767,572.17,431.37,-6.181,8.269,10.324
2664,88.8,571.68,431.38,-7.09,10.71,12.844
2665,88.833,571.54,431.98,-7.83,12.677,14.9
2666,88.867,571.03,432.32,-8.286,14.082,16.339
2667,88.9,570.75,433.38,-8.584,15.292,17.536
2668,88.933,570.53,434.29,-8.497,15.649,17.807
2669,88.967,569.88,435.81,-8.057,15.317,17.307
2670,89.0,569.87,436.37,-7.917,15.369,17.288
2671,89.033,569.6,437.37,-7.04,13.776,15.471
2672,89.067,569.15,438.49,-6.127,11.923,13.405
2673,89.1,569.17,438.18,-4.958,9.608,10.812
2674,89.133,569.21,437.81,-3.785,6.874,7.847
2675,89.167,569.22,437.31,-2.604,4.186,4.929
2676,89.2,569.23,436.49,-1.23,0.782,1.458
2677,89.233,569.02,436.46,-0.064,-2.301,2.301
2678,89.267,568.91,436.75,0.868,-5.134,5.207
2679,89.3,568.98,436.81,1.714,-7.589,7.78
2680,89.333,568.94,437.22,2.38,-9.234,9.536
2681,89.367,569.01,436.76,2.835,-10.281,10.665
2682,89.4,569.25,436.15,3.255,-10.302,10.804
2683,89.433,569.4,436.17,3.384,-9.767,10.337
2684,89.467,569.67,435.37,3.177,-8.506,9.08
2685,89.5,569.81,434.82,2.954,-7.031,7.626
2686,89.533,569.6,435.53,2.535,-5.177,5.764
2687,89.567,569.99,434.43,2.063,-3.665,4.206
2688,89.6,570.07,434.41,1.739,-2.868,3.354
2689,89.633,570.22,434.09,1.319,-2.054,2.441
2690,89.667,570.5,433.11,0.805,-1.169,1.419
2691,89.7,570.06,434.11,0.267,-0.368,0.454
2692,89.733,570.02,433.94,-0.32,0.572,0.656
2693,89.767,570.02,434.35,-0.712,1.512,1.672
2694,89.8,569.86,434.83,-0.933,1.92,2.135
2695,89.833,570.0,435.01,-1.073,2.107,2.364
2696,89.867,569.81,435.43,-1.127,2.083,2.368
2697,89.9,569.53,435.41,-0.682,0.908,1.136
2698,89.933,569.56,435.63,-0.143,-0.472,0.493
2699,89.967,569.73,435.35,0.445,-1.988,2.037
2700,90.0,569.86,434.88,0.843,-2.809,2.932
2701,90.033,569.9,434.31,1.299,-4.104,4.304
2702,90.067,569.93,434.33,2.173,-6.374,6.734
2703,90.1,569.88,434.47,2.657,-7.633,8.082
2704,90.133,570.01,434.11,3.133,-8.755,9.299
2705,90.167,570.18,433.5,3.424,-9.398,10.002
2706,90.2,570.29,433.27,3.34,-8.97,9.572
2707,90.233,570.52,433.13,3.347,-8.65,9.275
2708,90.267,570.58,432.56,3.246,-7.69,8.347
2709,90.3,570.69,432.64,3.104,-6.623,7.314
2710,90.333,570.93,432.13,2.889,-5.435,6.155
2711,90.367,571.44,430.65,2.357,-3.925,4.579
2712,90.4,570.92,432.07,1.801,-2.61,3.171
2713,90.433,570.88,432.38,1.482,-1.689,2.247
2714,90.467,570.92,432.03,1.214,-0.874,1.496
2715,90.5,571.35,430.47,1.012,-0.255,1.044
2716,90.533,571.35,431.44,0.834,0.337,0.899
2717,90.567,570.77,432.86,0.886,0.569,1.053
2718,90.6,571.2,432.15,0.72,0.8,1.077
2719,90.633,571.04,432.4,0.802,0.336,0.87
2720,90.667,571.07,432.38,0.741,0.175,0.761
2721,90.7,571.25,432.1,0.72,0.143,0.734
2722,90.733,571.19,432.4,0.412,0.827,0.924
2723,90.767,571.23,432.13,0.175,1.022,1.037
2724,90.8,571.03,432.38,0.365,0.426,0.561
2725,90.833,571.06,432.3,0.43,0.117,0.446
2726,90.867,571.41,431.7,0.35,0.221,0.413
2727,90.9,571.63,431.54,-0.224,2.04,2.052
2728,90.933,571.55,432.14,-0.222,2.282,2.293
2729,90.967,571.62,431.75,-0.249,2.85,2.86
2730,91.0,571.51,431.81,-0.239,3.497,3.505
2731,91.033,571.42,431.72,-0.314,4.763,4.774
2732,91.067,570.84,432.79,-0.579,5.926,5.954
2733,91.1,571.21,432.71,-0.535,6.428,6.45
2734,91.133,570.77,434.03,-0.632,6.961,6.99
2735,91.167,570.99,433.79,-0.564,7.165,7.187
2736,91.2,570.83,434.15,-0.464,7.242,7.257
2737,91.233,571.58,432.54,-0.436,7.233,7.246
2738,91.267,571.6,433.07,-0.354,6.6,6.609
2739,91.3,570.81,435.42,-0.325,5.927,5.936
2740,91.333,570.97,435.28,-0.044,5.084,5.084
2741,91.367,571.11,435.3,0.298,4.188,4.199
2742,91.4,571.72,433.43,0.669,3.306,3.373
2743,91.433,571.06,435.66,0.66,2.577,2.66
2744,91.467,571.24,434.79,0.794,1.62,1.804
2745,91.5,571.27,434.73,0.893,0.979,1.325
2746,91.533,570.99,435.29,0.887,0.907,1.269
2747,91.567,571.29,435.08,0.893,0.927,1.287
2748,91.6,571.32,434.84,0.864,1.708,1.913
2749,91.633,571.38,434.98,1.07,1.66,1.974
2750,91.667,571.3,435.05,1.416,1.063,1.771
2751,91.7,571.35,434.8,1.724,0.593,1.823
2752,91.733,571.45,434.71,2.179,0.228,2.191
2753,91.767,571.52,435.3,2.154,0.703,2.266
2754,91.8,571.79,435.38,1.965,1.405,2.415
2755,91.833,571.73,435.2,2.008,0.994,2.241
2756,91.867,571.87,434.96,2.121,0.525,2.185
2757,91.9,571.6,435.38,2.273,-0.394,2.307
2758,91.933,572.23,435.49,2.15,-0.573,2.224
2759,91.967,572.05,435.71,2.273,-1.709,2.844
2760,92.0,571.94,435.91,2.285,-2.412,3.323
2761,92.033,572.14,435.21,2.256,-2.896,3.671
2762,92.067,572.05,435.79,2.305,-3.365,4.078
2763,92.1,572.87,433.24,2.047,-3.361,3.935
2764,92.133,572.18,434.96,2.104,-3.741,4.292
2765,92.167,572.36,435.0,1.717,-3.338,3.754
2766,92.2,572.34,434.99,1.818,-3.728,4.148
2767,92.233,572.27,434.3,1.698,-3.459,3.853
2768,92.267,572.49,434.32,1.477,-2.471,2.879
2769,92.3,572.62,433.89,1.228,-1.567,1.991
2770,92.333,572.98,433.82,0.59,-0.196,0.622
2771,92.367,572.95,433.43,-0.054,1.491,1.492
2772,92.4,572.88,433.82,-0.507,3.203,3.243
2773,92.433,572.73,434.41,-0.687,4.622,4.673
2774,92.467,572.67,434.68,-1.056,5.524,5.624
2775,92.5,572.63,434.91,-1.2,5.814,5.936
2776,92.533,572.52,435.11,-1.169,5.726,5.844
2777,92.567,572.52,434.98,-1.119,5.451,5.564
2778,92.6,572.92,434.35,-0.901,4.291,4.385
2779,92.633,572.1,435.88,-1.126,4.138,4.288
2780,92.667,572.88,434.6,-0.872,2.939,3.066
2781,92.7,571.82,436.87,-0.881,2.094,2.272
2782,92.733,572.0,436.88,-0.63,0.66,0.912
2783,92.767,572.01,436.43,0.148,-1.453,1.461
2784,92.8,571.91,436.67,0.865,-3.467,3.573
2785,92.833,572.52,435.81,1.435,-5.046,5.246
2786,92.867,572.89,435.02,1.72,-6.289,6.52
2787,92.9,572.67,434.72,1.953,-6.983,7.251
2788,92.933,572.71,434.2,2.135,-7.543,7.839
2789,92.967,572.79,434.23,2.253,-7.95,8.263
2790,93.0,572.69,434.33,2.263,-8.367,8.667
2791,93.033,572.69,433.71,2.164,-8.703,8.968
2792,93.067,572.74,433.54,2.045,-8.938,9.169
2793,93.1,572.75,433.61,1.809,-8.69,8.876
2794,93.133,573.05,433.36,1.316,-7.754,7.865
2795,93.167,572.88,433.53,0.965,-7.256,7.32
2796,93.2,573.66,431.7,0.258,-5.879,5.885
2797,93.233,573.63,431.59,0.036,-4.984,4.984
2798,93.267,572.87,433.07,-0.194,-4.263,4.267
2799,93.3,572.81,432.88,-0.312,-3.376,3.391
2800,93.333,572.96,432.53,-0.37,-2.47,2.497
2801,93.367,573.09,432.19,-0.867,-0.558,1.031
2802,93.4,573.0,431.91,-0.999,0.322,1.05
2803,93.433,572.87,431.9,-1.386,2.12,2.533
2804,93.467,572.85,431.55,-1.365,3.048,3.34
2805,93.5,572.85,431.81,-1.253,3.837,4.036
2806,93.533,572.86,432.07,-1.099,4.575,4.705
2807,93.567,572.76,432.45,-0.941,5.573,5.652
2808,93.6,572.78,432.46,-0.846,6.756,6.809
2809,93.633,572.55,432.85,-0.728,7.596,7.631
2810,93.667,572.83,433.47,-0.698,8.072,8.103
2811,93.7,572.62,434.28,-0.645,8.198,8.223
2812,93.733,572.49,434.14,-1.108,8.956,9.024
2813,93.767,572.42,434.86,-1.613,9.194,9.335
2814,93.8,572.26,435.35,-1.788,8.512,8.698
2815,93.833,572.45,435.14,-1.754,7.491,7.694
2816,93.867,573.2,433.18,-1.815,6.352,6.606
2817,93.9,572.19,435.73,-2.026,4.902,5.304
2818,93.933,573.01,433.84,-2.576,3.783,4.577
2819,93.967,572.27,435.95,-3.143,3.638,4.808
2820,94.0,571.88,436.51,-3.647,3.734,5.22
2821,94.033,571.71,436.6,-4.045,3.848,5.583
2822,94.067,571.55,436.57,-4.429,4.156,6.074
2823,94.1,571.54,436.02,-4.979,4.624,6.795
2824,94.133,571.43,436.01,-5.635,5.731,8.038
2825,94.167,571.19,436.26,-6.222,7.2,9.516
2826,94.2,571.17,435.89,-6.748,9.184,11.397
2827,94.233,571.28,435.58,-7.425,10.687,13.013
2828,94.267,570.97,436.69,-7.704,12.335,14.543
2829,94.3,570.69,437.04,-7.702,13.242,15.32
2830,94.333,570.02,437.66,-7.69,14.079,16.043
2831,94.367,569.6,438.26,-7.319,14.239,16.009
2832,94.4,569.19,439.85,-7.112,14.198,15.88
2833,94.433,569.49,440.58,-6.478,13.043,14.563
2834,94.467,569.39,439.48,-6.195,12.666,14.099
2835,94.5,569.06,440.15,-5.597,11.608,12.887
2836,94.533,568.51,441.04,-4.92,9.977,11.124
2837,94.567,568.04,441.74,-4.094,7.664,8.689
2838,94.6,568.13,442.47,-3.281,4.958,5.945
2839,94.633,568.17,442.49,-2.446,1.929,3.115
2840,94.667,568.29,442.5,-1.681,-1.219,2.076
2841,94.7,567.94,441.31,-0.948,-4.213,4.318
2842,94.733,568.67,441.33,-0.313,-6.584,6.591
2843,94.767,568.37,440.64,-0.082,-7.829,7.83
2844,94.8,568.21,440.69,0.034,-9.006,9.006
2845,94.833,568.91,438.88,0.085,-10.028,10.028
2846,94.867,568.55,438.61,0.161,-10.505,10.507
2847,94.9,568.27,440.25,0.488,-11.019,11.03
2848,94.933,568.42,439.71,1.011,-11.935,11.978
2849,94.967,568.33,439.5,1.192,-13.017,13.072
2850,95.0,568.21,438.22,1.392,-12.998,13.073
2851,95.033,568.41,437.4,1.541,-12.689,12.783
2852,95.067,568.3,437.2,1.706,-12.214,12.333
2853,95.1,568.5,436.68,2.261,-11.973,12.185
2854,95.133,568.43,437.07,2.804,-11.898,12.224
2855,95.167,568.54,437.2,3.386,-11.986,12.455
2856,95.2,568.71,436.8,3.491,-11.751,12.259
2857,95.233,568.74,436.29,4.597,-12.315,13.145
2858,95.267,569.19,434.91,5.064,-12.459,13.448
2859,95.3,569.44,434.22,5.233,-12.035,13.124
2860,95.333,569.57,434.17,5.405,-11.574,12.774
2861,95.367,570.05,433.11,5.01,-9.971,11.159
2862,95.4,569.94,433.35,4.453,-7.877,9.048
2863,95.433,569.95,433.36,3.753,-6.153,7.207
2864,95.467,570.34,433.54,3.66,-5.21,6.367
2865,95.5,570.2,433.19,4.029,-4.974,6.401
2866,95.533,570.39,433.03,4.431,-4.054,6.006
2867,95.567,570.89,432.59,5.017,-3.213,5.958
2868,95.6,570.74,432.84,5.787,-1.891,6.088
2869,95.633,570.89,432.58,6.915,-0.022,6.915
2870,95.667,570.91,432.72,8.193,1.627,8.353
2871,95.7,572.1,431.41,9.309,2.933,9.76
2872,95.733,570.52,434.19,10.048,4.08,10.845
2873,95.767,570.84,433.88,10.254,4.797,11.32
2874,95.8,571.6,433.74,9.733,5.919,11.392
2875,95.833,571.89,433.85,8.73,6.922,11.141
2876,95.867,572.52,433.63,7.485,7.943,10.914
2877,95.9,573.53,433.45,5.724,9.362,10.973
2878,95.933,575.03,432.31,3.633,10.28,10.903
2879,95.967,574.57,433.75,1.322,10.855,10.936
2880,96.0,574.2,435.29,-1.008,11.178,11.224
2881,96.033,574.7,435.27,-3.142,11.36,11.787
2882,96.067,574.49,436.9,-4.791,11.39,12.357
2883,96.1,574.39,436.94,-6.297,11.369,12.996
2884,96.133,573.22,436.87,-7.118,10.861,12.986
2885,96.167,572.23,437.12,-7.604,10.766,13.18
2886,96.2,571.42,437.41,-7.558,10.351,12.817
2887,96.233,570.83,437.49,-7.46,10.88,13.192
2888,96.267,570.8,438.17,-6.002,9.861,11.544
2889,96.3,570.98,438.15,-4.061,8.882,9.767
2890,96.333,571.01,438.86,-2.116,8.038,8.311
2891,96.367,570.77,438.6,0.119,7.197,7.198
2892,96.4,570.83,438.45,2.64,6.291,6.822
2893,96.433,571.37,439.02,4.684,5.309,7.08
2894,96.467,572.15,439.49,5.559,4.937,7.435
2895,96.5,572.44,439.46,5.973,4.541,7.503
2896,96.533,573.09,439.62,5.979,3.657,7.009
2897,96.567,573.02,439.65,5.061,2.622,5.7
2898,96.6,573.32,439.89,3.66,1.064,3.812
2899,96.633,573.08,440.58,1.587,-0.507,1.666
2900,96.667,573.35,439.85,-0.473,-2.108,2.16
2901,96.7,573.43,440.24,-2.457,-3.771,4.501
2902,96.733,572.98,439.78,-4.235,-4.799,6.401
2903,96.767,572.44,440.26,-5.532,-5.338,7.687
2904,96.8,572.1,439.99,-6.637,-5.474,8.604
2905,96.833,572.16,439.3,-7.395,-4.996,8.924
2906,96.867,571.93,438.45,-7.895,-4.557,9.116
2907,96.9,570.95,438.07,-7.871,-3.74,8.715
2908,96.933,570.55,438.02,-7.428,-2.603,7.871
2909,96.967,570.41,438.32,-6.538,-1.747,6.767
2910,97.0,570.44,437.69,-5.517,-1.177,5.641
2911,97.033,570.44,437.41,-4.372,-1.005,4.487
2912,97.067,570.62,438.07,-3.409,-0.866,3.517
2913,97.1,570.42,437.9,-2.356,-0.891,2.519
2914,97.133,570.44,438.04,-1.5,-0.952,1.777
2915,97.167,570.29,438.76,-0.512,-1.38,1.472
2916,97.2,570.33,439.8,0.204,-1.68,1.693
2917,97.233,570.49,439.44,0.504,-2.669,2.716
2918,97.267,570.32,439.51,0.694,-3.472,3.54
2919,97.3,570.5,438.92,0.807,-4.312,4.386
2920,97.333,570.23,438.15,0.883,-5.119,5.195
2921,97.367,570.38,437.68,0.657,-6.002,6.038
2922,97.4,570.48,437.03,0.361,-6.221,6.231
2923,97.433,570.81,436.35,0.394,-6.141,6.154
2924,97.467,570.57,436.12,0.454,-6.29,6.307
2925,97.5,570.39,435.81,0.675,-6.604,6.639
2926,97.533,570.43,436.36,0.907,-6.18,6.246
2927,97.567,570.51,436.14,1.063,-5.555,5.656
2928,97.6,570.54,436.38,1.073,-5.152,5.262
2929,97.633,570.68,436.14,1.068,-4.635,4.757
2930,97.667,570.49,435.79,0.979,-4.139,4.253
2931,97.7,570.43,435.73,1.012,-3.818,3.95
2932,97.733,570.64,436.58,1.123,-4.141,4.291
2933,97.767,570.7,436.6,1.188,-4.424,4.581
2934,97.8,570.91,435.89,1.346,-5.068,5.243
2935,97.833,570.98,435.34,1.361,-5.846,6.003
2936,97.867,571.16,435.56,1.515,-6.29,6.47
2937,97.9,571.03,434.61,1.664,-6.631,6.837
2938,97.933,570.92,433.96,1.709,-6.876,7.086
2939,97.967,571.17,434.29,1.566,-6.484,6.67
2940,98.0,571.0,434.31,1.49,-5.83,6.018
2941,98.033,570.91,433.3,1.525,-4.885,5.117
2942,98.067,571.02,433.24,1.346,-4.198,4.408
2943,98.1,571.07,433.19,1.312,-3.126,3.39
2944,98.133,571.27,433.31,1.199,-1.893,2.241
2945,98.167,571.5,433.64,0.995,-0.659,1.193
2946,98.2,571.54,433.61,0.935,0.311,0.985
2947,98.233,571.46,433.8,0.918,1.375,1.653
2948,98.267,571.43,433.62,0.803,1.909,2.071
2949,98.3,571.39,433.75,0.667,2.037,2.144
2950,98.333,571.5,434.13,0.392,2.083,2.12
2951,98.367,571.51,433.86,0.214,2.431,2.441
2952,98.4,571.43,433.88,0.012,2.083,2.083
2953,98.433,571.54,434.37,-0.069,2.131,2.133
2954,98.467,571.5,433.98,-0.108,2.138,2.141
2955,98.5,571.43,434.0,-0.382,1.636,1.68
2956,98.533,571.26,434.15,-0.531,1.028,1.157
2957,98.567,571.68,434.62,-0.456,0.823,0.941
2958,98.6,571.31,434.35,-0.371,0.728,0.817
2959,98.633,571.39,433.73,-0.231,0.559,0.604
2960,98.667,571.39,433.64,-0.007,0.685,0.686
2961,98.7,571.24,434.46,0.004,0.427,0.427
2962,98.733,571.25,434.41,-0.003,0.154,0.154
2963,98.767,571.34,434.38,0.03,-0.271,0.272
2964,98.8,571.43,434.52,0.143,-0.617,0.633
2965,98.833,571.68,434.76,0.323,-0.704,0.775
2966,98.867,571.55,434.01,0.456,-0.847,0.962
2967,98.9,571.44,434.47,0.561,-0.842,1.012
2968,98.933,571.26,433.81,0.635,-0.741,0.975
2969,98.967,571.27,434.01,0.574,-0.796,0.981
2970,99.0,571.58,434.41,0.458,-0.544,0.711
2971,99.033,571.64,434.21,0.465,-0.276,0.541
2972,99.067,571.47,434.1,0.516,0.061,0.52
2973,99.1,571.55,433.89,0.309,-0.103,0.326
2974,99.133,571.61,434.18,0.246,-0.022,0.247
2975,99.167,571.38,433.46,0.231,0.404,0.466
2976,99.2,571.64,433.89,0.195,1.241,1.256
2977,99.233,571.68,434.01,0.221,1.46,1.476
2978,99.267,571.73,434.32,0.238,1.601,1.619
2979,99.3,571.65,434.71,0.199,1.623,1.635
2980,99.333,571.56,434.44,0.244,1.637,1.655
2981,99.367,571.5,434.38,0.118,1.068,1.074
2982,99.4,571.43,434.51,-0.077,0.886,0.889
2983,99.433,571.49,434.58,-0.194,0.146,0.243
2984,99.467,571.61,434.59,-0.211,-0.186,0.282
2985,99.5,571.74,434.41,-0.227,-0.412,0.47
2986,99.533,571.51,434.5,-0.393,-0.615,0.73
2987,99.567,571.58,434.28,-0.635,-0.833,1.047
2988,99.6,571.66,434.84,-0.645,-0.882,1.093
2989,99.633,571.68,434.53,-0.593,-0.687,0.908
2990,99.667,571.49,434.48,-0.538,-0.519,0.747
2991,99.7,571.45,433.77,-0.226,0.003,0.226
2992,99.733,571.44,434.11,-0.022,0.352,0.353
2993,99.767,571.49,434.09,0.101,0.891,0.897
2994,99.8,571.59,434.17,0.213,1.199,1.218
2995,99.833,571.33,433.74,0.306,1.416,1.448
2996,99.867,571.3,434.38,0.432,1.757,1.81
2997,99.9,571.45,434.18,0.461,1.884,1.94
2998,99.933,571.37,434.98,0.668,1.747,1.871
2999,99.967,571.38,435.1,0.852,1.915,2.096
3000,100.0,571.52,435.11,0.918,1.566,1.815
3001,100.033,571.7,434.81,0.899,1.288,1.571
3002,100.067,571.97,435.11,0.819,0.97,1.27
3003,100.1,571.86,435.01,0.655,0.924,1.132
3004,100.133,571.82,434.85,0.467,0.476,0.667
3005,100.167,571.87,434.63,0.328,0.017,0.328
3006,100.2,571.66,434.71,0.239,-0.547,0.597
3007,100.233,571.65,434.97,0.16,-0.683,0.702
3008,100.267,571.75,434.64,0.065,-0.866,0.868
3009,100.3,571.66,434.89,-0.109,-1.058,1.064
3010,100.333,571.67,434.58,-0.266,-1.297,1.324
3011,100.367,571.61,434.29,-0.348,-0.795,0.868
3012,100.4,571.89,434.61,-0.329,-0.531,0.625
3013,100.433,571.61,435.0,-0.27,0.272,0.383
3014,100.467,571.55,434.09,-0.11,0.075,0.133
3015,100.5,571.61,434.91,0.119,-0.091,0.15
3016,100.533,571.5,434.94,0.375,-0.211,0.431
3017,100.567,571.76,434.94,0.563,-0.098,0.572
3018,100.6,571.92,434.53,0.66,-0.145,0.675
3019,100.633,571.92,434.58,0.772,-0.1,0.778
3020,100.667,571.73,434.63,0.779,0.066,0.782
3021,100.7,571.72,434.76,0.672,0.37,0.767
3022,100.733,571.71,434.64,0.576,0.58,0.817
3023,100.767,571.75,434.58,0.504,0.593,0.778
3024,100.8,571.92,434.81,0.328,0.801,0.866
3025,100.833,571.79,435.2,0.141,0.819,0.831
3026,100.867,571.97,434.48,-0.099,0.825,0.83
3027,100.9,571.98,434.61,-0.194,1.029,1.047
3028,100.933,571.9,433.72,-0.353,1.018,1.078
3029,100.967,571.9,435.13,-0.439,0.78,0.896
3030,101.0,571.91,435.17,-0.478,1.225,1.315
3031,101.033,571.85,435.2,-0.553,1.306,1.418
3032,101.067,571.87,435.15,-0.498,1.201,1.3
3033,101.1,571.7,435.3,-0.518,1.041,1.163
3034,101.133,571.55,435.21,-0.492,1.059,1.168
3035,101.167,571.61,435.08,-0.626,1.011,1.189
3036,101.2,571.62,434.98,-0.517,0.908,1.045
3037,101.233,571.7,435.08,-0.518,1.009,1.134
3038,101.267,571.6,435.16,-0.443,0.735,0.858
3039,101.3,571.65,434.96,-0.313,0.418,0.522
3040,101.333,571.75,434.95,-0.236,-0.062,0.244
3041,101.367,571.91,435.17,-0.036,-0.693,0.694
3042,101.4,571.75,435.13,0.107,-0.896,0.902
3043,101.433,571.56,435.42,0.204,-1.08,1.099
3044,101.467,571.61,435.56,0.391,-0.513,0.645
3045,101.5,571.6,435.12,0.507,-0.554,0.751
3046,101.533,571.72,435.06,0.531,-0.43,0.683
3047,101.567,571.72,435.22,0.482,0.02,0.482
3048,101.6,571.78,435.12,0.351,0.173,0.391
3049,101.633,571.52,435.0,0.289,0.28,0.403
3050,101.667,571.83,435.02,0.351,-0.103,0.366
3051,101.7,571.53,435.03,0.289,-0.309,0.423
3052,101.733,571.84,434.2,0.206,-0.191,0.281
3053,101.767,571.87,434.84,0.041,-0.122,0.129
3054,101.8,571.87,435.06,-0.034,-0.065,0.073
3055,101.833,571.92,435.34,-0.126,-0.136,0.185
3056,101.867,571.86,435.35,-0.16,0.0,0.16
3057,101.9,571.82,435.3,-0.352,0.298,0.461
3058,101.933,571.85,435.43,-0.493,0.767,0.912
3059,101.967,571.62,435.27,-0.64,1.083,1.257
3060,102.0,571.6,435.63,-0.753,1.404,1.593
3061,102.033,571.6,435.4,-0.781,1.882,2.038
3062,102.067,571.67,434.52,-0.817,2.397,2.532
3063,102.1,571.68,434.96,-1.14,2.67,2.903
3064,102.133,571.59,434.69,-1.689,2.917,3.371
3065,102.167,571.37,435.81,-1.936,3.374,3.89
3066,102.2,571.51,435.88,-1.79,3.873,4.267
3067,102.233,571.52,435.56,-1.104,4.426,4.561
3068,102.267,571.62,435.75,-0.413,5.426,5.442
3069,102.3,571.55,435.88,0.543,6.301,6.325
3070,102.333,571.59,436.76,1.397,7.041,7.178
3071,102.367,571.34,436.99,2.409,7.39,7.772
3072,102.4,571.37,436.98,2.979,7.644,8.204
3073,102.433,571.28,437.04,3.471,7.399,8.172
3074,102.467,571.48,437.37,3.821,6.566,7.597
3075,102.5,571.46,437.33,3.965,5.865,7.079
3076,102.533,571.37,437.52,3.637,5.012,6.193
3077,102.567,571.3,437.68,3.409,3.816,5.117
3078,102.6,572.1,438.22,2.999,3.136,4.339
3079,102.633,573.11,438.65,2.477,1.773,3.046
3080,102.667,573.65,438.59,1.719,0.914,1.947
3081,102.7,573.32,438.63,0.829,-0.37,0.908
3082,102.733,572.99,438.5,-0.253,-1.254,1.28
3083,102.767,572.99,438.48,-1.512,-1.628,2.222
3084,102.8,572.4,438.12,-2.799,-1.532,3.191
3085,102.833,572.39,437.82,-3.975,-0.945,4.086
3086,102.867,571.52,437.81,-4.846,-0.403,4.862
3087,102.9,571.9,437.25,-5.648,0.289,5.656
3088,102.933,571.56,437.65,-6.334,1.127,6.434
3089,102.967,571.12,438.34,-6.742,2.179,7.085
3090,103.0,571.05,437.93,-6.886,2.983,7.504
3091,103.033,571.6,437.34,-6.599,3.83,7.63
3092,103.067,570.96,437.76,-5.605,4.5,7.188
3093,103.1,570.7,437.45,-4.391,5.164,6.778
3094,103.133,570.23,438.92,-3.088,5.575,6.373
3095,103.167,570.16,439.06,-2.239,5.645,6.073
3096,103.2,570.21,439.86,-1.659,5.308,5.561
3097,103.233,570.23,439.87,-1.157,4.792,4.93
3098,103.267,570.49,440.15,-0.71,4.001,4.064
3099,103.3,570.52,440.09,-0.422,2.849,2.88
3100,103.333,570.5,439.91,-0.05,1.636,1.637
3101,103.367,569.91,439.82,0.04,0.526,0.527
3102,103.4,570.22,439.59,0.485,-0.288,0.565
3103,103.433,570.44,439.5,0.544,-0.772,0.945
3104,103.467,570.67,439.08,0.612,-1.455,1.579
3105,103.5,570.75,439.25,0.803,-2.18,2.323
3106,103.533,570.71,439.18,0.861,-2.639,2.776
3107,103.567,570.07,439.41,0.485,-2.848,2.889
3108,103.6,570.51,439.29,0.122,-2.876,2.879
3109,103.633,570.29,439.07,-0.229,-2.193,2.205
3110,103.667,570.52,438.81,-0.34,-2.094,2.121
3111,103.7,570.36,439.08,-0.442,-1.748,1.803
3112,103.733,570.43,438.79,-0.51,-1.802,1.873
3113,103.767,570.52,438.83,-0.366,-1.908,1.943
3114,103.8,570.41,439.08,-0.353,-2.068,2.098
3115,103.833,570.33,439.27,-0.414,-2.031,2.073
3116,103.867,570.51,439.3,-0.475,-1.653,1.72
3117,103.9,570.29,438.64,-0.309,-1.384,1.418
3118,103.933,570.41,438.5,0.021,-1.149,1.149
3119,103.967,570.32,438.78,0.343,-0.968,1.027
3120,104.0,570.17,438.22,0.325,-0.591,0.675
3121,104.033,570.25,437.97,0.087,-0.129,0.156
3122,104.067,570.21,438.45,-0.088,0.071,0.113
3123,104.1,570.39,438.41,0.071,-0.054,0.089
3124,104.133,570.44,438.03,-0.087,0.061,0.106
3125,104.167,570.36,438.51,0.047,0.143,0.151
3126,104.2,570.55,438.35,-0.181,0.268,0.324
3127,104.233,570.63,438.75,-0.19,0.155,0.245
3128,104.267,570.31,439.19,-0.126,0.228,0.261
3129,104.3,570.32,439.34,-0.231,0.39,0.453
3130,104.333,570.38,439.12,-0.666,1.222,1.392
3131,104.367,570.35,438.44,-0.828,1.407,1.633
3132,104.4,570.61,438.47,-0.917,1.303,1.594
3133,104.433,570.16,438.54,-0.199,0.191,0.276
3134,104.467,569.86,438.58,-0.234,-0.006,0.235
3135,104.5,570.18,438.53,0.386,-1.095,1.161
3136,104.533,570.47,438.03,0.941,-1.618,1.872
3137,104.567,570.26,438.47,1.348,-1.908,2.336
3138,104.6,570.15,438.91,1.736,-2.135,2.752
3139,104.633,570.45,438.41,1.927,-2.097,2.848
3140,104.667,570.06,438.53,1.984,-1.761,2.653
3141,104.7,570.63,438.73,1.995,-1.273,2.366
3142,104.733,570.43,439.08,1.855,-0.579,1.943
3143,104.767,570.21,439.16,1.535,-0.039,1.535
3144,104.8,570.45,439.14,1.293,0.301,1.328
3145,104.833,571.53,437.03,0.509,1.082,1.196
3146,104.867,571.56,437.21,-0.055,1.412,1.413
3147,104.9,571.66,436.74,-0.003,1.04,1.04
3148,104.933,570.17,439.19,-0.214,0.782,0.811
3149,104.967,571.66,437.45,-0.352,0.641,0.731
3150,105.0,570.36,439.03,-0.268,0.486,0.555
3151,105.033,570.4,438.78,-0.316,0.353,0.474
3152,105.067,570.44,439.1,-0.474,0.425,0.636
3153,105.1,570.36,439.07,-0.607,0.588,0.845
3154,105.133,570.41,438.94,-0.635,0.51,0.815
3155,105.167,570.44,439.2,-0.692,0.687,0.975
3156,105.2,570.45,438.82,-0.522,0.747,0.912
3157,105.233,570.38,438.8,-0.553,1.02,1.16
3158,105.267,570.41,438.91,-0.397,0.955,1.034
3159,105.3,570.37,438.86,-0.099,0.514,0.524
3160,105.333,571.71,437.06,0.154,-0.107,0.188
3161,105.367,571.64,437.13,-0.049,0.235,0.24
3162,105.4,570.43,438.94,-0.494,0.621,0.793
3163,105.433,570.43,438.94,-1.001,1.416,1.734
3164,105.467,570.52,438.81,-0.764,1.191,1.415
3165,105.5,570.37,438.9,-1.34,2.015,2.42
3166,105.533,570.38,439.02,-1.263,2.089,2.441
3167,105.567,570.24,439.45,-1.192,2.14,2.45
3168,105.6,570.34,439.21,-1.117,2.063,2.346
3169,105.633,570.33,439.36,-0.897,1.816,2.025
3170,105.667,570.15,439.41,-0.717,1.602,1.755
3171,105.7,570.18,439.74,-0.631,1.372,1.511
3172,105.733,570.17,439.08,-0.307,0.8,0.857
3173,105.767,570.03,439.05,0.065,0.215,0.225
3174,105.8,570.18,439.23,0.446,-0.427,0.617
3175,105.833,570.42,439.0,0.818,-1.228,1.475
3176,105.867,570.41,438.88,0.563,-1.113,1.247
3177,105.9,570.75,438.97,0.146,-0.819,0.832
3178,105.933,570.53,439.26,0.155,-0.771,0.786
3179,105.967,570.4,439.3,0.118,-0.707,0.717
3180,106.0,570.56,438.94,-0.059,-0.486,0.489
3181,106.033,570.27,439.08,-0.167,-0.741,0.76
3182,106.067,570.3,439.29,-0.225,-0.818,0.848
3183,106.1,570.3,439.12,-0.136,-0.843,0.854
3184,106.133,570.12,439.3,-0.049,-0.644,0.645
3185,106.167,570.2,439.16,0.015,-0.461,0.461
3186,106.2,570.51,438.48,0.033,0.029,0.044
3187,106.233,570.13,439.16,-0.311,0.937,0.987
3188,106.267,570.16,439.04,-0.327,1.507,1.542
3189,106.3,570.25,438.77,0.012,1.703,1.703
3190,106.333,570.56,438.83,0.828,1.02,1.314
3191,106.367,570.49,438.94,1.048,0.999,1.447
3192,106.4,570.39,439.48,1.674,0.16,1.682
3193,106.433,570.38,438.77,1.971,-0.499,2.034
3194,106.467,570.47,438.72,2.218,-1.07,2.462
3195,106.5,570.69,438.53,2.405,-1.738,2.967
3196,106.533,570.76,439.78,2.326,-2.014,3.077
3197,106.567,570.73,439.88,2.202,-2.075,3.026
3198,106.6,570.6,439.73,1.971,-2.268,3.005
3199,106.633,570.48,439.74,1.669,-2.339,2.873
3200,106.667,570.44,439.84,1.044,-1.774,2.058
3201,106.7,570.74,439.1,0.714,-1.43,1.598
3202,106.733,571.87,437.01,0.302,-0.837,0.89
3203,106.767,571.77,437.22,0.593,-1.331,1.457
3204,106.8,571.63,437.26,0.77,-1.653,1.823
3205,106.833,570.61,438.58,0.828,-1.957,2.124
3206,106.867,571.66,437.11,0.61,-1.709,1.814
3207,106.9,570.8,438.91,0.396,-1.59,1.639
3208,106.933,570.83,438.9,0.267,-1.898,1.916
3209,106.967,570.75,438.72,0.103,-1.898,1.901
3210,107.0,570.66,439.12,-0.039,-1.728,1.728
3211,107.033,570.71,439.0,-0.278,-1.144,1.177
3212,107.067,570.81,438.68,-0.547,-0.923,1.073
3213,107.1,570.86,438.87,-0.71,-0.698,0.995
3214,107.133,570.9,438.93,-0.834,-0.607,1.032
3215,107.167,571.98,437.1,-0.682,-0.631,0.929
3216,107.2,571.69,436.95,-0.482,-1.112,1.212
3217,107.233,571.77,436.55,-0.31,-1.371,1.405
3218,107.267,570.62,438.01,-0.635,-0.696,0.942
3219,107.3,570.62,437.87,-0.969,0.177,0.985
3220,107.333,570.65,438.42,-1.479,1.423,2.052
3221,107.367,570.78,437.47,-1.522,2.0,2.514
3222,107.4,570.73,437.73,-1.927,3.385,3.895
3223,107.433,570.57,438.21,-2.469,4.448,5.087
3224,107.467,570.65,438.63,-2.311,4.698,5.236
3225,107.5,570.57,439.01,-2.044,5.061,5.459
3226,107.533,570.57,439.15,-1.646,4.805,5.079
3227,107.567,570.56,439.16,-1.148,4.147,4.303
3228,107.6,570.36,438.98,-0.688,3.354,3.424
3229,107.633,570.48,439.19,-0.235,2.448,2.459
3230,107.667,570.17,439.08,0.387,1.013,1.084
3231,107.7,570.36,439.43,0.389,0.369,0.537
3232,107.733,570.47,439.19,0.3,-0.06,0.306
3233,107.767,570.42,439.39,-0.154,-0.05,0.162
3234,107.8,570.22,439.38,-0.026,-0.635,0.635
3235,107.833,570.43,439.05,0.1,-0.974,0.979
3236,107.867,570.52,439.28,0.198,-1.551,1.564
3237,107.9,570.22,439.28,0.186,-1.513,1.524
3238,107.933,571.54,438.0,0.186,-1.548,1.559
3239,107.967,570.43,439.09,0.153,-1.295,1.305
3240,108.0,570.38,438.54,0.102,-0.916,0.922
3241,108.033,570.34,438.79,-0.003,-0.559,0.559
3242,108.067,570.24,439.12,-0.084,-0.33,0.341
3243,108.1,570.37,439.27,-0.148,-0.59,0.608
3244,108.133,570.54,438.71,-0.189,-0.328,0.378
3245,108.167,570.32,438.99,-0.209,-0.186,0.28
3246,108.2,570.37,438.84,-0.49,0.432,0.653
3247,108.233,570.41,438.76,-0.216,0.227,0.313
3248,108.267,570.71,438.73,-0.028,0.145,0.147
3249,108.3,570.44,438.94,0.265,0.053,0.27
3250,108.333,570.42,438.76,0.574,-0.051,0.576
3251,108.367,570.43,438.84,0.63,0.003,0.63
3252,108.4,570.46,438.8,0.682,-0.017,0.682
3253,108.433,570.37,439.44,0.913,-0.211,0.937
3254,108.467,570.54,439.06,0.463,0.011,0.463
3255,108.5,570.45,438.71,0.337,-0.108,0.354
3256,108.533,570.62,438.4,0.172,-0.134,0.218
3257,108.567,570.54,438.37,-0.019,-0.261,0.262
3258,108.6,570.45,439.5,-0.009,-0.611,0.611
3259,108.633,570.58,438.82,-0.018,-0.933,0.933
3260,108.667,570.42,438.94,-0.183,-1.097,1.113
3261,108.7,571.55,437.85,-0.262,-1.313,1.339
3262,108.733,570.48,439.05,-0.375,-1.439,1.487
3263,108.767,570.48,439.1,-0.332,-1.541,1.576
3264,108.8,570.17,438.92,-0.452,-1.591,1.654
3265,108.833,570.21,438.78,-0.573,-1.524,1.628
3266,108.867,570.54,438.58,-0.618,-1.302,1.441
3267,108.9,570.47,438.18,-0.634,-1.057,1.233
3268,108.933,570.44,438.03,-0.703,-0.835,1.091
3269,108.967,570.29,438.32,-0.697,-1.147,1.342
3270,109.0,570.35,437.96,-0.706,-1.327,1.503
3271,109.033,570.44,438.19,-1.007,-1.022,1.435
3272,109.067,570.58,438.26,-1.138,-0.741,1.358
3273,109.1,570.32,438.43,-0.635,-0.89,1.093
3274,109.133,570.22,438.11,-0.035,-1.835,1.835
3275,109.167,570.32,438.28,0.461,-2.493,2.536
3276,109.2,570.37,438.16,0.944,-2.903,3.053
3277,109.233,570.51,438.12,0.722,-2.71,2.805
3278,109.267,570.19,438.22,0.691,-2.515,2.608
3279,109.3,570.13,438.32,0.62,-2.391,2.47
3280,109.333,570.34,437.93,0.772,-2.214,2.344
3281,109.367,570.24,437.72,0.901,-1.811,2.023
3282,109.4,570.2,437.46,0.84,-1.311,1.557
3283,109.433,570.34,437.39,0.814,-0.378,0.898
3284,109.467,570.42,437.64,0.808,0.547,0.976
3285,109.5,570.44,437.46,0.83,1.297,1.54
3286,109.533,571.53,436.4,0.721,1.998,2.124
3287,109.567,571.59,436.37,0.652,2.541,2.623
3288,109.6,570.55,437.36,0.493,3.058,3.098
3289,109.633,570.36,438.18,0.417,3.355,3.381
3290,109.667,570.3,438.66,0.386,3.702,3.722
3291,109.7,570.37,438.53,0.167,3.914,3.917
3292,109.733,570.35,439.13,0.106,4.055,4.056
3293,109.767,570.67,438.61,-0.047,4.092,4.092
3294,109.8,570.72,438.88,-0.12,3.731,3.733
3295,109.833,570.58,439.14,-0.132,3.196,3.199
3296,109.867,570.67,438.93,-0.254,2.371,2.385
3297,109.9,570.76,438.97,-0.187,1.798,1.808
3298,109.933,570.71,438.41,-0.014,1.329,1.329
3299,109.967,570.61,438.51,0.224,0.791,0.823
3300,110.0,570.64,438.45,0.59,0.205,0.624
3301,110.033,570.9,438.86,0.903,-0.462,1.014
3302,110.067,570.74,439.02,0.61,-0.607,0.861
3303,110.1,570.68,438.96,0.188,-0.15,0.241
3304,110.133,570.64,439.07,0.176,0.114,0.21
3305,110.167,570.61,439.1,0.277,0.144,0.312
3306,110.2,570.97,438.99,0.061,0.642,0.645
3307,110.233,570.63,438.9,0.353,0.579,0.678
3308,110.267,570.57,438.74,0.601,0.257,0.653
3309,110.3,570.69,439.06,0.789,0.173,0.808
3310,110.333,570.76,438.83,0.952,-0.315,1.003
3311,110.367,570.98,439.48,1.112,-0.75,1.341
3312,110.4,570.9,438.97,1.243,-1.1,1.659
3313,110.433,570.98,438.75,1.439,-1.6,2.152
3314,110.467,570.97,438.83,1.502,-1.582,2.181
3315,110.5,570.79,438.5,1.478,-1.348,2.0
3316,110.533,571.07,438.71,1.475,-0.955,1.757
3317,110.567,571.26,439.1,1.224,-0.632,1.378
3318,110.6,571.11,438.75,1.029,-0.359,1.09
3319,110.633,571.02,438.92,0.814,0.003,0.814
3320,110.667,570.95,439.11,0.535,0.446,0.697
3321,110.7,571.97,437.54,0.312,0.774,0.835
3322,110.733,571.12,438.62,0.014,1.1,1.1
3323,110.767,571.36,438.53,-0.201,1.404,1.418
3324,110.8,571.26,438.46,-0.422,1.934,1.979
3325,110.833,571.19,439.21,-0.612,2.218,2.301
3326,110.867,571.29,438.98,-0.815,2.394,2.529
3327,110.9,571.25,439.07,-1.006,2.28,2.492
3328,110.933,570.84,439.57,-1.026,2.191,2.419
3329,110.967,570.93,439.42,-1.075,1.982,2.255
3330,111.0,571.08,439.27,-1.005,1.874,2.127
3331,111.033,570.91,439.37,-0.84,1.858,2.038
3332,111.067,571.02,439.43,-0.73,1.661,1.815
3333,111.1,570.9,439.56,-0.755,1.241,1.453
3334,111.133,570.89,439.58,-0.695,0.755,1.026
3335,111.167,571.03,439.32,-0.514,0.226,0.562
3336,111.2,571.0,439.44,-0.101,-0.571,0.58
3337,111.233,570.72,439.48,-0.193,-0.434,0.475
3338,111.267,570.78,439.6,0.072,-0.744,0.747
3339,111.3,570.96,439.23,0.255,-0.894,0.93
3340,111.333,570.96,439.24,0.278,-0.81,0.857
3341,111.367,571.12,439.56,0.363,-1.019,1.082
3342,111.4,571.06,439.24,0.359,-1.126,1.181
3343,111.433,570.87,439.29,0.292,-1.101,1.139
3344,111.467,570.95,439.6,0.454,-1.193,1.277
3345,111.5,570.78,439.16,0.569,-1.304,1.423
3346,111.533,570.89,439.1,0.604,-1.222,1.363
3347,111.567,570.89,439.15,0.754,-1.275,1.481
3348,111.6,571.07,438.95,0.853,-1.203,1.475
3349,111.633,571.21,439.21,0.894,-0.925,1.286
3350,111.667,571.3,438.96,0.874,-0.747,1.15
3351,111.7,571.15,439.08,0.808,-0.457,0.928
3352,111.733,571.16,438.79,0.609,0.243,0.656
3353,111.767,571.11,438.99,0.457,0.965,1.068
3354,111.8,570.97,438.97,0.69,0.894,1.13
3355,111.833,571.33,438.86,0.818,0.824,1.161
3356,111.867,571.28,438.95,0.642,1.129,1.299
3357,111.9,571.31,439.16,0.74,0.799,1.089
3358,111.933,571.4,439.09,0.793,0.301,0.848
3359,111.967,571.32,438.96,0.828,-0.115,0.836
3360,112.0,571.39,439.22,0.44,-0.211,0.488
3361,112.033,571.4,439.15,0.304,-0.443,0.537
3362,112.067,571.27,439.62,0.703,-1.332,1.506
3363,112.1,571.15,439.62,0.982,-2.176,2.388
3364,112.133,571.3,439.18,1.127,-2.763,2.984
3365,112.167,571.44,439.34,1.141,-3.212,3.408
3366,112.2,571.37,439.43,1.028,-3.361,3.515
3367,112.233,571.67,438.26,0.933,-3.623,3.741
3368,112.267,572.08,437.49,0.782,-3.438,3.526
3369,112.3,571.39,438.45,0.71,-3.181,3.259
3370,112.333,571.37,438.63,0.431,-2.466,2.503
3371,112.367,572.09,437.52,0.072,-1.749,1.751
3372,112.4,571.36,438.09,0.087,-1.388,1.391
3373,112.433,571.28,438.64,0.101,-1.148,1.152
3374,112.467,571.36,438.47,0.049,-0.789,0.79
3375,112.5,572.32,437.06,-0.172,0.134,0.218
3376,112.533,572.37,437.13,-0.274,0.629,0.686
3377,112.567,571.25,438.51,-0.52,1.335,1.433
3378,112.6,571.38,438.71,-0.693,1.69,1.827
3379,112.633,571.39,438.79,-0.761,1.887,2.035
3380,112.667,571.39,438.6,-0.861,1.955,2.137
3381,112.7,571.39,438.46,-0.896,1.528,1.772
3382,112.733,571.36,438.93,-0.794,0.835,1.152
3383,112.767,571.38,438.69,-0.672,0.442,0.804
3384,112.8,571.18,438.68,-0.926,0.803,1.225
3385,112.833,571.89,437.79,-0.91,0.722,1.161
3386,112.867,571.99,437.79,-0.718,0.493,0.871
3387,112.9,571.32,438.6,-0.779,0.935,1.216
3388,112.933,571.17,438.99,-0.563,1.345,1.458
3389,112.967,571.03,439.19,-0.301,1.621,1.649
3390,113.0,571.38,438.31,0.001,1.874,1.874
3391,113.033,571.0,439.0,-0.22,2.829,2.837
3392,113.067,571.2,438.66,-0.623,3.943,3.992
3393,113.1,571.22,438.69,-0.51,4.27,4.301
3394,113.133,571.27,438.52,-0.395,4.235,4.253
3395,113.167,571.43,438.77,-0.193,3.854,3.859
3396,113.2,571.37,439.37,0.029,3.326,3.326
3397,113.233,571.34,439.55,0.409,2.624,2.656
3398,113.267,571.07,440.1,0.807,1.533,1.732
3399,113.3,571.34,439.74,1.237,0.337,1.282
3400,113.333,571.52,440.04,1.852,-1.004,2.106
3401,113.367,571.41,440.26,1.928,-1.714,2.58
3402,113.4,571.19,440.22,1.858,-2.271,2.934
3403,113.433,571.27,440.0,2.074,-3.064,3.699
3404,113.467,571.44,439.51,2.226,-3.771,4.379
3405,113.5,571.56,439.16,2.344,-4.333,4.927
3406,113.533,571.77,438.78,2.235,-4.219,4.774
3407,113.567,571.91,438.37,2.193,-4.196,4.735
3408,113.6,571.97,438.32,1.977,-3.787,4.272
3409,113.633,572.1,438.23,1.673,-2.988,3.425
3410,113.667,572.13,438.22,1.3,-1.799,2.22
3411,113.7,572.29,438.16,0.802,-0.33,0.867
3412,113.733,572.11,438.3,0.275,0.936,0.976
3413,113.767,572.18,438.34,-0.275,2.161,2.178
3414,113.8,572.14,438.56,-0.703,3.217,3.293
3415,113.833,571.94,438.87,-1.206,4.27,4.437
3416,113.867,572.22,438.77,-1.755,4.887,5.193
3417,113.9,572.05,439.17,-2.141,5.265,5.684
3418,113.933,571.68,439.68,-2.326,5.045,5.555
3419,113.967,571.65,439.78,-2.295,4.469,5.024
3420,114.0,571.63,439.75,-2.123,3.984,4.514
3421,114.033,571.48,439.8,-1.963,3.237,3.786
3422,114.067,571.44,439.99,-1.793,2.446,3.033
3423,114.1,571.43,440.18,-1.527,1.944,2.472
3424,114.133,571.43,440.03,-1.225,1.397,1.858
3425,114.167,571.39,440.07,-1.002,0.829,1.3
3426,114.2,571.32,439.84,-0.792,0.42,0.896
3427,114.233,571.28,440.03,-0.753,0.304,0.812
3428,114.267,571.26,440.13,-0.682,0.559,0.882
3429,114.3,571.34,439.78,-0.657,0.815,1.047
3430,114.333,571.39,439.77,-0.534,0.724,0.899
3431,114.367,571.45,439.98,-0.373,0.729,0.819
3432,114.4,571.37,439.58,-0.382,0.931,1.006
3433,114.433,571.45,440.06,-0.394,0.988,1.063
3434,114.467,571.28,440.33,-0.383,0.886,0.965
3435,114.5,571.09,439.97,-0.208,0.545,0.583
3436,114.533,571.24,440.33,-0.006,0.286,0.286
3437,114.567,571.28,440.54,0.283,-0.225,0.361
3438,114.6,571.09,440.25,0.6,-0.875,1.061
3439,114.633,571.03,440.38,0.794,-1.403,1.612
3440,114.667,571.11,440.66,0.818,-1.749,1.931
3441,114.7,571.12,440.62,0.739,-1.902,2.04
3442,114.733,571.31,440.33,0.702,-1.954,2.077
3443,114.767,571.47,439.45,0.67,-2.0,2.11
3444,114.8,571.59,439.3,0.71,-2.04,2.16
3445,114.833,571.43,439.91,0.544,-1.691,1.776
3446,114.867,571.54,439.55,0.666,-1.805,1.924
3447,114.9,571.56,439.33,0.705,-2.031,2.15
3448,114.933,571.59,439.33,0.693,-1.761,1.893
3449,114.967,571.91,439.07,0.566,-1.557,1.656
3450,115.0,571.65,439.34,0.439,-1.435,1.501
3451,115.033,571.54,439.13,0.567,-1.233,1.357
3452,115.067,571.37,439.69,0.601,-1.129,1.279
3453,115.1,571.15,440.09,0.587,-1.141,1.283
3454,115.133,571.2,439.89,0.727,-1.052,1.279
3455,115.167,571.42,439.78,0.837,-1.102,1.384
3456,115.2,571.65,439.36,0.969,-1.362,1.672
3457,115.233,571.67,439.37,1.134,-1.674,2.022
3458,115.267,571.79,439.15,1.128,-1.821,2.142
3459,115.3,571.76,438.88,1.122,-1.689,2.028
3460,115.333,572.3,438.09,0.942,-1.187,1.515
3461,115.367,571.74,439.01,0.89,-0.984,1.327
3462,115.4,571.77,439.28,0.703,-0.419,0.819
3463,115.433,571.87,438.94,0.482,0.143,0.503
3464,115.467,571.97,438.82,0.117,0.666,0.677
3465,115.5,572.14,438.73,-0.305,1.576,1.605
3466,115.533,571.83,439.02,-0.711,2.355,2.461
3467,115.567,571.83,439.05,-1.021,3.043,3.21
3468,115.6,571.81,439.12,-1.269,3.421,3.649
3469,115.633,571.57,439.26,-1.448,3.297,3.601
3470,115.667,571.66,439.57,-1.454,2.899,3.243
3471,115.7,571.54,439.81,-1.499,2.257,2.71
3472,115.733,571.43,439.93,-1.898,1.825,2.633
3473,115.767,571.59,439.76,-2.045,0.544,2.116
3474,115.8,571.34,440.18,-2.351,-0.482,2.4
3475,115.833,571.44,439.91,-2.578,-1.228,2.856
3476,115.867,571.18,440.07,-3.092,-1.475,3.426
3477,115.9,571.21,439.57,-3.449,-2.419,4.213
3478,115.933,571.11,439.72,-3.901,-3.415,5.185
3479,115.967,571.29,439.81,-4.318,-3.793,5.748
3480,116.0,570.88,439.19,-4.85,-3.399,5.923
3481,116.033,570.78,438.93,-5.547,-2.656,6.15
3482,116.067,570.41,439.06,-5.994,-1.513,6.182
3483,116.1,570.17,438.8,-6.372,0.036,6.372
3484,116.133,570.12,438.82,-6.374,1.747,6.609
3485,116.167,569.63,438.93,-6.314,3.919,7.431
3486,116.2,569.31,438.99,-6.207,6.232,8.795
3487,116.233,569.69,438.4,-5.86,8.064,9.968
3488,116.267,569.0,439.99,-5.416,9.682,11.093
3489,116.3,568.99,439.88,-5.058,11.099,12.197
3490,116.333,568.66,439.81,-4.827,12.058,12.988
3491,116.367,568.36,440.11,-4.382,12.706,13.44
3492,116.4,568.25,441.67,-3.787,12.972,13.513
3493,116.433,568.33,442.74,-3.337,13.309,13.721
3494,116.467,568.12,443.19,-2.692,13.239,13.51
3495,116.5,568.23,443.04,-2.406,12.629,12.856
3496,116.533,568.46,443.73,-2.062,12.299,12.471
3497,116.567,568.39,443.86,-1.891,11.703,11.854
3498,116.6,568.49,444.0,-1.821,10.265,10.426
3499,116.633,567.83,444.53,-1.627,8.536,8.689
3500,116.667,568.0,444.09,-1.735,6.404,6.635
3501,116.7,567.96,443.63,-1.708,4.151,4.489
3502,116.733,567.64,444.26,-1.38,1.354,1.933
3503,116.767,567.56,444.36,-1.075,-1.567,1.9
3504,116.8,567.56,444.62,-0.336,-5.427,5.437
3505,116.833,568.19,444.65,0.245,-8.791,8.795
3506,116.867,567.78,444.93,0.87,-11.378,11.411
3507,116.9,567.7,444.82,1.733,-13.834,13.942
3508,116.933,567.98,444.19,2.632,-15.955,16.171
3509,116.967,567.54,443.68,3.443,-17.864,18.193
3510,117.0,567.83,443.22,4.326,-19.492,19.966
3511,117.033,567.83,441.44,5.055,-20.564,21.176
3512,117.067,568.04,440.19,5.355,-20.975,21.648
3513,117.1,568.51,439.79,5.475,-20.301,21.026
3514,117.133,568.48,438.81,5.118,-19.074,19.748
3515,117.167,569.22,437.96,4.731,-17.61,18.235
3516,117.2,569.72,436.45,4.244,-15.107,15.691
3517,117.233,569.83,436.12,3.549,-11.936,12.453
3518,117.267,569.67,436.48,2.843,-8.729,9.18
3519,117.3,569.38,437.14,1.938,-5.318,5.66
3520,117.333,569.63,436.8,1.045,-1.814,2.094
3521,117.367,569.84,436.26,-0.001,1.167,1.167
3522,117.4,569.63,437.39,-0.855,3.601,3.702
3523,117.433,569.58,437.08,-1.622,5.751,5.976
3524,117.467,569.49,437.14,-2.067,6.811,7.118
3525,117.5,569.24,437.68,-1.803,6.335,6.586
3526,117.533,569.01,438.68,-1.513,5.262,5.475
3527,117.567,569.1,438.78,-0.949,4.328,4.431
3528,117.6,568.86,438.16,-0.186,2.855,2.861
3529,117.633,569.04,438.4,0.714,0.692,0.994
3530,117.667,569.3,438.76,1.848,-1.41,2.324
3531,117.7,568.99,438.09,2.895,-3.452,4.505
3532,117.733,569.04,438.12,3.849,-4.765,6.125
3533,117.767,569.16,438.15,4.653,-5.741,7.39
3534,117.8,569.76,437.89,5.544,-6.777,8.756
3535,117.833,570.16,437.05,6.218,-8.029,10.155
3536,117.867,570.23,437.18,6.985,-9.231,11.576
3537,117.9,570.66,436.62,8.03,-10.032,12.85
3538,117.933,571.35,434.95,8.825,-10.797,13.945
3539,117.967,571.24,435.02,9.285,-11.24,14.579
3540,118.0,570.92,436.26,9.69,-11.459,15.007
3541,118.033,571.39,435.54,10.21,-11.062,15.053
3542,118.067,571.76,434.43,10.594,-10.918,15.213
3543,118.1,572.18,434.67,10.588,-10.782,15.111
3544,118.133,572.41,434.84,10.19,-10.663,14.75
3545,118.167,572.92,434.25,9.89,-9.903,13.996
3546,118.2,573.23,433.81,9.184,-9.325,13.088
3547,118.233,573.42,433.1,8.498,-8.404,11.951
3548,118.267,573.91,432.46,7.7,-7.607,10.824
3549,118.3,574.11,432.08,6.672,-7.161,9.787
3550,118.333,575.33,431.61,5.595,-7.086,9.029
3551,118.367,575.41,431.76,4.403,-6.723,8.037
3552,118.4,574.56,432.02,3.361,-6.625,7.429
3553,118.433,574.91,431.43,2.51,-6.747,7.198
3554,118.467,575.36,431.61,1.517,-6.09,6.276
3555,118.5,575.2,432.07,0.832,-5.529,5.592
3556,118.533,574.61,431.09,0.557,-5.723,5.75
3557,118.567,574.42,430.92,0.517,-5.954,5.977
3558,118.6,574.47,430.82,0.537,-5.566,5.592
3559,118.633,575.14,431.82,0.587,-5.351,5.383
3560,118.667,574.42,430.54,0.845,-5.562,5.626
3561,118.7,574.54,430.26,1.027,-5.584,5.678
3562,118.733,574.5,429.71,1.164,-5.485,5.608
3563,118.767,574.65,429.32,1.513,-5.376,5.585
3564,118.8,575.37,429.22,2.041,-5.339,5.716
3565,118.833,575.39,429.45,2.65,-5.513,6.117
3566,118.867,575.73,429.01,2.723,-5.336,5.991
3567,118.9,576.0,428.64,2.801,-5.42,6.101
3568,118.933,575.83,428.84,3.131,-5.347,6.196
3569,118.967,575.9,428.51,3.319,-5.325,6.275
3570,119.0,575.75,428.64,3.037,-5.082,5.92
3571,119.033,575.81,428.62,2.909,-5.775,6.467
3572,119.067,575.53,428.83,3.106,-6.573,7.27
3573,119.1,575.65,428.28,3.368,-7.35,8.085
3574,119.133,575.81,427.97,3.774,-8.385,9.195
3575,119.167,575.8,427.97,3.922,-10.192,10.92
3576,119.2,576.13,427.25,4.528,-11.723,12.567
3577,119.233,576.7,426.28,5.082,-13.216,14.159
3578,119.267,576.97,425.73,5.645,-14.311,15.384
3579,119.3,576.89,425.52,6.174,-15.124,16.335
3580,119.333,577.16,425.69,6.347,-15.579,16.822
3581,119.367,577.43,424.96,6.398,-15.75,17.0
3582,119.4,577.27,424.92,6.179,-15.681,16.854
3583,119.433,577.65,423.57,5.579,-15.194,16.186
3584,119.467,577.84,423.35,4.806,-14.417,15.197
3585,119.5,578.53,421.59,3.871,-13.188,13.744
3586,119.533,578.42,421.62,3.113,-12.01,12.407
3587,119.567,578.4,421.69,2.253,-10.54,10.778
3588,119.6,578.72,421.05,1.677,-9.135,9.288
3589,119.633,578.67,421.03,1.052,-7.405,7.48
3590,119.667,578.58,420.87,0.473,-5.746,5.766
3591,119.7,578.23,420.91,0.058,-4.14,4.14
3592,119.733,578.2,420.95,-0.482,-2.236,2.288
3593,119.767,578.22,420.75,-0.982,-0.337,1.039
3594,119.8,578.21,420.93,-1.472,1.549,2.137
3595,119.833,578.12,420.86,-1.688,3.049,3.485
3596,119.867,578.1,420.47,-1.917,4.093,4.52
3597,119.9,577.99,420.89,-2.11,4.886,5.322
3598,119.933,578.09,421.19,-2.062,4.907,5.322
3599,119.967,578.29,421.2,-1.965,5.154,5.515
3600,120.0,578.39,421.29,-1.831,5.113,5.431
3601,120.033,577.99,422.05,-2.048,5.59,5.953
3602,120.067,577.98,422.14,-2.107,5.706,6.083
3603,120.1,577.58,422.45,-2.113,5.418,5.815
3604,120.133,577.6,422.46,-2.229,5.376,5.82
3605,120.167,577.49,422.99,-2.114,4.969,5.4
3606,120.2,577.39,422.91,-2.077,4.523,4.977
3607,120.233,577.76,422.39,-1.632,3.639,3.988
3608,120.267,577.5,422.7,-1.165,2.666,2.909
3609,120.3,577.44,422.71,-0.828,1.904,2.076
3610,120.333,577.2,423.12,-0.675,1.468,1.616
3611,120.367,577.25,423.01,-0.372,1.0,1.067
3612,120.4,577.2,423.13,0.077,0.557,0.562
3613,120.433,577.21,423.64,0.543,0.141,0.561
3614,120.467,577.14,423.43,0.813,0.014,0.813
3615,120.5,577.23,423.14,0.945,-0.085,0.948
3616,120.533,577.57,422.88,0.868,0.095,0.873
3617,120.567,577.58,422.99,0.758,0.23,0.792
3618,120.6,577.78,423.13,0.478,0.605,0.771
3619,120.633,577.95,422.62,0.27,1.014,1.049
3620,120.667,577.57,422.91,0.039,1.364,1.365
3621,120.7,577.82,422.78,-0.323,1.712,1.742
3622,120.733,577.29,423.52,-0.697,1.957,2.077
3623,120.767,577.17,423.78,-1.089,2.381,2.619
3624,120.8,577.32,423.77,-1.498,2.707,3.094
3625,120.833,577.74,422.98,-1.723,2.748,3.244
3626,120.867,577.57,423.06,-1.82,2.823,3.359
3627,120.9,577.2,423.78,-1.776,2.643,3.184
3628,120.933,577.09,424.01,-1.655,2.403,2.917
3629,120.967,577.23,423.67,-1.34,1.71,2.173
3630,121.0,577.03,424.21,-0.78,0.713,1.057
3631,121.033,576.9,424.33,-0.136,-0.006,0.136
3632,121.067,576.93,424.31,0.366,-0.661,0.755
3633,121.1,576.97,424.09,0.915,-1.393,1.667
3634,121.133,576.99,423.9,1.282,-2.117,2.474
3635,121.167,576.87,424.14,1.456,-2.478,2.874
3636,121.2,577.22,423.5,1.713,-2.869,3.342
3637,121.233,577.52,423.41,1.666,-2.87,3.319
3638,121.267,577.29,423.33,1.697,-2.934,3.39
3639,121.3,577.66,423.04,1.713,-2.991,3.447
3640,121.333,577.5,423.49,1.653,-3.007,3.432
3641,121.367,577.72,422.75,1.382,-2.407,2.775
3642,121.4,577.67,423.05,1.059,-1.754,2.049
3643,121.433,577.88,422.77,0.835,-1.335,1.575
3644,121.467,577.8,422.78,0.66,-1.094,1.278
3645,121.5,577.64,423.29,0.274,-0.722,0.772
3646,121.533,577.59,422.82,0.117,-0.491,0.505
3647,121.567,577.65,422.87,0.051,-0.387,0.39
3648,121.6,577.5,423.02,-0.115,-0.275,0.299
3649,121.633,577.55,422.99,-0.179,-0.149,0.233
3650,121.667,577.5,423.04,-0.072,-0.105,0.128
3651,121.7,577.39,423.34,0.15,-0.382,0.411
3652,121.733,577.47,423.25,0.248,-0.445,0.509
3653,121.767,577.61,423.08,0.132,-0.248,0.281
3654,121.8,577.78,422.92,0.188,-0.152,0.242
3655,121.833,577.84,422.85,0.039,0.248,0.251
3656,121.867,577.73,422.48,-0.096,0.517,0.525
3657,121.9,577.72,422.63,-0.311,0.966,1.015
3658,121.933,577.69,422.65,-0.481,1.258,1.347
3659,121.967,577.6,422.9,-0.892,1.774,1.985
3660,122.0,577.85,423.21,-1.344,2.546,2.879
3661,122.033,577.51,423.21,-1.908,3.369,3.872
3662,122.067,577.39,423.37,-2.127,4.05,4.575
3663,122.1,577.62,423.29,-2.373,4.704,5.269
3664,122.133,577.48,423.33,-2.493,5.074,5.653
3665,122.167,577.13,423.65,-2.605,5.201,5.817
3666,122.2,577.01,424.09,-2.545,5.093,5.693
3667,122.233,576.93,424.41,-2.523,5.114,5.702
3668,122.267,577.0,424.17,-2.319,4.727,5.265
3669,122.3,576.79,424.66,-2.023,4.089,4.562
3670,122.333,576.75,424.58,-1.898,3.694,4.153
3671,122.367,576.77,424.47,-1.828,3.259,3.737
3672,122.4,576.65,424.95,-1.556,2.779,3.185
3673,122.433,576.45,425.33,-1.268,2.413,2.726
3674,122.467,576.57,425.51,-1.088,2.141,2.402
3675,122.5,576.61,425.25,-0.784,1.465,1.662
3676,122.533,577.08,424.45,-0.588,0.838,1.024
3677,122.567,576.54,424.88,-0.595,0.602,0.847
3678,122.6,576.55,424.68,-0.318,-0.155,0.354
3679,122.633,576.47,424.86,-0.217,-0.91,0.936
3680,122.667,576.51,425.2,-0.348,-0.998,1.057
3681,122.7,576.27,425.58,-0.49,-0.731,0.88
3682,122.733,576.65,424.68,-0.611,-0.272,0.669
3683,122.767,576.47,425.08,-0.712,0.195,0.739
3684,122.8,576.25,425.52,-0.721,0.489,0.871
3685,122.833,576.52,424.93,-0.708,0.848,1.105
3686,122.867,576.67,424.74,-0.56,0.993,1.14
3687,122.9,576.4,425.1,-0.395,1.395,1.449
3688,122.933,576.32,424.77,-0.242,1.842,1.857
3689,122.967,576.55,424.52,0.248,1.628,1.646
3690,123.0,576.36,425.31,0.473,1.389,1.467
3691,123.033,576.11,425.19,0.918,0.792,1.213
3692,123.067,576.73,424.47,1.066,0.658,1.253
3693,123.1,576.19,425.68,1.1,0.694,1.3
3694,123.133,576.02,426.6,1.078,0.784,1.333
3695,123.167,576.31,426.14,1.002,0.878,1.332
3696,123.2,576.58,425.77,0.816,0.606,1.016
3697,123.233,576.71,425.25,0.64,0.054,0.642
3698,123.267,576.89,424.86,0.362,-0.219,0.423
3699,123.3,576.7,425.53,-0.019,-0.156,0.157
3700,123.333,576.93,424.99,-0.006,-0.981,0.981
3701,123.367,576.78,425.55,-0.043,-1.588,1.589
3702,123.4,576.73,425.31,-0.12,-2.011,2.015
3703,123.433,576.9,424.64,-0.493,-2.024,2.083
3704,123.467,576.38,425.4,-0.929,-1.374,1.658
3705,123.5,576.8,424.96,-1.591,-0.213,1.605
3706,123.533,576.18,425.72,-2.395,1.017,2.602
3707,123.567,575.85,425.75,-2.674,1.817,3.233
3708,123.6,576.2,425.11,-3.215,3.19,4.529
3709,123.633,576.08,425.17,-3.405,4.211,5.416
3710,123.667,576.05,424.98,-3.553,4.783,5.958
3711,123.7,576.07,425.38,-3.501,4.917,6.036
3712,123.733,576.23,425.5,-3.339,4.838,5.878
3713,123.767,575.99,425.96,-3.228,4.974,5.93
3714,123.8,576.3,424.99,-3.431,5.73,6.679
3715,123.833,575.62,426.48,-3.649,6.238,7.227
3716,123.867,575.16,427.19,-3.627,6.298,7.267
3717,123.9,574.5,428.04,-3.491,6.069,7.001
3718,123.933,574.87,427.83,-3.425,5.803,6.738
3719,123.967,574.83,427.48,-3.333,5.686,6.591
3720,124.0,574.91,427.27,-2.96,5.182,5.968
3721,124.033,575.47,426.55,-2.625,4.424,5.144
3722,124.067,574.82,427.65,-1.794,2.836,3.356
3723,124.1,574.78,427.71,-0.649,0.953,1.153
3724,124.133,574.58,427.56,0.422,-0.741,0.853
3725,124.167,575.0,427.11,1.536,-2.459,2.899
3726,124.2,574.69,427.83,2.491,-4.031,4.739
3727,124.233,574.34,428.37,3.269,-5.445,6.351
3728,124.267,574.34,428.39,3.826,-6.404,7.46
3729,124.3,574.95,427.3,4.288,-7.318,8.482
3730,124.333,575.58,426.42,4.188,-6.973,8.134
3731,124.367,575.25,427.17,4.241,-6.683,7.915
3732,124.4,575.4,426.59,4.218,-6.957,8.136
3733,124.433,575.98,425.97,4.385,-7.203,8.432
3734,124.467,576.15,425.52,4.22,-6.973,8.151
3735,124.5,576.53,424.62,3.927,-6.442,7.545
3736,124.533,576.61,424.62,3.661,-6.193,7.194
3737,124.567,576.43,424.87,2.881,-5.069,5.831
3738,124.6,576.37,424.8,2.353,-4.109,4.735
3739,124.633,576.29,424.74,1.569,-2.58,3.02
3740,124.667,576.19,424.83,0.893,-1.187,1.485
3741,124.7,576.38,425.22,0.168,0.328,0.369
3742,124.733,576.52,425.29,-0.273,0.913,0.953
3743,124.767,576.45,425.05,-0.474,1.285,1.37
3744,124.8,576.36,425.38,-0.424,1.29,1.357
3745,124.833,576.58,424.84,-0.378,1.033,1.1
3746,124.867,576.24,424.44,-0.49,1.109,1.213
3747,124.9,576.28,425.69,-0.351,0.714,0.796
3748,124.933,576.26,425.41,0.009,0.142,0.142
3749,124.967,576.43,424.8,0.28,-0.262,0.383
3750,125.0,576.59,424.59,0.532,-0.696,0.877
3751,125.033,576.26,425.85,0.689,-0.679,0.967
3752,125.067,576.4,425.66,0.735,-0.625,0.965
3753,125.1,576.14,425.6,0.614,-0.479,0.779
3754,125.133,576.62,424.31,0.564,-0.348,0.663
3755,125.167,576.75,424.36,0.565,-0.194,0.597
3756,125.2,576.58,424.28,0.682,-0.112,0.691
3757,125.233,576.38,425.39,0.832,-0.38,0.914
3758,125.267,576.54,424.83,0.788,-0.386,0.878
3759,125.3,576.61,424.57,0.696,-0.347,0.778
3760,125.333,576.58,425.4,0.541,-0.364,0.652
3761,125.367,576.62,425.29,0.15,0.033,0.153
3762,125.4,576.8,425.04,-0.027,0.612,0.612
3763,125.433,576.68,425.31,-0.585,1.372,1.492
3764,125.467,576.6,425.05,-0.897,1.573,1.81
3765,125.5,576.6,425.21,-1.285,2.275,2.613
3766,125.533,576.37,425.1,-1.79,3.173,3.643
3767,125.567,576.28,425.23,-2.107,3.484,4.071
3768,125.6,576.66,424.87,-2.427,3.667,4.397
3769,125.633,576.55,424.98,-2.567,3.577,4.402
3770,125.667,576.5,425.14,-2.73,3.825,4.7
3771,125.7,576.33,425.48,-2.676,3.694,4.562
3772,125.733,575.92,426.24,-2.494,3.591,4.372
3773,125.767,575.87,425.94,-2.045,2.783,3.454
3774,125.8,575.71,426.4,-1.519,2.061,2.56
3775,125.833,575.66,426.53,-1.037,1.684,1.978
3776,125.867,575.66,426.52,-0.621,0.88,1.077
3777,125.9,575.28,427.17,-0.11,0.048,0.12
3778,125.933,576.02,425.66,0.324,-0.688,0.76
3779,125.967,575.65,426.82,0.795,-1.714,1.889
3780,126.0,575.69,426.4,1.232,-2.483,2.772
3781,126.033,575.83,426.26,1.656,-3.246,3.644
3782,126.067,575.94,425.86,2.124,-3.773,4.33
3783,126.1,576.12,425.42,2.578,-4.268,4.987
3784,126.133,576.5,425.01,2.776,-4.294,5.113
3785,126.167,576.63,424.76,2.685,-3.927,4.757
3786,126.2,576.34,425.19,2.51,-3.433,4.253
3787,126.233,576.45,425.11,2.155,-3.087,3.764
3788,126.267,576.37,425.29,1.735,-2.596,3.122
3789,126.3,576.24,425.47,1.271,-1.831,2.229
3790,126.333,576.38,425.05,0.878,-1.226,1.508
3791,126.367,576.73,424.99,0.562,-0.665,0.871
3792,126.4,576.66,424.9,0.158,0.105,0.19
3793,126.433,576.69,424.81,-0.017,0.252,0.252
3794,126.467,576.66,425.18,-0.311,0.88,0.934
3795,126.5,576.73,425.05,-0.472,1.154,1.247
3796,126.533,576.61,425.13,-0.924,2.035,2.235
3797,126.567,576.54,425.05,-1.061,2.193,2.436
3798,126.6,576.46,425.26,-0.949,1.65,1.904
3799,126.633,576.24,425.2,-0.969,1.462,1.754
3800,126.667,576.47,424.89,-1.046,1.447,1.785
3801,126.7,576.2,425.09,-1.058,1.411,1.763
3802,126.733,576.21,425.87,-0.902,1.003,1.349
3803,126.767,576.43,425.43,-0.887,0.803,1.197
3804,126.8,576.41,425.52,-1.001,0.792,1.276
3805,126.833,576.29,425.74,-0.84,0.715,1.103
3806,126.867,576.08,425.92,-0.543,0.666,0.86
3807,126.9,576.21,425.49,-0.374,0.431,0.571
3808,126.933,576.26,425.85,-0.28,0.348,0.447
3809,126.967,575.82,426.34,-0.261,0.423,0.497
3810,127.0,575.84,425.88,-0.254,0.414,0.486
3811,127.033,576.73,424.09,-0.333,0.438,0.55
3812,127.067,576.39,424.64,-0.409,0.406,0.576
3813,127.1,576.02,425.97,-0.603,0.681,0.909
3814,127.133,576.34,425.48,-0.796,0.84,1.157
3815,127.167,576.25,425.36,-0.981,1.194,1.545
3816,127.2,575.94,425.74,-1.025,1.57,1.875
3817,127.233,575.75,426.4,-0.973,1.854,2.093
3818,127.267,575.89,426.34,-0.766,1.52,1.702
3819,127.3,576.37,425.85,-0.497,1.273,1.367
3820,127.333,576.18,425.55,-0.3,0.895,0.944
3821,127.367,575.9,425.66,-0.125,0.488,0.504
3822,127.4,575.77,426.14,0.162,-0.163,0.23
3823,127.433,575.86,426.09,0.514,-0.755,0.913
3824,127.467,575.91,426.03,0.788,-1.478,1.675
3825,127.5,575.87,425.94,1.263,-2.587,2.879
3826,127.533,575.86,426.02,1.829,-3.679,4.109
3827,127.567,575.84,426.17,1.816,-3.624,4.053
3828,127.6,576.1,425.63,1.692,-3.448,3.841
3829,127.633,576.25,425.53,1.56,-3.324,3.672
3830,127.667,576.71,424.87,1.251,-2.798,3.065
3831,127.7,576.44,424.85,0.944,-2.11,2.311
3832,127.733,576.71,424.67,0.973,-1.681,1.942
3833,127.767,576.63,424.89,0.945,-1.342,1.641
3834,127.8,576.36,424.88,0.976,-1.323,1.644
3835,127.833,576.46,424.99,0.754,-1.121,1.351
3836,127.867,576.61,424.67,0.728,-0.898,1.156
3837,127.9,576.66,424.76,0.718,-0.48,0.864
3838,127.933,576.4,425.0,0.663,-0.135,0.677
3839,127.967,576.38,424.95,0.545,0.258,0.603
3840,128.0,576.33,425.13,0.323,0.66,0.735
3841,128.033,576.12,425.5,0.188,0.957,0.975
3842,128.067,576.19,425.49,0.025,1.201,1.201
3843,128.1,576.43,425.75,-0.04,1.206,1.206
3844,128.133,576.78,425.04,-0.018,1.092,1.092
3845,128.167,576.89,424.74,-0.061,1.008,1.01
3846,128.2,576.95,424.69,-0.427,1.254,1.325
3847,128.233,576.5,425.1,-0.599,1.384,1.508
3848,128.267,576.85,424.61,-1.112,1.773,2.093
3849,128.3,576.69,425.13,-1.698,2.488,3.012
3850,128.333,576.63,425.3,-2.217,3.084,3.798
3851,128.367,576.06,425.96,-2.846,3.792,4.742
3852,128.4,575.93,426.01,-3.35,4.312,5.461
3853,128.433,575.93,426.0,-3.924,4.751,6.162
3854,128.467,575.81,426.05,-4.524,5.586,7.188
3855,128.5,575.84,426.12,-5.282,6.412,8.308
3856,128.533,575.59,426.47,-6.142,7.43,9.64
3857,128.567,575.63,426.48,-6.726,8.173,10.585
3858,128.6,575.51,426.62,-7.223,8.949,11.5
3859,128.633,575.01,427.35,-7.759,9.607,12.349
3860,128.667,574.8,427.53,-8.017,10.481,13.195
3861,128.7,574.69,427.76,-7.509,10.927,13.258
3862,128.733,574.12,428.56,-6.837,11.443,13.33
3863,128.767,574.12,428.9,-5.701,11.856,13.156
3864,128.8,573.92,428.52,-4.38,12.137,12.903
3865,128.833,573.75,429.15,-3.128,12.319,12.71
3866,128.867,573.71,429.14,-1.721,12.155,12.277
3867,128.9,573.01,430.39,-0.163,11.405,11.406
3868,128.933,572.63,431.44,1.412,10.333,10.429
3869,128.967,572.59,431.21,2.881,9.223,9.662
3870,129.0,572.89,431.93,4.32,7.901,9.005
3871,129.033,573.44,431.89,5.355,6.627,8.52
3872,129.067,573.71,432.36,6.191,5.267,8.129
3873,129.1,574.42,432.34,6.692,3.991,7.792
3874,129.133,575.57,431.95,6.944,3.089,7.601
3875,129.167,576.06,431.6,7.043,2.044,7.334
3876,129.2,575.38,432.49,7.057,1.093,7.141
3877,129.233,575.65,432.32,6.799,0.3,6.806
3878,129.267,575.76,431.77,6.686,-0.579,6.711
3879,129.3,575.42,432.22,6.025,-1.213,6.146
3880,129.333,575.88,431.64,4.865,-1.237,5.019
3881,129.367,575.62,431.77,3.131,-1.095,3.317
3882,129.4,575.79,431.9,1.15,-0.439,1.231
3883,129.433,575.85,432.13,-0.655,-0.191,0.682
3884,129.467,575.9,431.93,-1.878,-0.137,1.883
3885,129.5,575.72,432.21,-2.604,0.52,2.655
3886,129.533,576.05,432.16,-2.932,0.842,3.051
3887,129.567,576.21,432.19,-2.998,1.331,3.28
3888,129.6,576.28,432.38,-2.657,1.499,3.05
3889,129.633,576.16,431.98,-2.154,1.45,2.597
3890,129.667,576.17,432.03,-1.93,1.582,2.496
3891,129.7,575.69,432.19,-2.072,2.244,3.055
3892,129.733,575.29,432.41,-1.848,2.576,3.17
3893,129.767,574.28,432.62,-1.627,2.821,3.257
3894,129.8,574.12,432.49,-1.398,3.219,3.509
3895,129.833,574.24,432.47,-0.821,3.089,3.196
3896,129.867,574.91,432.53,-0.426,3.13,3.159
3897,129.9,575.19,432.54,0.115,2.974,2.976
3898,129.933,575.76,433.27,0.463,2.885,2.921
3899,129.967,575.67,433.44,0.793,2.458,2.583
3900,130.0,575.68,432.92,1.087,2.158,2.416
3901,130.033,575.69,433.23,1.531,1.46,2.116
3902,130.067,575.7,433.06,1.731,0.925,1.962
3903,130.1,575.61,433.28,1.778,0.174,1.787
3904,130.133,575.42,433.77,1.62,-0.778,1.798
3905,130.167,575.24,433.96,1.303,-1.618,2.077
3906,130.2,575.55,433.39,0.853,-2.573,2.71
3907,130.233,575.6,432.98,0.29,-3.073,3.086
3908,130.267,575.61,432.75,-0.198,-3.645,3.65
3909,130.3,575.63,432.46,-0.185,-4.259,4.263
3910,130.333,575.4,432.65,0.126,-4.806,4.808
3911,130.367,575.4,432.5,0.646,-5.015,5.057
3912,130.4,575.36,432.59,0.983,-4.906,5.003
3913,130.433,575.68,432.04,1.236,-4.279,4.454
3914,130.467,575.77,432.15,1.221,-3.717,3.912
3915,130.5,575.87,431.72,1.314,-3.569,3.803
3916,130.533,575.8,431.96,1.325,-3.017,3.295
3917,130.567,575.97,431.32,1.215,-2.435,2.721
3918,130.6,575.96,431.4,1.198,-1.576,1.979
3919,130.633,575.99,431.38,0.94,-0.754,1.205
3920,130.667,576.05,431.51,0.76,-0.224,0.792
3921,130.7,575.79,432.06,0.709,0.091,0.715
3922,130.733,576.02,431.29,0.587,0.398,0.709
3923,130.767,575.98,431.45,0.381,0.772,0.861
3924,130.8,575.99,431.63,0.104,1.194,1.199
3925,130.833,575.93,432.12,-0.316,1.855,1.882
3926,130.867,575.85,432.14,-0.666,2.494,2.581
3927,130.9,575.93,432.15,-0.948,2.942,3.091
3928,130.933,576.05,431.67,-1.121,3.042,3.242
3929,130.967,576.11,431.33,-1.433,3.02,3.343
3930,131.0,575.86,432.18,-1.621,2.748,3.19
3931,131.033,575.85,432.27,-1.626,2.502,2.984
3932,131.067,575.92,432.36,-1.621,1.818,2.435
3933,131.1,575.44,432.29,-1.584,1.551,2.217
3934,131.133,575.78,432.4,-1.568,1.054,1.889
3935,131.167,575.69,432.54,-1.496,0.623,1.621
3936,131.2,575.56,432.52,-1.466,0.047,1.467
3937,131.233,575.3,432.78,-1.108,-0.787,1.36
3938,131.267,575.2,432.91,-0.838,-1.179,1.447
3939,131.3,575.12,432.97,-0.581,-1.434,1.547
3940,131.333,575.23,432.61,-0.329,-1.608,1.641
3941,131.367,575.32,432.02,-0.157,-2.046,2.052
3942,131.4,575.33,431.88,-0.06,-2.417,2.417
3943,131.433,575.39,431.75,-0.061,-2.646,2.646
3944,131.467,575.67,431.89,-0.086,-2.502,2.504
3945,131.5,575.61,431.77,-0.207,-2.241,2.25
3946,131.533,575.26,431.64,-0.428,-2.028,2.073
3947,131.567,575.43,431.95,-0.61,-1.767,1.87
3948,131.6,575.3,431.42,-0.827,-1.824,2.002
3949,131.633,575.43,431.7,-0.691,-1.497,1.649
3950,131.667,575.36,431.57,-1.058,-1.206,1.604
3951,131.7,575.45,431.82,-1.733,-0.838,1.925
3952,131.733,575.03,431.85,-2.652,-0.283,2.667
3953,131.767,574.9,431.82,-3.647,-0.185,3.651
3954,131.8,574.78,431.67,-4.496,0.043,4.496
3955,131.833,574.53,431.57,-5.292,0.028,5.293
3956,131.867,574.5,431.8,-5.935,0.289,5.942
3957,131.9,574.55,431.75,-6.561,0.676,6.595
3958,131.933,574.53,431.48,-7.018,1.091,7.102
3959,131.967,574.21,431.25,-7.445,1.65,7.625
3960,132.0,573.92,431.8,-7.7,2.292,8.034
3961,132.033,573.99,431.5,-7.795,2.876,8.308
3962,132.067,573.54,431.46,-7.549,3.699,8.407
3963,132.1,572.95,432.37,-7.179,4.258,8.347
3964,132.133,571.91,432.08,-6.502,5.04,8.227
3965,132.167,571.77,432.45,-5.876,5.753,8.224
3966,132.2,571.71,432.52,-5.162,6.205,8.072
3967,132.233,571.79,432.38,-4.477,6.328,7.752
3968,132.267,571.97,433.35,-3.622,6.044,7.046
3969,132.3,571.74,433.14,-2.684,5.466,6.09
3970,132.333,571.84,433.62,-1.708,4.701,5.002
3971,132.367,571.64,433.35,-0.68,3.876,3.935
3972,132.4,571.79,433.71,0.244,2.777,2.788
3973,132.433,571.78,434.04,0.962,1.534,1.81
3974,132.467,572.15,434.16,1.415,0.493,1.498
3975,132.5,571.96,433.98,1.775,-0.513,1.848
3976,132.533,572.02,434.27,1.95,-1.386,2.393
3977,132.567,572.07,433.87,1.67,-1.928,2.551
3978,132.6,572.08,433.85,1.264,-2.25,2.581
3979,132.633,571.87,433.59,0.73,-2.88,2.971
3980,132.667,572.08,432.95,0.583,-2.957,3.014
3981,132.7,572.13,432.98,0.486,-2.921,2.961
3982,132.733,572.15,432.75,0.373,-2.581,2.608
3983,132.767,572.22,432.86,0.257,-1.878,1.895
3984,132.8,572.19,432.91,0.105,-1.386,1.39
3985,132.833,572.14,432.98,0.064,-0.664,0.667
3986,132.867,572.12,432.89,-0.07,-0.093,0.117
3987,132.9,572.14,432.98,-0.052,0.839,0.841
3988,132.933,572.15,433.18,-0.016,1.511,1.511
3989,132.967,572.18,433.06,0.082,2.027,2.028
3990,133.0,572.04,433.59,0.028,2.319,2.319
3991,133.033,572.02,433.21,0.045,2.438,2.438
3992,133.067,572.14,433.19,-0.031,2.157,2.157
3993,133.1,572.02,433.43,-0.075,1.918,1.919
3994,133.133,572.21,433.89,-0.033,1.396,1.396
3995,133.167,572.13,433.68,0.129,0.946,0.955
3996,133.2,572.11,433.75,0.235,0.661,0.702
3997,133.233,572.24,433.64,0.276,0.378,0.468
3998,133.267,572.24,433.67,0.345,0.27,0.438
3999,133.3,572.13,433.64,0.083,0.111,0.139
4000,133.333,572.09,433.65,0.19,0.302,0.357
4001,133.367,572.23,433.73,0.211,0.216,0.301
4002,133.4,572.22,433.34,0.155,0.396,0.425
4003,133.433,572.18,433.57,0.198,0.902,0.924
4004,133.467,572.16,433.42,0.313,0.789,0.849
4005,133.5,572.13,433.41,0.3,0.94,0.987
4006,133.533,572.15,433.6,0.306,0.962,1.009
4007,133.567,572.37,433.8,0.28,1.188,1.221
4008,133.6,572.35,433.73,0.294,1.135,1.172
4009,133.633,572.19,434.03,0.33,1.044,1.095
4010,133.667,572.18,433.85,0.3,0.663,0.727
4011,133.7,572.13,434.03,0.279,0.443,0.523
4012,133.733,572.21,434.09,0.273,-0.17,0.321
4013,133.767,572.1,434.1,0.22,-0.589,0.629
4014,133.8,572.82,434.33,0.122,-0.934,0.942
4015,133.833,572.14,433.64,0.14,-0.758,0.77
4016,133.867,572.3,434.2,0.167,-0.766,0.784
4017,133.9,572.53,433.87,0.058,-1.388,1.39
4018,133.933,572.34,432.97,-0.03,-1.362,1.363
4019,133.967,572.08,433.98,-0.16,-1.627,1.635
4020,134.0,572.2,433.67,-0.321,-1.837,1.864
4021,134.033,572.25,433.28,-0.412,-1.951,1.994
4022,134.067,572.39,432.93,-0.552,-1.796,1.879
4023,134.1,572.21,433.49,-0.982,-1.685,1.951
4024,134.133,572.28,433.41,-1.392,-1.336,1.93
4025,134.167,572.23,433.52,-1.802,-0.949,2.037
4026,134.2,572.27,433.24,-1.65,-0.713,1.798
4027,134.233,572.27,434.03,-0.928,0.259,0.963
4028,134.267,572.22,433.93,0.089,1.257,1.261
4029,134.3,572.26,433.92,1.329,2.334,2.686
4030,134.333,572.08,432.73,2.314,3.107,3.874
4031,134.367,572.05,432.74,4.117,4.055,5.778
4032,134.4,572.17,433.92,5.504,4.496,7.106
4033,134.433,572.1,433.11,6.171,4.723,7.771
4034,134.467,572.24,433.66,7.213,5.241,8.916
4035,134.5,572.43,434.12,7.992,5.307,9.593
4036,134.533,572.5,434.6,8.113,5.543,9.825
4037,134.567,572.86,434.54,7.873,5.95,9.868
4038,134.6,573.74,435.07,7.696,6.425,10.025
4039,134.633,574.42,435.34,7.632,6.883,10.277
4040,134.667,575.66,435.59,7.463,7.252,10.407
4041,134.7,575.68,436.92,6.866,7.362,10.067
4042,134.733,575.46,435.87,6.004,7.746,9.8
4043,134.767,575.42,435.95,4.947,7.27,8.793
4044,134.8,575.56,435.76,3.65,6.667,7.601
4045,134.833,575.59,435.93,2.168,5.868,6.256
4046,134.867,574.26,436.06,0.491,5.981,6.001
4047,134.9,574.45,436.39,-1.301,6.349,6.481
4048,134.933,575.35,437.02,-2.976,5.804,6.522
4049,134.967,574.2,437.62,-4.472,5.843,7.358
4050,135.0,574.27,437.9,-5.705,6.043,8.311
4051,135.033,575.08,437.9,-6.45,5.822,8.689
4052,135.067,575.61,438.02,-6.803,5.684,8.865
4053,135.1,575.04,438.51,-6.815,5.86,8.988
4054,135.133,574.36,438.15,-6.765,6.12,9.123
4055,135.167,573.63,438.32,-6.686,6.317,9.198
4056,135.2,573.64,438.7,-6.981,6.556,9.577
4057,135.233,573.29,438.33,-7.21,6.209,9.515
4058,135.267,572.8,439.22,-7.246,6.389,9.661
4059,135.3,572.5,439.47,-7.16,6.364,9.58
4060,135.333,572.05,439.87,-7.128,6.521,9.661
4061,135.367,572.08,439.32,-7.106,6.594,9.694
4062,135.4,572.2,439.1,-6.367,6.572,9.151
4063,135.433,571.92,440.18,-5.505,6.606,8.6
4064,135.467,571.95,440.34,-4.967,6.298,8.021
4065,135.5,571.89,440.14,-3.83,5.981,7.103
4066,135.533,571.39,441.29,-2.585,5.665,6.227
4067,135.567,571.34,441.44,-1.704,5.281,5.549
4068,135.6,571.3,441.58,-1.473,4.804,5.025
4069,135.633,571.28,441.49,-1.355,4.095,4.313
4070,135.667,571.34,441.8,-1.26,3.594,3.808
4071,135.7,571.32,441.85,-1.028,3.067,3.235
4072,135.733,571.29,441.67,-0.922,2.559,2.72
4073,135.767,571.23,441.24,-0.955,2.38,2.564
4074,135.8,571.17,441.48,-0.966,1.764,2.011
4075,135.833,571.21,441.29,-0.893,1.116,1.43
4076,135.867,571.16,441.44,-0.725,0.341,0.802
4077,135.9,571.18,441.84,-0.616,0.057,0.618
4078,135.933,571.21,441.85,-0.637,0.127,0.649
4079,135.967,571.12,442.39,-0.497,-0.379,0.625
4080,136.0,571.06,442.09,-0.49,-0.609,0.782
4081,136.033,570.98,441.76,-0.536,-0.998,1.132
4082,136.067,570.78,441.79,-0.375,-1.301,1.353
4083,136.1,570.97,441.85,-0.108,-1.803,1.806
4084,136.133,570.99,441.79,0.099,-2.3,2.302
4085,136.167,571.06,441.66,0.286,-2.632,2.648
4086,136.2,571.06,441.69,0.569,-3.263,3.313
4087,136.233,570.86,441.32,0.711,-3.548,3.618
4088,136.267,571.01,441.09,0.803,-3.577,3.666
4089,136.3,571.12,441.28,0.907,-3.289,3.412
4090,136.333,571.02,441.14,0.967,-2.928,3.083
4091,136.367,571.17,440.98,0.967,-2.128,2.338
4092,136.4,571.27,440.52,0.986,-1.181,1.539
4093,136.433,571.38,440.26,1.019,-0.485,1.128
4094,136.467,571.23,440.75,1.008,-0.037,1.009
4095,136.5,571.36,440.23,0.77,0.253,0.811
4096,136.533,571.39,441.33,0.631,0.575,0.854
4097,136.567,571.4,440.5,0.478,1.055,1.158
4098,136.6,571.22,440.92,0.382,1.565,1.611
4099,136.633,571.36,441.02,0.211,1.786,1.798
4100,136.667,571.45,441.06,0.006,1.949,1.949
4101,136.7,571.13,441.81,-0.252,1.82,1.837
4102,136.733,571.31,441.42,-0.499,1.486,1.567
4103,136.767,571.37,441.29,-0.535,1.136,1.256
4104,136.8,571.31,441.41,-0.632,0.654,0.91
4105,136.833,571.4,441.46,-0.661,0.203,0.692
4106,136.867,571.43,441.05,-0.612,-0.191,0.641
4107,136.9,571.36,440.77,-0.634,-0.649,0.907
4108,136.933,571.16,440.93,-0.709,-0.965,1.198
4109,136.967,570.96,441.55,-0.671,-0.844,1.078
4110,137.0,571.34,441.34,-0.533,-1.03,1.16
4111,137.033,571.07,441.36,-0.503,-0.64,0.814
4112,137.067,571.04,441.19,-0.488,-0.678,0.836
4113,137.1,571.08,440.81,-0.43,-0.237,0.491
4114,137.133,571.05,440.96,-0.218,0.046,0.223
4115,137.167,571.11,440.68,0.029,0.276,0.278
4116,137.2,571.18,440.96,0.137,0.407,0.429
4117,137.233,571.22,440.99,0.409,0.23,0.469
4118,137.267,571.08,441.08,0.546,0.161,0.57
4119,137.3,571.21,441.53,0.745,0.179,0.766
4120,137.333,571.06,441.24,0.962,-0.054,0.963
4121,137.367,571.09,441.04,0.91,-0.475,1.026
4122,137.4,571.25,441.17,0.867,-0.437,0.971
4123,137.433,571.45,441.42,0.777,-0.274,0.824
4124,137.467,571.21,441.03,0.649,-0.092,0.656
4125,137.5,571.21,441.44,0.593,-0.406,0.719
4126,137.533,571.4,441.05,0.411,-0.459,0.615
4127,137.567,571.51,440.95,0.355,-0.671,0.759
4128,137.6,571.51,440.74,0.291,-0.758,0.812
4129,137.633,571.46,440.75,0.209,-0.875,0.9
4130,137.667,571.27,440.79,0.146,-0.879,0.891
4131,137.7,571.39,441.08,0.114,-0.838,0.846
4132,137.733,571.36,440.94,0.086,-0.711,0.716
4133,137.767,571.51,440.91,-0.068,-0.219,0.23
4134,137.8,571.27,440.72,-0.13,0.143,0.193
4135,137.833,571.12,441.04,-0.13,0.153,0.201
4136,137.867,571.47,441.37,-0.195,0.444,0.485
4137,137.9,571.29,440.82,-0.319,0.923,0.977
4138,137.933,571.24,440.9,-0.519,1.437,1.528
4139,137.967,571.41,440.83,-0.705,1.728,1.866
4140,138.0,571.5,441.29,-0.683,2.081,2.19
4141,138.033,571.39,440.86,-0.583,2.107,2.186
4142,138.067,571.31,441.05,-0.452,2.052,2.101
4143,138.1,571.34,440.83,-0.277,1.962,1.982
4144,138.133,571.35,441.37,-0.05,1.908,1.909
4145,138.167,571.36,441.24,0.272,1.749,1.77
4146,138.2,571.26,441.8,0.823,1.327,1.561
4147,138.233,571.12,441.83,1.258,0.771,1.476
4148,138.267,571.29,441.29,1.658,0.087,1.661
4149,138.3,571.26,441.62,1.876,-0.467,1.933
4150,138.333,570.96,442.05,2.121,-0.908,2.307
4151,138.367,571.25,441.81,2.435,-1.482,2.85
4152,138.4,571.55,441.63,2.597,-2.323,3.484
4153,138.433,571.87,441.31,2.774,-2.884,4.001
4154,138.467,571.93,441.16,2.858,-3.341,4.397
4155,138.5,572.01,441.02,2.832,-3.564,4.552
4156,138.533,572.24,440.81,2.669,-3.907,4.732
4157,138.567,572.34,440.84,2.352,-3.754,4.43
4158,138.6,572.38,440.61,1.913,-3.253,3.774
4159,138.633,572.44,440.36,1.346,-2.231,2.606
4160,138.667,572.38,440.23,0.722,-1.3,1.487
4161,138.7,572.1,440.54,0.084,-0.337,0.347
4162,138.733,572.15,440.35,-0.566,0.456,0.727
4163,138.767,572.16,440.62,-0.99,1.003,1.41
4164,138.8,572.24,440.35,-1.199,1.335,1.794
4165,138.833,572.31,440.32,-1.141,1.46,1.853
4166,138.867,572.29,440.37,-0.906,1.422,1.686
4167,138.9,572.13,440.63,-0.436,0.996,1.087
4168,138.933,572.04,440.82,0.029,0.535,0.536
4169,138.967,572.1,440.99,0.448,0.054,0.451
4170,139.0,571.94,441.12,0.995,-0.544,1.134
4171,139.033,571.79,441.48,1.409,-1.015,1.736
4172,139.067,571.91,441.46,1.813,-1.525,2.369
4173,139.1,572.08,441.08,2.305,-2.313,3.265
4174,139.133,572.27,440.49,2.663,-2.852,3.902
4175,139.167,572.45,440.17,2.992,-3.502,4.606
4176,139.2,572.6,440.1,3.275,-4.149,5.286
4177,139.233,573.03,439.54,3.678,-4.817,6.061
4178,139.267,573.19,439.36,4.006,-5.171,6.541
4179,139.3,573.04,439.98,4.186,-5.436,6.861
4180,139.333,572.86,439.93,4.161,-5.343,6.772
4181,139.367,573.29,439.32,3.862,-4.808,6.167
4182,139.4,573.11,439.75,3.228,-3.794,4.981
4183,139.433,573.27,439.49,2.51,-2.516,3.554
4184,139.467,573.42,439.38,1.754,-1.184,2.116
4185,139.5,573.33,439.4,0.513,0.463,0.691
4186,139.533,573.8,438.87,-0.633,1.852,1.957
4187,139.567,573.86,438.74,-1.467,2.682,3.057
4188,139.6,573.64,439.02,-2.017,3.119,3.714
4189,139.633,573.81,438.53,-2.362,3.288,4.048
4190,139.667,573.67,439.01,-2.561,3.629,4.442
4191,139.7,573.56,439.55,-2.619,3.908,4.705
4192,139.733,573.25,439.92,-2.533,4.049,4.776
4193,139.767,572.93,440.18,-2.576,4.346,5.052
4194,139.8,572.72,440.53,-2.609,4.721,5.394
4195,139.833,572.45,440.98,-2.422,4.477,5.09
4196,139.867,572.28,441.12,-1.555,3.685,4.0
4197,139.9,572.41,440.99,-0.891,2.974,3.105
4198,139.933,572.27,440.83,-0.171,2.124,2.131
4199,139.967,572.05,440.94,0.15,1.336,1.344
4200,140.0,572.93,440.11,0.403,0.55,0.682
4201,140.033,573.19,440.15,0.726,-0.199,0.753
4202,140.067,573.21,440.43,0.817,-0.66,1.05
4203,140.1,573.06,440.63,0.762,-1.068,1.312
4204,140.133,572.98,440.97,0.815,-1.301,1.535
4205,140.167,572.97,440.69,0.681,-1.076,1.274
4206,140.2,572.97,440.68,0.41,-0.823,0.919
4207,140.233,572.95,440.55,0.089,-0.631,0.637
4208,140.267,573.18,440.32,-0.286,-0.386,0.481
4209,140.3,573.32,439.9,-0.664,-0.143,0.679
4210,140.333,573.36,440.0,-0.972,0.05,0.973
4211,140.367,572.28,440.68,-1.025,0.068,1.027
4212,140.4,572.12,440.98,-1.037,-0.095,1.042
4213,140.433,571.97,440.78,-0.978,-0.297,1.022
4214,140.467,572.62,440.69,-0.794,-0.515,0.946
4215,140.5,572.73,440.66,-0.297,-0.796,0.849
4216,140.533,572.8,440.41,-0.503,-0.384,0.633
4217,140.567,572.85,440.28,-0.674,-0.133,0.687
4218,140.6,572.97,440.56,-0.649,-0.025,0.65
4219,140.633,572.8,440.24,-0.512,-0.014,0.512
4220,140.667,572.73,440.2,-0.364,-0.176,0.404
4221,140.7,572.78,440.27,-0.295,-0.367,0.471
4222,140.733,572.59,440.4,-0.257,-0.271,0.373
4223,140.767,572.61,440.35,-0.222,-0.173,0.281
4224,140.8,572.68,440.44,-0.283,0.068,0.291
4225,140.833,572.64,440.43,-0.058,0.126,0.138
4226,140.867,572.29,440.39,-0.314,0.454,0.552
4227,140.9,572.41,440.51,-0.215,0.669,0.703
4228,140.933,572.23,440.6,-0.056,0.793,0.795
4229,140.967,572.23,440.75,0.204,0.908,0.931
4230,141.0,572.04,440.73,0.232,0.953,0.98
4231,141.033,573.01,440.03,0.018,0.996,0.996
4232,141.067,572.97,440.4,-0.268,1.17,1.2
4233,141.1,572.62,440.6,-0.567,1.297,1.415
4234,141.133,572.46,440.75,-0.991,1.443,1.751
4235,141.167,572.46,440.78,-1.491,1.692,2.255
4236,141.2,572.63,441.17,-1.787,1.779,2.522
4237,141.233,572.75,440.57,-2.182,1.975,2.943
4238,141.267,572.85,440.54,-2.325,2.101,3.133
4239,141.3,572.82,440.35,-2.459,2.153,3.268
4240,141.333,571.6,441.44,-2.608,2.062,3.325
4241,141.367,571.81,441.39,-2.673,1.855,3.254
4242,141.4,571.68,441.3,-2.524,1.649,3.015
4243,141.433,571.59,441.17,-2.317,1.259,2.637
4244,141.467,571.57,441.27,-1.904,0.924,2.116
4245,141.5,571.38,441.45,-1.381,0.613,1.511
4246,141.533,571.66,441.42,-0.712,0.149,0.728
4247,141.567,571.71,441.32,-0.409,0.006,0.409
4248,141.6,571.63,441.59,-0.027,-0.241,0.243
4249,141.633,571.68,441.19,0.5,-0.565,0.755
4250,141.667,572.05,441.1,1.01,-0.508,1.131
4251,141.7,571.79,441.43,1.402,-0.573,1.514
4252,141.733,572.04,441.1,1.511,-0.903,1.76
4253,141.767,571.82,440.92,1.459,-1.481,2.079
4254,141.8,571.9,440.89,1.195,-1.771,2.136
4255,141.833,571.97,440.91,0.92,-1.893,2.105
4256,141.867,571.93,441.01,1.01,-2.227,2.445
4257,141.9,571.99,440.98,0.855,-2.377,2.526
4258,141.933,571.99,441.25,0.854,-2.503,2.645
4259,141.967,571.96,441.04,0.816,-2.528,2.656
4260,142.0,572.01,440.64,0.713,-2.269,2.378
4261,142.033,572.29,440.7,0.714,-1.97,2.095
4262,142.067,572.33,440.72,0.654,-1.526,1.66
4263,142.1,572.09,440.75,0.57,-1.173,1.304
4264,142.133,571.93,440.87,0.688,-1.132,1.324
4265,142.167,571.97,439.8,0.746,-0.81,1.101
4266,142.2,572.11,439.68,0.761,-0.567,0.949
4267,142.233,572.44,439.42,0.847,-0.463,0.965
4268,142.267,572.52,440.48,0.641,-0.235,0.683
4269,142.3,572.58,440.31,0.463,0.075,0.469
4270,142.333,572.11,440.76,0.317,0.325,0.454
4271,142.367,572.18,440.64,0.184,0.532,0.563
4272,142.4,572.43,440.47,0.098,0.596,0.604
4273,142.433,572.12,440.71,0.047,0.693,0.694
4274,142.467,572.19,441.01,0.064,0.452,0.456
4275,142.5,572.33,440.65,0.092,0.176,0.199
4276,142.533,572.43,440.49,0.132,0.073,0.151
4277,142.567,572.43,440.1,-0.041,-0.038,0.056
4278,142.6,572.54,440.24,-0.149,-0.349,0.379
4279,142.633,572.26,440.54,-0.292,-0.68,0.74
4280,142.667,572.41,440.24,-0.151,-1.293,1.302
4281,142.7,572.07,440.47,-0.021,-1.412,1.412
4282,142.733,571.99,440.34,0.212,-1.551,1.565
4283,142.767,572.26,440.24,0.292,-1.249,1.283
4284,142.8,572.45,440.11,0.242,-1.189,1.214
4285,142.833,572.43,440.17,0.084,-1.098,1.101
4286,142.867,572.4,440.17,0.232,-1.088,1.112
4287,142.9,572.43,440.27,0.266,-0.996,1.031
4288,142.933,572.36,440.06,0.201,-0.739,0.766
4289,142.967,572.25,440.24,0.313,-0.568,0.648
4290,143.0,572.29,440.26,0.385,-0.48,0.615
4291,143.033,572.28,440.12,0.452,-0.292,0.539
4292,143.067,572.51,439.87,0.424,-0.164,0.455
4293,143.1,572.29,440.02,0.37,0.034,0.372
4294,143.133,572.65,439.73,0.192,0.194,0.273
4295,143.167,572.38,439.83,0.121,0.106,0.161
4296,143.2,572.56,439.71,-0.024,0.211,0.213
4297,143.233,572.37,440.21,0.0,0.202,0.202
4298,143.267,572.36,440.13,0.09,0.139,0.166
4299,143.3,572.47,439.98,0.223,0.076,0.235
4300,143.333,572.53,440.32,0.218,0.169,0.276
4301,143.367,572.29,440.26,0.267,0.128,0.296
4302,143.4,572.51,440.3,0.271,-0.036,0.274
4303,143.433,572.48,440.26,0.296,-0.192,0.352
4304,143.467,572.42,440.26,0.261,-0.217,0.34
4305,143.5,572.52,439.95,0.285,-0.387,0.481
4306,143.533,572.42,439.75,0.394,-0.738,0.837
4307,143.567,572.49,439.77,0.466,-0.919,1.031
4308,143.6,572.48,439.93,0.504,-1.163,1.267
4309,143.633,572.55,439.9,0.517,-1.22,1.325
4310,143.667,572.57,440.08,0.359,-1.075,1.134
4311,143.7,572.57,439.92,0.292,-0.908,0.954
4312,143.733,572.6,439.81,0.119,-0.563,0.575
4313,143.767,572.75,439.89,-0.042,-0.286,0.289
4314,143.8,572.54,439.91,-0.108,-0.055,0.121
4315,143.833,572.65,439.61,-0.274,0.202,0.34
4316,143.867,572.52,439.72,-0.456,0.35,0.575
4317,143.9,572.59,439.97,-0.504,0.587,0.774
4318,143.933,572.45,439.83,-0.63,0.829,1.041
4319,143.967,572.58,439.69,-0.662,0.732,0.987
4320,144.0,572.6,439.73,-0.671,0.593,0.895
4321,144.033,572.39,440.05,-0.688,0.517,0.861
4322,144.067,572.46,439.82,-0.641,0.53,0.832
4323,144.1,572.22,440.35,-0.558,0.622,0.835
4324,144.133,572.42,440.02,-0.387,0.576,0.694
4325,144.167,572.36,440.03,-0.238,0.449,0.508
4326,144.2,572.34,440.12,-0.068,0.23,0.24
4327,144.233,572.31,440.12,0.056,0.106,0.12
4328,144.267,572.45,439.88,0.136,0.135,0.191
4329,144.3,572.31,440.02,0.175,-0.045,0.181
4330,144.333,572.43,440.21,0.4,-0.31,0.506
4331,144.367,572.42,440.16,0.464,-0.384,0.602
4332,144.4,572.46,439.92,0.535,-0.42,0.68
4333,144.433,572.52,439.57,0.582,-0.543,0.796
4334,144.467,572.41,440.07,0.598,-0.452,0.75
4335,144.5,572.49,439.97,0.543,-0.205,0.581
4336,144.533,572.5,440.01,0.41,0.002,0.41
4337,144.567,572.57,440.02,0.277,0.175,0.327
4338,144.6,572.56,439.84,0.12,0.385,0.403
4339,144.633,572.47,439.92,0.047,0.356,0.359
4340,144.667,572.49,440.11,-0.194,0.53,0.565
4341,144.7,572.45,440.11,-0.292,0.594,0.662
4342,144.733,572.56,440.01,-0.448,0.704,0.834
4343,144.767,572.68,439.71,-0.535,0.823,0.981
4344,144.8,572.62,440.0,-0.613,0.875,1.069
4345,144.833,572.34,440.19,-0.527,0.823,0.977
4346,144.867,572.44,440.25,-0.388,0.658,0.764
4347,144.9,572.45,440.28,-0.398,0.549,0.678
4348,144.933,572.31,440.39,-0.451,0.605,0.755
4349,144.967,572.4,440.17,-0.447,0.712,0.841
4350,145.0,572.3,440.07,-0.313,0.587,0.665
4351,145.033,572.27,440.27,-0.186,0.385,0.427
4352,145.067,572.36,440.1,-0.009,0.052,0.053
4353,145.1,572.27,440.32,0.081,-0.263,0.275
4354,145.133,572.3,440.33,0.176,-0.351,0.393
4355,145.167,572.52,440.16,0.287,-0.44,0.526
4356,145.2,572.32,440.38,0.385,-0.721,0.818
4357,145.233,572.53,440.14,0.49,-0.94,1.06
4358,145.267,572.56,439.93,0.468,-1.043,1.143
4359,145.3,572.52,440.2,0.398,-0.802,0.895
4360,145.333,572.39,440.3,0.334,-0.755,0.826
4361,145.367,572.14,440.29,0.36,-0.738,0.821
4362,145.4,572.47,440.04,0.311,-0.775,0.835
4363,145.433,572.66,439.69,0.132,-0.735,0.747
4364,145.467,572.59,439.82,0.123,-0.648,0.659
4365,145.5,572.52,439.74,0.043,-0.478,0.48
4366,145.533,572.52,439.86,0.009,-0.274,0.274
4367,145.567,572.41,440.09,0.08,-0.275,0.286
4368,145.6,572.49,440.1,0.062,-0.06,0.086
4369,145.633,572.45,439.85,0.143,-0.025,0.145
4370,145.667,572.47,439.82,0.269,-0.163,0.314
4371,145.7,572.47,440.09,0.279,-0.131,0.309
4372,145.733,572.48,440.05,0.418,-0.301,0.515
4373,145.767,572.63,439.98,0.421,-0.34,0.541
4374,145.8,572.56,439.68,0.22,-0.205,0.301
4375,145.833,572.47,439.96,0.064,-0.164,0.176
4376,145.867,572.47,439.96,-0.056,-0.267,0.273
4377,145.9,572.48,440.13,0.069,-0.5,0.505
4378,145.933,572.74,440.02,0.082,-0.572,0.578
4379,145.967,572.56,439.75,-0.001,-0.405,0.405
4380,146.0,572.63,439.67,-0.043,-0.295,0.298
4381,146.033,572.66,439.66,0.009,-0.195,0.195
4382,146.067,572.52,439.9,0.056,-0.035,0.066
4383,146.1,572.64,439.6,0.07,0.178,0.192
4384,146.133,572.57,439.69,-0.163,0.352,0.388
4385,146.167,572.48,440.01,-0.287,0.71,0.766
4386,146.2,572.46,439.85,-0.339,1.195,1.242
4387,146.233,572.31,440.06,-0.204,1.366,1.381
4388,146.267,572.29,440.04,-0.313,1.644,1.674
4389,146.3,572.61,439.97,-0.421,1.851,1.899
4390,146.333,572.56,439.93,-0.381,2.109,2.143
4391,146.367,572.67,440.06,-0.5,2.168,2.225
4392,146.4,572.54,440.31,-0.502,2.19,2.247
4393,146.433,572.57,440.23,-0.495,2.025,2.084
4394,146.467,572.57,440.18,-0.622,1.867,1.968
4395,146.5,572.48,440.34,-0.625,1.707,1.818
4396,146.533,572.24,440.72,-0.637,1.516,1.644
4397,146.567,572.08,440.82,-0.681,1.207,1.386
4398,146.6,572.11,440.65,-0.708,0.999,1.225
4399,146.633,572.57,440.78,-0.734,0.917,1.174
4400,146.667,572.48,440.69,-0.752,0.777,1.081
4401,146.7,572.37,440.47,-0.613,0.463,0.768
4402,146.733,571.92,440.81,-0.483,0.139,0.503
4403,146.767,572.4,440.5,-0.275,-0.192,0.335
4404,146.8,572.27,440.5,0.105,-0.549,0.559
4405,146.833,571.95,440.59,0.41,-0.953,1.038
4406,146.867,572.37,440.66,0.637,-1.165,1.328
4407,146.9,572.23,440.59,0.704,-1.2,1.391
4408,146.933,572.28,440.59,0.731,-1.275,1.47
4409,146.967,572.36,440.38,0.894,-1.405,1.666
4410,147.0,572.32,440.41,0.943,-1.355,1.651
4411,147.033,572.31,440.44,0.771,-1.071,1.32
4412,147.067,572.35,440.73,0.658,-1.058,1.246
4413,147.1,572.54,440.22,0.568,-1.025,1.172
4414,147.133,572.51,440.1,0.548,-1.04,1.175
4415,147.167,572.63,440.1,0.509,-1.047,1.164
4416,147.2,572.47,440.06,0.204,-0.969,0.99
4417,147.233,572.56,440.19,-0.068,-0.736,0.739
4418,147.267,572.69,440.0,-0.074,-0.723,0.727
4419,147.3,572.51,440.05,-0.339,-0.514,0.616
4420,147.333,572.32,440.36,-0.426,-0.423,0.6
4421,147.367,572.4,440.29,-0.39,-0.154,0.419
4422,147.4,572.51,440.01,-0.347,0.006,0.347
4423,147.433,572.64,439.94,-0.42,0.134,0.441
4424,147.467,572.16,440.3,-0.358,0.315,0.477
4425,147.5,572.07,440.31,-0.272,0.5,0.57
4426,147.533,572.36,439.89,-0.214,0.643,0.678
4427,147.567,572.39,440.16,-0.105,0.696,0.704
4428,147.6,572.58,440.02,0.091,0.427,0.437
4429,147.633,572.55,440.32,0.152,0.504,0.526
4430,147.667,572.04,440.29,0.222,0.381,0.441
4431,147.7,572.47,440.22,0.175,0.456,0.488
4432,147.733,572.45,440.18,0.119,0.651,0.662
4433,147.767,572.4,440.34,-0.09,0.826,0.831
4434,147.8,572.58,440.26,-0.414,1.131,1.205
4435,147.833,572.32,440.67,-0.643,1.502,1.634
4436,147.867,572.5,440.31,-0.964,1.729,1.98
4437,147.9,572.12,440.43,-1.143,1.645,2.003
4438,147.933,572.52,440.55,-1.543,1.769,2.347
4439,147.967,572.28,440.36,-2.002,2.021,2.845
4440,148.0,572.14,440.48,-2.203,2.055,3.013
4441,148.033,572.21,440.52,-2.229,1.818,2.876
4442,148.067,572.15,440.64,-2.277,2.084,3.087
4443,148.1,571.88,440.97,-2.222,1.728,2.815
4444,148.133,571.86,440.7,-2.268,1.774,2.88
4445,148.167,571.69,441.4,-2.141,1.633,2.693
4446,148.2,571.58,441.25,-1.749,1.386,2.231
4447,148.233,571.53,441.22,-1.422,1.155,1.832
4448,148.267,571.61,441.21,-1.31,1.184,1.766
4449,148.3,571.54,441.2,-1.209,1.33,1.797
4450,148.333,571.29,441.03,-1.027,1.176,1.561
4451,148.367,571.62,440.85,-0.75,0.944,1.206
4452,148.4,571.24,441.42,-0.556,0.75,0.933
4453,148.433,571.56,441.27,-0.244,0.439,0.502
4454,148.467,571.55,441.07,-0.17,0.094,0.194
4455,148.5,571.58,441.03,-0.107,-0.036,0.112
4456,148.533,571.59,441.47,-0.039,-0.06,0.071
4457,148.567,571.59,440.72,-0.019,-0.085,0.087
4458,148.6,571.5,441.8,-0.01,-0.128,0.129
4459,148.633,571.64,441.23,-0.033,-0.159,0.163
4460,148.667,571.3,441.28,-0.054,-0.092,0.107
4461,148.7,571.31,441.54,-0.053,-0.256,0.261
4462,148.733,571.05,441.69,-0.078,-0.327,0.336
4463,148.767,571.51,441.26,-0.035,-0.431,0.432
4464,148.8,571.73,440.67,-0.559,-0.079,0.565
4465,148.833,571.43,441.24,-0.319,-0.395,0.508
4466,148.867,571.44,440.88,-0.013,-0.424,0.424
4467,148.9,571.36,441.02,0.021,-0.242,0.243
4468,148.933,571.42,441.21,0.42,-0.538,0.683
4469,148.967,571.42,441.28,0.668,-0.723,0.984
4470,149.0,571.53,441.17,0.769,-0.476,0.905
4471,149.033,571.6,440.98,0.346,0.252,0.428
4472,149.067,571.51,441.11,0.185,0.458,0.494
4473,149.1,571.37,441.28,0.069,0.899,0.902
4474,149.133,571.52,441.09,0.473,0.223,0.523
4475,149.167,571.41,441.35,0.676,0.108,0.685
4476,149.2,571.39,441.3,0.862,-0.076,0.865
4477,149.233,571.51,441.23,0.922,-0.11,0.928
4478,149.267,571.39,441.36,1.183,-0.606,1.33
4479,149.3,572.79,440.18,1.183,-0.889,1.48
4480,149.333,571.47,441.44,0.969,-0.819,1.269
4481,149.367,571.52,441.14,0.796,-0.851,1.165
4482,149.4,571.77,441.01,0.617,-0.755,0.975
4483,149.433,571.37,441.62,0.589,-0.809,1.001
4484,149.467,571.25,441.75,0.555,-0.837,1.004
4485,149.5,571.4,441.21,0.444,-0.878,0.984
4486,149.533,572.63,440.04,0.261,-0.85,0.889
4487,149.567,572.42,440.23,0.077,-0.66,0.665
4488,149.6,572.55,440.22,-0.161,-0.415,0.445
4489,149.633,571.5,441.54,-0.317,-0.318,0.449
4490,149.667,571.44,441.02,-0.504,0.022,0.505
4491,149.7,571.55,441.22,-0.889,0.465,1.004
4492,149.733,571.72,440.54,-0.747,0.428,0.86
4493,149.767,571.57,441.12,-0.552,0.307,0.632
4494,149.8,571.63,441.02,-0.285,0.197,0.346
4495,149.833,571.71,440.99,-0.688,0.566,0.891
4496,149.867,571.83,440.71,-0.667,0.548,0.863
4497,149.9,571.85,440.79,-0.578,0.524,0.78
4498,149.933,571.61,441.15,-0.647,0.603,0.884
4499,149.967,571.48,441.07,-0.492,0.425,0.65
4500,150.0,571.58,441.11,-0.07,-0.141,0.157
4501,150.033,571.58,441.16,0.401,-0.538,0.671
4502,150.067,571.42,441.15,0.342,-0.473,0.583
4503,150.1,571.55,441.03,0.232,-0.397,0.459
4504,150.133,571.57,441.23,-0.099,-0.004,0.099
4505,150.167,571.57,440.93,0.06,-0.158,0.169
4506,150.2,572.39,440.16,0.152,-0.151,0.215
4507,150.233,571.64,440.91,0.228,-0.279,0.36
4508,150.267,571.51,441.1,0.156,-0.026,0.158
4509,150.3,571.61,440.83,0.289,-0.154,0.327
4510,150.333,571.44,441.17,0.334,-0.081,0.344
4511,150.367,571.62,440.9,0.349,-0.105,0.364
4512,150.4,571.54,441.11,0.281,0.048,0.285
4513,150.433,571.69,441.05,0.083,0.239,0.253
4514,150.467,571.81,440.77,-0.132,0.401,0.422
4515,150.5,571.72,441.0,-0.205,0.545,0.582
4516,150.533,571.84,440.78,-0.067,0.319,0.326
4517,150.567,571.75,441.01,-0.027,0.171,0.173
4518,150.6,571.76,441.25,0.183,0.031,0.185
4519,150.633,571.72,441.06,-0.083,0.414,0.422
4520,150.667,571.47,440.98,-0.175,0.491,0.522
4521,150.7,571.67,441.01,-0.032,0.456,0.457
4522,150.733,571.66,441.03,-0.168,0.685,0.705
4523,150.767,571.84,440.92,-0.038,0.69,0.691
4524,150.8,571.56,441.26,0.179,0.6,0.626
4525,150.833,571.67,440.94,0.487,0.425,0.646
4526,150.867,571.63,441.16,0.695,0.342,0.774
4527,150.9,571.57,441.19,0.598,0.634,0.872
4528,150.933,571.69,441.23,0.467,1.111,1.205
4529,150.967,571.99,440.96,0.442,1.262,1.337
4530,151.0,571.97,440.95,0.315,1.5,1.533
4531,151.033,571.45,441.77,0.273,1.562,1.585
4532,151.067,571.57,441.77,0.284,1.623,1.648
4533,151.1,571.32,441.92,0.242,1.629,1.647
4534,151.133,572.37,440.84,0.156,1.449,1.458
4535,151.167,572.38,440.89,0.057,1.337,1.338
4536,151.2,572.19,441.16,0.156,1.099,1.11
4537,151.233,571.86,441.55,0.221,0.661,0.697
4538,151.267,571.82,441.6,0.281,0.279,0.396
4539,151.3,571.69,441.71,0.165,0.16,0.23
4540,151.333,571.2,442.44,0.213,-0.14,0.255
4541,151.367,571.37,442.26,0.243,-0.369,0.442
4542,151.4,571.82,441.83,0.388,-0.697,0.798
4543,151.433,572.14,441.01,0.93,-1.421,1.699
4544,151.467,571.94,441.39,1.061,-1.577,1.9
4545,151.5,572.11,441.31,0.923,-1.387,1.666
4546,151.533,572.11,441.31,0.8,-1.357,1.575
4547,151.567,571.86,441.43,0.837,-1.523,1.738
4548,151.6,572.0,441.23,0.758,-1.651,1.817
4549,151.633,572.08,441.14,0.857,-2.007,2.182
4550,151.667,572.17,440.88,0.612,-1.948,2.041
4551,151.7,572.1,441.0,0.189,-1.778,1.788
4552,151.733,572.02,441.35,-0.267,-1.552,1.575
4553,151.767,572.04,441.28,-0.604,-1.429,1.552
4554,151.8,572.24,440.81,-1.021,-1.314,1.664
4555,151.833,572.24,440.69,-1.31,-1.36,1.888
4556,151.867,572.28,440.75,-1.299,-1.659,2.107
4557,151.9,572.14,440.75,-1.64,-1.449,2.188
4558,151.933,571.17,441.81,-1.947,-1.182,2.277
4559,151.967,571.66,440.84,-2.248,-0.61,2.329
4560,152.0,571.76,440.4,-2.309,-0.343,2.335
4561,152.033,571.48,440.94,-2.273,-0.086,2.274
4562,152.067,571.5,440.65,-2.28,0.357,2.308
4563,152.1,571.67,440.34,-2.077,0.522,2.142
4564,152.133,571.75,440.35,-1.822,0.71,1.956
4565,152.167,571.39,440.55,-1.66,1.094,1.988
4566,152.2,571.36,440.67,-1.649,1.631,2.319
4567,152.233,571.26,440.71,-1.619,2.209,2.739
4568,152.267,571.03,440.89,-1.532,2.926,3.303
4569,152.3,571.03,441.2,-1.226,3.205,3.431
4570,152.333,570.72,441.95,-1.271,3.868,4.072
4571,152.367,570.53,442.16,-1.3,4.204,4.4
4572,152.4,571.43,441.17,-1.408,4.357,4.579
4573,152.433,571.37,441.15,-1.83,4.806,5.143
4574,152.467,571.27,441.29,-1.671,4.353,4.663
4575,152.5,571.12,441.71,-1.631,4.016,4.335
4576,152.533,570.8,442.0,-1.685,3.954,4.298
4577,152.567,570.86,441.75,-1.561,3.294,3.646
4578,152.6,570.7,442.31,-1.382,2.462,2.824
4579,152.633,570.44,442.67,-1.196,1.594,1.992
4580,152.667,570.49,442.59,-0.977,0.454,1.077
4581,152.7,570.69,442.76,-0.436,-1.212,1.288
4582,152.733,570.76,442.74,0.211,-2.805,2.813
4583,152.767,570.82,441.86,1.262,-4.542,4.714
4584,152.8,570.32,442.39,2.393,-5.949,6.413
4585,152.833,570.76,441.59,3.318,-7.192,7.92
4586,152.867,570.62,442.02,4.529,-8.636,9.752
4587,152.9,570.53,442.12,5.818,-9.964,11.538
4588,152.933,571.23,441.04,6.633,-10.167,12.139
4589,152.967,571.27,440.9,7.336,-10.004,12.406
4590,153.0,571.45,440.55,7.657,-9.429,12.147
4591,153.033,571.88,439.49,7.772,-8.669,11.643
4592,153.067,572.24,439.12,7.687,-7.678,10.864
4593,153.1,572.7,438.66,7.289,-6.266,9.612
4594,153.133,573.1,438.14,6.729,-4.929,8.341
4595,153.167,573.46,438.06,6.0,-3.549,6.971
4596,153.2,573.61,438.75,5.166,-2.615,5.79
4597,153.233,573.87,438.58,3.997,-1.503,4.27
4598,153.267,573.31,439.29,2.643,-0.488,2.688
4599,153.3,573.36,439.16,1.269,0.97,1.597
4600,153.333,573.84,439.26,0.219,1.984,1.996
4601,153.367,573.6,439.66,-0.687,3.023,3.1
4602,153.4,573.67,439.84,-1.271,3.565,3.785
4603,153.433,573.53,439.18,-1.561,3.583,3.908
4604,153.467,573.14,439.34,-1.682,3.524,3.905
4605,153.5,573.26,439.31,-1.412,2.828,3.161
4606,153.533,573.06,439.39,-1.146,1.842,2.169
4607,153.567,573.07,439.31,-0.863,1.148,1.436
4608,153.6,573.01,439.32,-0.398,0.346,0.527
4609,153.633,572.88,439.47,0.304,-0.231,0.382
4610,153.667,573.04,439.19,0.572,-0.303,0.648
4611,153.7,572.92,440.41,0.782,-0.102,0.789
4612,153.733,573.23,440.04,1.02,-0.265,1.054
4613,153.767,573.53,440.04,1.125,-0.115,1.131
4614,153.8,573.65,439.67,1.396,-0.222,1.414
4615,153.833,573.87,439.53,1.628,-0.298,1.655
4616,153.867,573.66,439.56,1.411,-0.375,1.46
4617,153.9,573.62,439.35,1.293,-0.618,1.433
4618,153.933,573.86,439.06,0.911,-0.676,1.135
4619,153.967,573.5,439.02,0.618,-0.517,0.805
4620,154.0,573.11,439.51,0.35,-0.383,0.519
4621,154.033,573.52,439.6,0.205,-0.859,0.883
4622,154.067,573.78,439.41,-0.066,-0.602,0.606
4623,154.1,573.7,439.73,-0.249,-0.415,0.484
4624,154.133,573.09,439.71,-0.346,-0.115,0.365
4625,154.167,573.83,439.36,-0.238,0.08,0.251
4626,154.2,573.84,439.17,-0.082,0.528,0.534
4627,154.233,573.66,439.55,0.178,0.443,0.478
4628,154.267,573.48,439.37,0.498,0.435,0.661
4629,154.3,573.5,439.38,0.712,0.252,0.756
4630,154.333,573.45,439.57,0.921,0.109,0.928
4631,154.367,573.78,439.71,0.986,-0.039,0.987
4632,154.4,573.6,439.83,1.162,-0.687,1.349
4633,154.433,573.91,439.1,1.27,-0.978,1.603
4634,154.467,573.69,439.09,1.117,-0.8,1.374
4635,154.5,573.96,438.89,1.194,-0.658,1.363
4636,154.533,573.54,440.46,1.409,-0.639,1.547
4637,154.567,574.02,439.14,1.449,-0.226,1.467
4638,154.6,573.99,439.4,1.347,0.153,1.356
4639,154.633,574.06,439.29,1.159,0.362,1.214
4640,154.667,574.02,439.49,1.243,0.483,1.333
4641,154.7,574.03,439.46,1.013,0.667,1.213
4642,154.733,574.26,439.31,0.723,0.878,1.137
4643,154.767,574.15,439.13,0.433,1.01,1.099
4644,154.8,574.26,439.13,0.217,1.197,1.216
4645,154.833,574.21,439.1,0.111,1.235,1.24
4646,154.867,574.22,439.07,0.078,1.17,1.173
4647,154.9,574.06,440.2,-0.087,0.943,0.947
4648,154.933,574.11,440.02,-0.109,0.403,0.418
4649,154.967,574.29,439.59,-0.202,0.005,0.203
4650,155.0,574.0,440.09,-0.13,-0.272,0.301
4651,155.033,574.09,440.29,-0.277,-0.126,0.304
4652,155.067,574.09,439.42,-0.115,-0.716,0.725
4653,155.1,573.99,439.57,-0.103,-0.856,0.863
4654,155.133,574.06,439.46,-0.061,-1.043,1.045
4655,155.167,574.14,439.39,-0.027,-1.157,1.157
4656,155.2,574.1,439.41,0.04,-1.324,1.325
4657,155.233,574.08,439.53,0.169,-1.59,1.599
4658,155.267,574.17,439.22,0.115,-1.589,1.593
4659,155.3,574.26,439.06,0.119,-1.517,1.522
4660,155.333,574.13,439.2,0.033,-1.252,1.252
4661,155.367,574.14,439.05,-0.012,-0.822,0.822
4662,155.4,574.2,438.95,-0.157,-0.05,0.165
4663,155.433,574.18,439.16,-0.189,0.117,0.222
4664,155.467,574.08,439.59,-0.266,0.346,0.436
4665,155.5,573.95,439.67,-0.434,0.615,0.752
4666,155.533,574.18,439.31,-0.486,0.817,0.951
4667,155.567,574.1,439.15,-0.547,0.761,0.937
4668,155.6,574.06,439.32,-0.554,0.812,0.983
4669,155.633,574.06,439.24,-0.465,0.721,0.858
4670,155.667,574.03,439.26,-0.339,0.561,0.655
4671,155.7,574.02,439.23,-0.216,0.353,0.414
4672,155.733,573.9,439.55,-0.103,0.246,0.266
4673,155.767,574.02,439.28,0.029,0.015,0.033
4674,155.8,573.97,439.55,0.09,-0.084,0.123
4675,155.833,574.02,439.5,0.159,-0.338,0.373
4676,155.867,573.9,439.57,0.234,-0.494,0.547
4677,155.9,574.05,439.25,0.301,-0.513,0.595
4678,155.933,573.97,439.46,0.196,-0.296,0.355
4679,155.967,574.05,439.33,0.259,-0.197,0.325
4680,156.0,574.06,439.63,0.314,-0.326,0.452
4681,156.033,574.15,439.13,0.32,-0.613,0.692
4682,156.067,574.18,438.93,0.365,-1.031,1.094
4683,156.1,574.15,439.19,0.312,-0.265,0.409
4684,156.133,574.15,439.2,0.398,-0.24,0.465
4685,156.167,574.08,439.32,0.27,0.142,0.305
4686,156.2,574.02,439.48,0.199,0.322,0.379
4687,156.233,574.08,439.19,0.112,0.521,0.533
4688,156.267,574.09,439.15,0.141,0.559,0.577
4689,156.3,574.18,438.99,0.233,0.243,0.337
4690,156.333,574.05,439.54,0.098,-0.027,0.102
4691,156.367,574.11,439.36,-0.001,-0.239,0.239
4692,156.4,574.09,439.34,0.185,-0.51,0.542
4693,156.433,574.41,439.09,0.244,-0.564,0.614
4694,156.467,574.05,439.26,0.209,-0.501,0.542
4695,156.5,574.08,439.36,0.165,-0.507,0.534
4696,156.533,574.36,439.59,-0.102,-0.845,0.851
4697,156.567,574.04,440.52,-0.27,-0.955,0.993
4698,156.6,574.25,438.21,-0.392,-0.826,0.915
4699,156.633,573.89,439.38,-0.537,-0.594,0.801
4700,156.667,574.28,438.59,-0.605,-0.473,0.768
4701,156.7,574.2,438.8,-0.5,-0.226,0.549
4702,156.733,574.24,438.67,-0.386,-0.455,0.597
4703,156.767,574.14,438.45,-0.242,-0.576,0.625
4704,156.8,573.8,439.45,-0.036,-0.269,0.272
4705,156.833,574.3,439.28,0.103,-0.266,0.285
4706,156.867,574.27,439.25,0.53,-0.622,0.817
4707,156.9,573.75,439.34,0.83,-0.713,1.094
4708,156.933,573.74,439.29,1.153,-0.777,1.39
4709,156.967,573.95,438.78,1.147,-0.568,1.28
4710,157.0,573.88,438.9,0.971,-0.166,0.985
4711,157.033,574.45,439.19,1.115,0.063,1.117
4712,157.067,574.36,439.24,1.047,0.179,1.062
4713,157.1,574.34,439.11,0.977,-0.374,1.046
4714,157.133,574.55,438.69,0.719,0.094,0.725
4715,157.167,574.56,438.84,0.624,-0.013,0.624
4716,157.2,574.37,438.29,0.063,0.289,0.296
4717,157.233,574.52,438.97,-0.22,0.478,0.526
4718,157.267,574.53,439.1,-0.838,0.913,1.239
4719,157.3,574.47,438.22,-1.108,1.409,1.793
4720,157.333,574.56,439.06,-1.074,1.504,1.848
4721,157.367,574.02,439.57,-1.321,1.613,2.085
4722,157.4,574.06,439.43,-1.579,1.661,2.292
4723,157.433,573.83,439.63,-1.762,1.584,2.369
4724,157.467,573.91,439.6,-1.878,1.596,2.465
4725,157.5,574.54,439.18,-1.801,1.701,2.477
4726,157.533,573.82,439.45,-1.449,1.584,2.146
4727,157.567,573.7,439.39,-1.014,1.147,1.531
4728,157.6,573.76,439.41,-0.409,0.443,0.602
4729,157.633,573.77,439.35,0.098,-0.246,0.265
4730,157.667,573.65,439.48,0.121,-0.4,0.418
4731,157.7,574.28,439.38,0.21,-0.635,0.669
4732,157.733,573.77,439.55,0.405,-0.582,0.709
4733,157.767,574.49,439.26,0.557,-0.639,0.848
4734,157.8,573.96,439.57,0.836,-0.597,1.027
4735,157.833,573.67,439.51,0.771,-0.374,0.857
4736,157.867,573.73,439.49,0.774,-0.313,0.835
4737,157.9,573.66,439.48,0.788,-0.421,0.893
4738,157.933,574.15,439.44,0.775,-0.455,0.899
4739,157.967,574.56,438.92,0.899,-0.501,1.029
4740,158.0,574.51,438.87,1.181,-0.652,1.349
4741,158.033,574.51,439.03,0.742,-0.432,0.858
4742,158.067,573.99,439.25,0.51,-0.221,0.556
4743,158.1,573.59,439.69,0.597,0.056,0.6
4744,158.133,573.65,439.85,0.431,0.242,0.494
4745,158.167,574.47,439.22,0.333,0.534,0.63
4746,158.2,574.42,439.24,0.309,0.673,0.74
4747,158.233,574.46,439.39,-0.061,0.94,0.942
4748,158.267,574.43,439.17,-0.138,1.047,1.056
4749,158.3,573.95,438.73,-0.538,1.175,1.292
4750,158.333,574.53,439.47,-0.698,1.124,1.323
4751,158.367,574.04,439.48,-0.644,0.953,1.151
4752,158.4,574.34,439.54,-0.494,0.713,0.867
4753,158.433,574.31,439.66,0.025,0.236,0.238
4754,158.467,574.21,439.58,0.136,-0.26,0.294
4755,158.5,573.62,439.9,0.017,0.061,0.064
4756,158.533,574.17,439.71,-0.206,-0.186,0.278
4757,158.567,574.3,439.56,-0.383,-0.277,0.472
4758,158.6,573.7,439.44,-0.377,-0.525,0.646
4759,158.633,574.13,439.6,-0.068,-0.756,0.759
4760,158.667,574.04,439.39,0.323,-1.183,1.227
4761,158.7,574.13,439.52,0.413,-1.312,1.376
4762,158.733,574.31,439.23,0.509,-1.43,1.518
4763,158.767,574.3,439.16,0.425,-1.419,1.481
4764,158.8,574.31,439.23,0.208,-1.172,1.191
4765,158.833,574.29,439.11,0.264,-0.613,0.668
4766,158.867,574.29,439.18,0.032,-0.055,0.063
4767,158.9,574.28,439.15,-0.089,0.515,0.523
4768,158.933,573.73,439.54,-0.388,1.092,1.159
4769,158.967,574.15,439.63,-0.709,1.573,1.725
4770,159.0,574.19,438.25,-1.008,2.047,2.282
4771,159.033,574.35,439.53,-1.009,2.416,2.618
4772,159.067,574.1,439.37,-1.054,2.595,2.801
4773,159.1,574.13,439.81,-1.087,3.21,3.389
4774,159.133,574.02,439.52,-0.872,2.842,2.973
4775,159.167,574.05,439.74,-0.637,2.168,2.26
4776,159.2,573.91,439.87,-0.404,1.642,1.691
4777,159.233,573.73,440.19,-0.172,0.969,0.984
4778,159.267,573.84,440.1,0.078,0.33,0.339
4779,159.3,573.98,440.09,0.357,-0.299,0.466
4780,159.333,573.85,440.36,0.505,-0.8,0.946
4781,159.367,573.78,439.99,0.628,-1.297,1.441
4782,159.4,573.94,440.0,0.719,-1.715,1.86
4783,159.433,574.04,439.93,0.674,-1.859,1.978
4784,159.467,574.09,439.91,0.898,-2.155,2.335
4785,159.5,574.18,439.83,1.055,-2.498,2.712
4786,159.533,574.4,439.34,1.05,-1.993,2.253
4787,159.567,574.24,439.38,0.913,-1.858,2.07
4788,159.6,574.11,437.8,0.74,-1.282,1.48
4789,159.633,574.36,439.3,0.548,-0.993,1.134
4790,159.667,574.09,439.62,0.351,-0.512,0.621
4791,159.7,574.3,439.36,0.046,0.106,0.116
4792,159.733,574.37,439.37,-0.27,0.773,0.819
4793,159.767,574.2,439.51,-0.311,1.04,1.086
4794,159.8,574.05,439.66,-0.416,1.284,1.35
4795,159.833,574.21,439.45,-0.558,1.522,1.621
4796,159.867,574.17,439.74,-0.675,1.593,1.73
4797,159.9,574.09,439.81,-0.596,1.637,1.742
4798,159.933,574.24,439.55,-0.502,1.57,1.648
4799,159.967,574.25,439.64,-0.322,1.199,1.241
4800,160.0,573.96,439.74,-0.09,0.693,0.698
4801,160.033,574.09,439.82,0.017,0.217,0.218
4802,160.067,574.0,439.96,0.127,0.057,0.139
4803,160.1,574.15,439.45,0.246,-0.317,0.402
4804,160.133,574.04,439.79,0.429,0.119,0.445
4805,160.167,574.02,439.91,0.393,0.015,0.394
4806,160.2,574.15,439.61,0.475,-0.366,0.6
4807,160.233,574.34,439.35,0.371,-0.88,0.955
4808,160.267,574.04,439.77,0.333,-1.236,1.28
4809,160.3,574.16,439.83,0.254,-1.454,1.476
4810,160.333,574.18,439.73,0.287,-1.621,1.646
4811,160.367,574.41,439.48,0.194,-1.543,1.555
4812,160.4,574.32,439.5,0.086,-1.566,1.568
4813,160.433,574.36,439.34,0.031,-1.622,1.622
4814,160.467,574.22,439.72,-0.152,-1.277,1.286
4815,160.5,574.11,439.78,-0.311,-1.051,1.096
4816,160.533,574.34,439.47,-0.451,-0.707,0.838
4817,160.567,574.07,438.88,-0.53,-0.526,0.747
4818,160.6,574.08,438.91,-0.498,-0.457,0.676
4819,160.633,574.01,438.89,-0.433,-0.207,0.48
4820,160.667,574.14,438.77,-0.285,-0.128,0.312
4821,160.7,574.11,438.92,-0.114,-0.11,0.158
4822,160.733,574.32,439.58,-0.011,0.459,0.459
4823,160.767,574.01,439.63,-0.084,1.072,1.075
4824,160.8,574.15,439.54,0.101,1.348,1.352
4825,160.833,574.04,439.51,0.405,0.986,1.066
4826,160.867,574.11,439.42,0.616,1.189,1.34
4827,160.9,574.13,439.56,0.677,1.378,1.536
4828,160.933,574.1,439.72,0.771,1.062,1.313
4829,160.967,574.22,439.26,0.744,0.86,1.137
4830,161.0,574.13,439.53,0.679,0.602,0.908
4831,161.033,574.46,439.23,0.531,0.361,0.643
4832,161.067,574.37,439.46,0.195,0.156,0.25
4833,161.1,574.36,439.53,0.023,0.126,0.128
4834,161.133,574.22,439.75,-0.177,0.123,0.216
4835,161.167,574.18,439.99,-0.275,-0.025,0.276
4836,161.2,574.21,440.12,-0.371,0.028,0.372
4837,161.233,574.3,439.16,-0.392,0.063,0.397
4838,161.267,574.55,439.1,-0.631,-0.04,0.632
4839,161.3,574.4,439.14,-0.673,-0.101,0.68
4840,161.333,574.05,440.36,-0.744,-0.035,0.744
4841,161.367,574.14,439.15,-0.667,-0.191,0.693
4842,161.4,574.11,439.05,-0.66,-0.286,0.719
4843,161.433,573.92,439.99,-0.614,-0.29,0.679
4844,161.467,573.88,440.08,-0.429,-0.565,0.71
4845,161.5,573.87,439.84,-0.305,-0.605,0.677
4846,161.533,574.07,439.43,-0.112,-0.687,0.696
4847,161.567,574.2,439.24,-0.099,-0.561,0.569
4848,161.6,574.1,439.23,-0.069,-0.375,0.382
4849,161.633,574.21,439.09,-0.104,-0.19,0.216
4850,161.667,574.17,439.49,-0.045,-0.216,0.221
4851,161.7,574.09,439.46,0.11,-0.268,0.29
4852,161.733,573.95,439.71,0.229,-0.746,0.781
4853,161.767,574.17,439.56,0.229,-0.64,0.679
4854,161.8,574.11,439.38,0.039,-0.383,0.385
4855,161.833,574.11,439.04,-0.187,0.038,0.191
4856,161.867,573.96,439.44,-0.34,-0.203,0.395
4857,161.9,574.13,439.47,-0.443,0.112,0.457
4858,161.933,574.13,439.13,-0.578,0.52,0.778
4859,161.967,573.94,439.46,-0.602,0.611,0.857
4860,162.0,573.97,439.51,-0.571,0.418,0.708
4861,162.033,573.96,439.48,-0.481,0.179,0.514
4862,162.067,574.0,439.51,-0.423,0.152,0.449
4863,162.1,573.97,439.31,-0.414,0.255,0.486
4864,162.133,574.08,439.28,-0.268,0.314,0.412
4865,162.167,574.01,439.54,-0.23,0.419,0.478
4866,162.2,573.83,439.22,-0.207,0.495,0.537
4867,162.233,573.8,439.79,-0.163,0.539,0.563
4868,162.267,573.88,439.58,-0.048,0.401,0.403
4869,162.3,573.88,439.58,-0.028,0.238,0.24
4870,162.333,573.9,439.44,0.126,-0.05,0.136
4871,162.367,574.06,439.53,0.204,-0.119,0.236
4872,162.4,573.87,439.45,0.383,-0.289,0.48
4873,162.433,573.94,439.59,0.407,-0.584,0.712
4874,162.467,573.94,439.33,0.413,-0.674,0.791
4875,162.5,573.98,439.53,0.411,-0.697,0.81
4876,162.533,574.03,439.63,0.358,-0.746,0.828
4877,162.567,574.04,439.46,0.351,-0.76,0.837
4878,162.6,574.08,439.31,0.274,-0.719,0.769
4879,162.633,573.89,439.4,0.183,-0.656,0.681
4880,162.667,573.98,439.55,0.002,-0.475,0.475
4881,162.7,574.03,439.24,-0.203,-0.299,0.362
4882,162.733,574.07,439.19,-0.255,0.063,0.263
4883,162.767,574.14,439.1,-0.287,0.138,0.318
4884,162.8,574.19,439.02,-0.28,0.227,0.361
4885,162.833,573.93,439.36,-0.244,0.386,0.456
4886,162.867,574.0,439.36,-0.216,0.675,0.709
4887,162.9,573.85,439.28,-0.286,0.988,1.028
4888,162.933,573.92,439.57,-0.261,1.264,1.291
4889,162.967,573.81,439.73,-0.218,1.234,1.253
4890,163.0,573.91,439.48,-0.205,1.413,1.428
4891,163.033,573.98,439.55,-0.174,1.331,1.342
4892,163.067,573.86,439.58,-0.16,1.182,1.193
4893,163.1,573.91,439.48,-0.194,1.048,1.066
4894,163.133,573.93,439.74,-0.266,0.888,0.927
4895,163.167,573.96,439.75,-0.21,0.591,0.627
4896,163.2,574.06,439.63,-0.143,0.16,0.214
4897,163.233,573.94,439.66,-0.072,-0.159,0.175
4898,163.267,574.0,439.77,0.008,-0.554,0.554
4899,163.3,573.9,439.96,0.007,-0.654,0.654
4900,163.333,573.85,439.86,-0.014,-0.854,0.854
4901,163.367,573.85,439.7,0.022,-0.92,0.92
4902,163.4,573.89,439.42,0.014,-0.976,0.977
4903,163.433,573.88,439.34,0.08,-0.896,0.899
4904,163.467,573.8,439.67,0.12,-0.856,0.864
4905,163.5,573.89,439.36,0.16,-0.876,0.891
4906,163.533,573.86,439.56,0.149,-0.614,0.632
4907,163.567,573.85,439.4,0.203,-0.591,0.625
4908,163.6,573.95,439.27,0.205,-0.61,0.643
4909,163.633,574.02,439.29,0.197,-0.386,0.434
4910,163.667,574.02,439.38,0.156,-0.165,0.227
4911,163.7,574.02,439.36,0.122,0.095,0.155
4912,163.733,574.02,439.35,0.014,0.426,0.426
4913,163.767,573.95,439.65,-0.043,0.734,0.735
4914,163.8,574.01,439.25,-0.19,0.874,0.895
4915,163.833,573.89,439.79,-0.218,0.6,0.638
4916,163.867,573.94,439.44,-0.185,0.402,0.442
4917,163.9,573.93,439.56,-0.216,0.135,0.254
4918,163.933,573.87,439.57,-0.249,0.134,0.283
4919,163.967,573.82,439.52,-0.488,0.526,0.718
4920,164.0,573.92,439.53,-0.314,0.269,0.413
4921,164.033,573.96,439.14,-0.205,0.246,0.32
4922,164.067,573.71,439.64,-0.052,0.055,0.076
4923,164.1,573.89,439.91,0.117,0.002,0.117
4924,164.133,573.87,439.76,0.26,-0.165,0.308
4925,164.167,573.95,439.6,0.335,-0.278,0.435
4926,164.2,573.9,439.46,0.403,-0.287,0.495
4927,164.233,573.94,439.32,0.423,-0.273,0.504
4928,164.267,573.91,439.19,0.179,0.123,0.217
4929,164.3,574.04,439.25,0.24,-0.034,0.242
4930,164.333,573.9,439.81,-0.001,0.388,0.388
4931,164.367,573.79,439.68,0.172,0.07,0.185
4932,164.4,573.92,439.95,0.077,0.299,0.309
4933,164.433,573.92,439.73,0.361,0.023,0.362
4934,164.467,574.54,438.83,0.471,-0.151,0.495
4935,164.5,573.91,439.66,0.474,-0.052,0.477
4936,164.533,573.98,439.44,0.542,0.032,0.543
4937,164.567,573.94,439.54,0.395,-0.04,0.397
4938,164.6,573.95,439.33,0.355,-0.173,0.395
4939,164.633,573.91,439.75,0.339,-0.281,0.441
4940,164.667,573.93,439.84,0.436,-0.377,0.577
4941,164.7,573.87,439.69,0.331,-0.53,0.625
4942,164.733,573.88,439.8,0.323,-0.577,0.661
4943,164.767,574.51,438.97,0.197,-0.425,0.468
4944,164.8,574.01,439.75,0.258,-0.207,0.331
4945,164.833,574.68,438.84,0.13,0.055,0.141
4946,164.867,574.01,439.78,0.177,0.071,0.191
4947,164.9,574.56,438.87,0.283,0.216,0.356
4948,164.933,573.71,439.78,0.4,0.07,0.406
4949,164.967,573.93,439.69,0.537,-0.456,0.704
4950,165.0,574.17,439.14,0.247,-0.464,0.525
4951,165.033,573.87,438.99,0.203,-0.33,0.387
4952,165.067,574.2,439.83,0.209,-0.271,0.343
4953,165.1,574.33,439.77,0.201,-0.238,0.311
4954,165.133,574.2,439.43,0.125,-0.145,0.191
4955,165.167,573.95,439.39,0.113,-0.172,0.206
4956,165.2,574.29,439.58,0.146,-0.109,0.182
4957,165.233,574.16,439.53,0.227,-0.436,0.492
4958,165.267,574.45,439.27,0.34,-0.492,0.598
4959,165.3,574.13,439.33,0.05,-0.166,0.173
4960,165.333,574.4,439.31,0.118,-0.485,0.5
4961,165.367,574.21,439.25,-0.158,-0.166,0.229
4962,165.4,574.25,438.88,-0.28,-0.164,0.325
4963,165.433,574.14,438.86,-0.584,0.26,0.64
4964,165.467,574.09,439.75,-0.542,0.367,0.654
4965,165.5,574.23,439.96,-0.518,0.137,0.536
4966,165.533,574.22,439.06,-0.52,0.622,0.81
4967,165.567,574.01,439.38,-0.408,0.844,0.937
4968,165.6,574.0,439.39,-0.421,1.181,1.254
4969,165.633,574.12,439.62,-0.576,1.296,1.418
4970,165.667,574.06,439.58,-0.569,1.189,1.318
4971,165.7,573.97,439.15,-0.478,1.197,1.289
4972,165.733,573.98,440.07,-0.41,1.127,1.199
4973,165.767,574.01,439.36,-0.535,1.138,1.257
4974,165.8,574.27,439.3,-0.491,0.8,0.938
4975,165.833,574.01,439.99,-0.279,0.469,0.545
4976,165.867,573.93,439.77,-0.246,0.101,0.266
4977,165.9,574.16,439.62,-0.188,-0.178,0.258
4978,165.933,573.92,439.72,-0.187,-0.157,0.244
4979,165.967,573.98,439.54,-0.328,0.189,0.378
4980,166.0,573.95,440.3,-0.365,0.097,0.377
4981,166.033,573.77,439.39,-0.137,-0.134,0.192
4982,166.067,573.85,440.33,-0.042,0.065,0.077
4983,166.1,573.86,439.24,0.058,0.114,0.128
4984,166.133,574.04,439.3,0.123,0.01,0.123
4985,166.167,573.83,439.91,0.138,-0.176,0.224
4986,166.2,574.0,439.7,0.116,-0.178,0.213
4987,166.233,573.79,439.49,-0.111,-0.01,0.111
4988,166.267,574.46,438.99,-0.108,-0.286,0.306
4989,166.3,573.91,439.78,-0.348,-0.298,0.458
4990,166.333,573.79,439.76,-0.683,-0.115,0.692
4991,166.367,573.79,439.94,-0.816,-0.103,0.822
4992,166.4,573.82,439.96,-0.766,-0.085,0.771
4993,166.433,573.83,439.97,-0.654,-0.048,0.655
4994,166.467,574.28,439.6,-0.7,-0.126,0.711
4995,166.5,574.3,439.68,-0.739,-0.065,0.742
4996,166.533,573.54,439.51,-0.839,-0.326,0.9
4997,166.567,573.57,439.34,-0.742,-0.405,0.846
4998,166.6,573.6,439.33,-0.515,-0.739,0.9
4999,166.633,573.58,439.69,-0.447,-0.717,0.845
5000,166.667,573.42,439.74,-0.373,-0.536,0.653
5001,166.7,573.37,439.36,-0.023,-0.625,0.626
5002,166.733,573.89,439.5,0.135,-0.671,0.685
5003,166.767,573.43,439.55,0.257,-0.594,0.648
5004,166.8,573.99,439.73,0.053,-0.137,0.147
5005,166.833,574.07,439.63,0.073,-0.022,0.076
5006,166.867,574.01,439.3,0.195,0.108,0.223
5007,166.9,573.81,439.32,0.307,0.012,0.307
5008,166.933,573.31,439.38,0.606,0.013,0.607
5009,166.967,573.77,439.55,0.594,0.019,0.594
5010,167.0,573.73,439.51,0.392,0.148,0.419
5011,167.033,573.95,439.31,0.147,0.101,0.178
5012,167.067,573.86,439.81,0.12,0.035,0.125
5013,167.1,573.56,439.37,0.105,0.163,0.194
5014,167.133,573.97,439.64,0.05,0.34,0.344
5015,167.167,573.87,439.46,0.067,0.178,0.19
5016,167.2,573.46,439.45,0.39,-0.027,0.391
5017,167.233,573.61,439.51,0.722,-0.088,0.727
5018,167.267,573.95,439.49,0.651,-0.124,0.663
5019,167.3,573.97,439.41,0.776,-0.215,0.805
5020,167.333,573.97,439.53,0.609,-0.442,0.753
5021,167.367,573.91,439.53,0.168,-0.232,0.287
5022,167.4,574.0,439.87,-0.274,-0.008,0.274
5023,167.433,573.52,439.6,-0.365,-0.193,0.413
5024,167.467,574.14,439.37,-0.237,-0.223,0.325
5025,167.5,574.05,439.25,-0.3,-0.278,0.409
5026,167.533,573.83,439.37,-0.584,0.041,0.585
5027,167.567,573.95,439.52,-1.093,0.443,1.18
5028,167.6,573.91,439.28,-1.039,0.098,1.043
5029,167.633,574.01,439.18,-0.873,0.17,0.889
5030,167.667,573.91,439.52,-0.897,0.095,0.902
5031,167.7,573.37,439.52,-0.895,0.017,0.895
5032,167.733,573.29,439.65,-0.832,0.07,0.835
5033,167.767,573.49,439.58,-0.511,0.083,0.518
5034,167.8,573.48,439.75,-0.392,0.156,0.422
5035,167.833,573.5,439.95,-0.275,0.335,0.434
5036,167.867,573.91,438.98,-0.114,0.33,0.349
5037,167.9,573.99,439.0,-0.019,0.353,0.354
5038,167.933,573.37,439.93,-0.046,0.08,0.092
5039,167.967,573.35,439.82,0.144,-0.105,0.178
5040,168.0,573.3,439.89,-0.142,-0.079,0.163
5041,168.033,573.88,439.07,-0.334,0.016,0.335
5042,168.067,574.44,438.87,-0.211,0.118,0.242
5043,168.1,573.47,439.87,-0.137,0.025,0.14
5044,168.133,573.51,439.49,-0.108,0.028,0.112
5045,168.167,573.49,439.54,-0.453,0.228,0.507
5046,168.2,573.45,439.76,-0.778,0.412,0.88
5047,168.233,573.87,439.58,-0.785,0.474,0.917
5048,168.267,573.4,439.65,-0.543,0.405,0.677
5049,168.3,573.51,439.55,-0.315,0.31,0.442
5050,168.333,573.44,439.37,-0.0,0.127,0.127
5051,168.367,573.23,439.62,0.315,-0.246,0.399
5052,168.4,573.29,439.56,0.427,-0.076,0.433
5053,168.433,573.37,439.77,0.432,0.201,0.476
5054,168.467,573.42,439.79,0.697,0.016,0.697
5055,168.5,573.96,439.56,0.977,-0.054,0.979
5056,168.533,573.96,439.55,1.294,-0.323,1.334
5057,168.567,573.55,439.4,1.375,-0.172,1.385
5058,168.6,573.43,439.62,1.021,0.087,1.024
5059,168.633,573.36,439.73,0.934,0.004,0.934
5060,168.667,573.96,439.58,0.87,-0.09,0.874
5061,168.7,574.04,439.28,0.765,-0.149,0.78
5062,168.733,574.07,439.44,0.648,-0.332,0.728
5063,168.767,573.87,439.54,0.31,-0.343,0.462
5064,168.8,573.87,439.65,0.152,-0.372,0.402
5065,168.833,573.79,439.65,-0.035,-0.288,0.29
5066,168.867,573.85,439.71,-0.123,-0.069,0.142
5067,168.9,573.83,439.57,0.113,-0.003,0.113
5068,168.933,573.77,439.58,0.319,0.108,0.337
5069,168.967,573.74,439.7,0.341,0.097,0.355
5070,169.0,573.76,439.37,0.364,0.157,0.396
5071,169.033,573.85,439.46,0.133,0.32,0.346
5072,169.067,573.76,439.3,0.08,0.468,0.475
5073,169.1,573.77,439.51,-0.041,0.532,0.534
5074,169.133,573.94,439.3,-0.0,0.509,0.509
5075,169.167,573.83,439.67,0.18,0.405,0.443
5076,169.2,573.91,439.69,0.319,0.323,0.454
5077,169.233,574.02,439.83,0.263,0.709,0.756
5078,169.267,574.02,439.72,0.102,0.59,0.599
5079,169.3,574.09,439.75,-0.261,0.632,0.684
5080,169.333,574.11,439.65,-0.458,0.451,0.642
5081,169.367,574.01,439.62,-0.664,0.062,0.667
5082,169.4,573.52,439.76,-0.797,-0.285,0.846
5083,169.433,573.45,439.81,-0.581,-0.473,0.749
5084,169.467,573.81,439.9,-0.398,-0.637,0.751
5085,169.5,573.92,439.64,-0.166,-0.897,0.913
5086,169.533,574.0,439.51,-0.051,-0.91,0.912
5087,169.567,573.44,439.4,-0.028,-0.876,0.877
5088,169.6,573.9,439.69,-0.141,-0.625,0.641
5089,169.633,573.86,439.67,-0.14,-0.503,0.522
5090,169.667,573.88,439.64,-0.301,-0.167,0.344
5091,169.7,573.4,439.66,-0.043,0.183,0.188
5092,169.733,573.53,438.8,0.136,0.355,0.38
5093,169.767,573.53,439.61,0.236,0.426,0.487
5094,169.8,574.16,439.14,0.233,0.486,0.539
5095,169.833,573.97,439.38,0.069,0.512,0.517
5096,169.867,574.25,439.86,-0.19,0.626,0.655
5097,169.9,574.26,439.84,-0.597,0.712,0.929
5098,169.933,573.55,439.73,-0.748,0.58,0.946
5099,169.967,573.53,439.75,-0.746,0.546,0.924
5100,170.0,573.33,439.9,-0.847,0.219,0.875
5101,170.033,573.42,439.82,-0.957,0.311,1.006
5102,170.067,573.44,439.79,-0.809,0.007,0.809
5103,170.1,573.87,439.6,-0.39,-0.121,0.408
5104,170.133,573.79,439.78,-0.362,-0.352,0.504
5105,170.167,574.16,439.69,-0.467,-0.354,0.586
5106,170.2,573.45,439.3,-0.347,-0.665,0.75
5107,170.233,573.44,439.56,-0.078,-0.939,0.942
5108,170.267,573.33,439.56,0.28,-0.753,0.804
5109,170.3,573.35,439.62,0.749,-0.817,1.108
5110,170.333,573.45,439.6,0.949,-0.574,1.109
5111,170.367,573.44,439.44,1.261,-0.184,1.274
5112,170.4,573.76,439.46,1.374,-0.385,1.427
5113,170.433,573.85,439.75,1.448,-0.502,1.533
5114,170.467,573.91,439.4,1.63,-0.532,1.714
5115,170.5,574.06,439.79,1.094,-0.289,1.132
5116,170.533,574.18,438.94,0.672,-0.171,0.694
5117,170.567,573.52,439.81,0.202,0.054,0.209
5118,170.6,573.41,439.7,-0.282,0.241,0.371
5119,170.633,573.78,439.72,-1.086,0.898,1.409
5120,170.667,574.19,439.11,-1.879,1.313,2.292
5121,170.7,573.74,439.66,-3.141,1.736,3.589
5122,170.733,573.99,439.55,-3.668,1.986,4.171
5123,170.767,573.89,439.63,-4.27,2.21,4.808
5124,170.8,573.8,439.61,-4.696,2.558,5.348
5125,170.833,573.65,439.64,-4.87,2.949,5.693
5126,170.867,573.27,439.3,-4.913,3.272,5.903
5127,170.9,572.85,440.26,-4.634,3.443,5.773
5128,170.933,572.0,440.42,-4.346,3.512,5.588
5129,170.967,571.48,440.73,-3.963,3.38,5.209
5130,171.0,572.45,440.47,-3.286,3.239,4.614
5131,171.033,572.22,440.81,-3.006,2.975,4.229
5132,171.067,572.08,440.85,-2.56,2.99,3.936
5133,171.1,571.98,441.18,-1.823,2.644,3.212
5134,171.133,572.1,440.44,-0.963,1.902,2.131
5135,171.167,572.03,440.64,-0.331,1.251,1.294
5136,171.2,572.65,440.51,-0.049,1.216,1.217
5137,171.233,571.85,441.32,0.208,1.087,1.107
5138,171.267,572.2,441.36,0.265,0.935,0.972
5139,171.3,572.32,441.16,-0.078,0.878,0.882
5140,171.333,572.24,440.88,-0.495,0.797,0.938
5141,171.367,572.35,440.75,-0.872,0.783,1.172
5142,171.4,572.14,441.02,-1.316,1.248,1.813
5143,171.433,572.17,441.12,-1.673,1.328,2.136
5144,171.467,572.14,441.08,-1.862,1.525,2.406
5145,171.5,571.51,441.32,-1.653,1.64,2.329
5146,171.533,572.18,441.03,-1.559,1.655,2.274
5147,171.567,571.63,441.22,-1.377,1.529,2.058
5148,171.6,571.53,441.1,-1.211,1.56,1.975
5149,171.633,571.36,442.05,-1.074,1.477,1.826
5150,171.667,571.36,442.08,-1.026,1.643,1.937
5151,171.7,571.36,441.65,-1.05,2.047,2.301
5152,171.733,571.54,441.43,-1.262,2.4,2.711
5153,171.767,571.38,441.66,-1.124,2.426,2.674
5154,171.8,571.96,441.51,-1.131,2.315,2.577
5155,171.833,571.92,441.79,-1.445,2.26,2.682
5156,171.867,571.51,441.99,-1.601,2.341,2.835
5157,171.9,571.49,441.84,-1.909,2.434,3.093
5158,171.933,571.26,442.15,-2.138,2.409,3.221
5159,171.967,571.62,441.97,-2.246,2.243,3.174
5160,172.0,571.62,441.86,-2.213,1.964,2.959
5161,172.033,570.97,442.47,-1.861,1.489,2.383
5162,172.067,570.71,442.75,-1.69,1.07,2.0
5163,172.1,570.64,442.58,-1.264,0.544,1.376
5164,172.133,570.68,442.46,-0.678,0.312,0.747
5165,172.167,570.7,442.76,-0.095,-0.369,0.381
5166,172.2,570.97,442.22,0.53,-1.262,1.368
5167,172.233,570.69,442.56,1.024,-1.66,1.95
5168,172.267,570.66,442.44,1.53,-2.103,2.601
5169,172.3,570.65,442.43,2.0,-2.368,3.1
5170,172.333,571.25,442.22,2.203,-2.562,3.379
5171,172.367,571.15,441.95,2.044,-2.529,3.252
5172,172.4,571.51,441.86,1.842,-2.289,2.938
5173,172.433,571.8,441.62,1.548,-1.646,2.259
5174,172.467,571.77,441.53,1.423,-0.918,1.694
5175,172.5,571.61,441.58,0.947,0.152,0.96
5176,172.533,571.76,441.6,0.322,1.512,1.546
5177,172.567,571.55,441.78,-0.183,2.512,2.518
5178,172.6,571.45,442.04,-0.544,3.182,3.228
5179,172.633,571.15,441.85,-0.869,3.72,3.821
5180,172.667,571.24,441.98,-1.06,4.017,4.154
5181,172.7,571.1,442.46,-1.263,3.855,4.057
5182,172.733,571.35,442.01,-1.399,3.654,3.913
5183,172.767,571.07,442.72,-0.989,3.094,3.249
5184,172.8,571.18,442.69,-0.659,2.339,2.43
5185,172.833,570.84,443.41,-0.058,1.553,1.555
5186,172.867,571.17,443.48,0.307,0.941,0.99
5187,172.9,571.39,443.52,0.866,0.243,0.899
5188,172.933,571.47,443.35,1.43,-0.423,1.492
5189,172.967,571.19,443.24,1.562,-0.756,1.736
5190,173.0,571.31,442.87,1.712,-1.104,2.037
5191,173.033,571.25,442.38,1.487,-0.764,1.672
5192,173.067,571.42,442.29,1.116,-0.411,1.189
5193,173.1,571.44,442.19,0.714,0.154,0.73
5194,173.133,571.66,442.05,0.414,0.41,0.583
5195,173.167,571.62,442.15,0.346,0.816,0.886
5196,173.2,572.0,442.32,0.149,1.158,1.167
5197,173.233,571.96,442.59,0.022,1.29,1.29
5198,173.267,571.29,442.82,-0.145,1.568,1.574
5199,173.3,571.75,443.21,-0.08,0.963,0.966
5200,173.333,571.56,443.21,0.062,0.37,0.376
5201,173.367,571.72,442.89,0.517,-0.408,0.658
5202,173.4,571.55,443.3,1.108,-1.434,1.812
5203,173.433,571.1,443.48,1.72,-2.715,3.214
5204,173.467,571.46,443.23,2.001,-3.858,4.346
5205,173.5,571.12,443.74,2.842,-5.48,6.173
5206,173.533,571.87,442.45,3.636,-6.775,7.689
5207,173.567,572.01,442.33,4.479,-7.831,9.021
5208,173.6,572.33,441.46,5.217,-8.92,10.333
5209,173.633,572.32,441.43,5.888,-10.008,11.611
5210,173.667,572.27,440.92,6.15,-10.557,12.217
5211,173.7,572.68,440.53,6.381,-10.35,12.159
5212,173.733,573.05,439.92,6.263,-9.779,11.613
5213,173.767,573.29,439.47,6.125,-8.863,10.773
5214,173.8,573.53,440.31,6.09,-7.831,9.921
5215,173.833,573.75,440.21,5.746,-6.777,8.885
5216,173.867,574.0,439.56,5.216,-5.48,7.566
5217,173.9,573.9,439.41,4.461,-3.988,5.984
5218,173.933,573.88,439.33,3.899,-2.772,4.784
5219,173.967,574.79,438.53,3.366,-1.884,3.857
5220,174.0,574.17,439.14,2.573,-0.602,2.643
5221,174.033,574.24,438.56,1.943,0.29,1.965
5222,174.067,574.23,438.45,1.056,1.353,1.717
5223,174.1,574.21,438.92,0.25,2.075,2.09
5224,174.133,574.17,439.83,-0.613,3.053,3.114
5225,174.167,574.66,440.04,-1.226,3.689,3.887
5226,174.2,574.63,439.52,-1.723,4.19,4.531
5227,174.233,574.7,439.61,-1.907,4.397,4.792
5228,174.267,574.27,439.49,-1.738,4.663,4.976
5229,174.3,574.27,439.79,-1.512,4.888,5.117
5230,174.333,574.04,440.0,-1.5,4.526,4.768
5231,174.367,574.14,439.91,-1.503,3.964,4.239
5232,174.4,574.08,440.21,-1.208,3.119,3.344
5233,174.433,573.36,440.76,-1.191,2.656,2.911
5234,174.467,573.4,441.55,-1.261,2.188,2.525
5235,174.5,573.49,440.97,-1.738,1.961,2.62
5236,174.533,573.66,440.65,-1.86,1.315,2.278
5237,174.567,573.79,440.76,-2.073,0.996,2.299
5238,174.6,573.77,440.92,-2.163,0.675,2.266
5239,174.633,573.93,440.51,-2.266,0.399,2.3
5240,174.667,573.84,440.42,-2.236,-0.339,2.261
5241,174.7,574.3,440.31,-2.454,-1.058,2.672
5242,174.733,573.94,440.56,-2.562,-1.423,2.93
5243,174.767,573.17,440.48,-2.723,-1.952,3.35
5244,174.8,572.85,440.71,-2.766,-2.258,3.571
5245,174.833,573.12,440.73,-3.105,-2.105,3.751
5246,174.867,573.04,440.56,-3.425,-1.714,3.83
5247,174.9,571.97,441.42,-4.139,-0.528,4.173
5248,174.933,572.38,440.52,-4.399,0.094,4.4
5249,174.967,572.65,440.09,-4.605,1.37,4.804
5250,175.0,572.57,440.04,-4.452,1.919,4.848
5251,175.033,572.28,440.15,-4.247,2.651,5.006
5252,175.067,572.4,440.0,-3.906,3.086,4.978
5253,175.1,572.17,440.46,-3.284,2.95,4.415
5254,175.133,572.26,440.4,-2.639,2.766,3.823
5255,175.167,572.11,440.82,-2.125,2.869,3.57
5256,175.2,572.12,440.73,-1.426,2.726,3.077
5257,175.233,571.68,440.75,-1.149,2.6,2.843
5258,175.267,571.27,441.64,-1.053,2.387,2.609
5259,175.3,570.94,442.31,-1.145,2.182,2.464
5260,175.333,571.2,442.08,-1.112,1.913,2.213
5261,175.367,571.21,442.19,-0.622,0.911,1.103
5262,175.4,572.01,441.11,-0.472,0.137,0.492
5263,175.433,571.14,442.53,-0.445,-0.276,0.524
5264,175.467,571.97,440.79,-0.576,-0.335,0.667
5265,175.5,571.7,440.94,-0.394,-0.799,0.891
5266,175.533,572.0,440.36,-0.401,-0.918,1.002
5267,175.567,572.03,440.7,-0.291,-0.978,1.021
5268,175.6,571.55,441.57,-0.505,-0.602,0.785
5269,175.633,571.55,441.36,-0.939,-0.063,0.941
5270,175.667,571.62,440.86,-1.326,0.571,1.443
5271,175.7,571.06,441.28,-1.646,0.999,1.925
5272,175.733,570.88,441.36,-2.165,1.523,2.647
5273,175.767,570.83,441.29,-2.567,2.11,3.322
5274,175.8,571.64,441.28,-2.757,2.408,3.66
5275,175.833,571.78,441.04,-2.632,2.328,3.514
5276,175.867,570.19,442.71,-2.857,2.64,3.89
5277,175.9,570.2,442.99,-2.77,2.48,3.718
5278,175.933,571.33,441.35,-2.197,1.857,2.877
5279,175.967,571.57,440.92,-1.882,1.319,2.298
5280,176.0,570.54,442.22,-1.068,0.505,1.182
5281,176.033,570.6,441.99,-0.582,0.453,0.738
5282,176.067,570.25,442.23,-0.534,0.568,0.779
5283,176.1,570.43,441.97,-0.536,0.526,0.751
5284,176.133,570.93,441.48,-0.186,-0.046,0.192
5285,176.167,570.62,441.5,0.188,-0.577,0.606
5286,176.2,570.35,441.74,0.325,-0.668,0.743
5287,176.233,570.45,441.91,0.748,-1.022,1.266
5288,176.267,570.47,442.21,1.445,-1.357,1.982
5289,176.3,570.51,442.25,1.937,-1.46,2.426
5290,176.333,570.47,442.26,1.891,-1.385,2.344
5291,176.367,571.57,441.04,1.726,-1.466,2.265
5292,176.4,571.76,440.98,1.71,-1.488,2.266
5293,176.433,570.17,442.79,2.264,-2.451,3.337
5294,176.467,571.81,440.74,1.753,-1.913,2.595
5295,176.5,570.11,442.65,1.381,-1.577,2.096
5296,176.533,570.83,440.94,0.801,-1.001,1.282
5297,176.567,571.49,441.01,0.353,-0.48,0.596
5298,176.6,571.61,441.08,0.08,-0.147,0.167
5299,176.633,571.34,441.28,0.298,-0.536,0.614
5300,176.667,571.18,441.32,-0.393,0.096,0.404
5301,176.7,571.42,440.97,-0.809,0.527,0.966
5302,176.733,571.26,441.29,-0.892,0.641,1.099
5303,176.767,570.71,441.4,-1.041,0.97,1.423
5304,176.8,571.02,441.27,-0.94,1.052,1.411
5305,176.833,571.07,441.22,-0.689,0.84,1.086
5306,176.867,570.47,442.56,-0.336,0.551,0.645
5307,176.9,571.47,441.13,-0.386,0.711,0.81
5308,176.933,570.39,442.63,-0.661,1.044,1.236
5309,176.967,571.36,441.16,0.143,0.071,0.159
5310,177.0,570.28,442.57,-0.421,0.782,0.888
5311,177.033,571.39,441.07,-0.085,0.413,0.422
5312,177.067,571.15,441.06,0.085,0.591,0.597
5313,177.1,571.31,440.8,0.039,0.772,0.773
5314,177.133,570.06,442.54,-0.088,0.771,0.776
5315,177.167,571.35,441.03,-0.016,0.491,0.491
5316,177.2,571.2,441.43,0.251,0.185,0.312
5317,177.233,570.96,442.07,0.322,0.039,0.325
5318,177.267,571.29,441.54,0.464,-0.315,0.561
5319,177.3,571.07,441.55,0.784,-0.381,0.872
5320,177.333,570.99,441.86,1.053,-0.305,1.097
5321,177.367,571.15,441.7,1.367,-0.169,1.378
5322,177.4,571.0,441.91,1.87,-0.648,1.98
5323,177.433,570.98,441.92,1.884,-0.399,1.926
5324,177.467,570.12,442.96,2.22,-0.682,2.323
5325,177.5,571.32,441.37,2.083,-0.257,2.098
5326,177.533,571.41,441.23,2.774,-1.109,2.987
5327,177.567,571.68,441.19,2.771,-1.117,2.988
5328,177.6,571.83,440.89,2.663,-0.96,2.831
5329,177.633,572.03,440.99,2.333,-0.465,2.379
5330,177.667,572.01,441.29,2.403,-0.617,2.481
5331,177.7,571.85,441.28,1.88,-0.125,1.884
5332,177.733,572.01,441.44,1.384,0.345,1.426
5333,177.767,571.93,441.91,1.057,0.351,1.113
5334,177.8,572.17,441.47,0.618,0.454,0.767
5335,177.833,572.09,441.47,0.4,0.417,0.578
5336,177.867,571.83,441.72,0.39,0.001,0.39
5337,177.9,572.01,441.73,0.455,-0.498,0.674
5338,177.933,571.94,441.66,0.722,-0.838,1.106
5339,177.967,572.31,441.1,1.327,-1.699,2.156
5340,178.0,572.43,440.65,2.485,-3.36,4.18
5341,178.033,571.71,441.69,3.407,-4.512,5.654
5342,178.067,571.89,441.34,4.286,-5.764,7.183
5343,178.1,572.03,441.24,5.084,-6.959,8.618
5344,178.133,572.09,441.07,5.803,-7.776,9.703
5345,178.167,572.67,440.5,6.327,-8.349,10.476
5346,178.2,573.05,440.23,6.633,-8.736,10.969
5347,178.233,573.38,439.61,6.893,-9.14,11.448
5348,178.267,573.68,439.33,6.826,-8.883,11.203
5349,178.3,574.05,438.99,6.659,-8.672,10.934
5350,178.333,574.28,438.74,6.244,-8.148,10.266
5351,178.367,574.46,438.7,5.632,-7.247,9.179
5352,178.4,574.64,438.58,5.124,-6.614,8.366
5353,178.433,574.85,437.39,4.288,-5.48,6.959
5354,178.467,574.58,437.74,3.461,-4.416,5.611
5355,178.5,574.88,437.54,2.587,-3.65,4.474
5356,178.533,574.72,437.37,1.409,-2.289,2.688
5357,178.567,574.9,437.65,0.732,-1.372,1.555
5358,178.6,574.87,437.81,0.01,-0.08,0.081
5359,178.633,574.77,437.8,-0.443,0.704,0.832
5360,178.667,574.67,437.85,-0.536,1.222,1.335
5361,178.7,574.76,437.81,-0.586,1.665,1.765
5362,178.733,574.65,438.68,-0.645,2.069,2.167
5363,178.767,574.83,437.95,-0.687,3.14,3.214
5364,178.8,574.78,438.02,-0.557,3.887,3.927
5365,178.833,574.66,438.27,-0.486,4.462,4.488
5366,178.867,574.76,437.97,-0.419,4.727,4.746
5367,178.9,574.48,438.72,-0.66,4.966,5.009
5368,178.933,574.79,437.86,-0.913,4.789,4.875
5369,178.967,574.77,437.97,-1.234,4.856,5.01
5370,179.0,574.34,439.44,-1.427,4.775,4.983
5371,179.033,574.65,439.34,-1.67,4.526,4.824
5372,179.067,574.4,439.56,-2.141,4.537,5.017
5373,179.1,574.72,438.88,-2.679,4.505,5.242
5374,179.133,574.54,439.68,-3.064,4.252,5.241
5375,179.167,574.29,440.11,-3.239,3.904,5.073
5376,179.2,574.09,440.64,-3.322,3.51,4.833
5377,179.233,574.11,440.86,-3.389,3.13,4.613
5378,179.267,574.1,439.6,-3.39,2.319,4.108
5379,179.3,573.67,439.84,-3.222,1.679,3.633
5380,179.333,573.47,439.9,-3.07,0.637,3.135
5381,179.367,573.15,440.26,-2.709,0.113,2.711
5382,179.4,573.55,439.72,-2.361,-0.215,2.371
5383,179.433,573.39,439.94,-1.873,-0.773,2.026
5384,179.467,573.2,440.25,-1.559,-0.811,1.757
5385,179.5,573.1,440.08,-1.292,-0.59,1.421
5386,179.533,572.77,440.53,-0.826,-0.899,1.221
5387,179.567,573.38,440.18,-0.602,-1.305,1.437
5388,179.6,573.54,439.87,-0.219,-1.438,1.455
5389,179.633,573.42,439.94,-0.006,-1.015,1.015
5390,179.667,573.2,439.96,0.107,-0.71,0.718
5391,179.7,573.25,439.88,0.017,-0.079,0.08
5392,179.733,573.3,439.81,0.031,0.119,0.123
5393,179.767,573.53,439.56,0.156,-0.398,0.427
5394,179.8,573.19,439.66,0.109,-0.279,0.299
5395,179.833,573.37,440.73,0.067,0.237,0.247
5396,179.867,573.14,439.68,0.274,0.197,0.337
5397,179.9,573.09,439.74,0.478,0.138,0.498
5398,179.933,573.09,439.63,0.257,0.756,0.798
5399,179.967,573.16,439.72,0.063,1.249,1.251
5400,180.0,573.2,439.77,-0.194,1.627,1.638
5401,180.033,573.19,439.91,-0.403,1.759,1.805
5402,180.067,573.42,440.65,-0.11,1.515,1.519
5403,180.1,573.3,440.38,-0.125,1.327,1.333
5404,180.133,573.14,440.49,-0.255,1.168,1.196
5405,180.167,573.19,440.6,-0.293,0.827,0.877
5406,180.2,573.71,439.61,-0.169,0.397,0.432
5407,180.233,573.66,439.63,-0.036,-0.031,0.048
5408,180.267,573.21,440.58,0.069,-0.422,0.428
5409,180.3,573.19,440.62,0.026,-0.458,0.459
5410,180.333,573.31,439.66,0.123,-0.452,0.469
5411,180.367,572.71,440.9,0.124,-1.01,1.017
5412,180.4,572.77,440.85,0.221,-1.229,1.249
5413,180.433,573.11,440.0,0.376,-1.425,1.474
5414,180.467,573.08,439.93,0.568,-1.451,1.558
5415,180.5,573.43,439.54,0.702,-1.346,1.518
5416,180.533,573.67,439.86,0.835,-1.19,1.454
5417,180.567,573.24,439.88,0.953,-0.996,1.378
5418,180.6,573.46,439.7,0.995,-1.13,1.505
5419,180.633,573.6,439.68,1.057,-0.974,1.438
5420,180.667,573.55,439.85,1.192,-0.978,1.542
5421,180.7,573.49,439.94,1.269,-1.13,1.699
5422,180.733,573.49,440.01,1.099,-0.877,1.406
5423,180.767,573.53,440.1,0.771,-0.405,0.871
5424,180.8,573.56,439.72,0.597,-0.272,0.656
5425,180.833,573.58,439.62,0.618,-0.561,0.835
5426,180.867,573.59,439.53,0.231,0.168,0.285
5427,180.9,573.6,439.68,0.315,-0.048,0.318
5428,180.933,573.58,439.74,0.283,-0.111,0.304
5429,180.967,573.55,439.71,0.388,-0.351,0.523
5430,181.0,573.65,439.6,0.488,-0.432,0.652
5431,181.033,573.66,439.71,0.42,-0.322,0.529
5432,181.067,573.75,439.8,0.049,0.161,0.168
5433,181.1,573.68,439.9,-0.037,0.379,0.38
5434,181.133,573.69,439.49,-0.15,0.617,0.635
5435,181.167,573.68,439.58,-0.343,0.87,0.936
5436,181.2,573.79,439.61,-0.465,0.851,0.97
5437,181.233,573.67,439.84,-0.614,0.853,1.051
5438,181.267,573.79,439.76,-0.531,0.627,0.822
5439,181.3,573.77,439.63,-0.457,0.282,0.537
5440,181.333,573.19,440.48,-0.416,0.059,0.421
5441,181.367,573.75,439.4,-0.355,-0.099,0.369
5442,181.4,573.37,440.07,-0.308,-0.219,0.378
5443,181.433,573.76,439.33,-0.27,-0.365,0.454
5444,181.467,573.27,440.3,-0.294,-0.436,0.526
5445,181.5,573.31,440.16,-0.296,-0.542,0.618
5446,181.533,573.31,440.38,-0.099,-0.972,0.977
5447,181.567,573.67,439.27,-0.176,-0.867,0.885
5448,181.6,573.59,439.53,-0.239,-0.827,0.86
5449,181.633,573.55,439.5,-0.281,-0.844,0.889
5450,181.667,573.65,439.37,-0.331,-0.685,0.761
5451,181.7,573.58,439.68,-0.467,-0.564,0.732
5452,181.733,573.82,439.41,-0.601,-0.432,0.74
5453,181.767,573.42,439.64,-0.693,-0.278,0.746
5454,181.8,573.38,439.63,-0.707,-0.098,0.713
5455,181.833,573.39,439.63,-0.754,0.147,0.768
5456,181.867,573.3,439.58,-0.594,-0.107,0.604
5457,181.9,573.27,439.66,-0.623,0.062,0.626
5458,181.933,573.22,439.64,-0.478,0.085,0.486
5459,181.967,573.37,439.41,-0.488,0.357,0.604
5460,182.0,573.44,439.45,-0.256,0.177,0.312
5461,182.033,572.87,440.51,-0.013,-0.119,0.119
5462,182.067,573.37,439.53,0.398,-0.496,0.636
5463,182.1,573.26,439.54,0.602,-0.436,0.743
5464,182.133,573.28,439.46,0.79,-0.382,0.877
5465,182.167,573.31,439.46,0.901,-0.278,0.943
5466,182.2,573.58,439.55,0.9,-0.057,0.902
5467,182.233,573.56,439.65,0.902,-0.069,0.905
5468,182.267,573.68,439.42,0.739,-0.004,0.739
5469,182.3,573.41,439.41,0.652,0.038,0.653
5470,182.333,573.39,439.44,0.52,-0.021,0.52
5471,182.367,573.6,439.53,0.378,0.065,0.383
5472,182.4,573.55,439.7,0.337,0.109,0.354
5473,182.433,573.61,439.37,0.258,0.196,0.324
5474,182.467,573.57,439.64,0.172,0.296,0.343
5475,182.5,573.58,439.69,0.02,0.555,0.555
5476,182.533,573.65,439.95,-0.205,0.807,0.833
5477,182.567,573.4,439.68,-0.219,0.497,0.543
5478,182.6,573.42,439.77,-0.386,0.536,0.661
5479,182.633,573.4,439.62,-0.373,0.513,0.634
5480,182.667,573.51,439.54,-0.42,0.534,0.679
5481,182.7,573.59,439.42,-0.365,0.572,0.679
5482,182.733,573.55,439.58,-0.391,0.495,0.631
5483,182.767,573.46,439.74,-0.411,0.369,0.552
5484,182.8,573.5,439.65,-0.561,0.36,0.666
5485,182.833,573.58,439.95,-0.44,0.324,0.546
5486,182.867,573.54,439.73,-0.367,0.216,0.426
5487,182.9,573.31,439.93,-0.352,0.104,0.367
5488,182.933,573.33,439.84,-0.312,-0.048,0.315
5489,182.967,573.34,439.83,-0.217,-0.066,0.227
5490,183.0,573.27,439.77,-0.166,-0.075,0.183
5491,183.033,573.24,439.84,-0.217,-0.095,0.237
5492,183.067,573.45,439.76,-0.095,-0.378,0.389
5493,183.1,573.46,439.7,-0.05,-0.559,0.561
5494,183.133,573.25,439.75,0.024,-0.766,0.766
5495,183.167,573.48,439.69,0.226,-1.009,1.034
5496,183.2,573.39,439.59,0.287,-1.057,1.095
5497,183.233,573.36,439.67,0.144,-0.85,0.862
5498,183.267,573.37,439.58,0.168,-0.721,0.74
5499,183.3,573.54,439.45,0.153,-0.563,0.583
5500,183.333,573.26,439.47,-0.019,-0.27,0.27
5501,183.367,573.46,439.63,-0.108,-0.203,0.231
5502,183.4,573.46,439.62,-0.234,-0.002,0.234
5503,183.433,573.49,439.54,-0.115,-0.321,0.341
5504,183.467,573.31,439.64,0.151,-0.48,0.503
5505,183.5,573.39,439.42,0.041,-0.209,0.213
5506,183.533,573.62,439.33,0.334,-0.365,0.495
5507,183.567,573.1,439.54,0.22,-0.061,0.229
5508,183.6,573.43,439.56,0.396,-0.172,0.432
5509,183.633,573.39,439.54,-0.097,0.368,0.381
5510,183.667,573.11,439.86,-0.352,0.719,0.8
5511,183.7,573.22,439.75,-0.733,1.067,1.294
5512,183.733,573.57,439.5,-1.036,1.257,1.629
5513,183.767,573.23,439.65,-1.367,1.562,2.075
5514,183.8,573.34,439.53,-1.64,1.736,2.388
5515,183.833,573.68,439.33,-1.904,1.94,2.718
5516,183.867,573.45,439.46,-1.935,2.117,2.868
5517,183.9,573.51,439.32,-2.073,2.196,3.02
5518,183.933,573.15,440.37,-2.161,2.15,3.049
5519,183.967,572.58,440.49,-2.213,2.177,3.104
5520,184.0,573.17,439.73,-2.194,2.174,3.088
5521,184.033,572.16,440.89,-2.095,2.128,2.986
5522,184.067,572.83,440.06,-2.129,2.119,3.004
5523,184.1,571.69,441.23,-1.907,2.053,2.802
5524,184.133,572.8,440.09,-1.833,1.976,2.696
5525,184.167,572.53,440.31,-1.697,1.827,2.494
5526,184.2,572.57,440.26,-1.381,1.516,2.051
5527,184.233,572.47,440.68,-1.181,1.269,1.733
5528,184.267,572.62,440.3,-1.102,1.057,1.527
5529,184.3,572.61,440.56,-0.84,0.723,1.108
5530,184.333,572.49,440.61,-0.543,0.44,0.698
5531,184.367,572.31,440.67,-0.414,0.317,0.522
5532,184.4,572.4,440.67,-0.381,0.407,0.558
5533,184.433,572.34,440.89,-0.565,0.718,0.914
5534,184.467,572.23,440.79,-0.581,0.492,0.762
5535,184.5,572.31,440.62,-0.433,0.3,0.527
5536,184.533,572.12,440.82,-0.698,0.673,0.969
5537,184.567,572.1,440.88,-0.513,0.608,0.795
5538,184.6,572.1,440.81,-0.554,0.657,0.86
5539,184.633,572.17,440.74,-0.092,0.351,0.362
5540,184.667,572.1,440.88,-0.096,0.58,0.588
5541,184.7,572.06,440.83,-0.061,0.765,0.767
5542,184.733,572.37,440.62,0.102,0.885,0.891
5543,184.767,572.39,440.69,0.205,0.884,0.908
5544,184.8,572.42,440.8,0.175,1.039,1.053
5545,184.833,572.28,440.92,0.107,1.002,1.008
5546,184.867,572.11,441.07,0.06,0.956,0.958
5547,184.9,572.24,440.86,0.078,0.738,0.742
5548,184.933,572.38,440.93,-0.025,0.61,0.61
5549,184.967,572.08,441.36,-0.112,0.267,0.29
5550,185.0,572.13,441.31,-0.1,-0.122,0.157
5551,185.033,572.24,441.09,-0.109,-0.439,0.452
5552,185.067,572.26,440.87,-0.047,-0.807,0.809
5553,185.1,572.05,441.5,0.068,-1.219,1.221
5554,185.133,572.2,441.06,0.231,-1.643,1.66
5555,185.167,572.24,440.86,0.374,-1.947,1.983
5556,185.2,572.41,440.69,0.546,-2.234,2.299
5557,185.233,572.08,440.84,0.978,-2.755,2.924
5558,185.267,572.23,440.56,0.776,-2.681,2.791
5559,185.3,572.33,440.42,0.682,-2.567,2.656
5560,185.333,572.33,440.46,0.759,-2.434,2.55
5561,185.367,572.32,440.27,0.48,-2.06,2.115
5562,185.4,572.32,440.44,0.322,-1.761,1.791
5563,185.433,572.5,440.13,0.152,-1.288,1.297
5564,185.467,572.55,440.16,-0.085,-0.772,0.777
5565,185.5,572.49,440.21,0.249,-0.83,0.866
5566,185.533,572.44,440.21,0.319,-0.654,0.728
5567,185.567,572.49,440.12,-0.165,0.084,0.185
5568,185.6,572.45,440.12,-0.501,0.806,0.949
5569,185.633,572.38,440.25,-0.592,1.017,1.177
5570,185.667,572.33,440.18,-0.293,0.837,0.886
5571,185.7,572.33,440.1,-0.493,1.167,1.267
5572,185.733,571.69,440.93,-0.318,1.139,1.182
5573,185.767,572.65,440.27,-0.457,1.372,1.446
5574,185.8,572.41,440.43,-0.587,1.442,1.557
5575,185.833,571.8,440.64,-0.624,1.475,1.601
5576,185.867,572.51,440.27,-0.599,1.46,1.578
5577,185.9,572.53,440.39,-0.504,1.41,1.498
5578,185.933,572.53,440.39,-0.28,1.167,1.2
5579,185.967,572.57,440.4,-0.139,1.006,1.016
5580,186.0,571.46,441.45,0.119,0.811,0.819
5581,186.033,571.66,441.3,0.583,0.191,0.614
5582,186.067,572.74,440.28,0.508,-0.072,0.513
5583,186.1,572.65,440.28,0.499,-0.275,0.57
5584,186.133,572.58,440.36,0.878,-0.655,1.095
5585,186.167,571.59,441.42,0.73,-0.62,0.958
5586,186.2,572.57,440.44,0.584,-0.54,0.795
5587,186.233,571.52,441.24,0.817,-0.712,1.084
5588,186.267,572.48,440.33,1.06,-1.013,1.467
5589,186.3,572.6,440.57,0.711,-0.974,1.206
5590,186.333,572.55,440.55,0.332,-0.806,0.871
5591,186.367,572.63,440.34,-0.145,-0.264,0.301
5592,186.4,572.7,440.34,-0.293,-0.112,0.314
5593,186.433,572.61,440.32,-0.828,0.394,0.917
5594,186.467,572.72,440.26,-1.303,1.001,1.643
5595,186.5,572.4,440.15,-1.406,1.244,1.877
5596,186.533,571.74,441.09,-1.025,1.02,1.446
5597,186.567,572.75,440.51,-0.976,0.937,1.353
5598,186.6,572.59,440.53,-0.81,1.126,1.387
5599,186.633,571.51,441.19,-0.841,1.097,1.382
5600,186.667,572.39,440.41,-0.885,1.137,1.441
5601,186.7,572.39,440.41,-0.853,1.044,1.349
5602,186.733,571.28,441.38,-1.074,1.236,1.637
5603,186.767,571.64,441.15,-0.691,0.857,1.101
5604,186.8,571.8,441.3,-0.41,0.736,0.843
5605,186.833,571.89,441.19,-0.084,0.366,0.376
5606,186.867,573.03,440.08,0.266,-0.082,0.278
5607,186.9,571.91,441.24,0.911,-0.602,1.092
5608,186.933,572.71,440.54,1.024,-0.858,1.336
5609,186.967,572.76,440.23,1.191,-1.088,1.613
5610,187.0,571.82,441.07,1.332,-1.285,1.851
5611,187.033,571.86,441.01,1.804,-1.638,2.437
5612,187.067,572.86,440.4,1.852,-1.807,2.587
5613,187.1,571.71,440.54,1.267,-1.645,2.076
5614,187.133,571.86,441.17,1.037,-1.853,2.123
5615,187.167,571.66,441.28,1.064,-2.132,2.383
5616,187.2,572.68,440.31,0.672,-1.718,1.845
5617,187.233,572.69,440.2,0.053,-1.119,1.12
5618,187.267,573.0,440.15,-0.018,-0.958,0.958
5619,187.3,572.81,440.08,-0.168,-0.658,0.679
5620,187.333,572.75,440.16,-0.704,-0.051,0.706
5621,187.367,572.83,440.15,-0.591,-0.159,0.611
5622,187.4,571.97,440.52,-1.032,0.334,1.085
5623,187.433,572.76,440.05,-1.412,0.751,1.599
5624,187.467,572.59,440.04,-1.661,1.077,1.979
5625,187.5,572.18,440.19,-2.371,1.923,3.053
5626,187.533,571.13,441.18,-1.941,1.732,2.601
5627,187.567,572.35,440.2,-1.483,1.655,2.222
5628,187.6,572.66,440.05,-1.632,1.852,2.469
5629,187.633,571.63,441.21,-1.22,1.847,2.214
5630,187.667,571.85,441.18,-0.792,1.565,1.755
5631,187.7,571.68,440.84,-0.096,0.981,0.985
5632,187.733,571.78,440.91,0.246,0.727,0.767
5633,187.767,571.68,441.1,0.702,0.511,0.868
5634,187.8,571.72,441.06,0.683,0.282,0.739
5635,187.833,572.83,439.92,0.642,0.197,0.672
5636,187.867,571.83,441.19,0.621,-0.092,0.628
5637,187.9,571.75,441.29,0.403,-0.091,0.413
5638,187.933,572.89,440.24,0.522,-0.382,0.647
5639,187.967,572.1,440.85,0.282,-0.368,0.463
5640,188.0,573.09,439.95,-0.081,-0.334,0.344
5641,188.033,571.79,441.16,-0.326,-0.27,0.423
5642,188.067,571.76,440.84,0.022,-0.483,0.483
5643,188.1,571.94,440.74,-0.256,-0.234,0.347
5644,188.133,571.89,441.05,-0.747,0.119,0.757
5645,188.167,572.0,440.81,-0.788,0.1,0.794
5646,188.2,572.05,440.85,-0.661,-0.033,0.662
5647,188.233,572.0,440.79,-0.605,0.03,0.606
5648,188.267,571.61,440.74,-0.443,-0.011,0.443
5649,188.3,572.08,440.79,-0.163,-0.092,0.187
5650,188.333,572.15,440.55,0.223,-0.481,0.53
5651,188.367,571.98,440.99,0.128,-0.005,0.128
5652,188.4,572.03,440.48,0.39,-0.189,0.434
5653,188.433,572.1,440.68,0.71,-0.42,0.825
5654,188.467,571.94,440.56,0.41,-0.24,0.474
5655,188.5,572.03,440.79,0.229,-0.381,0.444
5656,188.533,571.99,440.94,-0.402,0.144,0.427
5657,188.567,571.92,440.59,-0.399,0.025,0.4
5658,188.6,572.2,440.57,-0.3,-0.045,0.304
5659,188.633,572.16,440.86,-0.309,-0.063,0.315
5660,188.667,572.22,440.67,-0.674,0.199,0.703
5661,188.7,571.71,440.8,-0.514,0.026,0.515
5662,188.733,572.09,440.64,-0.441,-0.058,0.445
5663,188.767,571.94,440.77,-0.385,-0.124,0.404
5664,188.8,571.95,440.51,-0.051,-0.061,0.08
5665,188.833,571.9,441.08,-0.018,-0.095,0.096
5666,188.867,571.67,440.58,-0.415,0.5,0.65
5667,188.9,571.69,440.81,-0.071,0.05,0.087
5668,188.933,571.77,440.54,0.137,0.175,0.222
5669,188.967,571.85,440.63,0.223,0.045,0.227
5670,189.0,572.3,440.82,0.449,0.141,0.47
5671,189.033,572.14,440.49,0.695,0.344,0.775
5672,189.067,571.9,440.75,0.772,0.46,0.899
5673,189.1,571.76,440.96,0.903,0.544,1.054
5674,189.133,571.81,441.12,0.765,0.913,1.191
5675,189.167,572.85,440.1,0.61,1.032,1.199
5676,189.2,571.85,441.11,0.431,0.98,1.071
5677,189.233,571.91,441.0,0.414,0.786,0.889
5678,189.267,571.93,441.09,0.038,0.794,0.795
5679,189.3,571.78,440.93,-0.172,0.636,0.659
5680,189.333,572.01,441.12,-0.255,0.565,0.62
5681,189.367,573.08,439.84,-0.919,0.656,1.129
5682,189.4,571.86,441.48,-0.897,0.366,0.969
5683,189.433,572.0,440.93,-0.792,0.001,0.792
5684,189.467,572.14,441.46,-0.61,-0.173,0.634
5685,189.5,571.94,441.36,-0.777,0.097,0.783
5686,189.533,571.65,440.99,-0.942,0.109,0.948
5687,189.567,571.9,440.87,-0.941,0.199,0.962
5688,189.6,571.79,441.21,-0.377,-0.261,0.458
5689,189.633,571.97,440.58,-0.216,-0.368,0.426
5690,189.667,571.91,440.56,0.096,-0.647,0.655
5691,189.7,571.68,440.95,0.081,-0.453,0.46
5692,189.733,571.69,441.13,0.55,-0.649,0.851
5693,189.767,572.07,440.84,1.028,-0.812,1.31
5694,189.8,571.86,441.03,1.426,-1.111,1.808
5695,189.833,571.44,441.19,2.023,-1.293,2.401
5696,189.867,572.88,440.05,2.427,-1.565,2.888
5697,189.9,572.0,441.12,2.228,-1.003,2.443
5698,189.933,571.97,441.19,2.443,-1.272,2.754
5699,189.967,571.86,441.21,2.56,-1.215,2.834
5700,190.0,572.84,440.14,2.501,-1.45,2.891
5701,190.033,572.76,440.17,2.356,-1.631,2.866
5702,190.067,572.78,440.13,2.267,-1.607,2.779
5703,190.1,571.85,441.17,2.141,-1.482,2.604
5704,190.133,573.02,440.28,1.969,-1.545,2.503
5705,190.167,573.14,440.25,2.013,-1.639,2.596
5706,190.2,572.89,440.31,1.873,-1.441,2.364
5707,190.233,572.78,440.25,1.281,-0.787,1.504
5708,190.267,572.78,440.19,0.827,-0.427,0.931
5709,190.3,573.0,440.34,0.734,-0.161,0.751
5710,190.333,572.82,440.25,0.152,0.326,0.36
5711,190.367,573.07,440.25,0.371,0.165,0.406
5712,190.4,572.98,440.01,-0.536,1.069,1.196
5713,190.433,572.97,440.39,-0.928,1.383,1.666
5714,190.467,572.89,440.32,-0.635,1.102,1.272
5715,190.5,572.87,440.47,-0.285,0.541,0.612
5716,190.533,573.02,440.39,-0.394,0.39,0.554
5717,190.567,573.14,440.3,-0.665,0.657,0.935
5718,190.6,572.91,440.26,-1.484,1.399,2.04
5719,190.633,573.02,440.3,-1.502,1.377,2.038
5720,190.667,572.08,441.27,-1.761,1.511,2.321
5721,190.7,572.01,441.32,-1.956,1.55,2.496
5722,190.733,573.1,440.18,-1.817,1.464,2.334
5723,190.767,573.09,440.45,-1.091,0.92,1.427
5724,190.8,571.88,440.93,-0.916,0.795,1.213
5725,190.833,573.09,440.18,-0.773,0.634,0.999
5726,190.867,572.07,441.23,-0.457,0.409,0.613
5727,190.9,573.09,440.16,-0.123,0.087,0.15
5728,190.933,573.09,440.1,0.281,-0.209,0.35
5729,190.967,571.86,440.93,0.624,-0.553,0.833
5730,191.0,571.86,441.35,0.945,-0.714,1.184
5731,191.033,571.72,441.78,1.31,-0.711,1.49
5732,191.067,571.89,441.24,1.508,-0.745,1.682
5733,191.1,573.21,440.24,1.924,-1.016,2.176
5734,191.133,573.2,440.29,2.015,-1.022,2.259
5735,191.167,573.22,440.31,1.751,-0.821,1.934
5736,191.2,573.28,440.25,1.371,-0.605,1.499
5737,191.233,573.07,440.16,1.177,-0.638,1.339
5738,191.267,571.9,441.17,0.949,-0.686,1.171
5739,191.3,573.06,440.43,0.55,-0.736,0.919
5740,191.333,573.15,440.2,0.575,-0.889,1.059
5741,191.367,573.18,440.25,-0.611,0.083,0.616
5742,191.4,573.01,440.4,-1.091,0.345,1.145
5743,191.433,572.9,440.77,-1.908,0.935,2.125
5744,191.467,572.97,440.77,-2.786,1.381,3.11
5745,191.5,573.03,440.63,-2.938,1.627,3.359
5746,191.533,572.88,440.15,-2.776,1.603,3.206
5747,191.567,572.89,440.25,-1.761,0.657,1.879
5748,191.6,571.74,441.1,-1.128,0.301,1.168
5749,191.633,571.89,441.09,-0.504,-0.15,0.526
5750,191.667,571.87,441.12,-0.4,-0.205,0.45
5751,191.7,572.91,440.11,-0.355,-0.224,0.42
5752,191.733,573.01,440.02,0.112,-0.378,0.394
5753,191.767,571.94,441.15,0.071,-0.234,0.244
5754,191.8,571.67,441.43,0.661,-0.56,0.867
5755,191.833,571.64,441.55,1.319,-0.877,1.584
5756,191.867,573.07,439.96,1.714,-0.871,1.923
5757,191.9,572.96,440.01,1.43,-0.534,1.527
5758,191.933,572.95,440.07,1.349,-0.223,1.368
5759,191.967,573.11,440.63,1.17,-0.083,1.173
5760,192.0,573.15,440.32,0.924,0.002,0.924
5761,192.033,573.15,440.12,0.588,0.262,0.644
5762,192.067,571.94,441.27,0.209,0.623,0.658
5763,192.1,573.1,440.11,-0.271,1.116,1.148
5764,192.133,572.02,441.19,0.205,0.834,0.859
5765,192.167,572.98,440.51,0.599,0.545,0.81
5766,192.2,573.18,440.43,1.058,0.025,1.058
5767,192.233,572.0,440.91,0.803,0.064,0.805
5768,192.267,573.01,440.63,0.225,0.43,0.485
5769,192.3,573.22,440.54,-0.054,0.467,0.47
5770,192.333,572.04,441.25,-0.217,0.458,0.507
5771,192.367,572.0,441.17,-0.58,0.408,0.709
5772,192.4,573.16,440.69,-1.179,0.746,1.395
5773,192.433,572.86,440.7,-1.614,1.046,1.924
5774,192.467,573.11,440.68,-1.79,1.193,2.151
5775,192.5,573.14,440.68,-1.362,0.56,1.473
5776,192.533,573.11,440.26,-1.239,0.273,1.269
5777,192.567,573.17,440.48,-1.424,0.421,1.485
5778,192.6,573.16,440.2,-1.107,-0.023,1.107
5779,192.633,572.07,441.0,-1.687,0.432,1.742
5780,192.667,571.89,441.0,-1.629,0.591,1.733
5781,192.7,571.55,441.46,-1.501,0.658,1.639
5782,192.733,571.58,441.63,-1.262,0.384,1.319
5783,192.767,571.5,441.66,-0.497,-0.017,0.497
5784,192.8,571.62,441.52,-0.265,0.023,0.266
5785,192.833,571.9,441.03,-0.42,0.217,0.473
5786,192.867,573.19,440.16,0.091,0.056,0.107
5787,192.9,573.08,440.28,0.751,-0.142,0.764
5788,192.933,573.28,440.12,0.886,-0.162,0.9
5789,192.967,573.14,440.28,1.132,-0.214,1.152
5790,193.0,571.6,441.52,0.968,-0.117,0.975
5791,193.033,571.66,441.5,0.836,-0.078,0.839
5792,193.067,571.83,441.22,0.57,0.298,0.643
5793,193.1,571.94,441.5,-0.099,0.848,0.854
5794,193.133,572.94,440.8,-0.881,1.415,1.667
5795,193.167,573.24,440.07,-1.261,1.728,2.139
5796,193.2,572.59,440.54,-2.224,2.645,3.456
5797,193.233,571.93,441.56,-2.118,2.461,3.247
5798,193.267,571.85,441.74,-2.349,2.613,3.514
5799,193.3,571.9,441.34,-1.726,2.012,2.651
5800,193.333,572.24,441.31,-1.028,1.163,1.552
5801,193.367,572.0,441.39,-0.083,0.397,0.405
5802,193.4,572.0,441.4,0.243,-0.139,0.28
5803,193.433,571.98,441.47,0.365,-0.439,0.571
5804,193.467,571.81,441.65,0.158,-0.473,0.498
5805,193.5,572.25,441.45,-0.225,-0.274,0.354
5806,193.533,571.87,441.65,-0.03,-0.58,0.581
5807,193.567,571.71,441.59,0.257,-0.934,0.969
5808,193.6,572.02,441.17,0.635,-1.129,1.295
5809,193.633,571.72,441.68,1.006,-1.475,1.786
5810,193.667,571.55,441.7,0.761,-1.323,1.526
5811,193.7,573.27,440.13,0.089,-0.662,0.668
5812,193.733,571.88,441.59,-0.295,-0.178,0.344
5813,193.767,573.14,440.16,-0.353,-0.021,0.354
5814,193.8,572.08,440.93,-0.393,-0.068,0.399
5815,193.833,572.28,441.08,-0.384,0.008,0.384
5816,193.867,571.87,441.05,-0.583,0.207,0.619
5817,193.9,571.76,441.55,-0.796,0.442,0.91
5818,193.933,571.86,441.38,-0.986,0.65,1.181
5819,193.967,571.85,441.47,-1.226,0.911,1.528
5820,194.0,571.75,441.4,-1.72,1.335,2.178
5821,194.033,571.87,441.46,-1.673,1.192,2.054
5822,194.067,571.85,441.53,-1.42,0.905,1.684
5823,194.1,571.67,441.49,-1.419,0.938,1.701
5824,194.133,571.7,441.48,-0.7,0.429,0.821
5825,194.167,571.92,441.07,0.143,-0.31,0.341
5826,194.2,572.19,440.96,1.087,-1.084,1.535
5827,194.233,571.9,441.33,1.216,-1.033,1.596
5828,194.267,571.7,441.21,1.845,-1.551,2.411
5829,194.3,571.73,441.38,1.632,-1.293,2.082
5830,194.333,571.58,441.55,1.651,-1.135,2.003
5831,194.367,571.58,441.44,1.576,-1.068,1.904
5832,194.4,571.78,441.34,1.51,-0.921,1.769
5833,194.433,571.79,441.4,1.429,-0.85,1.663
5834,194.467,572.06,441.14,1.323,-0.747,1.52
5835,194.5,573.31,440.17,1.085,-0.59,1.235
5836,194.533,572.18,441.18,0.397,-0.097,0.409
5837,194.567,572.23,441.12,0.235,-0.207,0.313
5838,194.6,573.45,440.03,0.043,-0.281,0.284
5839,194.633,572.01,441.31,0.005,-0.377,0.377
5840,194.667,572.04,441.32,-0.008,-0.453,0.453
5841,194.7,572.2,441.18,-0.123,-0.389,0.408
5842,194.733,571.99,441.16,-0.927,0.145,0.938
5843,194.767,571.92,441.08,-1.389,0.314,1.425
5844,194.8,572.04,441.07,-1.595,0.515,1.676
5845,194.833,572.17,440.86,-1.637,0.659,1.764
5846,194.867,571.87,441.09,-1.292,0.453,1.369
5847,194.9,571.96,441.23,-0.738,0.201,0.765
5848,194.933,571.96,441.04,0.043,-0.262,0.265
5849,194.967,571.75,441.17,1.327,-1.138,1.748
5850,195.0,571.86,440.99,2.417,-1.763,2.992
5851,195.033,573.11,440.13,2.361,-1.583,2.842
5852,195.067,572.1,441.16,2.843,-1.822,3.377
5853,195.1,572.12,441.04,3.182,-2.008,3.763
5854,195.133,571.96,441.11,2.552,-1.365,2.894
5855,195.167,571.86,441.03,2.339,-1.366,2.709
5856,195.2,571.77,441.2,1.982,-1.241,2.338
5857,195.233,573.07,440.33,1.412,-1.058,1.765
5858,195.267,573.03,440.55,0.717,-0.751,1.039
5859,195.3,573.16,440.41,0.329,-0.557,0.647
5860,195.333,573.32,440.07,-0.592,0.034,0.593
5861,195.367,573.19,440.26,-1.304,0.545,1.414
5862,195.4,573.27,440.08,-1.666,0.73,1.819
5863,195.433,573.0,440.34,-1.833,0.698,1.962
5864,195.467,571.96,441.15,-1.869,0.757,2.017
5865,195.5,571.82,441.06,-1.635,0.58,1.734
5866,195.533,572.49,440.67,-1.255,0.414,1.321
5867,195.567,571.98,440.86,-1.392,0.745,1.579
5868,195.6,571.86,440.93,-0.624,0.313,0.698
5869,195.633,572.0,440.62,-0.004,0.063,0.063
5870,195.667,571.96,441.08,0.645,-0.27,0.699
5871,195.7,572.0,440.89,1.341,-0.783,1.553
5872,195.733,572.09,440.95,2.145,-1.204,2.46
5873,195.767,572.54,440.69,2.322,-1.373,2.697
5874,195.8,572.02,441.01,2.348,-1.506,2.789
5875,195.833,573.27,440.03,2.255,-1.564,2.745
5876,195.867,573.14,440.08,1.869,-1.254,2.251
5877,195.9,573.09,440.34,1.297,-0.919,1.59
5878,195.933,572.98,440.45,0.487,-0.279,0.561
5879,195.967,573.04,440.24,-0.318,0.115,0.338
5880,196.0,573.1,440.38,-0.883,0.459,0.995
5881,196.033,573.17,440.32,-1.225,0.875,1.505
5882,196.067,573.15,440.17,-1.925,1.474,2.425
5883,196.1,571.98,440.9,-2.256,1.635,2.786
5884,196.133,572.01,440.65,-2.774,2.126,3.495
5885,196.167,571.98,440.69,-2.68,2.158,3.44
5886,196.2,572.02,441.15,-2.877,2.363,3.724
5887,196.233,572.1,440.69,-2.334,2.001,3.074
5888,196.267,572.15,441.03,-1.697,1.561,2.306
5889,196.3,572.27,440.93,-1.145,1.222,1.675
5890,196.333,572.11,441.09,-0.255,0.644,0.693
5891,196.367,572.15,440.95,0.051,0.496,0.498
5892,196.4,572.23,441.03,0.306,0.411,0.513
5893,196.433,572.18,440.9,0.463,0.281,0.542
5894,196.467,571.89,441.64,0.52,0.339,0.62
5895,196.5,572.2,441.17,0.529,0.209,0.569
5896,196.533,572.02,440.92,0.445,0.223,0.498
5897,196.567,572.18,440.7,0.207,0.288,0.354
5898,196.6,571.95,441.36,-0.275,0.516,0.584
5899,196.633,572.89,440.33,-0.296,0.522,0.6
5900,196.667,571.89,441.41,-0.268,0.578,0.637
5901,196.7,573.04,440.34,-0.234,0.574,0.619
5902,196.733,571.97,441.39,-0.139,0.371,0.397
5903,196.767,571.95,441.41,-0.092,0.408,0.418
5904,196.8,571.84,441.35,-0.095,0.37,0.382
5905,196.833,571.86,441.35,-0.156,0.317,0.353
5906,196.867,571.93,441.38,-0.201,0.28,0.345
5907,196.9,571.97,441.4,-0.291,0.525,0.6
5908,196.933,572.07,441.4,-0.409,0.58,0.709
5909,196.967,572.32,440.82,-0.807,1.033,1.311
5910,197.0,572.28,441.44,-0.48,0.618,0.783
5911,197.033,572.21,441.14,-0.574,0.634,0.855
5912,197.067,572.1,441.18,-0.002,0.227,0.227
5913,197.1,572.16,441.21,0.418,0.025,0.419
5914,197.133,572.14,441.02,0.848,-0.429,0.95
5915,197.167,572.04,441.13,0.853,-0.408,0.946
5916,197.2,572.09,441.36,1.134,-0.668,1.316
5917,197.233,571.96,441.4,0.834,-0.311,0.891
5918,197.267,571.97,441.47,0.817,-0.366,0.896
5919,197.3,572.01,441.42,0.726,-0.344,0.803
5920,197.333,571.97,441.67,0.669,-0.308,0.736
5921,197.367,572.08,441.6,0.661,-0.309,0.73
5922,197.4,572.21,441.11,0.61,-0.238,0.655
5923,197.433,572.27,441.36,0.526,-0.278,0.595
5924,197.467,573.2,440.45,0.451,-0.351,0.572
5925,197.5,572.3,441.2,0.153,-0.071,0.168
5926,197.533,573.16,440.33,-0.157,-0.037,0.161
5927,197.567,572.08,441.27,-0.403,0.061,0.407
5928,197.6,572.14,441.26,-0.525,0.163,0.549
5929,197.633,572.33,441.22,-1.053,0.687,1.257
5930,197.667,572.06,441.51,-0.982,0.727,1.222
5931,197.7,572.22,441.3,-1.286,1.075,1.676
5932,197.733,571.96,441.32,-1.416,1.274,1.905
5933,197.767,572.01,441.47,-0.9,0.995,1.342
5934,197.8,572.08,441.32,-0.494,0.756,0.903
5935,197.833,572.1,441.36,-0.039,0.443,0.444
5936,197.867,571.99,441.47,-0.019,0.371,0.372
5937,197.9,572.02,441.28,0.691,-0.3,0.753
5938,197.933,572.09,441.43,1.207,-0.664,1.377
5939,197.967,572.0,441.47,1.761,-1.235,2.151
5940,198.0,572.22,441.39,1.652,-1.328,2.119
5941,198.033,572.28,441.33,1.768,-1.564,2.36
5942,198.067,572.22,441.47,0.853,-0.904,1.243
5943,198.1,572.07,441.5,0.705,-1.009,1.231
5944,198.133,573.09,440.38,0.582,-0.952,1.116
5945,198.167,572.02,441.45,0.264,-0.71,0.757
5946,198.2,573.1,440.7,0.072,-0.623,0.627
5947,198.233,573.11,440.5,-0.14,-0.572,0.589
5948,198.267,572.02,441.32,-0.169,-0.55,0.575
5949,198.3,572.2,441.17,-0.132,-0.643,0.657
5950,198.333,572.04,441.35,-0.06,-0.682,0.684
5951,198.367,573.3,440.27,0.065,-1.038,1.04
5952,198.4,571.97,441.23,0.198,-1.064,1.082
5953,198.433,572.17,441.0,0.058,-0.765,0.767
5954,198.467,571.91,441.17,0.117,-0.729,0.738
5955,198.5,571.96,441.3,0.388,-0.801,0.89
5956,198.533,571.97,441.15,0.889,-1.083,1.402
5957,198.567,573.14,440.24,0.886,-0.99,1.329
5958,198.6,572.6,441.04,1.048,-1.222,1.61
5959,198.633,572.55,440.81,1.452,-1.653,2.201
5960,198.667,572.8,440.42,1.37,-1.475,2.014
5961,198.7,572.9,440.27,1.822,-1.721,2.507
5962,198.733,572.9,440.38,1.706,-1.493,2.267
5963,198.767,572.89,440.36,1.661,-1.278,2.096
5964,198.8,572.83,440.38,1.945,-1.304,2.341
5965,198.833,572.75,440.36,2.501,-1.216,2.781
5966,198.867,572.59,441.19,3.062,-1.307,3.33
5967,198.9,572.69,440.55,2.886,-1.129,3.099
5968,198.933,573.48,439.92,3.157,-1.485,3.489
5969,198.967,573.36,440.1,3.391,-1.849,3.862
5970,199.0,573.3,440.1,3.833,-2.475,4.563
5971,199.033,572.67,440.56,4.348,-3.09,5.334
5972,199.067,573.82,439.68,4.895,-3.678,6.123
5973,199.1,573.94,439.9,5.006,-3.733,6.245
5974,199.133,574.04,440.02,5.494,-3.901,6.738
5975,199.167,574.28,439.88,5.96,-4.058,7.21
5976,199.2,574.48,439.69,6.47,-4.211,7.72
5977,199.233,574.9,439.21,6.415,-3.907,7.511
5978,199.267,574.64,439.47,5.741,-3.63,6.792
5979,199.3,575.13,439.09,4.319,-3.186,5.367
5980,199.333,574.6,438.58,2.297,-2.772,3.6
5981,199.367,574.84,438.2,-0.068,-2.274,2.275
5982,199.4,574.97,438.42,-2.368,-2.341,3.33
5983,199.433,575.19,438.51,-4.594,-2.074,5.041
5984,199.467,575.22,438.62,-6.904,-1.599,7.087
5985,199.5,575.15,439.02,-8.928,-1.093,8.995
5986,199.533,575.09,438.86,-10.555,-0.665,10.576
5987,199.567,575.17,438.89,-11.408,-0.514,11.419
5988,199.6,574.7,438.87,-12.236,0.073,12.236
5989,199.633,573.72,438.41,-12.669,0.369,12.674
5990,199.667,572.89,438.47,-12.544,0.586,12.558
5991,199.7,571.13,439.01,-12.017,0.669,12.036
5992,199.733,570.37,438.46,-11.297,0.606,11.313
5993,199.767,569.86,438.6,-10.369,0.696,10.393
5994,199.8,569.93,438.41,-9.066,0.419,9.075
5995,199.833,570.24,438.58,-7.766,0.184,7.768
5996,199.867,570.6,438.57,-6.012,0.178,6.015
5997,199.9,570.65,438.89,-4.199,0.366,4.215
5998,199.933,570.82,438.65,-2.355,0.446,2.397
5999,199.967,570.66,438.89,-0.644,0.525,0.831
6000,200.0,570.65,438.77,0.752,0.497,0.901
6001,200.033,570.59,438.97,1.756,0.304,1.782
6002,200.067,570.69,438.96,2.288,0.097,2.29
6003,200.1,570.7,438.71,2.032,0.285,2.052
6004,200.133,570.78,438.99,1.579,0.206,1.593
6005,200.167,570.54,438.76,0.995,0.474,1.102
6006,200.2,570.37,438.76,0.067,0.486,0.491
6007,200.233,570.62,438.85,-0.385,0.304,0.49
6008,200.267,570.5,438.67,-0.47,0.436,0.641
6009,200.3,570.6,438.85,-0.174,0.344,0.385
6010,200.333,570.64,438.84,0.289,0.422,0.511
6011,200.367,570.65,438.69,0.762,0.663,1.01
6012,200.4,570.68,438.7,1.008,0.895,1.348
6013,200.433,570.6,438.87,1.259,0.958,1.582
6014,200.467,570.42,438.93,1.417,1.002,1.735
6015,200.5,570.53,439.26,1.195,0.882,1.486
6016,200.533,570.69,439.36,0.452,0.729,0.857
6017,200.567,570.86,439.68,-0.284,0.702,0.757
6018,200.6,571.38,438.77,-0.681,0.628,0.927
6019,200.633,570.96,439.15,-0.41,0.824,0.92
6020,200.667,570.79,438.79,0.385,0.859,0.941
6021,200.7,571.16,439.33,1.795,0.972,2.041
6022,200.733,571.33,439.23,3.566,1.208,3.766
6023,200.767,571.28,439.04,5.287,1.323,5.45
6024,200.8,571.23,439.47,6.904,1.294,7.024
6025,200.833,571.13,439.52,8.238,1.267,8.334
6026,200.867,571.0,439.14,9.185,1.411,9.292
6027,200.9,571.18,439.2,9.887,1.675,10.028
6028,200.933,571.1,439.2,10.172,2.169,10.401
6029,200.967,570.98,439.52,10.133,2.66,10.476
6030,201.0,571.97,439.78,9.932,3.196,10.434
6031,201.033,573.8,440.24,9.5,3.507,10.126
6032,201.067,575.19,440.02,8.774,3.591,9.48
6033,201.1,575.94,440.26,7.635,3.788,8.523
6034,201.133,575.89,440.08,5.984,4.425,7.442
6035,201.167,575.64,440.21,4.338,4.731,6.419
6036,201.2,575.05,440.36,2.726,5.229,5.897
6037,201.233,574.57,440.2,0.896,5.465,5.538
6038,201.267,574.15,440.4,-1.141,5.734,5.847
6039,201.3,573.96,441.15,-3.06,6.01,6.744
6040,201.333,573.79,441.41,-4.84,5.986,7.698
6041,201.367,573.83,441.45,-6.327,5.94,8.678
6042,201.4,573.52,441.77,-7.287,5.785,9.304
6043,201.433,573.52,441.72,-7.727,5.523,9.497
6044,201.467,573.48,441.91,-7.502,5.128,9.087
6045,201.5,573.31,442.06,-6.455,4.719,7.996
6046,201.533,573.05,442.45,-4.898,3.995,6.32
6047,201.567,572.82,443.11,-3.659,3.059,4.769
6048,201.6,572.88,442.58,-2.922,2.463,3.822
6049,201.633,572.79,442.46,-2.447,1.54,2.891
6050,201.667,572.63,442.81,-2.226,0.905,2.403
6051,201.7,572.4,442.83,-2.234,0.331,2.258
6052,201.733,572.25,442.83,-2.152,-0.183,2.159
6053,201.767,572.38,442.65,-1.997,-0.369,2.031
6054,201.8,572.22,442.63,-1.784,-0.412,1.831
6055,201.833,572.27,442.57,-1.455,-0.503,1.54
6056,201.867,572.35,442.09,-1.158,-0.628,1.317
6057,201.9,572.29,442.29,-1.014,-0.362,1.077
6058,201.933,572.15,442.29,-0.727,-0.386,0.823
6059,201.967,572.2,442.57,-0.348,-0.491,0.602
6060,202.0,572.35,442.31,0.003,-0.671,0.671
6061,202.033,572.05,442.76,0.116,-0.62,0.631
6062,202.067,572.11,442.81,0.293,-0.54,0.615
6063,202.1,572.29,442.28,0.47,-0.743,0.879
6064,202.133,571.95,442.76,0.55,-0.793,0.965
6065,202.167,572.03,442.52,0.604,-0.756,0.967
6066,202.2,572.23,442.5,0.631,-0.84,1.05
6067,202.233,572.19,442.52,0.687,-0.81,1.062
6068,202.267,572.22,442.42,0.738,-0.848,1.125
6069,202.3,572.37,442.47,0.626,-0.764,0.988
6070,202.333,572.23,442.24,0.478,-0.585,0.756
6071,202.367,572.38,442.27,0.301,-0.449,0.54
6072,202.4,572.64,441.46,0.161,-0.247,0.295
6073,202.433,572.62,441.73,-0.057,0.073,0.093
6074,202.467,572.32,442.15,-0.163,0.26,0.307
6075,202.5,572.07,442.58,-0.312,0.381,0.492
6076,202.533,572.41,442.44,-0.56,0.655,0.862
6077,202.567,572.3,442.3,-0.623,0.693,0.932
6078,202.6,572.35,442.25,-0.674,0.567,0.881
6079,202.633,572.3,442.44,-0.812,0.629,1.027
6080,202.667,572.16,442.6,-0.823,0.438,0.932
6081,202.7,572.08,442.71,-0.689,0.259,0.736
6082,202.733,572.0,442.48,-0.559,0.026,0.56
6083,202.767,571.99,442.58,-0.379,-0.269,0.465
6084,202.8,572.07,442.45,-0.162,-0.525,0.549
6085,202.833,572.25,442.12,-0.018,-0.906,0.906
6086,202.867,572.29,442.04,0.272,-1.261,1.29
6087,202.9,572.09,442.36,0.497,-1.57,1.647
6088,202.933,572.24,441.98,0.585,-1.359,1.479
6089,202.967,572.15,442.28,0.611,-1.2,1.346
6090,203.0,572.2,442.17,0.643,-0.995,1.185
6091,203.033,572.26,442.07,0.78,-0.965,1.241
6092,203.067,572.2,442.01,0.683,-0.856,1.095
6093,203.1,572.2,442.05,0.538,-0.479,0.721
6094,203.133,572.25,442.08,0.358,-0.11,0.374
6095,203.167,572.48,442.01,0.183,0.214,0.281
6096,203.2,572.36,442.05,-0.008,0.382,0.382
6097,203.233,572.31,442.08,-0.119,0.455,0.47
6098,203.267,572.34,442.07,-0.243,0.538,0.59
6099,203.3,572.34,441.96,-0.288,0.507,0.583
6100,203.333,572.43,442.04,-0.297,0.45,0.539
6101,203.367,572.31,442.21,-0.289,0.477,0.558
6102,203.4,572.31,442.13,-0.33,0.748,0.818
6103,203.433,572.21,442.06,-0.398,0.726,0.828
6104,203.467,572.08,442.38,-0.41,0.764,0.867
6105,203.5,572.15,442.25,-0.353,0.639,0.73
6106,203.533,572.1,442.36,-0.301,0.507,0.59
6107,203.567,572.17,442.43,-0.193,0.238,0.306
6108,203.6,572.28,442.08,-0.048,0.035,0.059
6109,203.633,572.23,442.21,0.128,-0.143,0.192
6110,203.667,572.16,442.16,0.285,-0.334,0.439
6111,203.7,572.26,442.27,0.327,-0.523,0.617
6112,203.733,572.17,442.22,0.382,-0.643,0.748
6113,203.767,572.34,442.28,0.412,-0.686,0.8
6114,203.8,572.34,442.27,0.512,-0.859,1.0
6115,203.833,572.33,442.28,0.574,-0.882,1.053
6116,203.867,572.15,442.37,0.484,-0.605,0.774
6117,203.9,572.15,441.86,0.343,-0.504,0.609
6118,203.933,572.48,441.92,0.139,-0.158,0.21
6119,203.967,572.34,442.01,0.145,-0.073,0.162
6120,204.0,572.37,441.91,0.143,-0.055,0.153
6121,204.033,572.43,441.84,0.162,0.003,0.162
6122,204.067,572.31,442.15,0.198,0.049,0.204
6123,204.1,572.34,442.12,0.282,0.052,0.287
6124,204.133,572.32,442.05,0.239,0.126,0.27
6125,204.167,572.36,442.08,0.184,0.197,0.27
6126,204.2,572.35,442.22,0.295,0.114,0.316
6127,204.233,572.39,442.14,0.293,0.171,0.339
6128,204.267,572.49,442.01,0.411,0.102,0.423
6129,204.3,572.28,442.41,0.445,-0.015,0.445
6130,204.333,572.25,442.47,0.41,-0.162,0.441
6131,204.367,572.37,441.89,0.412,-0.41,0.581
6132,204.4,572.54,442.08,0.51,-0.791,0.941
6133,204.433,572.73,441.55,0.668,-0.97,1.178
6134,204.467,572.39,442.15,0.686,-1.147,1.336
6135,204.5,572.55,442.03,0.718,-1.269,1.458
6136,204.533,572.49,442.05,0.614,-1.244,1.387
6137,204.567,572.57,441.92,0.506,-1.188,1.291
6138,204.6,572.44,441.77,0.363,-1.042,1.103
6139,204.633,572.6,441.86,0.197,-0.879,0.901
6140,204.667,572.73,441.67,0.106,-0.676,0.684
6141,204.7,572.51,442.03,-0.007,-0.493,0.493
6142,204.733,572.69,441.55,-0.106,-0.401,0.415
6143,204.767,572.57,441.72,-0.179,-0.302,0.351
6144,204.8,572.57,441.66,-0.25,-0.072,0.26
6145,204.833,572.7,441.58,-0.206,-0.101,0.23
6146,204.867,572.62,441.64,-0.119,-0.245,0.273
6147,204.9,572.6,441.69,-0.044,-0.12,0.128
6148,204.933,572.52,441.77,-0.039,-0.068,0.078
6149,204.967,572.4,441.88,-0.075,0.142,0.16
6150,205.0,572.37,441.84,0.004,0.136,0.136
6151,205.033,572.55,441.76,0.044,0.047,0.064
6152,205.067,572.43,442.0,0.173,-0.131,0.217
6153,205.1,572.58,441.64,0.169,-0.188,0.253
6154,205.133,572.67,441.62,0.243,-0.134,0.277
6155,205.167,572.58,441.6,0.248,-0.106,0.27
6156,205.2,572.64,441.64,0.289,-0.232,0.371
6157,205.233,572.69,441.7,0.316,-0.39,0.502
6158,205.267,572.68,441.76,0.295,-0.4,0.497
6159,205.3,572.58,441.66,0.216,-0.254,0.334
6160,205.333,572.56,441.75,0.203,-0.191,0.279
6161,205.367,572.61,441.74,0.005,0.027,0.027
6162,205.4,572.63,441.64,-0.18,0.282,0.334
6163,205.433,572.69,441.5,-0.311,0.564,0.644
6164,205.467,572.55,441.72,-0.442,1.01,1.103
6165,205.5,572.62,441.6,-0.54,1.308,1.415
6166,205.533,572.58,441.81,-0.566,1.52,1.622
6167,205.567,572.41,441.97,-0.729,1.574,1.734
6168,205.6,572.58,441.84,-0.775,1.442,1.637
6169,205.633,572.59,441.75,-0.801,1.448,1.654
6170,205.667,572.62,441.66,-0.853,1.532,1.753
6171,205.7,572.32,442.26,-0.827,1.664,1.858
6172,205.733,572.47,442.09,-0.683,1.591,1.731
6173,205.767,572.31,442.4,-0.564,1.404,1.513
6174,205.8,572.45,442.08,-0.447,1.177,1.259
6175,205.833,572.24,442.44,-0.334,0.97,1.026
6176,205.867,572.41,442.41,-0.177,0.74,0.761
6177,205.9,572.4,442.46,-0.054,0.437,0.44
6178,205.933,572.22,442.5,0.019,0.203,0.204
6179,205.967,572.22,442.05,0.055,0.064,0.085
6180,206.0,572.27,442.06,0.138,-0.024,0.14
6181,206.033,572.23,442.07,0.222,0.071,0.233
6182,206.067,572.44,442.37,0.195,-0.176,0.263
6183,206.1,572.49,442.42,0.226,-0.403,0.462
6184,206.133,572.46,442.4,0.224,-0.553,0.596
6185,206.167,572.54,442.18,0.157,-0.626,0.646
6186,206.2,572.59,441.93,0.023,-0.468,0.468
6187,206.233,572.36,442.17,0.04,-0.542,0.543
6188,206.267,572.34,442.29,-0.075,-0.432,0.438
6189,206.3,572.3,442.25,-0.016,-0.562,0.562
6190,206.333,572.39,442.26,-0.124,-0.443,0.46
6191,206.367,572.32,442.16,-0.28,-0.498,0.571
6192,206.4,572.33,442.25,-0.359,-0.218,0.42
6193,206.433,572.39,442.21,-0.474,-0.252,0.537
6194,206.467,572.37,442.23,-0.403,-0.524,0.661
6195,206.5,572.36,441.95,-0.095,-0.54,0.548
6196,206.533,572.2,441.61,0.087,-0.579,0.585
6197,206.567,572.39,442.13,0.362,-0.394,0.535
6198,206.6,572.46,441.99,0.583,-0.404,0.709
6199,206.633,572.35,442.01,0.731,-0.569,0.926
6200,206.667,572.39,442.13,0.792,-0.716,1.067
6201,206.7,572.41,442.0,0.819,-0.763,1.12
6202,206.733,572.34,442.07,0.636,-0.664,0.92
6203,206.767,572.47,441.9,0.478,-0.449,0.656
6204,206.8,572.23,442.16,0.446,-0.496,0.667
6205,206.833,572.39,442.07,0.432,-0.514,0.672
6206,206.867,572.81,442.17,0.382,-0.528,0.652
6207,206.9,572.65,441.31,0.365,-0.521,0.636
6208,206.933,572.84,441.62,0.312,-0.461,0.557
6209,206.967,572.8,441.92,0.217,-0.345,0.408
6210,207.0,572.38,441.82,0.165,-0.437,0.467
6211,207.033,572.62,442.0,0.093,-0.373,0.384
6212,207.067,572.53,441.61,0.197,-0.249,0.317
6213,207.1,572.4,441.67,0.153,-0.203,0.254
6214,207.133,572.39,441.89,0.116,-0.239,0.266
6215,207.167,572.51,441.84,0.163,-0.345,0.382
6216,207.2,572.37,441.84,0.155,-0.494,0.517
6217,207.233,572.64,441.91,0.128,-0.558,0.573
6218,207.267,572.82,441.47,0.124,-0.558,0.571
6219,207.3,572.63,441.85,0.122,-0.511,0.525
6220,207.333,572.64,441.85,0.32,-0.542,0.629
6221,207.367,572.62,441.83,0.467,-0.536,0.711
6222,207.4,572.6,441.9,0.363,-0.593,0.696
6223,207.433,572.67,441.65,0.322,-0.29,0.433
6224,207.467,572.72,441.37,0.056,0.114,0.127
6225,207.5,572.66,441.57,-0.202,0.312,0.372
6226,207.533,572.72,441.38,-0.301,0.556,0.632
6227,207.567,572.54,441.68,-0.495,0.66,0.825
6228,207.6,572.69,441.36,-0.589,0.87,1.051
6229,207.633,572.6,441.63,-0.581,1.061,1.21
6230,207.667,572.49,441.85,-0.493,0.989,1.105
6231,207.7,572.53,441.95,-0.442,0.911,1.013
6232,207.733,572.55,442.02,-0.294,0.863,0.911
6233,207.767,572.62,441.93,-0.257,0.871,0.908
6234,207.8,572.54,442.1,-0.332,1.134,1.182
6235,207.833,572.39,442.08,-0.351,1.187,1.238
6236,207.867,572.4,442.08,-0.316,1.131,1.174
6237,207.9,572.47,442.02,-0.224,1.05,1.073
6238,207.933,572.39,442.21,-0.113,0.817,0.825
6239,207.967,572.58,441.88,-0.093,0.699,0.705
6240,208.0,572.5,441.98,-0.089,0.675,0.681
6241,208.033,572.58,441.91,-0.032,0.53,0.531
6242,208.067,572.62,441.89,-0.101,0.565,0.573
6243,208.1,572.52,441.97,-0.09,0.449,0.458
6244,208.133,572.47,441.97,-0.094,0.497,0.506
6245,208.167,572.39,442.34,-0.078,0.417,0.425
6246,208.2,572.39,442.49,0.023,0.258,0.259
6247,208.233,572.4,442.51,0.079,0.077,0.11
6248,208.267,572.45,442.3,0.102,-0.073,0.126
6249,208.3,572.49,442.16,0.11,-0.263,0.285
6250,208.333,572.58,442.15,0.146,-0.556,0.575
6251,208.367,572.52,442.22,0.218,-0.872,0.899
6252,208.4,572.43,442.12,0.224,-1.222,1.242
6253,208.433,572.41,442.16,0.291,-1.401,1.431
6254,208.467,572.55,441.97,0.484,-1.658,1.727
6255,208.5,572.54,441.95,0.598,-1.73,1.831
6256,208.533,572.46,441.97,0.712,-1.755,1.894
6257,208.567,572.64,441.74,0.707,-1.629,1.776
6258,208.6,572.71,441.7,0.646,-1.389,1.532
6259,208.633,572.62,441.66,0.582,-1.131,1.272
6260,208.667,572.65,441.75,0.488,-0.785,0.924
6261,208.7,572.58,441.75,0.41,-0.6,0.727
6262,208.733,572.64,441.69,0.312,-0.517,0.604
6263,208.767,572.71,441.46,0.23,-0.414,0.473
6264,208.8,572.65,441.59,0.168,-0.294,0.338
6265,208.833,572.62,441.63,0.066,-0.069,0.095
6266,208.867,572.68,441.71,-0.104,0.101,0.145
6267,208.9,572.91,441.88,-0.242,0.247,0.346
6268,208.933,572.83,441.69,-0.323,0.428,0.536
6269,208.967,572.67,441.71,-0.395,0.499,0.637
6270,209.0,572.58,441.75,-0.454,0.542,0.707
6271,209.033,572.55,441.73,-0.448,0.498,0.67
6272,209.067,572.62,441.65,-0.31,0.33,0.453
6273,209.1,572.57,441.6,-0.185,0.144,0.234
6274,209.133,572.54,441.66,-0.197,0.033,0.199
6275,209.167,572.55,441.68,-0.181,0.064,0.193
6276,209.2,572.56,441.8,-0.153,-0.185,0.24
6277,209.233,572.61,441.9,0.029,-0.475,0.476
6278,209.267,572.61,441.76,0.133,-0.684,0.697
6279,209.3,572.53,441.86,0.245,-0.81,0.847
6280,209.333,572.57,441.73,0.387,-0.893,0.973
6281,209.367,572.62,441.82,0.543,-0.869,1.024
6282,209.4,572.62,441.68,0.638,-0.779,1.007
6283,209.433,572.65,441.5,0.499,-0.688,0.85
6284,209.467,572.79,441.43,0.42,-0.591,0.725
6285,209.5,572.78,441.42,0.344,-0.495,0.603
6286,209.533,572.76,441.41,0.273,-0.379,0.467
6287,209.567,572.66,441.45,0.233,-0.26,0.349
6288,209.6,572.53,441.62,0.134,-0.045,0.141
6289,209.633,572.73,441.49,0.012,0.314,0.314
6290,209.667,572.82,441.11,-0.069,0.596,0.6
6291,209.7,572.86,441.52,0.012,0.898,0.898
6292,209.733,572.64,441.64,0.06,0.974,0.976
6293,209.767,572.77,441.59,-0.11,0.997,1.003
6294,209.8,572.68,441.82,-0.267,0.912,0.95
6295,209.833,572.63,441.88,-0.359,0.741,0.824
6296,209.867,572.6,441.83,-0.422,0.678,0.799
6297,209.9,572.61,441.76,-0.45,0.462,0.645
6298,209.933,572.79,441.59,-0.442,0.281,0.524
6299,209.967,572.62,441.76,-0.411,0.109,0.425
6300,210.0,572.65,441.84,-0.389,-0.011,0.389
6301,210.033,572.67,441.81,-0.33,-0.107,0.347
6302,210.067,572.62,441.88,-0.262,-0.201,0.33
6303,210.1,572.64,441.81,-0.132,-0.303,0.33
6304,210.133,572.74,441.55,0.016,-0.311,0.311
6305,210.167,572.73,441.59,0.131,-0.423,0.442
6306,210.2,572.33,441.43,0.192,-0.266,0.328
6307,210.233,572.24,441.68,0.246,0.023,0.247
6308,210.267,572.6,441.57,0.262,0.052,0.268
6309,210.3,572.63,441.82,0.143,0.265,0.301
6310,210.333,572.67,441.87,0.063,0.348,0.353
6311,210.367,572.7,441.66,0.041,0.229,0.233
6312,210.4,572.7,441.76,0.049,0.108,0.119
6313,210.433,572.73,441.67,-0.042,0.021,0.047
6314,210.467,572.78,441.76,-0.156,0.057,0.166
6315,210.5,572.72,441.74,-0.183,0.052,0.19
6316,210.533,572.65,441.73,-0.231,0.106,0.254
6317,210.567,572.61,441.8,-0.26,0.053,0.265
6318,210.6,572.53,441.9,-0.248,-0.008,0.248
6319,210.633,572.67,441.53,-0.26,-0.088,0.274
6320,210.667,572.57,441.88,-0.303,-0.078,0.313
6321,210.7,572.51,441.93,-0.378,-0.07,0.385
6322,210.733,572.32,441.38,-0.25,0.155,0.295
6323,210.767,572.48,441.81,0.007,0.131,0.131
6324,210.8,572.61,441.51,0.104,0.251,0.272
6325,210.833,572.6,441.48,0.207,0.13,0.245
6326,210.867,572.52,441.78,0.316,-0.038,0.318
6327,210.9,572.49,441.83,0.393,-0.141,0.417
6328,210.933,572.75,441.87,0.491,-0.249,0.551
6329,210.967,572.66,441.88,0.552,-0.289,0.623
6330,211.0,572.66,441.89,0.503,-0.284,0.577
6331,211.033,572.72,441.66,0.484,-0.24,0.541
6332,211.067,572.69,441.84,0.48,-0.21,0.524
6333,211.1,572.67,441.71,0.391,-0.17,0.427
6334,211.133,572.72,441.68,0.279,-0.166,0.325
6335,211.167,572.67,441.7,0.061,-0.005,0.061
6336,211.2,572.67,441.68,0.002,-0.108,0.108
6337,211.233,572.67,441.37,-0.089,-0.271,0.285
6338,211.267,572.63,441.62,-0.05,-0.087,0.1
6339,211.3,572.73,441.42,-0.05,-0.022,0.055
6340,211.333,572.74,441.66,-0.144,0.17,0.223
6341,211.367,572.72,441.69,-0.252,0.317,0.405
6342,211.4,572.75,441.81,-0.203,0.379,0.43
6343,211.433,572.67,441.84,-0.12,0.582,0.594
6344,211.467,572.64,441.89,-0.159,0.699,0.717
6345,211.5,572.73,441.79,-0.143,0.671,0.686
6346,211.533,572.6,441.76,-0.115,0.543,0.555
6347,211.567,572.5,441.85,-0.173,0.549,0.575
6348,211.6,572.61,441.77,-0.197,0.427,0.47
6349,211.633,572.72,441.67,-0.205,0.284,0.35
6350,211.667,572.82,441.67,-0.206,0.117,0.237
6351,211.7,572.54,441.91,-0.182,-0.036,0.185
6352,211.733,572.61,441.95,-0.09,-0.271,0.285
6353,211.767,572.58,441.85,0.017,-0.329,0.329
6354,211.8,572.57,441.7,0.145,-0.444,0.467
6355,211.833,572.67,441.71,0.155,-0.406,0.434
6356,211.867,572.77,441.98,0.141,-0.285,0.318
6357,211.9,572.58,442.01,0.137,-0.245,0.281
6358,211.933,572.61,441.62,0.135,-0.294,0.323
6359,211.967,572.64,441.58,0.201,-0.445,0.488
6360,212.0,572.6,441.71,0.277,-0.578,0.641
6361,212.033,572.58,441.78,0.239,-0.617,0.661
6362,212.067,572.72,441.64,0.258,-0.628,0.679
6363,212.1,572.72,441.6,0.363,-0.675,0.766
6364,212.133,572.76,441.65,0.382,-0.645,0.75
6365,212.167,572.75,441.66,0.291,-0.508,0.586
6366,212.2,572.79,441.54,0.15,-0.341,0.372
6367,212.233,572.68,441.67,0.168,-0.321,0.362
6368,212.267,572.63,441.69,0.134,-0.221,0.258
6369,212.3,572.61,441.67,0.098,-0.053,0.112
6370,212.333,572.76,441.68,0.058,0.143,0.154
6371,212.367,572.82,441.32,0.044,0.293,0.297
6372,212.4,572.84,441.43,-0.051,0.299,0.304
6373,212.433,572.8,441.48,-0.063,0.065,0.091
6374,212.467,572.69,441.71,-0.086,0.118,0.146
6375,212.5,572.65,441.68,-0.128,0.107,0.167
6376,212.533,572.73,441.62,-0.168,0.017,0.169
6377,212.567,572.7,441.65,-0.142,-0.015,0.142
6378,212.6,572.61,441.71,-0.219,0.031,0.221
6379,212.633,572.68,441.69,-0.241,0.11,0.265
6380,212.667,572.8,441.64,-0.164,0.282,0.326
6381,212.7,572.75,441.69,-0.122,0.36,0.381
6382,212.733,572.64,441.86,-0.1,0.46,0.471
6383,212.767,572.66,441.64,-0.075,0.403,0.409
6384,212.8,572.7,441.49,-0.02,0.267,0.268
6385,212.833,572.77,441.48,-0.032,0.019,0.037
6386,212.867,572.63,441.54,-0.108,-0.17,0.202
6387,212.9,572.64,441.48,-0.169,-0.256,0.307
6388,212.933,572.6,441.82,-0.268,-0.223,0.349
6389,212.967,572.6,441.57,-0.383,-0.124,0.403
6390,213.0,572.62,441.81,-0.365,-0.2,0.416
6391,213.033,572.7,441.97,-0.292,-0.21,0.359
6392,213.067,572.66,441.81,-0.238,-0.076,0.25
6393,213.1,572.83,441.78,-0.163,-0.077,0.181
6394,213.133,572.8,441.76,0.008,-0.077,0.078
6395,213.167,572.54,441.42,0.119,-0.123,0.171
6396,213.2,572.55,441.43,0.155,-0.142,0.21
6397,213.233,572.46,441.38,0.156,-0.11,0.191
6398,213.267,572.48,441.47,0.187,-0.173,0.255
6399,213.3,572.43,441.51,0.334,0.076,0.342
6400,213.333,572.65,441.74,0.318,-0.056,0.322
6401,213.367,572.72,441.6,0.225,-0.009,0.225
6402,213.4,572.68,441.83,0.191,0.078,0.206
6403,213.433,572.75,441.67,0.154,0.288,0.326
6404,213.467,572.87,441.58,0.314,0.201,0.373
6405,213.5,572.76,441.79,0.388,0.317,0.501
6406,213.533,572.75,441.72,0.415,0.364,0.552
6407,213.567,572.73,441.46,0.208,0.265,0.337
6408,213.6,572.72,441.69,-0.052,0.3,0.305
6409,213.633,572.61,441.65,-0.351,0.275,0.446
6410,213.667,572.66,441.78,-0.63,0.172,0.653
6411,213.7,572.65,441.84,-0.717,0.091,0.722
6412,213.733,572.7,441.73,-0.787,0.077,0.791
6413,213.767,572.75,441.7,-0.728,0.062,0.731
6414,213.8,572.43,441.04,-0.606,0.065,0.609
6415,213.833,572.66,441.94,-0.434,0.088,0.443
6416,213.867,572.71,441.74,-0.306,0.039,0.308
6417,213.9,572.71,441.7,-0.151,-0.083,0.172
6418,213.933,572.73,441.58,0.04,-0.225,0.229
6419,213.967,572.26,441.92,0.249,-0.462,0.525
6420,214.0,572.28,441.83,0.329,-0.42,0.534
6421,214.033,572.22,441.78,0.504,-0.627,0.804
6422,214.067,572.57,441.85,0.636,-0.818,1.036
6423,214.1,572.8,441.54,0.718,-0.808,1.081
6424,214.133,572.8,441.47,0.717,-0.803,1.076
6425,214.167,572.81,441.41,0.727,-0.716,1.021
6426,214.2,572.72,441.59,0.692,-0.558,0.889
6427,214.233,572.79,441.44,0.542,-0.448,0.703
6428,214.267,572.73,441.53,0.364,-0.269,0.453
6429,214.3,572.7,441.47,0.206,-0.158,0.259
6430,214.333,572.82,441.42,0.194,0.381,0.428
6431,214.367,572.87,441.29,0.152,0.423,0.449
6432,214.4,572.81,441.57,-0.025,0.515,0.515
6433,214.433,572.83,441.37,-0.267,0.728,0.776
6434,214.467,572.72,441.75,-0.548,0.943,1.091
6435,214.5,572.82,441.32,-0.55,0.874,1.033
6436,214.533,572.62,441.67,-0.44,0.722,0.845
6437,214.567,572.59,441.81,-0.166,0.486,0.514
6438,214.6,572.56,441.87,0.028,0.188,0.19
6439,214.633,572.61,441.87,0.086,0.029,0.091
6440,214.667,572.62,441.91,0.039,0.344,0.347
6441,214.7,572.6,441.69,-0.015,0.402,0.403
6442,214.733,572.84,441.67,0.002,-0.122,0.122
6443,214.767,572.88,441.52,0.027,-0.263,0.265
6444,214.8,572.76,441.61,0.104,-0.753,0.76
6445,214.833,572.76,441.45,0.191,-1.051,1.068
6446,214.867,572.58,441.66,0.245,-1.248,1.272
6447,214.9,572.73,441.67,0.242,-1.278,1.301
6448,214.933,572.83,441.36,0.269,-1.352,1.379
6449,214.967,572.86,441.35,0.273,-1.269,1.298
6450,215.0,572.81,441.47,0.297,-1.237,1.272
6451,215.033,572.74,441.57,0.171,-0.926,0.942
6452,215.067,572.65,441.72,0.192,-0.829,0.851
6453,215.1,572.57,441.71,0.208,-0.649,0.681
6454,215.133,572.61,441.66,0.253,-0.425,0.495
6455,215.167,572.83,440.46,0.267,-0.196,0.331
6456,215.2,572.88,440.63,0.313,-0.145,0.345
6457,215.233,572.89,441.58,0.404,0.076,0.411
6458,215.267,572.87,440.92,0.376,0.195,0.424
6459,215.3,572.84,441.6,0.311,0.443,0.541
6460,215.333,572.9,441.43,0.244,0.627,0.672
6461,215.367,572.88,441.43,0.147,0.919,0.931
6462,215.4,572.92,441.43,0.177,1.008,1.023
6463,215.433,572.86,441.44,0.19,0.976,0.995
6464,215.467,572.81,441.54,0.077,1.131,1.133
6465,215.5,572.78,441.44,-0.098,1.293,1.297
6466,215.533,572.95,441.43,-0.243,1.305,1.328
6467,215.567,572.79,441.82,-0.356,1.084,1.141
6468,215.6,572.82,441.69,-0.446,0.769,0.889
6469,215.633,572.81,441.58,-0.413,0.297,0.509
6470,215.667,572.87,441.5,-0.382,-0.161,0.415
6471,215.7,572.83,441.76,-0.299,-0.241,0.384
6472,215.733,572.8,441.57,-0.265,-0.163,0.311
6473,215.767,572.79,441.77,-0.17,-0.563,0.588
6474,215.8,572.74,441.63,-0.159,-0.379,0.411
6475,215.833,572.78,441.63,-0.142,-0.498,0.518
6476,215.867,572.81,441.48,-0.195,-0.483,0.521
6477,215.9,572.73,441.58,-0.285,-0.324,0.432
6478,215.933,572.61,441.67,-0.419,-0.191,0.46
6479,215.967,572.71,441.46,-0.581,0.005,0.581
6480,216.0,572.78,441.31,-0.704,0.05,0.705
6481,216.033,572.72,441.35,-0.785,0.182,0.806
6482,216.067,572.7,441.59,-0.871,0.265,0.911
6483,216.1,572.81,441.43,-0.722,0.035,0.723
6484,216.133,572.74,441.5,-0.359,-0.423,0.555
6485,216.167,572.88,441.18,0.038,-0.797,0.798
6486,216.2,572.65,441.6,0.553,-1.078,1.212
6487,216.233,572.68,441.54,1.108,-1.54,1.898
6488,216.267,572.47,441.85,1.763,-1.99,2.658
6489,216.3,572.6,441.46,2.487,-2.709,3.678
6490,216.333,572.6,441.54,3.228,-3.278,4.601
6491,216.367,572.69,441.41,4.183,-3.842,5.679
6492,216.4,572.85,441.02,4.875,-4.295,6.497
6493,216.433,573.0,440.92,5.483,-4.648,7.188
6494,216.467,573.32,440.55,6.005,-4.993,7.81
6495,216.5,573.62,440.5,6.352,-5.07,8.127
6496,216.533,574.02,440.11,6.631,-4.967,8.285
6497,216.567,574.37,439.89,6.926,-4.617,8.324
6498,216.6,574.56,439.76,6.897,-4.239,8.095
6499,216.633,574.53,440.03,6.576,-3.802,7.596
6500,216.667,574.89,439.78,6.037,-3.295,6.878
6501,216.7,574.95,439.47,4.908,-2.588,5.548
6502,216.733,575.21,439.35,3.43,-2.044,3.993
6503,216.767,575.3,439.3,1.621,-1.457,2.18
6504,216.8,575.34,439.61,-0.344,-1.126,1.177
6505,216.833,575.46,439.44,-2.509,-0.581,2.576
6506,216.867,574.85,439.49,-4.798,-0.198,4.802
6507,216.9,575.05,439.59,-6.796,-0.009,6.796
6508,216.933,574.97,439.52,-8.554,0.146,8.556
6509,216.967,574.93,439.63,-9.979,0.248,9.983
6510,217.0,574.78,439.52,-10.751,0.311,10.755
6511,217.033,574.25,439.62,-11.062,0.371,11.068
6512,217.067,573.37,439.39,-10.951,0.218,10.954
6513,217.1,572.98,439.26,-10.464,0.214,10.467
6514,217.133,572.3,439.43,-9.6,0.292,9.605
6515,217.167,571.46,439.38,-8.284,0.168,8.285
6516,217.2,571.19,439.49,-6.623,0.121,6.624
6517,217.233,571.01,439.6,-4.956,0.152,4.958
6518,217.267,570.8,439.63,-3.546,0.225,3.553
6519,217.3,570.81,439.79,-2.22,0.349,2.247
6520,217.333,570.98,439.52,-1.17,0.327,1.215
6521,217.367,571.6,439.45,-0.149,0.65,0.667
6522,217.4,571.66,439.56,1.219,0.745,1.428
6523,217.433,572.04,439.66,2.374,0.768,2.495
6524,217.467,572.56,439.52,3.154,0.934,3.289
6525,217.5,572.32,439.63,3.599,1.01,3.738
6526,217.533,572.41,439.34,3.71,1.076,3.863
6527,217.567,572.4,439.94,3.414,0.975,3.55
6528,217.6,572.33,439.85,3.046,0.96,3.194
6529,217.633,572.25,439.79,2.52,1.076,2.74
6530,217.667,572.09,439.84,2.495,1.075,2.717
6531,217.7,571.47,439.75,2.156,1.108,2.424
6532,217.733,571.58,439.84,2.007,0.979,2.233
6533,217.767,572.06,439.97,1.578,0.83,1.783
6534,217.8,572.3,440.08,1.218,0.575,1.347
6535,217.833,573.02,440.24,1.123,0.209,1.142
6536,217.867,573.02,439.69,0.852,-0.056,0.854
6537,217.9,572.78,440.09,0.323,-0.323,0.457
6538,217.933,572.66,440.18,-0.321,-0.78,0.843
6539,217.967,572.91,439.91,-1.032,-1.014,1.447
6540,218.0,572.86,439.85,-2.041,-1.146,2.341
6541,218.033,572.6,439.8,-3.07,-1.304,3.336
6542,218.067,572.78,439.91,-4.05,-1.252,4.239
6543,218.1,572.8,439.84,-5.142,-1.394,5.328
6544,218.133,572.62,439.64,-6.229,-1.445,6.395
6545,218.167,571.1,439.61,-6.797,-1.355,6.93
6546,218.2,571.63,439.47,-7.072,-1.27,7.185
6547,218.233,570.85,439.62,-6.765,-1.071,6.849
6548,218.267,571.12,439.44,-5.818,-0.964,5.897
6549,218.3,571.0,439.5,-4.811,-0.852,4.886
6550,218.333,570.3,439.42,-3.663,-0.676,3.724
6551,218.367,570.43,439.34,-2.629,-0.66,2.71
6552,218.4,570.33,439.4,-2.019,-0.388,2.056
6553,218.433,570.51,439.84,-1.164,-0.319,1.207
6554,218.467,570.31,439.4,-0.395,-0.296,0.493
6555,218.5,570.3,439.38,-0.432,-0.244,0.496
6556,218.533,570.54,439.42,0.106,-0.292,0.31
6557,218.567,570.44,439.49,0.864,-0.264,0.903
6558,218.6,570.92,439.5,1.204,-0.116,1.21
6559,218.633,571.52,439.48,1.193,-0.075,1.195
6560,218.667,571.08,439.33,1.313,0.122,1.319
6561,218.7,571.17,439.37,2.251,0.483,2.302
6562,218.733,571.38,439.31,3.07,0.945,3.212
6563,218.767,570.81,439.58,4.306,1.425,4.535
6564,218.8,570.86,439.63,5.383,1.992,5.739
6565,218.833,570.8,439.44,6.37,2.497,6.842
6566,218.867,570.43,439.56,7.501,3.13,8.128
6567,218.9,571.3,439.64,8.471,3.769,9.272
6568,218.933,571.14,439.8,9.345,4.068,10.192
6569,218.967,571.61,439.8,10.001,4.189,10.842
6570,219.0,573.63,440.03,10.461,4.413,11.354
6571,219.033,573.08,440.53,10.74,4.587,11.678
6572,219.067,573.13,440.75,10.717,4.732,11.715
6573,219.1,574.06,440.63,10.54,5.087,11.703
6574,219.133,575.09,441.13,9.83,5.234,11.136
6575,219.167,575.21,441.32,8.715,5.097,10.096
6576,219.2,575.32,441.29,7.451,5.041,8.996
6577,219.233,575.32,441.48,6.075,4.936,7.827
6578,219.267,575.27,441.48,4.406,4.866,6.564
6579,219.3,575.24,441.58,3.228,4.896,5.864
6580,219.333,575.2,441.77,1.687,4.426,4.737
6581,219.367,575.29,441.6,0.419,3.866,3.888
6582,219.4,575.25,441.64,-0.294,3.5,3.512
6583,219.433,575.21,442.39,-0.868,3.059,3.18
6584,219.467,575.01,442.38,-0.977,2.486,2.671
6585,219.5,575.13,442.59,-0.704,2.073,2.189
6586,219.533,575.13,442.85,-0.968,1.76,2.009
6587,219.567,575.1,442.98,-0.743,1.458,1.636
6588,219.6,575.14,442.36,-0.2,1.117,1.135
6589,219.633,575.48,442.49,0.216,1.011,1.034
6590,219.667,575.22,442.92,0.213,0.876,0.902
6591,219.7,575.46,442.82,0.21,0.665,0.698
6592,219.733,575.27,442.79,0.154,0.548,0.569
6593,219.767,575.34,442.67,0.37,0.15,0.399
6594,219.8,574.6,441.85,0.398,-0.023,0.398
6595,219.833,575.39,442.49,0.291,0.036,0.293
6596,219.867,575.35,442.88,0.151,0.135,0.203
6597,219.9,575.38,442.45,-0.199,0.719,0.746
6598,219.933,575.12,442.61,-0.815,1.587,1.785
6599,219.967,575.27,443.01,-1.615,2.332,2.837
6600,220.0,575.16,443.13,-2.501,3.73,4.491
6601,220.033,574.96,443.22,-3.406,4.292,5.479
6602,220.067,574.89,443.13,-4.247,4.717,6.348
6603,220.1,574.86,443.31,-5.055,4.937,7.066
6604,220.133,574.79,443.33,-5.77,5.333,7.857
6605,220.167,574.86,443.24,-6.598,5.59,8.648
6606,220.2,574.67,443.42,-7.289,5.561,9.168
6607,220.233,574.5,443.53,-8.068,6.098,10.114
6608,220.267,573.47,444.45,-8.522,5.686,10.245
6609,220.3,573.27,444.71,-9.013,5.537,10.578
6610,220.333,572.96,444.87,-8.869,5.535,10.455
6611,220.367,572.39,445.36,-8.801,4.237,9.768
6612,220.4,571.98,445.28,-8.514,2.956,9.012
6613,220.433,571.88,445.4,-8.098,1.976,8.336
6614,220.467,571.75,445.43,-7.545,1.157,7.633
6615,220.5,571.8,443.95,-6.939,0.301,6.945
6616,220.533,571.56,445.28,-6.16,-0.462,6.178
6617,220.567,571.27,445.25,-5.203,-1.162,5.331
6618,220.6,571.14,445.29,-4.302,-1.57,4.579
6619,220.633,570.89,445.36,-3.401,-1.929,3.91
6620,220.667,570.75,445.48,-2.542,-1.901,3.175
6621,220.7,570.74,445.44,-2.016,-1.819,2.716
6622,220.733,570.85,443.55,-1.619,-1.502,2.208
6623,220.767,570.53,444.7,-1.467,-0.913,1.728
6624,220.8,570.8,443.48,-1.123,-0.534,1.243
6625,220.833,570.75,443.23,-0.835,-0.205,0.859
6626,220.867,570.66,445.27,-0.637,0.316,0.711
6627,220.9,570.53,445.09,-0.35,0.569,0.668
6628,220.933,570.44,445.16,-0.012,0.945,0.945
6629,220.967,570.67,445.07,0.228,1.103,1.126
6630,221.0,570.69,445.09,0.4,0.976,1.055
6631,221.033,570.57,445.05,0.323,1.756,1.786
6632,221.067,570.44,445.12,0.196,1.983,1.993
6633,221.1,570.64,444.95,0.103,2.058,2.061
6634,221.133,570.61,445.06,0.006,1.939,1.939
6635,221.167,570.52,444.56,-0.021,1.616,1.616
6636,221.2,570.78,445.02,-0.005,0.992,0.992
6637,221.233,570.71,445.04,0.094,0.163,0.188
6638,221.267,570.73,445.09,0.031,0.129,0.133
6639,221.3,570.78,445.21,0.151,-0.387,0.415
6640,221.333,570.64,445.48,0.147,-0.171,0.225
6641,221.367,570.61,445.21,-0.033,0.35,0.351
6642,221.4,570.53,445.35,-0.1,0.136,0.169
6643,221.433,570.49,445.03,-0.09,0.026,0.093
6644,221.467,570.51,445.13,0.076,-0.171,0.187
6645,221.5,570.48,445.48,0.151,-0.311,0.346
6646,221.533,570.64,445.15,0.1,-0.392,0.404
6647,221.567,570.71,445.03,0.17,-0.487,0.516
6648,221.6,570.72,445.07,0.234,0.279,0.364
6649,221.633,570.72,445.1,0.216,0.69,0.723
6650,221.667,570.72,445.06,0.293,-0.181,0.344
6651,221.7,570.76,445.06,0.403,-0.56,0.69
6652,221.733,570.56,444.92,0.315,-0.938,0.989
6653,221.767,570.7,444.99,0.331,-1.295,1.336
6654,221.8,570.61,444.99,0.213,-1.288,1.305
6655,221.833,570.55,444.85,0.068,-1.29,1.292
6656,221.867,570.92,445.2,-0.007,-0.771,0.771
6657,221.9,570.8,445.17,-0.063,-1.135,1.136
6658,221.933,570.82,445.11,-0.103,-1.441,1.445
6659,221.967,570.64,445.25,-0.15,-1.48,1.487
6660,222.0,570.57,445.27,-0.105,-1.428,1.432
6661,222.033,570.74,445.16,-0.009,-1.548,1.548
6662,222.067,570.56,445.26,0.04,-1.489,1.489
6663,222.1,570.74,442.84,0.003,-1.048,1.048
6664,222.133,570.78,442.75,-0.007,-0.758,0.758
6665,222.167,570.62,445.07,0.045,-0.446,0.449
6666,222.2,570.63,444.97,0.115,-0.126,0.171
6667,222.233,570.8,444.95,0.112,0.199,0.229
6668,222.267,570.58,445.28,0.166,0.507,0.534
6669,222.3,570.8,444.79,0.149,0.734,0.749
6670,222.333,570.76,444.85,0.169,0.887,0.903
6671,222.367,570.71,443.14,0.256,1.17,1.198
6672,222.4,570.65,445.01,0.186,1.115,1.13
6673,222.433,570.7,445.0,0.11,1.06,1.066
6674,222.467,570.83,445.0,-0.042,1.081,1.082
6675,222.5,570.71,444.97,-0.131,0.858,0.868
6676,222.533,570.71,445.12,-0.146,0.522,0.542
6677,222.567,570.7,445.21,-0.301,0.016,0.302
6678,222.6,570.86,444.59,-0.389,-0.825,0.912
6679,222.633,570.83,444.85,-0.505,-0.398,0.643
6680,222.667,570.69,444.75,-0.545,0.371,0.659
6681,222.7,570.57,444.72,-0.537,0.425,0.685
6682,222.733,570.58,444.6,-0.477,0.314,0.571
6683,222.767,570.62,444.69,-0.591,0.387,0.706
6684,222.8,570.62,444.76,-0.405,0.188,0.446
6685,222.833,570.63,444.91,-0.45,0.019,0.45
6686,222.867,570.6,444.79,-0.385,-0.305,0.491
6687,222.9,570.5,445.16,-0.335,0.384,0.51
6688,222.933,570.49,445.14,-0.217,0.372,0.431
6689,222.967,570.53,444.87,-0.075,0.402,0.409
6690,223.0,570.53,444.98,-0.058,0.526,0.529
6691,223.033,570.45,444.81,0.089,0.507,0.515
6692,223.067,570.57,444.82,0.222,0.408,0.464
6693,223.1,570.7,444.98,0.333,0.098,0.347
6694,223.133,570.7,444.87,0.354,0.141,0.381
6695,223.167,570.51,445.17,0.37,-0.045,0.373
6696,223.2,570.58,444.83,0.405,-0.187,0.446
6697,223.233,570.53,445.2,0.402,-0.332,0.521
6698,223.267,570.8,444.75,0.375,-0.454,0.589
6699,223.3,570.43,444.66,0.299,-0.546,0.622
6700,223.333,570.76,444.82,0.287,-0.449,0.533
6701,223.367,570.59,445.01,0.169,-0.497,0.525
6702,223.4,570.7,445.0,0.044,-0.455,0.457
6703,223.433,570.69,445.07,0.016,-0.487,0.488
6704,223.467,570.64,444.99,-0.039,-0.521,0.522
6705,223.5,570.8,444.67,-0.121,-0.347,0.367
6706,223.533,570.64,444.86,-0.212,-0.203,0.293
6707,223.567,570.65,444.71,-0.218,-0.091,0.236
6708,223.6,570.69,444.82,-0.235,-0.008,0.235
6709,223.633,570.66,444.54,-0.322,0.048,0.325
6710,223.667,570.55,444.71,-0.41,0.104,0.423
6711,223.7,570.49,444.66,-0.336,-0.097,0.35
6712,223.733,570.6,444.71,-0.334,-0.105,0.35
6713,223.767,570.61,444.92,-0.299,-0.245,0.387
6714,223.8,570.66,445.01,-0.39,-0.087,0.399
6715,223.833,570.45,444.69,-0.3,0.019,0.301
6716,223.867,570.58,444.95,-0.355,0.113,0.373
6717,223.9,570.59,445.05,-0.368,0.168,0.405
6718,223.933,570.44,444.94,-0.377,0.266,0.461
6719,223.967,570.49,444.9,-0.301,0.072,0.31
6720,224.0,570.52,444.67,-0.194,-0.163,0.253
6721,224.033,570.58,444.5,-0.133,-0.256,0.289
6722,224.067,570.56,444.64,-0.022,-0.459,0.46
6723,224.1,570.52,444.72,0.105,-0.557,0.567
6724,224.133,570.56,444.61,0.184,-0.733,0.756
6725,224.167,570.53,444.69,0.248,-0.746,0.787
6726,224.2,570.37,444.93,0.384,-0.837,0.921
6727,224.233,570.45,444.91,0.52,-0.796,0.951
6728,224.267,570.48,444.81,0.593,-0.746,0.953
6729,224.3,570.49,444.52,0.592,-0.782,0.981
6730,224.333,570.52,444.75,0.498,-0.777,0.923
6731,224.367,570.59,444.68,0.515,-0.719,0.885
6732,224.4,570.77,444.5,0.466,-0.638,0.79
6733,224.433,570.79,444.17,0.397,-0.705,0.809
6734,224.467,570.71,444.47,0.508,-0.407,0.651
6735,224.5,570.75,444.48,0.538,-0.279,0.606
6736,224.533,570.7,444.44,0.444,-0.449,0.632
6737,224.567,570.74,444.47,0.317,-0.479,0.574
6738,224.6,570.69,444.37,0.165,-0.547,0.571
6739,224.633,570.7,444.4,0.001,-0.557,0.557
6740,224.667,570.71,444.38,-0.203,-0.478,0.519
6741,224.7,570.6,444.51,-0.31,-0.312,0.44
6742,224.733,570.63,444.41,-0.301,-0.397,0.498
6743,224.767,570.61,444.48,-0.184,-0.345,0.391
6744,224.8,570.69,444.55,-0.198,-0.466,0.506
6745,224.833,570.79,444.37,-0.148,-0.352,0.382
6746,224.867,570.76,444.64,-0.036,-0.459,0.46
6747,224.9,570.77,444.42,0.061,-0.581,0.584
6748,224.933,570.78,444.58,0.105,-0.533,0.543
6749,224.967,570.47,443.67,0.176,-0.247,0.303
6750,225.0,570.49,443.63,0.221,-0.053,0.227
6751,225.033,570.67,444.34,0.234,0.211,0.315
6752,225.067,570.66,444.35,0.312,0.564,0.645
6753,225.1,570.7,444.48,0.376,0.861,0.939
6754,225.133,570.79,444.42,0.399,1.173,1.239
6755,225.167,570.92,444.48,0.471,1.339,1.419
6756,225.2,570.8,444.3,0.578,1.572,1.675
6757,225.233,570.82,444.61,0.719,1.671,1.82
6758,225.267,570.56,444.26,0.828,1.711,1.9
6759,225.3,570.88,444.66,0.966,1.557,1.833
6760,225.333,570.88,444.48,1.21,1.275,1.758
6761,225.367,570.86,444.77,1.296,0.994,1.633
6762,225.4,570.95,444.95,1.17,0.493,1.269
6763,225.433,570.98,444.87,1.05,-0.058,1.052
6764,225.467,570.9,444.86,0.791,-0.735,1.079
6765,225.5,571.05,444.92,0.743,-1.034,1.273
6766,225.533,571.14,444.8,0.782,-1.187,1.421
6767,225.567,571.1,444.58,0.761,-1.508,1.69
6768,225.6,571.13,444.52,0.786,-1.593,1.776
6769,225.633,571.32,444.43,0.806,-1.797,1.969
6770,225.667,571.28,444.57,0.811,-1.634,1.824
6771,225.7,571.2,444.29,0.673,-1.548,1.689
6772,225.733,571.24,444.17,0.533,-1.296,1.402
6773,225.767,571.32,444.11,0.41,-1.206,1.274
6774,225.8,571.32,444.19,0.429,-0.91,1.006
6775,225.833,570.94,444.14,0.442,-0.815,0.927
6776,225.867,570.97,444.09,0.439,-0.673,0.804
6777,225.9,571.34,444.04,0.488,-0.595,0.769
6778,225.933,571.26,444.15,0.481,-0.564,0.741
6779,225.967,571.52,444.07,0.462,-0.458,0.65
6780,226.0,571.47,444.25,0.604,-0.298,0.674
6781,226.033,571.4,444.45,0.561,-0.445,0.716
6782,226.067,571.43,444.51,0.491,-0.556,0.742
6783,226.1,571.38,444.2,0.426,-0.524,0.675
6784,226.133,571.36,444.49,0.43,-0.464,0.633
6785,226.167,571.28,443.85,0.258,-0.281,0.381
6786,226.2,571.39,443.92,0.061,-0.118,0.133
6787,226.233,571.5,443.77,-0.041,-0.085,0.095
6788,226.267,571.49,443.8,-0.194,0.041,0.198
6789,226.3,571.58,443.76,-0.368,0.228,0.433
6790,226.333,571.38,443.91,-0.563,0.374,0.676
6791,226.367,571.41,444.16,-0.502,0.498,0.707
6792,226.4,571.34,444.22,-0.356,0.614,0.71
6793,226.433,571.37,444.24,-0.367,0.828,0.906
6794,226.467,571.38,444.16,-0.303,1.077,1.119
6795,226.5,571.11,443.95,-0.342,1.344,1.386
6796,226.533,571.33,444.47,-0.416,1.459,1.517
6797,226.567,571.3,444.54,-0.448,1.453,1.52
6798,226.6,571.34,444.49,-0.412,1.29,1.354
6799,226.633,571.17,444.52,-0.367,1.101,1.16
6800,226.667,571.3,444.34,-0.282,0.634,0.694
6801,226.7,571.37,444.06,-0.052,0.455,0.458
6802,226.733,571.24,444.47,0.099,0.317,0.333
6803,226.767,571.32,444.42,0.248,0.173,0.302
6804,226.8,571.29,444.39,0.288,0.117,0.311
6805,226.833,571.32,444.39,0.329,0.105,0.345
6806,226.867,571.23,444.49,0.394,0.04,0.396
6807,226.9,571.19,444.62,0.428,-0.14,0.45
6808,226.933,571.28,444.56,0.335,-0.42,0.537
6809,226.967,571.28,444.38,0.201,-0.528,0.565
6810,227.0,571.28,444.38,0.042,-0.465,0.467
6811,227.033,571.41,444.45,0.018,-0.291,0.292
6812,227.067,571.47,444.33,-0.069,-0.38,0.387
6813,227.1,571.37,444.28,-0.169,-0.37,0.407
6814,227.133,571.45,444.4,-0.256,-0.522,0.581
6815,227.167,571.46,444.47,-0.245,-0.797,0.834
6816,227.2,571.29,444.35,-0.219,-1.036,1.059
6817,227.233,571.37,444.12,-0.245,-1.009,1.039
6818,227.267,571.23,444.25,-0.299,-1.273,1.308
6819,227.3,571.38,444.06,-0.213,-1.517,1.532
6820,227.333,571.17,444.05,-0.233,-1.608,1.625
6821,227.367,571.14,444.1,-0.178,-1.66,1.67
6822,227.4,571.02,444.17,-0.057,-1.564,1.565
6823,227.433,571.26,444.42,0.067,-1.475,1.477
6824,227.467,571.29,444.13,0.235,-1.31,1.331
6825,227.5,571.3,443.83,0.353,-1.075,1.132
6826,227.533,571.34,443.83,0.531,-0.797,0.958
6827,227.567,571.32,443.89,0.545,-0.485,0.73
6828,227.6,571.41,443.42,0.533,-0.218,0.576
6829,227.633,571.39,443.57,0.592,0.14,0.608
6830,227.667,571.43,443.67,0.539,0.514,0.745
6831,227.7,571.32,443.74,0.474,0.716,0.859
6832,227.733,571.35,443.56,0.512,0.623,0.806
6833,227.767,571.61,443.91,0.367,0.865,0.94
6834,227.8,571.29,444.13,0.213,0.773,0.802
6835,227.833,571.56,444.11,-0.033,0.742,0.743
6836,227.867,571.42,444.33,-0.159,0.705,0.723
6837,227.9,571.38,444.16,-0.191,0.675,0.702
6838,227.933,571.47,444.15,-0.144,0.783,0.797
6839,227.967,571.32,444.07,-0.155,0.395,0.424
6840,228.0,571.42,444.14,-0.133,0.1,0.166
6841,228.033,571.31,444.13,-0.128,-0.096,0.16
6842,228.067,571.51,443.95,-0.063,-0.395,0.4
6843,228.1,571.48,444.14,-0.006,-0.69,0.69
6844,228.133,571.37,443.99,-0.037,-0.605,0.606
6845,228.167,571.45,443.67,-0.121,-0.447,0.463
6846,228.2,571.35,443.65,-0.195,-0.035,0.198
6847,228.233,571.14,444.22,-0.152,0.096,0.18
6848,228.267,571.31,443.65,-0.15,0.487,0.51
6849,228.3,571.44,444.09,-0.192,0.586,0.617
6850,228.333,571.49,444.15,-0.144,0.622,0.639
6851,228.367,571.47,444.24,-0.131,0.665,0.678
6852,228.4,571.36,444.2,-0.1,0.581,0.59
6853,228.433,571.41,443.68,-0.068,0.533,0.538
6854,228.467,571.4,444.21,-0.112,0.525,0.537
6855,228.5,571.33,444.12,-0.031,0.512,0.513
6856,228.533,571.37,444.15,-0.018,0.424,0.424
6857,228.567,571.2,444.44,0.04,0.343,0.345
6858,228.6,571.2,444.49,-0.027,0.41,0.411
6859,228.633,571.26,444.35,-0.022,0.28,0.281
6860,228.667,571.43,444.26,0.002,0.163,0.163
6861,228.7,571.43,443.63,-0.015,0.183,0.184
6862,228.733,571.34,444.12,-0.008,0.243,0.243
6863,228.767,571.48,443.85,0.092,0.064,0.112
6864,228.8,571.33,444.24,0.086,0.278,0.291
6865,228.833,571.47,444.24,0.038,0.255,0.258
6866,228.867,571.28,444.29,-0.04,0.188,0.192
6867,228.9,571.3,444.33,-0.1,0.051,0.112
6868,228.933,571.33,444.38,-0.146,-0.003,0.146
6869,228.967,571.41,444.29,-0.197,0.201,0.282
6870,229.0,571.29,444.33,-0.287,0.201,0.351
6871,229.033,571.32,444.39,-0.298,0.28,0.409
6872,229.067,571.36,444.33,-0.344,0.34,0.484
6873,229.1,571.44,444.08,-0.302,0.102,0.319
6874,229.133,571.27,444.16,-0.237,-0.115,0.264
6875,229.167,571.28,444.15,-0.131,-0.35,0.374
6876,229.2,571.21,444.19,-0.052,-0.57,0.572
6877,229.233,571.18,444.3,0.008,-0.508,0.508
6878,229.267,571.2,444.3,0.118,-0.568,0.58
6879,229.3,571.33,444.09,0.14,-0.367,0.393
6880,229.333,571.33,444.22,0.193,-0.316,0.37
6881,229.367,571.34,444.26,0.098,-0.139,0.171
6882,229.4,571.28,444.31,0.087,-0.073,0.113
6883,229.433,571.34,444.12,0.071,0.02,0.074
6884,229.467,571.3,444.15,0.078,0.04,0.088
6885,229.5,571.38,444.15,0.062,0.037,0.072
6886,229.533,571.29,444.03,0.08,0.097,0.126
6887,229.567,571.32,444.01,0.103,-0.014,0.104
6888,229.6,571.35,444.32,0.092,-0.153,0.178
6889,229.633,571.42,444.12,-0.025,-0.148,0.151
6890,229.667,571.38,444.16,-0.047,-0.103,0.113
6891,229.7,571.3,444.12,-0.042,-0.077,0.088
6892,229.733,571.29,444.29,-0.057,-0.057,0.081
6893,229.767,571.24,444.3,-0.0,-0.148,0.148
6894,229.8,571.21,444.19,0.067,-0.138,0.153
6895,229.833,571.22,444.27,0.134,0.605,0.619
6896,229.867,571.35,444.01,0.116,0.68,0.69
6897,229.9,571.37,444.18,-0.015,0.266,0.266
6898,229.933,571.41,444.06,-0.085,-0.117,0.144
6899,229.967,571.37,444.08,-0.044,-0.017,0.047
6900,230.0,571.33,444.19,-0.079,-0.446,0.453
6901,230.033,571.35,443.95,-0.114,-1.01,1.017
6902,230.067,571.31,444.15,-0.114,-1.298,1.303
6903,230.1,571.3,444.23,-0.047,-1.325,1.326
6904,230.133,571.39,444.23,-0.108,-1.56,1.564
6905,230.167,571.33,444.11,-0.221,-1.575,1.591
6906,230.2,571.23,444.2,-0.338,-1.285,1.328
6907,230.233,571.33,444.23,-0.512,-0.863,1.003
6908,230.267,571.24,444.42,-0.545,-0.527,0.758
6909,230.3,571.22,444.22,-0.576,-0.46,0.737
6910,230.333,571.04,442.47,-0.573,-0.3,0.647
6911,230.367,571.13,443.17,-0.558,-0.05,0.561
6912,230.4,571.36,444.02,-0.507,0.173,0.536
6913,230.433,571.37,443.93,-0.542,0.589,0.801
6914,230.467,571.07,442.9,-0.471,0.887,1.005
6915,230.5,571.25,443.85,-0.416,1.225,1.294
6916,230.533,571.15,444.41,-0.353,1.384,1.428
6917,230.567,571.13,444.34,-0.321,1.525,1.558
6918,230.6,570.9,444.14,-0.299,1.561,1.589
6919,230.633,571.06,444.55,-0.245,1.484,1.504
6920,230.667,571.04,444.62,-0.168,1.37,1.38
6921,230.7,571.03,444.15,-0.119,1.129,1.136
6922,230.733,571.25,443.93,-0.049,0.689,0.69
6923,230.767,571.0,443.85,-0.043,0.101,0.11
6924,230.8,571.06,444.38,-0.048,-0.709,0.71
6925,230.833,571.09,444.39,-0.009,-1.582,1.582
6926,230.867,571.18,444.11,0.105,-1.52,1.523
6927,230.9,571.05,444.44,0.256,-1.53,1.551
6928,230.933,571.26,443.82,0.28,-1.798,1.82
6929,230.967,571.02,444.01,0.238,-1.914,1.929
6930,231.0,571.05,443.75,0.359,-1.544,1.585
6931,231.033,571.07,443.78,0.337,-1.332,1.374
6932,231.067,571.11,443.92,0.258,-1.254,1.28
6933,231.1,571.22,443.82,0.122,-1.057,1.064
6934,231.133,571.21,443.75,0.121,-0.753,0.763
6935,231.167,571.06,443.52,0.143,-0.655,0.67
6936,231.2,571.11,443.59,0.185,-0.664,0.69
6937,231.233,571.14,443.68,0.234,-0.435,0.494
6938,231.267,571.16,443.73,0.215,-0.19,0.287
6939,231.3,571.26,443.7,0.275,0.076,0.285
6940,231.333,571.21,443.73,0.291,0.173,0.338
6941,231.367,571.29,443.71,0.296,0.222,0.37
6942,231.4,571.2,443.74,0.169,0.451,0.482
6943,231.433,571.2,443.7,0.072,0.46,0.466
6944,231.467,571.2,443.5,-0.131,0.583,0.598
6945,231.5,571.05,443.93,-0.226,0.605,0.646
6946,231.533,571.07,443.92,-0.334,0.575,0.665
6947,231.567,571.19,443.88,-0.308,1.267,1.304
6948,231.6,571.32,443.74,-0.306,0.872,0.924
6949,231.633,571.35,443.78,-0.365,0.508,0.626
6950,231.667,571.21,443.82,-0.405,0.214,0.458
6951,231.7,571.18,443.83,-0.344,0.166,0.382
6952,231.733,571.19,443.66,-0.302,0.206,0.365
6953,231.767,571.04,443.89,-0.218,0.219,0.309
6954,231.8,571.02,444.15,-0.18,0.276,0.33
6955,231.833,571.0,444.11,-0.153,0.203,0.254
6956,231.867,570.92,444.14,-0.076,0.073,0.106
6957,231.9,571.04,443.93,0.021,-0.064,0.067
6958,231.933,571.12,443.82,0.075,-0.096,0.122
6959,231.967,571.13,444.0,0.103,-0.29,0.308
6960,232.0,571.17,443.93,0.117,-0.001,0.117
6961,232.033,571.29,444.27,0.205,0.031,0.207
6962,232.067,571.08,442.35,0.352,-0.0,0.352
6963,232.1,571.12,444.12,0.465,-0.037,0.466
6964,232.133,571.18,444.21,0.679,-0.001,0.679
6965,232.167,571.15,444.24,0.512,-0.036,0.513
6966,232.2,571.13,444.08,0.401,-0.06,0.405
6967,232.233,571.2,443.9,0.226,-0.002,0.226
6968,232.267,571.15,443.86,0.067,0.159,0.173
6969,232.3,571.29,443.63,0.006,0.312,0.312
6970,232.333,571.28,443.85,0.003,0.22,0.22
6971,232.367,571.25,443.96,-0.017,0.22,0.221
6972,232.4,571.08,444.07,-0.02,0.122,0.124
6973,232.433,571.2,443.87,0.024,0.031,0.039
6974,232.467,571.25,444.38,0.051,-0.02,0.055
6975,232.5,571.28,443.71,0.1,-0.2,0.224
6976,232.533,571.33,443.8,0.116,-0.397,0.413
6977,232.567,571.28,443.85,0.122,-0.794,0.804
6978,232.6,571.24,443.83,0.202,-0.145,0.249
6979,232.633,570.72,443.8,0.239,-0.13,0.272
6980,232.667,571.27,443.96,0.241,-0.29,0.377
6981,232.7,571.23,443.99,0.267,-0.482,0.551
6982,232.733,571.38,443.86,0.29,-0.502,0.58
6983,232.767,571.34,443.9,0.273,-0.391,0.477
6984,232.8,571.29,443.76,0.235,-0.374,0.442
6985,232.833,571.19,443.98,0.165,-0.173,0.239
6986,232.867,571.27,443.71,0.145,-0.071,0.161
6987,232.9,571.43,443.68,0.1,-0.011,0.1
6988,232.933,571.33,443.73,0.18,-0.081,0.197
6989,232.967,571.35,443.72,0.255,0.102,0.275
6990,233.0,571.33,443.76,0.28,-0.034,0.282
6991,233.033,571.38,443.82,0.238,0.022,0.239
6992,233.067,571.24,443.79,0.182,0.011,0.183
6993,233.1,571.24,443.8,0.103,0.201,0.226
6994,233.133,571.28,443.76,-0.042,0.35,0.352
6995,233.167,571.3,444.04,0.15,0.395,0.422
6996,233.2,571.26,444.08,0.161,0.368,0.402
6997,233.233,571.3,443.83,0.172,0.237,0.293
6998,233.267,571.33,443.63,0.159,0.186,0.244
6999,233.3,571.49,443.84,0.151,0.037,0.156
7000,233.333,571.48,443.76,0.267,-0.012,0.267
7001,233.367,571.39,443.85,0.218,-0.226,0.314
7002,233.4,571.46,443.88,0.225,-0.206,0.305
7003,233.433,571.4,444.09,0.165,-0.192,0.253
7004,233.467,571.31,443.77,0.004,-0.176,0.176
7005,233.5,571.32,443.76,-0.114,-0.261,0.285
7006,233.533,571.38,443.92,-0.251,-0.204,0.323
7007,233.567,571.28,444.09,-0.419,-0.077,0.426
7008,233.6,571.3,443.62,-0.434,-0.01,0.434
7009,233.633,571.43,443.59,-0.456,-0.026,0.457
7010,233.667,571.39,443.8,-0.416,0.128,0.435
7011,233.7,571.35,443.75,-0.373,0.158,0.405
7012,233.733,571.43,443.87,-0.279,0.032,0.28
7013,233.767,571.33,443.78,-0.169,0.081,0.188
7014,233.8,571.29,443.92,-0.118,0.18,0.215
7015,233.833,570.96,443.87,-0.158,0.23,0.279
7016,233.867,571.35,444.0,-0.189,0.353,0.4
7017,233.9,571.19,443.77,-0.199,0.439,0.482
7018,233.933,571.09,443.82,-0.246,0.589,0.639
7019,233.967,571.35,443.81,-0.274,0.509,0.578
7020,234.0,571.25,444.15,-0.314,0.712,0.778
7021,234.033,571.33,443.94,-0.325,0.794,0.858
7022,234.067,571.39,443.74,-0.335,0.662,0.742
7023,234.1,571.24,443.88,-0.276,0.418,0.501
7024,234.133,571.32,444.15,-0.148,0.205,0.252
7025,234.167,571.2,443.94,-0.052,-0.036,0.064
7026,234.2,571.18,443.9,0.01,-0.24,0.24
7027,234.233,571.12,444.11,0.085,-0.384,0.393
7028,234.267,571.06,443.95,0.035,-0.465,0.466
7029,234.3,571.16,444.11,-0.017,-0.401,0.401
7030,234.333,571.2,444.1,-0.102,-0.4,0.412
7031,234.367,571.15,444.07,0.126,-0.215,0.25
7032,234.4,571.18,444.09,-0.04,-0.229,0.232
7033,234.433,571.17,443.88,0.116,0.074,0.138
7034,234.467,571.15,444.02,0.259,0.271,0.375
7035,234.5,571.31,443.54,0.159,0.333,0.369
7036,234.533,571.33,443.6,0.096,0.142,0.172
7037,234.567,571.33,443.75,0.034,0.265,0.267
7038,234.6,571.35,443.6,-0.154,0.36,0.392
7039,234.633,571.25,443.93,-0.362,0.478,0.6
7040,234.667,571.15,444.23,-0.466,0.343,0.579
7041,234.7,571.17,444.18,-0.495,0.191,0.531
7042,234.733,571.08,444.3,-0.503,0.192,0.539
7043,234.767,571.16,444.24,-0.501,0.034,0.502
7044,234.8,571.18,444.14,-0.456,-0.011,0.456
7045,234.833,571.25,444.23,-0.319,-0.172,0.362
7046,234.867,570.92,443.9,-0.245,-0.273,0.367
7047,234.9,571.4,444.13,-0.131,-0.432,0.452
7048,234.933,570.84,443.62,0.012,-0.661,0.661
7049,234.967,570.89,443.65,0.284,-0.883,0.928
7050,235.0,571.12,443.93,0.525,-1.105,1.223
7051,235.033,571.14,444.14,0.637,-1.097,1.268
7052,235.067,571.04,443.6,0.706,-0.925,1.163
7053,235.1,571.21,443.8,0.717,-0.773,1.055
7054,235.133,571.47,443.59,0.646,-0.408,0.764
7055,235.167,571.26,443.75,0.598,-0.119,0.609
7056,235.2,571.22,443.99,0.487,-0.037,0.488
7057,235.233,571.21,443.77,0.421,-0.057,0.424
7058,235.267,571.31,443.9,0.367,-0.063,0.372
7059,235.3,571.43,443.81,0.269,0.043,0.273
7060,235.333,571.23,443.88,0.096,0.273,0.289
7061,235.367,571.36,443.68,-0.047,0.137,0.145
7062,235.4,571.41,443.71,-0.141,0.181,0.23
7063,235.433,571.4,443.73,-0.366,0.129,0.388
7064,235.467,571.13,443.92,-0.384,0.358,0.525
7065,235.5,571.17,443.81,-0.291,0.515,0.591
7066,235.533,571.23,443.93,-0.261,0.528,0.589
7067,235.567,571.21,443.75,-0.226,0.382,0.443
7068,235.6,571.21,443.82,-0.074,0.338,0.346
7069,235.633,571.24,443.72,0.032,0.244,0.247
7070,235.667,571.16,443.71,-0.036,0.424,0.425
7071,235.7,571.34,443.9,0.018,0.499,0.5
7072,235.733,571.2,444.25,0.062,0.521,0.525
7073,235.767,571.23,444.2,0.154,0.59,0.61
7074,235.8,571.22,443.99,0.184,0.723,0.746
7075,235.833,571.35,443.64,0.156,0.739,0.755
7076,235.867,571.16,444.17,0.194,0.579,0.611
7077,235.9,571.42,444.1,0.188,0.379,0.423
7078,235.933,571.23,443.99,0.055,0.303,0.307
7079,235.967,571.36,443.82,-0.106,0.317,0.334
7080,236.0,571.25,443.96,-0.118,0.167,0.205
7081,236.033,571.25,443.98,-0.194,0.111,0.223
7082,236.067,571.28,443.95,-0.141,0.002,0.141
7083,236.1,571.22,444.28,-0.14,-0.088,0.165
7084,236.133,571.21,444.35,-0.114,-0.141,0.181
7085,236.167,571.29,444.09,-0.101,-0.09,0.136
7086,236.2,571.2,444.22,-0.041,0.045,0.061
7087,236.233,571.27,444.06,-0.078,0.175,0.192
7088,236.267,571.21,444.1,-0.015,0.065,0.067
7089,236.3,571.24,443.68,-0.097,0.299,0.314
7090,236.333,571.2,443.8,-0.082,0.276,0.288
7091,236.367,571.21,443.97,-0.144,0.337,0.366
7092,236.4,571.14,444.3,-0.19,0.372,0.418
7093,236.433,571.29,444.14,-0.211,0.225,0.309
7094,236.467,571.31,443.98,-0.123,-0.001,0.123
7095,236.5,571.26,444.14,0.161,-0.206,0.261
7096,236.533,571.45,444.06,0.454,-0.351,0.574
7097,236.567,571.15,444.04,0.733,-0.543,0.912
7098,236.6,571.27,444.22,0.872,-0.398,0.958
7099,236.633,571.23,444.19,1.113,-0.709,1.32
7100,236.667,571.23,444.19,1.275,-0.93,1.578
7101,236.7,571.23,444.18,1.271,-1.109,1.687
7102,236.733,571.26,444.13,1.226,-1.111,1.654
7103,236.767,571.17,444.29,1.183,-1.107,1.621
7104,236.8,571.52,443.32,1.113,-0.989,1.489
7105,236.833,571.47,443.75,1.073,-0.575,1.217
7106,236.867,571.62,443.93,0.954,-0.253,0.987
7107,236.9,572.0,443.37,0.763,0.148,0.777
7108,236.933,571.93,443.55,0.584,0.387,0.701
7109,236.967,572.07,443.74,0.422,1.12,1.196
7110,237.0,571.58,443.99,0.069,1.336,1.338
7111,237.033,571.56,443.91,-0.309,1.367,1.402
7112,237.067,571.48,444.19,-0.747,1.636,1.798
7113,237.1,571.64,443.63,-1.032,1.866,2.133
7114,237.133,571.35,444.37,-1.281,1.75,2.168
7115,237.167,571.36,444.25,-1.455,1.602,2.164
7116,237.2,571.48,444.61,-1.548,1.338,2.046
7117,237.233,571.58,444.26,-1.531,1.015,1.837
7118,237.267,571.42,444.51,-1.492,0.753,1.671
7119,237.3,571.42,444.35,-1.321,0.482,1.406
7120,237.333,571.17,444.26,-1.122,0.409,1.194
7121,237.367,571.2,444.59,-0.767,0.582,0.963
7122,237.4,571.22,444.47,-0.506,-0.027,0.506
7123,237.433,571.2,444.52,-0.422,-0.35,0.548
7124,237.467,570.9,443.32,-0.329,-0.653,0.731
7125,237.5,571.15,444.28,-0.44,-0.827,0.937
7126,237.533,571.26,444.55,-0.353,-0.982,1.043
7127,237.567,571.21,444.06,-0.288,-1.125,1.162
7128,237.6,571.25,443.98,-0.152,-1.25,1.259
7129,237.633,571.17,444.38,-0.119,-0.925,0.932
7130,237.667,571.16,444.37,0.041,-0.651,0.652
7131,237.7,571.14,444.51,0.201,-0.3,0.361
7132,237.733,571.07,444.55,0.265,-0.316,0.412
7133,237.767,571.19,444.32,0.254,-0.08,0.266
7134,237.8,571.33,443.77,0.249,0.143,0.287
7135,237.833,571.17,444.08,0.223,0.265,0.347
7136,237.867,571.02,442.88,0.324,0.531,0.623
7137,237.9,571.19,444.04,0.292,0.396,0.492
7138,237.933,571.2,444.18,0.201,0.28,0.345
7139,237.967,571.13,444.34,0.076,0.122,0.143
7140,238.0,571.26,444.24,0.129,0.641,0.654
7141,238.033,571.24,444.2,0.182,0.608,0.634
7142,238.067,571.31,444.54,0.226,0.335,0.404
7143,238.1,571.26,444.55,0.308,0.252,0.398
7144,238.133,571.27,444.54,0.349,0.258,0.434
7145,238.167,571.25,444.14,0.367,0.211,0.423
7146,238.2,571.25,444.08,0.479,-0.003,0.479
7147,238.233,571.3,444.5,0.523,-0.347,0.627
7148,238.267,571.26,444.34,0.567,-0.719,0.916
7149,238.3,571.27,444.04,0.483,-0.916,1.035
7150,238.333,571.18,444.29,0.109,-0.475,0.487
7151,238.367,571.02,444.0,-0.372,0.072,0.379
7152,238.4,571.18,444.4,-1.065,1.672,1.983
7153,238.433,571.26,444.36,-1.867,2.92,3.466
7154,238.467,571.34,444.22,-2.638,4.106,4.881
7155,238.5,571.39,444.03,-3.41,5.286,6.29
7156,238.533,571.23,444.42,-4.38,7.239,8.461
7157,238.567,571.07,444.68,-4.996,7.914,9.359
7158,238.6,570.89,444.93,-5.636,8.313,10.043
7159,238.633,570.71,445.23,-6.114,8.545,10.507
7160,238.667,570.59,445.28,-6.533,8.552,10.762
7161,238.7,570.05,445.98,-6.844,8.602,10.992
7162,238.733,569.77,446.62,-6.952,8.607,11.064
7163,238.767,569.34,447.22,-7.052,8.842,11.309
7164,238.8,568.89,447.78,-6.667,7.855,10.303
7165,238.833,568.71,447.78,-6.057,6.824,9.124
7166,238.867,568.5,447.94,-5.041,5.557,7.503
7167,238.9,568.75,447.65,-3.745,4.397,5.776
7168,238.933,568.66,447.83,-2.377,2.881,3.735
7169,238.967,568.45,448.08,-1.068,1.43,1.785
7170,239.0,568.46,447.99,0.05,0.347,0.351
7171,239.033,568.93,445.83,1.079,-0.59,1.229
7172,239.067,568.41,447.96,1.931,-1.462,2.422
7173,239.1,568.57,448.01,2.754,-2.116,3.473
7174,239.133,568.54,447.97,3.298,-2.654,4.233
7175,239.167,568.77,447.98,3.637,-3.071,4.76
7176,239.2,569.08,447.81,3.799,-3.224,4.983
7177,239.233,569.28,447.49,3.85,-3.325,5.087
7178,239.267,569.99,445.5,3.791,-3.552,5.196
7179,239.3,569.8,447.11,3.764,-3.984,5.481
7180,239.333,569.98,447.04,3.875,-4.691,6.085
7181,239.367,569.77,446.89,4.111,-5.615,6.96
7182,239.4,569.76,446.63,4.371,-6.591,7.908
7183,239.433,569.73,446.78,4.482,-7.337,8.598
7184,239.467,569.9,446.56,4.709,-8.261,9.509
7185,239.5,570.26,445.81,5.121,-9.319,10.633
7186,239.533,570.31,445.74,5.508,-10.147,11.545
7187,239.567,570.64,445.43,5.648,-9.516,11.066
7188,239.6,570.57,444.87,6.141,-9.555,11.358
7189,239.633,571.0,444.54,6.553,-9.435,11.487
7190,239.667,571.28,444.18,7.038,-9.372,11.72
7191,239.7,571.37,443.89,7.438,-9.299,11.908
7192,239.733,571.78,443.35,7.582,-8.796,11.613
7193,239.767,572.08,443.04,7.455,-7.92,10.877
7194,239.8,572.34,442.77,6.618,-5.711,8.741
7195,239.833,572.55,442.51,5.63,-3.946,6.875
7196,239.867,572.58,442.74,4.348,-2.074,4.817
7197,239.9,572.94,442.59,2.958,-0.097,2.96
7198,239.933,573.22,442.4,1.644,1.714,2.375
7199,239.967,573.2,442.76,0.448,3.197,3.228
7200,240.0,573.09,443.1,-0.6,4.282,4.323
7201,240.033,573.21,443.04,-1.637,5.339,5.584
7202,240.067,573.21,443.03,-2.608,6.044,6.583
7203,240.1,572.83,443.33,-3.465,6.444,7.316
7204,240.133,572.69,443.48,-3.984,6.592,7.703
7205,240.167,572.33,444.24,-4.372,6.371,7.727
7206,240.2,571.92,444.97,-4.571,5.981,7.528
7207,240.233,571.65,444.91,-4.47,5.409,7.017
7208,240.267,571.46,444.94,-4.273,4.737,6.38
7209,240.3,571.63,444.96,-3.917,3.984,5.587
7210,240.333,571.55,445.04,-3.476,3.242,4.753
7211,240.367,571.53,444.99,-2.91,2.651,3.937
7212,240.4,571.75,444.71,-2.185,2.034,2.985
7213,240.433,571.61,444.93,-1.465,1.547,2.13
7214,240.467,571.56,444.86,-0.942,0.918,1.315
7215,240.5,571.35,445.1,-0.449,0.422,0.616
7216,240.533,571.25,445.1,-0.006,-0.028,0.028
7217,240.567,571.45,445.05,0.165,-0.08,0.183
7218,240.6,571.41,444.97,0.164,-0.143,0.217
7219,240.633,571.4,445.05,0.17,-0.14,0.22
7220,240.667,571.4,445.3,0.08,0.08,0.113
7221,240.7,571.39,445.21,-0.017,0.176,0.177
7222,240.733,571.37,445.1,-0.036,0.072,0.081
7223,240.767,571.46,445.19,0.066,-0.138,0.153
7224,240.8,571.43,445.26,0.184,-0.382,0.423
7225,240.833,571.51,445.27,0.184,-0.591,0.619
7226,240.867,571.48,445.14,0.225,-0.766,0.798
7227,240.9,571.47,444.88,0.268,-0.813,0.856
7228,240.933,571.32,444.63,0.178,-0.625,0.65
7229,240.967,571.43,445.36,0.122,-0.584,0.597
7230,241.0,571.38,445.17,0.052,-0.453,0.456
7231,241.033,571.37,445.05,0.114,-0.391,0.407
7232,241.067,571.57,444.48,0.202,-0.34,0.396
7233,241.1,571.56,444.86,0.181,-0.264,0.32
7234,241.133,571.53,444.96,0.202,-0.161,0.258
7235,241.167,571.47,444.96,0.275,-0.066,0.283
7236,241.2,571.48,444.94,0.358,-0.015,0.358
7237,241.233,571.48,444.74,0.464,-0.001,0.464
7238,241.267,571.35,445.01,0.558,0.048,0.56
7239,241.3,571.47,445.15,0.553,0.051,0.555
7240,241.333,571.57,445.19,0.537,0.014,0.537
7241,241.367,571.58,445.15,0.516,-0.076,0.521
7242,241.4,571.61,444.96,0.478,-0.109,0.49
7243,241.433,571.65,444.77,0.38,-0.01,0.38
7244,241.467,571.64,444.93,0.426,0.124,0.444
7245,241.5,571.66,444.89,0.399,-0.037,0.401
7246,241.533,571.56,444.84,0.349,-0.188,0.397
7247,241.567,571.67,444.85,0.34,-0.313,0.462
7248,241.6,571.77,444.85,0.232,-0.147,0.274
7249,241.633,571.76,444.94,0.102,-0.098,0.141
7250,241.667,571.69,445.0,0.009,-0.105,0.106
7251,241.7,571.65,444.84,-0.099,-0.052,0.112
7252,241.733,571.57,444.94,-0.158,-0.075,0.175
7253,241.767,571.59,444.99,-0.183,0.074,0.197
7254,241.8,571.68,445.01,-0.119,0.154,0.194
7255,241.833,571.73,444.98,-0.044,0.097,0.106
7256,241.867,571.63,444.97,0.005,-0.034,0.034
7257,241.9,571.62,444.85,0.021,-0.173,0.175
7258,241.933,571.72,444.74,0.067,-0.253,0.262
7259,241.967,571.56,445.0,0.08,-0.244,0.257
7260,242.0,571.57,444.91,0.102,-0.283,0.301
7261,242.033,571.68,444.91,0.068,-0.26,0.269
7262,242.067,571.65,444.86,0.301,0.19,0.356
7263,242.1,571.68,444.86,0.283,0.0,0.283
7264,242.133,571.73,444.85,0.215,-0.266,0.342
7265,242.167,571.66,444.89,0.142,-0.402,0.426
7266,242.2,571.78,444.74,0.05,-0.447,0.45
7267,242.233,571.73,444.92,-0.024,-0.473,0.473
7268,242.267,571.7,444.85,-0.029,-0.426,0.427
7269,242.3,571.72,444.78,-0.037,-0.394,0.396
7270,242.333,571.66,444.87,-0.066,-0.351,0.357
7271,242.367,571.65,444.91,-0.094,-0.269,0.285
7272,242.4,571.74,444.86,-0.007,-0.201,0.201
7273,242.433,571.67,444.86,-0.097,0.103,0.142
7274,242.467,571.7,444.89,-0.189,0.445,0.483
7275,242.5,571.7,444.88,-0.109,0.3,0.319
7276,242.533,571.84,444.77,-0.007,0.17,0.17
7277,242.567,571.33,443.64,-0.009,0.194,0.194
7278,242.6,571.7,444.78,0.126,0.239,0.271
7279,242.633,571.69,445.15,0.242,0.167,0.294
7280,242.667,571.65,445.0,0.314,-0.021,0.315
7281,242.7,571.74,444.84,0.443,-0.411,0.604
7282,242.733,571.76,445.06,0.5,-0.588,0.772
7283,242.767,571.73,444.93,0.532,-0.633,0.827
7284,242.8,571.79,444.97,0.537,-0.875,1.027
7285,242.833,571.8,444.94,0.503,-0.998,1.117
7286,242.867,571.74,444.87,0.48,-1.078,1.18
7287,242.9,571.55,444.85,0.523,-1.107,1.225
7288,242.933,571.95,444.31,0.491,-1.123,1.225
7289,242.967,571.95,444.09,0.381,-1.05,1.117
7290,243.0,571.82,444.71,0.225,-0.797,0.828
7291,243.033,571.84,444.75,0.074,-0.754,0.757
7292,243.067,572.04,444.35,-0.102,-0.61,0.619
7293,243.1,571.84,444.16,0.031,0.192,0.195
7294,243.133,571.85,444.22,-0.02,0.596,0.596
7295,243.167,571.89,444.39,-0.068,0.845,0.848
7296,243.2,571.81,444.86,-0.084,1.164,1.167
7297,243.233,571.78,444.76,-0.109,1.556,1.56
7298,243.267,571.8,444.35,-0.099,1.745,1.747
7299,243.3,571.83,444.89,-0.025,1.917,1.918
7300,243.333,571.86,444.94,-0.024,2.065,2.065
7301,243.367,571.87,444.96,0.015,1.905,1.905
7302,243.4,571.71,444.96,0.042,1.589,1.59
7303,243.433,571.68,445.13,0.159,1.166,1.176
7304,243.467,571.86,445.09,0.139,0.787,0.799
7305,243.5,571.95,444.67,0.117,0.546,0.558
7306,243.533,571.98,445.07,0.11,0.123,0.165
7307,243.567,571.88,444.99,0.18,-0.464,0.498
7308,243.6,571.76,445.07,0.026,-0.959,0.959
7309,243.633,571.86,445.17,0.008,-1.014,1.014
7310,243.667,571.89,445.16,-0.078,-1.108,1.111
7311,243.7,571.93,445.04,-0.156,-1.258,1.267
7312,243.733,571.93,444.91,-0.197,-1.488,1.501
7313,243.767,571.87,444.91,-0.306,-1.32,1.355
7314,243.8,571.75,444.77,-0.318,-1.006,1.055
7315,243.833,571.82,444.36,-0.423,-0.771,0.879
7316,243.867,571.7,444.57,-0.479,-0.7,0.848
7317,243.9,571.75,444.59,-0.526,-0.433,0.681
7318,243.933,571.85,444.44,-0.565,-0.146,0.583
7319,243.967,571.8,444.69,-0.476,0.004,0.476
7320,244.0,571.74,444.75,-0.455,0.15,0.479
7321,244.033,571.81,444.53,-0.412,0.401,0.575
7322,244.067,571.6,444.7,-0.383,0.466,0.604
7323,244.1,571.79,445.01,-0.291,0.501,0.58
7324,244.133,571.63,444.51,-0.129,0.415,0.434
7325,244.167,571.73,444.78,0.017,0.252,0.252
7326,244.2,571.64,445.13,0.015,0.245,0.245
7327,244.233,571.58,445.19,0.087,-0.005,0.087
7328,244.267,571.77,444.55,0.147,-0.158,0.216
7329,244.3,571.58,444.82,0.141,-0.37,0.396
7330,244.333,571.76,444.62,0.109,-0.538,0.549
7331,244.367,571.65,445.0,0.082,-0.512,0.518
7332,244.4,571.61,444.64,0.169,-0.434,0.466
7333,244.433,571.84,444.54,0.186,-0.326,0.375
7334,244.467,571.76,444.55,0.148,-0.095,0.176
7335,244.5,571.85,444.42,0.1,0.016,0.101
7336,244.533,571.78,444.58,0.108,0.13,0.169
7337,244.567,571.77,444.6,-0.04,0.531,0.532
7338,244.6,571.7,444.71,-0.096,0.722,0.729
7339,244.633,571.68,444.92,-0.164,0.84,0.856
7340,244.667,571.59,444.99,-0.285,1.187,1.221
7341,244.7,571.86,444.52,-0.385,1.36,1.413
7342,244.733,571.65,444.99,-0.478,1.255,1.343
7343,244.767,571.55,444.88,-0.314,0.982,1.031
7344,244.8,571.63,444.95,-0.239,1.048,1.075
7345,244.833,571.8,444.97,-0.162,0.916,0.93
7346,244.867,571.73,445.11,-0.295,0.524,0.602
7347,244.9,571.58,444.97,-0.428,-0.007,0.428
7348,244.933,571.65,444.96,-0.421,-0.511,0.662
7349,244.967,571.61,444.97,-0.462,-1.0,1.101
7350,245.0,571.6,445.09,-0.247,-1.197,1.223
7351,245.033,571.45,445.11,-0.386,-1.397,1.449
7352,245.067,571.63,444.73,-0.369,-1.57,1.613
7353,245.1,571.65,445.0,-0.315,-1.746,1.774
7354,245.133,571.46,444.74,-0.297,-1.799,1.823
7355,245.167,571.73,444.61,-0.21,-1.807,1.819
7356,245.2,571.64,444.62,-0.085,-1.795,1.797
7357,245.233,571.79,444.61,-0.168,-1.323,1.334
7358,245.267,571.33,444.55,-0.071,-1.15,1.152
7359,245.3,571.2,444.14,0.056,-0.75,0.752
7360,245.333,571.28,443.97,0.186,-0.556,0.586
7361,245.367,571.55,444.52,0.217,-0.208,0.3
7362,245.4,571.78,444.32,0.237,0.121,0.266
7363,245.433,571.73,444.52,0.314,0.409,0.516
7364,245.467,571.74,444.74,0.387,0.732,0.828
7365,245.5,571.22,444.24,0.502,1.025,1.142
7366,245.533,571.85,444.51,0.593,1.08,1.232
7367,245.567,571.65,444.54,0.689,1.163,1.352
7368,245.6,571.56,444.84,0.792,1.202,1.44
7369,245.633,571.7,444.83,0.835,0.989,1.295
7370,245.667,571.62,444.78,0.947,0.778,1.226
7371,245.7,571.66,444.82,0.847,0.64,1.062
7372,245.733,571.87,444.48,0.75,0.394,0.848
7373,245.767,571.71,444.8,0.439,0.128,0.457
7374,245.8,571.81,444.52,0.339,-0.088,0.351
7375,245.833,571.79,445.0,0.257,-0.056,0.263
7376,245.867,571.83,444.78,0.245,0.155,0.29
7377,245.9,571.89,444.64,0.196,0.097,0.219
7378,245.933,571.94,444.8,-0.1,0.092,0.136
7379,245.967,571.9,444.67,-0.381,-0.009,0.381
7380,246.0,571.81,444.59,-0.582,-0.156,0.603
7381,246.033,571.81,444.8,-0.348,-0.212,0.407
7382,246.067,571.96,444.45,-0.403,-0.252,0.475
7383,246.1,571.74,444.67,-0.416,-0.152,0.443
7384,246.133,571.7,444.76,-0.377,-0.138,0.402
7385,246.167,571.62,444.86,-0.322,-0.094,0.336
7386,246.2,571.67,444.74,-0.29,-0.097,0.306
7387,246.233,571.56,444.89,-0.186,-0.159,0.245
7388,246.267,571.66,444.89,-0.152,-0.053,0.161
7389,246.3,571.57,444.75,-0.053,-0.029,0.061
7390,246.333,571.76,444.59,-0.017,0.149,0.15
7391,246.367,571.71,444.47,0.151,0.056,0.161
7392,246.4,571.61,444.5,0.439,0.392,0.588
7393,246.433,571.93,444.59,0.453,0.123,0.47
7394,246.467,572.04,444.66,0.401,-0.181,0.44
7395,246.5,571.94,444.51,0.372,-0.277,0.464
7396,246.533,571.64,444.94,0.363,-0.333,0.492
7397,246.567,571.66,444.94,0.354,-0.358,0.503
7398,246.6,571.73,444.8,0.148,0.043,0.154
7399,246.633,571.78,444.74,0.054,0.108,0.12
7400,246.667,571.66,444.62,-0.043,0.179,0.184
7401,246.7,571.87,444.7,-0.079,0.123,0.146
7402,246.733,571.81,444.75,-0.134,0.23,0.266
7403,246.767,571.8,444.79,-0.047,0.154,0.161
7404,246.8,571.87,444.68,-0.088,0.026,0.092
7405,246.833,572.01,444.65,0.001,0.153,0.153
7406,246.867,571.81,444.7,-0.026,0.141,0.143
7407,246.9,571.41,443.68,-0.013,0.065,0.067
7408,246.933,571.81,444.95,0.133,0.032,0.137
7409,246.967,571.87,445.06,0.124,0.069,0.142
7410,247.0,571.79,444.89,0.091,-0.031,0.096
7411,247.033,571.78,445.05,-0.015,0.106,0.107
7412,247.067,571.71,444.9,-0.035,0.092,0.099
7413,247.1,571.89,444.33,-0.04,0.034,0.052
7414,247.133,571.81,444.81,-0.052,0.011,0.053
7415,247.167,571.84,444.74,-0.079,-0.05,0.094
7416,247.2,571.8,444.91,0.009,-0.064,0.065
7417,247.233,571.82,444.65,-0.042,-0.027,0.05
7418,247.267,571.64,444.81,-0.059,0.003,0.059
7419,247.3,571.83,444.85,-0.011,0.22,0.22
7420,247.333,571.72,444.24,-0.207,0.244,0.32
7421,247.367,571.83,444.49,-0.534,0.313,0.619
7422,247.4,571.85,444.78,-0.727,0.279,0.779
7423,247.433,571.76,444.82,-0.61,0.747,0.964
7424,247.467,571.78,444.69,-0.594,0.758,0.963
7425,247.5,571.58,445.04,-0.64,0.621,0.892
7426,247.533,571.64,444.88,-0.606,0.545,0.816
7427,247.567,571.7,444.83,-0.553,0.577,0.799
7428,247.6,571.7,444.85,-0.392,0.418,0.573
7429,247.633,571.67,444.85,-0.195,0.322,0.376
7430,247.667,571.65,445.0,0.043,-0.008,0.044
7431,247.7,571.53,445.13,0.225,-0.265,0.348
7432,247.733,571.58,445.04,0.537,-0.539,0.761
7433,247.767,571.51,445.04,0.694,-0.663,0.96
7434,247.8,571.28,444.45,0.712,-0.931,1.172
7435,247.833,571.68,444.77,0.633,-1.137,1.301
7436,247.867,571.85,444.6,0.592,-0.952,1.121
7437,247.9,571.84,444.64,0.491,-0.774,0.917
7438,247.933,571.77,444.81,0.432,-0.859,0.962
7439,247.967,571.76,444.74,0.323,-0.795,0.859
7440,248.0,571.91,444.84,0.217,-0.697,0.729
7441,248.033,571.92,444.77,0.101,-0.624,0.633
7442,248.067,572.03,444.09,0.125,-0.588,0.601
7443,248.1,572.02,444.22,0.075,-0.689,0.693
7444,248.133,571.81,444.61,-0.011,-0.729,0.729
7445,248.167,571.74,444.76,-0.117,-0.549,0.561
7446,248.2,571.75,444.74,-0.137,-0.523,0.541
7447,248.233,571.33,444.6,-0.151,-0.546,0.566
7448,248.267,571.38,444.51,-0.112,-0.647,0.657
7449,248.3,571.78,444.68,-0.066,-0.719,0.722
7450,248.333,571.83,444.48,0.155,-0.494,0.518
7451,248.367,571.88,444.31,0.318,-0.396,0.508
7452,248.4,571.93,444.2,0.385,-0.227,0.447
7453,248.433,571.76,444.57,0.419,0.037,0.42
7454,248.467,571.9,444.28,0.48,0.166,0.507
7455,248.5,571.84,444.4,0.568,0.203,0.603
7456,248.533,572.1,444.08,0.575,0.15,0.594
7457,248.567,571.81,444.2,0.613,-0.031,0.614
7458,248.6,571.86,444.63,0.505,0.119,0.519
7459,248.633,571.92,444.7,0.326,0.364,0.489
7460,248.667,571.99,444.35,0.18,0.398,0.437
7461,248.7,571.81,444.55,-0.011,0.277,0.277
7462,248.733,571.94,444.48,-0.205,0.058,0.213
7463,248.767,571.81,444.68,-0.172,-0.068,0.185
7464,248.8,571.92,444.55,-0.055,-0.133,0.144
7465,248.833,571.97,444.51,-0.066,-0.287,0.294
7466,248.867,571.85,444.51,-0.054,-0.332,0.337
7467,248.9,571.88,444.54,-0.053,-0.287,0.292
7468,248.933,571.94,444.29,-0.069,-0.233,0.243
7469,248.967,571.97,444.24,-0.023,-0.316,0.317
7470,249.0,571.96,444.34,0.029,-0.343,0.344
7471,249.033,571.99,444.25,0.118,-0.423,0.439
7472,249.067,571.82,444.39,0.219,-0.132,0.255
7473,249.1,571.87,444.4,0.097,0.082,0.127
7474,249.133,571.84,444.22,0.251,-0.014,0.252
7475,249.167,571.82,444.3,0.12,-0.152,0.194
7476,249.2,571.93,444.42,-0.115,-0.032,0.119
7477,249.233,571.9,444.6,-0.076,-0.167,0.184
7478,249.267,571.94,444.54,-0.098,-0.229,0.249
7479,249.3,571.95,444.5,-0.071,-0.448,0.454
7480,249.333,571.99,444.46,-0.056,-0.63,0.632
7481,249.367,571.96,444.31,0.025,-0.386,0.387
7482,249.4,571.96,444.2,-0.121,-0.395,0.413
7483,249.433,571.95,444.31,-0.174,-0.488,0.518
7484,249.467,572.02,444.18,-0.239,-0.605,0.65
7485,249.5,571.92,444.31,-0.221,-0.6,0.639
7486,249.533,571.9,444.35,-0.192,-0.591,0.621
7487,249.567,571.45,443.91,-0.176,-0.564,0.591
7488,249.6,572.13,443.99,-0.035,-0.752,0.753
7489,249.633,571.48,444.23,0.088,-0.841,0.846
7490,249.667,571.96,444.2,0.235,-0.675,0.715
7491,249.7,572.2,443.94,0.344,-0.444,0.562
7492,249.733,571.87,444.29,0.389,-0.175,0.426
7493,249.767,571.87,444.26,0.422,-0.122,0.439
7494,249.8,571.92,444.46,0.454,-0.027,0.454
7495,249.833,571.86,444.6,0.527,-0.089,0.535
7496,249.867,571.57,443.64,0.498,-0.099,0.507
7497,249.9,572.17,443.92,0.425,0.027,0.426
7498,249.933,572.11,443.9,0.218,0.37,0.43
7499,249.967,572.21,444.16,0.047,0.559,0.561
7500,250.0,572.08,444.01,-0.145,0.633,0.649
7501,250.033,572.07,443.92,-0.232,0.591,0.634
7502,250.067,572.06,444.0,-0.26,0.428,0.5
7503,250.1,571.94,444.49,-0.077,0.52,0.526
7504,250.133,571.9,444.49,-0.234,0.621,0.663
7505,250.167,571.83,444.33,-0.08,0.638,0.643
7506,250.2,571.91,444.27,-0.097,0.571,0.579
7507,250.233,571.93,444.1,-0.285,0.695,0.751
7508,250.267,571.97,444.34,-0.412,0.733,0.841
7509,250.3,571.92,444.26,-0.465,0.639,0.79
7510,250.333,571.73,444.62,-0.497,0.342,0.603
7511,250.367,571.79,444.6,-0.467,-0.128,0.484
7512,250.4,571.82,444.47,-0.239,-0.224,0.328
7513,250.433,572.1,444.02,-0.302,-0.205,0.365
7514,250.467,572.09,444.03,-0.256,-0.186,0.317
7515,250.5,572.07,444.26,-0.303,-0.204,0.365
7516,250.533,571.92,444.32,-0.294,-0.163,0.336
7517,250.567,571.71,444.45,-0.323,-0.043,0.325
7518,250.6,571.71,444.36,-0.375,0.199,0.425
7519,250.633,571.74,444.35,-0.333,0.13,0.357
7520,250.667,571.74,444.27,-0.426,0.253,0.495
7521,250.7,571.68,444.44,-0.355,0.221,0.419
7522,250.733,571.7,444.34,-0.278,0.21,0.348
7523,250.767,571.87,444.12,-0.195,0.275,0.337
7524,250.8,571.79,444.28,-0.064,0.169,0.181
7525,250.833,571.75,444.39,-0.02,0.173,0.174
7526,250.867,571.73,444.41,0.091,0.07,0.115
7527,250.9,571.77,444.62,0.199,-0.058,0.207
7528,250.933,571.92,444.29,0.338,-0.325,0.469
7529,250.967,571.76,444.42,0.18,-0.122,0.218
7530,251.0,571.8,444.3,0.063,-0.036,0.073
7531,251.033,571.75,444.36,0.028,-0.096,0.101
7532,251.067,571.79,444.45,0.035,-0.232,0.235
7533,251.1,571.8,444.27,0.099,-0.393,0.406
7534,251.133,571.67,444.49,0.143,-0.513,0.533
7535,251.167,572.05,443.93,0.189,-0.639,0.667
7536,251.2,571.89,444.22,0.173,-0.689,0.711
7537,251.233,571.85,444.2,0.226,-0.697,0.733
7538,251.267,571.82,444.24,0.324,-0.557,0.645
7539,251.3,571.59,444.46,0.282,-0.313,0.421
7540,251.333,571.73,444.42,0.289,-0.166,0.333
7541,251.367,571.79,444.25,0.286,-0.143,0.32
7542,251.4,571.82,444.12,0.332,-0.172,0.374
7543,251.433,571.78,444.4,0.235,-0.154,0.281
7544,251.467,572.18,443.78,0.149,-0.098,0.179
7545,251.5,572.14,443.99,0.075,0.008,0.076
7546,251.533,571.92,444.12,0.039,0.293,0.296
7547,251.567,571.85,444.28,0.057,0.541,0.544
7548,251.6,571.86,444.27,0.063,0.705,0.707
7549,251.633,571.89,444.32,0.13,0.936,0.945
7550,251.667,571.85,444.46,0.277,1.046,1.082
7551,251.7,571.99,444.54,0.371,1.35,1.4
7552,251.733,571.94,444.41,0.491,1.566,1.641
7553,251.767,571.85,444.18,0.649,1.821,1.933
7554,251.8,571.95,444.21,0.821,2.062,2.22
7555,251.833,571.89,444.35,1.017,2.17,2.396
7556,251.867,571.95,444.63,1.185,2.224,2.52
7557,251.9,571.88,444.92,1.367,2.281,2.659
7558,251.933,572.21,444.73,1.481,2.47,2.88
7559,251.967,572.09,445.12,1.758,2.233,2.842
7560,252.0,572.3,445.11,1.784,2.432,3.016
7561,252.033,572.31,444.96,1.657,2.63,3.108
7562,252.067,572.37,445.05,1.512,2.746,3.135
7563,252.1,572.51,445.16,1.258,2.779,3.051
7564,252.133,572.52,445.23,1.099,2.63,2.85
7565,252.167,572.66,445.24,0.948,2.333,2.518
7566,252.2,572.47,445.49,0.699,1.929,2.051
7567,252.233,572.52,445.56,0.361,1.461,1.505
7568,252.267,572.44,445.6,-0.05,1.095,1.096
7569,252.3,572.37,445.66,-0.374,0.801,0.884
7570,252.333,572.56,445.68,-0.702,0.533,0.881
7571,252.367,572.57,445.71,-1.049,0.416,1.128
7572,252.4,572.49,445.76,-1.273,0.245,1.297
7573,252.433,572.62,445.49,-1.318,-0.145,1.326
7574,252.467,572.28,445.99,-1.25,-0.681,1.423
7575,252.5,572.17,445.69,-1.201,-1.121,1.643
7576,252.533,572.19,445.47,-1.028,-1.703,1.989
7577,252.567,572.21,445.38,-0.849,-1.94,2.118
7578,252.6,572.42,445.14,-0.816,-1.936,2.101
7579,252.633,572.14,445.29,-0.691,-1.895,2.017
7580,252.667,571.92,445.42,-0.563,-1.879,1.962
7581,252.7,572.02,445.41,-0.44,-1.859,1.91
7582,252.733,571.97,445.31,-0.268,-1.884,1.903
7583,252.767,572.12,445.06,-0.144,-1.791,1.797
7584,252.8,572.08,445.08,0.001,-1.679,1.679
7585,252.833,572.07,445.1,0.193,-1.559,1.571
7586,252.867,572.36,444.73,0.226,-1.287,1.307
7587,252.9,572.34,444.52,0.264,-1.057,1.09
7588,252.933,572.35,444.57,0.181,-0.671,0.695
7589,252.967,571.97,445.2,0.067,-0.406,0.411
7590,253.0,572.28,444.81,0.049,-0.401,0.404
7591,253.033,571.96,445.29,0.147,-0.442,0.466
7592,253.067,571.98,445.02,0.079,-0.306,0.316
7593,253.1,572.37,444.63,0.012,-0.106,0.106
7594,253.133,572.18,444.52,-0.175,0.169,0.244
7595,253.167,572.23,444.63,-0.294,0.367,0.47
7596,253.2,572.07,444.84,-0.256,0.393,0.469
7597,253.233,572.09,444.97,-0.224,0.214,0.309
7598,253.267,572.11,444.86,-0.008,-0.156,0.156
7599,253.3,572.11,444.95,0.077,-0.354,0.362
7600,253.333,572.08,445.07,0.209,-0.509,0.55
7601,253.367,572.2,444.83,0.452,-0.863,0.975
7602,253.4,572.08,444.92,0.411,-0.795,0.895
7603,253.433,572.33,444.41,0.409,-0.718,0.827
7604,253.467,572.17,444.82,0.358,-0.634,0.728
7605,253.5,572.18,444.76,0.475,-0.853,0.976
7606,253.533,571.96,444.99,0.311,-0.668,0.737
7607,253.567,572.26,444.75,0.339,-0.886,0.949
7608,253.6,572.26,444.55,0.378,-0.869,0.947
7609,253.633,572.25,444.49,0.126,-0.542,0.556
7610,253.667,572.35,444.34,0.049,-0.249,0.254
7611,253.7,572.34,444.3,-0.116,0.024,0.118
7612,253.733,572.39,444.46,-0.137,0.149,0.202
7613,253.767,572.13,444.83,-0.25,0.312,0.4
7614,253.8,572.29,444.7,-0.263,0.448,0.519
7615,253.833,572.28,444.53,-0.253,0.563,0.618
7616,253.867,572.06,444.89,-0.356,0.866,0.936
7617,253.9,572.32,444.36,-0.477,1.038,1.143
7618,253.933,572.16,444.64,-0.459,0.899,1.009
7619,253.967,572.07,444.86,-0.571,0.965,1.121
7620,254.0,571.96,445.09,-0.597,0.843,1.033
7621,254.033,572.18,444.7,-0.554,0.607,0.822
7622,254.067,572.07,445.09,-0.35,0.175,0.391
7623,254.1,572.07,444.81,-0.219,-0.222,0.312
7624,254.133,572.3,444.48,-0.107,-0.496,0.507
7625,254.167,572.07,444.69,-0.047,-0.803,0.804
7626,254.2,572.17,444.76,-0.018,-0.855,0.855
7627,254.233,571.99,445.0,0.014,-0.756,0.757
7628,254.267,572.18,444.82,0.084,-0.676,0.682
7629,254.3,571.97,445.0,0.172,-0.712,0.732
7630,254.333,571.87,444.95,0.165,-0.805,0.822
7631,254.367,572.17,444.14,0.014,-0.706,0.706
7632,254.4,572.19,444.22,0.029,-0.979,0.98
7633,254.433,572.1,444.5,-0.01,-0.724,0.724
7634,254.467,572.18,444.48,-0.061,-0.492,0.496
7635,254.5,572.21,444.38,-0.035,-0.413,0.414
7636,254.533,572.13,444.54,0.071,-0.439,0.445
7637,254.567,572.1,444.59,0.098,-0.258,0.276
7638,254.6,572.03,444.64,0.224,-0.309,0.382
7639,254.633,572.06,444.56,0.351,-0.299,0.461
7640,254.667,572.21,444.79,0.336,-0.12,0.357
7641,254.7,572.2,444.55,0.311,0.084,0.322
7642,254.733,572.18,444.42,0.391,0.283,0.483
7643,254.767,571.94,444.41,0.289,0.183,0.342
7644,254.8,572.06,444.26,0.094,0.149,0.176
7645,254.833,572.05,444.47,0.057,-0.071,0.091
7646,254.867,572.36,444.29,0.182,-0.524,0.555
7647,254.9,572.3,444.83,0.162,-0.442,0.471
7648,254.933,572.16,444.44,0.154,-0.396,0.425
7649,254.967,572.31,444.36,0.132,-0.297,0.325
7650,255.0,572.28,444.53,0.103,-0.334,0.349
7651,255.033,572.3,444.49,0.085,-0.405,0.414
7652,255.067,572.29,444.39,0.165,-0.528,0.553
7653,255.1,572.17,444.42,0.256,-0.522,0.581
7654,255.133,572.13,444.48,0.377,-0.54,0.658
7655,255.167,572.09,444.52,0.434,-0.444,0.621
7656,255.2,572.26,444.31,0.494,-0.618,0.791
7657,255.233,571.82,444.14,0.445,-0.643,0.782
7658,255.267,572.33,444.36,0.3,-0.504,0.586
7659,255.3,572.42,444.22,0.308,-0.333,0.454
7660,255.333,572.39,444.21,0.272,-0.012,0.272
7661,255.367,572.29,444.53,0.32,0.183,0.368
7662,255.4,572.38,444.19,0.293,0.431,0.522
7663,255.433,572.34,444.31,0.263,0.381,0.462
7664,255.467,572.5,443.93,0.271,0.45,0.525
7665,255.5,572.52,444.17,0.142,0.682,0.696
7666,255.533,572.48,444.47,0.129,0.506,0.522
7667,255.567,572.32,444.63,0.003,0.614,0.614
7668,255.6,572.27,444.44,-0.034,0.433,0.435
7669,255.633,572.22,444.49,-0.229,0.531,0.579
7670,255.667,572.32,444.34,-0.222,0.459,0.51
7671,255.7,572.09,444.69,-0.187,0.362,0.408
7672,255.733,572.19,444.66,-0.268,0.328,0.423
7673,255.767,572.36,444.5,-0.08,0.391,0.399
7674,255.8,572.35,444.48,-0.125,0.449,0.466
7675,255.833,572.46,444.33,-0.152,0.504,0.526
7676,255.867,572.43,444.37,-0.19,0.679,0.705
7677,255.9,572.3,444.46,-0.073,0.381,0.388
7678,255.933,572.27,444.49,-0.166,0.311,0.353
7679,255.967,572.3,444.54,-0.164,0.275,0.32
7680,256.0,572.45,444.22,-0.265,0.365,0.451
7681,256.033,572.19,444.92,-0.446,0.523,0.688
7682,256.067,572.33,444.35,-0.591,0.566,0.818
7683,256.1,572.04,445.09,-0.566,0.469,0.736
7684,256.133,572.47,444.54,-0.46,0.492,0.673
7685,256.167,572.12,444.79,-0.297,0.48,0.564
7686,256.2,572.09,444.74,-0.189,0.54,0.572
7687,256.233,572.16,444.77,0.023,0.457,0.458
7688,256.267,572.14,444.78,0.182,0.323,0.371
7689,256.3,572.28,444.55,0.352,0.072,0.36
7690,256.333,572.17,444.61,0.497,-0.197,0.534
7691,256.367,572.21,444.28,0.56,-0.296,0.633
7692,256.4,571.96,444.86,0.699,-0.503,0.861
7693,256.433,572.34,444.77,0.76,-0.496,0.907
7694,256.467,572.26,444.6,0.859,-0.494,0.99
7695,256.5,572.36,444.84,0.86,-0.377,0.939
7696,256.533,572.56,444.66,0.684,-0.048,0.686
7697,256.567,572.6,444.65,0.544,-0.167,0.569
7698,256.6,572.45,444.74,0.162,0.026,0.165
7699,256.633,572.37,444.63,-0.052,-0.242,0.248
7700,256.667,572.31,444.6,-0.472,-0.07,0.477
7701,256.7,572.32,444.58,-0.638,0.052,0.64
7702,256.733,572.37,444.44,-0.766,0.294,0.82
7703,256.767,572.51,444.36,-0.884,0.556,1.044
7704,256.8,572.35,444.66,-0.97,0.835,1.28
7705,256.833,572.38,444.78,-1.093,1.183,1.611
7706,256.867,572.37,444.7,-1.301,1.497,1.983
7707,256.9,572.07,445.12,-1.122,1.961,2.259
7708,256.933,572.17,444.8,-0.859,2.196,2.358
7709,256.967,571.95,444.91,-0.469,2.333,2.38
7710,257.0,571.94,444.71,0.042,2.501,2.501
7711,257.033,571.93,444.71,0.523,2.465,2.52
7712,257.067,571.94,445.08,0.87,2.468,2.617
7713,257.1,572.26,445.19,1.139,2.325,2.589
7714,257.133,572.3,445.7,1.453,1.907,2.398
7715,257.167,572.38,445.56,1.736,1.555,2.33
7716,257.2,572.23,445.66,1.981,1.025,2.231
7717,257.233,572.29,445.58,2.153,0.409,2.192
7718,257.267,572.33,445.55,2.274,-0.196,2.282
7719,257.3,572.45,445.43,2.157,-0.507,2.216
7720,257.333,572.58,445.46,2.008,-0.944,2.219
7721,257.367,573.22,445.42,1.764,-1.376,2.237
7722,257.4,572.72,445.44,1.418,-1.833,2.318
7723,257.433,573.15,445.24,1.179,-2.391,2.666
7724,257.467,572.83,445.26,0.681,-2.57,2.659
7725,257.5,572.75,445.13,0.221,-2.615,2.625
7726,257.533,572.78,445.02,-0.005,-2.62,2.62
7727,257.567,572.83,444.72,-0.248,-2.344,2.357
7728,257.6,572.85,444.64,-0.395,-2.224,2.258
7729,257.633,572.74,444.79,-0.69,-1.975,2.092
7730,257.667,572.73,444.45,-0.949,-1.783,2.02
7731,257.7,572.73,444.58,-1.184,-1.528,1.933
7732,257.733,572.73,444.67,-1.27,-1.22,1.761
7733,257.767,572.58,444.85,-1.299,-0.83,1.542
7734,257.8,572.68,444.45,-1.253,-0.46,1.335
7735,257.833,572.64,444.5,-1.039,-0.282,1.077
7736,257.867,572.55,444.42,-0.816,-0.031,0.817
7737,257.9,572.46,444.74,-0.874,0.17,0.89
7738,257.933,572.27,444.77,-0.621,0.152,0.639
7739,257.967,572.55,444.45,-0.529,0.101,0.538
7740,258.0,572.71,444.19,-0.431,0.105,0.444
7741,258.033,572.3,444.54,-0.355,-0.007,0.355
7742,258.067,572.39,444.36,-0.125,-0.324,0.347
7743,258.1,572.31,444.75,-0.003,-0.381,0.381
7744,258.133,572.42,444.79,0.008,-0.31,0.311
7745,258.167,572.42,444.64,0.145,-0.447,0.47
7746,258.2,572.4,444.72,0.248,-0.494,0.553
7747,258.233,572.41,444.54,0.412,-0.629,0.752
7748,258.267,572.5,444.32,0.457,-0.753,0.881
7749,258.3,572.64,444.19,0.485,-0.828,0.96
7750,258.333,572.48,444.58,0.362,-0.606,0.706
7751,258.367,572.59,444.29,0.232,-0.393,0.456
7752,258.4,572.64,444.18,0.43,-0.244,0.494
7753,258.433,572.49,444.37,0.402,-0.481,0.627
7754,258.467,572.33,444.48,0.396,-0.695,0.8
7755,258.5,572.53,444.11,0.405,-0.369,0.548
7756,258.533,572.73,444.19,0.105,-0.425,0.437
7757,258.567,572.42,444.59,-0.119,-0.434,0.45
7758,258.6,572.54,444.3,-0.261,-0.375,0.457
7759,258.633,572.75,444.02,-0.202,-0.572,0.606
7760,258.667,572.58,444.18,-0.165,-0.78,0.797
7761,258.7,572.62,444.33,-0.031,-0.961,0.962
7762,258.733,572.38,444.54,0.17,-1.204,1.216
7763,258.767,572.47,444.58,0.253,-1.266,1.291
7764,258.8,572.57,444.28,0.325,-1.14,1.185
7765,258.833,572.78,443.92,0.247,-0.852,0.887
7766,258.867,572.85,443.73,0.198,-0.707,0.734
7767,258.9,572.09,443.82,0.141,-0.557,0.575
7768,258.933,572.45,444.29,0.024,-0.203,0.205
7769,258.967,572.62,444.19,-0.084,0.113,0.141
7770,259.0,572.27,443.13,0.011,0.318,0.318
7771,259.033,572.62,444.15,0.115,0.573,0.585
7772,259.067,572.95,443.84,-0.056,0.968,0.969
7773,259.1,572.9,443.94,0.02,1.083,1.083
7774,259.133,572.7,444.2,0.083,1.176,1.179
7775,259.167,572.72,444.22,0.03,1.366,1.366
7776,259.2,572.52,444.4,0.014,1.48,1.48
7777,259.233,572.32,444.57,-0.079,1.499,1.501
7778,259.267,572.51,444.47,0.017,1.256,1.257
7779,259.3,572.42,444.41,0.148,0.788,0.801
7780,259.333,572.54,444.34,0.271,0.115,0.294
7781,259.367,572.64,444.26,0.275,-0.357,0.451
7782,259.4,572.57,444.57,0.132,-0.638,0.652
7783,259.433,572.62,444.36,0.332,-0.843,0.906
7784,259.467,572.8,444.24,0.436,-1.14,1.22
7785,259.5,572.66,444.23,0.462,-1.277,1.358
7786,259.533,572.48,444.46,0.67,-0.872,1.099
7787,259.567,572.86,444.1,0.692,-0.734,1.009
7788,259.6,572.71,444.05,0.546,-0.421,0.689
7789,259.633,572.69,444.13,0.304,-0.047,0.307
7790,259.667,572.69,444.1,0.108,0.217,0.242
7791,259.7,572.74,444.02,-0.106,0.503,0.514
7792,259.733,572.9,443.86,-0.287,0.725,0.779
7793,259.767,572.83,443.87,-0.361,0.796,0.874
7794,259.8,572.75,443.94,-0.208,0.748,0.776
7795,259.833,572.68,444.48,-0.28,0.642,0.7
7796,259.867,572.6,444.54,-0.361,0.634,0.73
7797,259.9,572.63,444.6,-0.459,0.703,0.839
7798,259.933,572.65,444.69,-0.433,0.455,0.628
7799,259.967,572.6,444.59,-0.398,0.201,0.446
7800,260.0,572.56,444.3,-0.384,-0.01,0.385
7801,260.033,572.54,444.44,-0.345,-0.153,0.377
7802,260.067,572.65,444.25,-0.272,-0.375,0.463
7803,260.1,572.59,444.27,-0.249,-0.511,0.568
7804,260.133,572.66,444.17,-0.235,-0.529,0.579
7805,260.167,572.66,444.21,-0.094,-0.829,0.834
7806,260.2,572.59,444.15,0.05,-1.104,1.105
7807,260.233,572.68,444.05,0.09,-1.221,1.224
7808,260.267,572.77,444.01,0.01,-1.054,1.054
7809,260.3,572.09,444.2,-0.061,-0.811,0.813
7810,260.333,572.63,444.33,-0.107,-0.376,0.391
7811,260.367,572.66,444.15,-0.148,-0.086,0.171
7812,260.4,572.71,443.96,-0.116,0.057,0.129
7813,260.433,572.6,444.17,-0.122,0.31,0.333
7814,260.467,572.61,444.29,-0.11,0.394,0.409
7815,260.5,572.46,444.32,-0.053,0.425,0.428
7816,260.533,572.5,444.19,0.019,0.54,0.541
7817,260.567,572.73,443.98,0.148,0.466,0.488
7818,260.6,572.54,444.01,0.238,0.39,0.456
7819,260.633,572.7,443.73,0.338,0.356,0.491
7820,260.667,572.48,444.26,0.385,0.334,0.51
7821,260.7,572.44,444.43,0.54,0.352,0.644
7822,260.733,572.59,444.43,0.576,0.219,0.616
7823,260.767,572.66,444.27,0.508,0.169,0.535
7824,260.8,572.67,444.43,0.308,0.245,0.394
7825,260.833,572.67,444.3,0.59,0.09,0.596
7826,260.867,572.74,444.2,0.755,0.224,0.787
7827,260.9,572.7,444.48,0.789,0.103,0.796
7828,260.933,572.79,444.11,0.388,0.097,0.4
7829,260.967,572.78,444.17,0.086,-0.053,0.101
7830,261.0,572.76,444.16,-0.169,-0.324,0.365
7831,261.033,572.82,444.09,-0.349,-0.598,0.692
7832,261.067,572.77,444.23,-0.473,-0.761,0.896
7833,261.1,572.75,444.35,-0.651,-0.802,1.033
7834,261.133,572.78,444.21,-0.707,-0.794,1.063
7835,261.167,572.8,444.22,-0.821,-0.475,0.948
7836,261.2,572.47,443.99,-0.83,-0.216,0.858
7837,261.233,572.65,444.3,-0.742,-0.064,0.745
7838,261.267,572.7,444.28,-0.625,-0.024,0.626
7839,261.3,572.8,444.09,-0.484,0.188,0.52
7840,261.333,572.47,444.45,-0.344,0.295,0.453
7841,261.367,572.07,443.54,-0.119,0.338,0.358
7842,261.4,571.99,444.02,0.338,0.319,0.465
7843,261.433,572.73,443.97,0.66,0.187,0.686
7844,261.467,572.68,444.11,0.565,0.038,0.566
7845,261.5,572.63,444.29,0.479,-0.001,0.479
7846,261.533,572.72,444.31,0.489,-0.058,0.493
7847,261.567,572.72,444.26,0.464,-0.048,0.466
7848,261.6,572.68,444.34,0.401,-0.003,0.401
7849,261.633,572.67,444.43,0.288,0.06,0.294
7850,261.667,572.68,444.35,0.176,0.117,0.211
7851,261.7,572.78,444.12,-0.012,0.19,0.19
7852,261.733,572.82,444.12,-0.089,0.312,0.324
7853,261.767,572.78,444.28,-0.248,0.329,0.413
7854,261.8,572.76,444.01,-0.419,0.263,0.494
7855,261.833,572.84,443.9,-0.666,0.294,0.728
7856,261.867,572.73,443.99,-0.743,-0.034,0.743
7857,261.9,572.01,444.16,-0.557,0.109,0.568
7858,261.933,572.03,444.05,-0.25,0.113,0.275
7859,261.967,572.71,444.46,-0.158,0.104,0.19
7860,262.0,572.76,444.29,-0.072,0.185,0.199
7861,262.033,572.59,444.45,0.024,0.307,0.308
7862,262.067,572.53,444.54,0.106,0.365,0.38
7863,262.1,572.58,444.45,0.265,0.321,0.417
7864,262.133,572.67,444.24,0.442,0.219,0.494
7865,262.167,572.57,444.3,0.519,0.111,0.53
7866,262.2,572.6,444.18,0.673,-0.14,0.688
7867,262.233,572.7,444.27,0.735,-0.26,0.779
7868,262.267,572.76,444.12,0.719,-0.328,0.79
7869,262.3,572.73,444.15,0.584,-0.484,0.758
7870,262.333,572.72,444.0,0.437,-0.534,0.689
7871,262.367,572.65,444.26,0.191,-0.388,0.433
7872,262.4,572.62,444.23,0.038,-0.079,0.088
7873,262.433,572.76,444.24,0.247,0.032,0.249
7874,262.467,572.67,444.48,0.297,-0.106,0.315
7875,262.5,572.74,444.33,0.263,0.029,0.265
7876,262.533,572.84,444.05,0.075,0.076,0.107
7877,262.567,572.85,444.03,-0.282,-0.175,0.332
7878,262.6,572.69,444.23,-0.551,-0.366,0.661
7879,262.633,572.63,444.24,-0.679,-0.659,0.946
7880,262.667,572.84,444.04,-0.802,-0.775,1.115
7881,262.7,572.64,444.29,-0.83,-0.768,1.131
7882,262.733,572.64,444.25,-0.85,-0.743,1.13
7883,262.767,572.61,444.16,-0.858,-0.713,1.115
7884,262.8,572.77,444.15,-0.747,-0.783,1.082
7885,262.833,572.71,444.22,-0.748,-0.59,0.953
7886,262.867,572.68,444.01,-0.702,-0.238,0.741
7887,262.9,572.33,443.56,-0.666,0.158,0.685
7888,262.933,572.12,443.69,-0.416,0.174,0.451
7889,262.967,572.58,444.49,-0.257,0.374,0.454
7890,263.0,572.12,443.57,-0.003,0.312,0.312
7891,263.033,572.18,443.75,0.2,0.28,0.344
7892,263.067,572.69,444.25,0.409,0.304,0.51
7893,263.1,572.76,444.04,0.547,0.297,0.623
7894,263.133,572.59,444.36,0.831,0.008,0.831
7895,263.167,572.59,444.31,0.994,-0.137,1.004
7896,263.2,572.59,444.04,0.973,-0.084,0.976
7897,263.233,572.69,444.14,1.144,-0.426,1.22
7898,263.267,572.71,444.05,1.289,-0.791,1.512
7899,263.3,572.44,444.54,1.264,-0.751,1.47
7900,263.333,572.73,444.11,1.045,-0.854,1.35
7901,263.367,572.73,443.94,0.701,-0.918,1.155
7902,263.4,572.99,443.44,0.364,-0.907,0.978
7903,263.433,572.73,444.13,0.14,-0.675,0.69
7904,263.467,572.86,443.69,-0.049,-0.149,0.157
7905,263.5,572.83,443.79,-0.367,-0.142,0.393
7906,263.533,572.93,443.64,-0.348,0.187,0.395
7907,263.567,572.82,443.65,-0.263,0.487,0.553
7908,263.6,572.87,443.71,-0.37,0.622,0.724
7909,263.633,572.6,444.19,-0.488,0.865,0.994
7910,263.667,572.83,443.93,-0.484,0.88,1.004
7911,263.7,572.94,443.7,-0.472,0.855,0.976
7912,263.733,572.57,444.35,-0.357,0.763,0.843
7913,263.767,572.38,444.65,-0.287,0.59,0.656
7914,263.8,572.54,443.98,-0.362,0.797,0.875
7915,263.833,572.59,444.3,-0.204,0.533,0.571
7916,263.867,572.73,444.14,-0.051,-0.007,0.051
7917,263.9,572.57,444.16,-0.002,-0.178,0.178
7918,263.933,572.58,444.31,-0.06,-0.187,0.196
7919,263.967,572.85,443.7,0.013,-0.494,0.495
7920,264.0,572.81,443.82,0.045,-0.621,0.623
7921,264.033,572.69,443.99,0.081,-0.774,0.778
7922,264.067,572.73,444.08,0.051,-0.832,0.834
7923,264.1,572.77,443.99,0.031,-0.775,0.776
7924,264.133,572.74,443.9,-0.02,-0.581,0.582
7925,264.167,572.65,443.95,-0.011,-0.493,0.494
7926,264.2,572.68,443.88,-0.094,-0.336,0.349
7927,264.233,572.49,444.22,-0.221,0.077,0.234
7928,264.267,572.43,444.38,-0.259,0.436,0.507
7929,264.3,572.72,443.54,-0.194,0.611,0.641
7930,264.333,572.63,443.64,-0.184,1.083,1.099
7931,264.367,572.42,444.45,-0.322,1.556,1.589
7932,264.4,572.66,443.81,-0.475,1.683,1.749
7933,264.433,572.64,443.99,-0.717,1.629,1.78
7934,264.467,572.61,443.97,-1.124,1.398,1.793
7935,264.5,572.56,444.04,-1.782,1.417,2.277
7936,264.533,572.54,444.13,-2.228,1.225,2.543
7937,264.567,572.47,444.32,-2.689,0.883,2.83
7938,264.6,572.43,444.41,-3.012,0.121,3.015
7939,264.633,572.29,444.42,-3.406,-0.328,3.422
7940,264.667,572.32,444.38,-3.665,-1.023,3.806
7941,264.7,572.17,444.67,-3.809,-1.752,4.193
7942,264.733,571.85,444.74,-3.738,-2.515,4.505
7943,264.767,571.7,444.37,-3.656,-3.388,4.984
7944,264.8,571.47,444.19,-3.361,-4.325,5.477
7945,264.833,571.19,443.92,-3.085,-4.783,5.692
7946,264.867,571.2,443.13,-2.722,-5.064,5.749
7947,264.9,570.78,443.43,-2.074,-5.715,6.079
7948,264.933,570.83,443.37,-1.453,-5.909,6.085
7949,264.967,571.1,443.08,-1.069,-5.745,5.843
7950,265.0,571.43,442.63,-0.713,-5.339,5.387
7951,265.033,571.07,442.57,-0.291,-4.843,4.852
7952,265.067,571.31,442.29,0.137,-4.314,4.316
7953,265.1,571.11,442.75,0.565,-3.743,3.785
7954,265.133,571.37,441.85,0.906,-3.228,3.352
7955,265.167,571.32,442.14,1.212,-2.818,3.067
7956,265.2,571.38,442.03,1.272,-2.267,2.599
7957,265.233,571.05,442.15,1.183,-1.913,2.249
7958,265.267,571.43,442.07,1.03,-1.805,2.078
7959,265.3,571.37,441.98,0.792,-1.667,1.846
7960,265.333,571.36,441.95,0.522,-1.65,1.731
7961,265.367,571.42,441.89,0.205,-1.538,1.552
7962,265.4,571.17,442.17,-0.085,-1.085,1.088
7963,265.433,570.98,442.25,-0.218,-0.79,0.819
7964,265.467,571.47,441.75,-0.181,-0.779,0.8
7965,265.5,571.63,441.51,-0.124,-0.892,0.9
7966,265.533,571.57,441.47,-0.305,-1.156,1.196
7967,265.567,571.5,441.53,-0.267,-1.308,1.335
7968,265.6,571.37,441.42,-0.635,-0.433,0.769
7969,265.633,571.28,441.53,-1.018,-0.076,1.021
7970,265.667,571.08,441.86,-1.706,0.963,1.959
7971,265.7,571.08,441.72,-2.443,2.08,3.209
7972,265.733,571.01,441.77,-3.076,3.111,4.375
7973,265.767,570.97,441.99,-3.54,4.354,5.612
7974,265.8,570.86,442.07,-4.123,5.494,6.868
7975,265.833,570.76,442.35,-4.757,6.85,8.34
7976,265.867,570.9,442.25,-5.303,7.998,9.597
7977,265.9,570.67,442.25,-5.641,9.171,10.767
7978,265.933,570.7,442.21,-5.701,10.112,11.608
7979,265.967,570.3,442.75,-5.547,10.626,11.986
7980,266.0,569.78,443.41,-5.32,11.003,12.222
7981,266.033,569.51,444.78,-4.941,11.55,12.563
7982,266.067,568.86,445.64,-4.509,11.366,12.228
7983,266.1,568.98,444.52,-4.066,10.873,11.609
7984,266.133,568.86,445.61,-3.541,10.103,10.706
7985,266.167,569.04,445.68,-3.107,9.091,9.607
7986,266.2,569.1,445.78,-2.559,7.587,8.007
7987,266.233,568.76,446.57,-1.886,6.08,6.366
7988,266.267,568.74,446.39,-1.165,4.515,4.663
7989,266.3,568.7,446.91,-0.58,3.121,3.175
7990,266.333,569.02,446.62,0.014,1.8,1.8
7991,266.367,569.17,447.01,0.525,0.592,0.792
7992,266.4,569.0,446.83,0.707,-0.182,0.73
7993,266.433,569.02,446.5,0.905,-0.665,1.123
7994,266.467,569.31,446.48,0.997,-0.835,1.301
7995,266.5,569.18,446.43,1.171,-0.844,1.443
7996,266.533,568.89,445.35,1.33,-0.597,1.458
7997,266.567,568.88,446.01,1.545,-0.523,1.631
7998,266.6,568.96,445.91,2.225,-0.721,2.339
7999,266.633,568.95,446.03,2.558,-0.602,2.628
8000,266.667,569.33,446.03,2.972,-0.847,3.091
8001,266.7,569.5,446.46,3.197,-0.924,3.328
8002,266.733,569.39,446.55,3.569,-1.375,3.825
8003,266.767,569.4,446.8,4.092,-2.151,4.623
8004,266.8,569.74,446.45,4.983,-3.101,5.869
8005,266.833,569.85,446.45,5.884,-4.355,7.32
8006,266.867,570.12,446.21,6.536,-5.537,8.567
8007,266.9,570.69,445.66,7.0,-6.854,9.796
8008,266.933,570.89,445.4,7.518,-8.087,11.041
8009,266.967,570.97,445.41,7.915,-9.082,12.047
8010,267.0,570.95,445.37,7.886,-9.626,12.444
8011,267.033,571.35,444.9,7.8,-10.039,12.713
8012,267.067,571.53,444.1,7.732,-9.839,12.513
8013,267.1,571.26,443.3,7.373,-9.409,11.954
8014,267.133,572.09,443.42,6.98,-8.478,10.981
8015,267.167,572.42,442.99,6.541,-7.38,9.862
8016,267.2,573.11,442.14,5.907,-6.367,8.685
8017,267.233,573.11,442.52,5.065,-5.126,7.207
8018,267.267,573.51,442.15,4.217,-3.685,5.6
8019,267.3,573.04,442.46,3.764,-2.584,4.565
8020,267.333,573.15,442.51,2.71,-1.199,2.963
8021,267.367,573.36,442.69,1.9,-0.068,1.902
8022,267.4,573.47,442.72,1.123,0.895,1.436
8023,267.433,573.29,442.88,0.259,1.882,1.899
8024,267.467,573.2,443.1,-0.635,2.754,2.826
8025,267.5,573.4,442.57,-1.334,3.126,3.399
8026,267.533,573.17,442.65,-1.814,3.095,3.588
8027,267.567,572.95,443.18,-2.144,2.55,3.331
8028,267.6,573.27,442.99,-2.296,2.076,3.096
8029,267.633,573.07,442.7,-1.98,1.925,2.762
8030,267.667,572.99,442.81,-1.715,1.457,2.251
8031,267.7,572.82,443.73,-1.098,0.702,1.303
8032,267.733,572.86,443.51,-0.883,0.376,0.96
8033,267.767,572.91,443.24,-0.772,0.247,0.81
8034,267.8,571.98,443.71,-1.011,0.339,1.066
8035,267.833,572.97,443.26,-1.082,0.497,1.19
8036,267.867,572.68,443.36,-1.273,0.847,1.529
8037,267.9,572.69,443.36,-1.61,1.314,2.078
8038,267.933,572.61,443.23,-1.93,1.802,2.641
8039,267.967,572.76,443.01,-2.253,2.243,3.179
8040,268.0,572.65,443.22,-2.572,2.523,3.603
8041,268.033,572.72,443.12,-2.851,3.712,4.681
8042,268.067,572.55,443.76,-3.398,3.989,5.24
8043,268.1,572.48,443.79,-3.764,4.017,5.505
8044,268.133,572.38,443.47,-4.171,4.082,5.836
8045,268.167,572.23,443.64,-4.413,4.287,6.153
8046,268.2,571.31,444.56,-4.588,4.54,6.454
8047,268.233,571.26,444.96,-4.563,4.316,6.281
8048,268.267,571.17,444.69,-4.439,4.074,6.025
8049,268.3,571.19,445.09,-4.341,3.991,5.896
8050,268.333,571.06,445.23,-3.624,3.502,5.04
8051,268.367,571.12,445.22,-3.224,3.134,4.496
8052,268.4,571.14,445.1,-2.637,2.549,3.668
8053,268.433,570.8,445.2,-2.056,1.905,2.803
8054,268.467,570.78,445.25,-1.403,1.294,1.909
8055,268.5,570.76,445.36,-0.779,0.952,1.23
8056,268.533,570.26,443.61,-0.253,0.568,0.622
8057,268.567,570.93,445.22,0.093,0.412,0.422
8058,268.6,570.97,445.26,0.383,0.07,0.389
8059,268.633,570.9,445.34,0.526,-0.075,0.531
8060,268.667,570.85,445.45,0.474,0.068,0.479
8061,268.7,570.93,445.44,0.267,0.401,0.482
8062,268.733,570.87,445.46,0.378,0.39,0.543
8063,268.767,570.8,445.45,0.526,0.139,0.544
8064,268.8,570.94,445.15,0.694,-0.011,0.694
8065,268.833,570.92,445.21,0.767,0.1,0.774
8066,268.867,570.91,445.06,0.757,-0.067,0.76
8067,268.9,570.88,445.23,0.552,-0.443,0.708
8068,268.933,570.98,445.22,0.233,-0.939,0.968
8069,268.967,570.98,445.28,0.021,-1.525,1.525
8070,269.0,570.79,445.05,-0.371,-2.64,2.666
8071,269.033,570.92,445.13,-0.734,-3.396,3.475
8072,269.067,570.98,445.04,-0.468,-2.758,2.798
8073,269.1,570.96,445.06,-0.608,-2.757,2.824
8074,269.133,570.95,444.75,-0.858,-3.26,3.371
8075,269.167,571.03,444.7,-0.989,-3.434,3.574
8076,269.2,571.03,444.51,-1.027,-3.467,3.616
8077,269.233,570.98,444.51,-0.994,-3.236,3.385
8078,269.267,570.79,444.59,-0.973,-2.87,3.031
8079,269.3,570.58,444.71,-0.818,-2.445,2.578
8080,269.333,570.45,443.6,-0.669,-1.716,1.841
8081,269.367,570.45,443.58,-0.407,-1.001,1.081
8082,269.4,570.55,443.61,0.037,0.357,0.359
8083,269.433,570.52,443.75,0.361,1.328,1.376
8084,269.467,570.45,443.7,0.407,1.566,1.618
8085,269.5,570.88,444.95,0.429,1.721,1.774
8086,269.533,571.01,444.38,0.519,1.969,2.036
8087,269.567,570.39,443.59,0.675,2.059,2.166
8088,269.6,570.69,443.71,0.719,2.171,2.287
8089,269.633,570.98,445.14,0.82,2.125,2.277
8090,269.667,570.95,445.05,0.836,2.083,2.245
8091,269.7,570.98,445.19,0.786,2.011,2.16
8092,269.733,570.87,445.07,0.561,1.949,2.028
8093,269.767,571.08,445.06,0.283,1.725,1.748
8094,269.8,571.05,445.15,0.109,1.371,1.376
8095,269.833,571.06,444.98,-0.047,0.725,0.727
8096,269.867,570.89,445.09,-0.077,0.465,0.472
8097,269.9,570.39,443.64,-0.016,0.315,0.315
8098,269.933,570.48,443.7,0.028,0.332,0.333
8099,269.967,570.89,444.96,0.072,0.375,0.382
8100,270.0,570.96,445.06,0.245,0.578,0.628
8101,270.033,571.08,445.03,0.214,0.257,0.335
8102,270.067,570.87,445.2,0.101,0.109,0.149
8103,270.1,571.02,445.09,0.338,0.592,0.681
8104,270.133,570.85,445.15,0.435,1.224,1.299
8105,270.167,570.93,445.22,0.358,1.223,1.274
8106,270.2,570.85,445.1,0.309,1.048,1.093
8107,270.233,571.06,445.0,0.193,0.604,0.634
8108,270.267,571.09,445.07,0.392,0.641,0.751
8109,270.3,570.95,444.93,0.11,-0.017,0.111
8110,270.333,571.08,444.97,-0.136,-0.794,0.805
8111,270.367,571.02,445.11,-0.404,-1.468,1.523
8112,270.4,570.89,445.11,-0.635,-2.103,2.197
8113,270.433,570.87,444.95,-0.5,-1.849,1.915
8114,270.467,570.96,444.99,-0.265,-1.326,1.353
8115,270.5,570.87,444.99,-0.243,-1.425,1.445
8116,270.533,570.92,444.87,-0.112,-1.376,1.381
8117,270.567,570.87,444.92,-0.051,-1.223,1.224
8118,270.6,570.74,444.55,0.066,-1.09,1.092
8119,270.633,570.86,444.46,0.072,-0.869,0.872
8120,270.667,570.97,444.37,0.116,-0.66,0.67
8121,270.7,570.94,444.58,0.136,-0.637,0.652
8122,270.733,571.06,444.89,0.238,-0.411,0.475
8123,270.767,570.4,443.63,0.26,-0.144,0.297
8124,270.8,571.09,444.78,0.208,0.148,0.255
8125,270.833,571.04,444.95,0.222,0.395,0.453
8126,270.867,571.03,444.94,0.085,0.469,0.476
8127,270.9,571.11,444.7,0.061,0.594,0.597
8128,270.933,570.99,444.47,0.013,0.724,0.724
8129,270.967,570.93,444.45,0.043,0.715,0.716
8130,271.0,571.13,444.97,0.012,0.666,0.666
8131,271.033,570.88,444.81,-0.014,0.533,0.533
8132,271.067,570.81,444.77,-0.072,0.347,0.355
8133,271.1,570.81,444.73,-0.062,-0.011,0.063
8134,271.133,570.86,444.68,-0.028,-0.126,0.129
8135,271.167,570.95,444.65,0.007,-0.167,0.167
8136,271.2,570.98,445.01,-0.03,-0.136,0.14
8137,271.233,570.94,444.72,-0.081,-0.195,0.211
8138,271.267,570.91,444.69,-0.145,-0.491,0.512
8139,271.3,570.97,444.47,0.194,-0.103,0.22
8140,271.333,570.94,444.6,0.252,-0.219,0.334
8141,271.367,571.13,444.95,0.309,-0.439,0.537
8142,271.4,570.91,444.68,0.408,-0.66,0.776
8143,271.433,571.06,444.44,0.375,-0.754,0.842
8144,271.467,570.93,444.7,0.344,-0.738,0.815
8145,271.5,570.94,444.6,0.362,-0.65,0.744
8146,271.533,570.99,444.57,0.224,-0.852,0.881
8147,271.567,571.02,444.61,0.198,-0.979,0.999
8148,271.6,570.92,444.78,0.265,-1.04,1.073
8149,271.633,571.04,444.54,0.314,-1.032,1.079
8150,271.667,571.01,444.42,0.267,-1.025,1.059
8151,271.7,571.08,444.34,0.231,-0.966,0.994
8152,271.733,571.2,444.26,0.163,-0.976,0.989
8153,271.767,571.13,444.29,0.114,-0.808,0.816
8154,271.8,571.07,444.22,0.168,-0.685,0.705
8155,271.833,571.09,444.36,0.163,-0.446,0.475
8156,271.867,571.11,444.38,0.185,-0.276,0.332
8157,271.9,570.97,444.29,0.065,-0.172,0.184
8158,271.933,571.07,444.17,0.08,0.053,0.096
8159,271.967,571.13,444.19,-0.008,0.37,0.37
8160,272.0,571.07,444.2,-0.045,0.626,0.628
8161,272.033,571.13,444.37,-0.097,0.845,0.851
8162,272.067,571.1,444.4,-0.14,0.967,0.977
8163,272.1,570.95,444.38,-0.182,1.004,1.021
8164,272.133,570.97,444.35,-0.137,0.888,0.899
8165,272.167,571.16,444.52,-0.128,0.753,0.764
8166,272.2,571.09,444.64,-0.019,0.626,0.626
8167,272.233,571.15,444.5,0.076,0.436,0.442
8168,272.267,571.17,444.37,0.072,0.267,0.277
8169,272.3,571.0,444.5,0.01,0.549,0.549
8170,272.333,571.05,444.59,-0.135,0.343,0.369
8171,272.367,571.0,444.78,-0.268,-0.134,0.299
8172,272.4,571.07,444.6,-0.396,-0.594,0.714
8173,272.433,570.96,444.52,-0.399,-0.687,0.795
8174,272.467,571.0,444.54,-0.381,-0.684,0.783
8175,272.5,571.01,444.33,-0.341,-0.744,0.818
8176,272.533,571.08,444.32,-0.275,-0.754,0.802
8177,272.567,571.07,444.41,-0.269,-0.586,0.645
8178,272.6,571.08,444.42,-0.259,-0.419,0.493
8179,272.633,571.05,444.35,-0.146,-0.242,0.283
8180,272.667,571.07,444.4,0.051,-0.083,0.097
8181,272.7,570.89,444.36,0.132,0.076,0.153
8182,272.733,570.79,444.52,0.296,0.096,0.311
8183,272.767,570.75,444.58,0.33,0.155,0.365
8184,272.8,570.83,443.37,0.375,0.297,0.478
8185,272.833,571.07,444.2,0.381,0.307,0.489
8186,272.867,571.11,444.75,0.396,0.215,0.451
8187,272.9,571.17,444.94,0.384,0.297,0.485
8188,272.933,571.17,444.39,0.317,0.323,0.452
8189,272.967,571.13,444.36,0.282,0.383,0.475
8190,273.0,571.05,444.62,0.27,0.314,0.415
8191,273.033,571.06,444.76,0.283,0.171,0.331
8192,273.067,571.14,444.36,0.226,-0.071,0.237
8193,273.1,571.19,444.32,0.162,-0.329,0.367
8194,273.133,571.2,444.3,0.153,-0.603,0.622
8195,273.167,571.08,444.41,0.039,-0.864,0.865
8196,273.2,571.13,444.24,-0.098,-1.061,1.066
8197,273.233,570.96,444.34,-0.15,-1.017,1.028
8198,273.267,571.09,444.34,-0.015,-1.196,1.196
8199,273.3,570.94,444.3,0.117,-1.332,1.337
8200,273.333,571.12,444.52,0.175,-0.741,0.762
8201,273.367,571.03,444.75,0.187,-0.317,0.369
8202,273.4,571.11,444.08,0.239,-0.21,0.318
8203,273.433,571.16,444.1,0.208,-0.162,0.263
8204,273.467,571.23,443.85,0.145,0.183,0.233
8205,273.5,571.19,443.79,0.113,0.268,0.291
8206,273.533,571.15,443.98,0.112,0.224,0.25
8207,273.567,571.22,444.21,0.054,0.123,0.134
8208,273.6,571.23,444.22,-0.044,0.237,0.241
8209,273.633,571.03,444.33,-0.233,0.068,0.243
8210,273.667,571.2,444.52,-0.34,0.016,0.341
8211,273.7,571.2,444.53,-0.362,-0.072,0.369
8212,273.733,571.19,444.15,-0.288,0.208,0.356
8213,273.767,570.92,444.49,-0.124,0.382,0.402
8214,273.8,570.99,444.36,-0.05,0.518,0.52
8215,273.833,571.19,444.31,0.081,0.644,0.649
8216,273.867,571.14,444.19,0.169,0.326,0.367
8217,273.9,571.01,444.37,0.335,0.063,0.341
8218,273.933,571.07,444.12,0.423,0.048,0.426
8219,273.967,571.11,443.78,0.452,-0.012,0.452
8220,274.0,571.03,444.32,0.443,-0.107,0.456
8221,274.033,571.03,444.36,0.379,-0.178,0.419
8222,274.067,571.18,444.22,0.375,-0.264,0.458
8223,274.1,571.25,443.98,0.347,-0.147,0.377
8224,274.133,571.49,444.67,0.24,-0.197,0.311
8225,274.167,571.4,444.64,0.336,-0.07,0.343
8226,274.2,571.41,444.77,0.269,-0.001,0.269
8227,274.233,571.17,444.18,0.21,-0.028,0.212
8228,274.267,571.12,444.2,-0.059,-0.003,0.059
8229,274.3,571.16,444.13,0.043,0.01,0.044
8230,274.333,571.23,444.02,-0.003,-0.01,0.01
8231,274.367,571.17,444.66,-0.102,-0.007,0.102
8232,274.4,571.07,444.1,-0.217,0.116,0.246
8233,274.433,571.14,443.94,-0.271,0.116,0.294
8234,274.467,571.21,443.86,-0.331,0.147,0.362
8235,274.5,571.18,444.17,-0.371,0.158,0.403
8236,274.533,571.32,444.44,-0.387,0.055,0.391
8237,274.567,571.26,444.65,-0.317,-0.099,0.332
8238,274.6,571.21,444.19,-0.269,-0.13,0.298
8239,274.633,571.31,444.68,-0.199,0.096,0.221
8240,274.667,571.04,444.35,-0.308,-0.165,0.35
8241,274.7,571.13,444.22,-0.34,-0.083,0.35
8242,274.733,570.99,444.26,-0.395,-0.234,0.459
8243,274.767,571.39,444.55,-0.459,-0.343,0.573
8244,274.8,570.87,444.23,-0.457,-0.488,0.668
8245,274.833,571.1,444.3,-0.46,-0.494,0.675
8246,274.867,571.0,444.21,-0.41,-0.347,0.537
8247,274.9,571.02,443.95,-0.384,-0.445,0.588
8248,274.933,571.03,443.82,-0.269,-0.421,0.5
8249,274.967,571.03,443.8,-0.08,-0.456,0.463
8250,275.0,570.99,444.29,0.117,-0.352,0.371
8251,275.033,571.1,444.2,0.249,-0.364,0.441
8252,275.067,571.07,444.33,0.338,-0.228,0.407
8253,275.1,571.09,444.33,0.31,-0.195,0.366
8254,275.133,571.03,444.2,0.347,0.168,0.386
8255,275.167,571.16,444.7,0.321,0.172,0.364
8256,275.2,571.02,443.9,0.399,0.177,0.436
8257,275.233,570.94,443.89,0.403,0.262,0.48
8258,275.267,571.16,444.2,0.436,0.286,0.522
8259,275.3,571.16,444.33,0.248,0.13,0.28
8260,275.333,571.24,444.18,0.22,0.155,0.269
8261,275.367,571.11,444.04,0.103,0.052,0.116
8262,275.4,571.25,443.76,0.048,-0.077,0.091
8263,275.433,571.28,443.83,0.053,-0.149,0.158
8264,275.467,571.14,444.23,0.017,-0.069,0.071
8265,275.5,571.03,444.36,0.086,0.047,0.098
8266,275.533,571.16,444.68,0.149,-0.163,0.22
8267,275.567,571.05,444.32,0.178,-0.224,0.286
8268,275.6,571.3,444.28,0.126,-0.199,0.236
8269,275.633,571.19,443.94,0.051,-0.396,0.399
8270,275.667,571.12,444.02,0.028,-0.542,0.543
8271,275.7,571.08,444.18,-0.106,-0.907,0.913
8272,275.733,571.08,444.1,-0.154,-0.937,0.95
8273,275.767,571.13,444.15,-0.113,-0.977,0.983
8274,275.8,571.11,444.13,-0.169,-0.913,0.928
8275,275.833,571.24,443.87,-0.28,-0.965,1.005
8276,275.867,571.26,443.87,-0.301,-0.989,1.034
8277,275.9,571.28,443.83,-0.363,-0.752,0.835
8278,275.933,571.17,443.89,-0.433,-0.351,0.557
8279,275.967,571.26,443.75,-0.512,0.099,0.521
8280,276.0,571.02,443.81,-0.529,0.42,0.676
8281,276.033,571.01,444.13,-0.499,0.364,0.618
8282,276.067,570.89,443.99,-0.47,0.194,0.508
8283,276.1,571.01,443.62,-0.352,0.321,0.477
8284,276.133,571.02,444.0,-0.333,0.444,0.555
8285,276.167,570.94,444.08,-0.226,0.78,0.812
8286,276.2,571.03,443.98,-0.081,1.094,1.097
8287,276.233,571.0,444.07,0.108,1.265,1.27
8288,276.267,570.96,444.39,0.303,1.367,1.4
8289,276.3,571.0,444.06,0.522,1.507,1.595
8290,276.333,571.17,444.19,0.688,1.359,1.523
8291,276.367,570.93,444.34,0.716,1.427,1.596
8292,276.4,571.17,444.0,0.691,1.35,1.517
8293,276.433,571.12,444.05,0.688,1.079,1.28
8294,276.467,571.1,444.06,0.63,0.772,0.997
8295,276.5,571.13,444.01,0.427,0.545,0.692
8296,276.533,571.24,444.79,0.273,0.262,0.378
8297,276.567,571.23,444.84,0.149,-0.125,0.194
8298,276.6,571.27,444.57,0.128,-0.54,0.555
8299,276.633,571.3,444.57,0.035,-0.665,0.666
8300,276.667,571.21,444.42,-0.059,-0.815,0.817
8301,276.7,571.21,444.32,-0.067,-1.033,1.036
8302,276.733,571.17,444.3,-0.131,-1.042,1.051
8303,276.767,571.16,444.34,-0.164,-1.06,1.072
8304,276.8,571.02,443.91,-0.051,-1.301,1.302
8305,276.833,571.09,444.22,-0.056,-1.244,1.245
8306,276.867,571.2,443.73,-0.177,-1.31,1.322
8307,276.9,571.22,443.74,-0.132,-1.318,1.325
8308,276.933,571.02,444.03,-0.18,-1.137,1.151
8309,276.967,571.09,443.98,-0.177,-0.836,0.854
8310,277.0,571.18,443.93,-0.138,-0.455,0.475
8311,277.033,571.27,444.05,-0.055,0.037,0.067
8312,277.067,571.22,443.94,-0.025,0.176,0.178
8313,277.1,571.15,444.14,0.019,0.134,0.135
8314,277.133,571.2,444.09,0.07,0.141,0.157
8315,277.167,571.21,443.94,0.055,0.19,0.198
8316,277.2,571.12,444.1,0.085,0.233,0.248
8317,277.233,571.18,443.86,0.133,0.175,0.22
8318,277.267,571.17,443.88,0.193,0.031,0.196
8319,277.3,570.88,444.09,0.207,-0.175,0.271
8320,277.333,571.09,443.85,0.315,-0.309,0.441
8321,277.367,571.19,444.12,0.427,-0.624,0.756
8322,277.4,571.18,443.93,0.457,-0.668,0.81
8323,277.433,571.23,443.98,0.403,-0.574,0.701
8324,277.467,571.25,443.86,0.46,-0.679,0.82
8325,277.5,571.29,443.84,0.512,-0.798,0.948
8326,277.533,571.26,443.85,0.48,-0.974,1.086
8327,277.567,571.32,443.82,0.372,-1.092,1.153
8328,277.6,571.34,443.95,0.255,-0.959,0.993
8329,277.633,571.29,443.97,0.184,-0.86,0.879
8330,277.667,571.38,443.68,0.128,-0.608,0.621
8331,277.7,571.35,443.57,-0.01,-0.502,0.502
8332,277.733,571.3,443.64,-0.078,-0.482,0.488
8333,277.767,571.26,443.66,-0.127,-0.261,0.291
8334,277.8,571.33,443.52,-0.195,0.079,0.21
8335,277.833,571.28,443.69,-0.098,0.332,0.346
8336,277.867,571.2,443.73,0.007,0.622,0.622
8337,277.9,571.2,443.66,0.084,0.772,0.777
8338,277.933,571.29,443.46,0.108,0.946,0.952
8339,277.967,571.25,443.63,0.144,1.051,1.061
8340,278.0,571.21,443.77,0.183,1.141,1.156
8341,278.033,571.29,444.17,0.272,1.26,1.289
8342,278.067,571.34,444.22,0.348,1.288,1.334
8343,278.1,571.39,444.02,0.387,1.212,1.272
8344,278.133,571.39,443.98,0.41,1.025,1.104
8345,278.167,571.3,443.64,0.425,0.725,0.841
8346,278.2,571.46,444.11,0.401,0.507,0.646
8347,278.233,571.43,444.26,0.382,0.314,0.495
8348,278.267,571.36,444.21,0.574,0.657,0.873
8349,278.3,571.41,444.04,0.414,0.206,0.463
8350,278.333,571.44,443.97,0.2,-0.025,0.202
8351,278.367,571.33,444.07,-0.007,-0.23,0.23
8352,278.4,571.31,444.03,0.075,-0.058,0.095
8353,278.433,571.48,444.04,-0.091,-0.415,0.425
8354,278.467,571.47,444.03,-0.258,-0.51,0.572
8355,278.5,571.5,444.06,-0.263,-0.397,0.476
8356,278.533,571.38,443.9,-0.343,-0.357,0.495
8357,278.567,571.41,443.93,-0.373,-0.518,0.638
8358,278.6,571.43,444.06,-0.344,-0.622,0.711
8359,278.633,571.42,444.05,-0.33,-0.665,0.742
8360,278.667,571.47,444.11,-0.326,-0.684,0.758
8361,278.7,571.43,444.14,-0.269,-0.412,0.492
8362,278.733,571.36,444.26,-0.265,-0.33,0.423
8363,278.767,570.75,442.81,-0.257,-0.315,0.407
8364,278.8,571.37,444.25,-0.107,-0.06,0.123
8365,278.833,571.43,444.11,-0.118,0.037,0.124
8366,278.867,571.51,444.03,-0.155,0.119,0.195
8367,278.9,570.93,443.02,-0.077,0.097,0.124
8368,278.933,571.44,444.14,-0.009,0.202,0.202
8369,278.967,571.46,444.11,0.075,0.262,0.273
8370,279.0,571.2,443.75,0.161,0.222,0.274
8371,279.033,571.48,443.93,0.225,0.209,0.307
8372,279.067,571.43,444.09,0.356,0.267,0.445
8373,279.1,571.32,443.93,0.43,0.277,0.512
8374,279.133,571.31,444.01,0.497,0.28,0.571
8375,279.167,571.35,444.09,0.452,0.1,0.463
8376,279.2,571.37,444.0,0.399,-0.011,0.399
8377,279.233,571.38,444.11,0.277,-0.377,0.467
8378,279.267,571.4,444.13,0.131,-0.875,0.885
8379,279.3,571.15,443.5,0.324,-0.492,0.589
8380,279.333,571.44,443.8,0.278,-0.746,0.797
8381,279.367,571.52,443.87,0.207,-0.976,0.997
8382,279.4,571.46,444.0,0.132,-1.044,1.052
8383,279.433,571.63,443.74,0.269,-0.72,0.768
8384,279.467,571.52,443.72,0.165,-0.692,0.711
8385,279.5,571.51,443.88,0.049,-0.69,0.691
8386,279.533,571.48,443.74,0.038,-0.553,0.554
8387,279.567,571.4,443.67,-0.039,-0.259,0.262
8388,279.6,571.42,443.71,-0.141,-0.132,0.193
8389,279.633,571.32,443.49,-0.261,0.144,0.298
8390,279.667,571.48,443.78,-0.394,0.038,0.396
8391,279.7,571.35,443.44,-0.369,0.065,0.375
8392,279.733,571.41,443.8,-0.421,0.241,0.485
8393,279.767,571.44,443.86,-0.403,0.111,0.418
8394,279.8,571.44,443.68,-0.524,-0.348,0.629
8395,279.833,571.46,443.82,-0.327,-0.049,0.331
8396,279.867,571.42,443.86,-0.165,-0.031,0.168
8397,279.9,571.21,443.52,-0.09,0.038,0.098
8398,279.933,571.31,443.93,-0.002,0.006,0.007
8399,279.967,571.38,443.71,-0.088,0.016,0.09
8400,280.0,571.33,443.75,-0.096,-0.073,0.12
8401,280.033,571.37,443.92,-0.091,-0.357,0.368
8402,280.067,571.23,443.48,-0.149,-0.462,0.486
8403,280.1,571.23,443.57,-0.182,-0.541,0.571
8404,280.133,571.38,443.27,-0.275,-0.515,0.584
8405,280.167,571.52,443.99,-0.211,-0.588,0.625
8406,280.2,571.21,443.65,-0.271,-0.696,0.747
8407,280.233,571.36,443.25,-0.243,-0.593,0.641
8408,280.267,571.24,443.58,-0.219,-0.643,0.68
8409,280.3,571.58,444.26,-0.19,-0.619,0.647
8410,280.333,571.32,443.36,-0.148,-0.579,0.597
8411,280.367,571.15,443.66,-0.135,-0.566,0.582
8412,280.4,571.2,443.41,-0.108,-0.615,0.624
8413,280.433,571.18,443.28,0.026,-0.529,0.53
8414,280.467,571.34,443.26,0.187,-0.782,0.804
8415,280.5,571.24,443.41,0.269,-0.928,0.966
8416,280.533,571.15,443.65,0.296,-0.838,0.889
8417,280.567,571.26,443.4,0.311,-0.925,0.976
8418,280.6,571.28,443.39,0.366,-0.7,0.79
8419,280.633,571.44,443.03,0.439,-0.554,0.707
8420,280.667,571.28,443.48,0.458,-0.259,0.526
8421,280.7,571.42,443.35,0.368,-0.186,0.412
8422,280.733,571.43,443.33,0.398,-0.101,0.41
8423,280.767,571.45,443.4,0.375,0.131,0.397
8424,280.8,571.45,443.13,0.399,0.25,0.471
8425,280.833,571.43,443.24,0.213,-0.079,0.227
8426,280.867,571.45,443.13,0.012,-0.097,0.098
8427,280.9,571.43,443.12,-0.088,-0.266,0.28
8428,280.933,571.43,443.17,-0.164,-0.259,0.307
8429,280.967,571.26,443.58,-0.167,-0.255,0.305
8430,281.0,571.28,443.74,-0.254,-0.086,0.268
8431,281.033,571.4,443.29,-0.37,0.104,0.384
8432,281.067,571.35,443.44,-0.367,0.164,0.402
8433,281.1,571.4,443.17,-0.416,0.304,0.515
8434,281.133,571.4,443.25,-0.361,0.187,0.407
8435,281.167,571.36,443.34,-0.37,0.4,0.545
8436,281.2,571.36,443.04,-0.279,0.361,0.456
8437,281.233,571.35,443.13,-0.251,0.386,0.461
8438,281.267,571.27,443.26,-0.252,0.394,0.468
8439,281.3,571.23,443.26,-0.253,0.384,0.46
8440,281.333,571.19,443.35,-0.247,0.505,0.562
8441,281.367,571.36,443.49,-0.26,0.59,0.645
8442,281.4,571.33,443.58,-0.267,0.711,0.759
8443,281.433,571.28,443.48,-0.247,0.798,0.835
8444,281.467,571.16,443.75,-0.236,0.815,0.848
8445,281.5,571.14,443.6,-0.179,0.731,0.753
8446,281.533,571.31,443.46,-0.124,0.665,0.676
8447,281.567,571.24,443.37,-0.115,0.66,0.67
8448,281.6,571.36,443.25,-0.083,0.578,0.584
8449,281.633,571.22,443.76,-0.056,0.546,0.549
8450,281.667,571.21,443.52,-0.056,0.456,0.459
8451,281.7,571.18,443.66,-0.077,0.323,0.332
8452,281.733,571.19,443.62,-0.055,0.319,0.324
8453,281.767,571.25,443.68,-0.053,0.234,0.24
8454,281.8,571.24,443.6,-0.006,0.145,0.145
8455,281.833,571.22,443.56,0.055,0.065,0.085
8456,281.867,571.29,443.51,0.146,0.022,0.148
8457,281.9,571.25,443.54,0.138,-0.017,0.139
8458,281.933,571.19,443.71,0.118,-0.044,0.125
8459,281.967,571.15,443.99,0.109,-0.031,0.113
8460,282.0,571.21,443.91,0.127,-0.186,0.225
8461,282.033,571.25,443.52,0.177,-0.238,0.296
8462,282.067,571.26,443.62,0.145,-0.254,0.293
8463,282.1,571.28,443.5,0.143,0.067,0.158
8464,282.133,571.25,443.53,-0.003,0.215,0.215
8465,282.167,571.28,443.53,-0.086,0.1,0.132
8466,282.2,571.36,443.43,-0.186,0.116,0.22
8467,282.233,571.27,443.43,-0.225,0.116,0.253
8468,282.267,571.28,443.61,-0.225,0.177,0.286
8469,282.3,571.24,443.62,-0.245,0.181,0.305
8470,282.333,571.23,443.76,-0.193,0.103,0.219
8471,282.367,571.21,443.77,-0.143,0.029,0.146
8472,282.4,571.22,443.75,-0.089,-0.162,0.185
8473,282.433,571.2,443.67,-0.089,-0.073,0.115
8474,282.467,571.15,443.71,-0.003,-0.161,0.161
8475,282.5,571.2,443.8,0.161,-0.428,0.457
8476,282.533,571.16,443.69,0.26,-0.668,0.717
8477,282.567,571.15,443.76,0.228,-0.625,0.666
8478,282.6,571.1,443.08,0.158,-0.655,0.674
8479,282.633,571.24,443.54,0.154,-0.705,0.722
8480,282.667,571.25,443.63,0.269,-0.747,0.794
8481,282.7,571.36,443.59,0.182,-0.708,0.73
8482,282.733,571.35,443.48,0.025,-0.52,0.52
8483,282.767,571.33,443.29,-0.191,-0.165,0.252
8484,282.8,571.38,443.2,-0.375,0.018,0.376
8485,282.833,571.26,443.35,-0.584,0.334,0.673
8486,282.867,571.29,443.37,-0.748,0.572,0.942
8487,282.9,571.19,443.82,-0.733,0.605,0.951
8488,282.933,571.3,443.34,-0.608,0.601,0.855
8489,282.967,571.18,443.59,-0.314,0.435,0.537
8490,283.0,571.0,443.69,0.071,0.126,0.144
8491,283.033,571.0,443.66,0.428,-0.076,0.435
8492,283.067,571.2,443.4,0.873,-0.33,0.933
8493,283.1,571.31,443.42,1.343,-0.66,1.496
8494,283.133,571.17,443.63,2.077,-0.891,2.26
8495,283.167,570.86,443.72,2.482,-1.172,2.745
8496,283.2,571.19,443.68,2.816,-1.408,3.148
8497,283.233,571.26,443.58,2.992,-1.673,3.427
8498,283.267,571.55,443.29,2.976,-1.529,3.346
8499,283.3,571.65,443.47,2.918,-1.397,3.235
8500,283.333,571.99,443.1,2.673,-0.922,2.828
8501,283.367,572.26,442.89,2.319,-0.413,2.355
8502,283.4,572.26,443.05,1.792,0.419,1.84
8503,283.433,572.31,442.93,1.378,1.356,1.934
8504,283.467,572.18,443.22,0.771,2.434,2.554
8505,283.5,572.17,443.51,0.246,3.12,3.129
8506,283.533,572.3,443.14,-0.19,3.503,3.508
8507,283.567,572.23,443.25,-0.54,3.727,3.766
8508,283.6,572.21,443.24,-0.842,3.9,3.99
8509,283.633,571.55,443.94,-1.123,3.874,4.034
8510,283.667,571.85,444.05,-1.54,3.423,3.754
8511,283.7,571.76,444.18,-1.424,2.727,3.076
8512,283.733,571.71,444.67,-1.172,1.958,2.282
8513,283.767,571.84,444.28,-0.693,1.149,1.342
8514,283.8,571.67,444.9,-0.188,0.339,0.387
8515,283.833,571.71,444.79,0.403,-0.541,0.675
8516,283.867,571.83,445.05,0.992,-1.294,1.631
8517,283.9,572.07,444.65,1.522,-1.891,2.428
8518,283.933,571.85,443.78,1.973,-2.439,3.137
8519,283.967,572.09,443.45,2.257,-2.653,3.483
8520,284.0,572.05,443.56,2.421,-2.695,3.623
8521,284.033,572.15,443.6,2.483,-2.682,3.655
8522,284.067,572.22,443.45,2.323,-2.282,3.257
8523,284.1,572.13,443.32,2.114,-1.617,2.662
8524,284.133,572.12,443.31,1.765,-0.648,1.88
8525,284.167,572.91,443.66,1.703,0.103,1.706
8526,284.2,572.73,443.83,1.511,0.829,1.723
8527,284.233,572.72,443.77,1.299,1.65,2.1
8528,284.267,572.67,443.7,1.06,2.262,2.498
8529,284.3,572.74,443.89,0.731,3.073,3.159
8530,284.333,572.82,443.83,0.462,3.484,3.514
8531,284.367,572.69,444.0,0.236,3.612,3.62
8532,284.4,572.49,444.24,0.129,3.13,3.133
8533,284.433,572.44,444.5,0.051,2.355,2.356
8534,284.467,572.47,444.54,0.278,1.954,1.974
8535,284.5,572.61,444.48,0.243,1.646,1.664
8536,284.533,572.65,444.52,0.146,1.183,1.191
8537,284.567,572.78,444.57,0.053,0.572,0.574
8538,284.6,572.71,444.48,-0.075,-0.018,0.077
8539,284.633,572.74,444.38,-0.414,-0.469,0.625
8540,284.667,572.66,444.54,-0.454,-0.785,0.907
8541,284.7,572.56,444.77,-0.863,-0.828,1.196
8542,284.733,572.56,444.64,-1.115,-0.878,1.419
8543,284.767,572.62,444.51,-1.245,-1.002,1.598
8544,284.8,572.69,444.23,-1.235,-1.153,1.689
8545,284.833,572.82,443.95,-1.0,-1.651,1.93
8546,284.867,572.91,443.89,-0.909,-1.741,1.964
8547,284.9,572.72,444.12,-0.684,-1.313,1.48
8548,284.933,572.43,444.43,-0.446,-0.921,1.024
8549,284.967,571.84,444.06,-0.252,-0.598,0.649
8550,285.0,571.97,443.93,-0.144,-0.266,0.303
8551,285.033,572.06,443.98,-0.07,-0.037,0.079
8552,285.067,571.91,444.15,-0.151,-0.116,0.19
8553,285.1,571.89,444.33,-0.311,-0.046,0.315
8554,285.133,572.66,444.41,-0.403,0.288,0.496
8555,285.167,572.5,444.54,-0.543,0.782,0.952
8556,285.2,572.8,443.81,-0.588,0.744,0.948
8557,285.233,572.86,443.55,-0.459,0.648,0.794
8558,285.267,572.84,443.7,-0.154,0.37,0.401
8559,285.3,572.78,443.97,0.122,-0.075,0.143
8560,285.333,572.24,445.02,0.316,-0.315,0.446
8561,285.367,572.3,444.94,0.373,-0.43,0.569
8562,285.4,571.92,444.12,0.232,-0.414,0.475
8563,285.433,571.87,444.11,-0.023,-0.373,0.374
8564,285.467,571.91,444.0,-0.292,-0.431,0.52
8565,285.5,572.06,443.81,-0.217,-0.375,0.433
8566,285.533,571.99,443.96,-0.118,-0.419,0.435
8567,285.567,572.32,444.66,-0.056,-0.041,0.07
8568,285.6,572.47,444.45,0.367,0.275,0.458
8569,285.633,572.52,443.92,0.824,0.835,1.173
8570,285.667,572.74,443.4,0.827,0.797,1.148
8571,285.7,572.82,444.15,0.632,0.457,0.78
8572,285.733,572.73,443.83,0.36,0.5,0.616
8573,285.767,572.43,444.06,0.291,0.804,0.855
8574,285.8,572.36,444.44,-0.111,0.865,0.872
8575,285.833,572.33,444.3,-0.534,0.919,1.063
8576,285.867,572.24,444.46,-0.755,0.347,0.831
8577,285.9,572.21,444.5,-1.008,-0.41,1.088
8578,285.933,572.3,444.41,-1.11,-0.671,1.297
8579,285.967,572.41,444.29,-0.993,-0.921,1.355
8580,286.0,572.3,444.4,-0.596,-0.99,1.155
8581,286.033,572.24,445.0,-0.317,-0.806,0.866
8582,286.067,572.37,444.29,-0.019,-0.72,0.721
8583,286.1,571.84,444.22,0.234,-1.213,1.235
8584,286.133,571.85,443.13,0.363,-1.61,1.651
8585,286.167,572.04,443.79,0.414,-1.715,1.765
8586,286.2,572.66,443.98,0.078,-1.997,1.999
8587,286.233,572.67,443.7,-0.271,-2.229,2.245
8588,286.267,572.01,443.38,-0.701,-1.759,1.894
8589,286.3,572.45,443.88,-0.971,-1.174,1.524
8590,286.333,572.34,443.85,-1.188,-0.643,1.35
8591,286.367,572.33,444.07,-1.323,0.168,1.333
8592,286.4,572.31,444.32,-1.256,0.813,1.496
8593,286.433,572.46,444.01,-1.102,1.491,1.854
8594,286.467,572.26,444.04,-0.917,2.18,2.365
8595,286.5,571.69,443.8,-0.627,3.378,3.436
8596,286.533,571.75,443.46,-0.522,3.471,3.51
8597,286.567,571.82,443.5,-0.428,3.21,3.238
8598,286.6,571.6,443.96,-0.422,3.003,3.032
8599,286.633,571.6,443.86,-0.011,2.618,2.618
8600,286.667,571.57,443.78,0.639,3.157,3.221
8601,286.7,572.12,445.34,1.197,3.11,3.333
8602,286.733,572.03,445.47,1.339,2.658,2.976
8603,286.767,572.25,445.0,1.086,1.527,1.874
8604,286.8,572.3,445.08,1.099,0.919,1.433
8605,286.833,572.43,445.18,0.857,0.133,0.867
8606,286.867,572.5,444.88,0.784,-0.565,0.967
8607,286.9,572.35,445.13,0.615,-1.069,1.234
8608,286.933,572.34,444.98,0.305,-1.603,1.631
8609,286.967,572.28,444.83,0.123,-1.404,1.409
8610,287.0,571.85,443.26,-0.122,-1.597,1.601
8611,287.033,572.23,444.9,-0.265,-1.746,1.766
8612,287.067,572.34,444.58,-0.357,-1.867,1.901
8613,287.1,572.44,444.57,-0.51,-1.786,1.857
8614,287.133,572.21,444.58,-0.729,-2.37,2.48
8615,287.167,571.75,443.26,-0.562,-1.884,1.966
8616,287.2,571.68,443.28,-0.531,-1.614,1.7
8617,287.233,571.67,443.33,-0.595,-1.69,1.792
8618,287.267,572.2,444.95,-0.522,-1.762,1.837
8619,287.3,572.3,444.59,-0.44,-1.579,1.64
8620,287.333,572.49,444.83,-0.12,-0.742,0.752
8621,287.367,572.18,445.05,0.035,-0.289,0.291
8622,287.4,572.28,444.71,-0.188,-0.422,0.462
8623,287.433,572.54,444.56,-0.284,-0.492,0.569
8624,287.467,571.89,442.95,-0.457,-0.658,0.802
8625,287.5,571.79,443.21,-0.542,-0.746,0.922
8626,287.533,571.95,443.05,-0.261,-0.104,0.281
8627,287.567,571.74,443.37,0.062,0.667,0.669
8628,287.6,571.72,443.21,0.003,0.514,0.514
8629,287.633,572.21,444.84,-0.223,0.389,0.449
8630,287.667,571.62,443.4,-0.318,0.208,0.38
8631,287.7,572.22,444.71,0.06,1.219,1.221
8632,287.733,572.22,444.62,0.436,2.018,2.065
8633,287.767,572.26,444.68,0.554,2.466,2.528
8634,287.8,572.22,444.84,0.556,2.181,2.251
8635,287.833,571.65,443.26,0.578,1.884,1.971
8636,287.867,571.66,443.41,0.494,1.373,1.459
8637,287.9,572.29,444.8,0.656,0.479,0.812
8638,287.933,572.21,444.48,0.65,-0.515,0.83
8639,287.967,572.46,444.74,0.412,-1.513,1.568
8640,288.0,572.43,444.63,0.593,-1.091,1.241
8641,288.033,572.22,445.0,0.73,-0.928,1.181
8642,288.067,571.71,442.96,0.575,-1.509,1.615
8643,288.1,572.24,444.7,0.486,-1.807,1.871
8644,288.133,572.43,444.55,0.467,-1.536,1.605
8645,288.167,572.34,444.42,0.437,-1.348,1.417
8646,288.2,571.73,442.88,0.761,-0.654,1.003
8647,288.233,571.77,443.09,0.79,-0.632,1.012
8648,288.267,572.56,443.98,0.669,-0.89,1.114
8649,288.3,572.59,443.96,0.388,-1.258,1.316
8650,288.333,572.58,444.08,0.093,-1.877,1.88
8651,288.367,572.61,444.04,-0.041,-1.669,1.67
8652,288.4,572.3,444.21,-0.033,-1.415,1.416
8653,288.433,572.44,444.39,-0.373,-1.662,1.703
8654,288.467,572.45,444.21,-0.618,-1.754,1.859
8655,288.5,571.94,442.43,-0.98,-1.983,2.212
8656,288.533,571.93,442.37,-1.536,-2.813,3.205
8657,288.567,572.31,444.39,-1.632,-3.126,3.526
8658,288.6,572.46,444.32,-1.426,-2.454,2.838
8659,288.633,572.56,444.04,-1.654,-3.057,3.476
8660,288.667,572.11,442.58,-1.845,-3.293,3.775
8661,288.7,571.85,442.62,-1.836,-3.389,3.854
8662,288.733,571.72,442.54,-1.41,-2.635,2.988
8663,288.767,571.74,442.85,-0.773,-1.548,1.73
8664,288.8,571.8,442.74,-0.21,-0.019,0.211
8665,288.833,571.62,442.77,0.053,0.656,0.658
8666,288.867,571.83,442.64,0.321,1.367,1.404
8667,288.9,571.72,442.92,0.719,2.538,2.638
8668,288.933,571.96,442.83,0.921,2.82,2.966
8669,288.967,571.9,442.78,1.004,2.947,3.113
8670,289.0,571.93,442.72,0.927,2.87,3.016
8671,289.033,572.46,444.31,1.243,3.134,3.371
8672,289.067,571.79,442.94,1.565,3.788,4.098
8673,289.1,571.79,443.01,1.721,3.459,3.864
8674,289.133,572.49,444.53,1.71,2.868,3.339
8675,289.167,572.53,444.26,1.527,3.06,3.42
8676,289.2,572.39,444.27,1.272,3.393,3.624
8677,289.233,572.44,444.56,1.003,3.364,3.51
8678,289.267,572.43,444.53,0.733,3.157,3.241
8679,289.3,571.93,442.81,0.382,2.645,2.672
8680,289.333,572.43,444.46,-0.076,2.015,2.016
8681,289.367,572.4,444.38,-0.349,1.293,1.339
8682,289.4,571.85,443.09,-0.899,0.013,0.899
8683,289.433,572.36,444.32,-1.201,-1.007,1.567
8684,289.467,572.42,444.03,-1.451,-1.719,2.249
8685,289.5,572.67,443.98,-1.655,-1.851,2.483
8686,289.533,572.33,445.06,-1.738,-1.615,2.372
8687,289.567,572.33,445.01,-1.965,-2.099,2.876
8688,289.6,572.17,445.24,-1.69,-1.811,2.478
8689,289.633,572.0,445.5,-0.943,-0.619,1.128
8690,289.667,571.69,443.15,-0.533,-0.264,0.594
8691,289.7,571.74,443.18,-0.163,-0.087,0.185
8692,289.733,571.71,443.27,0.152,-0.044,0.158
8693,289.767,571.64,443.26,0.314,-0.161,0.353
8694,289.8,571.67,443.18,0.133,-0.87,0.88
8695,289.833,571.8,443.2,0.259,-0.328,0.418
8696,289.867,571.62,443.15,0.169,0.461,0.491
8697,289.9,572.2,444.81,-0.027,1.292,1.292
8698,289.933,572.12,444.75,-0.009,2.723,2.723
8699,289.967,572.05,444.94,-0.187,3.654,3.658
8700,290.0,572.31,444.52,-0.614,4.159,4.204
8701,290.033,572.44,444.52,-1.076,4.675,4.797
8702,290.067,572.5,444.9,-1.42,4.588,4.802
8703,290.1,572.41,445.18,-1.748,4.283,4.627
8704,290.133,571.67,443.81,-2.042,3.607,4.145
8705,290.167,571.59,444.02,-2.215,2.352,3.231
8706,290.2,571.3,444.52,-2.054,1.95,2.833
8707,290.233,571.17,444.88,-1.844,1.607,2.446
8708,290.267,571.06,444.99,-1.496,1.214,1.926
8709,290.3,571.52,446.61,-0.969,0.745,1.223
8710,290.333,571.34,446.75,-0.334,0.41,0.529
8711,290.367,571.23,445.18,0.379,0.307,0.488
8712,290.4,571.3,444.81,1.155,0.803,1.407
8713,290.433,571.42,444.69,2.049,0.81,2.204
8714,290.467,571.43,444.33,2.581,-0.021,2.581
8715,290.5,571.99,445.26,3.127,-0.763,3.219
8716,290.533,571.89,445.38,3.312,-0.985,3.455
8717,290.567,572.0,445.38,3.283,-1.306,3.533
8718,290.6,572.04,445.34,3.151,-1.078,3.33
8719,290.633,572.24,445.14,2.444,-1.999,3.158
8720,290.667,572.36,445.03,1.79,-1.891,2.604
8721,290.7,572.24,444.93,1.281,-1.821,2.226
8722,290.733,572.38,444.7,0.74,-1.579,1.744
8723,290.767,572.42,444.66,0.412,-1.336,1.398
8724,290.8,572.41,444.93,0.266,-0.233,0.354
8725,290.833,572.43,445.08,-0.332,-0.638,0.719
8726,290.867,572.33,445.11,-0.882,-1.286,1.559
8727,290.9,572.58,444.41,-0.972,-0.906,1.329
8728,290.933,571.66,443.69,-1.198,-1.032,1.581
8729,290.967,572.18,445.36,-1.327,-0.835,1.568
8730,291.0,571.99,445.18,-1.226,-0.421,1.296
8731,291.033,572.18,444.56,-1.041,0.214,1.062
8732,291.067,572.07,444.91,-0.83,0.462,0.95
8733,291.1,571.51,443.11,-0.641,0.485,0.804
8734,291.133,572.08,444.92,-0.504,0.186,0.538
8735,291.167,572.36,444.46,-0.682,-0.526,0.861
8736,291.2,571.94,445.1,-0.697,-1.373,1.54
8737,291.233,572.16,445.07,-0.634,-1.897,2.0
8738,291.267,571.83,445.41,-0.541,-1.361,1.465
8739,291.3,571.51,443.73,-0.727,-1.284,1.475
8740,291.333,572.0,445.01,-0.72,-0.589,0.93
8741,291.367,572.25,444.83,-0.731,-0.063,0.733
8742,291.4,571.6,443.58,-0.932,-0.618,1.118
8743,291.433,572.06,444.86,-1.265,-0.714,1.453
8744,291.467,572.11,444.55,-1.143,-0.254,1.171
8745,291.5,572.02,444.82,-0.894,0.01,0.894
8746,291.533,571.43,443.41,-0.637,-0.009,0.637
8747,291.567,571.41,443.55,-0.478,0.1,0.489
8748,291.6,571.32,443.5,-0.46,-0.708,0.845
8749,291.633,571.38,443.8,-0.118,-0.274,0.298
8750,291.667,571.99,444.87,0.31,0.055,0.315
8751,291.7,571.65,445.76,0.459,0.392,0.604
8752,291.733,571.65,445.85,0.693,0.163,0.712
8753,291.767,571.44,444.07,0.482,-0.614,0.781
8754,291.8,572.01,445.19,0.496,-1.39,1.476
8755,291.833,571.65,443.5,0.781,-1.263,1.485
8756,291.867,571.56,442.95,0.875,-1.614,1.836
8757,291.9,572.06,444.76,0.812,-1.904,2.07
8758,291.933,572.14,444.65,1.257,-1.131,1.691
8759,291.967,572.31,444.68,1.338,-1.074,1.716
8760,292.0,571.69,443.37,0.954,-1.502,1.78
8761,292.033,571.8,443.41,0.594,-2.033,2.117
8762,292.067,571.76,443.22,0.489,-1.688,1.758
8763,292.1,572.16,444.72,0.414,-1.11,1.185
8764,292.133,572.3,444.5,0.449,-0.167,0.479
8765,292.167,571.66,443.17,0.584,0.891,1.065
8766,292.2,571.7,443.27,0.463,1.501,1.571
8767,292.233,571.71,443.6,0.462,1.509,1.579
8768,292.267,572.39,444.77,0.483,1.07,1.174
8769,292.3,572.35,444.47,0.667,1.385,1.537
8770,292.333,572.31,444.46,0.796,1.437,1.643
8771,292.367,572.36,444.46,0.858,1.229,1.499
8772,292.4,572.34,444.42,0.963,1.46,1.749
8773,292.433,571.73,443.42,1.048,0.942,1.41
8774,292.467,571.75,443.43,1.032,0.477,1.137
8775,292.5,572.41,444.61,0.778,-0.045,0.779
8776,292.533,572.29,444.65,0.755,0.081,0.759
8777,292.567,572.3,444.54,0.703,0.303,0.765
8778,292.6,572.38,444.52,0.637,0.743,0.978
8779,292.633,572.44,444.37,0.513,1.001,1.125
8780,292.667,572.39,444.34,0.156,0.893,0.906
8781,292.7,572.37,444.4,-0.126,0.666,0.678
8782,292.733,572.42,444.41,-0.27,0.815,0.858
8783,292.767,572.45,444.53,-0.214,0.973,0.996
8784,292.8,572.48,444.25,-0.622,1.081,1.247
8785,292.833,571.98,442.96,-1.0,1.329,1.663
8786,292.867,572.38,444.72,-1.326,1.44,1.957
8787,292.9,572.57,444.99,-1.684,1.493,2.25
8788,292.933,572.14,445.19,-1.944,1.323,2.352
8789,292.967,572.05,445.12,-1.88,1.667,2.513
8790,293.0,572.07,445.0,-1.601,2.097,2.638
8791,293.033,572.03,444.92,-1.43,1.899,2.378
8792,293.067,571.92,444.99,-1.225,1.738,2.126
8793,293.1,571.97,445.12,-0.939,1.347,1.642
8794,293.133,571.54,443.8,-0.698,1.175,1.367
8795,293.167,571.53,443.98,-0.498,0.979,1.099
8796,293.2,571.94,445.65,-0.261,0.81,0.851
8797,293.233,571.81,445.58,-0.053,0.606,0.608
8798,293.267,571.55,446.04,0.007,0.205,0.205
8799,293.3,571.93,445.25,0.102,0.599,0.608
8800,293.333,571.95,445.0,0.143,0.95,0.961
8801,293.367,571.94,445.05,0.069,1.357,1.359
8802,293.4,572.05,444.85,-0.07,1.223,1.225
8803,293.433,571.9,445.05,-0.332,1.023,1.076
8804,293.467,572.05,444.95,-0.399,0.658,0.769
8805,293.5,571.99,445.09,-0.492,0.455,0.67
8806,293.533,571.76,445.42,-0.583,0.356,0.684
8807,293.567,571.83,445.2,-0.464,0.733,0.867
8808,293.6,571.69,445.78,-0.404,0.759,0.86
8809,293.633,571.7,445.35,-0.455,0.386,0.597
8810,293.667,571.68,445.51,-0.569,0.115,0.581
8811,293.7,571.56,445.54,-0.525,0.144,0.544
8812,293.733,571.53,445.62,-0.67,-0.398,0.779
8813,293.767,571.71,446.25,-0.424,-0.729,0.843
8814,293.8,571.48,444.29,0.01,-1.604,1.604
8815,293.833,571.3,444.05,0.272,-2.025,2.043
8816,293.867,572.02,445.49,0.429,-2.326,2.365
8817,293.9,571.91,445.49,0.378,-3.08,3.103
8818,293.933,571.9,445.5,0.174,-3.161,3.166
8819,293.967,571.79,445.71,0.129,-3.052,3.055
8820,294.0,571.94,445.38,0.151,-1.838,1.844
8821,294.033,571.93,445.14,0.065,-0.829,0.832
8822,294.067,571.39,443.73,-0.207,-0.676,0.707
8823,294.1,571.39,443.67,-0.404,-0.362,0.542
8824,294.133,571.35,443.72,-0.506,-0.23,0.555
8825,294.167,571.96,444.92,-0.505,-0.003,0.505
8826,294.2,571.94,444.93,-0.433,0.536,0.689
8827,294.233,572.19,444.89,-0.437,0.808,0.919
8828,294.267,571.56,444.42,-0.295,0.69,0.75
8829,294.3,571.41,444.9,-0.277,0.364,0.457
8830,294.333,571.3,444.62,-0.149,0.888,0.901
8831,294.367,571.32,444.73,0.245,1.65,1.668
8832,294.4,571.68,446.21,0.335,1.723,1.755
8833,294.433,571.94,445.81,0.414,1.58,1.633
8834,294.467,571.8,445.89,0.453,1.231,1.311
8835,294.5,571.39,443.75,0.611,0.349,0.704
8836,294.533,571.43,443.66,0.723,-0.736,1.032
8837,294.567,572.04,445.01,0.903,-1.795,2.009
8838,294.6,571.93,445.13,1.035,-2.022,2.271
8839,294.633,571.96,445.05,1.558,-1.776,2.362
8840,294.667,571.79,445.34,1.826,-1.667,2.472
8841,294.7,571.62,444.46,1.746,-1.711,2.444
8842,294.733,571.95,444.69,1.549,-1.862,2.422
8843,294.767,571.79,445.26,0.947,-2.398,2.579
8844,294.8,571.96,444.62,0.424,-2.056,2.099
8845,294.833,572.14,444.42,0.228,-1.336,1.356
8846,294.867,572.06,444.31,0.043,-0.288,0.291
8847,294.9,572.12,444.21,-0.088,0.623,0.629
8848,294.933,572.25,444.18,-0.363,0.724,0.81
8849,294.967,572.4,444.06,-0.857,0.445,0.966
8850,295.0,572.28,444.43,-1.108,0.252,1.136
8851,295.033,572.14,444.81,-1.166,0.793,1.41
8852,295.067,571.69,444.79,-1.291,1.535,2.005
8853,295.1,572.16,444.59,-1.497,1.759,2.31
8854,295.133,571.22,444.07,-1.664,2.07,2.656
8855,295.167,571.6,444.92,-2.019,2.832,3.478
8856,295.2,571.53,444.52,-2.072,2.96,3.613
8857,295.233,571.43,444.91,-1.764,3.133,3.595
8858,295.267,571.64,446.36,-1.392,2.989,3.297
8859,295.3,571.94,445.85,-0.73,2.703,2.8
8860,295.333,571.4,445.04,-0.454,3.055,3.088
8861,295.367,571.48,444.72,-0.274,3.089,3.101
8862,295.4,571.46,445.04,-0.256,2.895,2.907
8863,295.433,571.48,445.07,-0.049,2.351,2.351
8864,295.467,571.69,445.88,0.212,1.803,1.815
8865,295.5,571.26,445.19,0.411,1.391,1.45
8866,295.533,571.29,445.72,0.56,0.836,1.006
8867,295.567,571.68,446.13,0.874,0.385,0.955
8868,295.6,571.45,446.44,1.095,-0.049,1.096
8869,295.633,571.52,446.28,1.043,-0.522,1.166
8870,295.667,572.13,445.08,1.312,-0.716,1.495
8871,295.7,572.03,445.48,1.514,-1.304,1.998
8872,295.733,571.79,445.97,1.749,-1.716,2.45
8873,295.767,571.5,446.48,1.868,-1.932,2.687
8874,295.8,570.98,446.02,1.454,-2.771,3.129
8875,295.833,571.64,444.6,1.019,-2.941,3.112
8876,295.867,571.78,444.69,0.561,-2.798,2.853
8877,295.9,572.47,444.71,-0.043,-1.92,1.92
8878,295.933,572.35,445.29,-0.685,-0.846,1.089
8879,295.967,572.22,445.37,-1.164,0.37,1.221
8880,296.0,572.12,445.37,-1.695,1.184,2.068
8881,296.033,572.13,445.54,-1.812,3.031,3.532
8882,296.067,571.55,444.95,-1.914,4.307,4.714
8883,296.1,571.88,444.71,-2.121,5.122,5.543
8884,296.133,571.69,444.9,-2.014,5.169,5.548
8885,296.167,571.7,445.16,-1.897,4.568,4.946
8886,296.2,571.27,445.67,-2.072,4.038,4.539
8887,296.233,570.83,446.48,-2.027,2.984,3.608
8888,296.267,570.73,446.73,-1.969,1.873,2.717
8889,296.3,571.39,447.29,-1.532,0.299,1.561
8890,296.333,570.81,446.66,-0.729,-1.184,1.39
8891,296.367,571.11,447.29,-0.028,-1.868,1.868
8892,296.4,571.35,446.76,0.705,-2.294,2.4
8893,296.433,571.62,446.5,1.067,-2.353,2.584
8894,296.467,571.48,446.48,1.271,-2.41,2.724
8895,296.5,571.52,446.61,1.432,-2.38,2.777
8896,296.533,571.23,444.74,1.532,-2.4,2.848
8897,296.567,571.44,444.65,1.439,-2.53,2.91
8898,296.6,571.56,444.17,1.58,-2.272,2.767
8899,296.633,571.37,444.24,1.355,-1.5,2.021
8900,296.667,571.59,444.69,1.085,0.31,1.128
8901,296.7,571.85,445.33,0.458,1.428,1.5
8902,296.733,571.54,446.26,0.038,2.395,2.396
8903,296.767,571.86,446.07,-0.121,2.946,2.948
8904,296.8,571.57,446.4,-0.085,3.224,3.225
8905,296.833,571.69,446.54,-0.01,2.823,2.823
8906,296.867,571.64,446.57,0.723,3.015,3.101
8907,296.9,571.59,446.56,1.273,2.136,2.486
8908,296.933,571.58,446.34,1.545,1.214,1.965
8909,296.967,571.77,446.08,1.554,0.094,1.557
8910,297.0,571.74,445.89,1.482,-1.349,2.004
8911,297.033,571.68,446.09,1.254,-3.017,3.267
8912,297.067,571.75,446.31,1.158,-4.228,4.383
8913,297.1,571.54,446.48,0.903,-4.953,5.035
8914,297.133,571.71,446.27,0.553,-5.05,5.08
8915,297.167,571.72,444.03,0.199,-5.052,5.056
8916,297.2,572.31,445.15,-0.085,-3.907,3.908
8917,297.233,572.37,445.14,-0.622,-2.488,2.565
8918,297.267,572.56,445.12,-1.092,-1.245,1.656
8919,297.3,572.76,445.12,-1.711,-0.022,1.711
8920,297.333,572.29,445.55,-2.063,0.725,2.187
8921,297.367,571.39,444.23,-2.443,0.472,2.488
8922,297.4,571.27,445.01,-2.631,0.188,2.638
8923,297.433,571.34,444.88,-2.578,-0.088,2.58
8924,297.467,571.29,444.95,-2.236,-0.281,2.254
8925,297.5,571.27,445.17,-1.494,-0.062,1.495
8926,297.533,571.31,444.95,-0.67,-0.833,1.069
8927,297.567,571.18,445.9,0.379,-1.031,1.099
8928,297.6,571.22,445.72,1.191,-1.36,1.807
8929,297.633,571.21,445.82,1.929,-1.655,2.542
8930,297.667,571.44,447.0,2.357,-3.013,3.826
8931,297.7,571.14,445.37,2.716,-2.648,3.793
8932,297.733,571.4,444.59,2.687,-2.229,3.491
8933,297.767,571.71,443.75,2.425,-0.375,2.453
8934,297.8,571.99,443.31,1.886,1.156,2.212
8935,297.833,572.06,443.28,0.991,2.434,2.629
8936,297.867,572.47,444.93,0.099,2.977,2.979
8937,297.9,572.66,445.01,-0.5,3.771,3.804
8938,297.933,572.78,444.97,-1.187,3.348,3.552
8939,297.967,572.71,444.95,-2.015,3.691,4.206
8940,298.0,571.87,444.11,-2.492,5.001,5.588
8941,298.033,571.6,446.66,-2.979,5.952,6.656
8942,298.067,570.83,445.84,-3.403,5.576,6.532
8943,298.1,570.79,446.04,-3.518,4.638,5.821
8944,298.133,570.78,445.63,-3.367,3.57,4.908
8945,298.167,571.06,448.27,-2.863,2.079,3.539
8946,298.2,571.1,448.07,-2.265,-0.381,2.297
8947,298.233,571.12,448.03,-1.19,-2.548,2.813
8948,298.267,571.21,445.01,0.202,-3.855,3.86
8949,298.3,571.2,444.89,1.617,-4.919,5.178
8950,298.333,571.18,444.57,2.778,-5.564,6.219
8951,298.367,571.03,444.78,3.664,-5.51,6.617
8952,298.4,570.97,445.08,4.094,-6.906,8.029
8953,298.433,571.32,447.18,4.184,-6.479,7.712
8954,298.467,571.84,446.07,3.706,-6.513,7.494
8955,298.5,571.48,443.37,2.748,-5.621,6.256
8956,298.533,571.88,442.54,1.926,-3.589,4.073
8957,298.567,572.25,444.74,0.839,-2.137,2.296
8958,298.6,572.38,444.64,0.079,-0.048,0.093
8959,298.633,572.45,444.51,-0.645,2.333,2.421
8960,298.667,572.35,444.82,-1.086,5.946,6.045
8961,298.7,572.45,444.94,-1.649,7.752,7.926
8962,298.733,572.24,445.38,-2.25,8.752,9.037
8963,298.767,571.6,444.2,-2.891,8.876,9.335
8964,298.8,571.13,444.72,-3.544,8.855,9.538
8965,298.833,571.01,445.21,-3.904,8.587,9.433
8966,298.867,571.05,445.09,-3.796,8.776,9.561
8967,298.9,571.05,448.28,-3.19,8.163,8.764
8968,298.933,570.79,445.81,-2.399,7.111,7.504
8969,298.967,570.92,448.14,-1.724,3.812,4.184
8970,299.0,571.05,447.95,-1.183,0.533,1.298
8971,299.033,570.81,448.23,-0.316,-1.105,1.149
8972,299.067,571.15,448.24,0.408,-1.887,1.93
8973,299.1,571.1,448.42,1.089,-3.27,3.447
8974,299.133,571.22,448.25,1.607,-4.215,4.511
8975,299.167,570.79,445.97,1.834,-4.7,5.045
8976,299.2,570.86,445.73,1.935,-4.771,5.148
8977,299.233,571.05,445.31,1.662,-4.589,4.881
8978,299.267,571.45,444.47,1.173,-4.323,4.48
8979,299.3,571.93,445.95,0.605,-2.753,2.819
8980,299.333,571.98,445.96,0.196,-0.744,0.769
8981,299.367,571.56,444.5,-0.096,1.349,1.353
8982,299.4,571.02,445.15,-0.317,4.061,4.073
8983,299.433,571.02,445.13,-0.405,5.013,5.029
8984,299.467,571.32,447.02,-0.437,6.775,6.789
8985,299.5,571.37,447.59,-0.677,8.07,8.098
8986,299.533,571.29,447.23,-0.919,9.01,9.057
8987,299.567,571.43,447.64,-0.8,8.879,8.915
8988,299.6,571.11,448.03,-0.705,7.996,8.027
8989,299.633,571.01,448.14,-0.537,7.51,7.53
8990,299.667,571.1,448.35,-0.309,6.725,6.732
8991,299.7,570.95,448.17,-0.02,5.639,5.639
8992,299.733,571.03,448.42,0.33,4.253,4.265
8993,299.767,571.06,448.67,0.741,2.566,2.671
8994,299.8,571.48,448.07,1.213,0.579,1.344
8995,299.833,571.6,447.56,1.746,-1.709,2.443
8996,299.867,571.61,447.57,2.339,-4.297,4.892
8997,299.9,571.53,446.95,2.994,-7.185,7.784
8998,299.933,571.24,447.26,3.709,-10.374,11.017
8999,299.967,571.44,447.86,4.485,-13.863,14.57
9000,300.0,572.03,446.08,5.322,-17.652,18.437
9001,300.033,572.32,445.44,6.22,-21.742,22.614
9002,300.067,572.24,445.76,7.178,-26.132,27.1
9003,300.1,572.33,445.68,8.198,-30.823,31.894
