scorer,MATLAB_TMaze_v1,MATLAB_TMaze_v1,MATLAB_TMaze_v1
bodyparts,body_center,body_center,body_center
coords,x,y,likelihood
0,613.738059,373.818502,1.000000
1,609.778007,374.006195,1.000000
2,612.660907,373.817931,1.000000
3,607.431066,373.788376,1.000000
4,606.646482,373.524623,1.000000
5,610.252912,372.831709,1.000000
6,609.530314,372.959581,1.000000
7,607.673017,372.322161,1.000000
8,602.229351,371.005408,1.000000
9,606.523877,369.824350,1.000000
10,605.860802,369.252537,1.000000
11,602.130908,367.227525,1.000000
12,601.009165,367.202123,1.000000
13,601.134074,368.470087,1.000000
14,599.381501,369.197007,1.000000
15,599.351147,369.256617,1.000000
16,601.187531,369.153770,1.000000
17,599.292609,369.392660,1.000000
18,600.506294,369.913142,1.000000
19,600.861998,369.798364,1.000000
20,600.256338,370.100640,1.000000
21,600.080880,369.385718,1.000000
22,601.898920,369.685442,1.000000
23,602.513130,369.352153,1.000000
24,602.019130,368.553292,1.000000
25,604.351575,369.315178,1.000000
26,605.620415,370.189261,1.000000
27,601.593445,369.846154,1.000000
28,601.181014,369.750603,1.000000
29,607.363256,370.826038,1.000000
30,606.737410,370.584947,1.000000
31,607.457791,370.023249,1.000000
32,606.719159,369.694323,1.000000
33,607.469730,368.981081,1.000000
34,604.057902,368.532028,1.000000
35,603.698273,368.157373,1.000000
36,607.367183,368.212230,1.000000
37,607.355475,368.108949,1.000000
38,607.615847,368.486612,1.000000
39,606.353121,368.298197,1.000000
40,605.147018,368.071567,1.000000
41,604.653727,367.652883,1.000000
42,603.196800,366.612533,1.000000
43,603.193941,366.484205,1.000000
44,605.955421,366.623318,1.000000
45,606.844819,366.208048,1.000000
46,605.539550,365.828658,1.000000
47,606.018528,365.310282,1.000000
48,605.595728,364.639768,1.000000
49,605.341923,363.774442,1.000000
50,604.986059,363.401072,1.000000
51,606.708233,362.984714,1.000000
52,606.217524,362.130737,1.000000
53,609.178373,362.006361,1.000000
54,606.806304,361.241230,1.000000
55,603.854211,359.089211,1.000000
56,603.920929,358.246608,1.000000
57,601.142023,355.616671,1.000000
58,600.151450,353.672395,1.000000
59,601.924027,352.928859,1.000000
60,600.528948,350.050557,1.000000
61,598.705375,348.335154,1.000000
62,596.897516,345.645732,1.000000
63,594.064643,342.947442,1.000000
64,591.933077,341.870543,1.000000
65,590.565933,339.708391,1.000000
66,589.520223,337.577406,1.000000
67,589.223366,336.496523,1.000000
68,589.152928,335.189262,1.000000
69,587.396448,331.750151,1.000000
70,587.838850,329.936411,1.000000
71,586.416178,325.589379,1.000000
72,586.815570,325.123262,1.000000
73,586.384948,322.604257,1.000000
74,587.203578,320.895435,1.000000
75,588.404419,319.031298,1.000000
76,589.494190,318.516208,1.000000
77,588.628240,315.686795,1.000000
78,589.281481,313.275000,1.000000
79,589.404046,310.900327,1.000000
80,590.682481,308.827907,1.000000
81,590.942112,306.473005,1.000000
82,590.187317,302.607164,1.000000
83,588.229670,296.202351,1.000000
84,589.479116,296.242131,1.000000
85,587.736189,292.168095,1.000000
86,586.490572,287.439567,1.000000
87,585.321058,284.192635,1.000000
88,584.790785,281.393836,1.000000
89,584.333747,277.571429,1.000000
90,584.110564,275.464567,1.000000
91,583.120331,268.051133,1.000000
92,584.315647,260.702602,1.000000
93,582.454943,240.205599,1.000000
94,584.761221,251.920287,1.000000
95,585.350300,249.410392,1.000000
96,585.403546,247.585461,1.000000
97,585.502930,243.937729,1.000000
98,584.808298,241.984263,1.000000
99,583.993587,237.497684,1.000000
100,583.203890,235.930308,1.000000
101,583.249919,235.239857,1.000000
102,582.818301,231.667432,1.000000
103,582.201546,231.790726,1.000000
104,580.992892,230.713844,1.000000
105,580.654585,229.212206,1.000000
106,579.891841,227.416693,1.000000
107,578.172202,208.309963,1.000000
108,578.414756,205.907045,1.000000
109,579.123122,203.068865,1.000000
110,579.263179,200.638632,1.000000
111,581.992404,214.803501,1.000000
112,582.678986,212.003054,1.000000
113,582.747053,209.256133,1.000000
114,583.486169,205.870270,1.000000
115,584.742069,205.194480,1.000000
116,582.964346,185.303691,1.000000
117,585.032755,200.865125,1.000000
118,583.314447,190.636183,1.000000
119,582.706563,191.161250,1.000000
120,582.038462,188.312217,1.000000
121,581.169508,184.509836,1.000000
122,580.081189,180.399265,1.000000
123,580.167634,175.474223,1.000000
124,580.410188,173.446716,1.000000
125,577.696555,152.940224,1.000000
126,580.317677,165.573469,1.000000
127,579.374175,153.014674,1.000000
128,581.487458,158.999093,1.000000
129,582.370458,157.683900,1.000000
130,583.363942,154.806244,1.000000
131,583.991420,152.709882,1.000000
132,585.015349,148.576747,1.000000
133,584.985190,145.406954,1.000000
134,583.611324,141.614843,1.000000
135,582.555305,138.194776,1.000000
136,582.684549,140.428526,1.000000
137,582.178447,139.967987,1.000000
138,581.702317,137.045700,1.000000
139,581.419365,138.212640,1.000000
140,581.101802,138.723123,1.000000
141,581.764940,135.160588,1.000000
142,580.823758,135.450628,1.000000
143,581.244554,131.289659,1.000000
144,581.053747,134.531634,1.000000
145,580.418873,131.345064,1.000000
146,580.252692,129.328056,1.000000
147,580.267383,129.879583,1.000000
148,580.641624,128.503197,1.000000
149,581.073802,124.279553,1.000000
150,582.264398,124.826898,1.000000
151,582.712756,125.074651,1.000000
152,582.641154,123.864806,1.000000
153,582.803273,121.514121,1.000000
154,582.743226,120.583548,1.000000
155,583.158776,121.369404,1.000000
156,582.493502,119.232294,1.000000
157,582.608823,123.199805,1.000000
158,582.210854,118.763913,1.000000
159,582.571852,119.101846,1.000000
160,582.019805,115.977366,1.000000
161,582.047819,117.262682,1.000000
162,582.429884,114.167801,1.000000
163,582.329034,113.138228,1.000000
164,582.795033,114.092384,1.000000
165,583.072132,114.017795,1.000000
166,583.028534,113.296948,1.000000
167,582.892633,112.690783,1.000000
168,584.263012,134.375864,1.000000
169,584.147830,131.142281,1.000000
170,583.852870,116.314197,1.000000
171,583.520474,116.132995,1.000000
172,583.329958,116.219209,1.000000
173,583.605194,118.394806,1.000000
174,583.693376,123.444088,1.000000
175,583.731618,121.572059,1.000000
176,583.731699,125.844059,1.000000
177,583.765708,143.679979,1.000000
178,583.229350,120.302326,1.000000
179,584.189458,124.002949,1.000000
180,583.662588,122.195032,1.000000
181,584.192321,129.352941,1.000000
182,583.861466,127.407948,1.000000
183,583.671804,130.745359,1.000000
184,583.523296,130.533380,1.000000
185,583.687249,129.322616,1.000000
186,583.268010,128.887675,1.000000
187,583.258255,128.084463,1.000000
188,583.112599,129.046001,1.000000
189,583.051724,126.071900,1.000000
190,583.134839,126.658666,1.000000
191,582.680000,128.596639,1.000000
192,582.882093,129.090724,1.000000
193,582.938374,129.576616,1.000000
194,582.906292,128.169486,1.000000
195,582.499837,128.264735,1.000000
196,582.607050,129.596378,1.000000
197,582.057592,128.122382,1.000000
198,582.019282,127.822473,1.000000
199,581.654581,128.304219,1.000000
200,581.685961,128.272455,1.000000
201,582.090973,127.966372,1.000000
202,581.490800,128.096249,1.000000
203,581.865479,127.383648,1.000000
204,580.164660,126.981586,1.000000
205,578.794599,112.868969,1.000000
206,579.526104,112.775547,1.000000
207,580.828762,123.035162,1.000000
208,581.861675,122.368499,1.000000
209,582.342229,127.534079,1.000000
210,583.064198,123.725573,1.000000
211,583.076349,120.409801,1.000000
212,581.724255,119.614160,1.000000
213,580.038189,117.631970,1.000000
214,579.017978,116.425373,1.000000
215,578.690460,114.911367,1.000000
216,578.054126,115.042432,1.000000
217,578.673033,113.702338,1.000000
218,579.406912,113.099938,1.000000
219,579.355556,111.284058,1.000000
220,579.201128,111.499834,1.000000
221,579.107376,111.225729,1.000000
222,579.670201,106.368042,1.000000
223,580.207416,107.360866,1.000000
224,580.181723,107.835302,1.000000
225,579.849310,107.891794,1.000000
226,580.910828,107.175662,1.000000
227,580.467764,107.616185,1.000000
228,580.161780,105.923422,1.000000
229,580.058078,103.298838,1.000000
230,574.429019,121.662839,1.000000
231,578.638214,107.836071,1.000000
232,578.200146,106.114892,1.000000
233,577.753981,104.094745,1.000000
234,577.984843,106.482810,1.000000
235,576.932764,107.195022,1.000000
236,576.670407,109.619916,1.000000
237,575.776208,111.208922,1.000000
238,575.353442,111.946336,1.000000
239,581.612075,85.744906,1.000000
240,574.613065,113.761113,1.000000
241,574.785047,115.866542,1.000000
242,575.320432,115.804615,1.000000
243,574.702703,116.678499,1.000000
244,574.544251,114.918684,1.000000
245,574.969300,113.561213,1.000000
246,575.251134,113.878270,1.000000
247,574.757587,116.616329,1.000000
248,575.497699,113.899823,1.000000
249,576.280837,113.226872,1.000000
250,575.490961,112.623538,1.000000
251,574.161932,112.266414,1.000000
252,574.066476,113.175254,1.000000
253,575.197823,113.781690,1.000000
254,576.247989,112.659517,1.000000
255,576.209541,114.744523,1.000000
256,576.110727,114.573010,1.000000
257,574.512459,115.587213,1.000000
258,573.039771,119.420617,1.000000
259,573.909576,118.982316,1.000000
260,575.638259,119.550841,1.000000
261,575.745729,118.172142,1.000000
262,575.866783,117.745105,1.000000
263,576.189249,117.903903,1.000000
264,576.598293,119.240893,1.000000
265,565.385256,114.598718,1.000000
266,563.970954,116.833432,1.000000
267,578.184236,123.975008,1.000000
268,579.350624,123.935639,1.000000
269,580.136712,125.434145,1.000000
270,579.555777,125.851594,1.000000
271,580.032662,128.239055,1.000000
272,579.942163,127.557837,1.000000
273,581.790877,124.181404,1.000000
274,580.870202,124.133985,1.000000
275,580.838912,124.508020,1.000000
276,579.706146,124.012776,1.000000
277,581.189831,122.418079,1.000000
278,578.963794,122.350109,1.000000
279,579.142053,122.010549,1.000000
280,580.408221,121.821758,1.000000
281,580.815826,121.378151,1.000000
282,580.682152,121.488648,1.000000
283,580.652717,122.652379,1.000000
284,579.516408,122.371330,1.000000
285,578.915289,123.522443,1.000000
286,578.470667,124.628667,1.000000
287,578.924635,124.665671,1.000000
288,578.433180,125.005267,1.000000
289,578.734420,126.331735,1.000000
290,577.659532,126.918999,1.000000
291,578.073424,126.858674,1.000000
292,577.858366,126.484190,1.000000
293,578.701697,125.945170,1.000000
294,578.302053,126.508961,1.000000
295,576.386527,127.842054,1.000000
296,576.772412,128.261991,1.000000
297,577.445096,127.297491,1.000000
298,577.334419,127.834256,1.000000
299,576.424845,129.128571,1.000000
300,576.636079,128.768556,1.000000
301,577.270148,128.713733,1.000000
302,577.573873,128.785127,1.000000
303,577.353710,130.339980,1.000000
304,577.095192,129.981090,1.000000
305,577.471710,130.076625,1.000000
306,577.457244,129.651500,1.000000
307,577.095268,129.920922,1.000000
308,576.708923,130.271692,1.000000
309,577.234813,129.874725,1.000000
310,577.242798,131.072175,1.000000
311,576.937054,131.746977,1.000000
312,577.367443,131.544395,1.000000
313,577.501119,131.024928,1.000000
314,576.597775,131.959204,1.000000
315,577.032526,131.839363,1.000000
316,577.130169,132.283729,1.000000
317,577.593031,132.116035,1.000000
318,576.622411,131.990898,1.000000
319,577.789723,132.383029,1.000000
320,577.820701,133.032721,1.000000
321,577.927856,133.339679,1.000000
322,577.372246,133.775732,1.000000
323,577.510420,133.713370,1.000000
324,577.192152,134.241669,1.000000
325,577.023663,135.434235,1.000000
326,577.521270,136.679716,1.000000
327,577.819744,137.195251,1.000000
328,578.411692,137.834828,1.000000
329,578.689954,139.570015,1.000000
330,579.175354,140.690569,1.000000
331,579.864479,141.299301,1.000000
332,579.988109,142.377229,1.000000
333,579.648657,143.008242,1.000000
334,579.907328,144.352525,1.000000
335,580.094770,145.672900,1.000000
336,580.242195,146.116367,1.000000
337,580.360795,146.242918,1.000000
338,579.968078,147.426411,1.000000
339,579.785069,148.141614,1.000000
340,579.484349,148.720923,1.000000
341,579.924975,150.066022,1.000000
342,579.684088,149.798602,1.000000
343,579.690112,150.879035,1.000000
344,579.546076,150.302182,1.000000
345,579.658180,150.754615,1.000000
346,580.087169,150.846556,1.000000
347,579.245114,151.267638,1.000000
348,579.698298,154.186633,1.000000
349,579.528384,154.390518,1.000000
350,578.923962,156.792790,1.000000
351,578.070117,157.960277,1.000000
352,576.868545,159.925509,1.000000
353,576.270577,162.410911,1.000000
354,575.607955,164.096925,1.000000
355,576.113866,165.080261,1.000000
356,577.267476,168.242534,1.000000
357,577.468898,166.223462,1.000000
358,577.164963,169.239945,1.000000
359,577.866538,172.374919,1.000000
360,577.904857,176.861943,1.000000
361,577.409108,179.952240,1.000000
362,577.703125,181.607639,1.000000
363,577.898931,183.012763,1.000000
364,578.791627,180.453887,1.000000
365,578.540807,180.234678,1.000000
366,578.155522,182.594856,1.000000
367,577.507597,185.274729,1.000000
368,576.680254,186.868659,1.000000
369,575.747748,184.574474,1.000000
370,575.464682,190.746595,1.000000
371,574.672647,191.813031,1.000000
372,574.031621,193.878458,1.000000
373,573.370648,197.719818,1.000000
374,572.771912,197.700483,1.000000
375,573.787031,200.385887,1.000000
376,574.408163,201.909890,1.000000
377,574.927592,202.292823,1.000000
378,575.729454,204.329717,1.000000
379,575.952720,202.929080,1.000000
380,576.018194,205.213450,1.000000
381,575.405149,216.089505,1.000000
382,575.813344,216.110008,1.000000
383,576.125332,216.661603,1.000000
384,575.886590,216.791571,1.000000
385,576.255954,202.665608,1.000000
386,576.294406,203.237488,1.000000
387,575.933205,204.802493,1.000000
388,575.896092,205.190340,1.000000
389,575.878425,205.864882,1.000000
390,575.777568,207.809074,1.000000
391,575.796600,208.298918,1.000000
392,575.946953,213.138301,1.000000
393,576.256789,211.274894,1.000000
394,576.469766,214.913849,1.000000
395,577.085777,213.926206,1.000000
396,576.847966,214.095546,1.000000
397,576.969407,212.893563,1.000000
398,577.023969,214.387664,1.000000
399,577.695933,216.554551,1.000000
400,577.645865,217.106671,1.000000
401,577.700995,215.344061,1.000000
402,578.024809,220.916349,1.000000
403,578.048920,221.955527,1.000000
404,577.219038,225.288208,1.000000
405,576.627619,226.159365,1.000000
406,576.303657,226.807313,1.000000
407,575.715495,228.531901,1.000000
408,575.052073,230.929022,1.000000
409,575.841670,242.203623,1.000000
410,574.295098,231.493432,1.000000
411,574.195168,231.732978,1.000000
412,573.510807,232.605479,1.000000
413,572.572109,234.517154,1.000000
414,572.900751,236.112711,1.000000
415,572.510058,237.663206,1.000000
416,573.016185,239.320216,1.000000
417,573.735603,241.408845,1.000000
418,574.509507,240.970351,1.000000
419,575.340200,243.106212,1.000000
420,575.293820,244.595745,1.000000
421,575.253655,239.885251,1.000000
422,575.075065,240.385444,1.000000
423,575.461004,239.707925,1.000000
424,575.607065,240.534552,1.000000
425,575.898672,242.246216,1.000000
426,576.294302,243.652473,1.000000
427,576.979154,247.168580,1.000000
428,577.402765,247.952810,1.000000
429,577.472670,252.295735,1.000000
430,577.829298,252.885382,1.000000
431,577.616895,256.043017,1.000000
432,577.239664,259.655039,1.000000
433,576.065552,261.250737,1.000000
434,575.047043,262.754704,1.000000
435,574.372189,263.705733,1.000000
436,574.081901,266.075336,1.000000
437,574.254914,265.550676,1.000000
438,574.023299,266.894237,1.000000
439,573.801796,274.327453,1.000000
440,573.598540,279.265207,1.000000
441,573.404193,281.669732,1.000000
442,573.969686,283.604512,1.000000
443,574.937438,283.954560,1.000000
444,575.486851,291.329412,1.000000
445,575.997086,290.751376,1.000000
446,576.048757,293.180051,1.000000
447,576.427187,292.320625,1.000000
448,576.688748,293.451347,1.000000
449,576.901794,298.128222,1.000000
450,577.008735,295.439987,1.000000
451,576.703899,302.310502,1.000000
452,575.970768,300.076454,1.000000
453,575.070090,300.542959,1.000000
454,574.787113,297.596652,1.000000
455,574.435180,295.616859,1.000000
456,574.326739,295.228130,1.000000
457,574.156695,298.248180,1.000000
458,574.262579,296.929024,1.000000
459,574.310091,296.150184,1.000000
460,574.831483,294.634879,1.000000
461,574.965740,297.299289,1.000000
462,574.787443,296.749182,1.000000
463,574.633007,296.022549,1.000000
464,574.809724,296.351053,1.000000
465,574.336979,295.359877,1.000000
466,574.353414,295.540161,1.000000
467,573.954516,295.191754,1.000000
468,574.109937,295.423572,1.000000
469,573.945623,295.875332,1.000000
470,573.901147,297.853239,1.000000
471,574.049256,297.353058,1.000000
472,571.820568,296.579799,1.000000
473,573.485972,295.537891,1.000000
474,573.596902,296.825166,1.000000
475,573.080793,297.700915,1.000000
476,572.326872,298.264317,1.000000
477,572.084295,299.463177,1.000000
478,571.579604,299.222222,1.000000
479,573.964137,298.338136,1.000000
480,572.149776,300.666667,1.000000
481,572.247806,298.550907,1.000000
482,574.193730,297.945455,1.000000
483,574.481818,298.715758,1.000000
484,574.570898,296.117957,1.000000
485,574.552281,299.435995,1.000000
486,574.571744,296.435194,1.000000
487,575.070110,296.248826,1.000000
488,574.951444,296.145668,1.000000
489,575.028488,297.152800,1.000000
490,574.378242,297.465813,1.000000
491,574.644304,295.288291,1.000000
492,574.780189,292.612579,1.000000
493,574.859385,294.411707,1.000000
494,574.745302,293.501007,1.000000
495,574.837847,292.457067,1.000000
496,574.891261,292.282194,1.000000
497,574.946595,293.013351,1.000000
498,575.674028,292.936858,1.000000
499,575.171482,292.516646,1.000000
500,574.700578,293.513100,1.000000
501,575.111075,293.412147,1.000000
502,574.382228,292.534793,1.000000
503,574.636034,293.218709,1.000000
504,574.251552,292.821627,1.000000
505,574.435218,291.283037,1.000000
506,574.783544,290.171519,1.000000
507,574.825096,291.605263,1.000000
508,574.035582,288.788184,1.000000
509,574.184310,287.455293,1.000000
510,574.364968,286.975358,1.000000
511,573.941701,287.860768,1.000000
512,573.801653,287.247934,1.000000
513,573.994997,287.732822,1.000000
514,574.091391,287.903311,1.000000
515,574.126813,287.131872,1.000000
516,574.148355,286.243877,1.000000
517,573.827718,284.953456,1.000000
518,573.886332,285.723501,1.000000
519,573.833392,283.659051,1.000000
520,573.965309,282.729638,1.000000
521,573.492433,280.510671,1.000000
522,572.766205,280.009367,1.000000
523,572.274806,281.442248,1.000000
524,571.909814,278.441455,1.000000
525,571.666413,278.873191,1.000000
526,571.657088,277.751341,1.000000
527,571.614343,278.361508,1.000000
528,571.936086,276.145422,1.000000
529,571.273749,276.107324,1.000000
530,572.638889,273.421613,1.000000
531,573.015939,273.483871,1.000000
532,573.024667,271.978465,1.000000
533,572.788203,272.084323,1.000000
534,573.274439,272.298077,1.000000
535,573.374219,272.863281,1.000000
536,573.762890,273.921340,1.000000
537,572.300623,276.134346,1.000000
538,572.066409,276.805792,1.000000
539,572.460964,277.154277,1.000000
540,572.547534,278.842387,1.000000
541,577.175620,299.761364,1.000000
542,573.166487,282.167205,1.000000
543,573.580429,283.126012,1.000000
544,573.971195,283.895804,1.000000
545,574.996041,287.564500,1.000000
546,577.249203,303.908692,1.000000
547,574.660692,290.610012,1.000000
548,574.810334,297.906802,1.000000
549,574.492446,299.981678,1.000000
550,573.447446,297.283911,1.000000
551,572.558992,303.973214,1.000000
552,570.408069,305.642196,1.000000
553,571.586529,307.795682,1.000000
554,571.542395,309.837864,1.000000
555,572.838338,310.014559,1.000000
556,573.031474,310.695232,1.000000
557,573.146618,314.171717,1.000000
558,573.301136,318.250000,1.000000
559,573.401853,314.514476,1.000000
560,573.440610,319.158182,1.000000
561,573.122687,319.548358,1.000000
562,571.331058,320.028157,1.000000
563,571.502432,321.198176,1.000000
564,571.858921,322.639893,1.000000
565,571.224680,323.232538,1.000000
566,571.806670,323.923120,1.000000
567,571.673993,325.109608,1.000000
568,572.170851,327.256277,1.000000
569,572.501107,326.744740,1.000000
570,572.675992,327.436198,1.000000
571,571.150147,328.469501,1.000000
572,570.042665,330.255114,1.000000
573,568.318194,329.804925,1.000000
574,566.805736,342.021850,1.000000
575,568.501199,330.664868,1.000000
576,568.182902,329.257924,1.000000
577,567.830122,329.419211,1.000000
578,567.470130,328.938240,1.000000
579,567.102443,328.812604,1.000000
580,567.648011,328.204545,1.000000
581,567.986281,331.914107,1.000000
582,567.177529,331.809125,1.000000
583,567.893078,330.223115,1.000000
584,568.142812,330.113932,1.000000
585,566.990012,330.523408,1.000000
586,567.426023,329.987081,1.000000
587,567.928292,330.227177,1.000000
588,567.907646,330.120240,1.000000
589,567.736448,330.722971,1.000000
590,568.269384,328.650513,1.000000
591,567.953330,328.745874,1.000000
592,567.303587,328.823855,1.000000
593,567.319010,328.968412,1.000000
594,567.295129,329.094556,1.000000
595,567.070851,329.849930,1.000000
596,567.426220,329.812879,1.000000
597,567.605699,330.507415,1.000000
598,568.095679,326.565937,1.000000
599,568.591636,327.197586,1.000000
600,568.926060,326.655134,1.000000
601,569.136800,326.291125,1.000000
602,568.533353,329.326477,1.000000
603,568.721212,325.674931,1.000000
604,568.971095,326.113952,1.000000
605,568.557562,325.501693,1.000000
606,568.197866,326.895587,1.000000
607,568.515380,327.373043,1.000000
608,568.333993,327.918269,1.000000
609,568.017490,326.106885,1.000000
610,567.306552,327.768401,1.000000
611,567.912204,325.985866,1.000000
612,567.752006,325.897004,1.000000
613,567.581351,325.127568,1.000000
614,567.698896,324.335039,1.000000
615,567.659886,324.506103,1.000000
616,567.382046,325.643869,1.000000
617,567.410996,324.433315,1.000000
618,567.614141,325.115648,1.000000
619,567.836646,323.946365,1.000000
620,567.624465,329.180496,1.000000
621,567.742531,324.060565,1.000000
622,568.044054,323.760000,1.000000
623,568.134162,323.483197,1.000000
624,568.244289,323.681537,1.000000
625,568.252999,323.570883,1.000000
626,568.406079,323.582421,1.000000
627,568.289326,323.391854,1.000000
628,568.691131,324.394217,1.000000
629,568.443121,321.841418,1.000000
630,568.896970,322.783196,1.000000
631,568.454595,323.816204,1.000000
632,568.942651,322.396372,1.000000
633,568.542169,323.358160,1.000000
634,568.758921,322.627077,1.000000
635,568.908568,323.315083,1.000000
636,568.798769,323.382592,1.000000
637,569.160582,322.387044,1.000000
638,568.487397,320.896249,1.000000
639,567.840663,319.954217,1.000000
640,568.502801,320.629412,1.000000
641,568.140158,321.025663,1.000000
642,567.871167,321.567089,1.000000
643,567.498442,320.900595,1.000000
644,567.950339,321.746811,1.000000
645,568.256562,321.610217,1.000000
646,567.247039,322.545580,1.000000
647,567.310788,320.668950,1.000000
648,566.880311,320.338795,1.000000
649,566.205626,323.215190,1.000000
650,566.285198,323.816082,1.000000
651,566.554384,324.464206,1.000000
652,566.597627,323.652104,1.000000
653,566.611141,324.430239,1.000000
654,565.303062,324.393083,1.000000
655,567.798301,323.528090,1.000000
656,567.340621,324.687989,1.000000
657,567.127493,324.645822,1.000000
658,566.222251,326.216465,1.000000
659,565.422524,328.668147,1.000000
660,565.811940,326.885075,1.000000
661,565.429794,332.067933,1.000000
662,565.317929,332.618875,1.000000
663,565.207225,335.322254,1.000000
664,564.608768,334.072142,1.000000
665,564.199833,334.229975,1.000000
666,563.926114,332.476127,1.000000
667,563.474971,335.781933,1.000000
668,563.226678,336.217292,1.000000
669,563.212749,336.916084,1.000000
670,563.384555,336.188600,1.000000
671,563.104572,335.996847,1.000000
672,561.888623,337.494418,1.000000
673,561.931411,335.990127,1.000000
674,561.943238,336.247450,1.000000
675,561.216508,337.866297,1.000000
676,561.703226,336.311742,1.000000
677,561.816726,336.305033,1.000000
678,561.071260,336.151166,1.000000
679,561.849047,335.974925,1.000000
680,561.724931,336.202324,1.000000
681,561.291491,336.182089,1.000000
682,560.719075,335.527305,1.000000
683,560.554962,336.489313,1.000000
684,560.233481,339.506399,1.000000
685,560.144924,336.963317,1.000000
686,560.330924,336.485287,1.000000
687,560.597255,339.663500,1.000000
688,560.180548,336.483704,1.000000
689,561.045174,333.852629,1.000000
690,560.997523,335.379242,1.000000
691,560.825342,335.749210,1.000000
692,560.423167,336.153926,1.000000
693,560.002815,337.337769,1.000000
694,559.927374,336.171407,1.000000
695,559.473930,337.582879,1.000000
696,559.436855,339.366164,1.000000
697,559.069091,336.839221,1.000000
698,558.664438,336.935202,1.000000
699,558.693802,338.285714,1.000000
700,559.567149,334.917872,1.000000
701,559.207789,335.401725,1.000000
702,559.379444,334.675683,1.000000
703,560.152036,334.352897,1.000000
704,560.525032,333.577664,1.000000
705,560.581575,335.748732,1.000000
706,561.383788,337.355666,1.000000
707,561.565253,336.204651,1.000000
708,562.303013,335.401786,1.000000
709,562.278189,334.929954,1.000000
710,563.771789,333.184920,1.000000
711,564.462538,328.534144,1.000000
712,564.994460,328.155956,1.000000
713,564.804769,327.807013,1.000000
714,564.455247,327.468973,1.000000
715,564.429073,327.165253,1.000000
716,564.368252,328.414940,1.000000
717,564.749636,328.628680,1.000000
718,565.138532,326.991431,1.000000
719,564.973406,327.490706,1.000000
720,565.034672,329.058943,1.000000
721,564.900057,329.043118,1.000000
722,565.119062,331.148456,1.000000
723,565.888114,331.316478,1.000000
724,565.542432,327.611840,1.000000
725,565.151873,327.469773,1.000000
726,564.995994,330.616333,1.000000
727,565.346353,330.127556,1.000000
728,565.878374,324.752685,1.000000
729,565.896441,325.266044,1.000000
730,566.183499,324.632717,1.000000
731,566.270690,324.712356,1.000000
732,566.089985,325.078374,1.000000
733,566.553297,324.852454,1.000000
734,567.199645,329.243483,1.000000
735,567.543725,324.165247,1.000000
736,568.076881,324.421328,1.000000
737,568.066012,324.610202,1.000000
738,567.722823,325.207171,1.000000
739,567.625967,325.718257,1.000000
740,567.252907,325.966279,1.000000
741,566.921911,324.874428,1.000000
742,567.429135,325.250211,1.000000
743,567.107499,324.421728,1.000000
744,566.892755,324.996577,1.000000
745,566.963719,322.389172,1.000000
746,567.753535,322.049903,1.000000
747,567.463429,324.012286,1.000000
748,567.892255,323.022864,1.000000
749,567.124349,323.921053,1.000000
750,567.233352,324.310757,1.000000
751,567.511864,324.725141,1.000000
752,567.058623,324.680421,1.000000
753,566.491794,325.571071,1.000000
754,565.805927,325.591517,1.000000
755,566.834875,326.415195,1.000000
756,567.567552,326.871180,1.000000
757,567.223753,328.087903,1.000000
758,567.956800,327.611483,1.000000
759,568.492993,327.516256,1.000000
760,568.655943,327.260905,1.000000
761,569.575219,328.073666,1.000000
762,569.627018,328.520249,1.000000
763,568.527726,330.774211,1.000000
764,568.581579,331.094474,1.000000
765,568.163791,331.257738,1.000000
766,568.308645,331.979442,1.000000
767,567.996952,334.515378,1.000000
768,567.710460,336.658585,1.000000
769,568.212432,334.404324,1.000000
770,568.123997,334.383338,1.000000
771,568.474102,333.918608,1.000000
772,568.537204,334.665576,1.000000
773,568.120848,334.998325,1.000000
774,567.786227,335.050215,1.000000
775,567.705334,335.993791,1.000000
776,567.656171,336.120888,1.000000
777,567.416151,335.418120,1.000000
778,567.819053,335.744046,1.000000
779,568.052773,334.330297,1.000000
780,567.030561,334.929577,1.000000
781,566.736674,337.326759,1.000000
782,566.416549,341.898334,1.000000
783,561.393361,344.459747,1.000000
784,562.002059,343.479671,1.000000
785,563.686313,344.695948,1.000000
786,561.166338,347.855133,1.000000
787,561.491375,348.269472,1.000000
788,561.368103,347.608250,1.000000
789,564.242558,341.566544,1.000000
790,564.143461,342.249876,1.000000
791,564.637752,340.542724,1.000000
792,564.502573,339.461657,1.000000
793,563.530042,343.565308,1.000000
794,563.774118,341.508299,1.000000
795,563.969895,340.951571,1.000000
796,563.803457,342.973670,1.000000
797,564.326687,342.307515,1.000000
798,563.455728,340.870935,1.000000
799,563.166293,340.434155,1.000000
800,562.965771,343.266734,1.000000
801,564.217334,345.738404,1.000000
802,563.327066,345.406515,1.000000
803,564.219868,342.160265,1.000000
804,563.495121,342.570365,1.000000
805,562.736063,345.334742,1.000000
806,563.384127,347.133862,1.000000
807,563.978244,340.371364,1.000000
808,563.619743,339.420549,1.000000
809,562.947243,344.751060,1.000000
810,562.517095,344.596342,1.000000
811,562.358098,345.633933,1.000000
812,563.931836,343.233597,1.000000
813,564.009170,342.454916,1.000000
814,564.086016,339.057508,1.000000
815,564.028696,339.376633,1.000000
816,564.823574,336.885183,1.000000
817,565.118126,336.679990,1.000000
818,565.753631,335.585840,1.000000
819,566.163874,334.151309,1.000000
820,566.763299,334.357335,1.000000
821,566.418242,334.786360,1.000000
822,567.364838,336.751221,1.000000
823,567.206693,331.777840,1.000000
824,568.128627,331.092076,1.000000
825,568.643376,332.553382,1.000000
826,568.662406,331.526535,1.000000
827,569.171684,332.107947,1.000000
828,569.358336,333.327950,1.000000
829,569.193777,333.143559,1.000000
830,569.321661,333.041531,1.000000
831,569.202859,333.615053,1.000000
832,569.223052,333.654749,1.000000
833,569.250606,332.485330,1.000000
834,568.899891,332.814976,1.000000
835,568.954228,334.539213,1.000000
836,568.898296,334.169874,1.000000
837,568.919810,334.173512,1.000000
838,569.184385,332.924695,1.000000
839,569.473799,333.505731,1.000000
840,569.690379,332.531207,1.000000
841,569.985162,332.855326,1.000000
842,570.017071,332.872499,1.000000
843,569.522772,335.867002,1.000000
844,570.563525,342.568501,1.000000
845,570.503636,334.163749,1.000000
846,570.704304,333.428799,1.000000
847,570.703265,333.929963,1.000000
848,570.693240,332.600361,1.000000
849,570.906737,333.932893,1.000000
850,570.614679,334.368545,1.000000
851,570.627065,333.858641,1.000000
852,570.715225,334.310281,1.000000
853,570.813323,334.176935,1.000000
854,570.856083,335.261331,1.000000
855,570.824254,333.737297,1.000000
856,570.711942,334.545724,1.000000
857,570.754656,334.817544,1.000000
858,570.817509,335.973023,1.000000
859,570.991931,335.100989,1.000000
860,570.903532,334.721402,1.000000
861,570.957265,335.470353,1.000000
862,570.774253,335.481628,1.000000
863,570.756972,335.983798,1.000000
864,570.853011,335.718380,1.000000
865,570.930556,335.523061,1.000000
866,571.041820,335.565229,1.000000
867,571.013973,335.001582,1.000000
868,570.700053,335.477801,1.000000
869,570.687835,335.909432,1.000000
870,570.746681,335.954755,1.000000
871,570.701281,335.951758,1.000000
872,570.554275,336.658537,1.000000
873,570.552384,336.750606,1.000000
874,570.504706,337.118580,1.000000
875,570.620502,336.416848,1.000000
876,570.604071,336.480326,1.000000
877,570.597515,337.000810,1.000000
878,570.631965,337.000000,1.000000
879,570.724979,337.526460,1.000000
880,570.584532,337.837992,1.000000
881,570.475181,337.044272,1.000000
882,570.429681,337.260380,1.000000
883,570.215259,337.093188,1.000000
884,570.594646,337.491123,1.000000
885,570.728004,336.618374,1.000000
886,570.788389,337.909144,1.000000
887,570.469663,335.333989,1.000000
888,570.437447,335.661794,1.000000
889,570.450140,335.537255,1.000000
890,570.117239,335.415536,1.000000
891,570.418813,336.479263,1.000000
892,570.600000,335.821167,1.000000
893,570.513893,336.203026,1.000000
894,570.516945,335.558365,1.000000
895,569.521154,336.111796,1.000000
896,570.068512,334.546212,1.000000
897,570.051089,335.593170,1.000000
898,570.201527,334.801745,1.000000
899,570.174216,334.325382,1.000000
900,570.168665,334.970845,1.000000
901,570.317793,333.815724,1.000000
902,570.109743,334.466612,1.000000
903,570.249316,334.592501,1.000000
904,570.684860,334.769611,1.000000
905,570.627988,335.279882,1.000000
906,570.471046,336.310456,1.000000
907,570.341887,336.587811,1.000000
908,570.460343,335.857182,1.000000
909,570.601091,336.112142,1.000000
910,570.321994,336.667985,1.000000
911,570.624262,336.172571,1.000000
912,570.653526,336.552427,1.000000
913,570.541734,336.673713,1.000000
914,570.573708,336.897484,1.000000
915,570.453280,337.077376,1.000000
916,570.495519,337.009489,1.000000
917,570.550170,337.330888,1.000000
918,570.899769,337.434850,1.000000
919,570.359249,337.855228,1.000000
920,570.620124,337.355932,1.000000
921,570.964344,336.081185,1.000000
922,571.040214,336.105898,1.000000
923,570.841257,335.829170,1.000000
924,570.550604,335.737987,1.000000
925,570.599782,335.197383,1.000000
926,570.535939,335.097021,1.000000
927,570.312449,335.519309,1.000000
928,570.456277,336.337983,1.000000
929,570.210597,336.459387,1.000000
930,570.347446,336.175908,1.000000
931,569.943185,335.588091,1.000000
932,569.440719,336.546406,1.000000
933,569.100840,336.815397,1.000000
934,569.043550,336.384785,1.000000
935,569.499319,337.407296,1.000000
936,569.799009,337.096090,1.000000
937,569.501886,335.847791,1.000000
938,569.281818,336.506417,1.000000
939,568.997307,336.947482,1.000000
940,569.437074,336.013110,1.000000
941,569.191810,336.090517,1.000000
942,569.063373,336.203008,1.000000
943,569.281976,335.797063,1.000000
944,569.478904,335.354206,1.000000
945,569.286937,335.617509,1.000000
946,569.411846,334.721212,1.000000
947,569.508850,335.003872,1.000000
948,569.513771,335.548677,1.000000
949,570.071720,334.842162,1.000000
950,569.955286,334.106818,1.000000
951,570.033526,334.446826,1.000000
952,569.756111,334.430376,1.000000
953,570.050000,334.056145,1.000000
954,570.786498,333.711855,1.000000
955,571.192934,333.518355,1.000000
956,571.389845,337.726334,1.000000
957,571.303839,335.479172,1.000000
958,572.093102,338.751823,1.000000
959,571.680410,334.229109,1.000000
960,571.969468,334.279832,1.000000
961,572.715888,339.616434,1.000000
962,573.181763,340.066205,1.000000
963,574.014612,348.259444,1.000000
964,574.686071,348.086429,1.000000
965,575.093761,349.094818,1.000000
966,574.353662,337.986846,1.000000
967,574.885157,337.317841,1.000000
968,575.801323,338.334100,1.000000
969,575.799009,338.659416,1.000000
970,576.145699,339.236761,1.000000
971,576.666117,338.852157,1.000000
972,577.371738,339.006385,1.000000
973,577.257246,338.050725,1.000000
974,577.933375,336.350723,1.000000
975,578.048698,334.726493,1.000000
976,578.077815,334.063473,1.000000
977,578.633550,332.378243,1.000000
978,579.071597,331.370654,1.000000
979,579.838188,331.251545,1.000000
980,580.395958,330.147774,1.000000
981,580.565817,329.434183,1.000000
982,581.380668,328.276850,1.000000
983,582.131707,326.735061,1.000000
984,582.604927,325.236866,1.000000
985,582.708005,324.086719,1.000000
986,583.289474,323.523220,1.000000
987,583.848863,323.226862,1.000000
988,584.610789,323.911917,1.000000
989,584.718922,323.186467,1.000000
990,585.450883,325.081190,1.000000
991,585.442900,324.047432,1.000000
992,585.604808,324.892700,1.000000
993,586.236692,326.116992,1.000000
994,587.074780,327.039003,1.000000
995,587.558214,327.579807,1.000000
996,587.294203,327.351014,1.000000
997,588.189408,330.161879,1.000000
998,587.911499,329.988646,1.000000
999,588.428613,330.947688,1.000000
1000,588.605323,331.345736,1.000000
1001,588.757355,330.845895,1.000000
1002,589.046233,330.803100,1.000000
1003,588.783365,329.825889,1.000000
1004,589.124671,329.866895,1.000000
1005,590.449475,333.786311,1.000000
1006,590.186761,332.316785,1.000000
1007,590.746771,334.694026,1.000000
1008,590.668303,334.634479,1.000000
1009,590.557399,333.394702,1.000000
1010,590.220194,334.959613,1.000000
1011,589.076965,332.288007,1.000000
1012,588.824502,334.413232,1.000000
1013,587.930309,332.494124,1.000000
1014,587.550713,332.564972,1.000000
1015,587.532870,333.154463,1.000000
1016,587.308168,333.069855,1.000000
1017,586.862319,333.214976,1.000000
1018,587.679666,337.452925,1.000000
1019,587.382548,337.358449,1.000000
1020,586.907747,337.474678,1.000000
1021,586.401644,336.822466,1.000000
1022,585.829016,336.414780,1.000000
1023,585.260929,333.760383,1.000000
1024,584.862172,334.503275,1.000000
1025,584.807151,334.313922,1.000000
1026,584.769782,334.039151,1.000000
1027,584.696778,335.490498,1.000000
1028,584.610197,336.805373,1.000000
1029,584.457259,337.218725,1.000000
1030,584.098518,337.346048,1.000000
1031,583.818059,337.899432,1.000000
1032,582.832248,335.506382,1.000000
1033,582.966553,336.613274,1.000000
1034,582.847889,336.919748,1.000000
1035,582.289089,337.262278,1.000000
1036,583.375704,341.665594,1.000000
1037,583.237650,342.712150,1.000000
1038,583.167246,343.057441,1.000000
1039,582.714790,343.872456,1.000000
1040,582.537895,344.525354,1.000000
1041,581.856531,344.567987,1.000000
1042,581.501059,344.931445,1.000000
1043,581.281415,345.045935,1.000000
1044,580.301438,344.280523,1.000000
1045,579.343043,346.129242,1.000000
1046,578.994922,346.508039,1.000000
1047,578.611191,346.906169,1.000000
1048,578.457093,347.122884,1.000000
1049,578.461473,348.695491,1.000000
1050,577.794500,347.537552,1.000000
1051,577.191281,347.711447,1.000000
1052,576.725383,346.245077,1.000000
1053,576.693526,345.526632,1.000000
1054,576.429158,345.232768,1.000000
1055,577.180113,350.868413,1.000000
1056,577.245656,351.337927,1.000000
1057,576.953738,350.865162,1.000000
1058,576.733462,350.797122,1.000000
1059,576.762679,350.864939,1.000000
1060,576.808260,351.850737,1.000000
1061,576.691525,348.105085,1.000000
1062,577.004665,351.462974,1.000000
1063,576.993078,350.539948,1.000000
1064,577.672274,361.539631,1.000000
1065,576.562027,350.926631,1.000000
1066,576.570724,350.166941,1.000000
1067,577.001080,350.036197,1.000000
1068,576.798191,347.270774,1.000000
1069,577.151381,347.914365,1.000000
1070,577.518089,348.736771,1.000000
1071,577.626907,351.942580,1.000000
1072,578.133613,353.870028,1.000000
1073,577.951777,352.292918,1.000000
1074,578.295702,354.846028,1.000000
1075,578.253556,358.000821,1.000000
1076,578.204984,355.870579,1.000000
1077,577.943362,358.521694,1.000000
1078,577.942252,359.069669,1.000000
1079,577.366658,360.696442,1.000000
1080,577.250262,362.088128,1.000000
1081,576.709166,364.413918,1.000000
1082,576.333505,366.636153,1.000000
1083,575.962982,365.906187,1.000000
1084,575.553974,367.189156,1.000000
1085,575.543127,366.821775,1.000000
1086,575.173269,368.300608,1.000000
1087,574.261299,369.628056,1.000000
1088,574.480321,369.052478,1.000000
1089,574.585275,369.945464,1.000000
1090,574.542091,370.594736,1.000000
1091,574.997210,369.815115,1.000000
1092,575.132924,371.452826,1.000000
1093,575.389724,370.282206,1.000000
1094,576.094306,375.208693,1.000000
1095,576.596505,379.512259,1.000000
1096,576.839732,379.460706,1.000000
1097,577.583486,380.257120,1.000000
1098,577.800834,380.345412,1.000000
1099,577.442540,377.330141,1.000000
1100,578.055153,377.392543,1.000000
1101,578.398637,376.626105,1.000000
1102,578.472678,374.598873,1.000000
1103,578.373209,373.091732,1.000000
1104,578.462949,370.843137,1.000000
1105,578.912976,370.865860,1.000000
1106,579.217545,373.221619,1.000000
1107,578.917157,369.244789,1.000000
1108,578.386581,365.126731,1.000000
1109,578.806611,362.936491,1.000000
1110,578.869925,360.909989,1.000000
1111,579.026400,360.636533,1.000000
1112,579.123848,358.443902,1.000000
1113,578.589088,356.523444,1.000000
1114,578.492488,354.670582,1.000000
1115,578.666202,352.039287,1.000000
1116,578.279922,351.020550,1.000000
1117,578.310617,351.531118,1.000000
1118,578.271417,349.702475,1.000000
1119,578.113307,349.313196,1.000000
1120,578.320198,348.461560,1.000000
1121,578.329292,347.678320,1.000000
1122,578.293920,345.488372,1.000000
1123,579.049643,343.935272,1.000000
1124,579.796867,340.773096,1.000000
1125,579.725208,340.603324,1.000000
1126,579.645932,338.620939,1.000000
1127,579.130809,341.052496,1.000000
1128,579.626421,340.724418,1.000000
1129,580.310239,342.099610,1.000000
1130,580.091108,340.625718,1.000000
1131,580.776280,339.906259,1.000000
1132,581.498965,335.721549,1.000000
1133,582.373440,334.060903,1.000000
1134,582.500148,334.513778,1.000000
1135,583.091037,331.114358,1.000000
1136,584.365282,336.006231,1.000000
1137,584.840743,335.170828,1.000000
1138,585.231436,334.746906,1.000000
1139,585.109843,330.293866,1.000000
1140,585.313014,329.382478,1.000000
1141,585.695604,328.942308,1.000000
1142,585.617664,330.276068,1.000000
1143,585.919966,330.310520,1.000000
1144,587.248445,332.050594,1.000000
1145,587.577095,332.515363,1.000000
1146,587.716149,331.923418,1.000000
1147,588.031924,332.024083,1.000000
1148,588.727490,332.905179,1.000000
1149,588.999464,332.403970,1.000000
1150,589.190553,332.951959,1.000000
1151,589.782282,334.610201,1.000000
1152,589.783522,335.107970,1.000000
1153,590.090191,335.626703,1.000000
1154,591.427402,335.896288,1.000000
1155,591.040485,335.347563,1.000000
1156,590.186856,334.770259,1.000000
1157,589.731947,334.624333,1.000000
1158,589.638763,334.335982,1.000000
1159,590.295711,335.839729,1.000000
1160,589.562305,335.402498,1.000000
1161,589.426583,335.351605,1.000000
1162,589.434419,335.353704,1.000000
1163,588.492771,333.439953,1.000000
1164,587.917514,334.838513,1.000000
1165,588.025553,334.465690,1.000000
1166,587.444032,333.659909,1.000000
1167,586.426349,332.886856,1.000000
1168,584.772121,329.869091,1.000000
1169,584.651335,328.722552,1.000000
1170,585.126158,329.921375,1.000000
1171,584.285798,329.594634,1.000000
1172,583.267802,328.932508,1.000000
1173,583.132607,327.759612,1.000000
1174,582.904896,328.111425,1.000000
1175,582.599873,327.108461,1.000000
1176,583.437826,327.995702,1.000000
1177,583.167269,328.635925,1.000000
1178,583.216523,328.430283,1.000000
1179,583.218261,328.211382,1.000000
1180,583.319567,325.827969,1.000000
1181,582.800571,325.459429,1.000000
1182,582.779971,325.404935,1.000000
1183,582.512232,324.227625,1.000000
1184,583.131735,325.567496,1.000000
1185,583.058171,325.661769,1.000000
1186,582.831689,325.372688,1.000000
1187,583.190446,326.287543,1.000000
1188,582.896674,326.145625,1.000000
1189,582.682163,326.860531,1.000000
1190,583.216363,330.931288,1.000000
1191,583.751165,330.483069,1.000000
1192,583.702094,330.631135,1.000000
1193,583.275862,327.627524,1.000000
1194,582.458972,325.203186,1.000000
1195,582.140036,325.461725,1.000000
1196,580.427002,325.164835,1.000000
1197,579.579679,322.288141,1.000000
1198,578.993612,322.526669,1.000000
1199,579.010169,328.808814,1.000000
1200,577.929872,328.899865,1.000000
1201,577.309416,328.695455,1.000000
1202,576.302770,327.625279,1.000000
1203,575.576412,324.735412,1.000000
1204,574.810995,324.571243,1.000000
1205,574.729040,325.113803,1.000000
1206,573.938195,327.484957,1.000000
1207,573.694988,327.699967,1.000000
1208,573.361682,328.439987,1.000000
1209,573.296515,328.558805,1.000000
1210,573.120816,326.690505,1.000000
1211,572.672066,321.225550,1.000000
1212,571.795764,324.127727,1.000000
1213,571.293434,324.587182,1.000000
1214,570.932029,324.756332,1.000000
1215,570.603509,325.843062,1.000000
1216,571.217287,324.147659,1.000000
1217,570.315534,323.184769,1.000000
1218,569.867603,323.338016,1.000000
1219,570.242941,323.428235,1.000000
1220,569.833880,325.687459,1.000000
1221,570.620545,323.192872,1.000000
1222,571.173029,322.440551,1.000000
1223,571.032015,322.201507,1.000000
1224,571.182733,325.623174,1.000000
1225,571.236287,326.235313,1.000000
1226,571.424513,327.427705,1.000000
1227,571.017389,327.802087,1.000000
1228,571.863914,325.567584,1.000000
1229,571.685428,327.341776,1.000000
1230,571.572631,327.880299,1.000000
1231,571.904514,325.652199,1.000000
1232,571.345761,328.511726,1.000000
1233,571.452946,328.350044,1.000000
1234,571.966126,342.858504,1.000000
1235,570.733506,331.207433,1.000000
1236,570.883895,332.125036,1.000000
1237,571.203031,332.471261,1.000000
1238,571.159247,333.380993,1.000000
1239,571.291655,334.275952,1.000000
1240,571.063152,334.631808,1.000000
1241,571.585036,330.923523,1.000000
1242,571.525375,330.450404,1.000000
1243,572.440172,328.312195,1.000000
1244,572.519270,327.602434,1.000000
1245,572.899276,327.836758,1.000000
1246,572.894896,328.120809,1.000000
1247,573.009985,326.881938,1.000000
1248,573.540257,326.873092,1.000000
1249,573.606442,328.449693,1.000000
1250,573.978267,328.047993,1.000000
1251,574.609260,328.382483,1.000000
1252,574.546801,328.624111,1.000000
1253,574.933645,328.535224,1.000000
1254,575.126121,330.354064,1.000000
1255,575.392908,330.937589,1.000000
1256,576.039352,331.589699,1.000000
1257,575.888230,331.499859,1.000000
1258,576.040922,330.949280,1.000000
1259,576.209711,332.630920,1.000000
1260,575.763674,332.682521,1.000000
1261,575.751749,335.256769,1.000000
1262,576.685666,330.555462,1.000000
1263,576.402716,334.060230,1.000000
1264,576.717417,333.523670,1.000000
1265,576.361220,331.699487,1.000000
1266,576.315983,330.178200,1.000000
1267,577.177678,330.576972,1.000000
1268,577.418040,325.004666,1.000000
1269,577.164706,325.756121,1.000000
1270,577.715587,326.287449,1.000000
1271,577.490634,324.054223,1.000000
1272,577.595456,320.621016,1.000000
1273,577.406368,320.893758,1.000000
1274,577.553150,320.936349,1.000000
1275,577.365584,320.233766,1.000000
1276,576.707221,319.722387,1.000000
1277,576.898585,321.842655,1.000000
1278,576.291292,320.756738,1.000000
1279,576.554176,317.418814,1.000000
1280,575.549580,317.583774,1.000000
1281,576.192080,318.147490,1.000000
1282,576.107591,318.018507,1.000000
1283,576.357807,316.850273,1.000000
1284,575.393754,317.284446,1.000000
1285,575.325251,318.084565,1.000000
1286,574.645702,321.943426,1.000000
1287,573.850843,319.440661,1.000000
1288,573.712714,319.015205,1.000000
1289,574.821463,322.430533,1.000000
1290,574.818957,322.102657,1.000000
1291,575.332046,322.945624,1.000000
1292,575.291385,320.153846,1.000000
1293,575.277469,320.244753,1.000000
1294,575.537546,320.652930,1.000000
1295,575.102158,319.383022,1.000000
1296,575.104010,323.500151,1.000000
1297,575.085232,321.551051,1.000000
1298,576.147589,319.324460,1.000000
1299,575.928334,321.095857,1.000000
1300,575.262204,321.649985,1.000000
1301,575.274168,321.551135,1.000000
1302,573.709755,321.091263,1.000000
1303,573.585883,320.728264,1.000000
1304,573.696360,318.976620,1.000000
1305,574.513739,317.092004,1.000000
1306,574.009491,317.753243,1.000000
1307,573.859942,316.890459,1.000000
1308,573.548116,319.588829,1.000000
1309,572.676220,320.682361,1.000000
1310,570.764596,317.307212,1.000000
1311,571.202832,317.793876,1.000000
1312,571.248834,316.023318,1.000000
1313,571.860546,312.311626,1.000000
1314,571.813931,315.276324,1.000000
1315,571.869879,314.822026,1.000000
1316,575.097154,325.681301,1.000000
1317,571.895980,315.819400,1.000000
1318,572.198001,315.761690,1.000000
1319,572.238003,314.958776,1.000000
1320,571.219550,314.108541,1.000000
1321,572.572951,313.603264,1.000000
1322,573.836525,313.640561,1.000000
1323,571.444305,315.133668,1.000000
1324,573.093162,315.724810,1.000000
1325,574.520915,316.710131,1.000000
1326,574.493405,316.664525,1.000000
1327,576.044193,316.232614,1.000000
1328,575.532908,316.074547,1.000000
1329,576.207084,316.873297,1.000000
1330,575.998458,318.681061,1.000000
1331,576.110158,319.835752,1.000000
1332,577.612855,319.183857,1.000000
1333,578.495215,317.839115,1.000000
1334,578.276956,319.350893,1.000000
1335,577.414959,319.130407,1.000000
1336,577.606646,318.418038,1.000000
1337,576.734205,316.168794,1.000000
1338,576.633885,315.651348,1.000000
1339,576.490340,314.792088,1.000000
1340,575.889558,314.755642,1.000000
1341,575.778344,314.054589,1.000000
1342,576.226659,314.745122,1.000000
1343,576.143913,314.626773,1.000000
1344,576.785537,314.468653,1.000000
1345,575.627253,313.822487,1.000000
1346,575.685265,312.069975,1.000000
1347,575.459492,310.354897,1.000000
1348,575.959233,308.097422,1.000000
1349,575.818993,304.583493,1.000000
1350,574.954791,303.928685,1.000000
1351,575.710084,302.311894,1.000000
1352,576.498282,300.079350,1.000000
1353,577.689888,297.867737,1.000000
1354,578.042698,296.499691,1.000000
1355,580.395527,295.241322,1.000000
1356,580.608582,293.680642,1.000000
1357,580.763961,292.953571,1.000000
1358,579.769809,291.191598,1.000000
1359,580.585724,290.416945,1.000000
1360,580.243840,289.394240,1.000000
1361,580.379211,288.017004,1.000000
1362,580.549510,286.809870,1.000000
1363,580.448897,284.365642,1.000000
1364,580.705158,282.197005,1.000000
1365,580.984023,279.087382,1.000000
1366,579.774123,276.526528,1.000000
1367,579.464227,273.802352,1.000000
1368,579.095043,270.082051,1.000000
1369,579.879328,265.668066,1.000000
1370,581.909954,261.318271,1.000000
1371,583.191446,256.790563,1.000000
1372,583.663696,254.453205,1.000000
1373,583.748520,251.236503,1.000000
1374,583.511731,234.938026,1.000000
1375,583.232835,246.101971,1.000000
1376,582.489402,225.021667,1.000000
1377,581.729614,222.863090,1.000000
1378,579.902540,237.040635,1.000000
1379,580.796651,230.095010,1.000000
1380,580.729885,228.793780,1.000000
1381,580.029736,225.723689,1.000000
1382,580.572709,221.787849,1.000000
1383,580.936241,217.259333,1.000000
1384,580.899520,213.934842,1.000000
1385,581.673341,207.932888,1.000000
1386,582.486658,203.349900,1.000000
1387,582.493996,200.780187,1.000000
1388,583.745196,198.766192,1.000000
1389,584.219716,194.679520,1.000000
1390,584.056514,192.759052,1.000000
1391,583.425739,187.305780,1.000000
1392,582.726203,182.275528,1.000000
1393,581.218334,174.400152,1.000000
1394,580.556967,174.386430,1.000000
1395,579.120349,174.858867,1.000000
1396,578.924625,175.234749,1.000000
1397,578.895512,165.379174,1.000000
1398,579.305509,164.750918,1.000000
1399,579.809106,159.343002,1.000000
1400,580.754163,156.173033,1.000000
1401,581.002284,152.041762,1.000000
1402,581.520425,149.110325,1.000000
1403,582.002557,143.914989,1.000000
1404,582.738140,144.394371,1.000000
1405,583.648794,139.923928,1.000000
1406,583.310519,137.788267,1.000000
1407,583.162630,135.893772,1.000000
1408,581.450553,134.303942,1.000000
1409,580.038446,133.668303,1.000000
1410,579.335709,136.047042,1.000000
1411,578.589074,135.320111,1.000000
1412,577.553666,114.657811,1.000000
1413,576.931779,133.052108,1.000000
1414,576.639972,131.699344,1.000000
1415,576.655208,130.672396,1.000000
1416,576.234555,130.489354,1.000000
1417,577.313474,129.794250,1.000000
1418,577.286292,112.852135,1.000000
1419,578.835795,126.138186,1.000000
1420,578.935157,128.040105,1.000000
1421,578.661850,129.344292,1.000000
1422,579.287008,127.934866,1.000000
1423,579.135079,128.526003,1.000000
1424,579.238128,129.003441,1.000000
1425,578.859965,128.227513,1.000000
1426,578.750000,128.550985,1.000000
1427,579.473398,130.661600,1.000000
1428,579.804755,128.376081,1.000000
1429,579.666788,128.282451,1.000000
1430,579.484683,127.622538,1.000000
1431,580.018979,128.724983,1.000000
1432,578.381247,110.183411,1.000000
1433,579.519768,128.097570,1.000000
1434,579.400281,131.342596,1.000000
1435,579.518717,131.411765,1.000000
1436,579.560552,132.435198,1.000000
1437,579.515021,129.016810,1.000000
1438,579.132419,130.305660,1.000000
1439,578.863068,127.803361,1.000000
1440,578.721372,132.235020,1.000000
1441,579.181217,128.089391,1.000000
1442,579.242754,128.327536,1.000000
1443,580.047902,128.657631,1.000000
1444,579.978469,132.634313,1.000000
1445,580.101868,129.553754,1.000000
1446,580.415036,129.334020,1.000000
1447,579.878609,135.151575,1.000000
1448,580.381735,130.916725,1.000000
1449,580.326553,131.713767,1.000000
1450,580.680460,130.944061,1.000000
1451,578.590382,109.713210,1.000000
1452,579.105114,109.906250,1.000000
1453,581.047188,130.450359,1.000000
1454,582.342086,131.424926,1.000000
1455,582.306920,131.079598,1.000000
1456,582.834669,131.355790,1.000000
1457,583.455334,128.234075,1.000000
1458,584.019791,128.056759,1.000000
1459,583.505776,126.806137,1.000000
1460,584.086667,126.774815,1.000000
1461,584.126312,127.360478,1.000000
1462,584.550199,126.679957,1.000000
1463,584.321238,126.729634,1.000000
1464,584.512522,127.829982,1.000000
1465,584.503067,125.937207,1.000000
1466,584.626904,125.697607,1.000000
1467,584.456383,126.095390,1.000000
1468,584.653666,125.930661,1.000000
1469,585.243504,129.168151,1.000000
1470,584.527946,126.466358,1.000000
1471,584.569922,129.178972,1.000000
1472,584.619591,129.350554,1.000000
1473,584.294437,129.242537,1.000000
1474,584.625586,128.267917,1.000000
1475,584.676066,128.237620,1.000000
1476,585.305508,126.240848,1.000000
1477,585.187164,125.063822,1.000000
1478,584.348790,130.566196,1.000000
1479,583.924554,130.700960,1.000000
1480,584.747382,129.199607,1.000000
1481,584.755184,129.557525,1.000000
1482,585.468761,130.050696,1.000000
1483,585.800890,123.898406,1.000000
1484,585.865325,124.122874,1.000000
1485,585.562830,125.343541,1.000000
1486,586.826226,124.499801,1.000000
1487,585.932081,122.950506,1.000000
1488,585.925099,120.521786,1.000000
1489,586.975188,121.566541,1.000000
1490,586.851371,121.338023,1.000000
1491,586.225762,123.077424,1.000000
1492,585.791369,121.026164,1.000000
1493,585.470007,121.119644,1.000000
1494,585.451250,121.125000,1.000000
1495,585.773933,122.133571,1.000000
1496,586.038003,121.539130,1.000000
1497,585.857853,120.264082,1.000000
1498,586.161786,120.745357,1.000000
1499,584.857446,123.863813,1.000000
1500,585.083362,124.495640,1.000000
1501,584.828366,122.937307,1.000000
1502,584.244190,121.672563,1.000000
1503,584.355926,122.189496,1.000000
1504,584.800074,124.755276,1.000000
1505,584.831312,125.608232,1.000000
1506,584.922149,127.613858,1.000000
1507,585.712639,126.850173,1.000000
1508,584.698899,126.273978,1.000000
1509,585.107368,127.146612,1.000000
1510,585.212933,128.264737,1.000000
1511,586.016435,125.112126,1.000000
1512,585.856936,126.646315,1.000000
1513,587.031179,125.951711,1.000000
1514,587.616489,125.182116,1.000000
1515,586.770045,127.077534,1.000000
1516,586.490258,127.847316,1.000000
1517,587.177009,123.520684,1.000000
1518,586.207085,121.155953,1.000000
1519,586.031355,124.091825,1.000000
1520,586.029068,126.061680,1.000000
1521,583.768737,140.524090,1.000000
1522,586.955392,123.253249,1.000000
1523,586.581372,122.382463,1.000000
1524,586.659521,122.844945,1.000000
1525,585.799568,122.365599,1.000000
1526,586.565332,122.251133,1.000000
1527,586.059413,122.632069,1.000000
1528,585.693271,123.068361,1.000000
1529,585.057622,124.360686,1.000000
1530,584.290346,127.042373,1.000000
1531,584.549593,126.341870,1.000000
1532,583.735484,126.773435,1.000000
1533,583.965918,128.695506,1.000000
1534,584.113958,129.465774,1.000000
1535,584.741196,130.943898,1.000000
1536,581.985740,102.412656,1.000000
1537,585.141614,130.867484,1.000000
1538,584.798550,129.550553,1.000000
1539,583.174671,127.212736,1.000000
1540,583.571272,127.157567,1.000000
1541,582.976614,127.661780,1.000000
1542,583.159043,127.932090,1.000000
1543,582.772287,125.715273,1.000000
1544,583.148124,127.768679,1.000000
1545,583.094144,127.204141,1.000000
1546,583.731505,125.195597,1.000000
1547,583.678052,123.907339,1.000000
1548,583.414249,123.319149,1.000000
1549,584.210150,121.252323,1.000000
1550,584.186474,121.038083,1.000000
1551,584.986408,119.674822,1.000000
1552,584.702020,117.947811,1.000000
1553,584.262414,114.898276,1.000000
1554,584.150033,121.122754,1.000000
1555,583.925596,117.322891,1.000000
1556,582.997919,117.627818,1.000000
1557,575.039928,94.576492,1.000000
1558,583.511549,114.187429,1.000000
1559,583.218370,109.427806,1.000000
1560,583.675601,103.279070,1.000000
1561,584.419542,102.849554,1.000000
1562,584.292876,102.406709,1.000000
1563,584.620028,103.670810,1.000000
1564,585.041907,103.545175,1.000000
1565,584.508011,103.341930,1.000000
1566,593.996424,125.428486,1.000000
1567,592.797370,122.119546,1.000000
1568,584.774857,102.302476,1.000000
1569,585.047316,100.117296,1.000000
1570,594.980376,129.505315,1.000000
1571,593.977689,128.178486,1.000000
1572,584.255030,97.654188,1.000000
1573,574.661734,73.913319,1.000000
1574,583.297443,97.414087,1.000000
1575,582.381054,99.316239,1.000000
1576,581.667525,96.927915,1.000000
1577,582.181885,99.334433,1.000000
1578,585.060275,104.859628,1.000000
1579,585.918500,103.836186,1.000000
1580,585.801405,104.417870,1.000000
1581,586.141414,104.942387,1.000000
1582,586.435447,106.772727,1.000000
1583,586.261013,107.555066,1.000000
1584,586.236910,108.457708,1.000000
1585,586.321848,107.408771,1.000000
1586,586.971031,110.730784,1.000000
1587,586.526833,111.598639,1.000000
1588,584.795726,106.043100,1.000000
1589,586.113149,110.879239,1.000000
1590,585.617494,110.840333,1.000000
1591,586.107435,111.757737,1.000000
1592,585.418671,111.580251,1.000000
1593,585.590319,111.059979,1.000000
1594,584.604338,105.256545,1.000000
1595,585.670886,106.943613,1.000000
1596,585.253319,106.216445,1.000000
1597,584.740552,103.787427,1.000000
1598,585.125230,101.870350,1.000000
1599,584.344095,100.576624,1.000000
1600,585.033946,101.327875,1.000000
1601,584.710918,100.409429,1.000000
1602,584.237624,102.665347,1.000000
1603,583.713108,104.359498,1.000000
1604,582.515088,103.546940,1.000000
1605,582.125781,104.724282,1.000000
1606,582.716393,105.700000,1.000000
1607,582.904022,106.234170,1.000000
1608,583.729590,109.718508,1.000000
1609,581.432986,106.549759,1.000000
1610,580.047229,108.326265,1.000000
1611,581.462544,111.547038,1.000000
1612,581.554098,111.006148,1.000000
1613,580.136403,112.708262,1.000000
1614,579.679579,113.408000,1.000000
1615,577.395785,112.069789,1.000000
1616,578.266982,110.796647,1.000000
1617,577.980434,109.022118,1.000000
1618,578.717979,107.464996,1.000000
1619,578.771316,106.770138,1.000000
1620,579.142909,106.341151,1.000000
1621,579.060521,106.666080,1.000000
1622,577.441336,105.767677,1.000000
1623,580.219002,107.000734,1.000000
1624,579.142358,106.307215,1.000000
1625,580.789797,107.031114,1.000000
1626,580.276316,106.926031,1.000000
1627,580.586158,106.608634,1.000000
1628,579.994579,106.780629,1.000000
1629,579.511791,106.154753,1.000000
1630,580.191883,106.865077,1.000000
1631,580.086676,105.935172,1.000000
1632,581.274606,107.650591,1.000000
1633,577.949673,105.709566,1.000000
1634,577.775915,105.838415,1.000000
1635,576.621946,106.460780,1.000000
1636,577.307352,106.513459,1.000000
1637,578.252130,105.841596,1.000000
1638,579.980600,106.474074,1.000000
1639,578.457754,105.837777,1.000000
1640,577.929101,105.941055,1.000000
1641,580.046307,107.438194,1.000000
1642,580.804760,107.092791,1.000000
1643,578.495730,105.569488,1.000000
1644,579.012569,105.441870,1.000000
1645,578.511408,105.802911,1.000000
1646,578.781383,105.596756,1.000000
1647,578.789212,105.522953,1.000000
1648,579.043362,105.678585,1.000000
1649,578.917371,105.670254,1.000000
1650,581.019147,107.393064,1.000000
1651,580.733195,108.075191,1.000000
1652,581.337090,107.334358,1.000000
1653,578.920000,106.494340,1.000000
1654,579.121085,106.516043,1.000000
1655,580.149107,106.845089,1.000000
1656,580.899062,106.985261,1.000000
1657,579.518790,106.441797,1.000000
1658,579.324217,106.670049,1.000000
1659,579.846378,105.307244,1.000000
1660,580.077871,106.588649,1.000000
1661,573.373098,121.642114,1.000000
1662,580.890735,107.668467,1.000000
1663,580.635048,107.163585,1.000000
1664,581.727709,107.508996,1.000000
1665,580.296221,106.679805,1.000000
1666,580.989058,107.559203,1.000000
1667,580.081455,106.192171,1.000000
1668,581.910833,107.610090,1.000000
1669,579.986868,106.052129,1.000000
1670,579.579692,107.236932,1.000000
1671,580.047750,106.589041,1.000000
1672,581.403587,107.639387,1.000000
1673,580.568939,107.060806,1.000000
1674,581.484109,107.308915,1.000000
1675,580.210713,106.407247,1.000000
1676,578.785544,106.056791,1.000000
1677,578.496960,105.987029,1.000000
1678,580.224306,105.785821,1.000000
1679,580.149260,106.163289,1.000000
1680,579.719461,105.890173,1.000000
1681,580.635275,106.551875,1.000000
1682,578.760183,106.522444,1.000000
1683,580.014235,106.829577,1.000000
1684,581.817894,108.423595,1.000000
1685,580.017309,106.497246,1.000000
1686,580.040958,106.245750,1.000000
1687,580.871911,106.991763,1.000000
1688,581.864855,107.794262,1.000000
1689,579.173397,106.049485,1.000000
1690,580.450344,106.456837,1.000000
1691,580.220965,106.354072,1.000000
1692,580.244882,106.092126,1.000000
1693,579.565217,107.883495,1.000000
1694,579.612337,107.504493,1.000000
1695,580.412730,105.870697,1.000000
1696,581.197943,105.654670,1.000000
1697,580.265728,105.560017,1.000000
1698,584.335375,89.182236,1.000000
1699,579.681062,104.811410,1.000000
1700,579.000816,105.155791,1.000000
1701,578.242761,104.837763,1.000000
1702,578.261667,104.895493,1.000000
1703,577.902361,104.733894,1.000000
1704,578.664341,105.505814,1.000000
1705,578.971249,104.707759,1.000000
1706,578.128632,104.565385,1.000000
1707,578.907220,104.919643,1.000000
1708,579.137255,105.187675,1.000000
1709,581.816176,106.647426,1.000000
1710,581.175419,106.839422,1.000000
1711,579.325031,104.695386,1.000000
1712,578.899958,105.212121,1.000000
1713,581.156660,106.939165,1.000000
1714,580.986661,106.468027,1.000000
1715,580.948670,107.012739,1.000000
1716,578.979158,105.576353,1.000000
1717,578.686960,106.047133,1.000000
1718,578.431404,105.985431,1.000000
1719,579.360637,105.871894,1.000000
1720,578.845373,105.319016,1.000000
1721,578.576314,106.627606,1.000000
1722,579.015243,105.905736,1.000000
1723,579.113043,105.735573,1.000000
1724,579.290772,105.954256,1.000000
1725,579.636025,105.624017,1.000000
1726,580.101320,107.401979,1.000000
1727,580.270310,107.449532,1.000000
1728,580.963592,106.273058,1.000000
1729,581.855232,106.217152,1.000000
1730,583.637100,108.637100,1.000000
1731,582.021308,107.327103,1.000000
1732,582.032102,107.715192,1.000000
1733,580.982585,107.023220,1.000000
1734,580.683852,107.147848,1.000000
1735,580.803922,107.578023,1.000000
1736,579.135721,106.626437,1.000000
1737,578.605833,105.300833,1.000000
1738,578.593985,105.182122,1.000000
1739,578.037865,105.656022,1.000000
1740,576.757209,104.815814,1.000000
1741,579.207395,104.691033,1.000000
1742,577.563167,103.649911,1.000000
1743,579.773238,103.137854,1.000000
1744,579.464932,101.642700,1.000000
1745,578.977589,101.693859,1.000000
1746,577.166667,100.945092,1.000000
1747,578.097115,100.747115,1.000000
1748,577.471190,101.519517,1.000000
1749,577.570342,102.173954,1.000000
1750,578.630224,103.275996,1.000000
1751,578.521008,102.728621,1.000000
1752,579.818599,102.439950,1.000000
1753,579.463436,102.547815,1.000000
1754,580.276152,102.626773,1.000000
1755,580.872663,103.172752,1.000000
1756,580.280139,102.372073,1.000000
1757,580.466420,101.608152,1.000000
1758,580.669138,101.087118,1.000000
1759,579.949560,101.162425,1.000000
1760,580.646120,101.661641,1.000000
1761,580.491049,102.825661,1.000000
1762,579.953322,102.674096,1.000000
1763,579.863331,102.778806,1.000000
1764,580.206508,102.509387,1.000000
1765,580.145235,102.381190,1.000000
1766,578.849634,101.404567,1.000000
1767,580.082556,102.160448,1.000000
1768,580.986386,103.335529,1.000000
1769,579.947502,102.604996,1.000000
1770,580.505697,103.444347,1.000000
1771,581.756468,104.360164,1.000000
1772,579.940361,103.595128,1.000000
1773,578.460429,103.239178,1.000000
1774,578.667253,103.000879,1.000000
1775,578.272807,102.062719,1.000000
1776,578.543914,102.646901,1.000000
1777,579.975777,102.721034,1.000000
1778,580.898422,102.948199,1.000000
1779,578.006103,101.232394,1.000000
1780,580.591105,101.278929,1.000000
1781,578.776417,100.921995,1.000000
1782,578.826931,102.020285,1.000000
1783,580.333196,102.416907,1.000000
1784,580.670947,102.802970,1.000000
1785,579.830974,102.306411,1.000000
1786,579.935361,102.217153,1.000000
1787,578.675077,101.890217,1.000000
1788,579.796405,101.982023,1.000000
1789,579.829156,101.989557,1.000000
1790,580.038573,101.805475,1.000000
1791,579.877644,101.888843,1.000000
1792,579.437963,101.504136,1.000000
1793,578.010319,101.368327,1.000000
1794,578.766449,101.743791,1.000000
1795,578.757353,101.931661,1.000000
1796,578.978499,102.375211,1.000000
1797,578.987024,102.942474,1.000000
1798,578.970765,102.303095,1.000000
1799,579.185930,102.282663,1.000000
1800,579.002493,103.031990,1.000000
1801,580.027155,103.379378,1.000000
1802,579.753815,103.090763,1.000000
1803,579.735614,102.981087,1.000000
1804,579.337295,103.307377,1.000000
1805,579.326835,102.960597,1.000000
1806,577.682680,102.706919,1.000000
1807,580.420478,103.341157,1.000000
1808,579.619932,102.502956,1.000000
1809,578.872067,103.347056,1.000000
1810,579.476578,102.537678,1.000000
1811,580.163123,102.469269,1.000000
1812,579.254119,102.466639,1.000000
1813,578.855891,103.195795,1.000000
1814,579.011686,102.679048,1.000000
1815,579.617444,102.900609,1.000000
1816,579.444857,102.876497,1.000000
1817,579.205194,102.171562,1.000000
1818,578.783969,101.571796,1.000000
1819,579.469938,102.454023,1.000000
1820,579.303658,103.114588,1.000000
1821,579.044685,101.705857,1.000000
1822,579.107005,101.434895,1.000000
1823,580.057644,102.066834,1.000000
1824,579.206926,102.275338,1.000000
1825,579.251366,102.832703,1.000000
1826,579.395310,102.726549,1.000000
1827,579.569525,102.742714,1.000000
1828,578.836356,102.271589,1.000000
1829,580.036746,102.499174,1.000000
1830,579.991351,102.495470,1.000000
1831,579.296374,102.258853,1.000000
1832,579.401000,102.459358,1.000000
1833,579.258570,102.286077,1.000000
1834,578.748125,101.887075,1.000000
1835,578.523057,102.265261,1.000000
1836,578.679303,102.372549,1.000000
1837,579.529237,102.306356,1.000000
1838,579.524542,102.563644,1.000000
1839,579.401702,102.712766,1.000000
1840,579.737447,102.224681,1.000000
1841,579.830229,102.226080,1.000000
1842,579.705254,102.222127,1.000000
1843,579.318384,102.379218,1.000000
1844,578.952403,102.159112,1.000000
1845,578.998661,102.040161,1.000000
1846,579.884971,101.901343,1.000000
1847,580.027415,102.282581,1.000000
1848,580.069311,103.190061,1.000000
1849,581.615171,103.344718,1.000000
1850,580.296543,102.526447,1.000000
1851,580.153233,102.461377,1.000000
1852,579.998301,102.154630,1.000000
1853,579.331633,102.379252,1.000000
1854,579.472163,102.104547,1.000000
1855,579.249262,102.304935,1.000000
1856,579.505109,102.290093,1.000000
1857,579.505333,102.356000,1.000000
1858,579.318399,102.374511,1.000000
1859,578.689362,102.022979,1.000000
1860,580.395954,102.288192,1.000000
1861,578.804694,102.274579,1.000000
1862,578.232499,102.313534,1.000000
1863,579.942557,102.429207,1.000000
1864,579.679655,102.012715,1.000000
1865,579.720034,101.897260,1.000000
1866,579.797599,101.392796,1.000000
1867,578.938482,101.504363,1.000000
1868,579.583813,101.818817,1.000000
1869,578.577121,102.216795,1.000000
1870,578.731509,102.790509,1.000000
1871,579.256576,102.774903,1.000000
1872,580.030072,102.764507,1.000000
1873,579.938303,103.011140,1.000000
1874,579.812181,102.946763,1.000000
1875,579.564433,102.984107,1.000000
1876,579.257069,102.916024,1.000000
1877,579.418261,102.712174,1.000000
1878,580.211210,103.021933,1.000000
1879,579.282683,102.942699,1.000000
1880,579.040581,101.653140,1.000000
1881,578.778989,101.744115,1.000000
1882,579.769533,101.327804,1.000000
1883,580.426065,102.157059,1.000000
1884,580.528731,102.225300,1.000000
1885,580.497745,102.545715,1.000000
1886,580.939095,102.434979,1.000000
1887,579.758186,102.596558,1.000000
1888,579.916991,102.589710,1.000000
1889,579.745733,100.701532,1.000000
1890,579.781543,100.596968,1.000000
1891,579.087446,101.561905,1.000000
1892,578.855757,101.031760,1.000000
1893,579.570279,101.431837,1.000000
1894,578.640768,102.072457,1.000000
1895,579.392615,101.830645,1.000000
1896,579.239764,101.860279,1.000000
1897,579.955675,102.173985,1.000000
1898,580.042696,102.351193,1.000000
1899,579.856270,102.673860,1.000000
1900,579.669241,103.204633,1.000000
1901,579.142443,102.015735,1.000000
1902,579.930713,102.540519,1.000000
1903,579.813906,102.431902,1.000000
1904,579.006255,101.935780,1.000000
1905,579.351274,101.971652,1.000000
1906,579.011302,101.727082,1.000000
1907,579.390763,102.375502,1.000000
1908,579.154227,103.355876,1.000000
1909,581.068519,103.761705,1.000000
1910,579.601449,103.273349,1.000000
1911,579.315261,102.860643,1.000000
1912,579.409744,102.787540,1.000000
1913,579.815360,103.215678,1.000000
1914,580.502344,103.735938,1.000000
1915,580.590682,103.124759,1.000000
1916,580.220769,102.686088,1.000000
1917,580.005183,102.736842,1.000000
1918,580.215008,102.909409,1.000000
1919,580.411215,102.536604,1.000000
1920,580.806339,102.654813,1.000000
1921,580.157471,104.025775,1.000000
1922,580.585127,103.625440,1.000000
1923,578.917797,101.937288,1.000000
1924,580.576690,102.789559,1.000000
1925,580.335458,101.842629,1.000000
1926,579.185480,101.101133,1.000000
1927,580.049597,102.282661,1.000000
1928,580.032051,102.034054,1.000000
1929,580.168341,101.981519,1.000000
1930,579.910854,102.036731,1.000000
1931,579.343478,101.534348,1.000000
1932,578.798911,101.715842,1.000000
1933,580.213978,102.237705,1.000000
1934,579.230327,100.461538,1.000000
1935,579.293962,100.819304,1.000000
1936,579.184302,101.171726,1.000000
1937,580.534893,102.352965,1.000000
1938,579.058724,102.332911,1.000000
1939,579.329836,102.146454,1.000000
1940,579.435714,102.269748,1.000000
1941,579.469773,101.989505,1.000000
1942,580.724673,102.281863,1.000000
1943,580.288177,102.038998,1.000000
1944,579.644275,102.124208,1.000000
1945,580.177676,101.816472,1.000000
1946,580.490820,102.706650,1.000000
1947,580.582000,103.628000,1.000000
1948,580.538625,101.193124,1.000000
1949,580.384549,101.017167,1.000000
1950,580.723025,100.573917,1.000000
1951,580.051575,100.627567,1.000000
1952,579.885028,100.008151,1.000000
1953,579.996637,100.495166,1.000000
1954,579.828571,100.743271,1.000000
1955,580.791269,103.323131,1.000000
1956,574.849650,109.690909,1.000000
1957,580.314217,102.033253,1.000000
1958,580.380660,102.320283,1.000000
1959,580.547912,102.684029,1.000000
1960,580.359052,102.556732,1.000000
1961,580.531360,102.335675,1.000000
1962,580.919880,102.577867,1.000000
1963,580.991580,102.824170,1.000000
1964,580.720770,102.434139,1.000000
1965,580.956088,102.107285,1.000000
1966,580.382582,102.718371,1.000000
1967,580.382951,102.688604,1.000000
1968,581.515770,102.251855,1.000000
1969,581.538846,101.695593,1.000000
1970,581.161981,101.223561,1.000000
1971,580.624430,101.506381,1.000000
1972,580.783721,101.984651,1.000000
1973,580.637681,102.009818,1.000000
1974,582.646421,102.894143,1.000000
1975,581.767388,102.938738,1.000000
1976,581.705645,102.041219,1.000000
1977,581.492287,101.332123,1.000000
1978,581.454976,101.526066,1.000000
1979,581.711425,101.778334,1.000000
1980,581.165775,101.618984,1.000000
1981,580.921638,102.359751,1.000000
1982,581.007021,102.293111,1.000000
1983,581.397142,102.281940,1.000000
1984,580.412273,101.863636,1.000000
1985,581.688638,102.696878,1.000000
1986,581.748827,102.563753,1.000000
1987,581.789203,101.965296,1.000000
1988,580.628698,101.390287,1.000000
1989,580.494293,101.933275,1.000000
1990,580.237303,101.533713,1.000000
1991,579.868650,100.824714,1.000000
1992,580.742236,101.299468,1.000000
1993,580.573851,101.445337,1.000000
1994,579.986972,101.156334,1.000000
1995,580.638418,101.195386,1.000000
1996,580.261582,100.636874,1.000000
1997,581.152754,100.336489,1.000000
1998,579.927916,100.488423,1.000000
1999,581.527824,101.190199,1.000000
2000,580.812635,100.995673,1.000000
2001,581.109777,101.976415,1.000000
2002,581.156688,102.604246,1.000000
2003,580.358779,103.186599,1.000000
2004,580.705712,103.045944,1.000000
2005,580.650561,102.906816,1.000000
2006,580.388401,103.130053,1.000000
2007,580.274569,102.970690,1.000000
2008,581.016842,103.194526,1.000000
2009,581.148292,103.513619,1.000000
2010,581.302510,103.120921,1.000000
2011,581.211483,103.442792,1.000000
2012,580.735503,103.125574,1.000000
2013,582.446515,104.151945,1.000000
2014,582.970260,104.489880,1.000000
2015,582.333874,104.057942,1.000000
2016,582.504628,104.086117,1.000000
2017,582.990291,104.544498,1.000000
2018,583.180617,104.706848,1.000000
2019,582.592079,104.658218,1.000000
2020,582.872862,104.891135,1.000000
2021,582.872997,104.535365,1.000000
2022,583.127344,104.793359,1.000000
2023,582.921924,104.398659,1.000000
2024,582.424046,104.302290,1.000000
2025,580.850556,103.656995,1.000000
2026,581.772152,104.094745,1.000000
2027,581.719088,104.294049,1.000000
2028,581.165428,104.019163,1.000000
2029,582.318303,105.125334,1.000000
2030,581.500373,104.999627,1.000000
2031,580.518462,104.455000,1.000000
2032,580.971906,103.905130,1.000000
2033,581.037398,103.534553,1.000000
2034,580.973017,103.532298,1.000000
2035,581.631083,103.421115,1.000000
2036,580.855467,103.226644,1.000000
2037,580.862712,102.837712,1.000000
2038,580.763959,102.975888,1.000000
2039,581.258450,103.091921,1.000000
2040,581.279592,103.282041,1.000000
2041,581.803766,103.489540,1.000000
2042,581.595736,103.536789,1.000000
2043,581.104307,103.648649,1.000000
2044,581.222497,103.770911,1.000000
2045,582.611628,104.903101,1.000000
2046,582.661390,104.763320,1.000000
2047,581.588647,104.002879,1.000000
2048,581.796855,103.461538,1.000000
2049,582.086939,102.951880,1.000000
2050,582.783935,103.241409,1.000000
2051,582.406635,102.391323,1.000000
2052,581.758351,102.034273,1.000000
2053,581.905236,101.732583,1.000000
2054,582.046434,101.917910,1.000000
2055,581.700736,101.623214,1.000000
2056,581.828438,101.432524,1.000000
2057,581.452764,100.984763,1.000000
2058,581.389677,100.292043,1.000000
2059,580.697987,99.514094,1.000000
2060,580.864305,99.094756,1.000000
2061,580.808085,99.050200,1.000000
2062,581.028966,98.742069,1.000000
2063,581.125923,99.266609,1.000000
2064,580.774109,98.825369,1.000000
2065,580.629430,99.094213,1.000000
2066,580.369653,98.808195,1.000000
2067,580.292572,98.909873,1.000000
2068,579.795775,98.792019,1.000000
2069,579.854290,98.584203,1.000000
2070,579.745322,98.061159,1.000000
2071,579.310263,98.073986,1.000000
2072,579.000927,97.238647,1.000000
2073,579.357490,97.034047,1.000000
2074,580.251595,96.966272,1.000000
2075,579.358395,94.844557,1.000000
2076,579.327438,96.489962,1.000000
2077,579.724842,95.997083,1.000000
2078,579.836224,95.943160,1.000000
2079,580.027239,96.497643,1.000000
2080,580.135163,96.677369,1.000000
2081,579.935420,96.440636,1.000000
2082,579.440694,96.262295,1.000000
2083,579.844444,97.064775,1.000000
2084,579.714156,97.644970,1.000000
2085,580.026209,97.941708,1.000000
2086,579.980148,98.239612,1.000000
2087,580.971416,99.054042,1.000000
2088,581.094144,99.281532,1.000000
2089,581.234809,99.328993,1.000000
2090,580.301464,99.661025,1.000000
2091,580.639137,100.073205,1.000000
2092,581.382924,99.711945,1.000000
2093,581.000926,99.671144,1.000000
2094,580.403936,99.510778,1.000000
2095,580.239390,99.607058,1.000000
2096,581.005912,99.545248,1.000000
2097,580.984439,99.668650,1.000000
2098,581.154617,99.781359,1.000000
2099,581.371890,99.734177,1.000000
2100,580.649240,99.133155,1.000000
2101,580.775201,99.039251,1.000000
2102,581.291048,99.426001,1.000000
2103,581.556853,99.642023,1.000000
2104,580.940471,99.003110,1.000000
2105,581.377193,99.554386,1.000000
2106,581.754032,99.310932,1.000000
2107,581.592263,99.561138,1.000000
2108,581.616243,99.726015,1.000000
2109,581.109453,99.925373,1.000000
2110,581.019861,99.745035,1.000000
2111,581.231839,100.687444,1.000000
2112,580.864641,99.921271,1.000000
2113,581.648685,99.965671,1.000000
2114,581.553220,100.056798,1.000000
2115,581.035779,99.697464,1.000000
2116,579.906998,99.056433,1.000000
2117,580.475654,99.426510,1.000000
2118,581.015358,100.063624,1.000000
2119,579.815307,98.836847,1.000000
2120,580.589270,99.511434,1.000000
2121,580.518568,99.001768,1.000000
2122,580.151610,98.831395,1.000000
2123,579.959203,99.272601,1.000000
2124,580.026810,99.548257,1.000000
2125,580.178603,100.538904,1.000000
2126,580.805628,101.092208,1.000000
2127,580.639287,101.224250,1.000000
2128,581.121885,101.325782,1.000000
2129,580.792563,100.528226,1.000000
2130,581.115554,100.705185,1.000000
2131,581.317179,101.323237,1.000000
2132,582.141378,101.623593,1.000000
2133,581.635154,101.145939,1.000000
2134,580.320597,100.151515,1.000000
2135,580.581152,100.298866,1.000000
2136,580.898297,99.818548,1.000000
2137,580.559837,98.945603,1.000000
2138,580.381348,98.331487,1.000000
2139,580.505140,98.017290,1.000000
2140,579.541793,96.758308,1.000000
2141,579.517028,96.742002,1.000000
2142,580.837578,97.158097,1.000000
2143,580.858795,96.563855,1.000000
2144,580.733010,97.091748,1.000000
2145,580.575476,95.643869,1.000000
2146,580.413674,95.508608,1.000000
2147,580.250369,95.400394,1.000000
2148,580.424814,95.194541,1.000000
2149,580.134960,94.900398,1.000000
2150,580.244346,95.405113,1.000000
2151,579.655433,95.607646,1.000000
2152,578.750129,95.779434,1.000000
2153,580.554098,97.013583,1.000000
2154,581.019883,97.980117,1.000000
2155,580.909862,98.548416,1.000000
2156,581.100270,99.673112,1.000000
2157,581.112724,99.860376,1.000000
2158,581.294973,100.446199,1.000000
2159,580.967227,100.302941,1.000000
2160,580.344077,100.081882,1.000000
2161,580.797150,100.866723,1.000000
2162,579.407547,100.987002,1.000000
2163,579.199832,101.113113,1.000000
2164,579.263025,101.258824,1.000000
2165,579.083472,101.293605,1.000000
2166,578.772727,101.397727,1.000000
2167,578.427751,102.075122,1.000000
2168,579.498923,101.929341,1.000000
2169,578.890101,102.210151,1.000000
2170,578.820132,101.726073,1.000000
2171,578.707718,101.738085,1.000000
2172,578.241482,101.631175,1.000000
2173,578.726165,101.868963,1.000000
2174,578.708456,101.605806,1.000000
2175,578.691517,100.929306,1.000000
2176,579.370722,100.701031,1.000000
2177,578.628511,100.531064,1.000000
2178,580.055510,101.824898,1.000000
2179,580.187702,102.150485,1.000000
2180,578.719650,100.942011,1.000000
2181,578.728063,101.200745,1.000000
2182,579.169365,101.618099,1.000000
2183,579.022249,101.536812,1.000000
2184,580.287356,102.271899,1.000000
2185,579.163462,102.259615,1.000000
2186,578.971514,102.235969,1.000000
2187,578.645673,102.782776,1.000000
2188,578.700709,102.804085,1.000000
2189,580.037066,103.344128,1.000000
2190,579.158642,103.782557,1.000000
2191,578.972406,104.543723,1.000000
2192,579.421442,104.947758,1.000000
2193,580.752847,105.253480,1.000000
2194,579.209930,105.734558,1.000000
2195,579.264819,105.566205,1.000000
2196,579.164813,105.491263,1.000000
2197,578.728416,104.813076,1.000000
2198,579.746316,104.367184,1.000000
2199,578.726128,104.326696,1.000000
2200,578.167197,104.564889,1.000000
2201,577.728965,105.078713,1.000000
2202,577.605192,105.560248,1.000000
2203,577.508184,106.240319,1.000000
2204,578.300000,106.165769,1.000000
2205,578.151028,106.216822,1.000000
2206,576.927645,106.454188,1.000000
2207,577.125929,106.408291,1.000000
2208,577.739437,106.452660,1.000000
2209,577.238727,107.090565,1.000000
2210,577.377920,107.318764,1.000000
2211,576.702576,107.609290,1.000000
2212,577.005140,107.828391,1.000000
2213,577.262295,107.160422,1.000000
2214,576.719562,106.887581,1.000000
2215,576.802680,107.027609,1.000000
2216,577.292301,107.179498,1.000000
2217,577.145433,107.085849,1.000000
2218,577.072868,106.888372,1.000000
2219,576.780193,106.861111,1.000000
2220,577.043461,106.944179,1.000000
2221,576.886525,107.070134,1.000000
2222,576.938193,107.580032,1.000000
2223,576.875682,107.831255,1.000000
2224,576.451650,107.916117,1.000000
2225,576.791894,107.951286,1.000000
2226,576.124662,108.008105,1.000000
2227,576.375957,108.037519,1.000000
2228,576.145266,108.099272,1.000000
2229,576.587743,108.029692,1.000000
2230,576.735283,108.568804,1.000000
2231,576.919640,108.463763,1.000000
2232,576.276563,108.365171,1.000000
2233,577.145996,108.731099,1.000000
2234,576.503106,108.397127,1.000000
2235,576.484621,108.834385,1.000000
2236,576.640520,108.522665,1.000000
2237,576.539759,108.229317,1.000000
2238,576.806653,107.866528,1.000000
2239,577.166326,109.097262,1.000000
2240,577.190043,109.294745,1.000000
2241,576.787729,110.479040,1.000000
2242,577.301832,109.998535,1.000000
2243,578.042197,110.241242,1.000000
2244,578.893146,111.664964,1.000000
2245,578.062500,112.960526,1.000000
2246,578.396635,113.239583,1.000000
2247,577.886711,112.460212,1.000000
2248,578.136132,112.261671,1.000000
2249,578.091949,112.331492,1.000000
2250,578.096850,112.157480,1.000000
2251,578.310524,111.117247,1.000000
2252,578.342927,109.778679,1.000000
2253,576.696290,111.472390,1.000000
2254,576.679761,111.318104,1.000000
2255,575.439024,112.868845,1.000000
2256,579.300457,116.760941,1.000000
2257,576.680562,110.369460,1.000000
2258,576.775892,110.672324,1.000000
2259,576.308248,111.200680,1.000000
2260,576.689115,110.855993,1.000000
2261,577.370385,110.984751,1.000000
2262,577.509237,110.199197,1.000000
2263,577.342809,108.903428,1.000000
2264,577.931166,107.862331,1.000000
2265,578.151568,107.023084,1.000000
2266,578.372731,106.069942,1.000000
2267,577.633758,105.292994,1.000000
2268,577.674397,104.123048,1.000000
2269,580.154021,103.398910,1.000000
2270,580.539727,102.719793,1.000000
2271,580.893801,101.988467,1.000000
2272,578.272585,100.817232,1.000000
2273,578.935288,99.725664,1.000000
2274,579.387513,99.346609,1.000000
2275,579.332408,98.717536,1.000000
2276,578.774142,99.626913,1.000000
2277,578.926557,99.515168,1.000000
2278,578.481019,98.408216,1.000000
2279,578.589685,98.720917,1.000000
2280,577.841435,98.578704,1.000000
2281,578.848537,98.836489,1.000000
2282,578.660411,99.068622,1.000000
2283,578.117237,97.350444,1.000000
2284,577.337701,97.881477,1.000000
2285,578.580201,96.975564,1.000000
2286,579.372913,96.803340,1.000000
2287,579.436129,95.812258,1.000000
2288,582.806752,98.369034,1.000000
2289,578.991390,98.831488,1.000000
2290,581.651391,100.740862,1.000000
2291,580.018934,99.994021,1.000000
2292,577.602806,102.546202,1.000000
2293,577.037663,103.387253,1.000000
2294,577.049834,104.940674,1.000000
2295,576.520657,106.123005,1.000000
2296,576.446461,107.318966,1.000000
2297,578.449845,107.876712,1.000000
2298,577.298855,108.764307,1.000000
2299,576.863539,109.258849,1.000000
2300,574.564760,109.484861,1.000000
2301,575.263923,109.655771,1.000000
2302,574.898333,109.460350,1.000000
2303,575.570822,109.765342,1.000000
2304,575.684979,109.841337,1.000000
2305,575.756777,110.187476,1.000000
2306,576.160728,110.213788,1.000000
2307,575.902804,110.671776,1.000000
2308,576.995998,110.019608,1.000000
2309,576.501584,111.176564,1.000000
2310,576.459839,112.073092,1.000000
2311,576.284728,112.642748,1.000000
2312,576.118681,112.686447,1.000000
2313,576.572106,111.418017,1.000000
2314,577.471978,111.073659,1.000000
2315,577.136461,110.763753,1.000000
2316,576.545418,111.574338,1.000000
2317,576.494377,111.269055,1.000000
2318,576.703987,111.593637,1.000000
2319,576.466434,110.660458,1.000000
2320,576.973017,111.493459,1.000000
2321,577.176923,112.570445,1.000000
2322,577.288019,111.697459,1.000000
2323,577.324728,112.440500,1.000000
2324,576.993479,112.499425,1.000000
2325,576.908990,113.453566,1.000000
2326,576.829019,113.826832,1.000000
2327,576.719130,113.759676,1.000000
2328,576.685888,113.795903,1.000000
2329,578.010989,112.864103,1.000000
2330,577.946574,113.035617,1.000000
2331,578.715679,112.484621,1.000000
2332,577.515537,112.078622,1.000000
2333,577.295012,112.839439,1.000000
2334,577.622851,113.299580,1.000000
2335,578.426887,113.009041,1.000000
2336,578.548629,112.899737,1.000000
2337,578.629014,113.400831,1.000000
2338,579.521116,113.953997,1.000000
2339,578.927827,113.263765,1.000000
2340,578.725813,114.239006,1.000000
2341,580.166076,113.970963,1.000000
2342,579.166667,113.539863,1.000000
2343,579.345421,113.236636,1.000000
2344,579.432543,113.368050,1.000000
2345,579.809902,113.736538,1.000000
2346,579.613169,113.798354,1.000000
2347,579.693962,113.595849,1.000000
2348,579.610629,113.700716,1.000000
2349,579.707335,113.199410,1.000000
2350,579.631328,113.471020,1.000000
2351,579.881306,113.231083,1.000000
2352,580.134295,112.934517,1.000000
2353,580.715372,112.208167,1.000000
2354,580.834239,112.529503,1.000000
2355,581.019495,112.403287,1.000000
2356,581.237677,112.016049,1.000000
2357,580.947612,112.259630,1.000000
2358,580.934471,112.705312,1.000000
2359,581.055469,112.774244,1.000000
2360,581.305287,112.807520,1.000000
2361,581.414498,112.582528,1.000000
2362,581.143075,112.937810,1.000000
2363,581.201835,113.105887,1.000000
2364,581.037208,112.671270,1.000000
2365,581.011381,112.695751,1.000000
2366,581.461767,113.123608,1.000000
2367,581.015849,113.419245,1.000000
2368,581.206193,113.363671,1.000000
2369,581.309789,113.600384,1.000000
2370,581.276883,113.853503,1.000000
2371,581.835303,113.366322,1.000000
2372,581.791620,113.026326,1.000000
2373,582.060584,113.483931,1.000000
2374,581.794806,113.799927,1.000000
2375,582.616944,113.988052,1.000000
2376,582.596002,114.180309,1.000000
2377,581.800000,114.751685,1.000000
2378,582.537217,114.421072,1.000000
2379,581.819732,114.318462,1.000000
2380,583.093502,114.200361,1.000000
2381,583.122195,114.281083,1.000000
2382,583.403576,114.502454,1.000000
2383,581.436398,114.334100,1.000000
2384,582.488824,114.494687,1.000000
2385,583.366746,113.693317,1.000000
2386,582.631791,113.938693,1.000000
2387,582.884953,114.417093,1.000000
2388,582.558197,114.565649,1.000000
2389,582.479108,114.338881,1.000000
2390,582.681674,114.313401,1.000000
2391,582.554832,115.178429,1.000000
2392,581.939903,115.392311,1.000000
2393,582.101920,115.091581,1.000000
2394,582.084373,114.758621,1.000000
2395,582.809168,113.665245,1.000000
2396,583.381805,114.129961,1.000000
2397,582.263042,114.338354,1.000000
2398,582.338663,114.158067,1.000000
2399,582.383567,113.595264,1.000000
2400,582.223983,113.423118,1.000000
2401,581.592593,113.310721,1.000000
2402,581.920505,113.544577,1.000000
2403,582.356098,113.863039,1.000000
2404,582.333087,114.050703,1.000000
2405,581.198121,114.583007,1.000000
2406,581.864556,114.154140,1.000000
2407,582.046275,114.104214,1.000000
2408,581.605142,114.463929,1.000000
2409,581.798921,114.371726,1.000000
2410,581.778638,114.123839,1.000000
2411,581.711077,113.633041,1.000000
2412,582.734879,113.159000,1.000000
2413,581.940392,114.184746,1.000000
2414,581.835298,114.107590,1.000000
2415,581.538287,114.636741,1.000000
2416,581.566344,113.852224,1.000000
2417,581.501857,113.811293,1.000000
2418,581.612123,114.556713,1.000000
2419,582.128905,114.768402,1.000000
2420,582.123017,114.668312,1.000000
2421,581.985231,114.558357,1.000000
2422,581.201771,114.714496,1.000000
2423,581.421225,115.090810,1.000000
2424,580.949656,115.183991,1.000000
2425,580.796909,115.179912,1.000000
2426,581.281062,114.993628,1.000000
2427,581.400646,115.412841,1.000000
2428,581.534720,115.402890,1.000000
2429,581.220242,114.504633,1.000000
2430,581.219129,114.475732,1.000000
2431,581.069430,113.985831,1.000000
2432,581.048519,114.240100,1.000000
2433,581.427353,114.236945,1.000000
2434,581.336925,114.559626,1.000000
2435,581.492526,114.337951,1.000000
2436,580.795759,114.782366,1.000000
2437,580.822716,114.329086,1.000000
2438,581.006620,114.586981,1.000000
2439,581.882458,114.788139,1.000000
2440,581.578605,114.409107,1.000000
2441,582.275210,114.543067,1.000000
2442,581.836491,114.370526,1.000000
2443,580.833453,115.124009,1.000000
2444,580.685158,115.189199,1.000000
2445,581.936857,114.172272,1.000000
2446,581.016511,113.946159,1.000000
2447,581.228386,114.668228,1.000000
2448,581.185765,114.357651,1.000000
2449,580.676155,114.688725,1.000000
2450,580.834307,114.937591,1.000000
2451,580.671599,114.220137,1.000000
2452,580.817946,114.567668,1.000000
2453,580.963860,113.730394,1.000000
2454,580.644326,114.979817,1.000000
2455,581.043317,114.711588,1.000000
2456,580.516858,114.370508,1.000000
2457,580.377795,114.696097,1.000000
2458,580.421132,115.134717,1.000000
2459,581.437323,114.457861,1.000000
2460,580.937500,114.480853,1.000000
2461,581.206897,114.138283,1.000000
2462,581.835355,114.445061,1.000000
2463,581.730003,114.326231,1.000000
2464,581.518072,114.533664,1.000000
2465,581.150073,114.544331,1.000000
2466,580.599781,113.914474,1.000000
2467,581.107324,114.114213,1.000000
2468,581.167031,114.003647,1.000000
2469,580.909355,114.011965,1.000000
2470,581.003644,114.321064,1.000000
2471,581.021292,114.399495,1.000000
2472,581.051924,114.249160,1.000000
2473,581.337746,114.240072,1.000000
2474,581.189604,114.466343,1.000000
2475,580.077010,114.490751,1.000000
2476,579.919417,114.738296,1.000000
2477,579.842868,114.597635,1.000000
2478,580.042935,114.934973,1.000000
2479,579.468008,113.810463,1.000000
2480,580.723443,112.806227,1.000000
2481,581.091283,112.498691,1.000000
2482,581.149103,112.511211,1.000000
2483,581.066929,111.044882,1.000000
2484,580.809776,111.993937,1.000000
2485,579.876864,113.407266,1.000000
2486,580.924444,112.908889,1.000000
2487,581.561252,113.056751,1.000000
2488,581.763464,113.527293,1.000000
2489,581.611505,113.162495,1.000000
2490,581.261770,114.153672,1.000000
2491,581.542824,112.564043,1.000000
2492,582.318267,113.448588,1.000000
2493,582.367243,114.053417,1.000000
2494,582.115550,113.825695,1.000000
2495,581.847249,114.329742,1.000000
2496,581.458679,113.628312,1.000000
2497,581.372954,113.877631,1.000000
2498,581.451798,113.671002,1.000000
2499,581.619499,113.851669,1.000000
2500,581.382031,113.300113,1.000000
2501,581.586417,113.347196,1.000000
2502,581.488345,113.293084,1.000000
2503,581.596226,113.814717,1.000000
2504,581.559034,113.218408,1.000000
2505,581.982596,113.137056,1.000000
2506,581.897031,113.162345,1.000000
2507,581.699885,113.604078,1.000000
2508,581.675530,113.570328,1.000000
2509,581.796347,113.584143,1.000000
2510,583.082973,113.835137,1.000000
2511,581.778498,113.637438,1.000000
2512,582.293534,113.483101,1.000000
2513,582.235766,114.213139,1.000000
2514,581.857037,113.938730,1.000000
2515,581.539730,114.080960,1.000000
2516,582.238590,114.096475,1.000000
2517,581.979727,113.889421,1.000000
2518,580.540000,114.236154,1.000000
2519,580.187624,113.854026,1.000000
2520,580.562035,114.146380,1.000000
2521,581.959677,113.349340,1.000000
2522,582.083024,113.354337,1.000000
2523,581.909802,113.044353,1.000000
2524,580.502364,113.600867,1.000000
2525,581.706281,112.962016,1.000000
2526,581.516471,113.018175,1.000000
2527,581.708918,113.407970,1.000000
2528,582.086239,113.190101,1.000000
2529,581.787741,113.015513,1.000000
2530,581.639561,113.471634,1.000000
2531,580.759720,113.569207,1.000000
2532,581.925329,113.263543,1.000000
2533,580.574740,113.607114,1.000000
2534,581.674770,113.345120,1.000000
2535,581.556789,112.710692,1.000000
2536,582.260133,113.226971,1.000000
2537,581.954125,112.832778,1.000000
2538,582.430576,113.515108,1.000000
2539,581.407836,113.491791,1.000000
2540,582.425688,112.998899,1.000000
2541,581.579511,113.235474,1.000000
2542,581.598345,113.959383,1.000000
2543,581.713908,112.642857,1.000000
2544,580.668632,112.926101,1.000000
2545,581.485300,112.616266,1.000000
2546,581.750093,113.620881,1.000000
2547,581.376364,112.413248,1.000000
2548,581.919414,112.549084,1.000000
2549,582.037613,113.151537,1.000000
2550,581.196556,112.447024,1.000000
2551,580.972914,113.566631,1.000000
2552,581.560043,113.831031,1.000000
2553,579.800969,113.945583,1.000000
2554,579.725782,114.330849,1.000000
2555,579.655203,113.933899,1.000000
2556,579.466228,114.166228,1.000000
2557,579.447972,114.615961,1.000000
2558,581.090833,114.289739,1.000000
2559,579.424111,115.044232,1.000000
2560,579.553609,114.193575,1.000000
2561,579.797835,115.109524,1.000000
2562,580.415808,94.341924,1.000000
2563,580.938281,94.325781,1.000000
2564,578.922232,115.016011,1.000000
2565,579.130096,114.764086,1.000000
2566,579.835911,114.699742,1.000000
2567,578.531308,115.536916,1.000000
2568,580.276198,114.005280,1.000000
2569,580.460079,114.537274,1.000000
2570,580.772512,115.074537,1.000000
2571,580.668423,114.505067,1.000000
2572,580.331092,115.176050,1.000000
2573,579.634888,114.956592,1.000000
2574,581.557272,114.197438,1.000000
2575,581.569704,114.577882,1.000000
2576,580.599746,114.985176,1.000000
2577,580.119518,114.852537,1.000000
2578,579.379474,114.426046,1.000000
2579,579.521667,112.855138,1.000000
2580,579.045298,112.798965,1.000000
2581,579.190996,111.606639,1.000000
2582,579.470839,112.220519,1.000000
2583,579.333901,112.403322,1.000000
2584,579.168860,111.912719,1.000000
2585,580.280680,110.751658,1.000000
2586,579.285951,111.004559,1.000000
2587,579.060266,110.758105,1.000000
2588,578.747382,111.338919,1.000000
2589,579.048703,111.316168,1.000000
2590,579.113341,111.401023,1.000000
2591,579.041149,111.717003,1.000000
2592,578.435004,112.315975,1.000000
2593,578.406844,112.029996,1.000000
2594,578.399326,112.297810,1.000000
2595,578.216512,111.441449,1.000000
2596,578.756309,112.452731,1.000000
2597,579.049212,112.167628,1.000000
2598,579.403562,112.211065,1.000000
2599,579.736745,113.525405,1.000000
2600,579.579275,112.724643,1.000000
2601,579.303512,113.030684,1.000000
2602,579.132747,113.191660,1.000000
2603,578.999627,113.305856,1.000000
2604,578.967171,113.129473,1.000000
2605,578.604198,112.962214,1.000000
2606,578.381832,112.986143,1.000000
2607,578.481525,113.334889,1.000000
2608,578.510463,114.445815,1.000000
2609,578.653612,113.523954,1.000000
2610,577.873441,113.354365,1.000000
2611,577.728674,114.362724,1.000000
2612,577.202478,114.645664,1.000000
2613,578.191757,114.347538,1.000000
2614,578.191087,114.474510,1.000000
2615,577.201868,115.362428,1.000000
2616,577.368498,115.085122,1.000000
2617,577.790015,113.843750,1.000000
2618,578.444133,114.909282,1.000000
2619,578.493357,114.283303,1.000000
2620,578.008785,114.934301,1.000000
2621,578.643095,114.795631,1.000000
2622,577.847591,115.563691,1.000000
2623,578.092580,114.854417,1.000000
2624,578.100281,115.004926,1.000000
2625,577.730742,115.414916,1.000000
2626,577.940601,115.727463,1.000000
2627,578.328037,115.300847,1.000000
2628,577.969306,115.952912,1.000000
2629,577.908840,116.210290,1.000000
2630,577.918332,116.576154,1.000000
2631,577.850222,116.725009,1.000000
2632,578.009025,117.915654,1.000000
2633,578.176696,118.277913,1.000000
2634,578.123891,118.927986,1.000000
2635,578.330461,119.394100,1.000000
2636,576.345889,120.481710,1.000000
2637,575.877519,122.193994,1.000000
2638,577.040569,124.590391,1.000000
2639,577.151393,125.979106,1.000000
2640,579.155726,126.246508,1.000000
2641,578.685994,128.446385,1.000000
2642,578.858848,130.191613,1.000000
2643,579.901269,131.286319,1.000000
2644,579.682259,133.547817,1.000000
2645,579.682650,135.883968,1.000000
2646,579.317881,136.537528,1.000000
2647,579.172325,136.904428,1.000000
2648,578.618397,136.973772,1.000000
2649,578.281214,137.010113,1.000000
2650,578.104299,138.939813,1.000000
2651,578.552083,138.597222,1.000000
2652,579.241458,139.402430,1.000000
2653,579.977299,139.937668,1.000000
2654,579.980143,139.167196,1.000000
2655,580.195763,139.265202,1.000000
2656,580.396739,138.782997,1.000000
2657,580.599678,137.254128,1.000000
2658,580.296920,136.904723,1.000000
2659,580.258695,136.498242,1.000000
2660,580.703957,135.765601,1.000000
2661,579.763970,137.517932,1.000000
2662,580.792664,135.631274,1.000000
2663,580.629307,136.068515,1.000000
2664,581.074330,136.142567,1.000000
2665,580.341798,135.722289,1.000000
2666,580.250401,135.074119,1.000000
2667,580.335083,135.305208,1.000000
2668,580.353975,135.213744,1.000000
2669,580.262853,135.280634,1.000000
2670,580.596334,136.327902,1.000000
2671,580.457455,135.725689,1.000000
2672,580.016298,135.826995,1.000000
2673,580.910781,135.219331,1.000000
2674,580.633655,135.274557,1.000000
2675,580.792293,135.517534,1.000000
2676,580.350119,136.311657,1.000000
2677,580.520449,136.618284,1.000000
2678,580.620800,136.075200,1.000000
2679,580.830824,134.770602,1.000000
2680,580.839546,134.704214,1.000000
2681,580.540735,134.248003,1.000000
2682,580.445755,135.556997,1.000000
2683,580.556669,136.355821,1.000000
2684,580.634786,136.639028,1.000000
2685,580.897874,136.417995,1.000000
2686,581.084190,135.722925,1.000000
2687,581.196588,136.144630,1.000000
2688,580.930223,135.579716,1.000000
2689,581.132674,135.146271,1.000000
2690,581.076023,135.202172,1.000000
2691,579.111478,137.653592,1.000000
2692,580.335476,135.480112,1.000000
2693,580.619189,134.480981,1.000000
2694,579.640913,135.710969,1.000000
2695,580.390024,135.678712,1.000000
2696,580.146110,136.251992,1.000000
2697,580.272828,135.990388,1.000000
2698,580.339177,136.064024,1.000000
2699,580.416795,135.895609,1.000000
2700,580.590440,135.526195,1.000000
2701,580.705681,135.559283,1.000000
2702,580.738222,135.568769,1.000000
2703,580.937216,136.001135,1.000000
2704,580.877398,135.597217,1.000000
2705,580.759393,135.465655,1.000000
2706,580.760409,135.390613,1.000000
2707,580.616748,136.139947,1.000000
2708,580.652656,136.149026,1.000000
2709,580.155662,135.753965,1.000000
2710,581.065096,135.551118,1.000000
2711,580.946320,135.127694,1.000000
2712,580.294466,136.195257,1.000000
2713,580.505255,135.638381,1.000000
2714,580.447994,135.617063,1.000000
2715,580.371795,135.756799,1.000000
2716,580.157385,136.130347,1.000000
2717,580.847222,135.578431,1.000000
2718,581.304593,135.092264,1.000000
2719,580.982485,134.775153,1.000000
2720,581.504923,134.852304,1.000000
2721,581.022873,134.971910,1.000000
2722,580.866279,135.517442,1.000000
2723,580.900200,135.770060,1.000000
2724,580.906174,135.631194,1.000000
2725,580.719012,136.156616,1.000000
2726,581.035904,135.785802,1.000000
2727,580.608762,136.810667,1.000000
2728,578.317739,145.439571,1.000000
2729,580.327476,136.546725,1.000000
2730,580.895012,135.466613,1.000000
2731,580.581203,135.180889,1.000000
2732,580.677627,135.037037,1.000000
2733,580.392929,136.298112,1.000000
2734,580.672893,136.334261,1.000000
2735,580.574303,136.427245,1.000000
2736,580.308915,136.537597,1.000000
2737,579.657925,136.221751,1.000000
2738,580.625095,135.542334,1.000000
2739,580.445586,135.678843,1.000000
2740,580.221628,135.885747,1.000000
2741,580.780934,135.816732,1.000000
2742,580.597217,136.204097,1.000000
2743,580.774680,135.695931,1.000000
2744,580.366792,136.424151,1.000000
2745,580.148537,136.992873,1.000000
2746,580.544246,137.354349,1.000000
2747,580.638330,136.993661,1.000000
2748,580.670342,137.829658,1.000000
2749,580.627504,136.831664,1.000000
2750,580.783352,136.895857,1.000000
2751,578.803898,140.076736,1.000000
2752,578.881944,139.750000,1.000000
2753,580.232031,137.879297,1.000000
2754,579.875441,137.905993,1.000000
2755,580.103368,137.435927,1.000000
2756,580.073227,137.522666,1.000000
2757,579.829278,137.769047,1.000000
2758,580.043224,137.990265,1.000000
2759,580.195084,137.129536,1.000000
2760,580.021451,137.281201,1.000000
2761,579.890485,137.714175,1.000000
2762,579.784113,137.170271,1.000000
2763,579.846391,137.887688,1.000000
2764,580.150690,136.678501,1.000000
2765,579.797493,137.212691,1.000000
2766,579.752258,137.266981,1.000000
2767,579.592063,137.161905,1.000000
2768,579.689532,137.249802,1.000000
2769,580.094239,137.150706,1.000000
2770,580.290944,137.016570,1.000000
2771,579.905385,136.678846,1.000000
2772,580.191294,137.567774,1.000000
2773,580.679054,137.230856,1.000000
2774,580.780551,137.450820,1.000000
2775,581.128148,136.950370,1.000000
2776,579.919101,137.459551,1.000000
2777,579.619318,137.629924,1.000000
2778,579.291852,138.311481,1.000000
2779,579.119788,138.134193,1.000000
2780,579.350392,137.831528,1.000000
2781,578.741813,138.798553,1.000000
2782,579.219231,138.431923,1.000000
2783,578.996381,138.764375,1.000000
2784,579.008430,138.647130,1.000000
2785,579.139992,138.806921,1.000000
2786,579.015397,139.457165,1.000000
2787,579.768037,138.176106,1.000000
2788,579.518404,138.385509,1.000000
2789,579.417940,138.595378,1.000000
2790,580.365304,137.262132,1.000000
2791,580.488705,136.899473,1.000000
2792,578.795113,138.458271,1.000000
2793,580.274894,136.852749,1.000000
2794,579.180187,138.124805,1.000000
2795,578.988475,138.459086,1.000000
2796,578.808812,139.030268,1.000000
2797,578.891238,138.350115,1.000000
2798,578.784038,138.887324,1.000000
2799,579.022188,137.898793,1.000000
2800,578.978840,138.316223,1.000000
2801,578.898789,138.500586,1.000000
2802,579.034620,138.019897,1.000000
2803,578.470899,138.457294,1.000000
2804,579.143255,137.620374,1.000000
2805,579.243711,136.917113,1.000000
2806,579.347262,137.621095,1.000000
2807,578.532299,138.912752,1.000000
2808,578.608119,139.228698,1.000000
2809,579.456329,136.692959,1.000000
2810,578.270402,138.290296,1.000000
2811,578.320570,138.292872,1.000000
2812,579.161604,137.941677,1.000000
2813,579.015067,137.707772,1.000000
2814,578.877347,137.838548,1.000000
2815,579.319818,137.457592,1.000000
2816,579.103503,137.405653,1.000000
2817,579.150546,136.370700,1.000000
2818,579.629568,136.091777,1.000000
2819,579.598679,136.706854,1.000000
2820,579.632165,136.682474,1.000000
2821,579.488085,136.345111,1.000000
2822,579.753384,135.783418,1.000000
2823,580.033193,135.244958,1.000000
2824,579.794583,134.915833,1.000000
2825,579.776500,134.979047,1.000000
2826,579.541858,135.389005,1.000000
2827,579.597853,136.385219,1.000000
2828,579.731459,136.457620,1.000000
2829,579.474508,136.816540,1.000000
2830,578.663990,137.926881,1.000000
2831,579.786623,136.572425,1.000000
2832,579.688525,136.410236,1.000000
2833,579.675835,137.324558,1.000000
2834,579.683958,136.440543,1.000000
2835,581.315234,134.739819,1.000000
2836,581.067158,134.641693,1.000000
2837,580.065759,134.588327,1.000000
2838,580.570943,135.136226,1.000000
2839,581.269809,135.054856,1.000000
2840,580.087623,135.759921,1.000000
2841,580.506944,136.630015,1.000000
2842,579.771123,136.771519,1.000000
2843,579.820901,136.824093,1.000000
2844,579.821846,136.704555,1.000000
2845,580.449043,135.759469,1.000000
2846,579.300764,136.867712,1.000000
2847,578.952854,138.480976,1.000000
2848,580.420295,136.164463,1.000000
2849,578.964152,136.947895,1.000000
2850,578.982836,137.694728,1.000000
2851,579.947222,136.726190,1.000000
2852,580.234277,136.268475,1.000000
2853,578.965674,137.916873,1.000000
2854,579.840333,137.038431,1.000000
2855,578.354626,149.658590,1.000000
2856,578.786135,149.962067,1.000000
2857,579.317199,137.682331,1.000000
2858,579.526547,136.757789,1.000000
2859,579.438950,136.781619,1.000000
2860,578.709885,137.791724,1.000000
2861,578.856567,138.551771,1.000000
2862,580.024062,136.565253,1.000000
2863,579.874640,117.442363,1.000000
2864,579.645229,136.988651,1.000000
2865,579.404071,137.868774,1.000000
2866,580.029621,136.609400,1.000000
2867,579.522855,137.085806,1.000000
2868,579.215014,136.609139,1.000000
2869,579.287693,137.108429,1.000000
2870,579.618513,136.256390,1.000000
2871,580.114058,136.777567,1.000000
2872,580.647500,136.372500,1.000000
2873,580.777096,136.160736,1.000000
2874,581.537260,135.582131,1.000000
2875,580.626618,136.046521,1.000000
2876,580.424380,137.049587,1.000000
2877,580.654524,136.320657,1.000000
2878,580.674656,134.256974,1.000000
2879,581.345462,134.282502,1.000000
2880,581.049373,135.127479,1.000000
2881,580.498068,135.615920,1.000000
2882,580.700861,135.846499,1.000000
2883,580.562930,136.750708,1.000000
2884,580.227311,137.591176,1.000000
2885,580.005261,137.557650,1.000000
2886,580.442575,137.246529,1.000000
2887,581.158498,136.343478,1.000000
2888,581.034156,135.872865,1.000000
2889,580.600541,136.746326,1.000000
2890,580.556291,136.478379,1.000000
2891,581.156603,136.069731,1.000000
2892,581.095164,135.747776,1.000000
2893,579.835407,136.786030,1.000000
2894,579.701655,138.008882,1.000000
2895,579.796944,137.917571,1.000000
2896,579.551012,138.427909,1.000000
2897,579.517938,138.275052,1.000000
2898,579.548947,138.488641,1.000000
2899,579.308399,138.041789,1.000000
2900,581.200232,136.087916,1.000000
2901,580.020985,136.720743,1.000000
2902,579.345470,137.547373,1.000000
2903,580.358130,137.283740,1.000000
2904,580.224349,137.158795,1.000000
2905,580.676374,136.607875,1.000000
2906,580.402744,136.661824,1.000000
2907,581.576475,135.769022,1.000000
2908,580.360404,136.549495,1.000000
2909,580.288501,137.834786,1.000000
2910,581.136345,136.837372,1.000000
2911,582.183465,136.248819,1.000000
2912,581.765109,136.379936,1.000000
2913,580.786503,135.667485,1.000000
2914,581.253394,136.184286,1.000000
2915,581.132657,135.767546,1.000000
2916,580.705375,135.672421,1.000000
2917,580.584469,136.452705,1.000000
2918,580.446515,136.417342,1.000000
2919,580.614545,136.094545,1.000000
2920,580.778175,135.811905,1.000000
2921,580.347509,136.174160,1.000000
2922,580.260599,135.354115,1.000000
2923,579.984799,136.446179,1.000000
2924,580.415826,136.387122,1.000000
2925,580.641864,136.521233,1.000000
2926,580.692338,136.842085,1.000000
2927,580.846626,136.598773,1.000000
2928,580.815725,136.815315,1.000000
2929,580.214091,137.642663,1.000000
2930,580.999603,136.250000,1.000000
2931,581.374597,136.467339,1.000000
2932,580.196918,135.922517,1.000000
2933,580.730752,136.179059,1.000000
2934,580.260482,136.139607,1.000000
2935,580.704408,136.187554,1.000000
2936,580.928932,136.311606,1.000000
2937,580.451838,136.272727,1.000000
2938,580.558883,135.768110,1.000000
2939,579.971280,137.014360,1.000000
2940,580.352590,136.579681,1.000000
2941,580.314201,137.076105,1.000000
2942,580.373765,136.714342,1.000000
2943,580.638802,136.330482,1.000000
2944,580.809363,136.544074,1.000000
2945,580.394189,137.357676,1.000000
2946,580.351692,137.709284,1.000000
2947,580.138357,137.198166,1.000000
2948,580.621774,136.541935,1.000000
2949,580.978180,136.650062,1.000000
2950,580.457109,136.281629,1.000000
2951,581.296565,135.780534,1.000000
2952,580.571098,135.991137,1.000000
2953,581.176495,136.291070,1.000000
2954,581.146952,135.842148,1.000000
2955,580.354538,136.130721,1.000000
2956,580.751855,136.648805,1.000000
2957,580.606883,136.242830,1.000000
2958,580.249417,136.810023,1.000000
2959,580.970233,136.411907,1.000000
2960,580.248945,136.347142,1.000000
2961,580.008969,156.144993,1.000000
2962,580.330736,135.943903,1.000000
2963,580.492616,136.294207,1.000000
2964,580.319354,136.351289,1.000000
2965,580.165873,136.849603,1.000000
2966,580.278020,136.773069,1.000000
2967,580.189211,136.314010,1.000000
2968,580.273057,136.735803,1.000000
2969,580.857310,137.182565,1.000000
2970,580.631788,137.008720,1.000000
2971,581.155598,136.477040,1.000000
2972,579.817682,136.906876,1.000000
2973,580.080306,137.238623,1.000000
2974,580.062404,137.272971,1.000000
2975,579.573861,138.140198,1.000000
2976,580.095978,137.085225,1.000000
2977,579.966981,137.479167,1.000000
2978,580.026859,137.132736,1.000000
2979,580.086687,137.268576,1.000000
2980,580.349829,136.778455,1.000000
2981,579.744534,137.546559,1.000000
2982,580.320508,137.282849,1.000000
2983,579.920097,137.127119,1.000000
2984,579.689089,137.290812,1.000000
2985,580.258848,137.493004,1.000000
2986,580.352215,137.578790,1.000000
2987,580.697714,137.820914,1.000000
2988,580.758811,136.692994,1.000000
2989,581.841319,134.885013,1.000000
2990,581.701695,135.341620,1.000000
2991,581.173705,135.359363,1.000000
2992,581.561666,136.182370,1.000000
2993,579.749275,137.051388,1.000000
2994,579.517375,136.399399,1.000000
2995,579.051759,138.120501,1.000000
2996,579.041819,137.791311,1.000000
2997,579.295377,137.544092,1.000000
2998,580.437825,136.800880,1.000000
2999,581.051231,135.450755,1.000000
3000,580.819200,136.190400,1.000000
3001,581.865314,134.201623,1.000000
3002,581.121298,135.249493,1.000000
3003,580.965189,135.109822,1.000000
3004,580.754986,135.306471,1.000000
3005,580.671642,134.448176,1.000000
3006,581.695107,133.517994,1.000000
3007,580.896072,134.970131,1.000000
3008,580.923957,135.350368,1.000000
3009,581.331203,135.246504,1.000000
3010,581.077148,135.299416,1.000000
3011,581.130221,134.412367,1.000000
3012,580.659241,135.126238,1.000000
3013,580.696590,134.731870,1.000000
3014,580.349012,134.869170,1.000000
3015,581.232955,133.200081,1.000000
3016,581.823089,133.910954,1.000000
3017,581.273274,133.818218,1.000000
3018,581.018616,133.980979,1.000000
3019,581.142626,134.412885,1.000000
3020,580.932708,134.921697,1.000000
3021,580.443882,133.505907,1.000000
3022,580.718842,132.913554,1.000000
3023,581.057005,134.142513,1.000000
3024,580.806167,133.531037,1.000000
3025,580.782609,134.042282,1.000000
3026,581.130452,134.619066,1.000000
3027,580.207787,135.027049,1.000000
3028,580.143958,136.181671,1.000000
3029,580.645149,134.621085,1.000000
3030,579.927331,135.897860,1.000000
3031,579.934692,135.257072,1.000000
3032,580.241988,134.824569,1.000000
3033,581.177689,133.204781,1.000000
3034,580.834595,133.399362,1.000000
3035,580.655533,134.092555,1.000000
3036,580.556623,134.052821,1.000000
3037,580.760513,134.742891,1.000000
3038,580.119819,135.890731,1.000000
3039,580.680610,135.467553,1.000000
3040,580.544135,135.350333,1.000000
3041,580.444444,134.954776,1.000000
3042,581.226682,134.514908,1.000000
3043,581.300912,134.036854,1.000000
3044,581.203676,134.638785,1.000000
3045,580.946788,134.950209,1.000000
3046,580.138878,135.582984,1.000000
3047,580.258710,136.910675,1.000000
3048,580.023711,136.211517,1.000000
3049,580.420879,136.599634,1.000000
3050,580.374017,135.559341,1.000000
3051,580.633959,134.261403,1.000000
3052,579.308765,136.133068,1.000000
3053,580.715926,133.828484,1.000000
3054,580.429903,134.078058,1.000000
3055,581.244385,133.740769,1.000000
3056,580.421412,134.537206,1.000000
3057,580.806765,134.592924,1.000000
3058,580.758004,135.507818,1.000000
3059,580.748697,135.689129,1.000000
3060,580.891337,135.497760,1.000000
3061,581.041480,135.338565,1.000000
3062,580.830639,135.242109,1.000000
3063,580.936826,133.970724,1.000000
3064,581.103607,133.551420,1.000000
3065,580.829081,133.279465,1.000000
3066,579.907301,135.005332,1.000000
3067,579.829258,134.976378,1.000000
3068,579.671063,135.194559,1.000000
3069,579.536678,134.867201,1.000000
3070,579.545305,135.331549,1.000000
3071,579.330824,135.752405,1.000000
3072,579.425041,135.608185,1.000000
3073,581.116288,133.534091,1.000000
3074,581.206936,133.884659,1.000000
3075,581.112241,133.624859,1.000000
3076,579.935791,134.869097,1.000000
3077,580.224560,135.581484,1.000000
3078,580.216112,135.703718,1.000000
3079,579.961161,135.571989,1.000000
3080,580.062915,135.182884,1.000000
3081,579.874487,134.984003,1.000000
3082,580.360723,134.127773,1.000000
3083,580.085072,134.251534,1.000000
3084,580.118015,134.892410,1.000000
3085,580.222269,134.774790,1.000000
3086,579.845444,135.405460,1.000000
3087,580.102705,135.868287,1.000000
3088,580.122227,136.389257,1.000000
3089,580.429730,135.722780,1.000000
3090,580.113566,136.285271,1.000000
3091,581.120811,134.878775,1.000000
3092,580.638725,134.919717,1.000000
3093,580.885502,134.758499,1.000000
3094,580.090836,135.207283,1.000000
3095,580.068666,136.122731,1.000000
3096,580.859357,135.402557,1.000000
3097,580.806765,136.005054,1.000000
3098,581.327402,134.326216,1.000000
3099,580.380821,135.190608,1.000000
3100,580.854644,134.259619,1.000000
3101,580.933597,134.963636,1.000000
3102,580.937525,135.219454,1.000000
3103,580.295326,136.170427,1.000000
3104,580.846698,136.243711,1.000000
3105,581.260514,136.080218,1.000000
3106,580.723331,136.611282,1.000000
3107,580.257063,136.206128,1.000000
3108,579.943718,135.343639,1.000000
3109,580.223520,134.047926,1.000000
3110,580.436162,133.814433,1.000000
3111,580.617413,133.178317,1.000000
3112,580.145833,133.417075,1.000000
3113,580.223200,133.238000,1.000000
3114,580.589577,132.856270,1.000000
3115,580.120230,133.294625,1.000000
3116,580.092042,134.098071,1.000000
3117,579.137414,136.230239,1.000000
3118,580.125398,135.231290,1.000000
3119,580.503870,135.014257,1.000000
3120,579.661421,135.767554,1.000000
3121,579.606578,136.121149,1.000000
3122,579.633619,135.850673,1.000000
3123,579.832524,135.046926,1.000000
3124,579.316867,135.964257,1.000000
3125,579.540625,135.948047,1.000000
3126,579.620955,135.799353,1.000000
3127,580.360360,134.731688,1.000000
3128,580.751120,133.679430,1.000000
3129,580.234308,133.603119,1.000000
3130,580.019268,133.815800,1.000000
3131,579.292320,134.791717,1.000000
3132,579.309916,134.869932,1.000000
3133,579.474118,134.838824,1.000000
3134,579.827029,134.425138,1.000000
3135,581.088944,132.805071,1.000000
3136,580.313725,133.045316,1.000000
3137,579.145652,134.115217,1.000000
3138,580.121572,132.818256,1.000000
3139,579.885487,132.048658,1.000000
3140,579.104710,132.512195,1.000000
3141,579.667754,131.764370,1.000000
3142,579.874337,132.129335,1.000000
3143,580.480665,131.906445,1.000000
3144,579.773663,131.820576,1.000000
3145,579.555692,132.432842,1.000000
3146,579.862730,132.315213,1.000000
3147,578.930251,132.841444,1.000000
3148,578.960049,132.995058,1.000000
3149,579.571608,131.295616,1.000000
3150,578.700706,132.064757,1.000000
3151,579.357321,131.683860,1.000000
3152,579.280796,131.152219,1.000000
3153,579.734786,131.043586,1.000000
3154,579.848804,130.287799,1.000000
3155,577.435897,131.628836,1.000000
3156,577.178317,131.354960,1.000000
3157,577.692816,131.533856,1.000000
3158,577.547247,131.520131,1.000000
3159,577.486631,132.955574,1.000000
3160,577.463415,132.878890,1.000000
3161,577.695689,132.271447,1.000000
3162,577.326166,132.498174,1.000000
3163,577.013449,132.179610,1.000000
3164,577.478314,132.629915,1.000000
3165,577.603499,131.748855,1.000000
3166,577.908632,131.591158,1.000000
3167,578.126277,131.420924,1.000000
3168,578.183799,131.564556,1.000000
3169,578.079967,131.498542,1.000000
3170,578.678485,131.621273,1.000000
3171,578.264598,131.054308,1.000000
3172,578.658065,131.032661,1.000000
3173,578.576541,131.613917,1.000000
3174,578.927697,131.323192,1.000000
3175,578.631845,131.434709,1.000000
3176,578.548536,131.584100,1.000000
3177,578.728868,132.826555,1.000000
3178,578.372738,131.912746,1.000000
3179,578.361667,132.127912,1.000000
3180,578.513314,131.410078,1.000000
3181,578.516023,131.458915,1.000000
3182,578.634400,131.296800,1.000000
3183,578.511750,131.361021,1.000000
3184,578.249899,132.141529,1.000000
3185,578.382797,132.365675,1.000000
3186,578.414699,132.245434,1.000000
3187,578.764277,131.411765,1.000000
3188,577.884331,132.472518,1.000000
3189,578.486194,131.784314,1.000000
3190,578.444399,131.990260,1.000000
3191,578.450021,132.633484,1.000000
3192,578.245753,132.310549,1.000000
3193,578.549780,131.425430,1.000000
3194,577.845539,131.010101,1.000000
3195,578.301468,130.532075,1.000000
3196,578.397779,130.826820,1.000000
3197,578.101990,131.118159,1.000000
3198,577.866162,131.098485,1.000000
3199,578.213930,131.337479,1.000000
3200,578.082315,132.079055,1.000000
3201,578.556592,131.319675,1.000000
3202,578.468068,131.653070,1.000000
3203,578.644211,131.385639,1.000000
3204,578.638911,130.844676,1.000000
3205,577.249372,131.857741,1.000000
3206,578.375000,130.939873,1.000000
3207,578.709171,130.376106,1.000000
3208,578.709188,129.186628,1.000000
3209,578.400318,130.219260,1.000000
3210,578.368121,130.374236,1.000000
3211,578.171145,129.996279,1.000000
3212,578.074432,130.036585,1.000000
3213,578.371548,129.957322,1.000000
3214,578.945914,130.856297,1.000000
3215,578.488146,129.642676,1.000000
3216,578.669411,130.349938,1.000000
3217,579.051199,130.687119,1.000000
3218,578.799206,131.002381,1.000000
3219,579.198857,129.901592,1.000000
3220,579.539574,129.869827,1.000000
3221,578.687634,129.459991,1.000000
3222,579.197541,129.455738,1.000000
3223,578.867239,130.141748,1.000000
3224,579.287952,129.511647,1.000000
3225,579.903629,129.602809,1.000000
3226,578.996772,130.197740,1.000000
3227,579.063454,129.965863,1.000000
3228,577.402362,132.208351,1.000000
3229,577.169915,132.186017,1.000000
3230,577.189677,132.729032,1.000000
3231,577.397021,132.848936,1.000000
3232,577.728499,132.689713,1.000000
3233,579.182212,131.665092,1.000000
3234,578.784937,129.943933,1.000000
3235,578.006650,130.512469,1.000000
3236,578.073079,131.098698,1.000000
3237,578.784666,130.568923,1.000000
3238,578.662391,130.870914,1.000000
3239,578.961461,130.645524,1.000000
3240,577.401263,131.503158,1.000000
3241,578.789580,130.209612,1.000000
3242,578.648229,129.916832,1.000000
3243,578.331368,129.836211,1.000000
3244,577.611718,129.277219,1.000000
3245,577.826526,128.301713,1.000000
3246,578.126130,128.679724,1.000000
3247,578.172473,128.803441,1.000000
3248,578.819416,129.042781,1.000000
3249,578.558409,129.037697,1.000000
3250,577.949576,129.325847,1.000000
3251,577.863349,129.752003,1.000000
3252,578.352486,128.985330,1.000000
3253,578.104037,129.119018,1.000000
3254,578.342963,128.661577,1.000000
3255,578.525866,129.008147,1.000000
3256,578.478439,129.058316,1.000000
3257,578.565784,128.685162,1.000000
3258,579.068397,128.803873,1.000000
3259,578.636326,128.486140,1.000000
3260,578.352361,128.909240,1.000000
3261,578.646798,129.668949,1.000000
3262,578.120017,129.898219,1.000000
3263,577.793972,131.094963,1.000000
3264,578.309688,130.474666,1.000000
3265,577.027557,129.831315,1.000000
3266,577.380363,129.665842,1.000000
3267,577.896329,129.680516,1.000000
3268,578.283540,129.286344,1.000000
3269,578.207047,129.883610,1.000000
3270,577.422052,130.313005,1.000000
3271,578.054487,129.487179,1.000000
3272,578.054789,129.302760,1.000000
3273,578.070248,128.943388,1.000000
3274,577.516048,130.118383,1.000000
3275,577.621048,131.295718,1.000000
3276,577.209644,130.663261,1.000000
3277,577.247737,130.319753,1.000000
3278,578.541053,130.230829,1.000000
3279,577.918006,129.628617,1.000000
3280,578.064246,129.442937,1.000000
3281,577.053406,130.461312,1.000000
3282,577.332238,131.004107,1.000000
3283,577.066612,130.584609,1.000000
3284,577.948290,129.313111,1.000000
3285,578.157336,129.178995,1.000000
3286,578.443337,128.947281,1.000000
3287,578.375000,130.232086,1.000000
3288,578.763484,128.768678,1.000000
3289,578.216238,129.319869,1.000000
3290,577.561821,129.736007,1.000000
3291,578.250606,129.401374,1.000000
3292,577.544226,130.328419,1.000000
3293,578.096800,129.855407,1.000000
3294,576.995876,130.783918,1.000000
3295,577.040866,130.010217,1.000000
3296,577.804357,129.928197,1.000000
3297,578.447190,130.035871,1.000000
3298,578.150080,131.029695,1.000000
3299,577.920648,130.140891,1.000000
3300,578.043974,130.316775,1.000000
3301,578.521053,129.413765,1.000000
3302,578.305242,129.886290,1.000000
3303,577.909415,130.045491,1.000000
3304,577.344630,130.145365,1.000000
3305,578.287829,129.494243,1.000000
3306,577.585334,130.298456,1.000000
3307,577.475389,130.373057,1.000000
3308,577.903132,129.953653,1.000000
3309,578.977246,128.946507,1.000000
3310,578.856381,129.585556,1.000000
3311,579.210419,128.258445,1.000000
3312,578.796342,128.564838,1.000000
3313,578.776829,128.647967,1.000000
3314,578.676649,128.216512,1.000000
3315,578.978631,130.049466,1.000000
3316,579.578155,129.322269,1.000000
3317,578.917009,129.458915,1.000000
3318,578.874500,129.093125,1.000000
3319,578.997182,129.263688,1.000000
3320,579.094422,130.129482,1.000000
3321,579.090402,130.104341,1.000000
3322,579.231712,129.802689,1.000000
3323,579.270024,130.049960,1.000000
3324,579.027170,129.633009,1.000000
3325,578.114510,129.809839,1.000000
3326,578.592349,129.408474,1.000000
3327,578.335045,128.977321,1.000000
3328,578.326479,129.171213,1.000000
3329,578.248421,128.906105,1.000000
3330,578.552545,129.883005,1.000000
3331,578.152918,131.088934,1.000000
3332,578.186343,129.635952,1.000000
3333,578.842570,130.397992,1.000000
3334,578.360804,129.990570,1.000000
3335,578.030100,130.453595,1.000000
3336,578.160664,131.216512,1.000000
3337,577.676570,130.849321,1.000000
3338,578.238731,130.041736,1.000000
3339,578.254401,130.558256,1.000000
3340,577.618007,129.300699,1.000000
3341,577.778975,129.884102,1.000000
3342,577.596926,130.172075,1.000000
3343,577.025663,132.010517,1.000000
3344,577.076627,131.677226,1.000000
3345,577.321398,131.528904,1.000000
3346,578.450209,130.410042,1.000000
3347,579.261774,129.793956,1.000000
3348,577.354825,131.972962,1.000000
3349,577.559836,131.945902,1.000000
3350,577.227045,130.310935,1.000000
3351,576.700656,130.588621,1.000000
3352,577.026782,130.323542,1.000000
3353,577.393876,130.799916,1.000000
3354,577.939859,130.685193,1.000000
3355,578.471423,130.475882,1.000000
3356,578.140138,130.673147,1.000000
3357,578.903543,130.223622,1.000000
3358,578.536508,130.214683,1.000000
3359,578.084875,130.774336,1.000000
3360,577.920293,130.829606,1.000000
3361,577.804222,130.961093,1.000000
3362,578.284903,130.474026,1.000000
3363,577.225888,131.127750,1.000000
3364,577.799670,130.357290,1.000000
3365,577.703892,129.870558,1.000000
3366,577.516920,130.164129,1.000000
3367,577.568603,130.183081,1.000000
3368,578.035217,130.690827,1.000000
3369,577.703797,130.756962,1.000000
3370,577.476612,130.584071,1.000000
3371,577.920302,129.887164,1.000000
3372,577.732715,130.012648,1.000000
3373,577.728482,130.298960,1.000000
3374,578.194079,129.939145,1.000000
3375,579.027611,129.065626,1.000000
3376,576.955837,131.201137,1.000000
3377,577.607901,130.217077,1.000000
3378,577.027086,130.047619,1.000000
3379,577.674508,129.566724,1.000000
3380,577.657895,129.804511,1.000000
3381,577.377992,131.202436,1.000000
3382,577.124268,131.424268,1.000000
3383,577.212199,131.117268,1.000000
3384,578.103659,131.033333,1.000000
3385,577.645705,131.469790,1.000000
3386,578.264294,130.541383,1.000000
3387,577.617136,129.895695,1.000000
3388,576.832556,130.975413,1.000000
3389,577.815615,130.777409,1.000000
3390,577.750609,131.004468,1.000000
3391,577.983534,130.957028,1.000000
3392,578.242436,131.168213,1.000000
3393,578.320755,131.610598,1.000000
3394,578.071429,131.375706,1.000000
3395,578.259157,131.633320,1.000000
3396,578.640124,131.572478,1.000000
3397,578.666538,131.790428,1.000000
3398,578.648523,131.552877,1.000000
3399,578.638247,131.491235,1.000000
3400,578.865021,131.297942,1.000000
3401,578.160622,131.873921,1.000000
3402,578.690960,131.751493,1.000000
3403,579.046988,131.374699,1.000000
3404,578.514657,131.108878,1.000000
3405,578.846832,132.027265,1.000000
3406,578.648606,131.990837,1.000000
3407,579.047319,132.460568,1.000000
3408,578.549363,132.208599,1.000000
3409,578.754604,132.645316,1.000000
3410,578.816924,132.763543,1.000000
3411,578.575610,131.677642,1.000000
3412,578.663593,131.071772,1.000000
3413,578.553803,131.035599,1.000000
3414,578.995785,131.790038,1.000000
3415,579.314830,131.982157,1.000000
3416,578.972458,131.929526,1.000000
3417,578.748405,132.468501,1.000000
3418,579.093224,132.471602,1.000000
3419,579.265298,131.713788,1.000000
3420,579.206095,131.524459,1.000000
3421,578.961173,130.970681,1.000000
3422,578.835418,130.348124,1.000000
3423,578.911320,130.005721,1.000000
3424,578.632317,130.740725,1.000000
3425,579.494440,131.104448,1.000000
3426,579.596327,131.330598,1.000000
3427,580.090980,131.585882,1.000000
3428,579.842728,131.778084,1.000000
3429,579.810918,131.433544,1.000000
3430,579.283509,132.050366,1.000000
3431,579.817819,130.777867,1.000000
3432,579.634366,131.307964,1.000000
3433,579.763218,131.648276,1.000000
3434,580.055427,130.956120,1.000000
3435,579.880422,132.435326,1.000000
3436,580.217105,131.681502,1.000000
3437,580.329738,131.846302,1.000000
3438,580.594814,131.574690,1.000000
3439,579.870415,131.793860,1.000000
3440,579.313718,131.826901,1.000000
3441,579.000386,132.231363,1.000000
3442,579.440168,132.639482,1.000000
3443,579.612764,132.732576,1.000000
3444,579.347088,133.193212,1.000000
3445,579.197985,133.079814,1.000000
3446,579.801840,132.100805,1.000000
3447,579.109683,131.245078,1.000000
3448,579.489491,132.057397,1.000000
3449,579.585794,131.522745,1.000000
3450,579.406212,130.793062,1.000000
3451,579.667072,131.234508,1.000000
3452,579.518456,131.248742,1.000000
3453,579.672749,130.749797,1.000000
3454,579.976809,130.565374,1.000000
3455,578.281121,134.785485,1.000000
3456,577.987284,134.675749,1.000000
3457,578.378623,134.512228,1.000000
3458,579.034203,133.858059,1.000000
3459,579.645494,133.763948,1.000000
3460,579.220042,133.536952,1.000000
3461,579.019859,133.032271,1.000000
3462,578.765766,132.635135,1.000000
3463,578.738887,133.505006,1.000000
3464,579.145950,133.512430,1.000000
3465,579.309039,133.380700,1.000000
3466,579.206813,133.377534,1.000000
3467,579.020066,133.286241,1.000000
3468,579.443770,132.699434,1.000000
3469,579.629630,132.609319,1.000000
3470,579.358363,132.642034,1.000000
3471,579.345907,133.506019,1.000000
3472,579.283179,133.831787,1.000000
3473,578.143836,135.944400,1.000000
3474,577.989033,136.471568,1.000000
3475,578.212429,135.309911,1.000000
3476,578.117012,135.226971,1.000000
3477,577.944783,135.235079,1.000000
3478,579.110814,133.994650,1.000000
3479,579.448383,133.356447,1.000000
3480,579.046440,133.417570,1.000000
3481,579.683060,132.400859,1.000000
3482,579.334000,132.894800,1.000000
3483,578.713936,132.126324,1.000000
3484,579.024469,131.734456,1.000000
3485,579.292021,131.078979,1.000000
3486,579.155787,131.394473,1.000000
3487,579.421580,131.231047,1.000000
3488,579.324022,131.436951,1.000000
3489,579.506746,131.317857,1.000000
3490,579.500589,131.641650,1.000000
3491,579.603277,132.791921,1.000000
3492,579.711145,133.136136,1.000000
3493,579.818217,132.311572,1.000000
3494,579.938600,132.407118,1.000000
3495,579.611826,132.176589,1.000000
3496,579.573634,132.454473,1.000000
3497,580.205882,131.795626,1.000000
3498,580.937641,131.753944,1.000000
3499,580.384058,132.437452,1.000000
3500,579.330234,134.152789,1.000000
3501,579.326440,133.482157,1.000000
3502,579.533798,132.439984,1.000000
3503,579.330827,133.261069,1.000000
3504,581.121363,131.943721,1.000000
3505,580.757390,131.970058,1.000000
3506,580.653480,131.894256,1.000000
3507,579.345892,133.124248,1.000000
3508,579.618453,133.192184,1.000000
3509,580.152468,133.511545,1.000000
3510,580.193146,131.913162,1.000000
3511,580.087212,132.070786,1.000000
3512,580.094436,132.065831,1.000000
3513,579.970542,132.340927,1.000000
3514,580.075811,132.225088,1.000000
3515,580.081250,131.573438,1.000000
3516,580.100392,131.331765,1.000000
3517,580.044048,130.925397,1.000000
3518,579.369307,132.222405,1.000000
3519,579.083894,131.918085,1.000000
3520,579.084733,132.736041,1.000000
3521,578.932584,132.967842,1.000000
3522,578.839968,132.374852,1.000000
3523,579.135231,131.894425,1.000000
3524,579.478560,131.796521,1.000000
3525,579.258323,131.957080,1.000000
3526,578.998796,132.108792,1.000000
3527,578.887142,131.850867,1.000000
3528,578.713540,131.456408,1.000000
3529,579.064620,132.410339,1.000000
3530,579.163681,131.333469,1.000000
3531,578.957821,131.128993,1.000000
3532,578.343480,131.557384,1.000000
3533,578.406683,131.682559,1.000000
3534,578.305112,132.638855,1.000000
3535,578.058799,132.512810,1.000000
3536,578.371546,131.206186,1.000000
3537,578.479822,131.635190,1.000000
3538,578.657863,130.967187,1.000000
3539,578.560476,130.941369,1.000000
3540,578.685170,130.896272,1.000000
3541,578.927236,131.397967,1.000000
3542,578.981058,131.985004,1.000000
3543,579.016929,131.456268,1.000000
3544,578.731707,131.958816,1.000000
3545,578.777778,132.575684,1.000000
3546,577.777357,133.846380,1.000000
3547,578.547638,132.626772,1.000000
3548,578.678797,132.012263,1.000000
3549,577.844697,133.255051,1.000000
3550,577.672519,133.730911,1.000000
3551,578.243089,132.995528,1.000000
3552,578.812428,131.889618,1.000000
3553,578.647423,131.530802,1.000000
3554,579.037304,131.737264,1.000000
3555,579.151832,131.440596,1.000000
3556,579.068742,131.369187,1.000000
3557,579.189600,130.930000,1.000000
3558,578.970944,131.613801,1.000000
3559,578.713985,131.296967,1.000000
3560,579.347343,131.681998,1.000000
3561,578.504042,132.546888,1.000000
3562,577.908340,132.327415,1.000000
3563,579.030660,130.886792,1.000000
3564,578.848746,131.184957,1.000000
3565,578.180917,131.699711,1.000000
3566,578.784385,131.697411,1.000000
3567,578.851807,131.570849,1.000000
3568,578.747075,131.920532,1.000000
3569,578.747200,131.452800,1.000000
3570,577.197620,133.382065,1.000000
3571,578.957380,132.533149,1.000000
3572,579.240777,131.161841,1.000000
3573,578.905690,131.604457,1.000000
3574,578.857541,131.577795,1.000000
3575,578.930186,131.484332,1.000000
3576,577.984000,133.449200,1.000000
3577,578.950472,132.539308,1.000000
3578,578.735234,133.009369,1.000000
3579,578.604807,132.567376,1.000000
3580,578.607201,132.526294,1.000000
3581,578.608873,132.575906,1.000000
3582,578.180894,133.573577,1.000000
3583,578.534649,132.828364,1.000000
3584,578.361134,132.888664,1.000000
3585,578.519239,132.818955,1.000000
3586,578.640111,132.470868,1.000000
3587,579.278060,131.852171,1.000000
3588,578.888000,132.650800,1.000000
3589,578.135524,133.315400,1.000000
3590,577.987390,133.201765,1.000000
3591,578.241083,133.245810,1.000000
3592,578.136519,133.245307,1.000000
3593,577.984881,133.701944,1.000000
3594,578.551993,133.994246,1.000000
3595,579.621556,132.917747,1.000000
3596,578.790302,134.145470,1.000000
3597,580.518917,132.254082,1.000000
3598,580.020487,133.024739,1.000000
3599,580.159970,132.764215,1.000000
3600,580.141495,131.719680,1.000000
3601,580.845507,130.802677,1.000000
3602,580.201278,132.145367,1.000000
3603,580.270324,131.699640,1.000000
3604,579.329888,132.047540,1.000000
3605,580.022385,131.482702,1.000000
3606,579.892320,131.578627,1.000000
3607,580.064242,131.551515,1.000000
3608,579.973748,131.787964,1.000000
3609,579.572716,132.380094,1.000000
3610,579.988641,132.002028,1.000000
3611,579.863059,131.943419,1.000000
3612,579.810766,132.123810,1.000000
3613,579.685937,131.584256,1.000000
3614,579.444078,131.995047,1.000000
3615,578.883652,132.908280,1.000000
3616,579.266055,133.604194,1.000000
3617,579.640528,132.034668,1.000000
3618,580.064570,131.985927,1.000000
3619,580.228252,132.422949,1.000000
3620,580.747136,131.870407,1.000000
3621,580.264919,132.177016,1.000000
3622,580.424668,131.637002,1.000000
3623,580.344250,132.104094,1.000000
3624,580.099351,132.235199,1.000000
3625,580.073161,132.217462,1.000000
3626,579.865228,132.207248,1.000000
3627,580.538672,132.957031,1.000000
3628,580.467825,131.772996,1.000000
3629,580.410032,132.106290,1.000000
3630,580.759559,131.638549,1.000000
3631,580.835433,131.640551,1.000000
3632,580.364964,131.508921,1.000000
3633,580.299366,132.753370,1.000000
3634,580.761717,131.606144,1.000000
3635,580.107231,132.307724,1.000000
3636,580.555078,132.510547,1.000000
3637,580.552515,131.846278,1.000000
3638,580.635113,131.490696,1.000000
3639,580.831949,132.262159,1.000000
3640,580.419063,132.616778,1.000000
3641,580.556850,132.364002,1.000000
3642,580.063321,133.032656,1.000000
3643,580.135668,133.130435,1.000000
3644,579.865950,132.160530,1.000000
3645,579.797589,131.828761,1.000000
3646,579.876986,131.387780,1.000000
3647,580.009820,132.923895,1.000000
3648,579.959276,132.517483,1.000000
3649,579.920284,132.043406,1.000000
3650,580.883460,130.737285,1.000000
3651,580.127633,131.941347,1.000000
3652,580.062319,132.647544,1.000000
3653,580.340936,131.464586,1.000000
3654,579.840748,132.054886,1.000000
3655,580.022157,132.122074,1.000000
3656,580.009492,132.525382,1.000000
3657,579.495541,132.380467,1.000000
3658,580.039950,132.377861,1.000000
3659,580.192003,132.374844,1.000000
3660,580.056980,132.179080,1.000000
3661,579.982731,132.659438,1.000000
3662,580.084215,132.777055,1.000000
3663,580.306425,132.430395,1.000000
3664,580.231235,131.704600,1.000000
3665,579.999186,132.800489,1.000000
3666,579.868204,132.818369,1.000000
3667,579.833402,132.397016,1.000000
3668,579.928896,131.357586,1.000000
3669,579.680082,131.704723,1.000000
3670,579.807119,131.927566,1.000000
3671,579.367089,132.205907,1.000000
3672,579.230280,132.385920,1.000000
3673,579.778905,132.054767,1.000000
3674,579.678823,131.959801,1.000000
3675,579.533222,132.193899,1.000000
3676,580.015800,132.432432,1.000000
3677,580.093123,132.639897,1.000000
3678,579.506672,131.842015,1.000000
3679,579.462544,131.568815,1.000000
3680,579.957401,131.054647,1.000000
3681,579.656875,130.954023,1.000000
3682,579.577153,130.510656,1.000000
3683,579.809484,131.364809,1.000000
3684,579.651864,131.771261,1.000000
3685,579.435363,131.730192,1.000000
3686,579.659477,131.430527,1.000000
3687,579.247163,131.930643,1.000000
3688,579.896865,131.205858,1.000000
3689,579.910219,130.868018,1.000000
3690,579.870669,131.517728,1.000000
3691,580.017025,131.560195,1.000000
3692,580.299478,131.293055,1.000000
3693,580.166936,131.532741,1.000000
3694,580.223898,131.823343,1.000000
3695,580.163876,131.827751,1.000000
3696,580.370146,131.678398,1.000000
3697,580.548973,130.811216,1.000000
3698,580.500000,130.611465,1.000000
3699,580.598711,130.346898,1.000000
3700,580.422052,130.262924,1.000000
3701,580.341263,130.798605,1.000000
3702,580.238830,131.069862,1.000000
3703,579.728995,131.403624,1.000000
3704,579.849332,131.051843,1.000000
3705,579.831360,131.753369,1.000000
3706,579.891454,131.411503,1.000000
3707,579.998786,130.671521,1.000000
3708,580.048173,130.920112,1.000000
3709,580.200951,130.713833,1.000000
3710,579.996359,130.631068,1.000000
3711,580.144811,130.148431,1.000000
3712,579.570248,130.628512,1.000000
3713,579.643914,130.692434,1.000000
3714,579.508048,131.904251,1.000000
3715,580.510980,131.123311,1.000000
3716,580.583156,131.193109,1.000000
3717,580.832837,130.545300,1.000000
3718,580.772880,130.148195,1.000000
3719,579.782413,131.267894,1.000000
3720,580.137690,131.035347,1.000000
3721,579.722921,130.513996,1.000000
3722,580.354043,129.702128,1.000000
3723,579.701660,130.831950,1.000000
3724,579.951386,130.256730,1.000000
3725,579.752230,130.371046,1.000000
3726,579.257155,131.085027,1.000000
3727,579.210899,131.312812,1.000000
3728,579.673452,130.965102,1.000000
3729,580.229588,130.533953,1.000000
3730,580.316927,130.989196,1.000000
3731,579.532436,131.503876,1.000000
3732,579.340496,131.359091,1.000000
3733,579.522965,131.713537,1.000000
3734,578.816518,133.292891,1.000000
3735,580.645925,130.939382,1.000000
3736,580.507282,130.715615,1.000000
3737,580.419341,130.341216,1.000000
3738,580.264423,130.410256,1.000000
3739,579.170875,129.642922,1.000000
3740,579.469595,130.237753,1.000000
3741,579.647305,131.486419,1.000000
3742,579.811740,131.278407,1.000000
3743,579.811328,131.756316,1.000000
3744,580.015796,132.055488,1.000000
3745,579.726823,132.238566,1.000000
3746,580.251933,131.460724,1.000000
3747,580.422864,131.248022,1.000000
3748,580.507650,131.067870,1.000000
3749,580.450182,130.755547,1.000000
3750,581.031014,130.524056,1.000000
3751,581.045002,130.379132,1.000000
3752,579.136251,131.644096,1.000000
3753,580.307844,131.072527,1.000000
3754,578.707535,132.569178,1.000000
3755,578.484654,132.868530,1.000000
3756,578.690668,133.084320,1.000000
3757,578.643005,132.889637,1.000000
3758,577.511699,131.847915,1.000000
3759,578.156534,131.634753,1.000000
3760,577.529858,131.280870,1.000000
3761,578.333849,130.954147,1.000000
3762,578.625621,130.467726,1.000000
3763,578.617955,131.765586,1.000000
3764,579.394874,131.405316,1.000000
3765,579.283118,131.769010,1.000000
3766,579.191919,131.553260,1.000000
3767,579.442139,130.729829,1.000000
3768,579.505996,131.444649,1.000000
3769,579.728924,130.238938,1.000000
3770,579.390752,131.303717,1.000000
3771,579.303850,131.724565,1.000000
3772,580.423545,129.890096,1.000000
3773,580.142035,130.782743,1.000000
3774,579.861638,131.127719,1.000000
3775,580.425431,130.277586,1.000000
3776,580.315724,130.924474,1.000000
3777,579.381912,131.771110,1.000000
3778,580.807113,130.055649,1.000000
3779,581.184114,129.599593,1.000000
3780,581.138026,129.577664,1.000000
3781,580.487735,130.830744,1.000000
3782,579.443416,131.413546,1.000000
3783,579.120272,131.839779,1.000000
3784,579.914202,129.693045,1.000000
3785,580.026993,130.412484,1.000000
3786,579.503004,131.124034,1.000000
3787,579.149111,131.779801,1.000000
3788,579.422022,130.909169,1.000000
3789,579.625000,131.210000,1.000000
3790,579.936222,130.460752,1.000000
3791,579.968569,130.593052,1.000000
3792,579.911138,131.184560,1.000000
3793,579.787484,130.897942,1.000000
3794,580.359692,129.888078,1.000000
3795,580.101152,131.005548,1.000000
3796,579.152183,131.660025,1.000000
3797,579.138521,132.057289,1.000000
3798,580.795895,131.473584,1.000000
3799,579.769481,132.406250,1.000000
3800,579.594927,133.830899,1.000000
3801,579.592549,134.263922,1.000000
3802,579.708726,133.990566,1.000000
3803,579.539904,133.312051,1.000000
3804,579.475403,132.911059,1.000000
3805,579.947700,132.110893,1.000000
3806,579.898868,132.317454,1.000000
3807,579.679604,132.808713,1.000000
3808,579.469020,133.040000,1.000000
3809,579.710475,132.805180,1.000000
3810,579.644936,132.808692,1.000000
3811,580.026616,132.512548,1.000000
3812,580.458788,131.827249,1.000000
3813,580.076307,131.698588,1.000000
3814,579.736944,132.152031,1.000000
3815,579.854994,131.808716,1.000000
3816,579.486455,132.773994,1.000000
3817,579.683196,132.171980,1.000000
3818,579.647668,131.371861,1.000000
3819,579.408637,131.493003,1.000000
3820,580.008458,131.204188,1.000000
3821,579.799518,131.379269,1.000000
3822,579.515513,132.293158,1.000000
3823,579.733175,131.974663,1.000000
3824,579.714797,131.611774,1.000000
3825,579.666131,131.991161,1.000000
3826,579.720559,131.363673,1.000000
3827,579.616068,131.244651,1.000000
3828,580.038491,131.233256,1.000000
3829,580.391438,131.005013,1.000000
3830,581.044299,130.358901,1.000000
3831,581.569978,130.898896,1.000000
3832,581.760793,130.248899,1.000000
3833,581.928035,130.380574,1.000000
3834,581.925561,130.331839,1.000000
3835,582.231481,130.497222,1.000000
3836,582.494614,130.125224,1.000000
3837,581.896630,129.741803,1.000000
3838,582.139545,129.166741,1.000000
3839,582.462380,130.342453,1.000000
3840,582.743107,130.529871,1.000000
3841,582.401539,129.940244,1.000000
3842,581.535730,130.414465,1.000000
3843,581.149493,130.488176,1.000000
3844,580.954985,130.023138,1.000000
3845,580.433832,130.838932,1.000000
3846,580.795884,131.197396,1.000000
3847,580.555556,131.665472,1.000000
3848,580.731489,131.302416,1.000000
3849,581.009215,131.074119,1.000000
3850,580.995225,130.920812,1.000000
3851,581.110277,131.144269,1.000000
3852,581.039722,131.283784,1.000000
3853,580.704086,132.002581,1.000000
3854,581.536208,131.951026,1.000000
3855,581.180758,132.643065,1.000000
3856,581.701589,131.752684,1.000000
3857,581.371366,131.643612,1.000000
3858,580.268963,132.157367,1.000000
3859,580.110906,133.133549,1.000000
3860,581.360140,132.991696,1.000000
3861,581.396800,131.637200,1.000000
3862,581.744126,132.533960,1.000000
3863,581.067998,132.841054,1.000000
3864,581.655459,132.128269,1.000000
3865,580.936549,132.581921,1.000000
3866,581.864090,131.325021,1.000000
3867,580.788544,130.927218,1.000000
3868,580.870727,130.366784,1.000000
3869,581.439306,130.800165,1.000000
3870,580.586571,132.410895,1.000000
3871,580.552296,132.315476,1.000000
3872,581.384647,131.254230,1.000000
3873,580.400176,132.393580,1.000000
3874,580.734764,131.710300,1.000000
3875,581.404386,132.616228,1.000000
3876,580.839026,132.197694,1.000000
3877,581.875895,132.657916,1.000000
3878,582.177929,132.580968,1.000000
3879,581.467946,134.308330,1.000000
3880,581.314866,133.074133,1.000000
3881,580.739726,134.450846,1.000000
3882,580.899533,134.660826,1.000000
3883,580.840681,135.636118,1.000000
3884,580.864466,135.287767,1.000000
3885,580.478622,136.950515,1.000000
3886,580.225021,136.312139,1.000000
3887,579.976500,136.736467,1.000000
3888,579.233653,136.151264,1.000000
3889,579.593605,135.874211,1.000000
3890,580.573689,134.929642,1.000000
3891,580.628372,134.210183,1.000000
3892,580.701577,134.842297,1.000000
3893,580.150340,134.773291,1.000000
3894,580.129540,135.744149,1.000000
3895,579.376963,134.498691,1.000000
3896,579.977590,134.694715,1.000000
3897,580.441796,135.838697,1.000000
3898,580.142912,136.444103,1.000000
3899,579.403310,137.877675,1.000000
3900,580.254386,137.517925,1.000000
3901,579.922127,138.168476,1.000000
3902,580.346419,137.969829,1.000000
3903,579.971168,137.866464,1.000000
3904,579.849867,138.307868,1.000000
3905,578.108555,140.577078,1.000000
3906,578.510417,140.588349,1.000000
3907,578.774789,138.817342,1.000000
3908,578.982831,139.010301,1.000000
3909,579.027231,138.811649,1.000000
3910,578.833465,139.030387,1.000000
3911,577.175858,140.290056,1.000000
3912,578.440678,139.770595,1.000000
3913,578.599526,139.191943,1.000000
3914,578.868679,139.696226,1.000000
3915,579.050467,139.819439,1.000000
3916,578.543759,140.173960,1.000000
3917,579.432103,139.154944,1.000000
3918,578.018098,141.473238,1.000000
3919,578.071024,140.631658,1.000000
3920,578.387191,139.711790,1.000000
3921,578.472395,139.556490,1.000000
3922,579.476408,138.991549,1.000000
3923,579.465657,138.521310,1.000000
3924,579.366279,138.555959,1.000000
3925,579.859914,138.518678,1.000000
3926,580.034985,138.745991,1.000000
3927,580.038517,138.821221,1.000000
3928,580.818981,138.398946,1.000000
3929,580.147535,140.287513,1.000000
3930,580.815343,140.413781,1.000000
3931,580.376572,141.013295,1.000000
3932,580.918156,140.462473,1.000000
3933,580.561704,140.879505,1.000000
3934,580.031781,141.986327,1.000000
3935,579.932249,141.888115,1.000000
3936,580.136701,141.851783,1.000000
3937,581.404330,139.965084,1.000000
3938,580.428209,140.761784,1.000000
3939,580.930011,140.725345,1.000000
3940,580.837665,140.631185,1.000000
3941,580.143634,142.561117,1.000000
3942,580.534646,142.087163,1.000000
3943,580.984870,141.478026,1.000000
3944,580.629134,141.364180,1.000000
3945,580.546462,141.493924,1.000000
3946,580.925996,141.122581,1.000000
3947,581.039459,140.638106,1.000000
3948,581.408708,141.269301,1.000000
3949,581.245026,139.996684,1.000000
3950,581.705528,139.449417,1.000000
3951,581.811902,140.254339,1.000000
3952,581.826118,140.133810,1.000000
3953,582.111385,141.031019,1.000000
3954,581.270241,142.016913,1.000000
3955,581.430430,141.972895,1.000000
3956,581.610182,142.305447,1.000000
3957,581.556458,141.616974,1.000000
3958,581.719109,141.014100,1.000000
3959,581.464023,141.142438,1.000000
3960,580.625501,143.159984,1.000000
3961,580.386276,141.841557,1.000000
3962,580.101742,141.943389,1.000000
3963,581.152118,140.711234,1.000000
3964,581.126192,141.079237,1.000000
3965,580.443860,142.794968,1.000000
3966,580.821778,142.380934,1.000000
3967,580.592030,142.231879,1.000000
3968,580.473441,143.571209,1.000000
3969,580.862448,142.481243,1.000000
3970,580.533846,143.186154,1.000000
3971,580.724047,143.607777,1.000000
3972,581.605745,142.471454,1.000000
3973,580.562500,143.617889,1.000000
3974,580.552872,143.886572,1.000000
3975,580.766923,143.266225,1.000000
3976,580.235273,143.453409,1.000000
3977,580.101460,143.940876,1.000000
3978,580.056911,143.722469,1.000000
3979,579.567447,144.305091,1.000000
3980,579.076740,144.955467,1.000000
3981,579.231366,144.089674,1.000000
3982,580.360297,142.707978,1.000000
3983,580.143786,144.061185,1.000000
3984,580.230544,145.489222,1.000000
3985,580.014472,144.713459,1.000000
3986,579.764144,145.175239,1.000000
3987,580.597574,145.709954,1.000000
3988,580.488340,146.899756,1.000000
3989,580.245688,147.990144,1.000000
3990,580.508136,148.309831,1.000000
3991,580.684712,148.513790,1.000000
3992,579.767966,150.868430,1.000000
3993,580.064598,150.220859,1.000000
3994,580.630567,149.620783,1.000000
3995,580.684955,150.694042,1.000000
3996,581.173104,151.163272,1.000000
3997,580.320781,152.891911,1.000000
3998,579.575485,152.204170,1.000000
3999,579.183607,152.009836,1.000000
4000,579.488686,152.091971,1.000000
4001,579.172363,151.921352,1.000000
4002,578.694126,152.928703,1.000000
4003,578.583484,154.639380,1.000000
4004,577.836653,154.423035,1.000000
4005,577.759307,154.406561,1.000000
4006,577.822540,154.907335,1.000000
4007,577.595970,154.165783,1.000000
4008,577.032480,154.695071,1.000000
4009,576.646728,155.581985,1.000000
4010,576.199001,156.391940,1.000000
4011,575.880696,158.339478,1.000000
4012,575.982606,157.337238,1.000000
4013,575.704738,160.488331,1.000000
4014,575.353278,162.681118,1.000000
4015,575.531340,163.231268,1.000000
4016,576.191286,163.416578,1.000000
4017,576.440407,163.084302,1.000000
4018,576.128165,163.698972,1.000000
4019,576.231202,162.788500,1.000000
4020,576.361372,162.222131,1.000000
4021,577.185685,162.629448,1.000000
4022,577.246256,163.222130,1.000000
4023,577.462232,163.001717,1.000000
4024,577.973761,162.912120,1.000000
4025,578.577648,164.546672,1.000000
4026,579.930534,166.803435,1.000000
4027,578.533747,169.985507,1.000000
4028,578.391097,170.567170,1.000000
4029,578.878011,171.464646,1.000000
4030,579.250364,169.669461,1.000000
4031,578.775116,169.695030,1.000000
4032,578.258540,170.408127,1.000000
4033,578.321230,172.371990,1.000000
4034,578.269146,172.241532,1.000000
4035,578.157986,171.822917,1.000000
4036,578.223829,170.768939,1.000000
4037,577.324164,170.829735,1.000000
4038,576.676277,172.623723,1.000000
4039,577.643035,169.223370,1.000000
4040,576.711615,171.745056,1.000000
4041,576.888927,170.768136,1.000000
4042,577.046751,171.601581,1.000000
4043,577.422961,169.860356,1.000000
4044,577.275628,169.519348,1.000000
4045,576.803377,170.930004,1.000000
4046,576.834795,170.853034,1.000000
4047,576.870609,170.200000,1.000000
4048,576.674628,170.786777,1.000000
4049,576.843508,169.855987,1.000000
4050,576.827621,169.980998,1.000000
4051,576.542301,171.776283,1.000000
4052,576.627966,172.383352,1.000000
4053,577.022626,172.567021,1.000000
4054,577.292066,172.900821,1.000000
4055,576.000849,180.508705,1.000000
4056,576.408171,174.662039,1.000000
4057,577.200000,173.418807,1.000000
4058,577.092708,175.127153,1.000000
4059,576.270239,176.084426,1.000000
4060,577.057206,174.532087,1.000000
4061,576.603617,175.057272,1.000000
4062,576.610322,174.701571,1.000000
4063,576.559663,175.337848,1.000000
4064,576.336421,176.040756,1.000000
4065,576.216618,175.702830,1.000000
4066,576.089230,174.128145,1.000000
4067,576.084739,173.152224,1.000000
4068,576.114973,174.851031,1.000000
4069,575.756051,173.769113,1.000000
4070,575.670663,174.176096,1.000000
4071,576.124870,176.161290,1.000000
4072,576.134217,177.064900,1.000000
4073,576.095858,176.941116,1.000000
4074,575.770063,177.136991,1.000000
4075,575.230280,177.186168,1.000000
4076,574.506520,178.429307,1.000000
4077,574.559220,177.225177,1.000000
4078,574.723609,176.671541,1.000000
4079,574.643487,176.903636,1.000000
4080,575.651689,177.799025,1.000000
4081,576.234391,177.269969,1.000000
4082,576.136114,178.158434,1.000000
4083,576.210275,177.765872,1.000000
4084,577.250594,178.547029,1.000000
4085,577.120260,179.673044,1.000000
4086,577.087676,178.188732,1.000000
4087,577.611361,178.365431,1.000000
4088,577.024071,181.549735,1.000000
4089,577.734585,181.741673,1.000000
4090,577.905448,181.280141,1.000000
4091,578.259168,181.729196,1.000000
4092,578.255495,182.709821,1.000000
4093,577.545329,183.778201,1.000000
4094,578.110671,181.416584,1.000000
4095,577.384514,183.355063,1.000000
4096,576.578757,186.041546,1.000000
4097,576.590760,186.939251,1.000000
4098,577.389169,182.985873,1.000000
4099,576.959891,183.914684,1.000000
4100,576.136078,186.456036,1.000000
4101,575.594004,184.957319,1.000000
4102,575.495208,185.625488,1.000000
4103,575.412857,186.394643,1.000000
4104,575.891781,185.100685,1.000000
4105,575.544562,185.193889,1.000000
4106,576.280041,184.165401,1.000000
4107,576.207612,184.107612,1.000000
4108,576.024821,184.731044,1.000000
4109,575.239130,188.049180,1.000000
4110,575.151197,189.298405,1.000000
4111,575.130121,187.127466,1.000000
4112,575.101104,188.774297,1.000000
4113,575.852951,186.111225,1.000000
4114,575.790591,185.386275,1.000000
4115,576.116753,184.134024,1.000000
4116,575.774948,185.137646,1.000000
4117,576.004408,184.579518,1.000000
4118,575.621998,183.769927,1.000000
4119,575.831871,183.518428,1.000000
4120,575.525542,185.872288,1.000000
4121,575.985551,185.652554,1.000000
4122,576.209732,185.764765,1.000000
4123,575.988621,187.279116,1.000000
4124,575.678305,186.839322,1.000000
4125,575.992953,187.352349,1.000000
4126,576.614896,186.745491,1.000000
4127,576.231166,187.639147,1.000000
4128,575.876317,187.696228,1.000000
4129,575.738757,188.464470,1.000000
4130,575.764847,187.969447,1.000000
4131,575.817591,185.964408,1.000000
4132,575.410141,185.794067,1.000000
4133,575.030481,186.478351,1.000000
4134,574.929515,186.447645,1.000000
4135,574.954290,186.537975,1.000000
4136,575.137262,185.993068,1.000000
4137,575.087625,186.757868,1.000000
4138,574.940720,186.646083,1.000000
4139,575.160671,186.801956,1.000000
4140,575.449200,186.025748,1.000000
4141,575.457744,185.471527,1.000000
4142,575.542079,184.111740,1.000000
4143,575.938263,181.435996,1.000000
4144,575.753781,182.904326,1.000000
4145,575.905448,182.923023,1.000000
4146,575.635121,183.747523,1.000000
4147,574.231020,189.484816,1.000000
4148,574.711066,186.822746,1.000000
4149,574.201870,187.528047,1.000000
4150,574.327628,187.865115,1.000000
4151,574.421125,187.777778,1.000000
4152,575.260027,185.615642,1.000000
4153,574.190380,188.363606,1.000000
4154,574.429160,187.926587,1.000000
4155,575.290301,185.741137,1.000000
4156,574.757104,187.364682,1.000000
4157,574.493394,187.328234,1.000000
4158,574.778496,186.751956,1.000000
4159,574.864138,187.179655,1.000000
4160,574.493136,187.186554,1.000000
4161,574.571278,186.184442,1.000000
4162,574.787900,185.427402,1.000000
4163,574.738167,183.799023,1.000000
4164,575.350147,182.897644,1.000000
4165,575.928796,180.564398,1.000000
4166,576.093214,180.055000,1.000000
4167,575.943316,181.180749,1.000000
4168,576.380784,180.795479,1.000000
4169,575.279818,182.417978,1.000000
4170,574.023298,187.232253,1.000000
4171,573.986912,187.157411,1.000000
4172,574.299929,182.811221,1.000000
4173,574.029557,185.594543,1.000000
4174,574.101676,185.607449,1.000000
4175,574.059718,182.526706,1.000000
4176,574.367266,185.417266,1.000000
4177,574.399288,185.708185,1.000000
4178,574.629529,187.346766,1.000000
4179,574.605168,187.512594,1.000000
4180,574.713710,188.387769,1.000000
4181,574.576923,189.781065,1.000000
4182,574.382210,189.192842,1.000000
4183,574.564377,188.725578,1.000000
4184,574.611245,188.324595,1.000000
4185,574.614189,188.525000,1.000000
4186,575.103327,188.351313,1.000000
4187,575.237427,189.467328,1.000000
4188,575.267250,189.409963,1.000000
4189,574.993939,191.362290,1.000000
4190,575.210831,191.082425,1.000000
4191,575.988702,189.311491,1.000000
4192,575.303425,190.991096,1.000000
4193,576.282034,189.843461,1.000000
4194,576.329780,188.945370,1.000000
4195,576.677409,190.350166,1.000000
4196,578.020408,187.872198,1.000000
4197,578.000000,187.926476,1.000000
4198,578.537948,187.633872,1.000000
4199,578.704191,188.305507,1.000000
4200,579.239328,189.053184,1.000000
4201,578.861885,189.597100,1.000000
4202,578.857089,190.240692,1.000000
4203,578.600674,192.407934,1.000000
4204,579.077908,186.108147,1.000000
4205,579.083451,185.282746,1.000000
4206,578.919167,183.660078,1.000000
4207,578.461625,184.827314,1.000000
4208,578.031740,183.963406,1.000000
4209,578.191664,184.065501,1.000000
4210,578.409330,182.619263,1.000000
4211,578.515528,183.621483,1.000000
4212,578.955373,183.712246,1.000000
4213,579.304677,184.610041,1.000000
4214,579.237722,186.868008,1.000000
4215,579.524891,187.695623,1.000000
4216,579.381250,187.063542,1.000000
4217,579.776600,187.170378,1.000000
4218,579.786059,187.874051,1.000000
4219,579.723168,188.410907,1.000000
4220,579.592567,188.697812,1.000000
4221,579.422384,188.741857,1.000000
4222,579.448846,189.651740,1.000000
4223,579.141128,189.667243,1.000000
4224,579.455079,188.875605,1.000000
4225,579.612560,188.874056,1.000000
4226,579.277544,188.913684,1.000000
4227,579.112136,186.942512,1.000000
4228,579.054131,186.140670,1.000000
4229,578.512727,185.305818,1.000000
4230,578.348846,183.084280,1.000000
4231,578.159864,181.905518,1.000000
4232,578.016158,181.535727,1.000000
4233,577.409643,181.086861,1.000000
4234,577.106676,178.761974,1.000000
4235,576.699058,180.665913,1.000000
4236,577.416268,179.811189,1.000000
4237,577.346916,178.631791,1.000000
4238,576.944486,179.865559,1.000000
4239,576.741824,179.553674,1.000000
4240,576.017673,180.280928,1.000000
4241,576.463665,181.467220,1.000000
4242,577.207675,178.837096,1.000000
4243,575.871170,181.737235,1.000000
4244,575.887988,181.578602,1.000000
4245,576.839929,178.401413,1.000000
4246,577.192780,177.937545,1.000000
4247,576.208587,179.353131,1.000000
4248,576.786115,177.009818,1.000000
4249,576.961618,176.805325,1.000000
4250,576.382180,177.454713,1.000000
4251,575.919506,176.675402,1.000000
4252,576.225768,176.311927,1.000000
4253,576.191562,173.820981,1.000000
4254,575.982324,172.241444,1.000000
4255,576.050771,171.971418,1.000000
4256,576.539469,171.631126,1.000000
4257,575.979136,172.754844,1.000000
4258,574.805577,173.199921,1.000000
4259,575.041571,175.146072,1.000000
4260,575.071237,176.827269,1.000000
4261,575.096491,177.420290,1.000000
4262,574.839155,179.452884,1.000000
4263,575.548776,176.338606,1.000000
4264,575.336452,176.656063,1.000000
4265,576.107714,175.343406,1.000000
4266,575.810136,177.509636,1.000000
4267,575.554375,176.670563,1.000000
4268,575.346524,176.765775,1.000000
4269,575.353293,177.384290,1.000000
4270,575.220942,177.850262,1.000000
4271,575.409075,177.558813,1.000000
4272,575.489214,178.451983,1.000000
4273,575.704348,177.155130,1.000000
4274,575.583857,178.966108,1.000000
4275,575.440418,178.630314,1.000000
4276,575.576424,179.441225,1.000000
4277,575.762101,179.009955,1.000000
4278,575.259467,182.166199,1.000000
4279,575.709609,179.646603,1.000000
4280,576.247240,178.148210,1.000000
4281,575.960603,180.474820,1.000000
4282,576.086899,178.597347,1.000000
4283,575.479485,180.852921,1.000000
4284,575.155532,180.999293,1.000000
4285,574.899268,180.913210,1.000000
4286,575.280665,179.930700,1.000000
4287,575.129235,180.307370,1.000000
4288,575.244086,180.517312,1.000000
4289,575.294969,180.864576,1.000000
4290,575.165220,180.825755,1.000000
4291,575.081278,180.250434,1.000000
4292,574.991690,180.407548,1.000000
4293,574.928547,180.030524,1.000000
4294,574.852342,180.624955,1.000000
4295,574.895361,179.168120,1.000000
4296,575.176059,179.809940,1.000000
4297,575.418709,179.801864,1.000000
4298,576.134959,178.662775,1.000000
4299,575.622595,180.918853,1.000000
4300,575.485735,181.911198,1.000000
4301,576.021436,179.491664,1.000000
4302,576.213522,179.736461,1.000000
4303,575.662474,182.844864,1.000000
4304,576.191304,179.934957,1.000000
4305,575.994790,179.670372,1.000000
4306,576.003512,179.846154,1.000000
4307,575.855088,179.831930,1.000000
4308,576.055920,179.767346,1.000000
4309,575.988558,180.427184,1.000000
4310,575.493671,184.348644,1.000000
4311,575.655830,181.620495,1.000000
4312,575.476546,181.980455,1.000000
4313,575.153706,184.390288,1.000000
4314,575.155383,184.262301,1.000000
4315,576.288468,179.213081,1.000000
4316,575.833391,181.138726,1.000000
4317,575.606472,180.742171,1.000000
4318,575.698429,180.549863,1.000000
4319,575.671360,181.111264,1.000000
4320,575.857094,181.000000,1.000000
4321,575.688508,181.044940,1.000000
4322,575.615040,181.140048,1.000000
4323,575.511416,181.395504,1.000000
4324,575.919355,181.353436,1.000000
4325,575.464423,182.897652,1.000000
4326,575.545486,181.543074,1.000000
4327,575.463574,181.567354,1.000000
4328,575.694586,182.048689,1.000000
4329,575.888011,180.626482,1.000000
4330,575.473122,181.819366,1.000000
4331,575.578035,182.139068,1.000000
4332,575.634358,181.614973,1.000000
4333,575.077109,183.275242,1.000000
4334,575.373634,180.774590,1.000000
4335,575.350384,180.737546,1.000000
4336,575.258009,181.943507,1.000000
4337,575.552658,180.372503,1.000000
4338,575.221493,179.137526,1.000000
4339,575.058588,180.161572,1.000000
4340,575.234353,179.242888,1.000000
4341,575.636945,179.136412,1.000000
4342,575.429252,178.168255,1.000000
4343,575.638368,177.879456,1.000000
4344,575.902250,177.136850,1.000000
4345,574.945335,178.897230,1.000000
4346,575.136826,179.383717,1.000000
4347,575.085019,179.022472,1.000000
4348,575.295455,177.650660,1.000000
4349,574.998161,177.465612,1.000000
4350,574.924141,177.330344,1.000000
4351,575.118787,175.946272,1.000000
4352,574.548278,177.306138,1.000000
4353,574.959588,178.189859,1.000000
4354,575.011855,176.573996,1.000000
4355,575.820179,179.637103,1.000000
4356,576.016176,178.326006,1.000000
4357,575.775396,179.036862,1.000000
4358,575.916904,176.201629,1.000000
4359,575.241002,177.885368,1.000000
4360,575.412791,177.459690,1.000000
4361,575.043478,176.433985,1.000000
4362,575.436636,176.139017,1.000000
4363,575.203087,176.753452,1.000000
4364,575.251935,176.224458,1.000000
4365,575.578641,177.173592,1.000000
4366,574.954602,175.662815,1.000000
4367,575.459147,176.243922,1.000000
4368,575.523641,176.044523,1.000000
4369,575.456677,175.498013,1.000000
4370,575.410381,175.491079,1.000000
4371,575.253252,175.513821,1.000000
4372,575.759631,175.189005,1.000000
4373,575.811400,175.397475,1.000000
4374,575.627810,175.097905,1.000000
4375,575.563386,175.118345,1.000000
4376,575.840678,175.135970,1.000000
4377,575.665521,175.721268,1.000000
4378,575.170840,178.003231,1.000000
4379,575.474763,176.648659,1.000000
4380,575.822626,176.257778,1.000000
4381,575.856430,175.206526,1.000000
4382,575.435008,177.153509,1.000000
4383,575.667070,176.886199,1.000000
4384,576.061781,175.455104,1.000000
4385,575.658228,177.872627,1.000000
4386,575.702885,175.712252,1.000000
4387,576.303641,174.984508,1.000000
4388,576.566472,173.825731,1.000000
4389,575.902954,175.079785,1.000000
4390,576.073444,175.343641,1.000000
4391,575.951136,175.666288,1.000000
4392,575.821607,175.239523,1.000000
4393,576.292428,175.290563,1.000000
4394,575.629020,177.811144,1.000000
4395,575.504021,176.655687,1.000000
4396,575.499040,177.080676,1.000000
4397,575.604544,176.808625,1.000000
4398,575.514805,176.215949,1.000000
4399,575.599443,176.484089,1.000000
4400,575.876120,174.822750,1.000000
4401,575.657734,175.061713,1.000000
4402,575.345771,175.677032,1.000000
4403,575.734441,173.100116,1.000000
4404,575.734257,175.004356,1.000000
4405,575.772602,175.511646,1.000000
4406,575.872114,174.709784,1.000000
4407,575.965959,176.116032,1.000000
4408,576.595434,176.095060,1.000000
4409,576.381777,174.812500,1.000000
4410,576.084701,175.516791,1.000000
4411,576.094082,175.345220,1.000000
4412,576.589662,174.162227,1.000000
4413,576.218801,173.480146,1.000000
4414,576.020921,174.276531,1.000000
4415,576.057640,174.147776,1.000000
4416,576.051618,174.527350,1.000000
4417,575.844341,175.645037,1.000000
4418,575.496902,176.325716,1.000000
4419,576.021132,174.044906,1.000000
4420,575.881303,174.529092,1.000000
4421,576.009087,175.194245,1.000000
4422,576.692163,174.645294,1.000000
4423,575.991584,176.134277,1.000000
4424,576.031734,175.477900,1.000000
4425,575.930518,173.982726,1.000000
4426,575.760547,175.435956,1.000000
4427,575.711464,177.124322,1.000000
4428,575.567101,176.330905,1.000000
4429,575.571647,176.696599,1.000000
4430,575.631900,176.984774,1.000000
4431,575.630100,176.709007,1.000000
4432,575.706062,174.765154,1.000000
4433,575.524622,175.310198,1.000000
4434,575.906075,174.506150,1.000000
4435,575.508330,175.200310,1.000000
4436,576.395951,173.933633,1.000000
4437,576.085903,174.698238,1.000000
4438,575.769060,177.927831,1.000000
4439,575.975322,177.601105,1.000000
4440,577.158481,173.824451,1.000000
4441,576.453446,175.547654,1.000000
4442,576.254816,174.844420,1.000000
4443,575.855159,174.768856,1.000000
4444,575.534910,174.296922,1.000000
4445,575.631138,175.276361,1.000000
4446,575.300798,174.854539,1.000000
4447,575.716529,175.034158,1.000000
4448,575.331623,174.766680,1.000000
4449,575.054300,175.162505,1.000000
4450,575.427347,175.948189,1.000000
4451,575.778781,175.858164,1.000000
4452,575.719186,175.948737,1.000000
4453,575.466082,176.409680,1.000000
4454,575.842284,174.775340,1.000000
4455,575.298041,175.018463,1.000000
4456,575.346535,174.549124,1.000000
4457,575.738885,174.874152,1.000000
4458,575.541426,174.806936,1.000000
4459,575.694761,175.493546,1.000000
4460,575.492920,175.302334,1.000000
4461,575.247077,174.530743,1.000000
4462,575.342533,174.775803,1.000000
4463,575.466667,174.210345,1.000000
4464,575.255278,175.637217,1.000000
4465,575.626308,175.274290,1.000000
4466,575.302326,175.683647,1.000000
4467,575.230227,175.010397,1.000000
4468,575.521292,176.285977,1.000000
4469,575.382010,176.633649,1.000000
4470,575.555229,176.509725,1.000000
4471,575.150761,175.404010,1.000000
4472,575.824783,173.991329,1.000000
4473,574.630888,177.821236,1.000000
4474,575.610667,173.377524,1.000000
4475,574.888716,177.203891,1.000000
4476,574.770809,176.271006,1.000000
4477,575.461984,173.199151,1.000000
4478,575.652075,173.849811,1.000000
4479,575.594844,174.218546,1.000000
4480,575.936071,172.701071,1.000000
4481,575.971513,174.088420,1.000000
4482,575.332485,175.208212,1.000000
4483,575.019779,176.277672,1.000000
4484,575.210890,175.237347,1.000000
4485,574.743141,176.372167,1.000000
4486,574.805128,176.349507,1.000000
4487,574.801016,176.091087,1.000000
4488,575.102377,175.312500,1.000000
4489,575.117124,174.825280,1.000000
4490,575.544793,176.093415,1.000000
4491,575.616146,174.965968,1.000000
4492,575.610395,175.311450,1.000000
4493,575.631349,175.630556,1.000000
4494,575.470143,174.452229,1.000000
4495,575.370937,175.906692,1.000000
4496,575.519231,175.846538,1.000000
4497,575.954374,174.204374,1.000000
4498,575.278083,175.665357,1.000000
4499,575.019821,176.180334,1.000000
4500,576.010906,174.036856,1.000000
4501,576.042910,173.844403,1.000000
4502,575.735338,175.135857,1.000000
4503,575.314711,177.902421,1.000000
4504,575.916272,176.277758,1.000000
4505,575.382483,175.266814,1.000000
4506,575.094136,176.680556,1.000000
4507,574.774847,176.303517,1.000000
4508,574.917907,177.884909,1.000000
4509,575.210151,174.924266,1.000000
4510,574.855784,174.732964,1.000000
4511,575.307162,173.125622,1.000000
4512,575.065789,173.525542,1.000000
4513,575.496089,171.053631,1.000000
4514,575.022853,172.748621,1.000000
4515,575.107480,172.769685,1.000000
4516,575.321862,173.058271,1.000000
4517,575.332943,173.358704,1.000000
4518,575.313763,172.126191,1.000000
4519,574.929669,174.565334,1.000000
4520,574.958189,175.376678,1.000000
4521,575.120837,176.829977,1.000000
4522,574.829457,176.193023,1.000000
4523,574.609037,173.971316,1.000000
4524,575.269769,173.343171,1.000000
4525,575.375235,174.035002,1.000000
4526,575.415535,175.153469,1.000000
4527,575.891597,175.626046,1.000000
4528,576.374867,173.993592,1.000000
4529,575.412217,174.260790,1.000000
4530,575.302413,173.544872,1.000000
4531,575.588435,172.359410,1.000000
4532,574.865031,174.518021,1.000000
4533,575.483095,172.956048,1.000000
4534,574.837283,174.593602,1.000000
4535,574.593407,174.541209,1.000000
4536,575.472040,173.638257,1.000000
4537,575.330072,173.006022,1.000000
4538,575.553858,173.851031,1.000000
4539,575.314758,174.503075,1.000000
4540,575.507263,173.542272,1.000000
4541,575.414408,173.108801,1.000000
4542,575.440609,173.958426,1.000000
4543,574.875680,176.063326,1.000000
4544,574.949298,176.548362,1.000000
4545,575.451354,174.209081,1.000000
4546,575.096974,176.756400,1.000000
4547,575.460007,173.560634,1.000000
4548,575.484613,173.087875,1.000000
4549,575.074666,173.722511,1.000000
4550,576.462084,171.050803,1.000000
4551,575.748370,172.278097,1.000000
4552,576.229344,171.458318,1.000000
4553,575.525020,173.921814,1.000000
4554,575.353401,174.424550,1.000000
4555,575.213470,175.159118,1.000000
4556,574.936544,175.142584,1.000000
4557,575.029244,175.048234,1.000000
4558,575.000380,175.201748,1.000000
4559,574.919623,174.536604,1.000000
4560,575.176402,174.108704,1.000000
4561,575.296094,173.825781,1.000000
4562,575.249711,173.427634,1.000000
4563,575.456013,173.315577,1.000000
4564,575.832326,171.498489,1.000000
4565,575.743299,170.773122,1.000000
4566,575.169444,170.928968,1.000000
4567,575.391765,171.936863,1.000000
4568,576.076984,171.239592,1.000000
4569,575.383550,173.038274,1.000000
4570,575.146529,174.128500,1.000000
4571,574.842714,173.292598,1.000000
4572,575.418375,171.503037,1.000000
4573,574.963320,173.406564,1.000000
4574,575.070042,173.518081,1.000000
4575,575.369863,172.089628,1.000000
4576,575.507764,171.887034,1.000000
4577,575.401321,171.559829,1.000000
4578,575.040996,173.440996,1.000000
4579,575.542256,172.571702,1.000000
4580,575.313755,172.510421,1.000000
4581,575.220225,172.677528,1.000000
4582,574.849006,174.272554,1.000000
4583,574.883251,173.784052,1.000000
4584,575.036210,173.963405,1.000000
4585,575.038313,174.118034,1.000000
4586,575.158366,174.315175,1.000000
4587,575.082095,174.780688,1.000000
4588,575.151997,174.051958,1.000000
4589,574.989599,173.592835,1.000000
4590,575.217441,174.539449,1.000000
4591,575.166603,173.897533,1.000000
4592,574.586897,175.456650,1.000000
4593,574.539594,175.912455,1.000000
4594,575.107226,174.041570,1.000000
4595,575.297824,172.862925,1.000000
4596,575.221799,173.517149,1.000000
4597,575.396661,174.322734,1.000000
4598,574.662689,176.065632,1.000000
4599,575.037984,173.629845,1.000000
4600,575.247678,173.816176,1.000000
4601,575.163616,173.011823,1.000000
4602,575.204748,172.482567,1.000000
4603,575.295872,173.254205,1.000000
4604,575.276176,173.055766,1.000000
4605,575.141154,173.659615,1.000000
4606,575.306390,172.964588,1.000000
4607,575.315037,172.621183,1.000000
4608,575.443505,172.883551,1.000000
4609,574.937278,174.757396,1.000000
4610,575.343121,173.688656,1.000000
4611,575.309870,172.653952,1.000000
4612,575.336927,171.727763,1.000000
4613,575.584477,171.804390,1.000000
4614,575.371552,172.277778,1.000000
4615,575.435566,171.732472,1.000000
4616,575.317926,172.201768,1.000000
4617,575.318095,171.568959,1.000000
4618,575.326296,171.816891,1.000000
4619,574.686762,174.628513,1.000000
4620,574.752531,174.657756,1.000000
4621,574.742040,174.554212,1.000000
4622,574.795545,174.472554,1.000000
4623,574.612415,174.023876,1.000000
4624,574.789346,173.977401,1.000000
4625,574.573836,174.845907,1.000000
4626,574.918951,173.411511,1.000000
4627,574.551494,172.412343,1.000000
4628,574.696498,172.732296,1.000000
4629,574.996497,172.663293,1.000000
4630,575.554587,171.205838,1.000000
4631,574.791536,173.464342,1.000000
4632,574.868036,173.626235,1.000000
4633,574.946206,173.344440,1.000000
4634,575.325067,170.774132,1.000000
4635,575.155698,171.611508,1.000000
4636,574.736165,173.016368,1.000000
4637,575.613422,171.787677,1.000000
4638,575.407464,172.437167,1.000000
4639,574.844394,173.210349,1.000000
4640,575.018854,173.287330,1.000000
4641,574.873639,173.264774,1.000000
4642,574.827789,172.720548,1.000000
4643,575.118462,173.778462,1.000000
4644,575.145794,172.375327,1.000000
4645,575.237823,173.045282,1.000000
4646,574.756135,172.587040,1.000000
4647,574.932827,173.787285,1.000000
4648,574.704717,172.709869,1.000000
4649,574.130112,175.284593,1.000000
4650,573.917253,175.593297,1.000000
4651,574.545419,172.320264,1.000000
4652,574.686728,172.019290,1.000000
4653,574.710068,171.225965,1.000000
4654,574.521605,172.033179,1.000000
4655,575.744534,187.185270,1.000000
4656,574.356859,173.990296,1.000000
4657,574.494810,171.203287,1.000000
4658,574.776695,171.518220,1.000000
4659,574.544444,172.721368,1.000000
4660,574.572036,172.487888,1.000000
4661,574.748412,172.119017,1.000000
4662,574.807260,172.435177,1.000000
4663,575.323712,172.553286,1.000000
4664,574.252606,173.117081,1.000000
4665,573.897385,172.916006,1.000000
4666,574.278546,172.849862,1.000000
4667,574.212451,171.954864,1.000000
4668,574.241732,172.470079,1.000000
4669,574.301508,171.948976,1.000000
4670,574.263240,172.361371,1.000000
4671,574.233241,173.335581,1.000000
4672,574.189157,173.868223,1.000000
4673,574.818042,172.109869,1.000000
4674,574.414984,173.728649,1.000000
4675,574.515564,174.399222,1.000000
4676,574.267836,173.300917,1.000000
4677,574.187259,172.139768,1.000000
4678,574.250100,172.836335,1.000000
4679,574.259029,172.150680,1.000000
4680,574.279815,172.381706,1.000000
4681,574.280124,172.628051,1.000000
4682,574.181853,172.528499,1.000000
4683,574.635759,170.618295,1.000000
4684,573.983144,172.106195,1.000000
4685,574.097488,171.895700,1.000000
4686,574.217338,170.990961,1.000000
4687,574.416256,171.298030,1.000000
4688,574.419829,171.307222,1.000000
4689,574.480519,171.088474,1.000000
4690,574.104032,172.204839,1.000000
4691,574.023155,172.295918,1.000000
4692,573.825985,171.614514,1.000000
4693,573.900199,172.397217,1.000000
4694,574.236094,170.727491,1.000000
4695,573.774412,172.744918,1.000000
4696,573.763211,173.551835,1.000000
4697,573.525848,173.461228,1.000000
4698,574.099038,173.072975,1.000000
4699,574.378694,172.067652,1.000000
4700,574.548818,171.371472,1.000000
4701,574.286753,172.479806,1.000000
4702,574.888414,171.640358,1.000000
4703,574.501012,172.271955,1.000000
4704,574.270758,172.237064,1.000000
4705,574.435876,172.312657,1.000000
4706,574.614571,171.259666,1.000000
4707,574.009230,173.668539,1.000000
4708,573.813260,173.041977,1.000000
4709,573.895758,172.098586,1.000000
4710,575.015644,170.075812,1.000000
4711,575.192743,170.731565,1.000000
4712,574.432000,172.163200,1.000000
4713,575.202182,170.887028,1.000000
4714,574.267704,173.467315,1.000000
4715,574.371248,171.292259,1.000000
4716,574.414587,172.092044,1.000000
4717,574.382469,171.387186,1.000000
4718,574.400467,172.415241,1.000000
4719,574.322542,171.563758,1.000000
4720,574.272906,172.535195,1.000000
4721,574.255023,173.181221,1.000000
4722,574.271542,171.306324,1.000000
4723,574.250294,171.017654,1.000000
4724,574.269368,171.616607,1.000000
4725,574.257154,172.145072,1.000000
4726,573.782555,173.908681,1.000000
4727,574.354297,170.861328,1.000000
4728,574.397557,172.291962,1.000000
4729,573.819352,174.898256,1.000000
4730,574.574905,171.654373,1.000000
4731,574.589774,170.959797,1.000000
4732,575.005688,169.664391,1.000000
4733,575.088334,170.399180,1.000000
4734,575.081702,169.781250,1.000000
4735,573.942880,172.427997,1.000000
4736,574.135236,173.868073,1.000000
4737,573.887714,172.976810,1.000000
4738,573.902062,172.887391,1.000000
4739,575.142473,170.991167,1.000000
4740,574.125099,172.144956,1.000000
4741,574.056850,172.867351,1.000000
4742,574.466352,171.215663,1.000000
4743,574.430027,170.953744,1.000000
4744,574.282905,174.380016,1.000000
4745,574.222447,173.628849,1.000000
4746,574.358079,174.108376,1.000000
4747,575.189825,171.425588,1.000000
4748,573.881301,174.106911,1.000000
4749,574.021294,174.000804,1.000000
4750,574.974369,171.803107,1.000000
4751,574.007937,173.690476,1.000000
4752,574.577448,171.889973,1.000000
4753,574.738048,172.422363,1.000000
4754,574.860000,172.696538,1.000000
4755,574.558085,173.558085,1.000000
4756,574.664211,172.558356,1.000000
4757,574.769650,172.445136,1.000000
4758,574.720238,173.473810,1.000000
4759,574.492876,172.592607,1.000000
4760,574.521822,171.738520,1.000000
4761,574.629038,172.359179,1.000000
4762,574.471132,173.381062,1.000000
4763,574.727056,173.136671,1.000000
4764,574.274020,173.013067,1.000000
4765,574.467537,172.782174,1.000000
4766,575.279113,170.653235,1.000000
4767,574.554286,171.409524,1.000000
4768,574.423793,171.455720,1.000000
4769,574.689840,172.940413,1.000000
4770,574.448733,173.335283,1.000000
4771,575.004506,170.585054,1.000000
4772,574.455241,172.825172,1.000000
4773,574.297624,173.520062,1.000000
4774,574.585950,172.616562,1.000000
4775,574.289100,173.385466,1.000000
4776,575.246393,170.769552,1.000000
4777,575.149550,170.972264,1.000000
4778,574.321302,173.938407,1.000000
4779,574.222835,173.195276,1.000000
4780,574.607462,172.418578,1.000000
4781,574.859204,173.322543,1.000000
4782,574.509339,173.233074,1.000000
4783,574.667315,172.179377,1.000000
4784,574.776995,172.690141,1.000000
4785,574.740316,173.546245,1.000000
4786,574.771440,172.353900,1.000000
4787,574.927491,172.278790,1.000000
4788,575.340393,170.777610,1.000000
4789,574.606474,171.970749,1.000000
4790,574.503908,172.424265,1.000000
4791,574.644874,173.196905,1.000000
4792,574.716012,173.587991,1.000000
4793,574.394856,171.714448,1.000000
4794,574.199475,172.411324,1.000000
4795,574.767982,170.756179,1.000000
4796,574.516791,171.426493,1.000000
4797,574.812960,171.041605,1.000000
4798,574.852620,171.489634,1.000000
4799,574.956376,172.519016,1.000000
4800,575.016508,172.088041,1.000000
4801,574.935365,172.372016,1.000000
4802,574.811445,171.715334,1.000000
4803,574.051992,173.648197,1.000000
4804,574.895050,172.283960,1.000000
4805,574.800597,172.244212,1.000000
4806,574.861746,172.279131,1.000000
4807,574.581610,173.165066,1.000000
4808,574.620446,173.166543,1.000000
4809,574.905080,172.374119,1.000000
4810,574.259073,172.406564,1.000000
4811,574.617355,171.171254,1.000000
4812,574.759105,172.233687,1.000000
4813,574.701901,172.246388,1.000000
4814,574.652905,171.346713,1.000000
4815,574.597100,171.528043,1.000000
4816,574.401074,172.108512,1.000000
4817,574.410425,172.028571,1.000000
4818,574.746038,171.467925,1.000000
4819,574.738250,171.533053,1.000000
4820,574.295659,172.883457,1.000000
4821,573.793392,173.574630,1.000000
4822,573.816472,173.484393,1.000000
4823,573.946497,173.430716,1.000000
4824,574.454819,172.762048,1.000000
4825,573.949632,174.003487,1.000000
4826,573.934851,174.438776,1.000000
4827,573.952344,173.614103,1.000000
4828,574.033617,174.315688,1.000000
4829,574.552814,172.441403,1.000000
4830,574.680539,171.307514,1.000000
4831,574.682200,172.051566,1.000000
4832,574.807606,171.237882,1.000000
4833,574.726204,172.075085,1.000000
4834,574.777361,172.277361,1.000000
4835,574.708856,172.310148,1.000000
4836,574.456974,173.388212,1.000000
4837,574.130826,173.593420,1.000000
4838,573.502335,178.890870,1.000000
4839,573.685076,179.216273,1.000000
4840,574.577685,172.674410,1.000000
4841,574.443508,172.400996,1.000000
4842,574.381650,172.048574,1.000000
4843,574.382079,172.489527,1.000000
4844,574.556827,172.648741,1.000000
4845,574.510734,172.963842,1.000000
4846,574.143717,173.344996,1.000000
4847,574.003769,173.231813,1.000000
4848,574.082109,172.886629,1.000000
4849,574.193766,173.598949,1.000000
4850,574.656584,173.979712,1.000000
4851,574.475277,173.806642,1.000000
4852,574.793598,173.064018,1.000000
4853,574.259204,173.429752,1.000000
4854,574.256030,172.541002,1.000000
4855,574.604236,172.793014,1.000000
4856,574.475834,173.132634,1.000000
4857,574.574797,172.293294,1.000000
4858,574.876103,172.976218,1.000000
4859,574.941220,171.847539,1.000000
4860,575.025160,171.898611,1.000000
4861,574.829843,172.566193,1.000000
4862,574.756797,172.695717,1.000000
4863,574.617100,173.153532,1.000000
4864,574.821865,173.282110,1.000000
4865,574.675217,173.058091,1.000000
4866,574.735184,173.441110,1.000000
4867,574.770492,173.313711,1.000000
4868,574.636228,174.452844,1.000000
4869,575.114968,172.062710,1.000000
4870,575.028462,172.008077,1.000000
4871,575.109300,172.508336,1.000000
4872,574.945772,172.669700,1.000000
4873,575.015837,170.872172,1.000000
4874,574.624666,172.991982,1.000000
4875,574.833911,173.576108,1.000000
4876,574.773192,172.897766,1.000000
4877,574.308627,172.762745,1.000000
4878,574.613158,173.982707,1.000000
4879,574.704012,173.914459,1.000000
4880,574.620890,172.944294,1.000000
4881,574.438367,172.877504,1.000000
4882,574.384381,173.752381,1.000000
4883,574.455235,173.553111,1.000000
4884,574.537016,173.081924,1.000000
4885,574.531367,173.837565,1.000000
4886,574.602991,173.504673,1.000000
4887,574.638962,173.093268,1.000000
4888,575.124726,172.039868,1.000000
4889,574.218666,175.884690,1.000000
4890,574.311881,175.338538,1.000000
4891,575.457174,171.921576,1.000000
4892,574.577126,174.135440,1.000000
4893,574.612987,173.559555,1.000000
4894,574.555013,174.623733,1.000000
4895,574.192337,173.051471,1.000000
4896,574.305512,172.781056,1.000000
4897,574.438529,172.877059,1.000000
4898,574.526374,173.765230,1.000000
4899,574.758047,173.108768,1.000000
4900,574.822622,172.218509,1.000000
4901,574.938730,172.349053,1.000000
4902,574.947705,171.631678,1.000000
4903,575.233601,171.903061,1.000000
4904,575.090119,172.081433,1.000000
4905,574.654695,173.973438,1.000000
4906,575.368732,172.401917,1.000000
4907,575.246108,173.164937,1.000000
4908,575.142541,172.153959,1.000000
4909,574.366292,174.262921,1.000000
4910,573.960624,174.031947,1.000000
4911,574.001878,173.673929,1.000000
4912,573.906510,173.078350,1.000000
4913,575.125408,170.839435,1.000000
4914,574.737191,171.932547,1.000000
4915,574.408079,172.803700,1.000000
4916,574.917752,171.458132,1.000000
4917,575.216876,171.920059,1.000000
4918,575.559223,172.203154,1.000000
4919,575.055807,172.383861,1.000000
4920,573.865807,173.787718,1.000000
4921,574.854009,171.854387,1.000000
4922,575.004525,171.921192,1.000000
4923,574.839709,172.848125,1.000000
4924,575.090286,172.102476,1.000000
4925,575.037373,172.845225,1.000000
4926,574.625742,172.724777,1.000000
4927,574.797226,172.845577,1.000000
4928,575.064774,173.322780,1.000000
4929,575.378936,173.323199,1.000000
4930,575.290311,173.906725,1.000000
4931,575.358676,172.927610,1.000000
4932,575.252954,173.130724,1.000000
4933,575.148742,172.068174,1.000000
4934,574.756161,173.786034,1.000000
4935,574.124618,176.032875,1.000000
4936,574.746854,173.808660,1.000000
4937,574.994120,173.261301,1.000000
4938,574.844764,173.525074,1.000000
4939,575.163426,174.706806,1.000000
4940,575.042426,174.729066,1.000000
4941,575.004065,175.017738,1.000000
4942,574.840406,174.770935,1.000000
4943,574.831461,174.770037,1.000000
4944,574.649002,174.662058,1.000000
4945,574.690686,173.967804,1.000000
4946,574.600759,174.358634,1.000000
4947,575.038638,172.619740,1.000000
4948,574.888430,174.042825,1.000000
4949,574.524858,174.011006,1.000000
4950,574.659712,172.946889,1.000000
4951,574.507740,171.868034,1.000000
4952,574.493681,172.352355,1.000000
4953,574.366972,172.907875,1.000000
4954,574.429485,172.028582,1.000000
4955,574.019780,175.399121,1.000000
4956,574.985238,172.204977,1.000000
4957,575.734019,172.075101,1.000000
4958,576.538136,172.803672,1.000000
4959,576.228571,172.915691,1.000000
4960,575.335111,173.529943,1.000000
4961,575.071280,172.665694,1.000000
4962,574.621665,173.140581,1.000000
4963,574.613069,173.265743,1.000000
4964,574.913933,173.621768,1.000000
4965,574.764613,172.294234,1.000000
4966,574.531238,171.828094,1.000000
4967,574.916568,172.728847,1.000000
4968,575.446178,170.975590,1.000000
4969,575.269558,170.957010,1.000000
4970,575.195248,170.798020,1.000000
4971,575.915280,171.122631,1.000000
4972,574.752346,174.522644,1.000000
4973,574.677019,177.101035,1.000000
4974,575.049786,176.160638,1.000000
4975,575.136822,175.358879,1.000000
4976,574.730530,178.343458,1.000000
4977,574.392320,177.256928,1.000000
4978,574.979206,175.794707,1.000000
4979,575.179892,175.441834,1.000000
4980,574.702417,175.750378,1.000000
4981,574.646594,174.804291,1.000000
4982,574.410782,174.916856,1.000000
4983,574.824381,174.751238,1.000000
4984,574.475175,174.620081,1.000000
4985,574.444122,174.820392,1.000000
4986,574.337253,176.630121,1.000000
4987,574.665448,174.096161,1.000000
4988,574.200149,175.550876,1.000000
4989,574.233046,175.442488,1.000000
4990,574.061035,174.879419,1.000000
4991,573.721401,175.583268,1.000000
4992,574.284621,174.345448,1.000000
4993,574.355253,172.637188,1.000000
4994,573.975927,173.967640,1.000000
4995,573.843862,173.779499,1.000000
4996,574.654776,171.230917,1.000000
4997,573.878520,174.126307,1.000000
4998,573.787854,173.141978,1.000000
4999,573.863180,173.711297,1.000000
5000,575.016193,169.984202,1.000000
5001,575.005950,170.574375,1.000000
5002,575.371339,171.059352,1.000000
5003,574.926685,173.955459,1.000000
5004,575.087107,174.725249,1.000000
5005,575.160550,172.765291,1.000000
5006,574.785885,172.370016,1.000000
5007,574.709755,172.526295,1.000000
5008,574.414663,173.438712,1.000000
5009,574.570613,172.255805,1.000000
5010,574.882243,172.955888,1.000000
5011,574.318669,173.646519,1.000000
5012,574.732885,173.187574,1.000000
5013,574.981460,171.625641,1.000000
5014,575.166331,172.476037,1.000000
5015,575.133578,172.498775,1.000000
5016,574.150442,173.820193,1.000000
5017,574.175115,173.354455,1.000000
5018,573.867947,174.318182,1.000000
5019,574.817601,171.300113,1.000000
5020,574.242193,172.666794,1.000000
5021,574.193387,171.146098,1.000000
5022,574.018760,173.213703,1.000000
5023,574.351985,173.156144,1.000000
5024,574.375905,173.297369,1.000000
5025,574.872228,171.825629,1.000000
5026,574.566423,170.974586,1.000000
5027,574.724190,170.955048,1.000000
5028,574.531655,171.919908,1.000000
5029,574.701543,171.323673,1.000000
5030,574.805017,172.032307,1.000000
5031,574.914616,171.804251,1.000000
5032,573.965599,174.262159,1.000000
5033,574.521155,172.351918,1.000000
5034,574.550501,172.752120,1.000000
5035,574.453683,172.319666,1.000000
5036,574.346707,173.514383,1.000000
5037,574.350302,173.020362,1.000000
5038,574.696415,172.572082,1.000000
5039,574.546757,172.300528,1.000000
5040,574.342408,171.714340,1.000000
5041,574.038039,172.551765,1.000000
5042,574.006233,173.306194,1.000000
5043,574.525349,171.101396,1.000000
5044,573.981301,173.328009,1.000000
5045,574.015157,172.832891,1.000000
5046,573.653756,172.257042,1.000000
5047,574.344042,171.402690,1.000000
5048,574.410402,171.421033,1.000000
5049,574.286833,171.756807,1.000000
5050,573.652324,173.776412,1.000000
5051,573.729709,174.394175,1.000000
5052,573.981139,173.069669,1.000000
5053,573.992737,172.642202,1.000000
5054,574.275979,171.410768,1.000000
5055,574.324203,171.998499,1.000000
5056,574.186238,172.295064,1.000000
5057,574.131203,171.998496,1.000000
5058,574.304928,171.821786,1.000000
5059,573.867250,172.525675,1.000000
5060,574.199923,172.385649,1.000000
5061,574.456100,171.833903,1.000000
5062,574.105887,172.576835,1.000000
5063,574.183627,171.356924,1.000000
5064,573.930502,171.758687,1.000000
5065,575.236053,168.978748,1.000000
5066,574.520459,169.980497,1.000000
5067,574.264158,170.789493,1.000000
5068,573.731910,172.945038,1.000000
5069,574.012058,170.588487,1.000000
5070,573.820552,169.666411,1.000000
5071,574.057715,169.568680,1.000000
5072,574.166796,170.287926,1.000000
5073,574.324518,169.991689,1.000000
5074,575.112101,186.732844,1.000000
5075,575.152074,170.407066,1.000000
5076,574.680217,171.276036,1.000000
5077,574.486837,172.723388,1.000000
5078,574.162016,172.691473,1.000000
5079,574.302556,171.618466,1.000000
5080,574.766015,171.257000,1.000000
5081,574.240669,172.162519,1.000000
5082,575.007299,170.545909,1.000000
5083,574.545276,171.819685,1.000000
5084,574.167495,171.632122,1.000000
5085,574.064441,172.467780,1.000000
5086,574.146370,171.653786,1.000000
5087,574.393748,171.833795,1.000000
5088,574.036979,172.180226,1.000000
5089,574.154844,172.323036,1.000000
5090,574.061433,172.850967,1.000000
5091,573.946127,172.456547,1.000000
5092,574.371970,173.150758,1.000000
5093,574.198999,172.987683,1.000000
5094,574.656225,171.880650,1.000000
5095,573.825658,174.401727,1.000000
5096,574.606494,171.858523,1.000000
5097,574.248779,172.207817,1.000000
5098,574.440987,171.953700,1.000000
5099,573.600731,174.800162,1.000000
5100,573.369155,174.906481,1.000000
5101,574.154437,172.383020,1.000000
5102,574.355945,171.895127,1.000000
5103,574.401995,172.498274,1.000000
5104,574.206224,171.610373,1.000000
5105,574.695599,171.673594,1.000000
5106,574.869034,171.899803,1.000000
5107,574.825452,171.863899,1.000000
5108,573.976080,171.514275,1.000000
5109,574.802593,170.225556,1.000000
5110,574.884916,170.805959,1.000000
5111,574.267406,171.622035,1.000000
5112,574.167499,174.328083,1.000000
5113,574.475958,171.657776,1.000000
5114,574.540417,171.743074,1.000000
5115,574.691707,171.723689,1.000000
5116,574.591729,171.648120,1.000000
5117,575.206962,171.172153,1.000000
5118,575.209803,170.253249,1.000000
5119,574.921893,171.054074,1.000000
5120,575.119029,170.876733,1.000000
5121,574.891543,171.754111,1.000000
5122,575.253432,169.862709,1.000000
5123,575.713675,170.000712,1.000000
5124,575.166727,172.039402,1.000000
5125,575.491386,172.129588,1.000000
5126,575.322556,172.222864,1.000000
5127,574.964539,172.787234,1.000000
5128,575.183376,172.532264,1.000000
5129,575.087181,171.896195,1.000000
5130,575.407127,171.783169,1.000000
5131,575.319513,171.511601,1.000000
5132,575.671315,172.492430,1.000000
5133,575.729488,172.058895,1.000000
5134,575.464425,171.906177,1.000000
5135,575.744113,172.548666,1.000000
5136,575.706890,172.252627,1.000000
5137,574.998847,171.374471,1.000000
5138,574.839155,171.073704,1.000000
5139,575.653860,170.010071,1.000000
5140,574.187204,174.028831,1.000000
5141,575.099546,171.661998,1.000000
5142,574.509480,174.670835,1.000000
5143,576.016801,171.364134,1.000000
5144,575.302095,172.622857,1.000000
5145,575.170279,171.695046,1.000000
5146,575.602867,171.004262,1.000000
5147,575.426342,169.976018,1.000000
5148,575.512811,172.136021,1.000000
5149,574.858372,170.929969,1.000000
5150,574.967553,171.813526,1.000000
5151,575.601796,169.876123,1.000000
5152,575.570946,170.377628,1.000000
5153,575.562148,169.124671,1.000000
5154,575.068156,170.910640,1.000000
5155,575.262898,171.152504,1.000000
5156,575.864713,169.786546,1.000000
5157,575.494590,171.253478,1.000000
5158,575.419915,170.798919,1.000000
5159,575.579118,170.119385,1.000000
5160,575.006123,170.647914,1.000000
5161,575.241948,170.959356,1.000000
5162,575.620896,169.647015,1.000000
5163,574.906116,170.814959,1.000000
5164,575.392502,169.084545,1.000000
5165,575.515793,170.364177,1.000000
5166,574.952250,172.529550,1.000000
5167,574.874016,172.820866,1.000000
5168,574.791848,172.202216,1.000000
5169,574.193697,172.663336,1.000000
5170,574.258340,173.337859,1.000000
5171,574.243077,171.982692,1.000000
5172,574.641603,171.741985,1.000000
5173,575.094172,172.567734,1.000000
5174,574.875397,172.791667,1.000000
5175,574.854018,172.763723,1.000000
5176,574.987184,171.528932,1.000000
5177,575.192748,171.616794,1.000000
5178,575.182332,170.544171,1.000000
5179,575.210858,171.329268,1.000000
5180,575.358111,171.150600,1.000000
5181,575.550579,171.213900,1.000000
5182,575.149680,171.422715,1.000000
5183,575.259946,171.609115,1.000000
5184,575.414236,171.590821,1.000000
5185,574.650061,172.375051,1.000000
5186,574.717485,170.925737,1.000000
5187,575.210463,171.225639,1.000000
5188,574.978939,173.805994,1.000000
5189,575.356181,171.433835,1.000000
5190,574.776466,174.064332,1.000000
5191,574.943169,173.153756,1.000000
5192,575.509112,171.039550,1.000000
5193,575.756518,170.747699,1.000000
5194,575.818254,170.443254,1.000000
5195,575.547935,170.527280,1.000000
5196,575.510228,170.587333,1.000000
5197,575.268350,171.436859,1.000000
5198,575.391856,172.149443,1.000000
5199,575.408948,172.222920,1.000000
5200,575.400000,172.482677,1.000000
5201,576.116252,170.807932,1.000000
5202,576.247899,171.009167,1.000000
5203,575.817601,171.977435,1.000000
5204,575.363359,171.118702,1.000000
5205,575.385413,171.846833,1.000000
5206,575.476080,171.610725,1.000000
5207,575.399147,172.230023,1.000000
5208,575.409037,170.890373,1.000000
5209,574.979055,170.974949,1.000000
5210,574.881557,171.231557,1.000000
5211,574.480721,171.629505,1.000000
5212,574.628763,172.071488,1.000000
5213,575.270124,171.079253,1.000000
5214,575.154035,171.608357,1.000000
5215,574.670393,172.456315,1.000000
5216,575.011813,171.986965,1.000000
5217,574.902676,171.690187,1.000000
5218,574.903707,170.458904,1.000000
5219,574.722245,171.486071,1.000000
5220,575.783934,168.369213,1.000000
5221,575.743981,170.225120,1.000000
5222,575.452890,170.623120,1.000000
5223,575.192843,171.184095,1.000000
5224,575.485335,172.126959,1.000000
5225,576.555641,169.418649,1.000000
5226,575.456161,170.973539,1.000000
5227,575.406226,170.817510,1.000000
5228,575.671451,171.652056,1.000000
5229,575.055175,171.257350,1.000000
5230,575.457760,170.855010,1.000000
5231,575.203343,171.436928,1.000000
5232,575.264718,171.969972,1.000000
5233,575.270142,171.951422,1.000000
5234,575.239841,171.805976,1.000000
5235,575.416539,171.846861,1.000000
5236,575.277301,172.210998,1.000000
5237,575.363671,172.033552,1.000000
5238,575.487757,171.034590,1.000000
5239,575.577633,171.580323,1.000000
5240,575.389954,171.442868,1.000000
5241,575.081822,170.865689,1.000000
5242,575.074501,170.793779,1.000000
5243,574.961143,170.390095,1.000000
5244,575.338880,169.791604,1.000000
5245,575.771277,169.830167,1.000000
5246,575.466060,170.671217,1.000000
5247,575.368602,170.313216,1.000000
5248,576.566256,168.193374,1.000000
5249,575.646018,169.481094,1.000000
5250,576.519007,169.083398,1.000000
5251,575.340883,171.656046,1.000000
5252,575.338804,170.690113,1.000000
5253,575.482851,170.290777,1.000000
5254,575.874074,170.380897,1.000000
5255,575.844000,172.269200,1.000000
5256,575.275920,172.370819,1.000000
5257,574.854454,176.375574,1.000000
5258,575.086788,172.176166,1.000000
5259,575.483819,171.834547,1.000000
5260,574.873964,173.945688,1.000000
5261,575.111478,172.918249,1.000000
5262,575.166873,174.741842,1.000000
5263,575.432237,173.287089,1.000000
5264,575.335303,173.133964,1.000000
5265,575.402974,171.698437,1.000000
5266,575.419940,171.677492,1.000000
5267,575.658573,172.719836,1.000000
5268,576.006320,171.942007,1.000000
5269,575.981160,172.050610,1.000000
5270,575.775842,171.482772,1.000000
5271,575.125744,174.097580,1.000000
5272,575.399922,172.743600,1.000000
5273,575.778165,171.298490,1.000000
5274,575.797852,173.914845,1.000000
5275,575.974503,171.910761,1.000000
5276,575.682024,170.121761,1.000000
5277,575.935922,171.727478,1.000000
5278,575.861457,170.805210,1.000000
5279,576.122683,171.475908,1.000000
5280,575.924614,172.140596,1.000000
5281,575.845924,171.792072,1.000000
5282,575.995512,172.526178,1.000000
5283,576.204297,172.227667,1.000000
5284,576.567339,170.529174,1.000000
5285,576.332966,170.269754,1.000000
5286,576.129267,170.842411,1.000000
5287,576.208226,170.358428,1.000000
5288,575.440918,172.261950,1.000000
5289,576.262755,169.935131,1.000000
5290,574.765032,171.502373,1.000000
5291,574.884722,171.091196,1.000000
5292,575.514925,172.542910,1.000000
5293,575.445417,170.469760,1.000000
5294,575.228023,170.445681,1.000000
5295,576.062194,170.843950,1.000000
5296,574.129638,172.149680,1.000000
5297,574.841238,170.381833,1.000000
5298,574.247445,170.488927,1.000000
5299,574.072518,170.782035,1.000000
5300,573.633094,169.105798,1.000000
5301,574.505330,169.876826,1.000000
5302,574.474902,171.640000,1.000000
5303,575.543634,172.846241,1.000000
5304,575.406405,172.408692,1.000000
5305,575.164809,171.673567,1.000000
5306,575.665132,172.429996,1.000000
5307,575.274587,174.952793,1.000000
5308,576.445059,172.188791,1.000000
5309,576.345698,172.206501,1.000000
5310,575.944576,172.136975,1.000000
5311,576.078486,172.031474,1.000000
5312,575.319268,174.282643,1.000000
5313,575.274130,173.939873,1.000000
5314,576.322323,173.629081,1.000000
5315,576.374260,173.581731,1.000000
5316,576.261448,172.979690,1.000000
5317,576.105822,173.281948,1.000000
5318,576.650212,172.017983,1.000000
5319,576.372960,172.601845,1.000000
5320,575.769690,173.067189,1.000000
5321,576.394998,171.402354,1.000000
5322,576.377393,171.548935,1.000000
5323,576.133502,173.368669,1.000000
5324,576.154806,173.119589,1.000000
5325,576.386153,171.171788,1.000000
5326,576.882202,171.494312,1.000000
5327,576.134814,171.988893,1.000000
5328,575.772315,174.555598,1.000000
5329,576.605839,172.913869,1.000000
5330,576.712953,172.351624,1.000000
5331,576.625047,172.090259,1.000000
5332,576.432127,171.452866,1.000000
5333,576.429010,175.019186,1.000000
5334,576.707371,171.951228,1.000000
5335,576.725741,171.860124,1.000000
5336,576.800296,171.288831,1.000000
5337,576.413559,172.735217,1.000000
5338,576.508614,172.034831,1.000000
5339,576.319879,171.926443,1.000000
5340,576.414367,170.674858,1.000000
5341,576.756197,172.869774,1.000000
5342,576.886730,173.045455,1.000000
5343,576.623569,173.733284,1.000000
5344,576.639535,173.699925,1.000000
5345,576.399849,172.301205,1.000000
5346,576.404993,172.776826,1.000000
5347,576.826786,171.606809,1.000000
5348,576.897581,171.362056,1.000000
5349,577.074396,171.570619,1.000000
5350,576.563333,172.065556,1.000000
5351,576.660681,171.541339,1.000000
5352,576.895444,172.325243,1.000000
5353,577.009785,171.756869,1.000000
5354,577.286411,169.876877,1.000000
5355,576.763831,171.427699,1.000000
5356,576.945236,171.749062,1.000000
5357,577.127570,172.067784,1.000000
5358,576.664804,176.181564,1.000000
5359,577.576765,171.831901,1.000000
5360,577.265530,172.518561,1.000000
5361,577.205915,172.173343,1.000000
5362,577.664193,170.755473,1.000000
5363,576.487395,175.457783,1.000000
5364,576.612576,175.540771,1.000000
5365,576.835701,173.000384,1.000000
5366,576.466589,172.301275,1.000000
5367,577.531319,170.805085,1.000000
5368,577.055658,171.582750,1.000000
5369,577.033259,171.460089,1.000000
5370,577.266138,171.577199,1.000000
5371,577.029586,171.242973,1.000000
5372,577.455515,171.745221,1.000000
5373,576.982797,172.597981,1.000000
5374,577.230062,170.859610,1.000000
5375,577.029467,173.288251,1.000000
5376,577.078125,172.762649,1.000000
5377,576.970588,173.037868,1.000000
5378,577.071004,172.300000,1.000000
5379,577.533988,172.570997,1.000000
5380,577.324474,172.249169,1.000000
5381,577.220968,172.454678,1.000000
5382,577.096203,171.876520,1.000000
5383,577.262184,172.633170,1.000000
5384,577.245852,171.526395,1.000000
5385,577.204832,172.374684,1.000000
5386,576.464543,172.581342,1.000000
5387,576.817552,171.853734,1.000000
5388,576.539065,171.139065,1.000000
5389,577.127299,171.104940,1.000000
5390,577.414156,171.563339,1.000000
5391,577.032012,170.787195,1.000000
5392,577.486748,170.493195,1.000000
5393,577.000000,171.087558,1.000000
5394,577.026514,171.916517,1.000000
5395,577.350728,171.501597,1.000000
5396,577.344492,171.817855,1.000000
5397,577.331001,171.673417,1.000000
5398,577.312897,171.538318,1.000000
5399,576.572508,172.888595,1.000000
5400,576.164719,172.692801,1.000000
5401,576.452514,173.145996,1.000000
5402,576.808092,171.666295,1.000000
5403,577.009249,171.618882,1.000000
5404,577.211603,171.715136,1.000000
5405,577.185131,171.634155,1.000000
5406,576.776296,172.483333,1.000000
5407,576.811314,173.169334,1.000000
5408,576.316079,172.182452,1.000000
5409,576.797242,172.627283,1.000000
5410,576.199851,172.840867,1.000000
5411,576.039529,172.617256,1.000000
5412,576.545942,173.118300,1.000000
5413,576.313158,173.145489,1.000000
5414,576.443417,172.789941,1.000000
5415,576.661759,172.883379,1.000000
5416,576.812989,173.028169,1.000000
5417,576.431176,173.111607,1.000000
5418,577.092780,173.487841,1.000000
5419,577.016711,172.814280,1.000000
5420,577.447143,170.519643,1.000000
5421,576.629275,172.802133,1.000000
5422,577.020645,172.032959,1.000000
5423,577.148296,171.899927,1.000000
5424,577.092862,171.851420,1.000000
5425,577.151809,172.552033,1.000000
5426,577.201125,170.799226,1.000000
5427,577.315415,170.423994,1.000000
5428,577.305097,170.883808,1.000000
5429,577.034231,171.827308,1.000000
5430,577.116483,171.169014,1.000000
5431,577.415115,170.973348,1.000000
5432,577.389706,171.443382,1.000000
5433,577.550516,171.642699,1.000000
5434,577.085210,172.379129,1.000000
5435,577.335769,170.920716,1.000000
5436,577.249819,170.839739,1.000000
5437,577.068750,172.095221,1.000000
5438,577.778174,170.413338,1.000000
5439,577.161325,173.297803,1.000000
5440,576.958580,172.007396,1.000000
5441,577.135747,171.492836,1.000000
5442,577.644478,170.600595,1.000000
5443,577.266692,172.099962,1.000000
5444,577.635110,171.828177,1.000000
5445,578.201742,171.113570,1.000000
5446,577.706016,172.922815,1.000000
5447,577.727374,172.486778,1.000000
5448,577.575735,171.411397,1.000000
5449,577.509651,172.041945,1.000000
5450,577.808614,172.005243,1.000000
5451,577.740768,171.311300,1.000000
5452,577.424617,171.534231,1.000000
5453,577.614826,169.708576,1.000000
5454,578.039943,169.471191,1.000000
5455,577.864450,171.406284,1.000000
5456,577.833995,171.732588,1.000000
5457,577.635901,171.354288,1.000000
5458,577.587354,171.464912,1.000000
5459,577.451327,171.143437,1.000000
5460,577.145061,171.629820,1.000000
5461,577.740458,171.643039,1.000000
5462,577.624499,171.426540,1.000000
5463,577.866368,170.896976,1.000000
5464,577.634629,171.307410,1.000000
5465,578.190528,170.005785,1.000000
5466,578.502668,170.541921,1.000000
5467,577.928026,171.612868,1.000000
5468,578.288738,171.693500,1.000000
5469,577.738697,174.156322,1.000000
5470,577.832009,172.167234,1.000000
5471,577.246377,173.119076,1.000000
5472,577.860977,171.000745,1.000000
5473,577.910747,170.622908,1.000000
5474,577.993898,171.443288,1.000000
5475,578.021269,170.960396,1.000000
5476,577.879386,170.205409,1.000000
5477,578.737536,169.142094,1.000000
5478,577.816907,172.884003,1.000000
5479,579.042922,167.713102,1.000000
5480,578.747649,168.579541,1.000000
5481,578.128755,167.765899,1.000000
5482,578.819268,168.223121,1.000000
5483,578.037667,168.585662,1.000000
5484,577.691140,169.434783,1.000000
5485,577.624449,169.650100,1.000000
5486,577.361981,170.187976,1.000000
5487,577.734702,170.847639,1.000000
5488,577.740307,171.927706,1.000000
5489,577.107787,171.940164,1.000000
5490,577.670039,170.792996,1.000000
5491,577.516641,169.272059,1.000000
5492,577.351039,170.516551,1.000000
5493,577.395340,170.613063,1.000000
5494,577.134127,173.342460,1.000000
5495,577.708009,171.471229,1.000000
5496,577.615289,173.931818,1.000000
5497,577.367552,172.693237,1.000000
5498,577.508692,170.887377,1.000000
5499,576.771665,170.257347,1.000000
5500,576.966715,171.415143,1.000000
5501,576.907333,171.353885,1.000000
5502,576.907613,172.310052,1.000000
5503,576.453697,170.422330,1.000000
5504,576.895747,170.793000,1.000000
5505,576.882853,171.358093,1.000000
5506,576.332187,170.868884,1.000000
5507,576.749164,169.464883,1.000000
5508,576.423921,172.254731,1.000000
5509,575.328514,175.429317,1.000000
5510,575.550949,172.979078,1.000000
5511,575.075595,173.557559,1.000000
5512,575.339551,171.886182,1.000000
5513,575.825543,170.273095,1.000000
5514,575.872501,169.446624,1.000000
5515,576.139630,169.900000,1.000000
5516,575.964180,170.044682,1.000000
5517,575.496483,172.351351,1.000000
5518,575.166105,172.012720,1.000000
5519,574.940763,173.929656,1.000000
5520,575.115385,173.809890,1.000000
5521,574.928462,173.214996,1.000000
5522,575.070544,174.608255,1.000000
5523,575.668894,173.386414,1.000000
5524,575.386551,174.028550,1.000000
5525,575.323037,172.923335,1.000000
5526,575.284222,173.456546,1.000000
5527,575.300559,173.373557,1.000000
5528,575.589319,173.274033,1.000000
5529,575.768275,173.557018,1.000000
5530,576.193238,171.788612,1.000000
5531,575.687935,171.004767,1.000000
5532,575.955689,171.224559,1.000000
5533,575.449026,172.917526,1.000000
5534,575.925733,171.662830,1.000000
5535,575.765706,171.483370,1.000000
5536,576.418338,170.489971,1.000000
5537,574.999219,172.698283,1.000000
5538,575.473921,173.191370,1.000000
5539,575.739196,172.231116,1.000000
5540,575.817046,172.377296,1.000000
5541,575.999257,172.707281,1.000000
5542,575.656915,172.397416,1.000000
5543,575.352370,173.038462,1.000000
5544,575.369290,173.024568,1.000000
5545,575.214507,173.171839,1.000000
5546,575.357470,173.326601,1.000000
5547,575.228248,173.292626,1.000000
5548,575.058870,173.326748,1.000000
5549,575.487208,172.257694,1.000000
5550,574.971161,172.800000,1.000000
5551,574.973096,173.191360,1.000000
5552,575.777489,172.424591,1.000000
5553,575.853883,172.287449,1.000000
5554,576.390191,170.505590,1.000000
5555,575.001260,174.901302,1.000000
5556,574.875000,174.973976,1.000000
5557,575.152464,175.099833,1.000000
5558,574.908138,174.383809,1.000000
5559,574.855593,175.035893,1.000000
5560,574.527572,175.401235,1.000000
5561,574.407050,176.777172,1.000000
5562,575.666261,173.644336,1.000000
5563,575.706317,173.003692,1.000000
5564,575.868198,172.321241,1.000000
5565,576.578777,172.566626,1.000000
5566,575.516933,172.017127,1.000000
5567,575.085319,172.319370,1.000000
5568,575.064930,172.107816,1.000000
5569,575.222943,172.042156,1.000000
5570,575.418440,171.525611,1.000000
5571,576.018261,172.654625,1.000000
5572,575.974037,172.101826,1.000000
5573,575.851461,171.462662,1.000000
5574,576.154274,171.441352,1.000000
5575,575.565506,172.091513,1.000000
5576,576.845648,170.263443,1.000000
5577,575.504508,173.279098,1.000000
5578,575.814538,171.260118,1.000000
5579,575.701953,171.739844,1.000000
5580,575.098695,173.282626,1.000000
5581,574.854928,173.510731,1.000000
5582,575.328393,172.094774,1.000000
5583,575.637337,172.525631,1.000000
5584,575.060214,172.319173,1.000000
5585,574.628200,173.212075,1.000000
5586,574.580482,173.010886,1.000000
5587,574.325108,172.583235,1.000000
5588,574.463434,172.762321,1.000000
5589,574.644088,173.087314,1.000000
5590,574.334992,172.903522,1.000000
5591,574.668919,173.933559,1.000000
5592,574.619285,174.316558,1.000000
5593,575.071850,172.898305,1.000000
5594,575.104494,171.929963,1.000000
5595,575.253760,171.866564,1.000000
5596,574.995795,172.955657,1.000000
5597,574.448249,172.125048,1.000000
5598,574.497491,171.874566,1.000000
5599,574.484801,172.866956,1.000000
5600,574.709098,172.470129,1.000000
5601,575.056923,172.353077,1.000000
5602,574.934301,172.928953,1.000000
5603,575.194487,173.124043,1.000000
5604,575.101275,172.181920,1.000000
5605,575.225612,172.497928,1.000000
5606,575.060204,172.466490,1.000000
5607,575.134082,172.976779,1.000000
5608,575.218738,173.587835,1.000000
5609,575.033221,174.270250,1.000000
5610,575.222851,174.435143,1.000000
5611,575.030463,173.695374,1.000000
5612,575.451749,173.744329,1.000000
5613,575.488462,173.722308,1.000000
5614,575.361719,172.651811,1.000000
5615,575.033267,173.115644,1.000000
5616,575.533958,173.041374,1.000000
5617,575.300348,171.195207,1.000000
5618,575.060790,171.466945,1.000000
5619,574.249478,173.999582,1.000000
5620,575.314352,172.033090,1.000000
5621,576.000380,169.653627,1.000000
5622,575.195407,170.481869,1.000000
5623,575.290128,170.868379,1.000000
5624,575.165531,169.997595,1.000000
5625,575.133946,170.846461,1.000000
5626,575.828836,170.121820,1.000000
5627,575.427644,169.447881,1.000000
5628,575.699735,169.798940,1.000000
5629,575.673672,169.795185,1.000000
5630,575.226904,171.544646,1.000000
5631,575.686756,171.158482,1.000000
5632,575.487768,171.725630,1.000000
5633,575.319675,172.224437,1.000000
5634,576.306223,169.342645,1.000000
5635,575.543287,172.174248,1.000000
5636,575.274458,170.752189,1.000000
5637,575.884188,169.982790,1.000000
5638,575.374119,171.876900,1.000000
5639,575.028782,171.025830,1.000000
5640,575.198673,170.643937,1.000000
5641,574.937861,170.753974,1.000000
5642,574.275009,171.654552,1.000000
5643,574.309166,171.917731,1.000000
5644,574.071942,170.887921,1.000000
5645,574.166477,171.952490,1.000000
5646,574.302735,171.535781,1.000000
5647,574.483013,171.734490,1.000000
5648,574.635064,172.627163,1.000000
5649,574.613393,172.746208,1.000000
5650,574.567528,173.224354,1.000000
5651,574.287560,172.491694,1.000000
5652,574.388745,171.586079,1.000000
5653,574.165470,172.407253,1.000000
5654,574.487132,172.863857,1.000000
5655,574.352620,172.490902,1.000000
5656,574.399778,172.573175,1.000000
5657,574.435117,172.751100,1.000000
5658,574.450444,172.262944,1.000000
5659,574.533136,170.523140,1.000000
5660,574.195685,172.711682,1.000000
5661,574.308925,172.147905,1.000000
5662,574.392620,172.645387,1.000000
5663,574.397103,173.554978,1.000000
5664,574.655249,174.204788,1.000000
5665,575.680304,172.234251,1.000000
5666,575.559926,172.113235,1.000000
5667,574.720814,174.046083,1.000000
5668,574.707822,172.016871,1.000000
5669,574.702527,172.569678,1.000000
5670,574.189535,175.122093,1.000000
5671,574.786915,172.660819,1.000000
5672,574.857832,171.737565,1.000000
5673,575.036680,172.635421,1.000000
5674,574.819398,172.219621,1.000000
5675,574.874907,172.718263,1.000000
5676,575.082053,173.614837,1.000000
5677,574.603934,174.969533,1.000000
5678,574.898659,172.924739,1.000000
5679,574.797779,174.081195,1.000000
5680,575.032234,171.750549,1.000000
5681,574.900302,173.052870,1.000000
5682,574.801744,172.694845,1.000000
5683,574.938983,172.042185,1.000000
5684,575.104805,172.095725,1.000000
5685,574.672944,172.218678,1.000000
5686,574.650039,172.048337,1.000000
5687,574.500770,172.405624,1.000000
5688,574.544264,173.176657,1.000000
5689,574.565501,172.533231,1.000000
5690,574.437048,171.820464,1.000000
5691,574.206897,172.301149,1.000000
5692,574.535768,171.822289,1.000000
5693,574.537246,171.634312,1.000000
5694,575.222344,170.421322,1.000000
5695,574.758709,172.563256,1.000000
5696,574.980329,173.755722,1.000000
5697,574.471812,173.501324,1.000000
5698,574.149961,173.303392,1.000000
5699,574.323461,173.023383,1.000000
5700,574.439238,171.040000,1.000000
5701,574.524298,172.658314,1.000000
5702,574.748196,172.271553,1.000000
5703,575.439474,169.797744,1.000000
5704,575.002721,171.605519,1.000000
5705,574.590164,171.245902,1.000000
5706,574.143825,174.613944,1.000000
5707,573.901425,174.142122,1.000000
5708,574.169042,175.161124,1.000000
5709,575.327016,171.196210,1.000000
5710,575.089428,172.277378,1.000000
5711,574.671648,174.576484,1.000000
5712,575.395818,171.460418,1.000000
5713,574.298031,172.537402,1.000000
5714,574.360046,172.290747,1.000000
5715,574.474388,173.131116,1.000000
5716,574.375428,172.812857,1.000000
5717,574.889382,173.181280,1.000000
5718,574.981551,173.021461,1.000000
5719,574.356084,172.069033,1.000000
5720,574.610370,172.686618,1.000000
5721,574.698335,171.955715,1.000000
5722,574.480777,172.955843,1.000000
5723,574.686937,173.016517,1.000000
5724,574.404392,173.317304,1.000000
5725,574.487491,172.876801,1.000000
5726,575.665106,169.072380,1.000000
5727,575.666787,169.254513,1.000000
5728,574.676256,172.197161,1.000000
5729,574.945503,172.350610,1.000000
5730,574.873887,172.280415,1.000000
5731,574.847343,172.808142,1.000000
5732,575.126930,172.685122,1.000000
5733,575.255367,172.190584,1.000000
5734,575.042259,171.471204,1.000000
5735,575.154080,171.922201,1.000000
5736,574.950075,171.196697,1.000000
5737,574.748252,170.574531,1.000000
5738,575.322534,169.923326,1.000000
5739,574.854518,171.919385,1.000000
5740,574.607595,172.410433,1.000000
5741,574.091805,173.041765,1.000000
5742,575.097332,169.476137,1.000000
5743,575.086095,169.311238,1.000000
5744,574.721412,170.102456,1.000000
5745,574.923342,170.487543,1.000000
5746,575.052312,169.905610,1.000000
5747,574.429416,172.438486,1.000000
5748,574.587555,172.917830,1.000000
5749,575.071901,171.672756,1.000000
5750,576.408986,168.967742,1.000000
5751,575.426307,171.567750,1.000000
5752,576.001153,170.988091,1.000000
5753,575.538462,171.550117,1.000000
5754,576.733108,169.826952,1.000000
5755,575.609432,172.236195,1.000000
5756,574.875820,172.373770,1.000000
5757,575.077297,170.808580,1.000000
5758,574.825266,171.866588,1.000000
5759,574.962475,171.688224,1.000000
5760,575.254082,170.749900,1.000000
5761,575.402883,171.571085,1.000000
5762,575.617510,171.630350,1.000000
5763,575.821538,171.771538,1.000000
5764,575.918269,171.105399,1.000000
5765,576.621662,170.259872,1.000000
5766,575.705420,172.041634,1.000000
5767,576.112036,171.086677,1.000000
5768,576.281409,169.348728,1.000000
5769,575.717426,167.895284,1.000000
5770,575.155916,169.441630,1.000000
5771,574.571208,170.971440,1.000000
5772,574.560390,171.184546,1.000000
5773,574.718151,170.013905,1.000000
5774,574.858910,171.407808,1.000000
5775,575.156622,170.933205,1.000000
5776,575.441974,170.017332,1.000000
5777,575.347269,170.890019,1.000000
5778,575.582567,170.492203,1.000000
5779,575.237702,171.005510,1.000000
5780,575.384468,171.287299,1.000000
5781,574.978536,171.741280,1.000000
5782,575.136612,171.574941,1.000000
5783,575.264567,172.463386,1.000000
5784,575.330361,172.728577,1.000000
5785,574.927848,174.278071,1.000000
5786,575.947447,170.039790,1.000000
5787,575.494557,169.747278,1.000000
5788,575.682788,168.861005,1.000000
5789,575.468101,169.064930,1.000000
5790,575.800621,169.795578,1.000000
5791,575.753846,170.032308,1.000000
5792,575.670625,169.050277,1.000000
5793,576.129510,169.407140,1.000000
5794,575.680561,171.946192,1.000000
5795,575.991638,169.431775,1.000000
5796,576.032015,170.176648,1.000000
5797,575.992738,171.606391,1.000000
5798,576.022231,170.746263,1.000000
5799,575.966489,171.937928,1.000000
5800,576.412887,170.890929,1.000000
5801,576.218601,171.124130,1.000000
5802,574.909792,175.737857,1.000000
5803,575.689631,172.349432,1.000000
5804,575.030815,175.039835,1.000000
5805,574.878254,179.423708,1.000000
5806,575.152878,174.142966,1.000000
5807,575.734224,173.026726,1.000000
5808,575.614435,173.574046,1.000000
5809,575.353409,173.118182,1.000000
5810,575.335000,173.542308,1.000000
5811,575.462168,172.051092,1.000000
5812,575.383212,172.461476,1.000000
5813,575.421073,172.802779,1.000000
5814,575.274990,172.310992,1.000000
5815,575.919073,172.378799,1.000000
5816,575.830986,171.735524,1.000000
5817,575.762646,171.288327,1.000000
5818,575.717191,173.123561,1.000000
5819,576.210943,172.229811,1.000000
5820,575.838258,173.611198,1.000000
5821,575.159934,173.091921,1.000000
5822,575.872009,171.896316,1.000000
5823,575.841132,172.012830,1.000000
5824,575.744898,172.404006,1.000000
5825,575.782818,174.566439,1.000000
5826,575.736721,172.254811,1.000000
5827,575.710339,173.026440,1.000000
5828,576.224568,172.030326,1.000000
5829,576.726720,170.375903,1.000000
5830,576.362921,171.814232,1.000000
5831,576.426879,171.510552,1.000000
5832,576.972077,170.112807,1.000000
5833,576.942146,170.735994,1.000000
5834,576.776799,171.171072,1.000000
5835,576.724483,171.828337,1.000000
5836,575.900950,172.682018,1.000000
5837,576.302804,172.848972,1.000000
5838,575.851522,172.690794,1.000000
5839,576.258815,171.949362,1.000000
5840,575.965398,171.581315,1.000000
5841,575.932099,171.085648,1.000000
5842,575.993955,170.346808,1.000000
5843,576.308863,170.034614,1.000000
5844,576.140331,170.242983,1.000000
5845,575.819048,170.170667,1.000000
5846,575.801292,170.356003,1.000000
5847,575.719165,170.605693,1.000000
5848,576.287775,171.077069,1.000000
5849,575.672325,173.025661,1.000000
5850,575.588353,173.462704,1.000000
5851,576.036952,171.452271,1.000000
5852,576.081776,171.059579,1.000000
5853,576.211874,170.748933,1.000000
5854,576.480460,171.062069,1.000000
5855,575.719733,172.226415,1.000000
5856,575.445972,171.614538,1.000000
5857,575.882443,170.527863,1.000000
5858,575.618939,172.134848,1.000000
5859,575.138011,171.129144,1.000000
5860,575.090840,171.662866,1.000000
5861,574.007973,174.443978,1.000000
5862,574.453131,171.284803,1.000000
5863,574.334658,170.919316,1.000000
5864,574.611994,172.182685,1.000000
5865,574.844140,172.101893,1.000000
5866,575.094243,171.787855,1.000000
5867,575.227093,172.049763,1.000000
5868,574.550963,173.412921,1.000000
5869,574.749218,172.962441,1.000000
5870,575.015742,172.950413,1.000000
5871,575.077643,171.372220,1.000000
5872,574.978516,170.736719,1.000000
5873,574.990403,171.317850,1.000000
5874,575.040508,171.264496,1.000000
5875,575.462454,171.077323,1.000000
5876,574.688000,172.366476,1.000000
5877,575.376871,171.896707,1.000000
5878,575.493785,172.326554,1.000000
5879,575.426907,172.511086,1.000000
5880,574.928958,173.014672,1.000000
5881,575.093194,173.655066,1.000000
5882,575.851197,170.488029,1.000000
5883,575.942418,171.581190,1.000000
5884,576.025554,169.813228,1.000000
5885,576.027180,170.582861,1.000000
5886,575.830310,171.333333,1.000000
5887,575.639425,171.888006,1.000000
5888,574.860558,172.127888,1.000000
5889,575.284362,171.098448,1.000000
5890,575.328991,174.395608,1.000000
5891,574.738368,173.826850,1.000000
5892,574.594361,173.656015,1.000000
5893,575.175162,171.756640,1.000000
5894,575.503198,171.116560,1.000000
5895,575.802618,172.617616,1.000000
5896,575.277615,172.459034,1.000000
5897,575.664712,170.848663,1.000000
5898,575.446342,170.923134,1.000000
5899,575.592689,171.292055,1.000000
5900,575.699407,170.951075,1.000000
5901,575.379469,170.191080,1.000000
5902,575.919021,169.323164,1.000000
5903,575.838929,169.245190,1.000000
5904,575.872609,169.084545,1.000000
5905,575.979374,169.442726,1.000000
5906,575.945407,168.980798,1.000000
5907,576.089967,169.503887,1.000000
5908,575.276198,171.679782,1.000000
5909,575.351925,171.824038,1.000000
5910,575.395164,172.781213,1.000000
5911,576.654545,170.334091,1.000000
5912,576.550114,170.558846,1.000000
5913,576.527693,169.245827,1.000000
5914,576.428518,169.871369,1.000000
5915,576.435799,168.999233,1.000000
5916,575.261137,171.510753,1.000000
5917,575.249801,170.172510,1.000000
5918,574.992378,171.057165,1.000000
5919,575.222394,170.696525,1.000000
5920,574.974369,171.309105,1.000000
5921,575.155377,171.741676,1.000000
5922,575.249149,171.570132,1.000000
5923,575.307154,171.771773,1.000000
5924,575.193789,171.630110,1.000000
5925,575.152174,171.160714,1.000000
5926,575.347011,171.328253,1.000000
5927,575.164752,170.976238,1.000000
5928,575.177786,169.986264,1.000000
5929,574.974401,170.707842,1.000000
5930,574.664050,172.223967,1.000000
5931,575.819245,170.638491,1.000000
5932,575.535415,170.385758,1.000000
5933,574.737970,172.717752,1.000000
5934,574.983743,169.638779,1.000000
5935,575.793958,168.518978,1.000000
5936,575.862663,169.363810,1.000000
5937,574.629707,175.612971,1.000000
5938,575.344492,171.054496,1.000000
5939,575.477412,170.151225,1.000000
5940,575.537353,169.877512,1.000000
5941,575.675727,169.899694,1.000000
5942,575.713270,169.852291,1.000000
5943,575.585903,169.918702,1.000000
5944,575.824681,170.045128,1.000000
5945,575.984363,170.265833,1.000000
5946,576.169622,169.163069,1.000000
5947,575.962370,169.705765,1.000000
5948,575.789640,169.442072,1.000000
5949,575.949843,170.524295,1.000000
5950,575.853438,170.988212,1.000000
5951,576.210664,168.767338,1.000000
5952,575.977665,170.507053,1.000000
5953,576.231134,170.967207,1.000000
5954,576.840300,171.174685,1.000000
5955,575.841387,171.754482,1.000000
5956,576.514022,169.811756,1.000000
5957,576.106861,171.029180,1.000000
5958,575.741140,171.956471,1.000000
5959,576.674410,173.360821,1.000000
5960,576.664751,171.586207,1.000000
5961,576.739596,173.216409,1.000000
5962,576.484308,171.127083,1.000000
5963,576.092168,170.512658,1.000000
5964,575.542491,171.908809,1.000000
5965,575.488923,171.534784,1.000000
5966,576.189458,171.650115,1.000000
5967,576.099961,172.176884,1.000000
5968,575.804148,172.481053,1.000000
5969,575.474338,172.103047,1.000000
5970,575.628525,172.092264,1.000000
5971,575.973664,170.836719,1.000000
5972,575.980838,170.085429,1.000000
5973,576.211006,170.548298,1.000000
5974,575.988915,170.288599,1.000000
5975,575.737118,170.034219,1.000000
5976,575.437799,170.724880,1.000000
5977,575.608645,171.216121,1.000000
5978,574.947566,173.705784,1.000000
5979,575.430917,170.502603,1.000000
5980,574.806818,173.248316,1.000000
5981,575.280493,170.715811,1.000000
5982,575.482716,170.117695,1.000000
5983,574.991845,172.857082,1.000000
5984,575.989217,170.170527,1.000000
5985,575.586767,170.502705,1.000000
5986,575.321764,170.675786,1.000000
5987,575.784920,170.777915,1.000000
5988,575.634858,171.770505,1.000000
5989,575.381376,171.511592,1.000000
5990,575.452532,171.581883,1.000000
5991,575.443462,170.880769,1.000000
5992,575.351204,172.563714,1.000000
5993,575.605612,171.590823,1.000000
5994,575.487228,171.812810,1.000000
5995,575.396794,171.789679,1.000000
5996,575.642408,171.507868,1.000000
5997,575.478157,170.579825,1.000000
5998,575.404346,171.218859,1.000000
5999,575.872430,171.113861,1.000000
6000,576.038861,170.989611,1.000000
6001,576.045315,171.163594,1.000000
6002,575.873798,170.401308,1.000000
6003,575.791073,170.499038,1.000000
6004,575.555598,169.803795,1.000000
6005,576.097487,170.940975,1.000000
6006,575.953614,171.137225,1.000000
6007,575.861133,170.955392,1.000000
6008,575.685372,170.223684,1.000000
6009,575.854787,169.746581,1.000000
6010,575.734930,169.463074,1.000000
6011,575.321327,170.942129,1.000000
6012,575.331985,170.972907,1.000000
6013,574.950413,170.484848,1.000000
6014,575.013339,170.297494,1.000000
6015,575.391221,170.640458,1.000000
6016,574.826421,172.542243,1.000000
6017,575.205344,171.180534,1.000000
6018,575.300473,170.367114,1.000000
6019,575.103896,170.754034,1.000000
6020,575.089313,171.433969,1.000000
6021,575.574287,171.796962,1.000000
6022,575.370370,171.008577,1.000000
6023,575.472618,171.409977,1.000000
6024,575.768914,170.875281,1.000000
6025,575.402260,171.214689,1.000000
6026,575.390852,171.219412,1.000000
6027,575.757181,171.385676,1.000000
6028,575.511583,171.884942,1.000000
6029,575.478211,171.908678,1.000000
6030,575.266615,172.651172,1.000000
6031,575.520785,171.901463,1.000000
6032,575.753933,171.227715,1.000000
6033,575.690937,171.455821,1.000000
6034,575.608496,170.968236,1.000000
6035,575.803571,171.023680,1.000000
6036,575.682127,171.842760,1.000000
6037,575.447909,171.909125,1.000000
6038,575.659160,172.189313,1.000000
6039,575.137084,174.225040,1.000000
6040,575.845308,172.795446,1.000000
6041,575.234661,172.482072,1.000000
6042,575.569981,172.018324,1.000000
6043,575.352362,173.096063,1.000000
6044,576.107360,171.345599,1.000000
6045,575.754194,170.696840,1.000000
6046,575.726181,170.645624,1.000000
6047,575.939231,171.113077,1.000000
6048,574.865021,173.938295,1.000000
6049,574.975788,172.129131,1.000000
6050,575.742407,168.716535,1.000000
6051,574.836234,172.424446,1.000000
6052,574.776596,172.265957,1.000000
6053,575.539174,170.942107,1.000000
6054,574.919100,171.969613,1.000000
6055,574.887264,172.297807,1.000000
6056,574.515237,174.508420,1.000000
6057,574.749899,173.231919,1.000000
6058,574.471584,174.048771,1.000000
6059,574.612710,171.434852,1.000000
6060,574.722222,173.029157,1.000000
6061,574.876313,171.530533,1.000000
6062,575.503619,170.059048,1.000000
6063,575.333202,169.647522,1.000000
6064,575.116919,170.652035,1.000000
6065,575.646488,169.107877,1.000000
6066,575.791882,169.025070,1.000000
6067,575.012608,172.456659,1.000000
6068,575.570224,171.387972,1.000000
6069,575.264875,171.534741,1.000000
6070,575.195980,171.441051,1.000000
6071,575.505142,170.782437,1.000000
6072,575.168901,171.313673,1.000000
6073,575.133051,171.477054,1.000000
6074,575.578825,171.471406,1.000000
6075,575.372541,170.683714,1.000000
6076,575.511172,171.158369,1.000000
6077,575.420827,171.273011,1.000000
6078,575.710081,173.324871,1.000000
6079,575.581818,175.781469,1.000000
6080,576.090523,175.836987,1.000000
6081,576.594801,175.631542,1.000000
6082,576.517229,174.821441,1.000000
6083,576.989388,175.666077,1.000000
6084,576.504364,173.667273,1.000000
6085,576.126108,179.828767,1.000000
6086,576.978221,173.360650,1.000000
6087,576.677291,174.615357,1.000000
6088,576.382075,173.667271,1.000000
6089,576.172224,173.183584,1.000000
6090,575.935175,173.097974,1.000000
6091,575.234683,175.957668,1.000000
6092,576.039120,173.704156,1.000000
6093,575.991301,173.119346,1.000000
6094,575.729416,175.420479,1.000000
6095,576.165902,174.465584,1.000000
6096,575.839273,174.023877,1.000000
6097,575.675982,174.074637,1.000000
6098,575.437223,173.276588,1.000000
6099,574.512945,173.759304,1.000000
6100,574.937002,174.622807,1.000000
6101,575.674981,172.653016,1.000000
6102,575.655707,172.027337,1.000000
6103,575.552661,171.007173,1.000000
6104,575.106352,172.012186,1.000000
6105,575.623581,170.039546,1.000000
6106,575.881992,170.285817,1.000000
6107,575.158136,171.302139,1.000000
6108,575.380645,170.851992,1.000000
6109,575.023184,172.619011,1.000000
6110,575.685605,169.150096,1.000000
6111,575.563245,169.213764,1.000000
6112,575.065344,168.751070,1.000000
6113,576.445770,168.564294,1.000000
6114,575.930000,170.415000,1.000000
6115,576.151994,171.400287,1.000000
6116,575.691482,172.175734,1.000000
6117,575.232447,168.051964,1.000000
6118,575.078756,171.533522,1.000000
6119,574.572753,172.595728,1.000000
6120,574.371126,170.896411,1.000000
6121,574.660000,168.622041,1.000000
6122,574.769704,168.766010,1.000000
6123,574.769558,168.617347,1.000000
6124,574.988026,167.549133,1.000000
6125,575.113432,166.679361,1.000000
6126,574.918448,167.861441,1.000000
6127,574.654296,168.155708,1.000000
6128,576.118252,168.351328,1.000000
6129,575.277186,169.079848,1.000000
6130,574.708333,169.638221,1.000000
6131,574.991726,170.333208,1.000000
6132,574.139148,168.812576,1.000000
6133,574.998101,170.021648,1.000000
6134,574.009804,171.647843,1.000000
6135,573.985687,171.385687,1.000000
6136,574.014460,170.470700,1.000000
6137,575.003687,168.554941,1.000000
6138,572.832310,169.587490,1.000000
6139,574.662470,168.495532,1.000000
6140,575.055331,166.681745,1.000000
6141,575.040299,166.272538,1.000000
6142,575.795248,165.900198,1.000000
6143,576.155411,167.241366,1.000000
6144,575.765548,167.431587,1.000000
6145,575.863584,168.283622,1.000000
6146,576.005249,167.747282,1.000000
6147,576.218360,167.646770,1.000000
6148,576.152549,167.527843,1.000000
6149,575.982003,166.879108,1.000000
6150,576.031496,166.337754,1.000000
6151,576.426309,166.482745,1.000000
6152,576.430099,167.269326,1.000000
6153,575.479629,167.987495,1.000000
6154,575.727237,167.980119,1.000000
6155,578.126957,181.296232,1.000000
6156,576.414218,168.099526,1.000000
6157,576.446104,167.998133,1.000000
6158,576.359633,169.927523,1.000000
6159,576.853144,169.373816,1.000000
6160,576.265148,169.453436,1.000000
6161,576.328801,169.371240,1.000000
6162,576.110879,168.671130,1.000000
6163,576.320292,168.781599,1.000000
6164,576.329614,168.935622,1.000000
6165,576.221887,169.379578,1.000000
6166,576.092898,170.477704,1.000000
6167,576.636750,169.992344,1.000000
6168,576.516840,169.066560,1.000000
6169,576.626968,168.490916,1.000000
6170,577.187601,167.602917,1.000000
6171,577.025546,167.859909,1.000000
6172,576.330645,169.336694,1.000000
6173,577.000000,166.924701,1.000000
6174,576.612800,168.803600,1.000000
6175,576.200164,169.851518,1.000000
6176,576.531046,170.891340,1.000000
6177,576.814607,167.567817,1.000000
6178,576.425515,168.737182,1.000000
6179,576.877207,168.014908,1.000000
6180,576.967063,167.489286,1.000000
6181,577.232955,166.175731,1.000000
6182,577.138436,166.975163,1.000000
6183,577.196970,167.187551,1.000000
6184,577.045850,166.601581,1.000000
6185,576.442937,168.227853,1.000000
6186,576.162687,168.816673,1.000000
6187,575.981265,169.038251,1.000000
6188,576.494497,168.441093,1.000000
6189,576.438887,169.402178,1.000000
6190,575.969330,169.679984,1.000000
6191,576.102057,168.932231,1.000000
6192,576.013361,171.465136,1.000000
6193,576.036025,171.245963,1.000000
6194,575.872270,168.757726,1.000000
6195,575.505960,169.665845,1.000000
6196,575.204772,169.161388,1.000000
6197,575.533142,168.951718,1.000000
6198,575.202484,168.802484,1.000000
6199,575.393626,169.965232,1.000000
6200,575.141037,170.044180,1.000000
6201,575.251562,169.363599,1.000000
6202,575.547974,168.591898,1.000000
6203,575.506424,168.017820,1.000000
6204,576.110934,165.428172,1.000000
6205,574.901379,167.608023,1.000000
6206,575.209398,168.549876,1.000000
6207,575.289253,169.153233,1.000000
6208,575.162197,168.999574,1.000000
6209,575.849485,166.181443,1.000000
6210,574.907351,168.432797,1.000000
6211,575.073383,167.819366,1.000000
6212,575.413119,167.900956,1.000000
6213,574.916989,168.087742,1.000000
6214,575.731801,166.547893,1.000000
6215,575.781090,166.600085,1.000000
6216,575.056505,169.636443,1.000000
6217,575.318811,167.888029,1.000000
6218,575.391147,167.146881,1.000000
6219,575.471667,166.890746,1.000000
6220,574.685523,170.301114,1.000000
6221,575.521953,167.444399,1.000000
6222,575.611799,167.101485,1.000000
6223,575.490080,167.156184,1.000000
6224,575.664415,167.087379,1.000000
6225,575.497918,165.350958,1.000000
6226,575.737374,166.045034,1.000000
6227,575.449979,167.303533,1.000000
6228,575.807990,167.313494,1.000000
6229,576.601510,165.611577,1.000000
6230,576.081607,165.513670,1.000000
6231,575.964286,163.538328,1.000000
6232,575.535043,166.896154,1.000000
6233,575.302514,166.408607,1.000000
6234,575.704077,166.088272,1.000000
6235,575.710025,165.909279,1.000000
6236,575.426439,169.623881,1.000000
6237,575.703688,165.730511,1.000000
6238,575.752278,165.644573,1.000000
6239,575.888746,165.210481,1.000000
6240,575.258091,165.383449,1.000000
6241,575.402280,165.272394,1.000000
6242,575.600161,165.765957,1.000000
6243,575.810897,166.829327,1.000000
6244,576.104216,164.676213,1.000000
6245,576.304028,165.123160,1.000000
6246,576.191430,164.399680,1.000000
6247,575.338896,166.893881,1.000000
6248,575.735318,165.126020,1.000000
6249,576.128462,165.856684,1.000000
6250,576.101407,164.581126,1.000000
6251,576.041051,165.029967,1.000000
6252,576.069984,164.696602,1.000000
6253,576.000408,164.441500,1.000000
6254,576.480458,163.379787,1.000000
6255,576.338820,163.381774,1.000000
6256,576.643089,162.960569,1.000000
6257,576.519751,163.645738,1.000000
6258,576.938859,163.899056,1.000000
6259,576.957620,163.883456,1.000000
6260,576.828616,163.308647,1.000000
6261,576.789705,163.424182,1.000000
6262,575.736277,165.579860,1.000000
6263,575.401499,164.922949,1.000000
6264,575.051325,165.857804,1.000000
6265,575.575123,166.192939,1.000000
6266,575.107649,167.695670,1.000000
6267,575.302258,167.136706,1.000000
6268,575.354087,166.750529,1.000000
6269,575.308557,165.578220,1.000000
6270,575.030459,165.846847,1.000000
6271,575.397288,164.618324,1.000000
6272,575.575342,164.835616,1.000000
6273,575.320444,165.880889,1.000000
6274,575.904640,164.067263,1.000000
6275,575.502236,166.095259,1.000000
6276,576.342350,164.474218,1.000000
6277,576.291234,164.756543,1.000000
6278,577.221328,162.643058,1.000000
6279,576.005065,165.802448,1.000000
6280,575.794339,164.105263,1.000000
6281,575.624733,165.365458,1.000000
6282,575.934256,166.060986,1.000000
6283,576.594739,163.027538,1.000000
6284,575.821053,164.504000,1.000000
6285,576.975110,164.229225,1.000000
6286,576.503676,164.919935,1.000000
6287,576.479730,164.879645,1.000000
6288,576.310417,164.593333,1.000000
6289,576.720643,164.220025,1.000000
6290,575.691295,165.410616,1.000000
6291,575.611304,165.856957,1.000000
6292,575.588309,165.819624,1.000000
6293,575.512895,165.986273,1.000000
6294,575.090140,165.771054,1.000000
6295,575.458420,165.392222,1.000000
6296,575.803954,166.132208,1.000000
6297,576.065984,165.422951,1.000000
6298,575.905051,166.934545,1.000000
6299,575.689328,166.789723,1.000000
6300,575.507585,166.150472,1.000000
6301,575.507842,165.901653,1.000000
6302,575.667886,166.662195,1.000000
6303,575.857443,166.928932,1.000000
6304,576.457866,166.023246,1.000000
6305,576.648839,165.405887,1.000000
6306,576.645030,164.655172,1.000000
6307,576.223248,166.850608,1.000000
6308,576.311166,164.377258,1.000000
6309,576.252395,164.567264,1.000000
6310,576.721906,163.374186,1.000000
6311,576.340805,164.347032,1.000000
6312,576.371500,164.033431,1.000000
6313,576.207128,163.421384,1.000000
6314,576.061190,164.798887,1.000000
6315,575.969589,166.051878,1.000000
6316,575.944346,165.834817,1.000000
6317,577.048007,162.023190,1.000000
6318,575.589147,165.783807,1.000000
6319,575.659749,163.729788,1.000000
6320,575.628498,163.352131,1.000000
6321,575.449759,164.579640,1.000000
6322,575.772189,164.920118,1.000000
6323,575.496653,164.748773,1.000000
6324,575.392063,165.915395,1.000000
6325,575.924002,165.905109,1.000000
6326,576.308419,166.983573,1.000000
6327,576.940675,165.103616,1.000000
6328,576.194502,166.571429,1.000000
6329,576.624153,163.326271,1.000000
6330,575.558925,166.217071,1.000000
6331,575.602810,167.002554,1.000000
6332,575.732040,166.325351,1.000000
6333,575.490955,164.673117,1.000000
6334,575.679932,166.823455,1.000000
6335,575.374243,166.675414,1.000000
6336,575.890105,166.139789,1.000000
6337,575.473466,166.585406,1.000000
6338,575.884433,166.025011,1.000000
6339,575.921854,164.844592,1.000000
6340,575.567579,165.684211,1.000000
6341,576.701418,163.300667,1.000000
6342,576.605208,165.129357,1.000000
6343,576.651035,164.430925,1.000000
6344,576.396186,165.036411,1.000000
6345,576.269164,165.267422,1.000000
6346,575.942364,164.332352,1.000000
6347,575.862934,163.778939,1.000000
6348,575.677945,163.914787,1.000000
6349,576.082470,163.670535,1.000000
6350,575.798620,164.805522,1.000000
6351,576.604430,162.715585,1.000000
6352,575.302117,166.842020,1.000000
6353,575.496518,166.739451,1.000000
6354,576.854962,163.370832,1.000000
6355,575.461258,166.811359,1.000000
6356,575.515944,167.521259,1.000000
6357,576.505631,163.386408,1.000000
6358,576.006418,164.586843,1.000000
6359,575.785628,167.009285,1.000000
6360,576.037758,165.159380,1.000000
6361,576.458185,165.275862,1.000000
6362,576.661448,164.669667,1.000000
6363,576.219613,166.665019,1.000000
6364,576.076638,166.429337,1.000000
6365,576.309068,166.031198,1.000000
6366,575.642948,166.969749,1.000000
6367,576.344395,166.175785,1.000000
6368,575.676422,166.444765,1.000000
6369,575.566093,165.710029,1.000000
6370,576.385597,163.639918,1.000000
6371,576.422015,164.479285,1.000000
6372,576.954747,165.356364,1.000000
6373,576.549043,165.457735,1.000000
6374,576.111928,166.190768,1.000000
6375,576.428744,164.831723,1.000000
6376,577.053637,163.234051,1.000000
6377,575.977871,166.498539,1.000000
6378,575.853679,165.276756,1.000000
6379,576.110587,164.343763,1.000000
6380,576.152807,165.382862,1.000000
6381,576.741522,162.192721,1.000000
6382,575.039480,164.207716,1.000000
6383,575.737370,164.212526,1.000000
6384,575.562009,164.174672,1.000000
6385,575.457384,164.275527,1.000000
6386,575.491386,164.142330,1.000000
6387,575.825790,163.824082,1.000000
6388,576.159565,163.663913,1.000000
6389,576.061058,162.958842,1.000000
6390,575.477314,162.951452,1.000000
6391,576.962852,160.190436,1.000000
6392,575.614279,163.272564,1.000000
6393,575.902716,163.705715,1.000000
6394,575.636475,164.231742,1.000000
6395,575.936338,163.065243,1.000000
6396,576.194218,162.814739,1.000000
6397,576.287133,165.698386,1.000000
6398,576.794465,165.320716,1.000000
6399,577.355263,165.056115,1.000000
6400,576.182408,166.441832,1.000000
6401,576.837742,164.112910,1.000000
6402,576.249902,164.755182,1.000000
6403,575.467575,163.699711,1.000000
6404,575.571663,163.414374,1.000000
6405,575.282204,164.309156,1.000000
6406,575.369200,164.342400,1.000000
6407,575.444308,164.572827,1.000000
6408,575.196254,164.683632,1.000000
6409,575.221870,164.639461,1.000000
6410,575.153784,164.351047,1.000000
6411,575.198641,164.350919,1.000000
6412,575.200868,164.842541,1.000000
6413,575.151647,164.601032,1.000000
6414,575.033708,163.715088,1.000000
6415,575.232927,164.497561,1.000000
6416,575.239313,164.069916,1.000000
6417,575.170468,163.849140,1.000000
6418,574.843633,164.236002,1.000000
6419,574.690575,164.474979,1.000000
6420,574.885266,164.179549,1.000000
6421,574.759341,164.377260,1.000000
6422,574.964734,164.960681,1.000000
6423,574.954930,164.087324,1.000000
6424,575.597946,163.373223,1.000000
6425,575.966174,163.552877,1.000000
6426,575.785043,162.713782,1.000000
6427,574.703841,165.349855,1.000000
6428,575.937836,163.088642,1.000000
6429,575.599122,163.186278,1.000000
6430,574.727600,165.218000,1.000000
6431,575.713312,163.155974,1.000000
6432,575.685760,163.548528,1.000000
6433,574.659794,164.233402,1.000000
6434,575.067744,163.131640,1.000000
6435,574.947805,163.778964,1.000000
6436,575.014090,164.399758,1.000000
6437,574.785772,165.278862,1.000000
6438,574.739486,164.918742,1.000000
6439,574.782394,164.900452,1.000000
6440,574.645109,164.750202,1.000000
6441,574.662466,165.658133,1.000000
6442,574.706436,165.532575,1.000000
6443,575.168735,164.016680,1.000000
6444,574.888800,164.843838,1.000000
6445,574.899640,164.359056,1.000000
6446,574.937674,165.009528,1.000000
6447,575.611003,165.196048,1.000000
6448,574.886025,165.489730,1.000000
6449,574.980738,165.608347,1.000000
6450,574.425739,166.852287,1.000000
6451,574.839652,165.722354,1.000000
6452,575.661140,163.995956,1.000000
6453,575.851958,163.408238,1.000000
6454,575.518239,164.843775,1.000000
6455,574.795947,167.043355,1.000000
6456,574.779893,167.456808,1.000000
6457,574.031640,167.569511,1.000000
6458,574.259963,166.691381,1.000000
6459,574.800457,168.228311,1.000000
6460,575.634894,164.862553,1.000000
6461,575.318623,167.857458,1.000000
6462,575.671053,165.073005,1.000000
6463,575.635107,164.729786,1.000000
6464,575.576826,165.011755,1.000000
6465,574.897582,166.902418,1.000000
6466,575.020661,166.604224,1.000000
6467,575.269835,165.031820,1.000000
6468,575.113693,165.231120,1.000000
6469,575.336232,165.537060,1.000000
6470,575.335821,165.528192,1.000000
6471,574.909171,164.949735,1.000000
6472,574.782090,164.538166,1.000000
6473,574.660122,169.303880,1.000000
6474,574.677934,169.686385,1.000000
6475,575.181269,164.630125,1.000000
6476,575.251718,163.564433,1.000000
6477,574.558566,164.120192,1.000000
6478,574.697092,164.153020,1.000000
6479,574.623330,163.818344,1.000000
6480,574.879686,164.482127,1.000000
6481,574.677763,166.869063,1.000000
6482,575.223656,164.545376,1.000000
6483,574.898757,165.323268,1.000000
6484,574.237698,164.399824,1.000000
6485,574.551535,165.032982,1.000000
6486,575.237586,165.136130,1.000000
6487,575.138180,164.830357,1.000000
6488,574.842469,164.652568,1.000000
6489,575.034719,164.359194,1.000000
6490,574.476211,164.257966,1.000000
6491,574.727821,164.100775,1.000000
6492,574.538099,163.988014,1.000000
6493,574.279090,164.112495,1.000000
6494,574.265086,163.981034,1.000000
6495,574.558836,163.519469,1.000000
6496,574.475615,164.005179,1.000000
6497,574.811072,162.993849,1.000000
6498,574.969283,163.022611,1.000000
6499,574.111644,164.925425,1.000000
6500,574.669840,162.880571,1.000000
6501,574.644760,162.366341,1.000000
6502,575.026487,163.251411,1.000000
6503,574.737478,163.964222,1.000000
6504,574.952652,163.161333,1.000000
6505,574.870153,162.477124,1.000000
6506,575.418755,161.329426,1.000000
6507,574.893996,162.334576,1.000000
6508,574.297359,167.379326,1.000000
6509,574.974604,162.849709,1.000000
6510,574.681497,162.569231,1.000000
6511,575.197521,163.242303,1.000000
6512,575.462023,162.392759,1.000000
6513,575.085106,163.188679,1.000000
6514,575.299715,163.587231,1.000000
6515,575.446166,162.254668,1.000000
6516,574.945276,163.294998,1.000000
6517,574.941855,163.758016,1.000000
6518,574.473774,162.980384,1.000000
6519,575.031687,162.898354,1.000000
6520,575.135516,163.573560,1.000000
6521,575.150904,162.906263,1.000000
6522,574.642720,169.515805,1.000000
6523,575.107143,163.254355,1.000000
6524,574.956039,163.208259,1.000000
6525,575.598475,162.761118,1.000000
6526,575.213115,163.764452,1.000000
6527,574.320329,165.315561,1.000000
6528,574.165267,164.779496,1.000000
6529,574.117389,164.838809,1.000000
6530,575.051905,164.444956,1.000000
6531,575.353064,163.869946,1.000000
6532,575.126598,164.229691,1.000000
6533,575.506340,163.182587,1.000000
6534,574.860324,164.152227,1.000000
6535,574.974804,164.244527,1.000000
6536,574.668016,163.828340,1.000000
6537,574.996756,164.158962,1.000000
6538,575.054241,164.409462,1.000000
6539,575.072727,164.285657,1.000000
6540,575.071602,163.815939,1.000000
6541,575.222585,163.613942,1.000000
6542,575.521505,163.425558,1.000000
6543,575.388796,163.818562,1.000000
6544,575.395604,163.798128,1.000000
6545,575.377551,163.331020,1.000000
6546,575.510937,163.304581,1.000000
6547,575.419774,163.284039,1.000000
6548,575.487662,163.309912,1.000000
6549,575.555556,163.636785,1.000000
6550,575.551997,163.281614,1.000000
6551,575.706557,163.511066,1.000000
6552,575.998367,163.284490,1.000000
6553,575.975258,163.679175,1.000000
6554,576.381841,161.910448,1.000000
6555,576.261925,163.797908,1.000000
6556,575.937294,164.014439,1.000000
6557,576.586613,162.591886,1.000000
6558,575.576713,166.120639,1.000000
6559,576.551835,163.750706,1.000000
6560,576.467481,162.599921,1.000000
6561,576.469996,162.629883,1.000000
6562,576.367104,162.467620,1.000000
6563,576.137450,162.379681,1.000000
6564,575.192891,164.255990,1.000000
6565,575.987251,162.499602,1.000000
6566,576.308777,162.357759,1.000000
6567,575.867023,163.053496,1.000000
6568,576.311423,163.260922,1.000000
6569,575.572993,164.636253,1.000000
6570,576.341687,163.569212,1.000000
6571,575.505272,165.557583,1.000000
6572,575.765799,165.332920,1.000000
6573,576.635174,163.948466,1.000000
6574,577.021637,161.841070,1.000000
6575,576.349451,163.762698,1.000000
6576,576.410970,164.083466,1.000000
6577,576.667607,164.283642,1.000000
6578,576.234069,165.081291,1.000000
6579,576.967168,162.787975,1.000000
6580,575.534270,164.913580,1.000000
6581,575.777002,164.659138,1.000000
6582,575.969055,164.328990,1.000000
6583,575.906843,163.577494,1.000000
6584,576.069295,162.447718,1.000000
6585,575.878684,163.387441,1.000000
6586,575.452096,163.483319,1.000000
6587,575.347695,165.961224,1.000000
6588,576.017191,163.463732,1.000000
6589,575.859836,163.701639,1.000000
6590,575.993786,163.944490,1.000000
6591,575.949341,163.824135,1.000000
6592,575.945879,163.576466,1.000000
6593,575.713241,163.556052,1.000000
6594,575.709834,163.730069,1.000000
6595,575.044331,163.544331,1.000000
6596,575.516296,164.122814,1.000000
6597,575.749294,164.913605,1.000000
6598,575.609539,164.593371,1.000000
6599,575.987659,163.349124,1.000000
6600,576.071226,163.838932,1.000000
6601,576.152326,162.496912,1.000000
6602,575.880853,162.099080,1.000000
6603,575.963762,163.218648,1.000000
6604,575.972738,164.282892,1.000000
6605,576.015751,162.939822,1.000000
6606,576.563084,161.085670,1.000000
6607,576.777212,161.366484,1.000000
6608,575.811020,163.540816,1.000000
6609,575.880457,164.317013,1.000000
6610,575.568446,164.040947,1.000000
6611,575.819141,163.263672,1.000000
6612,575.984861,163.757371,1.000000
6613,576.137019,163.657051,1.000000
6614,576.257715,163.524649,1.000000
6615,576.222445,163.877355,1.000000
6616,576.469678,163.274318,1.000000
6617,575.984095,163.522465,1.000000
6618,575.998810,163.633730,1.000000
6619,575.611066,164.847437,1.000000
6620,575.619379,165.295993,1.000000
6621,576.391165,162.855020,1.000000
6622,575.174957,163.902230,1.000000
6623,576.950472,161.340016,1.000000
6624,577.315748,161.548819,1.000000
6625,577.073341,161.292588,1.000000
6626,577.520063,160.885130,1.000000
6627,577.007039,162.477847,1.000000
6628,576.598094,162.969817,1.000000
6629,576.000000,163.859862,1.000000
6630,576.582090,163.305970,1.000000
6631,576.585455,163.154343,1.000000
6632,576.647279,162.214790,1.000000
6633,576.180361,162.793587,1.000000
6634,575.550566,165.072237,1.000000
6635,575.621212,165.246810,1.000000
6636,576.198125,163.912760,1.000000
6637,576.125804,163.237942,1.000000
6638,576.315493,164.006439,1.000000
6639,576.846591,163.821023,1.000000
6640,576.740338,163.539452,1.000000
6641,576.698014,163.903121,1.000000
6642,576.791168,163.292612,1.000000
6643,576.659869,163.517129,1.000000
6644,576.579237,163.400708,1.000000
6645,576.434747,163.675556,1.000000
6646,576.292877,163.340231,1.000000
6647,575.964156,165.978252,1.000000
6648,576.340024,164.533648,1.000000
6649,575.908027,164.760791,1.000000
6650,575.920866,164.165764,1.000000
6651,575.690447,163.883149,1.000000
6652,576.283564,162.395248,1.000000
6653,576.030228,162.829814,1.000000
6654,576.000000,163.327325,1.000000
6655,576.355730,162.955070,1.000000
6656,576.278049,163.136585,1.000000
6657,576.229133,163.972586,1.000000
6658,576.491124,162.206678,1.000000
6659,576.301359,163.019761,1.000000
6660,575.148611,167.932407,1.000000
6661,575.892947,163.938287,1.000000
6662,575.838422,163.578456,1.000000
6663,576.107879,162.601212,1.000000
6664,575.531355,163.740803,1.000000
6665,575.803063,163.313058,1.000000
6666,575.661990,162.042092,1.000000
6667,575.635643,163.042571,1.000000
6668,575.118941,163.870468,1.000000
6669,575.156699,164.496411,1.000000
6670,575.199438,165.015249,1.000000
6671,575.103704,164.309942,1.000000
6672,575.022367,164.440423,1.000000
6673,575.112000,164.549474,1.000000
6674,575.701619,163.249798,1.000000
6675,575.576765,163.243842,1.000000
6676,575.804593,163.951983,1.000000
6677,575.943364,164.142012,1.000000
6678,575.799667,164.691604,1.000000
6679,576.269988,162.311370,1.000000
6680,575.695724,164.557977,1.000000
6681,575.781352,164.552524,1.000000
6682,576.509718,163.330821,1.000000
6683,575.402812,164.833333,1.000000
6684,575.321854,164.153912,1.000000
6685,576.108643,162.847738,1.000000
6686,575.532681,163.806262,1.000000
6687,575.448125,163.528332,1.000000
6688,575.670057,163.459317,1.000000
6689,576.051355,163.813182,1.000000
6690,575.735448,163.205941,1.000000
6691,576.034199,163.741656,1.000000
6692,575.785601,163.590190,1.000000
6693,575.811554,163.612749,1.000000
6694,575.751496,163.788193,1.000000
6695,575.256162,163.523636,1.000000
6696,575.727498,163.150702,1.000000
6697,575.133278,164.851728,1.000000
6698,575.238386,163.478403,1.000000
6699,575.567273,163.752727,1.000000
6700,575.746479,164.981221,1.000000
6701,575.477264,164.634279,1.000000
6702,575.080455,166.411215,1.000000
6703,574.568348,165.562653,1.000000
6704,574.848290,163.881288,1.000000
6705,574.378836,164.345791,1.000000
6706,574.518254,163.913889,1.000000
6707,575.017222,164.150402,1.000000
6708,575.063405,163.994129,1.000000
6709,575.698266,164.312139,1.000000
6710,576.109244,163.344538,1.000000
6711,575.309469,164.925712,1.000000
6712,575.482129,162.820513,1.000000
6713,575.299014,162.236686,1.000000
6714,575.362151,161.175697,1.000000
6715,575.014280,162.765966,1.000000
6716,575.508350,162.279837,1.000000
6717,576.480738,162.520082,1.000000
6718,575.026587,164.544841,1.000000
6719,576.202652,164.053046,1.000000
6720,575.540576,167.885253,1.000000
6721,576.131405,163.954545,1.000000
6722,576.221053,164.230737,1.000000
6723,575.969535,164.444216,1.000000
6724,576.052230,164.268381,1.000000
6725,576.089097,165.692433,1.000000
6726,575.875052,165.768247,1.000000
6727,575.653028,164.937807,1.000000
6728,575.447956,166.775811,1.000000
6729,575.399330,164.079113,1.000000
6730,576.224819,163.374698,1.000000
6731,576.200720,161.927229,1.000000
6732,576.138855,164.231562,1.000000
6733,575.706748,164.965235,1.000000
6734,575.124706,164.728627,1.000000
6735,575.484658,164.231314,1.000000
6736,575.896741,163.857087,1.000000
6737,575.689168,163.622057,1.000000
6738,575.938348,164.697493,1.000000
6739,576.078318,164.159110,1.000000
6740,575.895230,164.236853,1.000000
6741,576.226137,163.784105,1.000000
6742,576.731320,162.341017,1.000000
6743,575.950772,163.424698,1.000000
6744,574.775915,169.426555,1.000000
6745,575.531703,164.081227,1.000000
6746,575.102453,163.442642,1.000000
6747,575.250108,164.718249,1.000000
6748,575.836834,164.136511,1.000000
6749,575.857143,164.077104,1.000000
6750,576.204452,163.801319,1.000000
6751,575.440016,163.542271,1.000000
6752,575.284193,164.025799,1.000000
6753,574.906950,164.339768,1.000000
6754,575.399164,163.848842,1.000000
6755,574.906504,165.406504,1.000000
6756,575.171680,165.991208,1.000000
6757,574.613819,165.619754,1.000000
6758,574.742505,163.955647,1.000000
6759,574.839264,165.157464,1.000000
6760,574.628840,164.552901,1.000000
6761,574.678074,164.512137,1.000000
6762,575.358769,164.708263,1.000000
6763,575.420320,165.438755,1.000000
6764,574.252772,164.168071,1.000000
6765,574.373556,165.212666,1.000000
6766,574.285294,165.564706,1.000000
6767,574.282486,165.590613,1.000000
6768,573.988636,165.464226,1.000000
6769,574.002850,165.257736,1.000000
6770,575.001730,163.925606,1.000000
6771,574.640571,163.644464,1.000000
6772,573.842150,166.247143,1.000000
6773,573.692443,165.080404,1.000000
6774,574.412310,164.677066,1.000000
6775,574.963718,165.053812,1.000000
6776,574.415688,167.947148,1.000000
6777,575.432165,166.791753,1.000000
6778,575.443929,166.049747,1.000000
6779,575.465759,165.313619,1.000000
6780,574.476446,167.356198,1.000000
6781,575.723098,164.792886,1.000000
6782,575.331581,162.824354,1.000000
6783,575.447075,162.919160,1.000000
6784,575.865646,164.339711,1.000000
6785,575.856231,164.103786,1.000000
6786,576.229811,165.150773,1.000000
6787,575.628502,165.311815,1.000000
6788,575.258834,164.907195,1.000000
6789,575.118080,163.948529,1.000000
6790,579.184091,179.357576,1.000000
6791,575.939619,161.251277,1.000000
6792,575.412162,164.125845,1.000000
6793,574.869947,165.139719,1.000000
6794,574.880503,165.472537,1.000000
6795,574.611688,165.507792,1.000000
6796,575.500435,164.355527,1.000000
6797,575.946578,162.592654,1.000000
6798,575.181669,164.644061,1.000000
6799,575.132645,165.342975,1.000000
6800,575.321488,164.090496,1.000000
6801,574.665299,166.545939,1.000000
6802,574.955774,166.633088,1.000000
6803,574.388468,165.571970,1.000000
6804,574.393517,166.109971,1.000000
6805,574.688595,165.780436,1.000000
6806,574.226833,165.860999,1.000000
6807,574.647957,165.548494,1.000000
6808,574.306380,165.553840,1.000000
6809,573.957932,163.371604,1.000000
6810,574.138401,163.351933,1.000000
6811,575.151868,163.929289,1.000000
6812,575.390127,163.356290,1.000000
6813,575.735409,160.890186,1.000000
6814,575.530048,162.065716,1.000000
6815,575.882776,160.703343,1.000000
6816,575.341717,161.773634,1.000000
6817,575.192966,162.444239,1.000000
6818,574.267827,164.532258,1.000000
6819,574.299788,164.323142,1.000000
6820,574.340687,164.211710,1.000000
6821,574.729512,163.068631,1.000000
6822,574.879648,163.875650,1.000000
6823,574.750000,163.607772,1.000000
6824,574.557478,163.487433,1.000000
6825,575.375869,161.026176,1.000000
6826,573.960352,164.561073,1.000000
6827,573.983607,164.858197,1.000000
6828,574.666252,164.780822,1.000000
6829,573.705281,166.458688,1.000000
6830,573.850459,167.034106,1.000000
6831,573.778059,166.518987,1.000000
6832,574.093572,165.961351,1.000000
6833,574.056894,165.269103,1.000000
6834,574.396650,165.799020,1.000000
6835,574.437376,164.705765,1.000000
6836,574.512760,165.910876,1.000000
6837,574.579623,166.094264,1.000000
6838,574.515103,165.270238,1.000000
6839,574.319157,165.072734,1.000000
6840,574.541300,165.051572,1.000000
6841,574.319404,164.952007,1.000000
6842,574.839935,164.048183,1.000000
6843,575.586650,161.349088,1.000000
6844,574.465532,163.856457,1.000000
6845,574.550611,163.285777,1.000000
6846,574.478880,163.067586,1.000000
6847,574.400084,164.576679,1.000000
6848,573.834197,164.754318,1.000000
6849,573.712209,163.482558,1.000000
6850,573.976959,162.658148,1.000000
6851,573.866818,160.603182,1.000000
6852,573.304265,158.237915,1.000000
6853,573.625118,157.825307,1.000000
6854,573.656906,161.140734,1.000000
6855,573.479570,161.237849,1.000000
6856,572.917517,162.612670,1.000000
6857,572.605875,162.923718,1.000000
6858,573.323555,161.490940,1.000000
6859,572.889434,162.095854,1.000000
6860,574.022268,161.809072,1.000000
6861,574.740694,161.590548,1.000000
6862,573.280856,165.400084,1.000000
6863,573.367099,164.815640,1.000000
6864,573.282368,164.499574,1.000000
6865,573.566542,163.882770,1.000000
6866,573.052052,164.210326,1.000000
6867,573.103858,164.185248,1.000000
6868,573.185059,163.897284,1.000000
6869,572.599232,165.005548,1.000000
6870,572.882049,165.219974,1.000000
6871,573.102148,164.198622,1.000000
6872,572.852841,164.919423,1.000000
6873,572.917059,164.870885,1.000000
6874,573.018228,164.306486,1.000000
6875,573.134034,164.637395,1.000000
6876,572.788987,165.089954,1.000000
6877,572.946918,164.397260,1.000000
6878,573.050082,164.599343,1.000000
6879,573.470635,164.288889,1.000000
6880,573.903175,164.263818,1.000000
6881,573.111376,164.645982,1.000000
6882,573.285886,164.341863,1.000000
6883,572.892421,164.607987,1.000000
6884,573.337942,164.206995,1.000000
6885,573.410548,163.883570,1.000000
6886,573.391018,165.340338,1.000000
6887,573.477019,165.743685,1.000000
6888,573.992333,164.415658,1.000000
6889,574.007261,164.207342,1.000000
6890,573.961007,163.880585,1.000000
6891,573.972795,162.852020,1.000000
6892,574.213223,162.270661,1.000000
6893,573.942529,163.097488,1.000000
6894,573.617413,162.596065,1.000000
6895,573.290762,163.284376,1.000000
6896,572.976522,161.877826,1.000000
6897,574.310081,159.943145,1.000000
6898,573.615227,162.137536,1.000000
6899,573.650182,163.074990,1.000000
6900,573.520458,162.694763,1.000000
6901,573.770620,162.450554,1.000000
6902,573.436661,162.770134,1.000000
6903,574.074182,162.186904,1.000000
6904,573.919479,161.813745,1.000000
6905,574.259554,162.432325,1.000000
6906,574.798611,162.185764,1.000000
6907,575.139514,162.113861,1.000000
6908,574.934089,161.720403,1.000000
6909,573.847094,162.639006,1.000000
6910,573.828060,162.372606,1.000000
6911,573.636842,163.536842,1.000000
6912,573.497741,163.400000,1.000000
6913,574.191007,163.656353,1.000000
6914,574.494647,162.093362,1.000000
6915,573.998237,163.841340,1.000000
6916,574.162921,163.951167,1.000000
6917,574.234006,163.084586,1.000000
6918,574.471714,162.724626,1.000000
6919,574.454889,163.522451,1.000000
6920,574.674115,163.378162,1.000000
6921,575.080320,163.767031,1.000000
6922,574.532306,164.099273,1.000000
6923,574.056651,163.731011,1.000000
6924,574.271257,164.755703,1.000000
6925,574.076409,163.896033,1.000000
6926,574.611953,163.443717,1.000000
6927,575.236072,162.402004,1.000000
6928,574.373415,164.533333,1.000000
6929,574.295501,164.708626,1.000000
6930,574.119323,164.594137,1.000000
6931,573.665180,164.597487,1.000000
6932,573.616849,164.161604,1.000000
6933,574.529984,162.238318,1.000000
6934,573.607199,163.573944,1.000000
6935,573.813599,164.183665,1.000000
6936,573.900363,163.979427,1.000000
6937,574.220353,163.151005,1.000000
6938,574.223776,164.297820,1.000000
6939,574.304043,162.182343,1.000000
6940,573.953833,162.850783,1.000000
6941,574.087076,163.636722,1.000000
6942,573.962580,163.830016,1.000000
6943,573.731987,163.992478,1.000000
6944,573.632783,164.380771,1.000000
6945,574.379370,163.867069,1.000000
6946,574.067725,164.241943,1.000000
6947,574.708295,163.284412,1.000000
6948,574.780828,163.447345,1.000000
6949,574.533071,163.811651,1.000000
6950,574.730855,162.445141,1.000000
6951,575.046805,162.356886,1.000000
6952,574.797418,163.310329,1.000000
6953,575.232223,163.788929,1.000000
6954,575.438710,165.334624,1.000000
6955,575.157077,166.400252,1.000000
6956,575.326006,166.245956,1.000000
6957,575.299958,165.037806,1.000000
6958,575.084327,163.563355,1.000000
6959,575.484619,165.105773,1.000000
6960,574.718078,165.447113,1.000000
6961,574.608769,165.289629,1.000000
6962,574.741511,164.861630,1.000000
6963,574.673118,164.186237,1.000000
6964,574.992784,164.087012,1.000000
6965,574.812015,165.312219,1.000000
6966,574.737062,165.963689,1.000000
6967,574.107008,168.547629,1.000000
6968,574.590526,166.663990,1.000000
6969,575.157437,167.074367,1.000000
6970,574.804739,165.055964,1.000000
6971,575.214228,164.367765,1.000000
6972,574.305203,163.156537,1.000000
6973,574.076957,164.897245,1.000000
6974,573.945555,164.066780,1.000000
6975,574.577768,164.705833,1.000000
6976,575.005527,160.974490,1.000000
6977,574.987336,162.151092,1.000000
6978,575.788853,162.592758,1.000000
6979,575.946328,163.558918,1.000000
6980,576.196055,163.477858,1.000000
6981,575.339052,164.984886,1.000000
6982,575.073633,167.416226,1.000000
6983,575.364374,164.320803,1.000000
6984,574.902933,166.368030,1.000000
6985,575.188423,165.804790,1.000000
6986,575.172015,164.020111,1.000000
6987,574.908451,165.127201,1.000000
6988,575.108108,163.546547,1.000000
6989,574.949891,163.562963,1.000000
6990,574.795884,165.651407,1.000000
6991,574.798026,165.592760,1.000000
6992,574.931667,164.793333,1.000000
6993,575.052301,164.589958,1.000000
6994,575.094755,165.639171,1.000000
6995,574.853772,164.672566,1.000000
6996,574.396950,166.699346,1.000000
6997,574.950378,164.986123,1.000000
6998,575.097152,164.723199,1.000000
6999,575.103049,165.504508,1.000000
7000,575.105011,163.857081,1.000000
7001,574.999141,163.903309,1.000000
7002,575.150854,163.337039,1.000000
7003,574.584583,164.706250,1.000000
7004,574.254188,164.606784,1.000000
7005,574.235114,165.204904,1.000000
7006,574.975693,162.758209,1.000000
7007,574.876612,163.487962,1.000000
7008,574.997841,162.425734,1.000000
7009,574.720486,163.551215,1.000000
7010,574.623457,163.635802,1.000000
7011,574.407718,163.543624,1.000000
7012,574.104665,164.450304,1.000000
7013,573.888842,165.381112,1.000000
7014,575.150240,163.042869,1.000000
7015,574.253551,166.088137,1.000000
7016,574.384807,166.033209,1.000000
7017,574.736864,164.031199,1.000000
7018,573.974872,167.504259,1.000000
7019,574.595439,164.986486,1.000000
7020,574.072651,165.889770,1.000000
7021,574.169520,165.222129,1.000000
7022,574.237177,164.753796,1.000000
7023,573.874322,165.977871,1.000000
7024,574.196893,165.440386,1.000000
7025,574.257475,164.907807,1.000000
7026,574.461963,164.318317,1.000000
7027,574.863370,166.056161,1.000000
7028,574.725294,165.390074,1.000000
7029,574.858991,165.109530,1.000000
7030,574.868080,164.658304,1.000000
7031,574.919756,164.514610,1.000000
7032,574.997422,163.608939,1.000000
7033,575.125589,164.331333,1.000000
7034,574.343158,165.353263,1.000000
7035,574.544960,165.423254,1.000000
7036,574.562582,165.113825,1.000000
7037,574.555506,164.450313,1.000000
7038,574.182968,163.441400,1.000000
7039,574.464668,163.637687,1.000000
7040,574.158796,163.722106,1.000000
7041,574.348460,163.855121,1.000000
7042,573.950340,166.467317,1.000000
7043,574.256137,164.559329,1.000000
7044,574.417917,164.730417,1.000000
7045,574.319060,164.302267,1.000000
7046,574.568522,163.848007,1.000000
7047,574.151356,166.266404,1.000000
7048,574.404427,163.895700,1.000000
7049,574.866253,163.631470,1.000000
7050,575.026567,163.311333,1.000000
7051,575.293902,162.699187,1.000000
7052,574.535787,165.521063,1.000000
7053,575.074422,163.439875,1.000000
7054,574.463542,165.704728,1.000000
7055,575.276000,164.664444,1.000000
7056,574.230092,165.942582,1.000000
7057,574.764517,166.112135,1.000000
7058,574.162781,166.527766,1.000000
7059,573.169134,164.559444,1.000000
7060,573.058616,164.887175,1.000000
7061,573.582565,164.314753,1.000000
7062,573.806908,164.423221,1.000000
7063,573.640879,165.001221,1.000000
7064,574.112351,165.185259,1.000000
7065,573.807773,165.479315,1.000000
7066,573.917094,164.777364,1.000000
7067,573.622005,166.016415,1.000000
7068,573.677661,165.727353,1.000000
7069,573.510545,165.740773,1.000000
7070,574.288219,165.046474,1.000000
7071,574.041684,164.791578,1.000000
7072,574.064031,164.436184,1.000000
7073,574.938078,163.344994,1.000000
7074,574.323963,163.422579,1.000000
7075,574.802870,163.485859,1.000000
7076,574.671280,164.708910,1.000000
7077,574.516571,165.448962,1.000000
7078,574.352734,164.529541,1.000000
7079,574.485339,165.032823,1.000000
7080,574.275753,163.534863,1.000000
7081,573.763908,163.149706,1.000000
7082,573.812671,162.817685,1.000000
7083,574.096913,163.325472,1.000000
7084,574.354960,162.692758,1.000000
7085,574.564979,162.832068,1.000000
7086,574.375527,162.716878,1.000000
7087,574.356743,162.853942,1.000000
7088,574.194024,162.792088,1.000000
7089,573.197701,163.724138,1.000000
7090,573.139150,164.736913,1.000000
7091,572.853037,165.404265,1.000000
7092,573.675875,164.124309,1.000000
7093,574.203139,163.734961,1.000000
7094,574.151778,163.303556,1.000000
7095,573.963896,163.931990,1.000000
7096,574.231972,163.069939,1.000000
7097,573.567639,163.026525,1.000000
7098,573.802956,163.622033,1.000000
7099,574.025586,163.107889,1.000000
7100,573.980358,162.223920,1.000000
7101,573.649956,163.889182,1.000000
7102,573.984204,163.794208,1.000000
7103,573.974116,163.569456,1.000000
7104,573.965804,164.199912,1.000000
7105,574.043460,164.563698,1.000000
7106,574.123561,162.494686,1.000000
7107,573.565236,163.189142,1.000000
7108,574.171632,164.454889,1.000000
7109,574.421481,163.928541,1.000000
7110,573.970289,163.342530,1.000000
7111,573.220175,164.207018,1.000000
7112,573.259894,162.942392,1.000000
7113,573.239859,162.689594,1.000000
7114,573.297550,162.223608,1.000000
7115,573.352055,161.861187,1.000000
7116,573.531081,161.089189,1.000000
7117,574.566974,161.482213,1.000000
7118,574.798349,163.386354,1.000000
7119,574.864831,163.574576,1.000000
7120,574.402696,165.561500,1.000000
7121,574.784431,166.024808,1.000000
7122,575.697984,164.545260,1.000000
7123,574.109244,166.729692,1.000000
7124,574.354533,166.271951,1.000000
7125,574.214705,166.898963,1.000000
7126,574.200173,165.360485,1.000000
7127,574.565310,164.778626,1.000000
7128,573.694177,169.251261,1.000000
7129,574.189304,165.239813,1.000000
7130,573.883619,164.931489,1.000000
7131,573.641484,163.657577,1.000000
7132,574.056674,162.413583,1.000000
7133,574.200192,162.748920,1.000000
7134,574.409031,163.339325,1.000000
7135,574.168321,162.151173,1.000000
7136,574.128989,162.475056,1.000000
7137,573.988584,162.033790,1.000000
7138,574.864048,160.273630,1.000000
7139,574.397374,162.168490,1.000000
7140,574.402960,162.833827,1.000000
7141,573.986565,162.190775,1.000000
7142,573.518811,166.707385,1.000000
7143,573.433500,164.830685,1.000000
7144,573.318596,163.824521,1.000000
7145,573.870067,162.227494,1.000000
7146,573.499286,163.010947,1.000000
7147,573.646054,163.570835,1.000000
7148,573.740036,165.858243,1.000000
7149,573.751834,163.627104,1.000000
7150,573.505804,165.445536,1.000000
7151,573.923641,163.195858,1.000000
7152,574.048866,162.873037,1.000000
7153,573.291914,164.331658,1.000000
7154,573.424460,163.636241,1.000000
7155,573.835020,162.997800,1.000000
7156,573.936135,163.992171,1.000000
7157,574.326212,161.972884,1.000000
7158,574.378926,162.154132,1.000000
7159,574.488154,162.796977,1.000000
7160,574.398925,162.671352,1.000000
7161,573.888037,164.204342,1.000000
7162,573.988466,163.416916,1.000000
7163,573.694647,162.860814,1.000000
7164,574.739866,163.985746,1.000000
7165,574.216216,163.232781,1.000000
7166,574.380094,163.241956,1.000000
7167,573.404489,162.921215,1.000000
7168,573.864313,163.849851,1.000000
7169,573.195122,164.609756,1.000000
7170,573.329987,164.641991,1.000000
7171,573.897625,164.868550,1.000000
7172,573.996790,164.455457,1.000000
7173,574.204590,163.259201,1.000000
7174,573.693259,164.168329,1.000000
7175,574.204718,163.255898,1.000000
7176,574.422177,163.487885,1.000000
7177,574.056208,163.502936,1.000000
7178,573.986418,163.637946,1.000000
7179,574.102898,164.170097,1.000000
7180,574.144879,164.438385,1.000000
7181,574.032726,164.278790,1.000000
7182,574.952922,162.272321,1.000000
7183,574.490323,162.406452,1.000000
7184,574.809907,161.994073,1.000000
7185,574.852794,162.527940,1.000000
7186,574.407705,164.405297,1.000000
7187,574.562975,163.031587,1.000000
7188,574.651891,163.329402,1.000000
7189,574.697984,164.204435,1.000000
7190,574.471771,164.648879,1.000000
7191,574.510604,165.074830,1.000000
7192,574.665223,165.801891,1.000000
7193,574.584986,165.119409,1.000000
7194,574.452941,164.550980,1.000000
7195,575.050176,162.673461,1.000000
7196,574.551468,163.461057,1.000000
7197,574.847537,163.568804,1.000000
7198,574.365971,165.971910,1.000000
7199,575.303181,164.568417,1.000000
7200,575.611483,165.203303,1.000000
7201,574.273102,164.634076,1.000000
7202,574.153783,165.979141,1.000000
7203,574.063681,167.412490,1.000000
7204,574.287435,166.415496,1.000000
7205,574.001603,168.049299,1.000000
7206,574.115164,167.198361,1.000000
7207,574.387849,167.455680,1.000000
7208,574.450145,168.444353,1.000000
7209,574.597188,167.929280,1.000000
7210,574.095515,168.095515,1.000000
7211,574.726592,167.865169,1.000000
7212,573.330896,173.251828,1.000000
7213,573.601839,173.325517,1.000000
7214,574.198506,169.708726,1.000000
7215,574.722137,168.179008,1.000000
7216,574.140224,170.177885,1.000000
7217,574.843660,167.319245,1.000000
7218,574.730521,168.086096,1.000000
7219,572.879419,172.577724,1.000000
7220,573.988722,173.345865,1.000000
7221,574.041952,168.339897,1.000000
7222,573.458006,169.704592,1.000000
7223,573.643088,167.052142,1.000000
7224,573.503226,168.965591,1.000000
7225,574.863798,166.906830,1.000000
7226,575.169143,167.718857,1.000000
7227,575.457427,166.665315,1.000000
7228,575.094223,167.419930,1.000000
7229,574.847626,169.155819,1.000000
7230,574.876823,168.702993,1.000000
7231,575.465986,168.298942,1.000000
7232,574.482334,171.147281,1.000000
7233,574.768110,169.588731,1.000000
7234,574.435694,170.980214,1.000000
7235,575.610546,167.634275,1.000000
7236,575.606083,168.039429,1.000000
7237,574.903374,169.556365,1.000000
7238,575.857039,168.381469,1.000000
7239,574.912475,168.489901,1.000000
7240,580.284314,191.268477,1.000000
7241,576.280441,168.513699,1.000000
7242,575.915138,169.373471,1.000000
7243,575.697940,170.895879,1.000000
7244,575.470043,172.587375,1.000000
7245,575.448470,171.665142,1.000000
7246,576.170863,170.125180,1.000000
7247,575.744611,170.325539,1.000000
7248,575.289665,169.774381,1.000000
7249,573.341453,173.438893,1.000000
7250,575.694703,172.596278,1.000000
7251,575.467033,174.562637,1.000000
7252,575.934274,172.937027,1.000000
7253,576.539322,172.708136,1.000000
7254,575.862293,175.608147,1.000000
7255,575.785043,175.281043,1.000000
7256,575.961213,175.771509,1.000000
7257,576.081484,175.455964,1.000000
7258,576.927859,174.525266,1.000000
7259,575.916444,173.773396,1.000000
7260,575.910952,175.605595,1.000000
7261,575.540598,175.093497,1.000000
7262,575.946834,175.431087,1.000000
7263,576.495884,173.851169,1.000000
7264,576.478878,176.013180,1.000000
7265,576.194454,176.363206,1.000000
7266,576.007437,176.391481,1.000000
7267,575.737021,175.594842,1.000000
7268,575.906604,175.664109,1.000000
7269,576.020951,176.132690,1.000000
7270,575.933198,176.003374,1.000000
7271,576.462796,175.622623,1.000000
7272,575.814852,174.522550,1.000000
7273,575.840041,175.091746,1.000000
7274,575.622015,174.611976,1.000000
7275,575.904419,174.598150,1.000000
7276,575.842141,174.718257,1.000000
7277,575.825213,175.510733,1.000000
7278,576.261937,175.386685,1.000000
7279,575.846049,175.638385,1.000000
7280,575.636521,175.326057,1.000000
7281,575.743722,175.436189,1.000000
7282,576.150264,174.923382,1.000000
7283,576.233400,175.320717,1.000000
7284,576.346371,173.565794,1.000000
7285,576.274483,175.477804,1.000000
7286,575.790063,176.457663,1.000000
7287,576.241826,175.387602,1.000000
7288,576.298160,175.635890,1.000000
7289,576.059202,174.897835,1.000000
7290,576.056501,175.137509,1.000000
7291,576.171244,175.228213,1.000000
7292,575.941258,176.540774,1.000000
7293,575.807784,176.351997,1.000000
7294,575.787513,174.860692,1.000000
7295,576.147947,175.706481,1.000000
7296,576.170508,175.126780,1.000000
7297,576.210490,175.231608,1.000000
7298,576.519732,174.244147,1.000000
7299,575.883600,176.560806,1.000000
7300,575.998961,176.513682,1.000000
7301,576.152881,175.771186,1.000000
7302,576.613953,176.232226,1.000000
7303,576.406387,176.576471,1.000000
7304,576.036271,176.406780,1.000000
7305,576.198037,176.254570,1.000000
7306,575.770143,174.745030,1.000000
7307,576.197568,174.733874,1.000000
7308,575.449200,175.775226,1.000000
7309,576.013432,175.071189,1.000000
7310,576.284317,175.918381,1.000000
7311,576.191251,175.662937,1.000000
7312,576.334570,175.218550,1.000000
7313,575.657331,174.613071,1.000000
7314,575.739544,174.150289,1.000000
7315,576.169267,175.386703,1.000000
7316,575.727115,175.131415,1.000000
7317,575.191369,172.893527,1.000000
7318,574.258837,175.232695,1.000000
7319,574.233804,175.071299,1.000000
7320,574.688103,175.823866,1.000000
7321,574.963056,175.008250,1.000000
7322,575.432712,175.094893,1.000000
7323,575.622028,174.912937,1.000000
7324,574.973198,175.312206,1.000000
7325,574.715213,175.705840,1.000000
7326,575.710104,176.027490,1.000000
7327,576.021030,175.497825,1.000000
7328,575.302762,175.706091,1.000000
7329,575.025180,175.525540,1.000000
7330,574.609937,174.736082,1.000000
7331,574.958609,174.936348,1.000000
7332,575.040958,175.229781,1.000000
7333,575.149228,175.397472,1.000000
7334,575.647972,175.662434,1.000000
7335,575.157264,174.491537,1.000000
7336,575.491407,175.244826,1.000000
7337,575.339876,175.294077,1.000000
7338,575.255537,175.255877,1.000000
7339,575.319932,175.159459,1.000000
7340,575.355809,175.504495,1.000000
7341,575.503561,175.629986,1.000000
7342,575.832993,175.703741,1.000000
7343,575.361224,175.554762,1.000000
7344,575.218803,175.539145,1.000000
7345,575.218739,175.570623,1.000000
7346,571.680763,175.194913,1.000000
7347,574.608726,174.377084,1.000000
7348,575.200771,174.273301,1.000000
7349,575.040354,175.243186,1.000000
7350,575.864419,175.410330,1.000000
7351,576.010997,174.525660,1.000000
7352,575.667521,173.130721,1.000000
7353,576.361642,173.151451,1.000000
7354,576.212869,174.377853,1.000000
7355,575.090798,172.814739,1.000000
7356,575.132258,173.981452,1.000000
7357,575.807991,174.475562,1.000000
7358,574.977245,174.546932,1.000000
7359,575.084752,174.723960,1.000000
7360,574.728899,174.094516,1.000000
7361,574.707075,173.555644,1.000000
7362,574.574551,173.478923,1.000000
7363,574.946340,174.549636,1.000000
7364,574.728616,174.769440,1.000000
7365,575.116734,174.402660,1.000000
7366,575.220490,173.293987,1.000000
7367,575.690830,174.395796,1.000000
7368,574.988095,174.717742,1.000000
7369,574.980206,174.842025,1.000000
7370,574.784463,174.340823,1.000000
7371,574.192015,174.625095,1.000000
7372,574.431946,174.691789,1.000000
7373,575.221561,175.625481,1.000000
7374,574.500368,176.216863,1.000000
7375,574.439256,178.342825,1.000000
7376,574.176152,177.530391,1.000000
7377,574.195815,176.884903,1.000000
7378,574.041572,176.340892,1.000000
7379,574.293748,175.832038,1.000000
7380,574.773050,175.874823,1.000000
7381,574.745751,175.907224,1.000000
7382,574.813249,176.062016,1.000000
7383,575.013458,177.034161,1.000000
7384,574.943642,175.295174,1.000000
7385,575.060211,176.301408,1.000000
7386,574.968082,176.392234,1.000000
7387,574.636975,178.886723,1.000000
7388,574.719192,176.921212,1.000000
7389,574.416949,178.603729,1.000000
7390,574.330659,177.480776,1.000000
7391,573.816438,180.338356,1.000000
7392,573.718225,179.646940,1.000000
7393,573.858812,179.035714,1.000000
7394,573.918964,177.752522,1.000000
7395,574.129431,179.172241,1.000000
7396,573.787349,177.751682,1.000000
7397,574.108630,178.624792,1.000000
7398,574.127807,178.642338,1.000000
7399,573.722260,177.902909,1.000000
7400,574.009088,178.459778,1.000000
7401,574.132845,178.543236,1.000000
7402,574.062500,179.316940,1.000000
7403,574.385067,179.321161,1.000000
7404,573.533356,178.740300,1.000000
7405,573.542967,178.150474,1.000000
7406,573.621138,178.751756,1.000000
7407,573.886103,179.843481,1.000000
7408,573.927196,179.135457,1.000000
7409,574.008975,179.400414,1.000000
7410,573.494454,178.465116,1.000000
7411,573.646346,178.083066,1.000000
7412,573.881410,178.272436,1.000000
7413,573.870073,178.850365,1.000000
7414,573.796543,178.787180,1.000000
7415,573.920789,178.732258,1.000000
7416,574.288509,178.058698,1.000000
7417,573.940728,179.388562,1.000000
7418,573.862926,179.463068,1.000000
7419,574.548760,178.641983,1.000000
7420,573.718217,177.763845,1.000000
7421,573.794483,177.967241,1.000000
7422,573.913602,177.933033,1.000000
7423,573.400935,178.555556,1.000000
7424,573.580462,177.973357,1.000000
7425,573.436470,177.811424,1.000000
7426,573.663892,178.723899,1.000000
7427,573.980399,178.966881,1.000000
7428,573.553885,178.074472,1.000000
7429,573.831601,178.628898,1.000000
7430,574.007448,178.608328,1.000000
7431,573.652100,178.017412,1.000000
7432,574.029637,177.799201,1.000000
7433,574.319114,176.914683,1.000000
7434,574.343137,176.732590,1.000000
7435,574.167361,178.118403,1.000000
7436,574.179993,178.548678,1.000000
7437,574.582030,176.689517,1.000000
7438,574.949456,175.058617,1.000000
7439,575.021605,176.208505,1.000000
7440,574.773738,177.286622,1.000000
7441,574.705124,177.983618,1.000000
7442,574.703028,176.389274,1.000000
7443,575.314860,176.635262,1.000000
7444,574.519315,176.354048,1.000000
7445,574.974253,176.387158,1.000000
7446,574.507428,176.184549,1.000000
7447,574.661141,176.078581,1.000000
7448,574.086971,177.652451,1.000000
7449,574.091091,177.685018,1.000000
7450,573.660740,183.363570,1.000000
7451,574.305836,176.388653,1.000000
7452,574.153484,175.892292,1.000000
7453,573.469574,178.015477,1.000000
7454,573.828114,176.855003,1.000000
7455,574.235551,177.713374,1.000000
7456,573.952655,177.352384,1.000000
7457,574.004110,177.077397,1.000000
7458,574.158810,177.165162,1.000000
7459,574.524733,175.953877,1.000000
7460,574.123767,176.878613,1.000000
7461,573.732424,177.345226,1.000000
7462,573.700676,177.672635,1.000000
7463,573.957262,178.253422,1.000000
7464,574.910370,176.452731,1.000000
7465,574.541807,177.439987,1.000000
7466,574.355696,176.833610,1.000000
7467,574.559868,176.280263,1.000000
7468,574.145215,177.544224,1.000000
7469,573.774563,178.320323,1.000000
7470,573.611036,177.597833,1.000000
7471,573.581601,178.252470,1.000000
7472,573.859495,177.844429,1.000000
7473,573.319886,176.955373,1.000000
7474,573.864828,178.036897,1.000000
7475,573.708768,178.243215,1.000000
7476,573.803942,177.870332,1.000000
7477,574.297261,177.633267,1.000000
7478,574.413333,177.418333,1.000000
7479,574.415976,178.516738,1.000000
7480,574.083249,179.229442,1.000000
7481,573.454949,177.346416,1.000000
7482,574.074864,178.679201,1.000000
7483,574.665471,176.680143,1.000000
7484,574.554241,176.941486,1.000000
7485,574.510464,176.831262,1.000000
7486,573.486735,177.794482,1.000000
7487,573.255258,176.126916,1.000000
7488,573.223022,177.545683,1.000000
7489,573.716156,176.015501,1.000000
7490,573.601909,175.698023,1.000000
7491,573.048624,176.643189,1.000000
7492,573.660625,175.840441,1.000000
7493,573.868078,175.298765,1.000000
7494,573.721120,175.215450,1.000000
7495,573.648571,173.870000,1.000000
7496,573.626226,174.611333,1.000000
7497,573.544838,174.412585,1.000000
7498,573.150936,173.611005,1.000000
7499,573.613429,174.729894,1.000000
7500,573.041307,174.651896,1.000000
7501,572.809032,173.786835,1.000000
7502,574.018904,175.163580,1.000000
7503,573.964504,174.616412,1.000000
7504,573.590176,175.120601,1.000000
7505,573.460902,173.692857,1.000000
7506,574.064257,174.209931,1.000000
7507,574.219360,174.611336,1.000000
7508,574.254916,175.789148,1.000000
7509,574.356208,175.296427,1.000000
7510,574.231343,176.286070,1.000000
7511,572.875930,176.001690,1.000000
7512,574.226868,174.952365,1.000000
7513,574.010771,174.531619,1.000000
7514,574.719173,172.868564,1.000000
7515,574.592119,173.173122,1.000000
7516,574.757794,173.499829,1.000000
7517,574.846048,173.154643,1.000000
7518,574.821330,173.114266,1.000000
7519,573.975917,173.729331,1.000000
7520,574.188369,173.224214,1.000000
7521,573.851690,174.646310,1.000000
7522,573.719311,173.937706,1.000000
7523,573.309263,173.989059,1.000000
7524,573.448427,174.985735,1.000000
7525,573.354468,175.302188,1.000000
7526,573.639463,175.120058,1.000000
7527,573.625368,173.484191,1.000000
7528,574.741736,172.757356,1.000000
7529,574.231218,173.578388,1.000000
7530,574.936587,173.902031,1.000000
7531,574.779385,173.930664,1.000000
7532,575.061973,174.202787,1.000000
7533,574.824675,174.678380,1.000000
7534,575.415165,175.530405,1.000000
7535,575.157094,174.625713,1.000000
7536,574.981712,173.316732,1.000000
7537,575.548898,170.663703,1.000000
7538,575.567010,170.500955,1.000000
7539,574.240048,172.189889,1.000000
7540,574.907601,169.569672,1.000000
7541,574.812918,170.651438,1.000000
7542,574.320508,170.836573,1.000000
7543,574.797101,170.482178,1.000000
7544,574.697280,170.053607,1.000000
7545,574.405589,171.486627,1.000000
7546,574.549501,169.919800,1.000000
7547,574.749705,170.941454,1.000000
7548,574.783659,169.478711,1.000000
7549,574.951494,169.716337,1.000000
7550,574.545239,169.683129,1.000000
7551,574.889930,169.165105,1.000000
7552,574.915943,169.103788,1.000000
7553,574.910700,169.244296,1.000000
7554,574.746120,169.976124,1.000000
7555,574.162442,171.814900,1.000000
7556,574.485934,170.513295,1.000000
7557,574.154983,170.433498,1.000000
7558,574.234011,170.539503,1.000000
7559,574.095111,169.864018,1.000000
7560,573.769479,170.300363,1.000000
7561,573.714115,170.132803,1.000000
7562,574.104103,168.992021,1.000000
7563,574.860072,182.381343,1.000000
7564,574.003882,167.674301,1.000000
7565,574.163421,169.663230,1.000000
7566,574.234799,170.762141,1.000000
7567,574.312572,170.395109,1.000000
7568,575.032484,168.299003,1.000000
7569,574.090267,170.395997,1.000000
7570,573.964547,169.775337,1.000000
7571,574.058594,170.199219,1.000000
7572,573.919257,170.246266,1.000000
7573,573.960408,169.553116,1.000000
7574,573.586302,169.384402,1.000000
7575,574.066834,169.911863,1.000000
7576,574.203058,168.043512,1.000000
7577,574.927013,167.422498,1.000000
7578,574.709870,167.824581,1.000000
7579,574.791777,167.186722,1.000000
7580,574.615931,166.648265,1.000000
7581,574.360742,165.540911,1.000000
7582,574.229084,165.633865,1.000000
7583,574.020589,165.932580,1.000000
7584,574.003945,166.798817,1.000000
7585,574.360876,167.406995,1.000000
7586,574.545347,167.981782,1.000000
7587,574.727159,165.631229,1.000000
7588,574.208351,163.795058,1.000000
7589,574.673358,164.258469,1.000000
7590,574.311663,164.863278,1.000000
7591,574.395105,164.376068,1.000000
7592,574.333067,165.370208,1.000000
7593,574.280825,164.191340,1.000000
7594,574.432234,161.889703,1.000000
7595,574.943709,160.169702,1.000000
7596,575.102893,159.920248,1.000000
7597,573.136543,161.750547,1.000000
7598,573.413826,160.078125,1.000000
7599,574.052791,162.125487,1.000000
7600,573.883914,163.236733,1.000000
7601,573.750923,163.654904,1.000000
7602,573.767070,162.367928,1.000000
7603,573.209080,163.128236,1.000000
7604,572.825577,164.258281,1.000000
7605,573.723636,162.428283,1.000000
7606,573.760691,162.858141,1.000000
7607,573.598491,162.769489,1.000000
7608,573.515904,162.325490,1.000000
7609,573.161135,162.041921,1.000000
7610,572.820715,163.119384,1.000000
7611,572.764829,163.054302,1.000000
7612,572.644538,162.354622,1.000000
7613,573.031392,162.427922,1.000000
7614,572.386117,162.153579,1.000000
7615,573.330512,160.001693,1.000000
7616,572.968916,161.795910,1.000000
7617,573.133903,162.192511,1.000000
7618,572.825092,163.376788,1.000000
7619,572.995456,162.655927,1.000000
7620,573.199099,163.249488,1.000000
7621,574.750828,160.134106,1.000000
7622,572.815698,165.382047,1.000000
7623,574.165108,159.592517,1.000000
7624,573.989482,160.492314,1.000000
7625,573.927071,159.977804,1.000000
7626,573.261532,162.051344,1.000000
7627,573.644462,161.203451,1.000000
7628,573.734590,162.600314,1.000000
7629,573.012780,163.197684,1.000000
7630,573.242460,160.877399,1.000000
7631,572.638044,162.160641,1.000000
7632,572.394389,162.359323,1.000000
7633,572.464033,161.646154,1.000000
7634,572.112446,161.664378,1.000000
7635,572.840343,161.426705,1.000000
7636,572.738143,161.956556,1.000000
7637,572.713462,161.011939,1.000000
7638,573.154557,161.850903,1.000000
7639,572.153168,160.706672,1.000000
7640,572.557131,160.346434,1.000000
7641,572.870492,160.039344,1.000000
7642,572.635593,160.230831,1.000000
7643,572.854167,160.508013,1.000000
7644,573.030769,161.323482,1.000000
7645,573.015656,160.922923,1.000000
7646,572.986427,159.648303,1.000000
7647,573.041536,160.662226,1.000000
7648,572.420147,159.357903,1.000000
7649,572.837621,161.183682,1.000000
7650,573.130729,160.579115,1.000000
7651,572.758635,162.260508,1.000000
7652,573.001214,161.023058,1.000000
7653,573.882743,160.478379,1.000000
7654,572.763754,161.773463,1.000000
7655,572.847996,169.297762,1.000000
7656,572.781876,165.012295,1.000000
7657,572.955823,163.866131,1.000000
7658,573.756801,161.637028,1.000000
7659,573.406211,162.045135,1.000000
7660,573.339770,161.935497,1.000000
7661,573.506655,161.557750,1.000000
7662,572.950132,162.555605,1.000000
7663,572.860260,160.691565,1.000000
7664,572.693582,160.531263,1.000000
7665,572.578010,159.674489,1.000000
7666,572.406894,160.722573,1.000000
7667,572.672297,160.183699,1.000000
7668,572.341325,159.839902,1.000000
7669,572.445565,159.773855,1.000000
7670,572.862170,161.392543,1.000000
7671,572.531379,160.046243,1.000000
7672,572.738275,159.100084,1.000000
7673,572.793887,159.242049,1.000000
7674,572.557507,159.282309,1.000000
7675,573.088608,158.683953,1.000000
7676,573.034974,158.954046,1.000000
7677,573.497665,160.895331,1.000000
7678,573.376521,161.058500,1.000000
7679,573.346444,160.529996,1.000000
7680,573.117334,159.005315,1.000000
7681,573.157113,158.672165,1.000000
7682,572.896395,158.383340,1.000000
7683,572.554797,158.509595,1.000000
7684,572.663830,158.178723,1.000000
7685,572.801350,157.749473,1.000000
7686,573.507548,157.732762,1.000000
7687,572.819117,157.033005,1.000000
7688,572.933742,158.282209,1.000000
7689,572.840343,159.766435,1.000000
7690,573.268152,159.056518,1.000000
7691,572.815113,160.700965,1.000000
7692,573.085047,161.215585,1.000000
7693,573.009956,160.860215,1.000000
7694,573.393350,158.396999,1.000000
7695,573.207963,159.244298,1.000000
7696,573.901344,157.566603,1.000000
7697,573.255547,159.783677,1.000000
7698,572.758116,161.220111,1.000000
7699,573.104192,159.599202,1.000000
7700,572.778275,160.906835,1.000000
7701,572.878451,158.819118,1.000000
7702,573.186774,159.301804,1.000000
7703,572.954933,158.645554,1.000000
7704,572.797799,158.466368,1.000000
7705,573.085014,160.008699,1.000000
7706,573.209448,158.539716,1.000000
7707,573.643608,159.416667,1.000000
7708,573.726157,160.857934,1.000000
7709,573.599358,160.116419,1.000000
7710,573.930724,160.892759,1.000000
7711,573.692677,159.995998,1.000000
7712,573.781628,158.511684,1.000000
7713,573.629019,159.165705,1.000000
7714,573.939231,159.256304,1.000000
7715,573.998361,159.172541,1.000000
7716,573.917564,159.530240,1.000000
7717,573.880165,159.928099,1.000000
7718,574.289246,159.403379,1.000000
7719,574.402834,159.431579,1.000000
7720,574.530726,160.748603,1.000000
7721,573.990393,160.236424,1.000000
7722,574.020048,160.729350,1.000000
7723,573.716074,161.410339,1.000000
7724,573.866327,159.323011,1.000000
7725,573.853669,158.842127,1.000000
7726,573.154717,158.507338,1.000000
7727,573.317573,157.743515,1.000000
7728,573.390898,158.744007,1.000000
7729,572.901786,160.939201,1.000000
7730,573.139138,160.204012,1.000000
7731,573.706126,159.379553,1.000000
7732,573.392602,159.886087,1.000000
7733,572.955061,160.017220,1.000000
7734,573.407830,159.871533,1.000000
7735,573.285946,159.861495,1.000000
7736,573.408303,160.592100,1.000000
7737,573.158408,160.987409,1.000000
7738,574.015510,159.028693,1.000000
7739,573.265347,160.790388,1.000000
7740,574.046285,159.194866,1.000000
7741,573.097541,160.917213,1.000000
7742,573.606279,160.035214,1.000000
7743,573.582660,159.576286,1.000000
7744,573.532770,159.695983,1.000000
7745,573.565739,158.887366,1.000000
7746,573.318580,159.485101,1.000000
7747,573.444536,160.068041,1.000000
7748,573.757309,159.880256,1.000000
7749,573.238276,161.862695,1.000000
7750,573.190823,161.536021,1.000000
7751,573.194055,160.397605,1.000000
7752,573.302092,159.751810,1.000000
7753,573.108775,159.215932,1.000000
7754,573.105370,159.111880,1.000000
7755,572.438649,160.523301,1.000000
7756,572.412712,160.488559,1.000000
7757,572.995060,161.243722,1.000000
7758,572.966252,161.313781,1.000000
7759,573.017921,161.802469,1.000000
7760,573.780685,159.442863,1.000000
7761,574.013303,159.627898,1.000000
7762,573.721553,160.502913,1.000000
7763,572.996361,159.226446,1.000000
7764,572.857032,160.397520,1.000000
7765,572.981050,160.522700,1.000000
7766,572.960436,159.815099,1.000000
7767,572.812953,163.037007,1.000000
7768,573.582151,160.556012,1.000000
7769,573.560236,160.178346,1.000000
7770,572.994668,159.444217,1.000000
7771,572.901108,159.132540,1.000000
7772,572.632170,158.492934,1.000000
7773,573.043666,159.774980,1.000000
7774,573.106114,159.556213,1.000000
7775,573.437984,160.432558,1.000000
7776,573.484363,159.946833,1.000000
7777,573.681426,159.548197,1.000000
7778,572.844863,158.868195,1.000000
7779,572.771559,158.308872,1.000000
7780,573.500583,160.427071,1.000000
7781,572.743449,160.053578,1.000000
7782,572.900465,158.936483,1.000000
7783,573.089546,158.431118,1.000000
7784,572.926945,155.668242,1.000000
7785,572.836447,156.831050,1.000000
7786,572.588866,156.852784,1.000000
7787,572.423941,158.024633,1.000000
7788,572.876468,159.671932,1.000000
7789,572.891667,159.607937,1.000000
7790,572.783951,159.103292,1.000000
7791,572.805205,157.833266,1.000000
7792,572.897695,158.160129,1.000000
7793,572.948395,158.461195,1.000000
7794,573.189905,157.637567,1.000000
7795,573.420749,157.140799,1.000000
7796,573.517065,157.098549,1.000000
7797,573.823428,157.199828,1.000000
7798,573.582121,157.811805,1.000000
7799,573.842905,157.198057,1.000000
7800,573.723180,157.190156,1.000000
7801,573.435165,156.676484,1.000000
7802,572.730736,157.589755,1.000000
7803,573.590432,155.942929,1.000000
7804,573.682845,156.105858,1.000000
7805,573.206784,157.683286,1.000000
7806,572.517562,157.608125,1.000000
7807,572.451153,157.574843,1.000000
7808,572.403947,157.607018,1.000000
7809,572.659466,158.850064,1.000000
7810,572.947955,159.279223,1.000000
7811,572.521937,158.237583,1.000000
7812,572.540240,157.188356,1.000000
7813,572.282118,159.462240,1.000000
7814,572.883209,158.331671,1.000000
7815,572.887190,157.848347,1.000000
7816,572.507302,158.778780,1.000000
7817,573.628297,157.075140,1.000000
7818,572.007074,158.857678,1.000000
7819,572.666941,157.291530,1.000000
7820,572.581491,157.573710,1.000000
7821,572.936073,157.533831,1.000000
7822,572.964824,158.984152,1.000000
7823,573.054709,158.140289,1.000000
7824,572.598192,159.113804,1.000000
7825,573.714052,157.968456,1.000000
7826,572.961523,158.247000,1.000000
7827,573.136158,158.493624,1.000000
7828,572.987830,157.870332,1.000000
7829,572.922158,159.039951,1.000000
7830,573.166873,158.492377,1.000000
7831,573.546108,158.457485,1.000000
7832,574.440106,157.354814,1.000000
7833,573.161579,158.840456,1.000000
7834,573.168074,159.472055,1.000000
7835,573.603742,159.258628,1.000000
7836,573.565183,160.197754,1.000000
7837,573.605221,159.994378,1.000000
7838,572.914809,162.178344,1.000000
7839,573.639440,160.293660,1.000000
7840,574.220849,161.672847,1.000000
7841,574.078850,161.364271,1.000000
7842,574.347898,161.714107,1.000000
7843,574.315984,162.153279,1.000000
7844,574.487535,161.070835,1.000000
7845,574.078228,161.916391,1.000000
7846,574.788362,160.713432,1.000000
7847,574.527674,162.352060,1.000000
7848,574.800312,162.063573,1.000000
7849,574.575918,162.197652,1.000000
7850,574.836283,163.156074,1.000000
7851,574.777685,162.975853,1.000000
7852,575.086214,161.572184,1.000000
7853,575.112177,161.315680,1.000000
7854,574.940711,161.473518,1.000000
7855,574.776908,161.549119,1.000000
7856,574.170264,162.119105,1.000000
7857,574.400232,162.973266,1.000000
7858,574.867190,162.159746,1.000000
7859,574.657571,162.914297,1.000000
7860,574.360777,163.166602,1.000000
7861,575.090944,163.846508,1.000000
7862,574.672021,164.007471,1.000000
7863,574.567864,163.786011,1.000000
7864,574.745769,163.752308,1.000000
7865,574.930241,163.004599,1.000000
7866,575.451043,162.093900,1.000000
7867,576.187401,160.416799,1.000000
7868,575.505185,162.292410,1.000000
7869,575.352527,162.439934,1.000000
7870,575.412822,162.351980,1.000000
7871,576.006727,162.393352,1.000000
7872,574.942136,162.195340,1.000000
7873,574.611021,165.339546,1.000000
7874,574.702476,165.464856,1.000000
7875,574.786694,165.201613,1.000000
7876,575.087521,162.974037,1.000000
7877,574.769747,163.974329,1.000000
7878,574.744931,163.675182,1.000000
7879,574.963273,163.063074,1.000000
7880,574.554475,162.759144,1.000000
7881,574.905115,164.098790,1.000000
7882,574.372294,163.797324,1.000000
7883,574.568627,163.889804,1.000000
7884,575.041718,161.740603,1.000000
7885,575.179149,161.313617,1.000000
7886,576.036914,159.555786,1.000000
7887,576.051104,160.179886,1.000000
7888,576.033781,160.409035,1.000000
7889,575.833938,160.036679,1.000000
7890,575.624950,159.548335,1.000000
7891,574.665826,161.669189,1.000000
7892,574.537006,161.864592,1.000000
7893,574.620239,162.958446,1.000000
7894,575.211507,162.380065,1.000000
7895,575.460241,161.194378,1.000000
7896,575.476802,160.246065,1.000000
7897,574.308696,165.238261,1.000000
7898,574.744932,162.385980,1.000000
7899,574.890347,162.212532,1.000000
7900,575.308806,163.002010,1.000000
7901,575.210057,163.181671,1.000000
7902,575.280695,163.130675,1.000000
7903,574.563199,165.751761,1.000000
7904,574.579623,165.948656,1.000000
7905,575.219465,163.407522,1.000000
7906,574.424731,165.037634,1.000000
7907,574.253222,165.009563,1.000000
7908,574.981891,162.957344,1.000000
7909,574.525717,165.058179,1.000000
7910,574.773078,162.439203,1.000000
7911,574.316910,164.249687,1.000000
7912,574.889157,162.017269,1.000000
7913,574.724760,161.796074,1.000000
7914,574.920482,162.238554,1.000000
7915,574.915014,162.989073,1.000000
7916,574.937969,163.050178,1.000000
7917,575.281225,162.394737,1.000000
7918,574.918026,162.405094,1.000000
7919,574.690909,162.015415,1.000000
7920,574.809600,162.818400,1.000000
7921,574.580748,162.740255,1.000000
7922,574.480993,163.580683,1.000000
7923,573.277123,164.814072,1.000000
7924,573.504819,163.177108,1.000000
7925,573.916631,163.031901,1.000000
7926,574.278709,163.188600,1.000000
7927,574.124112,162.709152,1.000000
7928,573.889919,163.443145,1.000000
7929,574.206786,161.473453,1.000000
7930,573.911923,162.070385,1.000000
7931,574.008661,161.785827,1.000000
7932,574.346931,161.851593,1.000000
7933,574.586247,162.058778,1.000000
7934,574.138397,163.568354,1.000000
7935,574.758090,161.619574,1.000000
7936,574.929825,162.314992,1.000000
7937,574.719212,161.161330,1.000000
7938,574.756778,162.843700,1.000000
7939,574.711344,163.043901,1.000000
7940,574.575468,162.404662,1.000000
7941,574.467654,163.098597,1.000000
7942,573.978577,163.685539,1.000000
7943,574.033463,163.124903,1.000000
7944,573.748050,162.791732,1.000000
7945,574.731822,163.565676,1.000000
7946,574.912625,161.987683,1.000000
7947,574.509342,161.133631,1.000000
7948,575.090909,161.213504,1.000000
7949,575.560322,161.908081,1.000000
7950,575.580657,160.367586,1.000000
7951,574.432007,162.050995,1.000000
7952,574.133782,161.134203,1.000000
7953,572.700046,163.272645,1.000000
7954,572.443833,163.033929,1.000000
7955,575.470314,166.574383,1.000000
7956,574.566098,161.247868,1.000000
7957,575.983313,167.917800,1.000000
7958,575.516699,159.751965,1.000000
7959,575.592941,159.049882,1.000000
7960,575.056689,158.308844,1.000000
7961,574.789546,160.033929,1.000000
7962,574.663989,159.929584,1.000000
7963,574.479947,160.293226,1.000000
7964,574.871498,159.661183,1.000000
7965,574.500000,162.777247,1.000000
7966,574.790807,158.050188,1.000000
7967,574.682857,157.789048,1.000000
7968,574.692125,157.748577,1.000000
7969,574.990615,160.541530,1.000000
7970,574.287751,158.476615,1.000000
7971,575.080584,160.004713,1.000000
7972,575.107706,159.577287,1.000000
7973,574.729009,159.144825,1.000000
7974,575.301870,158.671861,1.000000
7975,574.734685,158.185135,1.000000
7976,574.790157,157.702013,1.000000
7977,574.877477,157.570270,1.000000
7978,575.188114,158.405241,1.000000
7979,574.546333,159.594203,1.000000
7980,574.762223,160.225658,1.000000
7981,575.026560,160.210371,1.000000
7982,574.730427,159.401608,1.000000
7983,575.103782,157.337177,1.000000
7984,574.503231,158.062473,1.000000
7985,574.065306,158.508844,1.000000
7986,574.283103,158.752564,1.000000
7987,574.533476,158.162232,1.000000
7988,574.973328,157.228684,1.000000
7989,575.479527,157.782187,1.000000
7990,574.801994,157.115541,1.000000
7991,574.463255,155.813211,1.000000
7992,573.629996,157.765604,1.000000
7993,573.989787,157.637655,1.000000
7994,575.170362,164.757707,1.000000
7995,575.147926,156.838249,1.000000
7996,574.815292,159.182560,1.000000
7997,574.893289,158.454356,1.000000
7998,574.556769,158.417904,1.000000
7999,573.787300,158.067496,1.000000
8000,573.805759,158.968921,1.000000
8001,573.775336,159.781614,1.000000
8002,574.286942,158.844072,1.000000
8003,574.746430,158.787971,1.000000
8004,574.793562,158.950215,1.000000
8005,574.767681,159.780969,1.000000
8006,574.122736,159.269022,1.000000
8007,574.666506,156.634699,1.000000
8008,574.794929,156.163256,1.000000
8009,574.921220,156.673042,1.000000
8010,575.346207,157.104828,1.000000
8011,575.581637,157.563998,1.000000
8012,575.267163,157.935897,1.000000
8013,575.580956,157.791527,1.000000
8014,574.510536,155.832309,1.000000
8015,574.147950,154.865865,1.000000
8016,573.976518,156.285778,1.000000
8017,574.157130,160.256585,1.000000
8018,574.421662,156.599835,1.000000
8019,574.381769,161.948556,1.000000
8020,575.141952,158.118716,1.000000
8021,574.965032,158.801849,1.000000
8022,574.765442,157.211546,1.000000
8023,573.855828,155.566608,1.000000
8024,573.982018,156.217105,1.000000
8025,573.762229,155.347086,1.000000
8026,573.305568,155.447661,1.000000
8027,573.662332,156.108520,1.000000
8028,573.475871,156.698838,1.000000
8029,573.424312,155.938532,1.000000
8030,574.053535,156.354720,1.000000
8031,574.380994,154.549494,1.000000
8032,574.781755,152.979921,1.000000
8033,574.073823,155.985999,1.000000
8034,573.208806,157.521796,1.000000
8035,574.334928,156.558939,1.000000
8036,574.503866,156.465206,1.000000
8037,574.514202,156.690058,1.000000
8038,574.805287,156.905162,1.000000
8039,574.768781,156.112270,1.000000
8040,573.324966,155.502913,1.000000
8041,573.961538,156.033095,1.000000
8042,573.858271,155.356877,1.000000
8043,573.684807,155.293878,1.000000
8044,573.775148,154.919891,1.000000
8045,573.881017,155.219800,1.000000
8046,574.697025,154.178490,1.000000
8047,573.683603,155.404157,1.000000
8048,573.649410,155.346503,1.000000
8049,573.214024,154.810266,1.000000
8050,573.735545,155.176602,1.000000
8051,574.096262,154.445327,1.000000
8052,573.603410,154.840736,1.000000
8053,573.443431,154.484945,1.000000
8054,573.763766,155.944050,1.000000
8055,573.972493,155.526176,1.000000
8056,573.251628,153.970233,1.000000
8057,574.946437,155.445302,1.000000
8058,575.232280,155.560205,1.000000
8059,574.415285,158.471455,1.000000
8060,574.513596,156.011842,1.000000
8061,574.685145,155.170637,1.000000
8062,575.021968,153.527231,1.000000
8063,573.706977,158.775349,1.000000
8064,573.933301,158.467381,1.000000
8065,574.517989,157.438192,1.000000
8066,574.853296,156.672702,1.000000
8067,574.449952,158.165544,1.000000
8068,574.676485,158.264608,1.000000
8069,575.785359,156.306823,1.000000
8070,575.982910,156.206836,1.000000
8071,575.803118,157.180401,1.000000
8072,575.529515,158.162555,1.000000
8073,575.543488,157.999117,1.000000
8074,575.497235,159.234562,1.000000
8075,575.492996,159.413466,1.000000
8076,575.676854,159.798652,1.000000
8077,575.490486,160.857505,1.000000
8078,575.709506,159.992656,1.000000
8079,576.369276,159.674438,1.000000
8080,576.109941,161.232940,1.000000
8081,576.991593,160.221522,1.000000
8082,576.806267,160.200794,1.000000
8083,576.876257,160.027547,1.000000
8084,576.841490,159.647033,1.000000
8085,576.781746,160.026896,1.000000
8086,577.960140,159.298292,1.000000
8087,577.747470,158.656854,1.000000
8088,577.365931,159.346102,1.000000
8089,577.572716,158.969685,1.000000
8090,577.241582,158.825337,1.000000
8091,577.465301,159.096990,1.000000
8092,577.985626,159.618070,1.000000
8093,578.604052,158.674546,1.000000
8094,578.388489,157.513442,1.000000
8095,578.460059,156.905325,1.000000
8096,578.289464,161.340814,1.000000
8097,578.681835,160.383066,1.000000
8098,578.956977,160.183315,1.000000
8099,579.465030,159.586682,1.000000
8100,579.668427,158.339117,1.000000
8101,580.246020,154.389291,1.000000
8102,580.090524,159.706471,1.000000
8103,579.059819,160.157025,1.000000
8104,578.866494,160.627589,1.000000
8105,579.340044,160.239385,1.000000
8106,578.511592,159.171947,1.000000
8107,578.827491,159.160693,1.000000
8108,578.301775,158.701923,1.000000
8109,578.505980,159.468286,1.000000
8110,580.054725,161.318497,1.000000
8111,580.375286,161.004577,1.000000
8112,579.723679,160.780812,1.000000
8113,580.864565,161.211292,1.000000
8114,581.330633,161.748159,1.000000
8115,581.428679,163.317275,1.000000
8116,582.078642,162.737997,1.000000
8117,587.571915,147.914110,1.000000
8118,579.887716,160.804137,1.000000
8119,579.113525,160.872951,1.000000
8120,579.319720,161.311552,1.000000
8121,579.763449,160.442642,1.000000
8122,579.622177,160.094758,1.000000
8123,579.800159,160.227597,1.000000
8124,579.934025,159.144181,1.000000
8125,579.737553,157.495733,1.000000
8126,579.691176,157.440402,1.000000
8127,579.787594,157.355639,1.000000
8128,579.794787,156.774963,1.000000
8129,580.129601,156.717025,1.000000
8130,578.944648,154.802419,1.000000
8131,579.262954,153.344548,1.000000
8132,579.522926,153.831514,1.000000
8133,579.111195,152.162660,1.000000
8134,579.427706,150.609387,1.000000
8135,579.320211,149.479789,1.000000
8136,580.376030,147.867041,1.000000
8137,579.011388,146.914235,1.000000
8138,580.916281,145.403549,1.000000
8139,581.283076,144.843196,1.000000
8140,582.098476,144.006689,1.000000
8141,582.416365,142.073135,1.000000
8142,582.928363,140.650950,1.000000
8143,584.292630,139.326590,1.000000
8144,584.253891,137.507437,1.000000
8145,584.255750,135.683488,1.000000
8146,583.900574,133.277818,1.000000
8147,583.325934,132.492248,1.000000
8148,583.835189,130.804380,1.000000
8149,583.325659,129.229484,1.000000
8150,583.634030,127.479648,1.000000
8151,583.684738,127.273672,1.000000
8152,583.534214,111.428976,1.000000
8153,580.742503,127.435712,1.000000
8154,580.166275,126.546523,1.000000
8155,579.798714,126.243572,1.000000
8156,580.405350,126.027768,1.000000
8157,580.265490,126.388716,1.000000
8158,579.574189,126.784334,1.000000
8159,580.028003,126.194178,1.000000
8160,579.828550,125.574687,1.000000
8161,580.124742,125.615782,1.000000
8162,579.467103,125.699382,1.000000
8163,579.566760,126.004216,1.000000
8164,579.859139,124.441339,1.000000
8165,580.868756,125.404065,1.000000
8166,581.339423,124.576178,1.000000
8167,581.718593,124.674085,1.000000
8168,581.349705,124.672452,1.000000
8169,577.894710,106.587137,1.000000
8170,581.125136,124.759159,1.000000
8171,581.993459,122.518169,1.000000
8172,581.554068,124.611054,1.000000
8173,581.555930,124.931267,1.000000
8174,581.592804,125.260256,1.000000
8175,581.484440,124.133472,1.000000
8176,581.386024,125.779512,1.000000
8177,582.123067,124.775723,1.000000
8178,583.131559,124.206790,1.000000
8179,582.138824,124.722689,1.000000
8180,582.357384,125.078557,1.000000
8181,582.299801,126.194242,1.000000
8182,582.665177,124.413888,1.000000
8183,582.511236,125.209270,1.000000
8184,583.252635,126.067463,1.000000
8185,583.130317,126.387238,1.000000
8186,582.637014,125.781868,1.000000
8187,583.375135,123.743083,1.000000
8188,583.386396,124.282051,1.000000
8189,582.578472,124.688889,1.000000
8190,583.184277,125.151461,1.000000
8191,583.571019,125.285868,1.000000
8192,582.466214,125.660781,1.000000
8193,582.770927,126.967275,1.000000
8194,582.787471,126.981812,1.000000
8195,582.741176,126.705882,1.000000
8196,583.107651,127.542316,1.000000
8197,583.346662,123.565664,1.000000
8198,583.662300,126.514920,1.000000
8199,584.023134,126.510691,1.000000
8200,584.225923,125.599203,1.000000
8201,584.315128,124.802012,1.000000
8202,583.883339,124.582606,1.000000
8203,584.048146,125.227889,1.000000
8204,583.519116,124.725710,1.000000
8205,583.718492,124.396050,1.000000
8206,583.559122,126.346622,1.000000
8207,583.299387,126.009537,1.000000
8208,580.586082,121.246702,1.000000
8209,583.233876,125.385268,1.000000
8210,583.445258,125.046025,1.000000
8211,581.147835,121.854119,1.000000
8212,581.137454,121.798041,1.000000
8213,583.588878,125.084272,1.000000
8214,584.046232,122.501638,1.000000
8215,584.022488,122.841181,1.000000
8216,583.576797,125.918954,1.000000
8217,583.871733,125.418845,1.000000
8218,584.057564,125.969545,1.000000
8219,583.400150,117.073949,1.000000
8220,584.503983,122.740215,1.000000
8221,585.198599,123.660595,1.000000
8222,585.750640,124.544059,1.000000
8223,585.730973,124.697699,1.000000
8224,586.282051,124.795584,1.000000
8225,586.001048,125.050646,1.000000
8226,585.447160,126.365232,1.000000
8227,585.377667,127.194667,1.000000
8228,585.057528,128.114070,1.000000
8229,586.009590,127.426918,1.000000
8230,586.096427,126.701006,1.000000
8231,586.771540,126.224576,1.000000
8232,586.694200,125.642882,1.000000
8233,586.849650,125.445105,1.000000
8234,587.038989,123.726715,1.000000
8235,587.165234,125.228906,1.000000
8236,586.015108,127.032734,1.000000
8237,587.048286,124.164025,1.000000
8238,586.921206,124.019971,1.000000
8239,586.732074,126.591815,1.000000
8240,586.649617,125.638135,1.000000
8241,587.127980,126.713885,1.000000
8242,587.125300,127.350498,1.000000
8243,587.044023,126.502863,1.000000
8244,586.799203,126.753534,1.000000
8245,586.292032,128.132678,1.000000
8246,587.024079,127.653329,1.000000
8247,587.039030,127.237693,1.000000
8248,587.270708,127.338033,1.000000
8249,587.849635,124.073723,1.000000
8250,587.578226,125.769286,1.000000
8251,587.235172,127.847034,1.000000
8252,587.104042,127.901230,1.000000
8253,587.361564,126.249005,1.000000
8254,587.046235,128.494921,1.000000
8255,587.340186,126.407680,1.000000
8256,592.801314,153.798851,1.000000
8257,586.798528,126.731887,1.000000
8258,586.858586,126.142536,1.000000
8259,586.706858,126.046460,1.000000
8260,586.628707,126.054925,1.000000
8261,586.811520,126.763762,1.000000
8262,585.796414,129.430380,1.000000
8263,586.497258,126.704570,1.000000
8264,586.735423,127.252551,1.000000
8265,586.966502,127.921368,1.000000
8266,584.069887,108.520555,1.000000
8267,586.816355,126.987663,1.000000
8268,586.510504,126.255602,1.000000
8269,586.472471,128.125258,1.000000
8270,586.131203,127.933039,1.000000
8271,586.113363,127.717623,1.000000
8272,586.264011,127.489872,1.000000
8273,586.527567,126.975190,1.000000
8274,586.149492,127.801695,1.000000
8275,586.219136,127.361111,1.000000
8276,586.815891,125.388519,1.000000
8277,586.741869,124.934602,1.000000
8278,585.977152,126.892715,1.000000
8279,585.551435,128.118671,1.000000
8280,586.071575,124.577740,1.000000
8281,585.684246,126.671562,1.000000
8282,585.704746,127.808838,1.000000
8283,585.287606,127.359253,1.000000
8284,585.453037,127.016927,1.000000
8285,585.250583,127.462179,1.000000
8286,585.618653,126.655825,1.000000
8287,585.589402,126.811624,1.000000
8288,585.790186,126.943147,1.000000
8289,585.947132,126.875259,1.000000
8290,584.918513,126.952949,1.000000
8291,585.313949,123.162326,1.000000
8292,585.801473,124.354262,1.000000
8293,585.406056,126.096008,1.000000
8294,585.698553,124.828803,1.000000
8295,584.761143,126.024498,1.000000
8296,585.388870,122.623652,1.000000
8297,585.180350,123.084507,1.000000
8298,584.866620,123.361881,1.000000
8299,584.577583,122.979132,1.000000
8300,585.516513,123.303711,1.000000
8301,584.619299,125.758757,1.000000
8302,583.999350,126.050081,1.000000
8303,584.466512,124.035146,1.000000
8304,584.328744,124.093015,1.000000
8305,584.442145,124.458432,1.000000
8306,584.198637,123.513799,1.000000
8307,584.205963,122.858465,1.000000
8308,584.616168,123.692737,1.000000
8309,584.057016,124.071697,1.000000
8310,583.450387,126.927682,1.000000
8311,583.343667,126.319667,1.000000
8312,582.935854,124.755571,1.000000
8313,582.306177,121.653756,1.000000
8314,580.909757,120.272061,1.000000
8315,580.454114,120.630884,1.000000
8316,579.697087,121.823948,1.000000
8317,579.847995,119.239973,1.000000
8318,578.282453,118.766145,1.000000
8319,576.937026,117.926146,1.000000
8320,574.721970,117.419961,1.000000
8321,574.639400,116.945808,1.000000
8322,574.186347,120.446781,1.000000
8323,574.940280,120.934879,1.000000
8324,575.515581,121.367957,1.000000
8325,576.694215,121.354418,1.000000
8326,577.020665,119.385211,1.000000
8327,577.288723,119.494815,1.000000
8328,578.337403,117.409969,1.000000
8329,577.762621,115.363767,1.000000
8330,578.437021,113.315078,1.000000
8331,579.314821,113.685886,1.000000
8332,579.458787,114.387602,1.000000
8333,579.178033,115.666885,1.000000
8334,579.540442,116.835259,1.000000
8335,579.360835,116.128381,1.000000
8336,577.513540,114.479608,1.000000
8337,576.610164,112.238775,1.000000
8338,577.093270,109.766997,1.000000
8339,576.132353,110.388851,1.000000
8340,576.111001,110.133729,1.000000
8341,575.624917,112.126574,1.000000
8342,576.288447,109.653786,1.000000
8343,575.249649,111.417251,1.000000
8344,574.113950,109.208218,1.000000
8345,573.988633,109.402875,1.000000
8346,573.039229,110.215759,1.000000
8347,572.766281,112.346777,1.000000
8348,571.850096,113.986867,1.000000
8349,573.729562,115.637806,1.000000
8350,573.458763,116.123024,1.000000
8351,574.761199,114.881834,1.000000
8352,575.352799,117.660677,1.000000
8353,576.131906,117.901588,1.000000
8354,575.166602,118.619360,1.000000
8355,577.990755,115.762327,1.000000
8356,578.989482,115.668295,1.000000
8357,579.226768,114.902913,1.000000
8358,579.302317,115.301615,1.000000
8359,578.022388,116.172761,1.000000
8360,577.715508,116.853849,1.000000
8361,578.348716,116.567175,1.000000
8362,579.504329,115.177128,1.000000
8363,579.583778,114.945571,1.000000
8364,579.149893,116.111706,1.000000
8365,579.270417,116.066425,1.000000
8366,579.057286,116.070175,1.000000
8367,579.320605,116.265850,1.000000
8368,579.501601,117.139096,1.000000
8369,580.693935,116.047602,1.000000
8370,580.370465,115.689630,1.000000
8371,581.080639,116.134894,1.000000
8372,580.550393,116.423754,1.000000
8373,580.123031,116.093023,1.000000
8374,578.981591,115.346465,1.000000
8375,580.255311,114.923136,1.000000
8376,579.043303,115.654312,1.000000
8377,579.396608,116.091303,1.000000
8378,578.940063,116.574527,1.000000
8379,579.086175,117.009168,1.000000
8380,578.596132,116.644672,1.000000
8381,578.481915,117.445378,1.000000
8382,580.273610,116.923852,1.000000
8383,579.649776,116.992761,1.000000
8384,579.951168,116.942100,1.000000
8385,580.371470,116.135771,1.000000
8386,579.762814,116.889714,1.000000
8387,579.528169,117.480986,1.000000
8388,579.529619,116.956982,1.000000
8389,579.575521,116.096354,1.000000
8390,579.339014,114.913706,1.000000
8391,578.819972,116.390647,1.000000
8392,579.428470,115.323488,1.000000
8393,579.031315,116.074113,1.000000
8394,578.105461,116.475085,1.000000
8395,577.599566,115.538489,1.000000
8396,576.953341,115.177305,1.000000
8397,578.097293,113.423555,1.000000
8398,577.823144,114.126638,1.000000
8399,578.111072,114.757118,1.000000
8400,578.113621,114.829227,1.000000
8401,576.950386,116.145826,1.000000
8402,576.545334,116.558951,1.000000
8403,576.398604,115.566841,1.000000
8404,576.475195,115.032955,1.000000
8405,576.583803,115.263380,1.000000
8406,575.694061,114.070228,1.000000
8407,576.724573,116.157679,1.000000
8408,576.792096,115.652577,1.000000
8409,577.131193,115.747732,1.000000
8410,577.284699,114.908599,1.000000
8411,577.503903,115.196593,1.000000
8412,577.863717,114.837522,1.000000
8413,577.841022,114.599716,1.000000
8414,577.485978,115.457934,1.000000
8415,577.379853,115.118139,1.000000
8416,577.521302,114.819188,1.000000
8417,578.318039,114.239229,1.000000
8418,576.883316,116.533960,1.000000
8419,577.898788,115.740912,1.000000
8420,577.190258,115.721144,1.000000
8421,576.617769,116.137397,1.000000
8422,577.052994,115.960083,1.000000
8423,578.383684,115.023513,1.000000
8424,577.152893,116.125344,1.000000
8425,577.402647,115.843260,1.000000
8426,577.621594,115.686789,1.000000
8427,577.202760,114.935244,1.000000
8428,577.428139,115.863346,1.000000
8429,577.345575,115.277370,1.000000
8430,577.500000,114.957417,1.000000
8431,577.981206,114.162766,1.000000
8432,577.834729,115.097561,1.000000
8433,578.580296,114.170696,1.000000
8434,578.490976,115.113444,1.000000
8435,578.210470,114.975260,1.000000
8436,578.103604,114.488912,1.000000
8437,578.627544,114.622456,1.000000
8438,578.804833,114.418528,1.000000
8439,578.360302,115.068321,1.000000
8440,578.590557,115.639535,1.000000
8441,577.742434,117.323026,1.000000
8442,577.747379,116.553263,1.000000
8443,577.800000,115.427225,1.000000
8444,578.897601,116.386617,1.000000
8445,578.640550,115.413058,1.000000
8446,578.667500,115.396429,1.000000
8447,578.659873,116.578349,1.000000
8448,578.289680,115.470107,1.000000
8449,578.605462,114.984549,1.000000
8450,578.111111,114.424482,1.000000
8451,578.540334,115.059230,1.000000
8452,578.655273,114.263636,1.000000
8453,578.778101,114.899964,1.000000
8454,577.880666,116.669972,1.000000
8455,577.862821,116.087584,1.000000
8456,577.596033,116.569937,1.000000
8457,578.226605,115.917533,1.000000
8458,578.460116,115.369108,1.000000
8459,578.262224,115.403839,1.000000
8460,577.389023,116.346911,1.000000
8461,578.446281,115.705713,1.000000
8462,578.566881,115.193133,1.000000
8463,577.705599,116.678461,1.000000
8464,578.142500,115.947500,1.000000
8465,577.890876,116.483577,1.000000
8466,577.944749,116.144164,1.000000
8467,577.245494,115.588320,1.000000
8468,577.615604,115.332740,1.000000
8469,577.340861,115.401200,1.000000
8470,577.158673,116.248828,1.000000
8471,577.288214,115.088929,1.000000
8472,577.362158,115.319660,1.000000
8473,576.944724,116.337401,1.000000
8474,576.018919,116.698649,1.000000
8475,577.142454,115.237306,1.000000
8476,577.605145,115.410515,1.000000
8477,576.995658,115.914255,1.000000
8478,577.149786,116.114123,1.000000
8479,577.918301,114.304285,1.000000
8480,578.455101,114.348420,1.000000
8481,576.865219,115.530507,1.000000
8482,577.222034,114.894915,1.000000
8483,577.886928,113.485056,1.000000
8484,578.742759,114.136814,1.000000
8485,578.330672,112.703811,1.000000
8486,576.891002,112.655688,1.000000
8487,578.133913,113.506435,1.000000
8488,577.008532,113.762531,1.000000
8489,578.442510,114.142546,1.000000
8490,577.362418,115.358983,1.000000
8491,577.338671,114.942419,1.000000
8492,577.349932,114.923780,1.000000
8493,577.872214,114.933844,1.000000
8494,577.837961,114.655888,1.000000
8495,576.232933,116.419211,1.000000
8496,577.537765,114.737557,1.000000
8497,577.927937,115.237705,1.000000
8498,577.558017,114.510197,1.000000
8499,578.992490,113.600075,1.000000
8500,579.048278,114.026946,1.000000
8501,579.068198,114.865427,1.000000
8502,578.472252,114.147987,1.000000
8503,578.468998,114.953497,1.000000
8504,578.481481,114.455701,1.000000
8505,578.333939,114.560683,1.000000
8506,577.640694,114.492245,1.000000
8507,576.947256,115.168924,1.000000
8508,578.263824,113.970726,1.000000
8509,577.739783,114.734893,1.000000
8510,578.104077,115.614092,1.000000
8511,578.375278,115.832717,1.000000
8512,578.225151,116.315283,1.000000
8513,578.210158,114.860140,1.000000
8514,578.287630,115.038748,1.000000
8515,578.377953,115.036370,1.000000
8516,578.433346,114.416072,1.000000
8517,578.452014,114.184795,1.000000
8518,578.860015,114.093075,1.000000
8519,578.821242,114.111444,1.000000
8520,578.626916,113.721121,1.000000
8521,578.807108,114.163643,1.000000
8522,579.070544,114.022139,1.000000
8523,577.825901,115.004995,1.000000
8524,578.087904,114.621141,1.000000
8525,578.049273,114.714995,1.000000
8526,577.452189,115.183187,1.000000
8527,578.566972,113.830092,1.000000
8528,578.308580,114.541096,1.000000
8529,578.046903,114.919441,1.000000
8530,578.837565,114.440254,1.000000
8531,579.183172,114.390916,1.000000
8532,578.937547,115.021575,1.000000
8533,578.124820,114.532828,1.000000
8534,577.617711,114.591837,1.000000
8535,577.648561,115.626619,1.000000
8536,577.887726,114.783032,1.000000
8537,577.876692,114.915843,1.000000
8538,577.898042,114.858884,1.000000
8539,578.488000,114.459048,1.000000
8540,579.368322,113.665914,1.000000
8541,579.209538,113.470897,1.000000
8542,578.068917,114.441918,1.000000
8543,578.721375,114.650833,1.000000
8544,578.610329,114.742506,1.000000
8545,578.615879,114.204537,1.000000
8546,579.141472,115.066068,1.000000
8547,577.480603,114.659842,1.000000
8548,577.687080,114.369204,1.000000
8549,577.703396,114.858281,1.000000
8550,578.186747,114.796953,1.000000
8551,578.323927,113.546579,1.000000
8552,579.205840,114.935112,1.000000
8553,579.381006,114.281564,1.000000
8554,578.242031,114.730421,1.000000
8555,577.075499,116.356080,1.000000
8556,573.613326,105.075915,1.000000
8557,576.067091,101.477733,1.000000
8558,578.701083,112.671307,1.000000
8559,578.245106,112.760767,1.000000
8560,579.259885,111.822076,1.000000
8561,578.088997,112.865565,1.000000
8562,578.595711,111.527800,1.000000
8563,578.965178,111.392052,1.000000
8564,577.230540,113.524022,1.000000
8565,579.467197,111.981710,1.000000
8566,577.851811,113.292353,1.000000
8567,577.885860,113.430752,1.000000
8568,579.449189,112.300514,1.000000
8569,577.810085,113.907987,1.000000
8570,577.907715,113.691030,1.000000
8571,577.932751,112.795973,1.000000
8572,578.370699,113.550129,1.000000
8573,578.594241,113.346672,1.000000
8574,578.559605,112.902430,1.000000
8575,579.630353,113.647258,1.000000
8576,580.112578,115.272094,1.000000
8577,579.811698,114.747547,1.000000
8578,581.078783,115.046022,1.000000
8579,579.538721,115.039282,1.000000
8580,579.185428,115.371949,1.000000
8581,580.163569,115.123048,1.000000
8582,579.464750,113.950374,1.000000
8583,580.330742,114.109600,1.000000
8584,580.146416,114.228440,1.000000
8585,580.446237,114.274962,1.000000
8586,580.525843,114.070787,1.000000
8587,580.816880,114.245064,1.000000
8588,580.990570,114.341758,1.000000
8589,580.914844,115.896094,1.000000
8590,580.683426,114.478212,1.000000
8591,580.903067,113.838319,1.000000
8592,579.759145,114.556320,1.000000
8593,580.322741,114.251531,1.000000
8594,580.378499,114.206420,1.000000
8595,579.949214,115.185605,1.000000
8596,580.007589,115.284062,1.000000
8597,580.220741,114.443333,1.000000
8598,581.601004,114.545384,1.000000
8599,580.865181,114.639021,1.000000
8600,580.946695,115.472637,1.000000
8601,580.754506,114.844268,1.000000
8602,579.978569,115.889043,1.000000
8603,579.685475,115.494253,1.000000
8604,580.450000,115.831522,1.000000
8605,581.476365,114.203371,1.000000
8606,580.385689,114.810018,1.000000
8607,580.285663,114.691512,1.000000
8608,579.521724,115.237748,1.000000
8609,579.710946,113.629685,1.000000
8610,579.938160,113.595777,1.000000
8611,579.285604,112.855268,1.000000
8612,581.728041,110.870355,1.000000
8613,581.616919,111.263767,1.000000
8614,581.358635,110.113006,1.000000
8615,581.167421,110.495269,1.000000
8616,581.043406,111.027284,1.000000
8617,581.014056,110.938554,1.000000
8618,579.310842,112.255497,1.000000
8619,580.831869,111.516374,1.000000
8620,581.505108,111.705762,1.000000
8621,579.343597,112.776943,1.000000
8622,579.174431,112.804984,1.000000
8623,579.076550,113.616505,1.000000
8624,579.525510,113.850219,1.000000
8625,579.425197,113.605174,1.000000
8626,579.139947,113.576009,1.000000
8627,578.294359,116.872245,1.000000
8628,581.821224,115.520408,1.000000
8629,581.781238,115.802627,1.000000
8630,581.636400,115.865214,1.000000
8631,579.692803,115.943072,1.000000
8632,580.044765,116.492786,1.000000
8633,579.351151,116.945063,1.000000
8634,579.504703,115.861795,1.000000
8635,580.720511,114.664162,1.000000
8636,580.292463,114.087739,1.000000
8637,580.055316,114.002354,1.000000
8638,580.238255,114.483967,1.000000
8639,578.642992,114.330941,1.000000
8640,579.899884,114.357392,1.000000
8641,586.459522,132.316885,1.000000
8642,578.967895,114.891795,1.000000
8643,579.741259,114.315097,1.000000
8644,579.876072,114.950896,1.000000
8645,579.145911,115.070143,1.000000
8646,579.722479,114.749423,1.000000
8647,579.026590,116.095183,1.000000
8648,579.589505,115.417938,1.000000
8649,578.401833,116.720127,1.000000
8650,578.540493,116.390141,1.000000
8651,579.572359,115.943922,1.000000
8652,580.120944,116.606195,1.000000
8653,578.804851,117.285189,1.000000
8654,579.497917,115.766755,1.000000
8655,579.245424,116.063130,1.000000
8656,579.519417,115.624347,1.000000
8657,579.469049,115.669492,1.000000
8658,579.439388,115.911904,1.000000
8659,579.331807,116.069391,1.000000
8660,578.981410,115.838302,1.000000
8661,579.263813,115.949872,1.000000
8662,578.868148,115.510370,1.000000
8663,579.073768,115.710687,1.000000
8664,579.177866,116.119296,1.000000
8665,578.025379,115.032076,1.000000
8666,578.425191,115.424099,1.000000
8667,578.306049,115.584209,1.000000
8668,578.632248,115.084923,1.000000
8669,578.925092,114.702214,1.000000
8670,578.803309,114.552941,1.000000
8671,577.470425,114.980630,1.000000
8672,577.491240,115.277911,1.000000
8673,577.320680,116.528200,1.000000
8674,577.446570,116.057040,1.000000
8675,577.476207,115.183594,1.000000
8676,576.767383,114.664725,1.000000
8677,576.874633,114.705645,1.000000
8678,576.390752,115.170844,1.000000
8679,576.384218,116.240044,1.000000
8680,576.772535,114.833099,1.000000
8681,577.213475,115.736360,1.000000
8682,577.136197,115.142805,1.000000
8683,577.183093,115.033223,1.000000
8684,577.587362,115.108108,1.000000
8685,577.369259,115.256667,1.000000
8686,577.510835,115.207815,1.000000
8687,578.327875,115.284704,1.000000
8688,578.148449,114.637001,1.000000
8689,577.240780,114.984397,1.000000
8690,577.658623,114.826473,1.000000
8691,576.897272,114.993624,1.000000
8692,577.670833,115.422569,1.000000
8693,577.203659,115.741802,1.000000
8694,577.389466,115.800762,1.000000
8695,577.819786,116.032515,1.000000
8696,576.854995,115.650555,1.000000
8697,576.738374,116.001420,1.000000
8698,576.037491,118.054195,1.000000
8699,576.548353,116.485284,1.000000
8700,575.394622,117.271261,1.000000
8701,575.641346,116.781824,1.000000
8702,575.818926,115.650658,1.000000
8703,575.671701,116.683927,1.000000
8704,575.143324,118.007983,1.000000
8705,574.293889,119.540798,1.000000
8706,575.183383,119.801272,1.000000
8707,575.834919,120.470717,1.000000
8708,578.690610,120.672278,1.000000
8709,578.795176,120.702910,1.000000
8710,577.490366,121.518700,1.000000
8711,578.579461,121.140570,1.000000
8712,579.303440,121.229223,1.000000
8713,579.396058,121.495723,1.000000
8714,579.066016,121.671094,1.000000
8715,578.883122,121.841984,1.000000
8716,577.303647,122.974755,1.000000
8717,578.523072,123.684396,1.000000
8718,578.878436,123.830514,1.000000
8719,579.227062,124.695109,1.000000
8720,578.456127,124.840429,1.000000
8721,580.039954,126.150980,1.000000
8722,580.267600,126.732021,1.000000
8723,579.468394,126.977621,1.000000
8724,578.346265,126.788279,1.000000
8725,577.280929,127.760944,1.000000
8726,577.401706,127.316014,1.000000
8727,576.925373,127.038653,1.000000
8728,577.850120,127.280975,1.000000
8729,576.609886,127.720913,1.000000
8730,577.483178,128.907985,1.000000
8731,576.683265,127.890612,1.000000
8732,575.466323,127.728605,1.000000
8733,576.290512,128.710747,1.000000
8734,574.566545,129.087912,1.000000
8735,575.549921,128.474643,1.000000
8736,576.880608,127.670342,1.000000
8737,578.478780,127.531520,1.000000
8738,577.347382,127.752235,1.000000
8739,578.048688,126.478408,1.000000
8740,578.488840,125.431947,1.000000
8741,578.529793,125.212003,1.000000
8742,578.260173,125.141991,1.000000
8743,576.471410,125.958097,1.000000
8744,576.463897,126.272691,1.000000
8745,577.445728,126.081304,1.000000
8746,577.557616,125.039858,1.000000
8747,576.286533,125.402374,1.000000
8748,576.258713,125.281263,1.000000
8749,576.059750,125.631005,1.000000
8750,575.554361,126.118644,1.000000
8751,575.827469,125.716405,1.000000
8752,577.141381,125.444399,1.000000
8753,576.601550,125.559951,1.000000
8754,575.967956,125.376319,1.000000
8755,576.310730,125.425608,1.000000
8756,576.267695,125.325820,1.000000
8757,576.499802,125.267327,1.000000
8758,576.513073,125.031451,1.000000
8759,577.764964,124.423384,1.000000
8760,576.573272,124.467943,1.000000
8761,575.305130,125.581164,1.000000
8762,576.970842,124.535934,1.000000
8763,575.808069,124.535840,1.000000
8764,575.511610,125.252709,1.000000
8765,577.433002,124.309347,1.000000
8766,577.302791,124.210746,1.000000
8767,576.462202,124.335251,1.000000
8768,576.871494,125.126413,1.000000
8769,576.890971,124.552811,1.000000
8770,576.968010,124.789364,1.000000
8771,576.850148,124.761925,1.000000
8772,575.950177,124.723029,1.000000
8773,575.620879,125.176609,1.000000
8774,576.358447,125.161165,1.000000
8775,576.979460,124.883206,1.000000
8776,576.891881,124.728698,1.000000
8777,575.095813,125.658619,1.000000
8778,575.317608,126.131872,1.000000
8779,576.280688,124.451020,1.000000
8780,576.077566,124.192124,1.000000
8781,575.859663,124.763622,1.000000
8782,576.158704,125.103239,1.000000
8783,576.613655,124.226894,1.000000
8784,576.777330,124.900363,1.000000
8785,576.474878,124.831848,1.000000
8786,576.541650,124.921577,1.000000
8787,576.675708,124.790985,1.000000
8788,576.875504,124.825947,1.000000
8789,576.607143,124.328734,1.000000
8790,576.474715,124.359706,1.000000
8791,576.825965,124.723473,1.000000
8792,576.199203,124.848207,1.000000
8793,576.514747,124.335354,1.000000
8794,576.449919,124.637318,1.000000
8795,576.914263,124.900641,1.000000
8796,577.880204,124.501964,1.000000
8797,578.122757,124.192088,1.000000
8798,578.162791,124.860873,1.000000
8799,577.766277,124.947830,1.000000
8800,578.086870,124.638239,1.000000
8801,577.899833,124.900668,1.000000
8802,577.255766,125.003707,1.000000
8803,577.279835,124.497531,1.000000
8804,576.988149,124.644054,1.000000
8805,577.152693,124.854192,1.000000
8806,576.236020,125.635172,1.000000
8807,576.029172,125.605212,1.000000
8808,576.260713,125.167000,1.000000
8809,576.309390,125.004013,1.000000
8810,576.818182,124.654545,1.000000
8811,576.585726,124.640689,1.000000
8812,577.006515,124.752850,1.000000
8813,576.294982,125.048552,1.000000
8814,576.612460,125.021440,1.000000
8815,576.038305,124.127547,1.000000
8816,576.162753,123.782186,1.000000
8817,576.008533,124.138968,1.000000
8818,576.903213,124.254942,1.000000
8819,576.823154,124.342515,1.000000
8820,577.042114,124.332141,1.000000
8821,576.923806,124.104619,1.000000
8822,577.100120,124.410850,1.000000
8823,578.210705,124.805862,1.000000
8824,577.732922,124.671193,1.000000
8825,577.188973,124.778666,1.000000
8826,577.269417,125.161812,1.000000
8827,576.695250,125.448470,1.000000
8828,576.757708,124.611067,1.000000
8829,576.818182,124.541107,1.000000
8830,577.439153,124.493284,1.000000
8831,578.395726,124.715077,1.000000
8832,576.535853,124.243959,1.000000
8833,576.821794,124.289142,1.000000
8834,577.537289,124.393490,1.000000
8835,577.668053,124.681364,1.000000
8836,576.484274,124.988367,1.000000
8837,576.132480,124.867107,1.000000
8838,576.833333,124.163154,1.000000
8839,576.951161,123.983187,1.000000
8840,576.804312,124.489829,1.000000
8841,576.450229,124.047064,1.000000
8842,576.956330,124.153846,1.000000
8843,576.443676,124.032534,1.000000
8844,576.397630,124.226808,1.000000
8845,576.923549,123.903107,1.000000
8846,576.845931,123.846758,1.000000
8847,578.293685,124.430796,1.000000
8848,576.897138,123.891746,1.000000
8849,577.073361,123.697951,1.000000
8850,577.098580,123.832454,1.000000
8851,576.727083,123.962500,1.000000
8852,577.626506,124.436145,1.000000
8853,577.363419,124.833866,1.000000
8854,576.846032,124.820238,1.000000
8855,575.490926,124.182876,1.000000
8856,574.688073,124.615162,1.000000
8857,576.225894,124.429153,1.000000
8858,577.184161,124.644330,1.000000
8859,576.225270,124.304406,1.000000
8860,576.567688,123.627164,1.000000
8861,576.783431,124.445332,1.000000
8862,576.207140,124.222565,1.000000
8863,576.345818,124.680816,1.000000
8864,576.339695,124.684478,1.000000
8865,576.077917,124.522083,1.000000
8866,577.212903,124.707957,1.000000
8867,576.470588,124.534067,1.000000
8868,577.213458,124.234848,1.000000
8869,577.334967,124.382183,1.000000
8870,576.552283,123.944089,1.000000
8871,577.236760,124.200712,1.000000
8872,577.910234,123.776236,1.000000
8873,577.666961,123.329069,1.000000
8874,576.834596,123.709596,1.000000
8875,576.724322,124.119967,1.000000
8876,576.838020,124.310891,1.000000
8877,576.795842,123.854470,1.000000
8878,576.918854,124.250199,1.000000
8879,576.890931,124.355573,1.000000
8880,576.888754,124.408039,1.000000
8881,576.796493,124.142741,1.000000
8882,577.731781,123.999138,1.000000
8883,576.648867,124.016181,1.000000
8884,576.892069,124.484056,1.000000
8885,577.003750,124.049167,1.000000
8886,577.007374,124.000819,1.000000
8887,577.189579,123.864529,1.000000
8888,577.026031,124.058070,1.000000
8889,576.239080,124.636505,1.000000
8890,576.499387,124.338782,1.000000
8891,576.321684,123.241263,1.000000
8892,575.881057,122.477533,1.000000
8893,576.450721,123.238782,1.000000
8894,576.606061,123.256162,1.000000
8895,576.638923,123.474092,1.000000
8896,576.012936,123.820463,1.000000
8897,576.320080,123.527309,1.000000
8898,576.564497,123.537000,1.000000
8899,576.600572,123.540474,1.000000
8900,576.595491,123.595491,1.000000
8901,576.624635,123.953653,1.000000
8902,576.194570,123.198684,1.000000
8903,576.283186,123.473451,1.000000
8904,576.508668,123.888101,1.000000
8905,576.812277,123.986139,1.000000
8906,576.896471,124.095294,1.000000
8907,576.616855,123.699961,1.000000
8908,575.722942,123.644055,1.000000
8909,575.709467,123.783059,1.000000
8910,575.501708,123.849336,1.000000
8911,576.535392,124.194277,1.000000
8912,576.261053,123.916571,1.000000
8913,576.499600,124.465627,1.000000
8914,576.297995,123.625289,1.000000
8915,576.221881,123.948944,1.000000
8916,576.336676,124.175087,1.000000
8917,576.353528,124.172929,1.000000
8918,576.244254,124.119595,1.000000
8919,576.304591,123.287824,1.000000
8920,576.524851,124.114513,1.000000
8921,577.229965,124.667054,1.000000
8922,576.657212,123.202998,1.000000
8923,576.264682,123.320962,1.000000
8924,576.417947,123.516572,1.000000
8925,576.309004,123.507735,1.000000
8926,576.531785,123.480440,1.000000
8927,576.587174,124.151904,1.000000
8928,576.792937,124.394462,1.000000
8929,576.183522,124.344006,1.000000
8930,576.260474,124.241107,1.000000
8931,576.504078,123.501631,1.000000
8932,576.605906,123.689370,1.000000
8933,576.081520,123.461812,1.000000
8934,575.658159,123.302398,1.000000
8935,576.542671,124.118255,1.000000
8936,576.655789,123.687257,1.000000
8937,577.600418,123.667782,1.000000
8938,576.492863,123.670500,1.000000
8939,576.659274,123.585484,1.000000
8940,576.486584,123.729676,1.000000
8941,576.770181,124.395387,1.000000
8942,577.156778,123.483759,1.000000
8943,577.018096,122.475657,1.000000
8944,576.064865,122.607484,1.000000
8945,577.056744,122.900480,1.000000
8946,576.845194,123.183521,1.000000
8947,577.382018,122.314474,1.000000
8948,577.320096,123.237064,1.000000
8949,573.463483,113.671348,1.000000
8950,575.050694,112.060350,1.000000
8951,575.182226,122.613127,1.000000
8952,575.961972,122.758462,1.000000
8953,576.507234,123.652340,1.000000
8954,575.621355,123.827515,1.000000
8955,576.298822,123.723906,1.000000
8956,576.416770,123.772935,1.000000
8957,576.449495,123.412879,1.000000
8958,575.963846,123.941597,1.000000
8959,576.413863,123.721929,1.000000
8960,576.636779,123.866750,1.000000
8961,576.557131,123.237698,1.000000
8962,577.013328,124.037068,1.000000
8963,576.093153,123.690685,1.000000
8964,575.998800,123.583033,1.000000
8965,575.615152,124.808333,1.000000
8966,576.810419,124.140619,1.000000
8967,576.663253,123.638046,1.000000
8968,577.051231,123.651311,1.000000
8969,577.083529,123.979608,1.000000
8970,576.558858,123.159953,1.000000
8971,576.360433,123.603524,1.000000
8972,576.417518,123.814611,1.000000
8973,576.461569,123.558742,1.000000
8974,576.918233,123.223437,1.000000
8975,574.678085,123.231006,1.000000
8976,575.118671,124.027690,1.000000
8977,575.463482,124.399131,1.000000
8978,576.564748,124.032774,1.000000
8979,576.842555,123.495525,1.000000
8980,576.694286,123.546939,1.000000
8981,575.937907,123.526255,1.000000
8982,576.513615,123.033934,1.000000
8983,577.147847,123.809504,1.000000
8984,576.734043,123.232861,1.000000
8985,575.723669,123.057909,1.000000
8986,576.590238,122.429450,1.000000
8987,576.502492,122.427741,1.000000
8988,576.085690,122.097087,1.000000
8989,576.463964,123.237510,1.000000
8990,576.589456,122.947281,1.000000
8991,577.214721,122.717770,1.000000
8992,577.224359,122.914103,1.000000
8993,575.902429,122.611310,1.000000
8994,575.897787,123.136419,1.000000
8995,576.157585,123.338299,1.000000
8996,576.301370,123.473006,1.000000
8997,577.443192,123.321461,1.000000
8998,576.844961,123.572782,1.000000
8999,575.730973,123.667481,1.000000
9000,576.721025,122.919073,1.000000
9001,577.634805,122.968281,1.000000
9002,575.608026,123.661532,1.000000
9003,576.137480,123.721358,1.000000
9004,576.086138,123.585737,1.000000
9005,576.584094,123.732116,1.000000
9006,576.502092,123.917079,1.000000
9007,577.727130,123.778563,1.000000
9008,577.692241,124.174138,1.000000
9009,576.382107,123.984493,1.000000
9010,577.555728,124.055534,1.000000
9011,576.678829,124.068415,1.000000
9012,576.555300,123.626866,1.000000
9013,576.450891,123.267349,1.000000
9014,577.621675,123.880111,1.000000
9015,577.497709,122.498959,1.000000
9016,577.224152,122.637304,1.000000
9017,577.525011,122.481295,1.000000
9018,576.534257,122.548515,1.000000
9019,577.202411,122.117623,1.000000
9020,577.614730,121.553427,1.000000
9021,577.341869,121.791293,1.000000
9022,576.870968,122.419758,1.000000
9023,576.811297,122.330962,1.000000
9024,577.104046,122.397605,1.000000
9025,576.991556,122.262163,1.000000
9026,576.996253,122.652789,1.000000
9027,576.621880,122.651830,1.000000
9028,576.613179,122.556697,1.000000
9029,576.593170,123.089376,1.000000
9030,576.624795,122.933306,1.000000
9031,576.619357,121.908906,1.000000
9032,576.862942,122.243569,1.000000
9033,576.865775,121.992701,1.000000
9034,576.298429,122.241240,1.000000
9035,576.377175,122.461352,1.000000
9036,576.377965,122.032167,1.000000
9037,577.285885,122.275944,1.000000
9038,577.092784,122.045202,1.000000
9039,576.560824,122.718228,1.000000
9040,576.940602,122.433763,1.000000
9041,575.406356,122.485169,1.000000
9042,576.239798,122.870846,1.000000
9043,575.604237,122.625847,1.000000
9044,576.532714,122.250000,1.000000
9045,575.574661,123.909125,1.000000
9046,576.301364,123.007028,1.000000
9047,575.253165,123.451345,1.000000
9048,576.531640,123.003628,1.000000
9049,576.724425,122.730769,1.000000
9050,576.686220,122.424803,1.000000
9051,577.036517,122.737961,1.000000
9052,577.038587,122.795288,1.000000
9053,576.933148,122.692002,1.000000
9054,576.781470,122.652072,1.000000
9055,577.057320,122.591789,1.000000
9056,577.166076,123.011413,1.000000
9057,576.410843,122.332530,1.000000
9058,576.364066,121.962175,1.000000
