frame,t_s,x_px,y_px,vx_px_s,vy_px_s,speed_px_s
0,0.0,565.02,262.25,3.649,-21.528,21.835
1,0.033,565.7,262.75,7.709,-17.36,18.995
2,0.067,566.14,263.02,11.613,-13.419,17.746
3,0.1,566.82,264.06,15.363,-9.703,18.17
4,0.133,566.73,262.38,18.957,-6.212,19.949
5,0.167,566.89,262.38,22.396,-2.948,22.59
6,0.2,568.04,263.49,25.68,0.092,25.681
7,0.233,567.33,262.85,28.809,2.906,28.955
8,0.267,570.43,264.0,31.783,5.494,32.254
9,0.3,568.62,261.35,34.601,7.856,35.482
10,0.333,570.48,262.04,37.265,9.993,38.582
11,0.367,573.42,261.98,39.773,11.905,41.516
12,0.4,574.5,261.23,42.126,13.591,44.264
13,0.433,576.61,262.35,44.324,15.051,46.81
14,0.467,578.1,264.32,46.367,16.286,49.144
15,0.5,580.68,266.05,48.254,17.295,51.26
16,0.533,581.75,265.65,47.615,19.533,51.466
17,0.567,583.67,265.29,48.139,21.219,52.608
18,0.6,587.69,266.63,48.173,22.118,53.008
19,0.633,588.07,266.68,48.276,20.425,52.419
20,0.667,589.58,267.85,49.616,17.217,52.518
21,0.7,591.44,270.25,51.791,16.369,54.316
22,0.733,592.57,271.73,54.705,16.601,57.169
23,0.767,592.62,271.54,58.606,17.923,61.285
24,0.8,592.75,270.46,61.424,18.622,64.185
25,0.833,594.0,269.25,65.848,19.389,68.643
26,0.867,596.96,269.94,69.04,19.21,71.663
27,0.9,600.98,272.86,72.592,18.605,74.938
28,0.933,603.84,273.17,77.805,16.963,79.633
29,0.967,606.51,272.81,84.916,14.399,86.128
30,1.0,610.24,271.68,93.308,10.622,93.91
31,1.033,615.98,271.76,101.804,4.915,101.922
32,1.067,617.16,271.47,110.142,-0.458,110.143
33,1.1,622.03,271.58,117.772,-6.132,117.932
34,1.133,626.13,275.22,122.434,-11.817,123.003
35,1.167,628.63,281.64,125.659,-16.12,126.689
36,1.2,631.82,279.02,127.4,-19.609,128.9
37,1.233,633.95,275.78,126.768,-23.191,128.872
38,1.267,637.6,272.28,123.953,-26.615,126.779
39,1.3,642.11,268.96,119.247,-29.785,122.911
40,1.333,646.59,267.72,113.484,-32.05,117.923
41,1.367,655.53,265.79,106.835,-32.963,111.805
42,1.4,660.88,263.24,98.623,-32.958,103.985
43,1.433,664.89,263.49,88.836,-33.257,94.857
44,1.467,666.14,262.67,78.419,-32.24,84.787
45,1.5,667.41,261.62,68.034,-30.417,74.524
46,1.533,668.19,262.49,57.417,-27.564,63.69
47,1.567,669.51,261.33,45.679,-24.34,51.759
48,1.6,669.96,262.76,34.343,-19.964,39.724
49,1.633,671.38,263.0,22.941,-15.284,27.566
50,1.667,672.16,261.87,12.427,-12.585,17.687
51,1.7,671.17,260.77,3.052,-14.558,14.874
52,1.733,670.65,259.68,-5.48,-17.277,18.125
53,1.767,669.94,257.96,-10.245,-20.064,22.529
54,1.8,670.25,257.41,-13.809,-22.448,26.355
55,1.833,670.07,257.1,-15.711,-23.798,28.516
56,1.867,669.7,257.15,-15.683,-23.697,28.416
57,1.9,670.09,256.98,-16.571,-22.199,27.702
58,1.933,669.97,256.6,-17.525,-19.175,25.977
59,1.967,669.46,254.23,-18.553,-15.759,24.342
60,2.0,668.46,253.02,-19.033,-10.658,21.814
61,2.033,667.51,252.39,-18.728,-4.488,19.258
62,2.067,666.19,252.44,-16.909,1.025,16.94
63,2.1,667.13,251.32,-15.063,6.596,16.444
64,2.133,666.71,251.71,-10.674,11.611,15.772
65,2.167,664.94,252.89,-5.055,15.816,16.605
66,2.2,664.78,254.68,1.105,20.084,20.114
67,2.233,666.12,255.98,9.026,24.781,26.373
68,2.267,663.22,257.44,17.467,29.808,34.549
69,2.3,665.17,259.6,26.095,35.106,43.742
70,2.333,666.48,261.98,35.565,42.22,55.204
71,2.367,667.71,262.03,42.904,48.886,65.043
72,2.4,669.44,262.8,49.721,55.932,74.836
73,2.433,671.13,264.75,57.401,63.938,85.924
74,2.467,673.08,266.89,64.396,71.449,96.186
75,2.5,676.42,266.98,71.578,78.802,106.457
76,2.533,679.89,268.35,79.142,85.759,116.697
77,2.567,682.59,271.49,86.8,92.223,126.646
78,2.6,688.45,275.76,94.204,97.716,135.731
79,2.633,689.85,278.96,100.238,103.345,143.972
80,2.667,691.76,283.54,104.669,109.022,151.134
81,2.7,694.64,288.02,108.05,114.049,157.105
82,2.733,695.9,292.08,108.893,116.856,159.728
83,2.767,698.88,296.63,106.383,117.77,158.705
84,2.8,702.92,302.81,103.316,116.364,155.611
85,2.833,703.93,304.48,98.193,112.567,149.376
86,2.867,711.86,310.1,90.23,104.495,138.06
87,2.9,717.91,313.19,80.531,93.96,123.749
88,2.933,719.67,313.49,69.687,81.742,107.415
89,2.967,724.06,315.28,58.213,67.953,89.479
90,3.0,726.22,318.0,45.116,51.576,68.524
91,3.033,727.13,320.36,32.771,36.58,49.113
92,3.067,727.19,322.27,20.737,22.456,30.566
93,3.1,727.18,324.23,9.943,8.974,13.393
94,3.133,725.61,324.88,-1.508,-3.907,4.188
95,3.167,724.03,323.51,-11.539,-15.051,18.965
96,3.2,721.84,321.26,-19.923,-24.758,31.778
97,3.233,721.08,320.37,-25.784,-33.362,42.164
98,3.267,720.49,318.33,-27.663,-39.94,48.584
99,3.3,719.12,316.23,-29.482,-49.467,57.586
100,3.333,716.85,312.59,-27.662,-54.551,61.163
101,3.367,717.44,312.26,-20.414,-52.984,56.78
102,3.4,717.28,311.55,-14.123,-49.932,51.891
103,3.433,716.6,309.96,-9.325,-44.479,45.446
104,3.467,716.06,307.95,-4.997,-36.618,36.957
105,3.5,719.67,309.54,-1.522,-25.017,25.064
106,3.533,718.53,306.89,0.911,-10.975,11.013
107,3.567,718.5,305.94,1.955,4.376,4.793
108,3.6,717.82,305.61,0.66,19.919,19.93
109,3.633,717.86,305.61,-2.873,34.419,34.539
110,3.667,718.34,305.58,-7.64,47.381,47.993
111,3.7,719.32,305.93,-12.888,59.655,61.031
112,3.733,718.13,308.18,-17.463,70.431,72.564
113,3.767,715.35,310.14,-21.484,78.79,81.666
114,3.8,720.64,326.13,-24.71,86.764,90.215
115,3.833,717.84,327.02,-26.308,93.321,96.959
116,3.867,712.57,325.5,-26.216,99.491,102.887
117,3.9,711.71,329.35,-26.232,102.379,105.686
118,3.933,711.34,332.65,-25.859,104.203,107.364
119,3.967,712.15,339.11,-23.933,104.722,107.422
120,4.0,709.75,341.29,-19.931,105.227,107.098
121,4.033,707.51,343.23,-16.416,103.381,104.676
122,4.067,705.71,345.52,-11.813,102.26,102.94
123,4.1,706.47,348.4,-6.198,102.171,102.359
124,4.133,707.64,351.67,0.776,104.706,104.709
125,4.167,709.23,355.43,7.455,109.332,109.586
126,4.2,710.58,358.05,12.732,116.497,117.191
127,4.233,711.33,362.95,15.601,125.941,126.903
128,4.267,711.66,368.74,16.639,136.971,137.978
129,4.3,711.4,370.96,17.127,149.161,150.141
130,4.333,710.05,374.94,12.812,154.425,154.955
131,4.367,709.95,378.91,7.553,157.379,157.56
132,4.4,711.62,387.05,3.005,159.652,159.68
133,4.433,713.74,391.6,-2.369,158.992,159.01
134,4.467,714.59,398.17,-8.757,156.923,157.167
135,4.5,714.33,403.77,-16.392,152.845,153.722
136,4.533,713.98,411.6,-22.159,147.184,148.843
137,4.567,713.74,418.53,-24.749,139.238,141.42
138,4.6,711.78,424.83,-24.985,131.56,133.911
139,4.633,708.14,427.42,-24.125,125.112,127.416
140,4.667,705.78,430.36,-21.9,117.311,119.338
141,4.7,704.25,432.15,-18.903,108.374,110.01
142,4.733,703.43,433.99,-15.564,99.212,100.426
143,4.767,703.47,435.02,-12.181,89.911,90.732
144,4.8,703.48,436.91,-9.067,81.046,81.551
145,4.833,703.86,438.08,-5.316,73.288,73.48
146,4.867,703.31,441.19,-0.516,66.883,66.885
147,4.9,703.6,445.14,4.708,62.83,63.006
148,4.933,704.77,450.42,10.052,57.26,58.135
149,4.967,707.17,453.59,12.913,55.774,57.249
150,5.0,710.01,453.42,14.335,54.25,56.112
151,5.033,710.4,455.28,14.352,52.795,54.711
152,5.067,708.47,460.19,13.645,49.845,51.679
153,5.1,708.43,460.45,12.555,43.589,45.361
154,5.133,709.14,457.23,9.608,38.832,40.003
155,5.167,708.6,458.77,8.691,31.573,32.748
156,5.2,708.01,460.39,8.166,25.559,26.831
157,5.233,707.58,462.75,7.155,19.961,21.205
158,5.267,707.7,463.94,5.573,15.263,16.248
159,5.3,708.76,462.59,3.265,11.942,12.38
160,5.333,708.42,463.87,1.84,7.253,7.483
161,5.367,708.39,464.45,-0.472,5.19,5.212
162,5.4,708.69,463.74,-2.476,4.856,5.451
163,5.433,706.9,467.58,-5.051,6.298,8.073
164,5.467,708.98,462.29,-7.03,6.269,9.419
165,5.5,709.52,462.24,-10.952,6.573,12.773
166,5.533,710.68,462.68,-17.779,7.923,19.464
167,5.567,709.98,463.63,-25.806,9.644,27.549
168,5.6,706.92,469.27,-34.34,9.234,35.56
169,5.633,708.25,463.55,-46.141,10.556,47.333
170,5.667,703.28,468.97,-58.782,12.946,60.19
171,5.7,700.12,466.77,-72.267,16.677,74.167
172,5.733,698.39,466.91,-83.598,20.826,86.153
173,5.767,696.81,466.16,-91.817,25.088,95.183
174,5.8,695.22,465.45,-98.009,29.062,102.227
175,5.833,689.73,471.69,-103.031,33.9,108.465
176,5.867,686.93,472.3,-108.271,38.803,115.015
177,5.9,682.58,473.08,-113.765,42.868,121.573
178,5.933,679.4,471.85,-119.766,46.696,128.547
179,5.967,672.08,474.92,-122.789,46.27,131.218
180,6.0,667.37,475.28,-125.014,46.922,133.529
181,6.033,663.19,477.39,-127.065,46.29,135.234
182,6.067,656.85,479.47,-129.982,44.768,137.475
183,6.1,651.5,483.21,-133.702,42.3,140.234
184,6.133,652.25,482.15,-137.14,36.856,142.006
185,6.167,649.05,487.01,-143.587,35.171,147.832
186,6.2,648.63,487.75,-151.66,32.328,155.067
187,6.233,643.08,489.47,-160.123,31.434,163.179
188,6.267,634.48,489.77,-171.823,32.062,174.789
189,6.3,626.18,490.58,-184.535,34.045,187.649
190,6.333,617.09,491.01,-199.494,37.291,202.949
191,6.367,611.73,489.56,-214.519,38.094,217.875
192,6.4,606.9,489.25,-229.799,38.442,232.992
193,6.433,603.16,488.32,-243.281,38.137,246.252
194,6.467,594.36,490.59,-254.815,38.666,257.732
195,6.5,584.57,491.68,-261.769,38.664,264.609
196,6.533,575.26,494.85,-264.205,39.209,267.098
197,6.567,565.43,498.17,-262.529,39.806,265.529
198,6.6,555.31,502.43,-256.072,40.408,259.241
199,6.633,544.13,506.07,-244.532,39.911,247.768
200,6.667,534.02,507.37,-230.943,40.314,234.436
201,6.7,527.5,507.72,-214.286,38.408,217.7
202,6.733,518.08,507.87,-197.818,35.761,201.024
203,6.767,514.65,506.44,-179.462,31.764,182.251
204,6.8,507.6,505.92,-158.111,27.04,160.406
205,6.833,503.88,506.2,-134.804,21.552,136.515
206,6.867,502.02,506.54,-109.119,16.029,110.29
207,6.9,500.84,507.15,-83.816,11.639,84.62
208,6.933,499.0,508.48,-57.783,8.149,58.355
209,6.967,497.1,509.89,-36.502,6.824,37.135
210,7.0,495.62,510.39,-18.914,6.203,19.905
211,7.033,493.43,511.26,-5.415,7.111,8.938
212,7.067,492.25,511.62,4.265,8.309,9.34
213,7.1,493.26,511.66,9.486,9.331,13.306
214,7.133,494.53,511.24,12.03,9.519,15.341
215,7.167,495.47,511.07,10.707,8.628,13.751
216,7.2,496.05,511.29,8.174,7.441,11.054
217,7.233,498.4,511.45,2.118,6.132,6.487
218,7.267,498.98,511.82,-3.444,5.026,6.093
219,7.3,498.74,512.42,-10.185,4.795,11.257
220,7.333,499.51,513.02,-15.952,5.268,16.799
221,7.367,499.45,512.66,-20.528,6.113,21.419
222,7.4,499.88,512.41,-24.753,6.904,25.698
223,7.433,492.99,512.77,-27.892,7.446,28.868
224,7.467,491.27,512.36,-30.56,7.246,31.407
225,7.5,489.5,512.56,-31.533,6.124,32.122
226,7.533,488.68,512.5,-32.191,4.728,32.536
227,7.567,486.28,513.09,-31.483,2.807,31.608
228,7.6,485.79,514.2,-29.068,0.677,29.076
229,7.633,482.29,514.87,-25.95,-1.611,26.0
230,7.667,484.48,515.21,-20.296,-3.991,20.685
231,7.7,483.22,515.05,-15.213,-6.131,16.402
232,7.733,485.93,514.94,-10.126,-8.697,13.348
233,7.767,486.26,513.89,-7.214,-11.534,13.605
234,7.8,486.22,512.94,-5.229,-14.203,15.135
235,7.833,487.16,511.68,-4.178,-17.439,17.933
236,7.867,486.47,510.18,-5.053,-20.364,20.982
237,7.9,486.5,509.38,-7.688,-22.237,23.529
238,7.933,484.21,508.82,-13.314,-23.52,27.027
239,7.967,483.83,508.57,-19.495,-25.702,32.259
240,8.0,481.12,508.43,-25.572,-27.695,37.696
241,8.033,481.37,507.66,-30.875,-29.787,42.902
242,8.067,481.5,506.76,-35.575,-31.737,47.674
243,8.1,481.13,505.31,-38.636,-33.733,51.29
244,8.133,481.07,503.79,-41.129,-37.116,55.4
245,8.167,475.24,502.64,-40.85,-40.74,57.693
246,8.2,474.6,500.67,-41.648,-45.533,61.707
247,8.233,472.6,499.79,-41.047,-50.717,65.247
248,8.267,472.59,499.02,-43.157,-54.951,69.872
249,8.3,470.73,497.17,-44.826,-57.76,73.114
250,8.333,468.78,496.68,-45.937,-59.707,75.334
251,8.367,466.96,494.08,-48.527,-61.784,78.563
252,8.4,464.41,490.07,-50.71,-63.058,80.919
253,8.433,462.89,486.19,-52.608,-63.809,82.699
254,8.467,465.62,484.78,-53.904,-65.838,85.089
255,8.5,464.62,482.19,-54.605,-68.779,87.819
256,8.533,462.71,479.75,-52.507,-71.649,88.829
257,8.567,460.15,477.19,-49.258,-73.365,88.367
258,8.6,456.98,474.3,-47.276,-74.581,88.302
259,8.633,454.23,473.83,-45.666,-74.5,87.382
260,8.667,450.25,471.4,-44.956,-73.151,85.861
261,8.7,449.02,471.48,-42.443,-71.757,83.37
262,8.733,445.99,471.13,-40.23,-69.515,80.317
263,8.767,448.33,467.69,-36.927,-66.674,76.217
264,8.8,446.64,463.13,-33.352,-63.191,71.453
265,8.833,444.73,458.75,-29.588,-59.266,66.241
266,8.867,446.29,456.72,-25.486,-56.625,62.097
267,8.9,445.98,453.35,-20.78,-53.737,57.614
268,8.933,445.03,449.82,-16.357,-50.944,53.506
269,8.967,446.24,450.6,-11.526,-46.189,47.605
270,9.0,446.25,451.87,-8.392,-40.135,41.003
271,9.033,443.7,451.85,-6.909,-32.826,33.545
272,9.067,440.58,450.14,-6.614,-24.347,25.23
273,9.1,441.82,449.86,-7.94,-15.826,17.706
274,9.133,441.46,448.47,-9.241,-5.451,10.728
275,9.167,441.14,446.96,-10.24,4.37,11.134
276,9.2,441.66,447.81,-10.357,13.186,16.767
277,9.233,442.78,448.38,-10.679,18.987,21.784
278,9.267,442.41,448.47,-9.636,21.601,23.653
279,9.3,440.97,447.62,-10.646,20.389,23.001
280,9.333,440.76,447.55,-11.088,17.227,20.486
281,9.367,440.25,449.52,-11.127,11.689,16.138
282,9.4,438.71,450.23,-12.011,3.924,12.636
283,9.433,440.15,454.22,-12.37,0.369,12.376
284,9.467,439.67,455.06,-12.576,-5.4,13.687
285,9.5,437.69,454.31,-13.854,-15.304,20.643
286,9.533,437.47,453.62,-15.548,-28.196,32.198
287,9.567,436.77,451.86,-16.727,-43.316,46.434
288,9.6,438.03,451.81,-16.51,-59.695,61.936
289,9.633,437.18,447.05,-16.443,-76.731,78.473
290,9.667,435.57,442.35,-15.784,-93.575,94.897
291,9.7,434.67,438.41,-15.588,-110.875,111.966
292,9.733,434.18,434.4,-15.663,-126.341,127.308
293,9.767,432.86,428.57,-17.322,-141.437,142.494
294,9.8,433.57,426.19,-19.805,-154.065,155.333
295,9.833,432.62,421.76,-21.275,-164.704,166.073
296,9.867,433.15,419.57,-21.877,-173.932,175.302
297,9.9,433.18,416.24,-21.307,-181.45,182.697
298,9.933,431.44,398.52,-18.989,-186.499,187.463
299,9.967,430.9,393.22,-16.474,-190.093,190.806
300,10.0,430.55,389.54,-13.003,-191.843,192.283
301,10.033,429.27,383.43,-7.924,-191.508,191.671
302,10.067,428.76,377.1,-3.823,-190.862,190.9
303,10.1,428.34,371.5,-0.175,-188.354,188.354
304,10.133,427.21,364.38,1.691,-185.284,185.292
305,10.167,425.48,357.53,2.365,-179.385,179.401
306,10.2,426.18,354.66,1.766,-172.61,172.619
307,10.233,425.95,346.09,0.273,-165.822,165.823
308,10.267,428.05,341.34,-2.573,-159.263,159.283
309,10.3,430.93,333.37,-5.422,-152.592,152.689
310,10.333,432.05,328.32,-8.501,-147.847,148.091
311,10.367,432.55,325.98,-10.929,-144.381,144.794
312,10.4,432.38,322.55,-13.16,-144.019,144.619
313,10.433,431.78,319.36,-15.166,-146.444,147.227
314,10.467,430.53,314.1,-16.081,-144.082,144.976
315,10.5,427.88,309.14,-16.504,-141.256,142.217
316,10.533,424.07,304.07,-16.762,-138.629,139.639
317,10.567,423.41,302.25,-16.485,-135.719,136.717
318,10.6,421.97,297.73,-15.51,-132.717,133.62
319,10.633,420.71,292.2,-13.766,-129.569,130.299
320,10.667,419.85,284.2,-10.899,-125.253,125.726
321,10.7,420.74,279.19,-6.383,-119.722,119.892
322,10.733,421.3,274.89,-1.468,-114.446,114.456
323,10.767,423.6,270.67,3.81,-107.489,107.557
324,10.8,425.3,267.68,7.545,-99.018,99.305
325,10.833,426.02,265.54,9.14,-86.892,87.371
326,10.867,426.62,263.63,9.053,-72.206,72.771
327,10.9,426.55,262.67,7.452,-58.177,58.652
328,10.933,426.28,260.72,4.429,-44.86,45.078
329,10.967,425.77,259.51,0.128,-33.129,33.13
330,11.0,425.34,258.29,-5.101,-22.792,23.356
331,11.033,425.23,256.37,-10.193,-12.461,16.099
332,11.067,425.54,255.45,-14.179,-5.829,15.33
333,11.1,424.95,255.87,-17.957,-3.041,18.212
334,11.133,423.81,256.13,-20.641,-3.028,20.862
335,11.167,422.4,256.51,-22.114,-4.16,22.502
336,11.2,420.65,257.73,-22.181,-6.788,23.196
337,11.233,418.9,258.04,-20.985,-8.412,22.609
338,11.267,417.85,260.51,-18.629,-12.536,22.454
339,11.3,418.4,260.32,-15.855,-15.387,22.094
340,11.333,418.69,258.48,-13.215,-19.346,23.429
341,11.367,418.88,255.25,-10.458,-22.63,24.929
342,11.4,418.76,254.3,-7.853,-25.392,26.578
343,11.433,418.7,252.86,-5.408,-26.898,27.436
344,11.467,418.55,251.36,-3.481,-27.874,28.091
345,11.5,418.35,250.58,-1.605,-28.251,28.296
346,11.533,417.83,245.33,-0.595,-26.989,26.995
347,11.567,417.88,247.82,-0.317,-24.843,24.845
348,11.6,417.99,247.74,-0.711,-22.393,22.404
349,11.633,417.74,247.62,-1.73,-20.235,20.309
350,11.667,418.08,244.99,-2.976,-18.004,18.248
351,11.7,418.79,247.37,-4.187,-15.79,16.336
352,11.733,418.51,243.09,-4.267,-14.675,15.283
353,11.767,418.7,246.84,-3.027,-13.914,14.24
354,11.8,418.07,244.34,-0.365,-15.031,15.035
355,11.833,418.1,246.98,3.139,-17.736,18.012
356,11.867,417.77,246.36,7.278,-20.609,21.856
357,11.9,417.43,246.29,12.312,-23.829,26.822
358,11.933,417.23,243.39,17.872,-27.402,32.715
359,11.967,417.88,242.72,23.62,-30.625,38.675
360,12.0,417.77,241.52,29.311,-32.658,43.883
361,12.033,419.57,237.64,34.533,-35.769,49.719
362,12.067,421.27,235.83,38.862,-37.257,53.836
363,12.1,422.41,234.92,42.571,-39.664,58.186
364,12.133,424.39,234.37,45.703,-42.629,62.498
365,12.167,426.66,233.2,47.931,-44.685,65.53
366,12.2,429.55,231.88,49.47,-44.456,66.51
367,12.233,431.36,231.67,49.926,-43.629,66.303
368,12.267,433.6,230.32,50.383,-39.527,64.038
369,12.3,435.65,228.75,51.439,-37.317,63.55
370,12.333,437.28,228.07,53.411,-33.192,62.884
371,12.367,439.12,225.73,56.986,-30.632,64.697
372,12.4,439.8,225.97,61.696,-28.343,67.895
373,12.433,440.76,224.92,66.203,-26.129,71.173
374,12.467,441.77,222.9,69.833,-23.505,73.683
375,12.5,442.87,218.62,72.683,-22.003,75.94
376,12.533,444.62,218.34,76.696,-23.333,80.167
377,12.567,448.01,219.12,79.457,-25.201,83.357
378,12.6,450.83,219.03,83.29,-28.57,88.054
379,12.633,453.7,221.01,87.064,-31.38,92.547
380,12.667,458.23,220.48,91.387,-34.647,97.734
381,12.7,462.53,220.03,94.186,-36.26,100.924
382,12.733,467.85,217.45,95.604,-36.695,102.404
383,12.767,472.49,215.21,93.913,-35.347,100.345
384,12.8,475.43,215.66,90.224,-33.431,96.219
385,12.833,478.17,213.58,85.092,-31.35,90.683
386,12.867,477.87,212.88,77.113,-28.031,82.049
387,12.9,477.35,211.41,68.062,-24.774,72.431
388,12.933,479.1,207.49,59.037,-22.485,63.174
389,12.967,482.84,204.13,49.717,-19.813,53.519
390,13.0,486.58,201.16,40.876,-16.766,44.181
391,13.033,487.3,202.6,34.424,-13.265,36.891
392,13.067,491.52,203.96,27.783,-8.504,29.055
393,13.1,490.41,208.1,22.127,-4.185,22.519
394,13.133,491.2,208.58,18.412,-0.019,18.412
395,13.167,488.67,211.59,16.112,3.154,16.417
396,13.2,488.93,211.12,13.549,6.131,14.871
397,13.233,487.14,211.63,10.228,9.093,13.686
398,13.267,489.85,208.72,7.9,11.567,14.007
399,13.3,490.36,208.31,4.435,14.099,14.78
400,13.333,489.6,209.12,2.239,13.62,13.803
401,13.367,492.86,206.14,0.778,11.739,11.765
402,13.4,493.17,207.27,1.663,8.336,8.5
403,13.433,492.71,208.24,5.061,4.239,6.602
404,13.467,493.63,207.13,10.892,-0.307,10.897
405,13.5,494.21,206.77,17.865,-3.971,18.301
406,13.533,491.19,210.4,24.138,-5.232,24.699
407,13.567,494.11,209.72,31.961,-6.641,32.644
408,13.6,494.36,211.0,37.0,-6.765,37.613
409,13.633,493.27,212.31,43.026,-8.087,43.78
410,13.667,493.51,212.24,47.239,-8.701,48.034
411,13.7,496.36,211.32,53.811,-11.075,54.939
412,13.733,501.82,208.15,60.812,-13.351,62.26
413,13.767,502.69,207.02,70.311,-16.147,72.142
414,13.8,508.3,204.1,80.422,-17.694,82.346
415,13.833,510.55,204.55,90.115,-18.359,91.966
416,13.867,513.63,204.43,101.209,-19.74,103.116
417,13.9,516.67,203.48,111.666,-20.263,113.489
418,13.933,520.89,201.33,121.908,-21.609,123.808
419,13.967,523.67,202.45,130.649,-22.89,132.639
420,14.0,526.09,202.9,138.075,-23.476,140.057
421,14.033,531.06,201.96,144.162,-23.189,146.015
422,14.067,533.36,203.36,150.704,-23.395,152.51
423,14.1,540.5,201.9,154.654,-22.08,156.222
424,14.133,544.83,201.76,156.944,-19.727,158.179
425,14.167,554.14,200.07,160.301,-17.348,161.237
426,14.2,559.22,200.09,165.263,-15.455,165.984
427,14.233,566.32,198.95,169.256,-14.022,169.836
428,14.267,571.66,197.71,169.2,-12.017,169.626
429,14.3,575.61,196.38,168.278,-10.909,168.631
430,14.333,582.87,193.6,162.901,-8.903,163.145
431,14.367,587.55,192.48,153.99,-7.192,154.158
432,14.4,590.78,192.91,142.171,-5.935,142.295
433,14.433,593.73,194.41,127.322,-4.323,127.396
434,14.467,599.63,194.62,109.698,-1.83,109.713
435,14.5,603.47,196.41,91.132,-0.531,91.133
436,14.533,606.66,198.64,73.735,-0.235,73.735
437,14.567,609.78,199.66,57.107,-0.287,57.108
438,14.6,613.5,199.88,42.738,-1.796,42.776
439,14.633,617.72,198.07,30.212,-3.355,30.398
440,14.667,617.78,196.2,20.259,-5.862,21.09
441,14.7,614.4,195.15,10.342,-8.217,13.209
442,14.733,612.06,194.02,2.791,-11.291,11.631
443,14.767,611.91,193.02,-3.526,-14.385,14.81
444,14.8,608.66,193.85,-9.036,-17.032,19.281
445,14.833,607.46,193.7,-12.066,-19.252,22.721
446,14.867,607.85,192.97,-15.053,-19.925,24.972
447,14.9,607.4,192.69,-16.385,-19.243,25.274
448,14.933,608.93,191.27,-14.772,-17.356,22.791
449,14.967,610.85,190.09,-8.079,-15.282,17.286
450,15.0,612.66,190.12,1.865,-12.69,12.826
451,15.033,612.78,190.08,14.541,-10.308,17.824
452,15.067,612.75,190.17,29.682,-8.764,30.948
453,15.1,614.34,190.03,45.971,-8.037,46.669
454,15.133,613.26,189.46,59.62,-8.116,60.17
455,15.167,613.96,189.61,69.276,-7.975,69.733
456,15.2,615.5,189.26,75.302,-7.096,75.635
457,15.233,616.26,189.26,79.895,-5.848,80.109
458,15.267,617.45,189.07,82.667,-4.054,82.766
459,15.3,621.85,188.3,82.511,-1.677,82.528
460,15.333,625.66,188.11,82.364,0.247,82.364
461,15.367,632.34,188.17,81.218,1.708,81.236
462,15.4,639.1,188.33,79.592,2.802,79.641
463,15.433,645.76,187.67,77.865,3.378,77.938
464,15.467,648.22,187.78,76.268,4.131,76.38
465,15.5,649.15,188.46,74.221,5.471,74.423
466,15.533,649.88,188.93,72.067,6.858,72.393
467,15.567,648.45,189.29,70.203,8.117,70.67
468,15.6,645.88,189.82,68.254,8.797,68.819
469,15.633,647.42,190.49,63.758,9.029,64.394
470,15.667,648.51,191.08,59.993,8.794,60.635
471,15.7,651.19,191.05,56.495,7.812,57.033
472,15.733,653.03,191.2,52.723,6.401,53.11
473,15.767,655.86,191.13,50.929,4.396,51.119
474,15.8,659.95,190.91,49.746,2.008,49.787
475,15.833,662.26,190.6,48.484,0.043,48.484
476,15.867,666.41,190.69,47.401,-1.823,47.436
477,15.9,668.92,191.11,44.822,-3.572,44.964
478,15.933,672.14,191.48,39.905,-5.187,40.241
479,15.967,672.99,191.76,32.064,-6.192,32.657
480,16.0,673.6,191.26,22.134,-6.606,23.098
481,16.033,672.03,190.47,11.558,-6.776,13.398
482,16.067,669.77,189.64,0.75,-6.772,6.813
483,16.1,667.76,189.29,-8.997,-6.33,11.0
484,16.133,669.71,188.67,-15.587,-5.959,16.687
485,16.167,668.53,188.62,-20.666,-5.366,21.351
486,16.2,667.45,188.64,-23.332,-4.912,23.843
487,16.233,667.59,188.66,-24.075,-4.259,24.449
488,16.267,664.36,188.97,-22.994,-3.585,23.271
489,16.3,664.67,189.35,-20.266,-2.623,20.435
490,16.333,664.28,188.96,-15.807,-1.31,15.861
491,16.367,664.13,189.01,-8.131,0.336,8.138
492,16.4,664.24,189.0,-0.579,2.445,2.512
493,16.433,664.67,189.0,6.818,4.922,8.41
494,16.467,664.57,189.2,11.988,7.727,14.263
495,16.5,666.03,189.06,15.971,10.117,18.906
496,16.533,666.45,189.08,20.708,11.755,23.811
497,16.567,666.79,189.46,25.259,12.468,28.168
498,16.6,667.94,189.38,30.881,12.154,33.187
499,16.633,668.18,190.27,36.339,10.873,37.931
500,16.667,669.63,190.3,39.712,8.678,40.649
501,16.7,670.75,190.94,41.692,5.736,42.085
502,16.733,671.96,191.46,41.959,2.584,42.039
503,16.767,674.94,192.25,41.662,-1.035,41.675
504,16.8,678.22,192.68,42.915,-5.021,43.208
505,16.833,679.62,193.08,43.619,-9.317,44.603
506,16.867,677.75,193.67,43.554,-13.56,45.616
507,16.9,678.98,193.38,44.689,-17.591,48.026
508,16.933,680.31,192.1,45.414,-21.361,50.187
509,16.967,684.27,189.58,44.812,-24.75,51.192
510,17.0,688.02,187.23,43.65,-27.61,51.649
511,17.033,686.49,185.5,40.905,-29.606,50.495
512,17.067,687.72,184.27,36.191,-30.995,47.649
513,17.1,686.6,183.65,30.513,-31.563,43.9
514,17.133,687.87,182.89,24.673,-31.46,39.981
515,17.167,688.84,182.89,20.51,-30.765,36.975
516,17.2,691.12,182.69,18.351,-28.897,34.231
517,17.233,695.12,181.57,19.123,-25.866,32.167
518,17.267,695.85,181.22,23.442,-20.98,31.46
519,17.3,695.4,180.7,30.799,-14.714,34.133
520,17.333,695.95,180.14,38.451,-7.277,39.133
521,17.367,697.86,179.98,45.224,0.83,45.232
522,17.4,694.91,179.56,52.266,9.036,53.041
523,17.433,694.14,179.49,58.834,16.675,61.151
524,17.467,695.12,179.71,63.784,24.086,68.18
525,17.5,695.64,179.91,64.605,31.467,71.861
526,17.533,697.4,180.18,60.848,38.61,72.064
527,17.567,702.62,181.58,54.988,45.418,71.319
528,17.6,708.51,182.85,46.212,51.044,68.855
529,17.633,714.2,185.82,36.466,55.309,66.248
530,17.667,718.58,189.0,25.205,58.484,63.684
531,17.7,721.84,192.61,14.749,60.723,62.488
532,17.733,723.13,196.31,5.183,62.095,62.311
533,17.767,721.65,198.52,-4.485,63.415,63.573
534,17.8,716.13,200.66,-12.983,65.23,66.509
535,17.833,711.91,202.52,-21.158,67.351,70.596
536,17.867,709.38,204.22,-28.745,68.777,74.543
537,17.9,707.22,205.32,-35.639,70.526,79.02
538,17.933,703.14,207.26,-39.381,73.172,83.096
539,17.967,700.4,208.49,-39.961,77.648,87.327
540,18.0,699.68,210.14,-38.315,82.662,91.11
541,18.033,699.43,212.33,-32.522,89.421,95.152
542,18.067,700.18,214.42,-21.671,98.476,100.832
543,18.1,702.01,218.37,-8.12,108.242,108.546
544,18.133,704.46,222.99,6.256,117.792,117.958
545,18.167,708.44,228.15,19.243,125.252,126.721
546,18.2,709.51,232.93,31.39,132.597,136.262
547,18.233,709.3,238.2,40.776,137.623,143.536
548,18.267,708.25,243.41,47.463,139.856,147.69
549,18.3,706.5,246.97,51.738,139.748,149.018
550,18.333,708.36,250.98,55.649,138.233,149.014
551,18.367,710.27,258.01,59.593,135.799,148.299
552,18.4,711.25,263.57,62.234,132.429,146.324
553,18.433,713.44,268.76,62.866,127.501,142.157
554,18.467,716.11,271.53,62.546,121.269,136.448
555,18.5,721.4,276.64,61.692,114.824,130.347
556,18.533,725.14,279.2,60.261,108.209,123.857
557,18.567,726.26,279.53,58.196,101.56,117.052
558,18.6,727.37,280.88,55.485,95.92,110.812
559,18.633,728.92,283.9,51.804,90.414,104.203
560,18.667,732.44,289.59,46.914,85.231,97.29
561,18.7,732.72,290.24,39.529,80.11,89.332
562,18.733,734.58,293.8,29.617,73.471,79.216
563,18.767,735.27,297.65,20.319,68.165,71.129
564,18.8,735.95,301.91,11.111,61.781,62.772
565,18.833,735.89,304.15,3.447,55.897,56.003
566,18.867,733.75,304.92,-3.433,50.223,50.34
567,18.9,732.22,305.05,-9.121,42.696,43.66
568,18.933,731.71,307.19,-13.297,34.589,37.057
569,18.967,732.08,308.62,-15.542,25.465,29.833
570,19.0,732.17,308.96,-16.357,17.52,23.969
571,19.033,731.51,309.52,-18.068,8.988,20.18
572,19.067,731.29,310.2,-20.701,1.192,20.735
573,19.1,730.76,309.66,-22.975,-4.048,23.329
574,19.133,729.96,309.71,-24.774,-6.401,25.587
575,19.167,728.6,308.75,-26.204,-5.682,26.813
576,19.2,727.32,307.35,-28.011,-2.843,28.155
577,19.233,728.99,310.25,-28.678,2.856,28.82
578,19.267,725.86,306.56,-29.655,11.381,31.764
579,19.3,725.49,307.34,-31.257,22.138,38.302
580,19.333,724.89,307.08,-33.919,33.886,47.945
581,19.367,723.68,307.93,-38.087,46.114,59.809
582,19.4,721.79,310.82,-41.966,58.347,71.871
583,19.433,720.7,312.64,-45.423,70.028,83.469
584,19.467,717.82,316.08,-49.147,81.368,95.059
585,19.5,715.0,318.0,-53.031,90.701,105.067
586,19.533,713.47,321.81,-56.708,97.562,112.846
587,19.567,712.48,326.18,-60.429,101.967,118.528
588,19.6,711.22,330.85,-64.599,103.873,122.322
589,19.633,710.07,335.98,-69.492,103.925,125.018
590,19.667,708.85,340.18,-74.334,102.276,126.436
591,19.7,706.22,342.72,-78.697,100.347,127.525
592,19.733,702.12,348.38,-81.994,98.626,128.258
593,19.767,698.07,351.2,-85.12,95.27,127.757
594,19.8,694.54,352.89,-80.121,91.215,121.407
595,19.833,691.11,353.9,-79.85,90.033,120.341
596,19.867,689.07,355.3,-83.231,89.464,122.194
597,19.9,685.84,357.7,-89.724,89.675,126.854
598,19.933,682.35,361.6,-99.024,89.994,133.809
599,19.967,679.85,361.85,-110.078,90.357,142.414
600,20.0,676.28,364.48,-121.613,91.148,151.979
601,20.033,671.55,368.87,-132.642,93.458,162.26
602,20.067,667.63,373.28,-143.538,97.433,173.483
603,20.1,664.09,377.83,-154.537,103.143,185.796
604,20.133,661.73,382.73,-164.083,109.214,197.106
605,20.167,658.43,387.41,-171.775,114.727,206.564
606,20.2,655.11,390.5,-176.734,118.529,212.8
607,20.233,650.62,393.57,-180.011,122.365,217.663
608,20.267,643.54,395.86,-179.089,121.256,216.278
609,20.3,618.61,404.54,-177.045,119.535,213.621
610,20.333,614.39,402.64,-171.722,114.552,206.424
611,20.367,609.24,406.21,-164.897,109.326,197.846
612,20.4,604.66,409.67,-157.007,102.421,187.46
613,20.433,601.97,413.18,-147.261,93.872,174.636
614,20.467,598.03,419.01,-136.447,83.654,160.049
615,20.5,594.86,423.54,-125.953,74.285,146.227
616,20.533,591.64,428.01,-113.811,63.759,130.454
617,20.567,589.82,430.36,-103.423,54.539,116.923
618,20.6,589.8,430.42,-86.457,38.407,94.604
619,20.633,588.04,430.96,-76.439,29.063,81.778
620,20.667,585.57,430.75,-74.68,25.701,78.979
621,20.7,580.25,432.09,-79.803,26.626,84.128
622,20.733,577.64,429.95,-90.75,31.171,95.954
623,20.767,570.42,434.26,-106.373,38.695,113.193
624,20.8,569.7,431.04,-125.152,48.638,134.271
625,20.833,564.17,434.2,-134.4,56.575,145.822
626,20.867,561.89,432.44,-141.69,67.225,156.829
627,20.9,558.85,434.09,-146.252,77.897,165.703
628,20.933,554.09,436.35,-148.146,88.064,172.344
629,20.967,550.05,438.33,-147.245,97.194,176.431
630,21.0,546.82,440.29,-144.879,104.747,178.779
631,21.033,538.13,447.45,-141.079,110.53,179.221
632,21.067,536.43,449.88,-135.528,113.045,176.485
633,21.1,511.17,475.46,-128.382,112.129,170.454
634,21.133,509.33,476.25,-121.4,108.926,163.103
635,21.167,510.83,475.27,-113.019,101.901,152.175
636,21.2,512.24,474.77,-104.243,91.941,138.995
637,21.233,512.6,474.85,-93.896,78.569,122.432
638,21.267,512.13,474.56,-82.763,64.217,104.755
639,21.3,511.97,474.98,-69.577,46.316,83.583
640,21.333,508.61,476.11,-57.061,29.196,64.097
641,21.367,505.7,476.66,-44.091,11.031,45.45
642,21.4,502.73,477.7,-32.468,-5.131,32.871
643,21.433,500.23,479.25,-24.198,-18.997,30.764
644,21.467,495.4,481.39,-19.375,-30.028,35.736
645,21.5,494.77,480.57,-17.607,-36.987,40.964
646,21.533,494.81,478.25,-19.207,-39.593,44.006
647,21.567,495.46,475.99,-22.813,-40.124,46.156
648,21.6,495.62,473.75,-31.821,-36.324,48.291
649,21.633,497.26,469.98,-30.631,-41.428,51.522
650,21.667,496.01,468.71,-27.401,-45.576,53.179
651,21.7,496.17,467.01,-25.028,-49.088,55.1
652,21.733,496.29,465.53,-24.488,-52.517,57.946
653,21.767,494.35,464.04,-26.998,-56.202,62.35
654,21.8,493.62,462.7,-28.426,-58.245,64.812
655,21.833,490.76,461.52,-36.863,-59.04,69.603
656,21.867,488.09,460.14,-47.539,-58.594,75.454
657,21.9,483.92,459.55,-58.882,-56.698,81.742
658,21.933,482.52,457.74,-69.452,-53.896,87.911
659,21.967,482.53,455.81,-79.286,-51.371,94.474
660,22.0,480.64,452.96,-84.692,-49.533,98.113
661,22.033,477.01,451.14,-87.79,-47.907,100.01
662,22.067,476.08,449.52,-88.37,-45.77,99.519
663,22.1,476.28,448.19,-88.002,-43.47,98.153
664,22.133,472.05,446.56,-86.43,-40.491,95.444
665,22.167,466.29,442.36,-84.83,-36.634,92.402
666,22.2,461.78,440.37,-80.919,-32.455,87.185
667,22.233,457.55,440.27,-75.775,-27.906,80.75
668,22.267,456.06,442.03,-70.003,-23.075,73.708
669,22.3,444.44,441.51,-62.892,-18.44,65.54
670,22.333,449.21,441.74,-55.35,-13.972,57.086
671,22.367,450.57,441.4,-46.294,-9.732,47.306
672,22.4,450.89,440.83,-36.539,-6.383,37.092
673,22.433,450.25,440.28,-25.265,-4.27,25.623
674,22.467,451.25,440.88,-13.904,-2.722,14.168
675,22.5,448.88,440.24,-4.373,-2.412,4.994
676,22.533,448.02,440.13,3.614,-2.377,4.326
677,22.567,446.13,439.64,10.942,-2.533,11.231
678,22.6,446.98,439.88,16.097,-3.048,16.383
679,22.633,448.24,438.92,17.636,-4.584,18.222
680,22.667,450.69,439.55,17.647,-6.429,18.781
681,22.7,451.06,439.31,17.096,-6.686,18.356
682,22.733,451.74,439.11,16.076,-5.543,17.005
683,22.767,452.7,438.56,14.918,-3.981,15.44
684,22.8,453.45,438.8,12.52,-3.074,12.892
685,22.833,454.06,438.6,14.981,-1.989,15.112
686,22.867,453.43,437.83,15.294,-1.089,15.333
687,22.9,453.63,438.28,14.518,-0.339,14.522
688,22.933,453.43,438.33,13.041,0.522,13.052
689,22.967,452.9,437.63,11.218,1.526,11.321
690,23.0,453.55,438.49,8.302,2.232,8.597
691,23.033,454.42,438.89,5.909,2.679,6.488
692,23.067,454.9,438.43,3.801,2.809,4.726
693,23.1,455.31,438.1,2.986,3.026,4.251
694,23.133,456.06,439.19,3.134,3.146,4.44
695,23.167,455.97,439.62,2.896,3.324,4.408
696,23.2,456.04,439.75,2.029,2.897,3.537
697,23.233,455.73,439.29,1.13,2.332,2.591
698,23.267,455.4,439.35,0.569,1.355,1.47
699,23.3,455.18,439.29,-0.089,0.697,0.702
700,23.333,455.13,439.26,-0.797,0.054,0.799
701,23.367,455.36,439.07,-0.68,1.556,1.698
702,23.4,455.38,439.2,-1.185,2.526,2.791
703,23.433,455.09,439.06,-3.611,0.326,3.626
704,23.467,454.99,438.91,-5.943,-2.803,6.571
705,23.5,454.64,438.23,-7.357,-5.683,9.296
706,23.533,454.61,438.52,-8.067,-8.582,11.778
707,23.567,454.66,438.62,-8.704,-12.031,14.849
708,23.6,454.73,438.27,-9.248,-15.674,18.199
709,23.633,453.2,437.29,-9.789,-19.4,21.73
710,23.667,453.99,437.11,-10.027,-23.763,25.792
711,23.7,453.84,436.8,-9.556,-28.021,29.605
712,23.733,454.23,436.12,-9.871,-33.753,35.167
713,23.767,453.47,436.05,-10.009,-39.117,40.377
714,23.8,452.92,434.81,-9.711,-44.882,45.921
715,23.833,451.94,433.01,-9.341,-51.332,52.175
716,23.867,448.01,425.19,-8.567,-57.641,58.275
717,23.9,447.86,421.97,-7.347,-64.664,65.08
718,23.933,451.04,424.04,-5.931,-73.265,73.505
719,23.967,451.73,423.01,-4.196,-82.354,82.461
720,24.0,451.62,420.59,-2.323,-91.715,91.745
721,24.033,450.77,416.66,-0.269,-99.943,99.944
722,24.067,450.69,413.51,1.741,-106.792,106.806
723,24.1,450.82,410.34,2.562,-112.234,112.264
724,24.133,451.28,406.93,1.448,-117.362,117.371
725,24.167,450.41,402.92,-1.127,-121.492,121.497
726,24.2,448.74,396.93,-5.976,-125.97,126.112
727,24.233,450.05,394.25,-12.491,-130.176,130.774
728,24.267,450.15,388.28,-20.334,-134.138,135.671
729,24.3,449.79,382.96,-28.217,-134.485,137.414
730,24.333,450.24,378.29,-34.581,-135.283,139.633
731,24.367,449.85,371.61,-39.961,-138.567,144.214
732,24.4,448.57,366.77,-40.57,-136.653,142.548
733,24.433,447.35,364.42,-38.991,-133.283,138.869
734,24.467,445.55,361.31,-37.808,-131.142,136.484
735,24.5,443.18,358.92,-36.153,-128.72,133.701
736,24.533,440.04,355.05,-33.726,-125.393,129.849
737,24.567,435.87,349.61,-30.436,-121.034,124.802
738,24.6,433.08,343.42,-26.102,-116.338,119.23
739,24.633,431.69,339.64,-22.051,-112.953,115.086
740,24.667,431.96,335.36,-18.029,-108.841,110.324
741,24.7,433.07,333.76,-14.71,-105.7,106.719
742,24.733,435.22,331.65,-11.22,-102.564,103.176
743,24.767,437.58,330.49,-9.162,-101.013,101.428
744,24.8,439.72,319.57,-7.803,-99.593,99.898
745,24.833,438.96,315.84,-6.736,-97.53,97.762
746,24.867,440.11,318.03,-5.824,-95.535,95.712
747,24.9,436.9,311.89,-4.766,-93.13,93.252
748,24.933,435.46,310.42,-3.698,-90.551,90.626
749,24.967,435.28,309.29,-3.11,-87.887,87.942
750,25.0,434.7,306.65,-2.949,-85.865,85.916
751,25.033,433.76,302.75,-3.808,-86.651,86.734
752,25.067,433.22,299.09,-4.975,-90.074,90.212
753,25.1,431.1,295.29,-5.329,-94.337,94.488
754,25.133,431.02,294.66,-4.844,-96.488,96.61
755,25.167,429.51,289.08,-3.159,-97.11,97.161
756,25.2,430.72,286.47,-0.85,-95.016,95.02
757,25.233,431.98,284.08,1.963,-91.061,91.082
758,25.267,434.3,281.69,4.437,-88.566,88.678
759,25.3,436.45,279.48,5.959,-86.833,87.037
760,25.333,438.37,275.19,5.875,-78.647,78.867
761,25.367,438.59,271.39,5.135,-67.9,68.094
762,25.4,437.53,269.32,2.956,-59.383,59.456
763,25.433,436.26,267.25,1.605,-49.069,49.096
764,25.467,434.88,262.49,0.992,-39.257,39.27
765,25.5,433.0,258.81,0.583,-30.065,30.071
766,25.533,432.79,258.98,0.597,-22.67,22.677
767,25.567,432.71,261.87,0.919,-15.133,15.161
768,25.6,432.97,265.36,1.682,-8.179,8.35
769,25.633,433.92,265.91,3.652,-2.032,4.179
770,25.667,434.3,266.57,5.936,2.751,6.542
771,25.7,435.08,265.57,10.42,8.045,13.164
772,25.733,435.4,262.51,15.109,12.303,19.485
773,25.767,435.95,266.38,19.662,14.082,24.185
774,25.8,436.57,267.92,23.907,12.449,26.954
775,25.833,437.71,264.35,27.721,6.951,28.579
776,25.867,439.51,262.34,30.841,-2.051,30.909
777,25.9,441.02,262.94,33.855,-14.139,36.689
778,25.933,442.48,262.69,36.843,-28.795,46.761
779,25.967,443.32,262.71,39.424,-44.452,59.415
780,26.0,444.1,261.05,41.858,-57.839,71.396
781,26.033,444.61,262.34,44.188,-68.418,81.447
782,26.067,445.89,260.39,46.035,-77.337,90.001
783,26.1,446.8,259.04,48.301,-85.339,98.06
784,26.133,448.41,258.05,50.596,-92.272,105.234
785,26.167,450.97,253.41,53.032,-95.566,109.294
786,26.2,451.72,247.69,56.535,-96.79,112.091
787,26.233,454.45,240.71,60.3,-96.117,113.466
788,26.267,458.25,234.67,64.726,-91.812,112.334
789,26.3,461.23,229.66,68.86,-87.42,111.284
790,26.333,463.7,225.21,71.963,-82.491,109.469
791,26.367,465.53,223.47,74.116,-74.803,105.303
792,26.4,466.38,223.56,75.235,-66.043,100.11
793,26.433,467.46,224.05,74.704,-56.312,93.55
794,26.467,469.49,223.89,72.585,-46.14,86.009
795,26.5,471.52,222.35,68.808,-35.908,77.614
796,26.533,475.02,221.99,63.221,-26.023,68.367
797,26.567,478.97,223.08,57.195,-19.258,60.35
798,26.6,481.46,224.32,50.083,-13.732,51.932
799,26.633,484.72,224.34,43.335,-11.82,44.918
800,26.667,487.05,220.43,36.852,-12.647,38.962
801,26.7,487.2,218.34,29.949,-14.684,33.356
802,26.733,487.59,218.16,23.57,-16.783,28.935
803,26.767,486.47,217.45,17.923,-18.308,25.62
804,26.8,486.19,216.91,12.858,-19.169,23.082
805,26.833,487.19,215.66,7.662,-18.878,20.373
806,26.867,487.44,214.19,3.855,-18.472,18.87
807,26.9,486.51,215.62,2.614,-18.139,18.327
808,26.933,486.49,214.43,4.44,-18.7,19.22
809,26.967,486.08,213.75,10.28,-19.65,22.177
810,27.0,486.59,212.0,18.699,-20.273,27.58
811,27.033,488.5,211.4,29.092,-19.379,34.956
812,27.067,488.96,212.57,42.358,-17.425,45.802
813,27.1,491.24,211.56,56.343,-15.1,58.331
814,27.133,492.07,214.4,70.239,-12.843,71.403
815,27.167,493.33,214.18,83.021,-10.605,83.695
816,27.2,496.08,213.3,96.059,-6.92,96.308
817,27.233,500.52,210.86,109.198,-3.194,109.245
818,27.267,504.45,208.92,121.141,-0.562,121.143
819,27.3,508.29,207.24,132.769,1.384,132.776
820,27.333,515.49,204.78,142.831,2.271,142.849
821,27.367,521.39,206.0,150.193,3.04,150.224
822,27.4,526.1,207.24,155.146,3.773,155.191
823,27.433,531.37,209.86,157.949,2.685,157.972
824,27.467,534.72,211.83,157.709,1.519,157.716
825,27.5,540.07,213.28,154.872,0.201,154.872
826,27.533,547.09,213.93,147.953,-0.191,147.954
827,27.567,549.81,214.49,138.63,-0.758,138.633
828,27.6,554.28,214.23,128.233,-2.128,128.251
829,27.633,560.49,212.9,115.82,-3.219,115.864
830,27.667,567.02,210.59,103.576,-6.352,103.771
831,27.7,569.26,208.24,91.951,-10.783,92.581
832,27.733,571.35,207.41,81.352,-16.007,82.912
833,27.767,574.1,207.27,70.849,-20.821,73.845
834,27.8,575.01,206.73,61.371,-24.724,66.164
835,27.833,576.44,206.96,53.263,-27.473,59.931
836,27.867,577.69,206.15,45.737,-27.467,53.351
837,27.9,577.63,205.81,37.853,-26.068,45.96
838,27.933,577.3,206.47,31.286,-22.756,38.687
839,27.967,577.84,206.05,24.926,-17.817,30.639
840,28.0,578.33,205.47,21.049,-11.709,24.087
841,28.033,582.78,203.84,18.417,-4.888,19.054
842,28.067,583.85,203.79,16.653,3.157,16.95
843,28.1,584.39,203.28,17.469,11.819,21.092
844,28.133,586.44,202.58,20.715,20.39,29.066
845,28.167,586.81,202.43,25.03,28.442,37.887
846,28.2,587.55,203.34,30.955,36.501,47.859
847,28.233,587.45,204.58,39.541,44.444,59.488
848,28.267,588.68,206.27,50.388,51.35,71.943
849,28.3,589.54,208.31,62.603,57.374,84.917
850,28.333,591.12,211.69,75.823,63.005,98.584
851,28.367,591.33,214.91,88.61,67.832,111.593
852,28.4,594.94,219.12,100.327,72.667,123.879
853,28.433,597.18,222.87,111.027,77.442,135.367
854,28.467,602.44,225.32,122.439,82.219,147.483
855,28.5,606.48,228.06,134.134,87.262,160.021
856,28.533,612.62,231.1,144.249,91.136,170.627
857,28.567,618.31,232.39,150.989,94.707,178.233
858,28.6,625.42,233.09,155.03,97.034,182.893
859,28.633,632.24,234.37,155.758,97.337,183.671
860,28.667,640.05,236.85,151.589,95.08,178.939
861,28.7,644.4,239.31,145.53,90.809,171.538
862,28.733,648.42,242.8,138.519,85.547,162.806
863,28.767,651.72,247.72,130.519,78.737,152.43
864,28.8,653.85,252.27,121.62,71.352,141.006
865,28.833,656.39,256.42,109.033,61.835,125.346
866,28.867,660.03,260.62,99.804,54.489,113.709
867,28.9,664.18,263.94,91.845,47.56,103.428
868,28.933,669.3,266.49,83.859,40.113,92.959
869,28.967,670.63,266.38,77.964,32.438,84.443
870,29.0,670.39,264.42,73.902,25.83,78.286
871,29.033,673.14,263.99,71.696,19.82,74.385
872,29.067,674.3,261.88,70.192,14.014,71.577
873,29.1,675.64,259.13,68.657,9.365,69.292
874,29.133,678.79,257.94,64.792,5.671,65.039
875,29.167,684.83,259.18,60.287,3.755,60.404
876,29.2,687.14,260.7,53.12,3.016,53.206
877,29.233,687.06,260.43,44.923,4.202,45.119
878,29.267,688.08,262.39,36.182,6.67,36.792
879,29.3,688.2,263.48,28.218,9.691,29.836
880,29.333,697.28,270.1,21.882,12.888,25.395
881,29.367,692.23,267.31,16.268,15.096,22.193
882,29.4,692.94,267.48,11.086,15.71,19.228
883,29.433,694.69,268.54,6.042,14.073,15.315
884,29.467,694.58,269.23,0.872,10.397,10.434
885,29.5,691.95,268.09,-3.253,5.345,6.257
886,29.533,689.79,267.15,-5.044,0.056,5.044
887,29.567,687.33,266.22,-6.158,-5.922,8.544
888,29.6,686.26,264.86,-5.973,-11.51,12.968
889,29.633,688.99,265.48,-4.246,-15.582,16.151
890,29.667,688.31,265.07,-1.188,-17.797,17.837
891,29.7,690.03,265.6,1.037,-19.119,19.147
892,29.733,691.68,265.1,2.787,-19.804,19.999
893,29.767,693.2,264.92,4.324,-18.619,19.114
894,29.8,692.77,263.95,7.641,-15.698,17.459
895,29.833,691.57,262.42,10.951,-11.382,15.794
896,29.867,692.31,262.2,8.771,-9.214,12.721
897,29.9,693.04,261.73,8.236,-4.767,9.516
898,29.933,693.76,262.13,6.853,0.041,6.853
899,29.967,692.93,261.54,2.509,3.721,4.488
900,30.0,692.59,261.52,-3.66,5.926,6.965
901,30.033,691.6,261.53,-9.629,7.835,12.414
902,30.067,691.43,261.8,-14.713,9.414,17.467
903,30.1,691.81,262.59,-18.619,11.087,21.67
904,30.133,692.24,263.67,-19.737,15.041,24.815
905,30.167,691.07,264.37,-22.183,18.633,28.97
906,30.2,689.47,265.64,-22.932,21.07,31.142
907,30.233,688.85,267.59,-23.353,25.619,34.665
908,30.267,690.27,269.52,-23.087,32.411,39.793
909,30.3,685.93,269.53,-23.316,39.238,45.643
910,30.333,685.42,270.41,-22.443,46.61,51.732
911,30.367,685.62,271.3,-19.891,54.484,58.002
912,30.4,683.65,270.62,-16.318,62.345,64.445
913,30.433,681.64,270.92,-13.497,68.963,70.272
914,30.467,682.57,273.13,-11.255,74.05,74.9
915,30.5,683.24,276.5,-9.111,77.178,77.714
916,30.533,683.2,279.92,-8.638,79.34,79.809
917,30.567,682.64,284.4,-9.008,79.928,80.434
918,30.6,683.47,289.27,-10.3,80.442,81.098
919,30.633,680.54,290.37,-13.193,80.873,81.942
920,30.667,682.59,294.96,-17.124,81.322,83.105
921,30.7,682.12,303.6,-21.968,81.625,84.529
922,30.733,682.27,304.47,-27.245,81.157,85.608
923,30.767,680.91,303.83,-32.885,79.356,85.899
924,30.8,681.32,305.94,-39.351,77.109,86.57
925,30.833,679.86,306.88,-43.87,74.719,86.646
926,30.867,677.55,307.83,-47.61,72.416,86.665
927,30.9,673.51,307.76,-50.915,70.951,87.33
928,30.933,671.86,310.04,-52.551,71.108,88.42
929,30.967,668.81,312.11,-52.33,73.344,90.099
930,31.0,665.24,316.78,-52.341,78.37,94.241
931,31.033,664.43,319.91,-53.145,83.906,99.321
932,31.067,663.08,325.45,-54.305,89.719,104.874
933,31.1,661.4,328.6,-55.25,95.272,110.133
934,31.133,660.7,331.41,-56.452,99.158,114.102
935,31.167,658.51,333.44,-55.627,101.814,116.019
936,31.2,657.69,336.0,-55.163,102.395,116.309
937,31.233,657.32,339.55,-54.24,98.122,112.116
938,31.267,656.74,343.97,-53.565,91.687,106.188
939,31.3,654.73,346.39,-52.631,84.884,99.876
940,31.333,652.89,350.36,-52.688,76.296,92.72
941,31.367,650.51,353.85,-53.137,66.528,85.144
942,31.4,647.69,356.06,-53.342,55.961,77.311
943,31.433,644.11,358.96,-52.83,46.46,70.353
944,31.467,640.41,361.08,-52.378,37.569,64.458
945,31.5,638.19,359.36,-51.144,30.253,59.421
946,31.533,637.45,360.0,-42.861,12.995,44.788
947,31.567,637.01,360.22,-44.247,13.142,46.157
948,31.6,636.6,359.01,-44.804,12.18,46.43
949,31.633,636.03,358.42,-43.903,11.208,45.311
950,31.667,634.89,360.53,-42.688,12.93,44.603
951,31.7,633.75,361.21,-40.355,18.039,44.204
952,31.733,632.46,361.48,-37.659,25.813,45.657
953,31.767,631.43,362.41,-34.904,35.49,49.778
954,31.8,630.38,361.94,-32.952,45.969,56.56
955,31.833,629.54,362.44,-31.849,57.919,66.099
956,31.867,628.54,363.8,-30.585,67.145,73.783
957,31.9,626.63,366.2,-30.427,74.797,80.749
958,31.933,625.8,368.0,-30.468,80.175,85.769
959,31.967,624.66,370.48,-30.622,84.442,89.823
960,32.0,623.29,372.8,-29.623,86.423,91.359
961,32.033,606.1,404.75,-27.651,86.976,91.265
962,32.067,622.86,380.38,-25.216,84.273,87.965
963,32.1,622.71,385.86,-22.785,78.683,81.916
964,32.133,621.38,392.73,-20.73,72.095,75.016
965,32.167,621.05,395.0,-18.623,64.291,66.934
966,32.2,620.33,395.95,-16.853,55.344,57.853
967,32.233,619.49,397.08,-15.312,45.694,48.191
968,32.267,617.76,397.53,-13.751,35.57,38.136
969,32.3,616.83,397.26,-13.171,27.329,30.337
970,32.333,617.02,395.06,-12.769,20.296,23.979
971,32.367,614.42,398.85,-11.627,12.406,17.003
972,32.4,614.69,399.7,-11.42,7.302,13.555
973,32.433,613.99,402.27,-11.164,3.413,11.674
974,32.467,614.86,399.9,-11.765,2.446,12.016
975,32.5,614.65,398.01,-12.758,3.876,13.333
976,32.533,614.25,397.21,-14.421,8.679,16.831
977,32.567,613.57,398.42,-6.971,-1.074,7.054
978,32.6,613.27,400.06,-6.111,0.509,6.132
979,32.633,613.5,400.3,-6.223,2.119,6.574
980,32.667,612.54,401.95,-6.936,2.187,7.273
981,32.7,612.65,401.43,-8.38,1.304,8.481
982,32.733,612.56,401.49,-10.208,-0.388,10.216
983,32.767,611.97,402.58,-12.381,-2.744,12.682
984,32.8,613.48,398.13,-14.075,-5.686,15.18
985,32.833,613.63,396.48,-15.289,-8.653,17.568
986,32.867,610.76,400.86,-16.441,-9.968,19.227
987,32.9,610.78,398.78,-16.309,-12.067,20.288
988,32.933,609.64,399.77,-15.678,-14.485,21.345
989,32.967,609.29,398.75,-14.166,-18.112,22.993
990,33.0,608.05,398.92,-12.839,-20.052,23.81
991,33.033,607.65,397.84,-10.836,-20.906,23.548
992,33.067,607.16,397.14,-8.491,-20.183,21.896
993,33.1,606.28,396.38,-5.17,-19.796,20.459
994,33.133,606.16,395.02,-1.905,-19.068,19.163
995,33.167,606.82,392.83,1.735,-18.909,18.989
996,33.2,607.29,391.89,6.132,-21.332,22.196
997,33.233,607.67,391.7,9.196,-21.234,23.14
998,33.267,608.45,391.07,12.079,-22.095,25.181
999,33.3,609.06,391.07,15.236,-24.993,29.271
1000,33.333,609.5,391.26,16.203,-24.579,29.439
1001,33.367,609.69,391.12,15.903,-22.632,27.66
1002,33.4,610.66,390.1,15.549,-22.412,27.278
1003,33.433,611.01,390.12,14.343,-20.838,25.297
1004,33.467,611.52,389.63,12.504,-18.569,22.387
1005,33.5,612.66,387.5,10.843,-17.329,20.442
1006,33.533,612.68,386.98,9.239,-16.691,19.077
1007,33.567,613.38,384.98,7.345,-15.918,17.531
1008,33.6,612.75,385.11,5.481,-14.268,15.285
1009,33.633,613.76,382.65,4.86,-13.761,14.594
1010,33.667,612.86,383.04,4.818,-12.577,13.468
1011,33.7,611.49,387.27,4.791,-9.091,10.276
1012,33.733,613.48,382.52,4.642,-4.124,6.21
1013,33.767,613.25,383.79,4.357,2.699,5.125
1014,33.8,611.94,387.09,3.512,11.675,12.192
1015,33.833,613.09,385.69,3.374,21.801,22.06
1016,33.867,613.05,386.47,3.82,33.653,33.869
1017,33.9,613.93,387.7,4.887,45.894,46.153
1018,33.933,614.26,388.28,5.596,58.416,58.683
1019,33.967,615.69,386.6,6.647,69.85,70.166
1020,34.0,614.85,390.49,7.754,80.227,80.6
1021,34.033,615.22,393.36,9.465,88.632,89.136
1022,34.067,616.12,396.6,11.724,95.871,96.585
1023,34.1,617.03,398.22,14.503,102.118,103.143
1024,34.133,616.09,405.17,17.389,106.44,107.851
1025,34.167,615.85,410.7,20.441,110.654,112.527
1026,34.2,616.05,414.79,24.492,112.66,115.291
1027,34.233,616.92,420.26,29.842,110.226,114.195
1028,34.267,618.43,424.35,35.723,108.153,113.9
1029,34.3,621.23,427.64,41.872,103.857,111.98
1030,34.333,621.88,431.61,48.043,95.875,107.239
1031,34.367,622.87,432.52,52.613,89.226,103.583
1032,34.4,624.13,434.49,55.836,82.165,99.341
1033,34.433,627.05,436.08,55.749,76.623,94.758
1034,34.467,629.6,438.21,58.868,72.649,93.506
1035,34.5,633.17,439.3,63.686,71.277,95.584
1036,34.533,634.9,443.86,70.115,69.687,98.856
1037,34.567,637.59,445.21,78.651,68.868,104.541
1038,34.6,639.39,447.36,87.666,68.56,111.292
1039,34.633,643.59,449.3,93.336,67.725,115.318
1040,34.667,646.23,449.96,98.868,68.597,120.334
1041,34.7,648.77,452.67,103.917,70.899,125.799
1042,34.733,651.56,455.69,108.434,74.023,131.291
1043,34.767,651.73,458.41,112.451,77.365,136.494
1044,34.8,653.23,462.7,114.415,79.339,139.232
1045,34.833,656.67,469.1,114.906,80.82,140.483
1046,34.867,662.03,470.51,115.151,81.171,140.884
1047,34.9,669.46,474.51,113.479,80.535,139.152
1048,34.933,683.33,474.18,110.255,78.866,135.558
1049,34.967,685.13,473.89,105.087,76.033,129.708
1050,35.0,686.78,474.71,97.005,71.946,120.773
1051,35.033,689.33,477.17,86.535,67.781,109.921
1052,35.067,687.8,479.03,74.989,61.696,97.107
1053,35.1,686.32,481.82,62.492,55.302,83.448
1054,35.133,692.1,491.34,50.189,48.767,69.979
1055,35.167,693.48,491.92,37.139,42.298,56.289
1056,35.2,694.81,491.95,24.592,37.222,44.612
1057,35.233,695.64,492.96,12.352,32.424,34.697
1058,35.267,695.21,491.87,1.06,27.838,27.858
1059,35.3,697.16,493.7,-7.574,23.588,24.774
1060,35.333,695.87,493.42,-12.502,19.166,22.883
1061,35.367,692.65,492.02,-14.334,13.293,19.549
1062,35.4,692.31,492.56,-13.01,8.031,15.289
1063,35.433,691.5,492.3,-10.469,2.007,10.659
1064,35.467,689.95,492.89,-12.475,-2.97,12.824
1065,35.5,691.36,493.68,-14.139,-6.292,15.476
1066,35.533,691.52,493.66,-16.491,-7.695,18.198
1067,35.567,691.51,494.06,-19.333,-7.797,20.846
1068,35.6,691.31,494.28,-20.398,-5.758,21.196
1069,35.633,690.52,493.83,-19.825,-2.816,20.024
1070,35.667,689.89,493.45,-19.995,-2.72,20.179
1071,35.7,688.4,492.19,-19.729,-2.56,19.894
1072,35.733,688.31,491.89,-18.593,-1.735,18.674
1073,35.767,687.73,491.83,-19.053,-1.763,19.134
1074,35.8,688.05,492.41,-19.404,-1.118,19.436
1075,35.833,687.07,492.76,-20.992,-1.115,21.022
1076,35.867,686.77,492.59,-22.304,-1.451,22.351
1077,35.9,684.37,492.26,-21.876,-0.541,21.883
1078,35.933,682.25,491.91,-20.654,0.375,20.658
1079,35.967,681.99,492.27,-19.039,1.428,19.093
1080,36.0,680.54,492.86,-16.448,2.244,16.601
1081,36.033,681.59,493.11,-14.062,2.625,14.305
1082,36.067,681.44,493.59,-11.538,3.047,11.934
1083,36.1,680.95,492.85,-9.273,2.83,9.695
1084,36.133,682.59,493.64,-7.198,1.777,7.414
1085,36.167,681.8,493.28,-6.238,0.472,6.256
1086,36.2,681.12,493.27,-5.735,-0.774,5.787
1087,36.233,678.18,492.18,-5.119,-1.3,5.281
1088,36.267,680.36,493.08,-4.971,-1.274,5.132
1089,36.3,680.73,493.17,-4.731,-0.911,4.818
1090,36.333,681.14,492.9,-4.446,0.048,4.446
1091,36.367,681.16,493.81,-3.709,0.78,3.79
1092,36.4,680.69,492.86,-3.761,1.544,4.066
1093,36.433,679.6,492.52,-3.347,2.636,4.26
1094,36.467,679.74,492.64,-2.017,4.01,4.489
1095,36.5,679.95,492.74,-1.517,4.926,5.155
1096,36.533,679.55,492.76,1.492,5.843,6.031
1097,36.567,678.76,492.24,3.413,5.605,6.562
1098,36.6,678.36,492.53,6.186,4.638,7.732
1099,36.633,677.45,493.51,8.975,3.725,9.717
1100,36.667,679.26,494.25,10.029,0.778,10.059
1101,36.7,680.18,494.54,10.525,-3.609,11.127
1102,36.733,681.35,494.68,11.585,-9.552,15.015
1103,36.767,682.88,494.48,14.059,-14.917,20.498
1104,36.8,683.85,494.51,15.817,-20.688,26.042
1105,36.833,683.51,492.76,17.4,-26.443,31.654
1106,36.867,682.77,492.24,18.28,-31.644,36.545
1107,36.9,683.63,491.41,18.675,-37.368,41.775
1108,36.933,684.37,489.83,19.746,-41.318,45.794
1109,36.967,684.77,488.01,21.268,-44.317,49.157
1110,37.0,688.02,486.75,23.373,-46.179,51.757
1111,37.033,685.53,483.47,25.714,-46.498,53.135
1112,37.067,687.72,482.33,27.469,-45.852,53.451
1113,37.1,686.63,479.71,29.424,-44.62,53.449
1114,37.133,687.24,476.05,31.3,-42.793,53.018
1115,37.167,689.39,475.19,33.91,-40.989,53.198
1116,37.2,691.8,474.96,36.142,-38.851,53.063
1117,37.233,692.11,475.93,37.369,-36.588,52.298
1118,37.267,693.62,474.61,37.261,-34.401,50.713
1119,37.3,694.86,473.8,35.41,-32.196,47.859
1120,37.333,696.07,473.16,31.706,-29.555,43.345
1121,37.367,698.26,472.21,26.838,-26.682,37.844
1122,37.4,700.57,472.85,22.064,-23.77,32.432
1123,37.433,700.75,470.78,17.013,-21.194,27.178
1124,37.467,701.91,470.1,11.615,-19.38,22.594
1125,37.5,701.24,468.77,6.734,-18.079,19.292
1126,37.533,700.09,466.18,1.115,-18.422,18.456
1127,37.567,700.88,464.44,-2.235,-19.527,19.655
1128,37.6,700.56,464.36,-5.415,-21.638,22.305
1129,37.633,700.61,463.97,-6.386,-24.308,25.133
1130,37.667,699.69,464.26,-5.56,-26.24,26.823
1131,37.7,697.77,463.7,-3.648,-27.975,28.212
1132,37.733,697.21,463.59,-0.98,-30.294,30.31
1133,37.767,696.9,463.74,2.31,-33.144,33.225
1134,37.8,696.9,463.68,6.874,-36.878,37.513
1135,37.833,697.79,461.44,12.669,-42.037,43.904
1136,37.867,699.51,460.49,19.249,-47.633,51.376
1137,37.9,700.38,457.92,25.504,-52.885,58.713
1138,37.933,701.34,454.96,31.132,-58.555,66.317
1139,37.967,703.34,452.65,36.537,-62.932,72.769
1140,38.0,704.8,449.36,40.832,-66.702,78.207
1141,38.033,705.99,447.37,44.104,-68.511,81.479
1142,38.067,707.04,446.05,46.256,-66.817,81.266
1143,38.1,708.74,443.57,45.986,-62.194,77.348
1144,38.133,709.97,442.0,44.556,-56.775,72.171
1145,38.167,711.18,440.09,42.102,-49.318,64.845
1146,38.2,712.28,437.29,37.632,-41.043,55.684
1147,38.233,713.04,435.56,34.755,-33.224,48.081
1148,38.267,716.3,431.9,29.435,-24.989,38.612
1149,38.3,717.18,431.13,22.471,-18.012,28.799
1150,38.333,717.6,432.51,14.362,-13.689,19.841
1151,38.367,718.07,433.12,5.862,-11.106,12.558
1152,38.4,718.79,433.4,-2.639,-10.803,11.121
1153,38.433,718.28,434.22,-10.542,-12.247,16.16
1154,38.467,717.4,434.76,-17.443,-15.472,23.316
1155,38.5,715.89,436.31,-23.773,-19.339,30.646
1156,38.533,714.84,436.07,-29.446,-24.409,38.247
1157,38.567,714.32,433.69,-33.809,-30.815,45.745
1158,38.6,714.63,431.21,-36.684,-38.003,52.82
1159,38.633,712.98,431.19,-38.083,-45.15,59.067
1160,38.667,709.77,427.9,-38.015,-52.701,64.981
1161,38.7,709.49,424.64,-36.157,-59.284,69.44
1162,38.733,702.32,423.76,-32.676,-64.704,72.486
1163,38.767,702.55,419.21,-28.26,-70.09,75.573
1164,38.8,702.83,415.75,-23.893,-70.689,74.618
1165,38.833,703.82,414.03,-20.752,-71.113,74.079
1166,38.867,704.01,412.13,-19.536,-72.659,75.239
1167,38.9,703.31,409.7,-21.309,-75.238,78.197
1168,38.933,702.74,407.43,-25.086,-77.071,81.051
1169,38.967,701.85,406.23,-30.633,-78.148,83.937
1170,39.0,701.12,402.22,-36.518,-77.545,85.713
1171,39.033,701.05,400.83,-44.312,-79.958,91.415
1172,39.067,700.21,399.65,-53.056,-83.832,99.211
1173,39.1,699.28,397.14,-62.251,-87.836,107.658
1174,39.133,697.44,394.33,-72.55,-92.478,117.54
1175,39.167,695.46,392.07,-82.242,-98.307,128.172
1176,39.2,691.88,387.28,-90.27,-103.618,137.425
1177,39.233,687.26,383.04,-97.819,-108.408,146.017
1178,39.267,683.04,381.1,-100.417,-112.616,150.883
1179,39.3,676.0,371.09,-100.593,-114.5,152.412
1180,39.333,671.4,367.8,-97.9,-112.955,149.476
1181,39.367,668.09,365.9,-94.45,-111.02,145.761
1182,39.4,667.36,365.52,-88.746,-107.262,139.216
1183,39.433,664.61,362.29,-80.806,-101.73,129.918
1184,39.467,662.69,357.73,-71.012,-94.034,117.835
1185,39.5,658.11,349.35,-60.908,-87.613,106.704
1186,39.533,658.3,348.37,-49.752,-79.958,94.173
1187,39.567,657.77,345.88,-38.942,-73.106,82.831
1188,39.6,656.64,342.91,-28.394,-67.108,72.868
1189,39.633,656.59,342.17,-18.182,-61.423,64.058
1190,39.667,655.49,340.81,-10.415,-58.53,59.45
1191,39.7,654.97,339.57,-5.865,-57.974,58.27
1192,39.733,655.16,339.79,-3.217,-56.653,56.744
1193,39.767,655.0,338.07,-5.573,-59.578,59.838
1194,39.8,654.77,336.62,-10.32,-63.723,64.554
1195,39.833,653.17,331.96,-16.622,-67.068,69.097
1196,39.867,654.98,331.87,-24.642,-72.223,76.311
1197,39.9,653.89,328.71,-34.09,-79.5,86.501
1198,39.933,652.57,325.17,-44.698,-89.761,100.275
1199,39.967,650.64,319.05,-54.302,-101.975,115.531
1200,40.0,651.44,317.87,-62.638,-114.372,130.401
1201,40.033,649.53,313.94,-67.653,-124.267,141.489
1202,40.067,648.02,311.03,-71.427,-134.029,151.873
1203,40.1,644.81,306.41,-73.606,-142.085,160.019
1204,40.133,638.61,299.74,-74.988,-148.103,166.005
1205,40.167,634.84,297.5,-75.591,-152.131,169.876
1206,40.2,630.99,293.21,-74.434,-151.993,169.241
1207,40.233,623.97,282.96,-71.905,-147.86,164.417
1208,40.267,624.72,282.72,-69.821,-142.801,158.956
1209,40.3,620.92,273.45,-68.62,-135.817,152.168
1210,40.333,620.03,268.18,-67.66,-126.82,143.74
1211,40.367,620.33,264.08,-66.337,-114.945,132.714
1212,40.4,621.74,260.02,-65.559,-103.562,122.569
1213,40.433,621.91,256.32,-63.949,-91.947,111.999
1214,40.467,620.42,253.96,-61.37,-80.188,100.977
1215,40.5,618.16,250.99,-57.651,-68.149,89.264
1216,40.533,615.09,249.67,-54.93,-59.104,80.688
1217,40.567,612.02,249.16,-52.111,-50.988,72.906
1218,40.6,608.15,248.51,-50.149,-45.32,67.593
1219,40.633,606.59,249.97,-49.043,-42.539,64.921
1220,40.667,604.27,251.26,-45.967,-39.334,60.499
1221,40.7,600.63,248.67,-42.192,-38.619,57.198
1222,40.733,596.7,244.98,-36.999,-38.499,53.396
1223,40.767,595.72,245.02,-28.574,-36.839,46.622
1224,40.8,596.85,244.07,-20.182,-37.4,42.498
1225,40.833,597.69,241.16,-9.692,-35.039,36.354
1226,40.867,599.94,238.29,-0.012,-34.495,34.495
1227,40.9,601.14,236.48,8.642,-34.027,35.107
1228,40.933,601.79,234.36,16.092,-32.089,35.898
1229,40.967,602.1,231.45,21.316,-29.646,36.513
1230,41.0,602.28,230.6,25.314,-25.196,35.717
1231,41.033,603.26,231.86,27.456,-20.021,33.981
1232,41.067,603.35,230.8,28.479,-13.383,31.466
1233,41.1,604.11,231.28,27.926,-7.499,28.915
1234,41.133,606.37,234.88,26.802,-2.465,26.916
1235,41.167,606.42,234.66,24.371,0.803,24.384
1236,41.2,607.49,236.02,21.623,2.058,21.721
1237,41.233,607.42,234.26,19.781,2.912,19.994
1238,41.267,607.9,234.77,19.322,3.632,19.66
1239,41.3,607.76,233.4,19.194,3.301,19.476
1240,41.333,606.86,229.19,19.149,1.336,19.196
1241,41.367,609.62,233.04,20.054,-0.086,20.054
1242,41.4,611.7,234.4,20.259,-2.618,20.428
1243,41.433,611.46,233.26,19.994,-3.601,20.316
1244,41.467,612.71,234.74,17.73,-5.253,18.492
1245,41.5,612.14,231.95,14.897,-6.087,16.092
1246,41.533,612.84,232.48,12.552,-6.154,13.979
1247,41.567,612.6,229.78,10.66,-5.382,11.942
1248,41.6,613.66,230.41,9.403,-2.95,9.855
1249,41.633,614.37,231.68,9.011,-0.538,9.027
1250,41.667,615.08,232.38,6.419,0.078,6.419
1251,41.7,614.72,232.3,3.229,0.738,3.313
1252,41.733,613.75,231.86,-2.186,-0.841,2.343
1253,41.767,613.6,232.69,-8.624,-3.329,9.244
1254,41.8,614.43,231.78,-15.672,-6.628,17.016
1255,41.833,614.22,232.47,-22.531,-8.965,24.249
1256,41.867,611.79,230.39,-28.592,-8.951,29.96
1257,41.9,610.24,232.75,-34.741,-9.859,36.112
1258,41.933,608.18,228.89,-40.666,-11.445,42.246
1259,41.967,610.13,230.25,-45.471,-12.561,47.174
1260,42.0,610.43,231.2,-49.859,-14.251,51.856
1261,42.033,608.83,231.68,-53.606,-15.406,55.776
1262,42.067,605.83,229.56,-56.69,-16.259,58.976
1263,42.1,602.45,227.13,-55.414,-14.347,57.241
1264,42.133,596.64,226.6,-56.247,-13.154,57.765
1265,42.167,594.6,225.74,-59.168,-13.03,60.586
1266,42.2,591.05,223.55,-63.887,-13.656,65.33
1267,42.233,590.33,224.21,-68.834,-13.386,70.124
1268,42.267,589.25,226.2,-73.354,-12.245,74.369
1269,42.3,587.72,226.78,-79.297,-11.706,80.157
1270,42.333,585.93,225.6,-85.806,-10.925,86.499
1271,42.367,584.93,225.65,-93.911,-11.804,94.65
1272,42.4,582.58,224.73,-100.739,-12.571,101.521
1273,42.433,579.22,224.32,-106.989,-15.511,108.108
1274,42.467,575.65,223.79,-112.955,-18.547,114.468
1275,42.5,571.55,222.34,-119.613,-22.97,121.798
1276,42.533,568.57,223.08,-128.857,-29.594,132.211
1277,42.567,564.19,221.55,-137.964,-37.222,142.897
1278,42.6,550.18,217.52,-146.407,-43.494,152.731
1279,42.633,546.29,217.62,-154.011,-47.593,161.197
1280,42.667,543.12,218.05,-159.121,-49.641,166.685
1281,42.7,539.85,218.49,-162.451,-49.185,169.733
1282,42.733,534.42,215.78,-163.013,-46.162,169.423
1283,42.767,527.92,212.46,-160.452,-42.208,165.911
1284,42.8,524.81,209.9,-156.016,-38.611,160.723
1285,42.833,518.85,206.44,-150.066,-34.688,154.022
1286,42.867,515.9,204.99,-142.028,-30.356,145.236
1287,42.9,509.57,202.87,-132.834,-26.611,135.473
1288,42.933,503.99,200.9,-121.965,-22.831,124.083
1289,42.967,500.37,201.75,-109.558,-19.271,111.24
1290,43.0,494.51,201.78,-97.787,-16.283,99.134
1291,43.033,493.86,204.67,-86.627,-14.19,87.782
1292,43.067,489.87,206.53,-77.454,-14.277,78.759
1293,43.1,486.57,206.84,-69.212,-15.195,70.86
1294,43.133,484.51,206.82,-58.613,-16.003,60.758
1295,43.167,483.85,205.44,-47.329,-17.888,50.597
1296,43.2,483.24,202.71,-39.254,-21.616,44.812
1297,43.233,483.8,200.95,-33.187,-27.638,43.188
1298,43.267,481.33,199.68,-28.664,-34.499,44.853
1299,43.3,481.21,198.79,-24.475,-41.233,47.95
1300,43.333,482.3,196.47,-21.906,-47.42,52.235
1301,43.367,482.13,194.93,-20.473,-52.044,55.927
1302,43.4,481.81,193.95,-19.676,-54.945,58.361
1303,43.433,479.7,192.16,-20.856,-56.049,59.803
1304,43.467,476.51,189.68,-21.504,-54.27,58.376
1305,43.5,476.44,187.13,-22.073,-50.977,55.55
1306,43.533,475.9,185.88,-20.835,-45.993,50.492
1307,43.567,475.83,184.91,-20.351,-41.324,46.063
1308,43.6,472.96,182.87,-18.848,-36.731,41.285
1309,43.633,474.12,182.23,-15.892,-31.957,35.69
1310,43.667,469.99,180.67,-12.523,-26.716,29.505
1311,43.7,472.45,179.83,-7.158,-19.832,21.085
1312,43.733,472.23,179.45,-4.28,-12.62,13.326
1313,43.767,473.03,179.55,-2.041,-5.922,6.264
1314,43.8,473.11,179.73,1.744,-0.475,1.807
1315,43.833,472.46,179.75,5.151,3.812,6.408
1316,43.867,473.92,180.18,11.008,7.407,13.268
1317,43.9,471.08,179.55,14.314,10.937,18.014
1318,43.933,475.17,180.54,15.398,13.083,20.206
1319,43.967,475.54,180.5,15.117,14.034,20.627
1320,44.0,475.72,181.0,13.861,14.274,19.897
1321,44.033,475.42,182.02,11.331,13.619,17.716
1322,44.067,475.79,184.07,7.803,12.267,14.539
1323,44.1,475.98,185.52,2.665,10.647,10.975
1324,44.133,475.37,186.91,-2.777,10.204,10.575
1325,44.167,476.5,186.82,-8.242,10.077,13.019
1326,44.2,472.19,183.57,-10.491,10.694,14.981
1327,44.233,477.35,183.22,-13.625,12.156,18.259
1328,44.267,478.41,183.63,-16.748,14.408,22.092
1329,44.3,477.66,185.2,-19.703,18.332,26.913
1330,44.333,478.61,186.11,-22.139,23.596,32.356
1331,44.367,469.46,187.56,-23.777,30.251,38.477
1332,44.4,469.24,186.76,-25.768,37.527,45.523
1333,44.433,468.18,187.62,-26.33,46.976,53.852
1334,44.467,467.15,188.95,-27.261,56.581,62.806
1335,44.5,467.77,190.63,-27.468,65.384,70.92
1336,44.533,466.95,194.26,-26.847,73.391,78.147
1337,44.567,466.09,197.76,-26.135,80.718,84.844
1338,44.6,466.42,201.04,-24.789,86.471,89.954
1339,44.633,468.52,203.04,-23.479,90.279,93.283
1340,44.667,466.92,206.04,-22.642,92.774,95.497
1341,44.7,463.8,209.93,-19.591,88.725,90.862
1342,44.733,462.91,214.05,-18.461,82.531,84.571
1343,44.767,462.76,218.8,-21.247,80.59,83.344
1344,44.8,461.51,221.4,-25.966,81.215,85.265
1345,44.833,460.03,224.15,-31.155,83.141,88.786
1346,44.867,458.96,226.37,-38.112,85.365,93.486
1347,44.9,458.39,229.23,-41.007,87.418,96.558
1348,44.933,459.63,228.9,-43.711,89.587,99.682
1349,44.967,457.97,229.77,-45.023,91.502,101.978
1350,45.0,456.22,233.26,-45.499,92.646,103.216
1351,45.033,453.72,236.51,-45.593,93.408,103.941
1352,45.067,452.98,238.66,-44.745,92.959,103.167
1353,45.1,450.01,240.64,-42.498,91.085,100.512
1354,45.133,447.76,242.87,-40.03,88.474,97.108
1355,45.167,447.26,242.25,-38.652,86.557,94.795
1356,45.2,437.25,255.81,-35.84,83.027,90.432
1357,45.233,441.81,269.25,-31.6,79.789,85.818
1358,45.267,443.26,268.36,-27.543,78.382,83.08
1359,45.3,443.85,268.16,-32.296,77.62,84.071
1360,45.333,442.93,267.41,-31.013,76.803,82.828
1361,45.367,442.38,267.76,-17.807,72.806,74.952
1362,45.4,441.07,267.41,-7.18,69.498,69.868
1363,45.433,441.22,268.54,0.592,66.45,66.452
1364,45.467,439.91,269.54,-2.433,68.937,68.98
1365,45.5,440.18,271.96,2.769,66.921,66.978
1366,45.533,439.96,274.34,-1.775,72.386,72.408
1367,45.567,439.95,277.22,1.277,71.718,71.73
1368,45.6,439.09,281.33,0.82,73.567,73.571
1369,45.633,439.28,284.93,-6.804,83.851,84.127
1370,45.667,439.56,287.4,-12.209,93.404,94.198
1371,45.7,436.88,295.51,-11.629,98.246,98.932
1372,45.733,435.37,300.24,-7.716,100.666,100.962
1373,45.767,435.29,300.53,-6.223,98.183,98.38
1374,45.8,457.96,300.21,-6.498,96.974,97.191
1375,45.833,453.69,301.88,-8.136,96.173,96.516
1376,45.867,428.89,311.32,-10.355,95.513,96.073
1377,45.9,428.01,314.7,-12.934,95.815,96.684
1378,45.933,427.48,318.21,-15.163,96.259,97.446
1379,45.967,446.13,312.04,-17.439,98.351,99.886
1380,46.0,426.52,328.22,-19.139,103.156,104.917
1381,46.033,444.65,316.47,-20.692,108.619,110.573
1382,46.067,427.5,333.34,-21.969,113.112,115.225
1383,46.1,428.29,336.57,-22.832,119.112,121.281
1384,46.133,443.88,323.75,-23.716,125.808,128.024
1385,46.167,443.21,327.11,-24.781,131.958,134.264
1386,46.2,428.89,348.25,-25.583,139.639,141.963
1387,46.233,428.72,353.6,-24.803,145.687,147.783
1388,46.267,428.03,358.6,-21.958,149.749,151.35
1389,46.3,427.98,361.56,-17.017,154.136,155.072
1390,46.333,427.74,365.53,-23.395,159.831,161.534
1391,46.367,427.68,371.44,-31.13,166.059,168.952
1392,46.4,427.33,375.34,-27.864,168.584,170.871
1393,46.433,426.76,383.0,-21.743,167.61,169.015
1394,46.467,425.81,387.32,-12.99,164.319,164.832
1395,46.5,425.29,389.19,-12.899,163.006,163.515
1396,46.533,424.37,393.63,-3.377,153.394,153.431
1397,46.567,423.61,402.81,-2.834,148.033,148.06
1398,46.6,422.23,407.27,5.526,134.066,134.18
1399,46.633,423.08,411.49,15.168,118.008,118.979
1400,46.667,424.19,418.57,12.867,118.103,118.802
1401,46.7,424.68,422.41,13.354,107.833,108.657
1402,46.733,426.55,425.01,17.802,92.706,94.4
1403,46.767,428.17,428.79,21.476,77.79,80.7
1404,46.8,429.27,431.24,24.351,63.556,68.061
1405,46.833,429.84,432.34,25.647,51.635,57.654
1406,46.867,429.94,433.0,21.595,49.091,53.631
1407,46.9,430.45,432.14,21.8,35.478,41.641
1408,46.933,430.43,434.34,20.178,24.976,32.109
1409,46.967,431.03,432.94,16.893,16.094,23.332
1410,47.0,431.5,433.88,12.395,10.456,16.216
1411,47.033,431.56,433.35,7.008,7.458,10.234
1412,47.067,432.58,435.46,1.649,6.771,6.969
1413,47.1,432.5,438.3,-3.637,5.947,6.971
1414,47.133,431.69,438.81,-7.868,5.118,9.386
1415,47.167,441.33,416.56,-11.549,6.227,13.12
1416,47.2,430.32,441.61,-14.645,6.061,15.85
1417,47.233,430.11,441.19,-16.518,6.38,17.707
1418,47.267,428.6,441.94,-18.706,6.199,19.706
1419,47.3,427.09,442.14,-20.562,6.108,21.45
1420,47.333,426.34,441.31,-22.213,6.321,23.095
1421,47.367,436.17,420.35,-23.426,5.52,24.067
1422,47.4,425.17,441.95,-23.687,3.933,24.011
1423,47.433,424.6,441.75,-23.416,3.877,23.735
1424,47.467,424.39,440.1,-22.397,2.151,22.5
1425,47.5,424.49,436.56,-20.92,1.236,20.956
1426,47.533,424.45,437.05,-19.356,0.157,19.357
1427,47.567,423.68,436.88,-21.612,7.733,22.954
1428,47.6,423.62,435.94,-21.096,9.572,23.166
1429,47.633,423.46,438.57,-18.12,6.425,19.225
1430,47.667,423.04,437.27,-8.287,-9.575,12.663
1431,47.7,422.48,438.47,-5.499,-10.454,11.812
1432,47.733,421.22,437.65,-0.003,-18.606,18.606
1433,47.767,421.92,439.65,4.274,-24.163,24.538
1434,47.8,421.39,438.37,7.955,-28.864,29.94
1435,47.833,421.35,435.86,11.286,-32.896,34.778
1436,47.867,421.35,436.52,14.289,-36.686,39.371
1437,47.9,420.77,437.45,10.793,-27.286,29.343
1438,47.933,420.62,434.98,10.596,-25.563,27.672
1439,47.967,420.63,435.85,9.968,-23.821,25.823
1440,48.0,420.67,435.36,8.84,-20.676,22.486
1441,48.033,421.68,434.89,7.115,-15.799,17.327
1442,48.067,434.41,412.04,4.74,-10.503,11.523
1443,48.1,434.21,412.63,2.379,-4.691,5.26
1444,48.133,434.2,411.58,-0.378,2.193,2.225
1445,48.167,421.58,435.89,-3.36,7.926,8.609
1446,48.2,421.71,436.45,-6.22,14.295,15.59
1447,48.233,421.64,436.99,-8.768,19.144,21.057
1448,48.267,421.47,435.36,-10.618,23.852,26.109
1449,48.3,421.53,434.98,-12.377,25.714,28.538
1450,48.333,421.8,434.4,-13.484,26.35,29.6
1451,48.367,421.86,435.31,-13.898,26.606,30.017
1452,48.4,421.79,434.4,-13.436,25.178,28.539
1453,48.433,421.6,435.03,-12.087,21.125,24.338
1454,48.467,421.6,435.79,-9.255,16.466,18.888
1455,48.5,421.6,434.75,-4.985,7.735,9.202
1456,48.533,421.54,435.63,0.905,-1.552,1.797
1457,48.567,421.79,435.86,7.726,-12.525,14.716
1458,48.6,421.59,436.19,7.435,-9.72,12.238
1459,48.633,421.77,436.0,4.941,-4.114,6.43
1460,48.667,421.88,435.99,-0.11,5.696,5.697
1461,48.7,421.66,435.07,-1.153,6.109,6.217
1462,48.733,421.39,435.61,-2.858,6.334,6.949
1463,48.767,421.62,434.51,-4.551,5.523,7.157
1464,48.8,421.53,435.41,-6.09,3.834,7.196
1465,48.833,421.66,435.63,-7.399,1.811,7.617
1466,48.867,421.56,435.76,-8.268,-0.829,8.309
1467,48.9,421.15,435.4,-8.619,-5.198,10.065
1468,48.933,421.75,435.88,-8.454,-9.254,12.534
1469,48.967,421.11,435.38,-7.726,-13.567,15.613
1470,49.0,420.43,439.77,-6.439,-18.202,19.307
1471,49.033,419.23,438.05,-4.799,-22.209,22.721
1472,49.067,418.12,437.84,-2.876,-25.862,26.022
1473,49.1,418.81,431.89,-0.725,-28.06,28.07
1474,49.133,418.46,431.19,1.407,-29.948,29.981
1475,49.167,417.64,431.37,3.65,-30.322,30.541
1476,49.2,418.2,430.58,5.911,-31.16,31.716
1477,49.233,419.49,427.62,8.18,-29.617,30.726
1478,49.267,420.13,425.35,9.465,-28.718,30.238
1479,49.3,420.98,425.21,10.112,-26.367,28.24
1480,49.333,421.87,423.43,10.274,-24.432,26.504
1481,49.367,422.17,422.92,10.275,-22.829,25.035
1482,49.4,422.38,424.2,9.81,-22.09,24.171
1483,49.433,422.6,423.94,8.877,-20.426,22.272
1484,49.467,422.79,424.0,6.742,-16.424,17.754
1485,49.5,422.64,424.35,3.518,-10.385,10.965
1486,49.533,422.67,425.32,-0.2,-5.913,5.916
1487,49.567,422.76,425.64,-3.598,-0.518,3.635
1488,49.6,422.33,423.81,-6.641,3.12,7.337
1489,49.633,422.64,423.94,-8.79,9.337,12.824
1490,49.667,422.03,421.67,-10.047,15.575,18.535
1491,49.7,421.1,423.51,-9.976,20.837,23.102
1492,49.733,419.94,420.33,-8.613,24.199,25.686
1493,49.767,421.03,421.98,-6.493,27.166,27.931
1494,49.8,421.18,421.38,-3.754,30.42,30.651
1495,49.833,421.33,423.14,-0.662,33.188,33.194
1496,49.867,420.24,426.13,2.867,36.336,36.449
1497,49.9,419.57,431.97,6.365,39.023,39.538
1498,49.933,419.1,436.13,10.017,40.895,42.104
1499,49.967,419.1,436.17,13.587,42.062,44.202
1500,50.0,420.54,436.49,16.586,41.862,45.028
1501,50.033,421.79,437.24,19.466,40.886,45.284
1502,50.067,422.87,436.41,21.759,37.923,43.722
1503,50.1,425.17,438.85,23.121,33.159,40.424
1504,50.133,425.13,438.24,24.156,28.285,37.197
1505,50.167,426.18,437.86,24.507,21.18,32.391
1506,50.2,427.54,437.47,24.262,14.383,28.205
1507,50.233,427.95,439.43,24.059,6.871,25.021
1508,50.267,428.28,441.2,23.695,2.231,23.8
1509,50.3,429.08,441.84,22.305,-1.046,22.329
1510,50.333,429.89,442.02,20.778,-1.002,20.802
1511,50.367,429.81,441.89,18.976,1.044,19.005
1512,50.4,430.72,442.54,17.747,4.187,18.234
1513,50.433,431.0,441.54,17.215,6.632,18.449
1514,50.467,431.28,440.96,17.667,7.771,19.301
1515,50.5,432.33,441.39,18.408,8.25,20.172
1516,50.533,432.52,439.92,19.128,8.369,20.879
1517,50.567,433.24,439.79,20.529,8.69,22.292
1518,50.6,434.59,439.75,22.022,8.254,23.518
1519,50.633,435.22,438.69,23.058,7.973,24.398
1520,50.667,435.62,441.52,24.277,8.034,25.572
1521,50.7,436.65,443.73,25.496,8.086,26.748
1522,50.733,436.94,445.62,26.239,8.774,27.667
1523,50.767,438.55,446.46,26.951,8.574,28.282
1524,50.8,440.28,447.0,27.472,8.004,28.614
1525,50.833,440.97,445.94,28.174,7.4,29.129
1526,50.867,441.93,445.48,28.583,6.892,29.402
1527,50.9,442.65,445.17,29.849,6.937,30.645
1528,50.933,443.28,443.87,31.255,4.671,31.602
1529,50.967,443.53,442.88,32.719,2.787,32.838
1530,51.0,445.49,443.9,34.142,0.471,34.145
1531,51.033,447.27,444.58,35.682,-0.862,35.692
1532,51.067,447.55,443.45,37.774,-0.25,37.775
1533,51.1,448.96,446.71,39.632,1.932,39.679
1534,51.133,449.89,444.85,41.314,5.75,41.712
1535,51.167,451.64,444.77,42.168,11.04,43.589
1536,51.2,452.9,445.88,44.764,17.541,48.078
1537,51.233,454.67,446.45,47.738,23.056,53.014
1538,51.267,456.44,448.21,52.611,27.99,59.593
1539,51.3,459.05,448.58,57.617,31.132,65.49
1540,51.333,460.63,448.68,61.672,32.011,69.485
1541,51.367,463.19,448.51,65.154,31.93,72.557
1542,51.4,464.3,447.06,67.555,30.555,74.144
1543,51.433,465.71,451.3,69.506,28.271,75.035
1544,51.467,467.88,452.71,70.794,25.986,75.413
1545,51.5,470.77,456.78,70.947,23.34,74.688
1546,51.533,472.75,457.54,69.424,18.807,71.927
1547,51.567,474.61,458.19,67.791,15.377,69.513
1548,51.6,477.96,458.45,64.362,11.271,65.341
1549,51.633,480.82,458.13,60.97,6.567,61.323
1550,51.667,486.5,459.43,57.147,2.017,57.182
1551,51.7,487.31,456.32,53.078,-2.535,53.139
1552,51.733,489.77,456.24,49.749,-6.073,50.118
1553,51.767,488.9,453.84,45.91,-9.518,46.886
1554,51.8,489.03,453.57,42.301,-13.255,44.329
1555,51.833,490.24,454.29,38.615,-16.191,41.872
1556,51.867,491.11,454.04,35.966,-17.175,39.856
1557,51.9,492.57,454.31,32.64,-16.021,36.36
1558,51.933,492.64,453.9,29.715,-11.581,31.892
1559,51.967,492.9,452.83,27.996,-6.565,28.756
1560,52.0,495.01,453.0,26.836,-0.221,26.837
1561,52.033,497.28,455.61,26.295,5.68,26.901
1562,52.067,495.89,452.02,27.223,12.101,29.792
1563,52.1,500.01,454.34,28.943,17.857,34.009
1564,52.133,500.11,452.2,32.127,22.853,39.426
1565,52.167,502.0,453.63,35.533,26.577,44.373
1566,52.2,503.27,455.54,38.95,27.692,47.791
1567,52.233,502.96,454.67,43.62,28.425,52.064
1568,52.267,505.13,456.63,46.423,27.632,54.024
1569,52.3,506.38,459.11,49.332,26.256,55.884
1570,52.333,507.56,461.48,51.975,24.351,57.396
1571,52.367,507.25,462.33,54.427,21.188,58.405
1572,52.4,509.74,463.49,57.417,17.345,59.979
1573,52.433,512.42,464.37,59.514,12.587,60.83
1574,52.467,514.12,464.81,61.299,7.477,61.753
1575,52.5,517.23,464.96,63.408,2.539,63.459
1576,52.533,520.06,464.21,64.724,-2.302,64.765
1577,52.567,522.16,462.3,65.269,-8.405,65.808
1578,52.6,526.47,461.45,66.738,-12.483,67.895
1579,52.633,527.81,459.93,65.068,-16.924,67.233
1580,52.667,531.6,459.23,62.13,-19.376,65.081
1581,52.7,531.04,458.97,58.254,-20.866,61.879
1582,52.733,529.92,458.52,53.364,-21.613,57.575
1583,52.767,532.63,457.98,47.686,-19.901,51.672
1584,52.8,534.67,458.54,40.156,-17.114,43.651
1585,52.833,537.24,457.74,31.186,-14.0,34.185
1586,52.867,538.7,457.44,22.438,-11.081,25.024
1587,52.9,538.17,456.97,13.693,-7.842,15.78
1588,52.933,539.27,456.71,4.808,-4.941,6.894
1589,52.967,540.53,456.31,-4.21,-2.241,4.769
1590,53.0,540.36,456.3,-11.939,-0.492,11.95
1591,53.033,540.1,455.98,-19.252,0.436,19.257
1592,53.067,538.24,455.92,-25.453,0.772,25.465
1593,53.1,535.64,455.98,-30.014,1.17,30.037
1594,53.133,535.57,456.27,-34.611,1.516,34.644
1595,53.167,535.42,456.92,-37.751,1.766,37.793
1596,53.2,532.61,457.29,-39.84,2.125,39.897
1597,53.233,529.66,457.53,-41.979,2.265,42.04
1598,53.267,528.08,457.13,-40.735,1.739,40.773
1599,53.3,527.01,456.85,-38.635,0.626,38.64
1600,53.333,526.83,456.79,-34.912,-1.452,34.942
1601,53.367,523.86,456.92,-30.269,-3.903,30.52
1602,53.4,524.21,456.58,-24.566,-6.976,25.537
1603,53.433,523.86,456.61,-19.007,-10.271,21.605
1604,53.467,524.25,455.63,-14.353,-13.492,19.699
1605,53.5,523.56,455.81,-10.296,-16.046,19.065
1606,53.533,524.03,455.45,-7.856,-18.559,20.154
1607,53.567,523.62,455.04,-6.178,-20.388,21.304
1608,53.6,522.91,454.52,-4.268,-21.827,22.24
1609,53.633,523.21,453.21,-1.569,-23.044,23.097
1610,53.667,523.11,452.72,0.208,-23.703,23.704
1611,53.7,520.31,451.08,0.938,-23.922,23.94
1612,53.733,524.49,449.27,1.939,-24.393,24.47
1613,53.767,523.96,448.43,3.155,-24.914,25.113
1614,53.8,525.15,447.8,4.845,-25.387,25.845
1615,53.833,524.61,446.91,6.501,-25.665,26.476
1616,53.867,523.39,446.25,7.904,-25.547,26.742
1617,53.9,520.87,446.17,9.451,-25.312,27.019
1618,53.933,522.12,446.01,10.469,-26.045,28.07
1619,53.967,523.53,445.47,11.678,-26.682,29.125
1620,54.0,523.23,443.95,12.348,-26.828,29.533
1621,54.033,526.03,443.48,12.763,-27.528,30.343
1622,54.067,527.16,442.12,14.822,-28.301,31.947
1623,54.1,527.51,441.22,16.585,-28.593,33.055
1624,54.133,527.47,440.81,18.544,-28.152,33.711
1625,54.167,528.3,439.5,20.036,-26.579,33.285
1626,54.2,528.74,437.53,22.044,-24.641,33.062
1627,54.233,528.82,436.91,25.494,-22.885,34.259
1628,54.267,529.93,435.9,27.09,-21.125,34.352
1629,54.3,529.68,435.41,27.73,-19.754,34.047
1630,54.333,529.98,434.73,25.895,-18.406,31.77
1631,54.367,529.55,433.3,22.58,-15.693,27.498
1632,54.4,531.84,431.85,18.849,-12.771,22.768
1633,54.433,533.4,433.51,16.038,-10.209,19.012
1634,54.467,534.25,433.06,12.214,-7.862,14.525
1635,54.5,535.96,432.86,8.058,-6.103,10.108
1636,54.533,538.71,434.05,4.384,-4.661,6.399
1637,54.567,535.6,435.11,-0.054,-4.362,4.363
1638,54.6,536.27,435.04,-5.024,-4.568,6.79
1639,54.633,536.28,433.97,-10.163,-5.528,11.569
1640,54.667,536.53,432.07,-14.969,-7.463,16.726
1641,54.7,534.38,430.03,-19.865,-9.514,22.026
1642,54.733,532.8,430.02,-24.213,-11.457,26.787
1643,54.767,530.06,430.56,-27.817,-13.495,30.918
1644,54.8,528.54,431.84,-30.805,-15.264,34.379
1645,54.833,528.44,432.68,-32.313,-17.088,36.553
1646,54.867,528.31,430.46,-32.423,-18.334,37.247
1647,54.9,527.43,429.75,-30.422,-18.55,35.631
1648,54.933,526.3,429.24,-28.053,-17.831,33.24
1649,54.967,526.66,427.74,-25.3,-16.979,30.469
1650,55.0,525.62,426.62,-21.348,-16.515,26.99
1651,55.033,524.86,425.71,-17.396,-15.443,23.262
1652,55.067,523.52,425.55,-15.775,-15.037,21.794
1653,55.1,522.83,425.08,-12.408,-14.637,19.189
1654,55.133,522.44,424.99,-9.502,-14.392,17.246
1655,55.167,522.0,425.08,-7.346,-13.677,15.525
1656,55.2,522.21,424.38,-6.853,-12.419,14.184
1657,55.233,521.95,424.46,-6.175,-10.189,11.914
1658,55.267,522.27,424.21,-5.707,-7.649,9.544
1659,55.3,522.25,423.84,-4.83,-5.142,7.054
1660,55.333,522.06,423.98,-3.481,-3.469,4.914
1661,55.367,521.93,423.12,-2.553,-3.019,3.954
1662,55.4,521.38,422.26,-2.181,-2.767,3.524
1663,55.433,521.69,422.35,-3.789,-1.86,4.22
1664,55.467,522.15,420.85,-4.914,-2.963,5.738
1665,55.5,520.81,422.42,-7.28,-5.423,9.078
1666,55.533,519.82,422.25,-10.401,-9.079,13.806
1667,55.567,521.48,423.3,-14.835,-12.931,19.68
1668,55.6,520.1,422.31,-19.45,-17.814,26.375
1669,55.633,519.19,421.81,-23.309,-23.872,33.364
1670,55.667,518.57,420.51,-26.595,-31.271,41.051
1671,55.7,519.02,419.97,-28.425,-40.956,49.854
1672,55.733,517.71,419.31,-30.619,-50.284,58.873
1673,55.767,516.56,418.12,-32.504,-57.459,66.015
1674,55.8,515.55,416.34,-33.774,-61.336,70.02
1675,55.833,513.47,414.2,-34.567,-63.84,72.598
1676,55.867,511.35,411.76,-34.826,-64.043,72.899
1677,55.9,508.68,409.65,-34.253,-61.844,70.696
1678,55.933,510.06,403.29,-33.08,-59.19,67.806
1679,55.967,506.96,401.37,-32.135,-54.907,63.619
1680,56.0,505.53,399.66,-31.666,-48.849,58.215
1681,56.033,504.61,398.18,-30.554,-42.593,52.419
1682,56.067,505.61,394.91,-28.427,-34.312,44.558
1683,56.1,506.25,392.89,-27.634,-26.931,38.587
1684,56.133,505.1,392.35,-26.993,-19.18,33.113
1685,56.167,504.26,393.31,-26.127,-9.356,27.752
1686,56.2,501.38,398.66,-24.882,-0.424,24.885
1687,56.233,501.68,402.11,-23.648,8.023,24.972
1688,56.267,501.61,402.11,-22.181,15.375,26.989
1689,56.3,500.42,399.32,-20.663,20.804,29.322
1690,56.333,499.65,400.36,-19.48,24.915,31.626
1691,56.367,498.89,398.71,-17.488,27.138,32.285
1692,56.4,497.2,397.0,-14.501,28.033,31.561
1693,56.433,496.17,399.99,-10.322,27.087,28.987
1694,56.467,496.07,400.19,-7.591,25.782,26.876
1695,56.5,496.28,402.0,-3.114,24.758,24.953
1696,56.533,496.16,404.31,1.755,24.371,24.434
1697,56.567,495.13,403.47,6.974,23.482,24.496
1698,56.6,496.06,406.7,11.478,23.779,26.404
1699,56.633,497.79,409.15,15.184,25.966,30.08
1700,56.667,499.04,405.95,17.902,27.139,32.512
1701,56.7,499.87,408.36,19.599,28.581,34.655
1702,56.733,499.85,408.53,20.693,26.957,33.984
1703,56.767,500.46,408.68,20.46,22.49,30.404
1704,56.8,501.25,410.15,18.78,17.059,25.371
1705,56.833,502.72,410.2,16.72,13.716,21.626
1706,56.867,502.91,411.31,14.081,9.794,17.152
1707,56.9,502.72,411.28,10.792,6.746,12.727
1708,56.933,502.93,411.75,8.32,5.608,10.033
1709,56.967,504.54,415.17,5.9,3.797,7.016
1710,57.0,503.55,414.57,3.724,2.897,4.718
1711,57.033,503.93,412.47,1.224,2.772,3.03
1712,57.067,503.9,412.34,-1.592,1.813,2.413
1713,57.1,503.4,411.25,-3.677,1.883,4.131
1714,57.133,501.85,407.94,-6.061,0.353,6.071
1715,57.167,501.55,410.43,-8.507,-2.056,8.752
1716,57.2,500.75,409.91,-11.347,-2.927,11.719
1717,57.233,501.75,411.32,-14.007,-4.805,14.808
1718,57.267,501.78,413.06,-16.219,-5.576,17.151
1719,57.3,502.24,414.12,-17.914,-5.472,18.731
1720,57.333,501.62,412.02,-19.549,-6.507,20.603
1721,57.367,501.1,411.85,-21.25,-7.391,22.498
1722,57.4,500.92,411.87,-22.51,-7.85,23.839
1723,57.433,498.77,411.04,-22.984,-8.043,24.35
1724,57.467,497.89,411.25,-23.323,-8.478,24.816
1725,57.5,495.85,410.79,-24.305,-10.695,26.554
1726,57.533,494.61,408.57,-24.396,-12.741,27.522
1727,57.567,494.09,408.36,-24.134,-14.575,28.194
1728,57.6,493.17,407.5,-24.461,-15.725,29.08
1729,57.633,493.31,408.23,-24.587,-16.105,29.392
1730,57.667,492.23,407.31,-23.27,-13.871,27.09
1731,57.7,492.18,407.41,-21.012,-11.532,23.968
1732,57.733,491.36,408.3,-18.146,-9.025,20.267
1733,57.767,491.08,406.57,-15.564,-6.491,16.864
1734,57.8,490.29,404.93,-12.339,-4.382,13.094
1735,57.833,490.39,406.29,-9.488,-3.203,10.014
1736,57.867,489.94,406.87,-6.608,-0.824,6.659
1737,57.9,489.41,405.67,-4.093,1.377,4.318
1738,57.933,488.53,405.61,-2.337,3.557,4.256
1739,57.967,488.76,406.45,-0.458,6.034,6.052
1740,58.0,489.11,407.0,1.091,7.822,7.897
1741,58.033,488.68,406.59,2.499,9.451,9.775
1742,58.067,487.85,408.41,3.513,11.28,11.815
1743,58.1,489.44,407.96,4.316,12.899,13.602
1744,58.133,490.39,408.39,4.757,14.606,15.361
1745,58.167,490.17,408.24,4.532,15.4,16.054
1746,58.2,489.76,407.61,4.188,15.94,16.481
1747,58.233,490.64,409.68,3.154,16.096,16.402
1748,58.267,491.65,410.4,1.746,15.1,15.201
1749,58.3,490.94,410.83,0.136,14.218,14.219
1750,58.333,491.04,412.16,-1.184,14.043,14.093
1751,58.367,490.66,412.03,-2.645,13.033,13.299
1752,58.4,490.49,413.02,-3.887,11.521,12.159
1753,58.433,490.18,413.14,-4.819,10.383,11.447
1754,58.467,489.73,412.97,-4.609,9.532,10.588
1755,58.5,488.85,413.46,-4.246,8.153,9.192
1756,58.533,488.85,412.97,-4.065,7.028,8.119
1757,58.567,489.21,413.68,-3.301,6.419,7.218
1758,58.6,488.61,413.64,-1.648,5.05,5.312
1759,58.633,488.82,413.53,-0.64,3.861,3.914
1760,58.667,488.65,413.74,0.118,2.712,2.714
1761,58.7,488.58,414.19,0.057,1.328,1.33
1762,58.733,488.93,413.95,1.332,1.073,1.71
1763,58.767,489.79,414.09,3.026,0.64,3.093
1764,58.8,490.2,414.36,4.606,-0.083,4.607
1765,58.833,490.34,414.14,7.102,0.311,7.109
1766,58.867,490.66,414.35,8.809,0.244,8.812
1767,58.9,490.85,414.27,10.334,0.1,10.335
1768,58.933,491.18,414.42,11.08,-1.072,11.132
1769,58.967,490.25,414.09,11.562,-2.369,11.802
1770,59.0,490.24,414.74,11.628,-3.674,12.194
1771,59.033,490.86,413.88,11.863,-5.126,12.923
1772,59.067,490.83,413.33,11.546,-6.383,13.192
1773,59.1,490.94,413.01,10.743,-7.611,13.166
1774,59.133,492.01,412.86,9.671,-8.79,13.069
1775,59.167,492.55,412.35,8.224,-9.769,12.77
1776,59.2,496.06,413.5,6.706,-11.123,12.988
1777,59.233,495.83,413.03,5.585,-12.042,13.275
1778,59.267,495.53,412.4,4.144,-12.461,13.132
1779,59.3,495.17,413.04,2.248,-12.594,12.793
1780,59.333,493.31,410.58,0.373,-12.307,12.313
1781,59.367,493.74,409.63,-1.465,-11.756,11.847
1782,59.4,493.19,409.09,-3.486,-10.837,11.384
1783,59.433,493.64,409.63,-5.579,-9.775,11.255
1784,59.467,493.12,409.26,-7.374,-8.409,11.184
1785,59.5,493.02,409.13,-8.506,-6.894,10.949
1786,59.533,492.23,408.74,-8.898,-5.656,10.543
1787,59.567,492.27,408.83,-8.514,-4.231,9.507
1788,59.6,491.76,408.16,-8.089,-2.333,8.418
1789,59.633,491.96,408.11,-6.857,-0.508,6.876
1790,59.667,491.97,408.08,-5.762,1.273,5.9
1791,59.7,491.97,409.47,-4.641,3.041,5.549
1792,59.733,491.01,409.09,-5.161,3.605,6.295
1793,59.767,491.26,409.16,-6.102,3.528,7.048
1794,59.8,491.42,409.42,-7.152,3.271,7.864
1795,59.833,490.9,409.11,-8.535,2.008,8.768
1796,59.867,490.56,409.57,-9.097,1.487,9.218
1797,59.9,490.63,409.34,-9.597,0.702,9.622
1798,59.933,490.8,409.72,-9.492,0.084,9.492
1799,59.967,490.04,409.34,-9.391,-0.784,9.424
1800,60.0,490.0,409.54,-8.881,-2.212,9.153
1801,60.033,489.31,409.36,-8.211,-3.719,9.014
1802,60.067,487.53,409.5,-7.298,-5.501,9.14
1803,60.1,487.94,408.66,-7.427,-6.639,9.962
1804,60.133,486.9,408.56,-7.977,-6.748,10.448
1805,60.167,486.78,408.02,-9.167,-5.793,10.844
1806,60.2,486.83,407.62,-11.495,-5.2,12.617
1807,60.233,486.6,407.71,-14.375,-5.25,15.303
1808,60.267,486.77,408.0,-16.884,-5.593,17.786
1809,60.3,486.37,407.5,-19.513,-6.649,20.615
1810,60.333,486.6,407.06,-21.626,-7.789,22.986
1811,60.367,486.46,406.01,-23.917,-10.795,26.24
1812,60.4,485.83,406.28,-26.096,-14.445,29.827
1813,60.433,484.66,405.67,-27.84,-17.925,33.112
1814,60.467,483.24,404.62,-30.157,-22.216,37.456
1815,60.5,481.29,405.17,-32.436,-25.967,41.55
1816,60.533,478.78,404.85,-34.937,-29.788,45.912
1817,60.567,476.17,405.67,-37.459,-33.814,50.464
1818,60.6,475.41,404.12,-39.673,-38.616,55.363
1819,60.633,474.17,402.0,-41.534,-41.815,58.937
1820,60.667,472.81,398.36,-43.797,-45.881,63.429
1821,60.7,473.01,397.17,-45.269,-49.197,66.855
1822,60.733,472.5,394.63,-46.325,-51.485,69.258
1823,60.767,471.39,392.5,-46.417,-52.153,69.817
1824,60.8,470.3,390.83,-46.808,-53.16,70.831
1825,60.833,467.41,387.22,-46.755,-52.965,70.649
1826,60.867,466.39,388.4,-47.572,-52.609,70.928
1827,60.9,464.79,387.18,-48.713,-50.759,70.352
1828,60.933,461.67,384.93,-50.35,-48.629,69.999
1829,60.967,460.07,384.31,-51.898,-45.952,69.318
1830,61.0,458.13,381.71,-53.554,-43.648,69.088
1831,61.033,455.97,379.61,-54.429,-42.15,68.841
1832,61.067,454.0,378.28,-54.101,-41.395,68.121
1833,61.1,453.21,378.46,-52.513,-43.026,67.889
1834,61.133,450.45,374.7,-49.399,-44.013,66.162
1835,61.167,451.25,375.85,-45.624,-45.327,64.312
1836,61.2,449.38,375.0,-40.59,-45.286,60.815
1837,61.233,447.97,373.77,-35.471,-45.035,57.326
1838,61.267,445.27,370.27,-30.133,-43.752,53.125
1839,61.3,444.54,370.31,-25.025,-41.701,48.633
1840,61.333,442.65,367.82,-20.545,-39.18,44.24
1841,61.367,442.83,367.38,-15.265,-34.263,37.51
1842,61.4,442.21,364.72,-10.903,-30.235,32.141
1843,61.433,442.47,362.68,-7.268,-26.526,27.503
1844,61.467,442.23,360.24,-3.617,-22.105,22.399
1845,61.5,443.03,360.34,-0.558,-17.957,17.966
1846,61.533,442.98,359.98,1.583,-14.119,14.208
1847,61.567,443.17,360.17,3.355,-10.621,11.138
1848,61.6,444.34,362.94,5.06,-6.857,8.522
1849,61.633,443.3,361.46,5.457,-4.698,7.201
1850,61.667,444.31,362.54,6.186,-1.534,6.374
1851,61.7,444.23,362.39,5.996,0.865,6.058
1852,61.733,444.43,362.49,5.281,1.895,5.611
1853,61.767,443.99,362.18,4.183,2.155,4.705
1854,61.8,444.26,362.22,4.222,3.054,5.211
1855,61.833,444.86,362.58,3.221,1.02,3.379
1856,61.867,443.82,360.97,3.101,-0.964,3.247
1857,61.9,444.13,360.89,3.084,-4.107,5.136
1858,61.933,444.12,361.22,3.323,-8.342,8.98
1859,61.967,444.08,360.18,4.256,-11.873,12.613
1860,62.0,443.87,358.84,4.711,-14.256,15.014
1861,62.033,444.76,359.37,5.345,-16.053,16.919
1862,62.067,445.11,360.28,5.893,-17.517,18.482
1863,62.1,444.82,359.23,6.01,-18.358,19.317
1864,62.133,446.15,360.12,4.573,-20.429,20.934
1865,62.167,446.53,359.73,3.45,-20.686,20.971
1866,62.2,445.67,357.48,2.179,-19.947,20.066
1867,62.233,446.13,357.17,0.335,-18.844,18.847
1868,62.267,446.23,355.4,-2.022,-17.261,17.38
1869,62.3,444.65,352.59,-5.047,-16.184,16.953
1870,62.333,446.38,354.19,-7.899,-14.377,16.404
1871,62.367,446.12,352.53,-10.624,-12.51,16.413
1872,62.4,445.63,351.38,-12.351,-9.701,15.705
1873,62.433,445.65,353.43,-13.746,-6.361,15.147
1874,62.467,443.54,352.73,-14.517,-3.729,14.988
1875,62.5,444.27,352.7,-14.776,-0.354,14.78
1876,62.533,442.42,352.15,-14.211,3.379,14.607
1877,62.567,441.36,353.17,-13.36,6.565,14.886
1878,62.6,440.73,353.78,-12.274,8.408,14.878
1879,62.633,441.62,355.75,-10.603,9.997,14.573
1880,62.667,441.19,355.54,-9.112,10.444,13.86
1881,62.7,439.5,353.98,-7.448,10.661,13.005
1882,62.733,439.53,354.26,-5.69,9.295,10.898
1883,62.767,439.51,353.82,-4.018,6.446,7.596
1884,62.8,441.31,356.15,-2.798,2.541,3.779
1885,62.833,441.38,355.69,-1.647,-2.185,2.736
1886,62.867,441.11,355.64,-1.616,-7.955,8.117
1887,62.9,440.73,355.53,-1.891,-12.613,12.754
1888,62.933,440.68,354.48,-2.167,-15.517,15.668
1889,62.967,440.35,355.11,-2.604,-18.235,18.42
1890,63.0,440.41,353.66,-3.234,-20.303,20.559
1891,63.033,440.17,353.14,-4.737,-22.051,22.554
1892,63.067,439.81,352.39,-5.464,-23.036,23.675
1893,63.1,439.79,352.16,-5.888,-24.08,24.789
1894,63.133,439.69,351.09,-6.546,-25.385,26.215
1895,63.167,439.22,349.08,-7.782,-27.074,28.17
1896,63.2,438.07,344.63,-9.756,-29.27,30.853
1897,63.233,438.17,344.67,-10.535,-30.176,31.962
1898,63.267,437.18,343.27,-10.982,-30.229,32.163
1899,63.3,436.83,343.03,-11.403,-29.465,31.595
1900,63.333,437.89,345.65,-12.293,-29.853,32.285
1901,63.367,438.05,345.9,-13.418,-31.524,34.261
1902,63.4,437.9,345.17,-14.056,-33.37,36.209
1903,63.433,437.06,343.08,-13.985,-35.161,37.84
1904,63.467,435.32,340.31,-13.481,-37.108,39.481
1905,63.5,435.95,338.55,-12.437,-39.25,41.174
1906,63.533,435.53,337.03,-11.136,-40.41,41.917
1907,63.567,434.01,335.37,-9.665,-41.068,42.19
1908,63.6,432.9,333.94,-8.085,-41.663,42.44
1909,63.633,432.92,333.37,-6.556,-42.575,43.077
1910,63.667,432.22,331.17,-5.164,-43.565,43.87
1911,63.7,433.42,331.1,-3.904,-44.805,44.974
1912,63.733,432.67,329.27,-1.734,-43.49,43.524
1913,63.767,432.46,326.39,-0.177,-42.18,42.181
1914,63.8,433.38,323.82,2.09,-39.233,39.289
1915,63.833,433.5,321.89,4.032,-36.482,36.705
1916,63.867,434.67,323.08,5.13,-35.692,36.058
1917,63.9,434.91,322.29,5.588,-36.337,36.764
1918,63.933,434.77,320.99,5.779,-38.208,38.642
1919,63.967,434.74,321.43,5.805,-40.373,40.788
1920,64.0,434.57,320.42,6.079,-41.94,42.378
1921,64.033,434.36,318.57,5.473,-42.813,43.161
1922,64.067,434.38,316.34,3.846,-43.498,43.668
1923,64.1,434.59,314.77,2.251,-43.179,43.237
1924,64.133,434.71,313.02,0.715,-42.36,42.366
1925,64.167,434.88,311.1,-1.212,-41.976,41.994
1926,64.2,435.36,310.85,-2.592,-40.464,40.547
1927,64.233,434.27,308.27,-4.114,-38.929,39.146
1928,64.267,435.06,307.2,-5.108,-36.851,37.203
1929,64.3,434.1,303.77,-5.457,-33.313,33.757
1930,64.333,434.77,302.9,-5.963,-29.079,29.685
1931,64.367,434.94,302.31,-5.864,-23.398,24.122
1932,64.4,435.05,302.16,-5.91,-18.118,19.057
1933,64.433,434.14,302.56,-6.493,-14.087,15.512
1934,64.467,433.25,302.89,-6.813,-10.236,12.296
1935,64.5,432.49,302.9,-7.074,-8.227,10.85
1936,64.533,431.61,302.24,-7.314,-7.488,10.468
1937,64.567,431.92,302.73,-7.041,-6.518,9.595
1938,64.6,431.72,301.83,-6.508,-5.545,8.55
1939,64.633,431.88,301.73,-5.642,-4.014,6.924
1940,64.667,432.58,302.95,-4.986,-3.034,5.836
1941,64.7,432.59,302.69,-4.261,-1.561,4.538
1942,64.733,432.11,302.23,-3.899,-0.682,3.958
1943,64.767,432.15,301.87,-3.005,0.591,3.062
1944,64.8,431.81,300.59,-2.466,1.932,3.132
1945,64.833,432.05,301.17,-1.914,3.45,3.946
1946,64.867,431.3,299.96,-1.705,5.668,5.919
1947,64.9,430.55,298.51,-1.502,8.335,8.469
1948,64.933,431.37,300.22,-2.026,10.97,11.155
1949,64.967,431.07,300.51,-2.313,13.622,13.817
1950,65.0,431.12,302.49,-2.582,15.809,16.019
1951,65.033,431.62,304.9,-2.595,17.672,17.862
1952,65.067,431.28,305.13,-1.943,19.343,19.44
1953,65.1,431.2,306.34,-1.228,20.203,20.24
1954,65.133,430.55,305.57,-0.402,21.062,21.066
1955,65.167,431.0,307.29,0.418,21.108,21.112
1956,65.2,430.79,307.23,0.62,19.489,19.499
1957,65.233,430.92,307.32,0.731,17.378,17.393
1958,65.267,430.79,307.49,0.869,14.985,15.01
1959,65.3,430.54,306.83,0.912,12.422,12.456
1960,65.333,431.35,309.23,0.802,9.248,9.283
1961,65.367,431.44,309.1,0.451,5.596,5.614
1962,65.4,430.77,309.12,-0.012,1.735,1.735
1963,65.433,431.38,309.69,0.479,-0.104,0.49
1964,65.467,431.0,309.23,0.063,-2.971,2.972
1965,65.5,431.32,309.24,-0.659,-5.534,5.573
1966,65.533,431.42,308.76,-1.497,-8.124,8.261
1967,65.567,431.02,308.45,-3.347,-12.575,13.013
1968,65.6,430.65,308.01,-5.223,-16.177,16.999
1969,65.633,430.53,306.93,-7.351,-19.917,21.23
1970,65.667,430.25,306.79,-8.866,-22.938,24.592
1971,65.7,430.5,307.02,-10.621,-26.571,28.615
1972,65.733,430.08,305.9,-11.826,-29.554,31.832
1973,65.767,429.8,304.25,-12.791,-32.083,34.539
1974,65.8,429.15,301.85,-13.959,-35.279,37.94
1975,65.833,428.91,301.69,-14.687,-37.43,40.208
1976,65.867,428.12,299.85,-15.433,-39.766,42.656
1977,65.9,428.09,299.8,-16.011,-42.431,45.351
1978,65.933,425.81,296.09,-16.495,-45.179,48.096
1979,65.967,425.56,295.9,-16.576,-46.368,49.242
1980,66.0,425.24,294.81,-16.006,-45.71,48.432
1981,66.033,424.23,292.62,-15.083,-43.456,45.999
1982,66.067,424.77,293.69,-14.181,-39.743,42.197
1983,66.1,424.38,291.25,-12.816,-34.104,36.432
1984,66.133,424.51,289.51,-11.382,-27.984,30.21
1985,66.167,423.69,288.05,-9.284,-19.51,21.606
1986,66.2,423.71,287.13,-7.54,-12.189,14.333
1987,66.233,422.7,285.16,-5.984,-5.769,8.312
1988,66.267,421.87,283.52,-4.053,0.446,4.078
1989,66.3,422.49,285.01,-2.315,5.943,6.378
1990,66.333,422.37,285.02,-0.764,11.036,11.063
1991,66.367,422.12,284.65,0.564,14.087,14.098
1992,66.4,422.02,287.52,1.256,15.979,16.028
1993,66.433,423.38,291.49,0.866,15.238,15.262
1994,66.467,423.09,292.09,0.999,15.44,15.472
1995,66.5,423.03,292.75,0.916,13.574,13.605
1996,66.533,422.68,293.07,0.605,7.998,8.021
1997,66.567,423.11,293.6,0.758,1.29,1.496
1998,66.6,422.93,291.96,0.258,-9.401,9.405
1999,66.633,423.64,292.45,-0.079,-19.74,19.74
2000,66.667,422.58,288.13,-0.382,-30.375,30.377
2001,66.7,423.67,288.91,-0.451,-40.148,40.15
2002,66.733,423.85,287.97,-0.506,-48.887,48.889
2003,66.767,422.98,285.49,-0.029,-55.708,55.708
2004,66.8,422.66,283.58,1.154,-59.805,59.816
2005,66.833,422.46,281.31,2.911,-61.55,61.618
2006,66.867,421.57,279.72,4.851,-61.884,62.074
2007,66.9,421.96,277.41,6.34,-60.722,61.052
2008,66.933,422.78,276.01,7.213,-60.245,60.675
2009,66.967,423.01,270.11,6.976,-58.81,59.223
2010,67.0,423.35,266.24,6.313,-55.44,55.799
2011,67.033,423.92,267.28,5.192,-50.305,50.573
2012,67.067,423.99,265.6,3.979,-43.477,43.659
2013,67.1,425.06,268.1,2.078,-36.347,36.406
2014,67.133,425.38,266.21,0.151,-27.865,27.865
2015,67.167,425.24,266.41,-2.32,-19.742,19.878
2016,67.2,425.56,265.34,-4.192,-10.115,10.949
2017,67.233,425.52,264.35,-6.641,-1.285,6.765
2018,67.267,425.41,263.89,-9.145,6.255,11.079
2019,67.3,424.96,263.04,-11.247,12.451,16.779
2020,67.333,422.7,260.01,-12.616,17.214,21.342
2021,67.367,421.0,260.52,-13.217,21.089,24.888
2022,67.4,420.6,263.03,-14.258,14.794,20.547
2023,67.433,420.77,268.95,-14.287,13.484,19.645
2024,67.467,420.48,270.24,-13.56,15.381,20.505
2025,67.5,420.27,271.63,-11.208,33.822,35.631
2026,67.533,420.15,272.46,-8.749,48.426,49.21
2027,67.567,419.8,272.44,-6.38,58.22,58.569
2028,67.6,420.2,273.73,-4.051,64.895,65.022
2029,67.633,420.06,273.96,-2.358,66.48,66.522
2030,67.667,420.19,274.36,-1.034,65.053,65.061
2031,67.7,419.91,275.09,0.256,59.906,59.907
2032,67.733,420.11,274.83,0.846,53.031,53.038
2033,67.767,419.94,275.74,0.771,44.408,44.415
2034,67.8,420.14,278.16,0.003,34.662,34.662
2035,67.833,419.39,280.67,-1.394,24.164,24.204
2036,67.867,418.31,282.61,-2.481,15.585,15.782
2037,67.9,421.53,309.36,-2.951,8.668,9.156
2038,67.933,421.46,309.21,-3.563,1.614,3.912
2039,67.967,421.14,309.03,-4.003,-7.075,8.129
2040,68.0,418.6,275.85,-3.781,-17.582,17.984
2041,68.033,418.47,277.35,-2.818,-25.162,25.319
2042,68.067,418.34,277.46,-1.522,-30.564,30.602
2043,68.1,418.54,277.27,-0.724,-32.445,32.453
2044,68.133,418.81,277.28,-0.691,-32.183,32.191
2045,68.167,418.89,277.75,-0.812,-27.49,27.502
2046,68.2,418.39,279.05,-1.555,-20.473,20.531
2047,68.233,418.46,278.42,-2.589,-10.695,11.004
2048,68.267,418.53,278.99,-4.356,1.603,4.642
2049,68.3,418.46,279.12,-6.257,16.632,17.77
2050,68.333,418.4,280.56,-8.761,31.909,33.09
2051,68.367,418.62,281.17,-11.017,48.677,49.908
2052,68.4,418.5,280.76,-12.402,66.366,67.515
2053,68.433,419.34,283.26,-14.322,68.577,70.056
2054,68.467,419.07,285.64,-17.876,50.006,53.105
2055,68.5,417.83,294.55,-21.302,45.236,50.001
2056,68.533,415.65,294.99,-23.54,49.921,55.193
2057,68.567,413.4,297.38,-25.263,51.23,57.121
2058,68.6,412.92,297.97,-25.944,50.005,56.334
2059,68.633,412.42,300.11,-25.614,46.631,53.203
2060,68.667,411.06,297.62,-24.183,41.714,48.217
2061,68.7,410.35,298.61,-22.622,35.392,42.004
2062,68.733,409.49,298.04,-21.307,26.803,34.24
2063,68.767,409.34,298.86,-19.523,18.731,27.055
2064,68.8,408.53,297.94,-17.882,10.554,20.764
2065,68.833,408.6,300.34,-16.628,3.581,17.01
2066,68.867,408.36,299.0,-15.538,-3.033,15.831
2067,68.9,407.84,297.43,-14.604,-8.461,16.878
2068,68.933,405.05,297.2,-13.779,-10.758,17.481
2069,68.967,407.25,335.4,-14.069,-11.565,18.212
2070,69.0,406.7,296.53,-15.415,-10.441,18.618
2071,69.033,406.91,295.94,-17.299,-10.891,20.442
2072,69.067,407.13,295.82,-18.827,-9.768,21.21
2073,69.1,406.35,295.61,-19.427,-8.24,21.102
2074,69.133,404.92,295.79,-20.119,-7.033,21.313
2075,69.167,402.28,295.5,-20.114,-8.286,21.753
2076,69.2,401.12,295.32,-18.971,-10.242,21.559
2077,69.233,401.59,297.25,-17.582,-14.255,22.635
2078,69.267,400.1,296.47,-15.912,-19.383,25.078
2079,69.3,399.6,296.94,-14.37,-24.967,28.807
2080,69.333,399.87,296.07,-12.407,-28.945,31.491
2081,69.367,399.85,296.52,-10.569,-33.6,35.223
2082,69.4,399.35,297.17,-9.116,-37.516,38.608
2083,69.433,398.64,295.89,-7.459,-38.34,39.059
2084,69.467,398.55,295.72,-4.52,-36.559,36.838
2085,69.5,399.09,294.6,-1.708,-55.688,55.714
2086,69.533,399.78,291.65,2.082,-60.771,60.807
2087,69.567,400.2,287.31,6.172,-64.683,64.976
2088,69.6,400.31,281.24,9.015,-68.655,69.245
2089,69.633,401.41,276.36,11.143,-70.168,71.047
2090,69.667,400.81,273.31,13.542,-70.664,71.95
2091,69.7,399.8,271.84,16.927,-68.914,70.962
2092,69.733,399.99,271.38,20.3,-66.517,69.546
2093,69.767,400.54,272.12,22.993,-64.579,68.55
2094,69.8,401.53,271.53,26.633,-60.549,66.147
2095,69.833,402.28,268.94,30.443,-56.325,64.025
2096,69.867,403.45,267.89,33.908,-50.429,60.768
2097,69.9,405.78,268.4,37.05,-43.899,57.444
2098,69.933,407.57,265.44,39.911,-37.806,54.975
2099,69.967,410.5,262.32,43.368,-32.294,54.071
2100,70.0,411.56,259.68,45.766,-27.512,53.399
2101,70.033,411.82,259.26,47.338,-24.449,53.279
2102,70.067,411.7,257.72,47.386,-22.207,52.332
2103,70.1,414.1,259.58,45.763,-20.206,50.025
2104,70.133,416.43,256.87,43.4,-17.174,46.674
2105,70.167,417.37,256.78,39.134,-13.179,41.293
2106,70.2,418.22,254.56,33.826,-7.542,34.657
2107,70.233,420.27,255.96,27.54,-0.986,27.558
2108,70.267,422.23,258.18,20.875,5.327,21.544
2109,70.3,422.47,257.53,14.652,10.441,17.991
2110,70.333,423.13,259.5,8.547,14.693,16.998
2111,70.367,423.63,259.41,3.24,18.626,18.906
2112,70.4,423.73,259.12,-1.356,21.286,21.329
2113,70.433,423.77,259.29,-5.393,21.126,21.804
2114,70.467,421.51,260.73,-8.331,19.537,21.239
2115,70.5,421.68,260.21,-10.597,17.295,20.284
2116,70.533,420.4,261.28,-12.57,14.885,19.482
2117,70.567,419.89,261.64,-12.689,10.829,16.681
2118,70.6,419.91,262.27,-10.506,7.256,12.768
2119,70.633,418.15,263.18,-7.128,2.292,7.488
2120,70.667,417.58,264.96,-3.355,-1.399,3.635
2121,70.7,417.3,264.5,1.823,-5.392,5.692
2122,70.733,418.93,263.68,7.647,-6.883,10.288
2123,70.767,419.92,263.54,12.297,-7.263,14.282
2124,70.8,419.82,262.99,16.015,-8.12,17.956
2125,70.833,420.79,261.49,19.17,-8.912,21.14
2126,70.867,421.52,260.06,21.488,-10.139,23.76
2127,70.9,423.0,258.67,22.859,-10.496,25.154
2128,70.933,424.25,258.14,23.414,-10.242,25.556
2129,70.967,424.97,258.24,23.251,-9.996,25.309
2130,71.0,424.89,258.13,23.14,-9.956,25.19
2131,71.033,427.38,257.87,22.499,-9.549,24.442
2132,71.067,428.01,259.84,21.859,-9.698,23.913
2133,71.1,428.45,259.48,20.874,-9.635,22.991
2134,71.133,428.35,259.7,19.836,-9.878,22.16
2135,71.167,428.98,259.18,20.023,-10.565,22.639
2136,71.2,427.85,260.55,21.068,-12.773,24.638
2137,71.233,427.54,259.04,22.965,-15.282,27.585
2138,71.267,429.41,256.58,24.342,-18.446,30.541
2139,71.3,430.25,255.43,25.538,-21.875,33.625
2140,71.333,431.54,256.09,26.637,-25.241,36.696
2141,71.367,432.8,255.41,27.104,-27.87,38.876
2142,71.4,434.12,253.39,27.345,-29.578,40.281
2143,71.433,435.24,251.9,26.629,-29.443,39.698
2144,71.467,435.75,251.52,25.354,-27.987,37.763
2145,71.5,437.22,250.11,23.641,-25.576,34.829
2146,71.533,437.85,249.34,22.279,-21.282,30.811
2147,71.567,438.88,249.21,19.868,-15.109,24.96
2148,71.6,440.4,248.07,16.289,-8.742,18.487
2149,71.633,440.93,247.61,12.091,-3.604,12.617
2150,71.667,440.64,246.95,7.422,1.056,7.497
2151,71.7,440.16,247.19,2.439,4.522,5.138
2152,71.733,439.36,246.89,-1.94,6.237,6.532
2153,71.767,439.16,248.34,-5.973,7.068,9.253
2154,71.8,438.22,248.97,-10.098,8.53,13.219
2155,71.833,438.05,249.62,-13.313,7.062,15.07
2156,71.867,438.21,250.39,-16.031,4.695,16.705
2157,71.9,437.76,251.66,-18.903,2.511,19.069
2158,71.933,438.03,251.65,-21.558,0.251,21.56
2159,71.967,437.43,252.23,-24.035,-2.48,24.163
2160,72.0,436.84,253.09,-25.777,-5.876,26.438
2161,72.033,435.31,251.68,-26.95,-9.806,28.679
2162,72.067,433.4,249.2,-27.753,-13.801,30.995
2163,72.1,433.0,245.96,-28.449,-17.713,33.512
2164,72.133,431.75,246.91,-29.566,-21.574,36.6
2165,72.167,431.04,245.41,-30.435,-26.553,40.39
2166,72.2,429.56,245.72,-30.87,-30.075,43.098
2167,72.233,428.45,244.65,-30.551,-32.718,44.764
2168,72.267,428.39,243.89,-29.36,-33.75,44.733
2169,72.3,427.74,240.72,-27.506,-34.047,43.769
2170,72.333,425.92,244.95,-24.655,-33.265,41.405
2171,72.367,424.35,243.94,-21.1,-31.427,37.853
2172,72.4,424.32,240.75,-17.327,-28.945,33.735
2173,72.433,423.77,238.91,-13.579,-25.434,28.832
2174,72.467,423.68,237.78,-10.459,-21.633,24.029
2175,72.5,423.34,236.17,-7.249,-20.57,21.81
2176,72.533,422.26,235.8,-4.655,-20.068,20.601
2177,72.567,422.27,234.56,-2.276,-18.62,18.758
2178,72.6,422.56,232.47,0.74,-19.129,19.143
2179,72.633,423.36,231.9,3.118,-17.098,17.38
2180,72.667,423.49,234.95,4.596,-14.661,15.364
2181,72.7,424.01,234.32,5.69,-12.226,13.485
2182,72.733,424.14,234.6,6.664,-10.533,12.464
2183,72.767,424.45,234.44,7.176,-10.851,13.009
2184,72.8,424.6,234.46,6.363,-9.742,11.636
2185,72.833,424.71,234.27,4.813,-5.638,7.413
2186,72.867,424.42,233.73,3.227,-5.658,6.514
2187,72.9,424.19,233.37,1.958,-5.507,5.845
2188,72.933,424.63,230.23,0.247,-5.613,5.619
2189,72.967,425.31,228.23,-1.376,-4.638,4.838
2190,73.0,424.66,232.32,-3.358,-3.393,4.774
2191,73.033,424.91,231.59,-5.074,-1.449,5.277
2192,73.067,425.14,228.61,-6.152,0.362,6.163
2193,73.1,423.87,233.87,-6.999,2.795,7.536
2194,73.133,423.31,232.24,-7.279,6.335,9.65
2195,73.167,424.14,230.07,-7.463,10.201,12.64
2196,73.2,423.36,230.55,-7.091,12.195,14.107
2197,73.233,422.54,230.87,-6.637,13.784,15.298
2198,73.267,422.13,236.39,-5.591,14.744,15.769
2199,73.3,422.6,235.06,-3.656,14.0,14.47
2200,73.333,422.47,231.94,-1.52,13.147,13.234
2201,73.367,422.45,235.73,0.465,11.675,11.684
2202,73.4,422.15,234.7,2.41,10.949,11.211
2203,73.433,422.34,237.25,4.074,9.516,10.351
2204,73.467,422.14,236.5,5.15,8.342,9.803
2205,73.5,422.8,236.58,5.734,6.918,8.985
2206,73.533,422.71,236.26,6.265,3.502,7.177
2207,73.567,423.11,236.42,6.219,0.314,6.227
2208,73.6,424.0,235.68,5.607,-1.041,5.703
2209,73.633,424.19,235.02,5.062,-4.561,6.814
2210,73.667,424.8,234.9,4.701,-7.395,8.762
2211,73.7,425.04,235.16,3.858,-8.679,9.498
2212,73.733,425.87,235.32,3.268,-9.024,9.598
2213,73.767,425.9,234.86,3.049,-8.426,8.96
2214,73.8,424.43,237.4,3.014,-9.974,10.419
2215,73.833,423.8,236.57,2.886,-8.335,8.821
2216,73.867,423.61,236.55,2.743,-3.683,4.592
2217,73.9,423.49,233.12,2.842,-0.878,2.975
2218,73.933,424.0,231.59,2.279,5.032,5.524
2219,73.967,424.65,231.59,1.853,9.664,9.84
2220,74.0,424.59,233.9,1.777,13.358,13.476
2221,74.033,424.75,234.45,1.487,16.264,16.332
2222,74.067,425.16,234.69,1.499,19.119,19.177
2223,74.1,425.4,235.21,0.931,21.577,21.597
2224,74.133,426.06,235.91,0.177,25.35,25.35
2225,74.167,426.22,237.09,-1.0,29.12,29.137
2226,74.2,426.2,238.72,-1.451,29.482,29.518
2227,74.233,425.96,240.28,-0.835,28.015,28.027
2228,74.267,425.69,242.76,-0.184,25.167,25.168
2229,74.3,425.63,246.27,0.894,22.004,22.022
2230,74.333,425.16,243.88,3.198,16.474,16.781
2231,74.367,424.94,243.5,5.91,10.815,12.325
2232,74.4,423.92,246.58,9.404,5.533,10.911
2233,74.433,425.48,242.55,13.394,1.994,13.541
2234,74.467,425.45,242.31,17.681,0.39,17.685
2235,74.5,425.49,244.21,21.679,0.555,21.686
2236,74.533,426.02,245.46,25.554,1.86,25.622
2237,74.567,426.39,245.42,29.002,4.777,29.393
2238,74.6,428.79,245.11,31.543,8.668,32.712
2239,74.633,430.44,240.72,33.266,13.139,35.767
2240,74.667,433.99,237.46,33.822,18.817,38.704
2241,74.7,435.13,241.55,33.901,25.069,42.163
2242,74.733,435.38,243.65,33.134,30.618,45.115
2243,74.767,436.56,245.88,31.59,34.284,46.618
2244,74.8,437.2,247.32,29.59,35.733,46.394
2245,74.833,437.47,250.44,27.165,33.736,43.313
2246,74.867,438.95,252.57,24.379,31.478,39.815
2247,74.9,439.27,253.06,21.871,27.84,35.404
2248,74.933,439.87,255.02,20.02,21.523,29.395
2249,74.967,439.77,256.42,17.876,16.11,24.065
2250,75.0,440.07,257.39,15.58,11.225,19.202
2251,75.033,440.27,256.62,14.325,5.112,15.21
2252,75.067,440.64,255.2,13.533,-2.23,13.715
2253,75.1,441.6,254.74,13.884,-9.844,17.02
2254,75.133,442.53,254.63,13.798,-16.77,21.717
2255,75.167,443.71,252.36,14.212,-21.103,25.442
2256,75.2,443.58,249.62,13.852,-22.164,26.137
2257,75.233,444.17,247.92,13.416,-22.78,26.438
2258,75.267,444.97,248.32,12.927,-22.081,25.586
2259,75.3,445.32,248.13,12.301,-20.576,23.972
2260,75.333,445.52,248.43,11.272,-17.647,20.94
2261,75.367,446.35,247.83,10.33,-14.811,18.057
2262,75.4,445.95,248.75,8.874,-11.305,14.372
2263,75.433,446.03,248.88,7.306,-7.333,10.351
2264,75.467,445.73,249.22,5.393,-4.747,7.184
2265,75.5,447.02,247.86,3.257,-2.563,4.145
2266,75.533,446.39,247.9,1.107,-0.813,1.374
2267,75.567,446.9,248.47,-0.294,0.987,1.03
2268,75.6,446.62,248.6,8.554,2.801,9.001
2269,75.633,447.86,247.18,-3.48,9.909,10.503
2270,75.667,447.72,247.31,-10.081,14.042,17.286
2271,75.7,447.37,248.01,-11.544,16.893,20.46
2272,75.733,446.93,248.5,-2.893,15.661,15.926
2273,75.767,447.3,248.64,5.494,16.659,17.542
2274,75.8,446.85,249.61,13.683,17.863,22.501
2275,75.833,447.43,249.93,21.92,20.408,29.95
2276,75.867,447.61,251.32,30.412,23.359,38.347
2277,75.9,447.78,251.02,37.841,27.245,46.629
2278,75.933,448.21,252.09,44.591,30.899,54.25
2279,75.967,449.16,255.76,51.068,32.648,60.612
2280,76.0,451.33,257.68,57.041,31.535,65.178
2281,76.033,453.83,259.28,62.109,29.105,68.59
2282,76.067,455.63,261.11,66.607,25.21,71.219
2283,76.1,431.62,264.03,69.291,20.146,72.16
2284,76.133,478.63,251.67,71.172,14.281,72.591
2285,76.167,481.09,253.04,71.426,8.438,71.922
2286,76.2,481.87,253.7,70.151,2.723,70.204
2287,76.233,467.74,264.39,68.16,-2.476,68.205
2288,76.267,470.46,263.65,65.858,-6.9,66.219
2289,76.3,472.7,264.7,62.478,-9.248,63.159
2290,76.333,474.45,263.05,59.729,-10.751,60.689
2291,76.367,475.29,261.52,55.593,-10.172,56.516
2292,76.4,477.67,258.37,50.76,-8.386,51.448
2293,76.433,480.51,254.28,46.258,-5.091,46.538
2294,76.467,481.97,253.27,42.688,-0.649,42.693
2295,76.5,484.11,254.46,40.569,3.317,40.705
2296,76.533,484.83,255.3,38.465,7.323,39.156
2297,76.567,486.03,256.34,36.682,10.564,38.173
2298,76.6,488.79,256.91,36.672,12.385,38.707
2299,76.633,490.3,257.7,53.813,11.668,55.063
2300,76.667,491.63,259.73,51.912,16.942,54.607
2301,76.7,493.99,261.65,46.765,23.552,52.361
2302,76.733,495.13,263.1,37.166,31.232,48.546
2303,76.767,495.55,264.87,33.915,33.882,47.939
2304,76.8,496.95,264.55,30.553,35.454,46.803
2305,76.833,495.43,266.13,26.442,34.319,43.324
2306,76.867,497.41,265.8,22.505,32.236,39.315
2307,76.9,499.53,265.8,19.867,29.596,35.646
2308,76.933,500.67,266.96,16.839,26.699,31.565
2309,76.967,501.16,267.9,12.969,25.449,28.563
2310,77.0,500.44,268.89,9.394,25.428,27.108
2311,77.033,501.93,269.12,6.42,25.402,26.201
2312,77.067,502.94,270.37,4.023,25.75,26.063
2313,77.1,501.44,272.0,2.491,26.069,26.188
2314,77.133,500.11,273.59,1.193,27.588,27.614
2315,77.167,500.16,274.72,0.639,28.625,28.632
2316,77.2,499.32,274.67,1.553,29.302,29.344
2317,77.233,502.29,275.42,2.305,29.512,29.602
2318,77.267,501.47,276.11,3.386,29.947,30.138
2319,77.3,500.82,276.91,5.526,30.184,30.685
2320,77.333,501.95,278.98,7.41,30.629,31.512
2321,77.367,501.95,279.88,10.434,30.202,31.954
2322,77.4,500.54,279.93,13.386,29.934,32.791
2323,77.433,501.3,281.9,15.557,29.846,33.657
2324,77.467,502.9,282.92,16.151,28.327,32.608
2325,77.5,503.92,283.22,16.249,26.648,31.211
2326,77.533,503.64,284.24,15.997,24.353,29.137
2327,77.567,505.1,284.77,14.754,21.998,26.487
2328,77.6,506.25,286.0,12.415,19.207,22.87
2329,77.633,507.23,284.86,10.551,15.99,19.157
2330,77.667,508.08,287.21,8.481,12.02,14.71
2331,77.7,507.06,288.44,6.042,7.334,9.502
2332,77.733,507.58,289.69,4.29,3.127,5.309
2333,77.767,507.72,289.27,0.749,-1.512,1.687
2334,77.8,506.42,288.21,-2.675,-5.581,6.189
2335,77.833,506.26,287.73,-5.128,-8.58,9.995
2336,77.867,506.27,287.3,-7.204,-10.904,13.069
2337,77.9,505.26,286.27,-8.676,-11.946,14.764
2338,77.933,504.38,284.84,-8.684,-11.344,14.286
2339,77.967,505.62,286.0,-7.358,-9.853,12.297
2340,78.0,505.11,284.89,-5.635,-7.179,9.127
2341,78.033,505.69,284.63,-2.405,-3.482,4.232
2342,78.067,505.37,284.33,1.246,0.637,1.399
2343,78.1,504.99,284.21,3.849,4.807,6.158
2344,78.133,503.55,283.69,5.611,8.889,10.512
2345,78.167,504.13,283.83,6.57,13.953,15.422
2346,78.2,504.6,284.68,6.072,18.086,19.078
2347,78.233,504.38,284.91,5.672,21.009,21.761
2348,78.267,505.64,287.44,2.713,22.171,22.336
2349,78.3,506.99,289.15,-1.475,21.792,21.842
2350,78.333,507.29,290.46,-4.693,20.269,20.805
2351,78.367,507.1,291.38,-7.556,17.19,18.778
2352,78.4,507.41,291.86,-9.024,13.653,16.366
2353,78.433,508.08,292.51,-10.187,9.543,13.958
2354,78.467,507.15,292.43,-10.309,5.596,11.73
2355,78.5,506.61,291.62,-11.432,0.725,11.455
2356,78.533,502.78,291.16,-13.102,-4.723,13.927
2357,78.567,501.45,290.63,-14.787,-9.688,17.679
2358,78.6,501.32,290.92,-16.579,-12.955,21.04
2359,78.633,500.63,290.2,-18.557,-16.271,24.68
2360,78.667,499.42,289.12,-19.574,-20.301,28.2
2361,78.7,499.21,287.74,-20.958,-24.51,32.249
2362,78.733,497.47,286.61,-22.281,-27.152,35.124
2363,78.767,500.59,285.5,-21.912,-27.885,35.464
2364,78.8,502.57,285.04,-21.802,-28.576,35.943
2365,78.833,501.94,284.67,-21.555,-28.389,35.645
2366,78.867,501.58,285.23,-20.871,-27.592,34.596
2367,78.9,497.95,283.61,-19.517,-26.87,33.21
2368,78.933,496.98,282.98,-18.618,-26.194,32.137
2369,78.967,494.38,281.88,-18.19,-24.846,30.793
2370,79.0,493.59,280.55,-18.238,-24.375,30.443
2371,79.033,493.88,281.26,-18.344,-22.71,29.194
2372,79.067,492.13,279.75,-18.615,-22.438,29.154
2373,79.1,491.3,275.14,-17.793,-21.404,27.834
2374,79.133,491.24,273.74,-16.129,-19.629,25.405
2375,79.167,490.72,275.65,-13.804,-17.31,22.14
2376,79.2,491.98,278.07,-9.541,-13.846,16.815
2377,79.233,493.25,277.12,-5.263,-10.598,11.833
2378,79.267,491.97,276.1,0.875,-6.738,6.795
2379,79.3,493.22,276.64,5.644,-3.035,6.408
2380,79.333,493.21,275.56,9.44,0.729,9.468
2381,79.367,492.92,274.53,12.464,3.637,12.984
2382,79.4,492.03,274.82,13.98,5.319,14.958
2383,79.433,492.56,275.44,15.872,6.377,17.105
2384,79.467,492.11,273.76,18.162,6.862,19.415
2385,79.5,492.88,275.85,21.326,6.484,22.29
2386,79.533,492.19,274.4,23.391,5.561,24.043
2387,79.567,496.43,278.71,25.385,3.273,25.595
2388,79.6,497.58,279.49,26.397,0.471,26.401
2389,79.633,498.16,278.78,27.739,-0.556,27.745
2390,79.667,499.67,278.56,28.532,-0.783,28.543
2391,79.7,498.92,276.54,29.548,-1.301,29.577
2392,79.733,501.23,277.37,29.826,-2.494,29.93
2393,79.767,501.61,276.17,29.361,-3.384,29.555
2394,79.8,503.25,276.39,28.759,-3.975,29.032
2395,79.833,503.25,275.21,26.72,-5.042,27.192
2396,79.867,504.06,275.45,23.903,-5.85,24.609
2397,79.9,505.74,275.04,20.843,-5.783,21.631
2398,79.933,507.28,275.33,18.238,-5.28,18.987
2399,79.967,506.24,274.57,14.71,-4.727,15.45
2400,80.0,505.38,274.88,11.737,-2.879,12.085
2401,80.033,507.34,275.23,9.165,-1.179,9.241
2402,80.067,505.74,275.22,7.848,1.788,8.049
2403,80.1,508.24,275.64,5.762,2.968,6.481
2404,80.133,507.91,275.85,3.242,3.405,4.702
2405,80.167,508.79,276.76,0.896,3.632,3.741
2406,80.2,508.69,276.88,-0.923,3.515,3.635
2407,80.233,508.5,275.96,-2.322,3.701,4.37
2408,80.267,507.3,275.52,-3.444,3.195,4.698
2409,80.3,507.08,275.49,-3.68,3.045,4.776
2410,80.333,507.27,275.7,-3.744,2.632,4.576
2411,80.367,507.33,276.34,-3.406,2.46,4.201
2412,80.4,506.81,276.36,-2.691,2.128,3.431
2413,80.433,505.79,276.23,-1.687,1.98,2.601
2414,80.467,507.02,276.45,-1.687,1.564,2.3
2415,80.5,507.08,276.86,0.283,1.646,1.671
2416,80.533,506.83,276.55,3.424,1.768,3.854
2417,80.567,506.99,276.65,4.795,1.659,5.074
2418,80.6,506.22,276.75,6.934,1.299,7.055
2419,80.633,507.19,276.71,7.069,0.841,7.119
2420,80.667,507.99,276.72,6.903,0.072,6.903
2421,80.7,507.03,276.38,5.883,-1.331,6.032
2422,80.733,509.09,276.88,4.401,-2.933,5.289
2423,80.767,508.83,276.9,2.972,-3.947,4.94
2424,80.8,508.75,276.63,1.856,-4.416,4.79
2425,80.833,508.59,276.24,0.778,-4.479,4.546
2426,80.867,509.58,276.32,-0.162,-4.462,4.464
2427,80.9,510.13,276.05,-0.572,-4.496,4.533
2428,80.933,509.36,275.66,-0.319,-4.7,4.711
2429,80.967,510.75,275.54,0.782,-5.902,5.954
2430,81.0,507.83,274.93,1.491,-7.544,7.69
2431,81.033,505.71,274.22,1.739,-9.918,10.069
2432,81.067,506.66,273.85,1.35,-12.704,12.776
2433,81.1,506.04,274.01,0.217,-15.847,15.849
2434,81.133,507.33,273.47,-0.57,-18.964,18.973
2435,81.167,507.82,273.56,-2.648,-21.668,21.829
2436,81.2,508.34,273.57,-5.677,-24.128,24.787
2437,81.233,509.0,273.24,-8.937,-25.731,27.239
2438,81.267,508.64,272.33,-13.178,-27.317,30.329
2439,81.3,508.96,271.06,-17.263,-28.315,33.163
2440,81.333,509.34,269.44,-20.573,-28.923,35.493
2441,81.367,509.08,267.88,-23.34,-29.076,37.285
2442,81.4,507.6,265.54,-26.169,-28.797,38.911
2443,81.433,505.77,263.4,-27.948,-28.197,39.701
2444,81.467,503.76,263.4,-29.18,-27.067,39.801
2445,81.5,501.45,262.32,-30.648,-25.753,40.031
2446,81.533,499.7,261.78,-29.999,-24.363,38.646
2447,81.567,498.68,261.8,-26.93,-22.795,35.282
2448,81.6,497.8,261.99,-23.466,-20.857,31.395
2449,81.633,495.81,261.81,-17.718,-18.83,25.855
2450,81.667,495.92,261.14,-12.746,-16.325,20.712
2451,81.7,495.87,260.96,-8.012,-13.956,16.092
2452,81.733,497.15,259.94,-3.303,-11.758,12.213
2453,81.767,497.77,259.84,0.294,-10.198,10.202
2454,81.8,498.58,258.85,3.797,-9.302,10.047
2455,81.833,498.36,258.44,5.554,-8.78,10.39
2456,81.867,499.08,258.19,6.129,-8.173,10.216
2457,81.9,500.26,257.46,5.244,-7.693,9.31
2458,81.933,498.98,257.14,3.56,-6.751,7.632
2459,81.967,499.88,256.43,1.584,-5.251,5.485
2460,82.0,500.14,256.01,-0.335,-4.256,4.269
2461,82.033,499.81,256.42,-2.055,-2.837,3.504
2462,82.067,498.77,257.2,-3.69,-1.179,3.874
2463,82.1,498.98,257.57,-5.387,0.427,5.404
2464,82.133,495.95,257.84,-6.698,1.21,6.806
2465,82.167,496.77,257.67,-6.566,1.723,6.788
2466,82.2,497.01,257.72,-6.135,1.755,6.382
2467,82.233,496.17,257.16,-4.863,1.564,5.108
2468,82.267,496.86,257.22,-3.911,1.099,4.062
2469,82.3,495.92,257.66,-2.423,-0.072,2.424
2470,82.333,497.5,257.79,-0.593,-1.451,1.567
2471,82.367,497.47,257.22,1.02,-3.149,3.31
2472,82.4,498.06,257.01,2.232,-4.645,5.153
2473,82.433,498.39,256.69,2.733,-5.664,6.289
2474,82.467,498.13,256.66,3.776,-6.529,7.542
2475,82.5,497.44,257.14,4.401,-6.938,8.216
2476,82.533,497.19,256.81,3.761,-6.747,7.725
2477,82.567,497.41,256.3,2.959,-6.122,6.8
2478,82.6,497.96,255.51,2.515,-5.526,6.071
2479,82.633,498.0,255.87,1.294,-5.208,5.366
2480,82.667,497.57,255.19,1.019,-5.023,5.126
2481,82.7,498.11,255.36,0.193,-4.708,4.712
2482,82.733,497.89,254.39,-0.833,-4.246,4.327
2483,82.767,498.78,254.31,-1.393,-3.356,3.634
2484,82.8,498.18,254.52,-1.88,-2.488,3.119
2485,82.833,496.99,254.97,-1.824,-1.677,2.478
2486,82.867,497.74,255.68,-2.312,-0.976,2.51
2487,82.9,498.09,255.33,-2.485,-0.043,2.485
2488,82.933,498.13,254.92,-2.254,0.611,2.335
2489,82.967,497.75,254.97,-2.669,1.395,3.011
2490,83.0,496.88,255.17,-3.767,1.878,4.209
2491,83.033,498.09,255.2,-4.155,2.21,4.707
2492,83.067,497.56,254.74,-3.861,2.121,4.405
2493,83.1,496.4,254.5,-2.601,1.973,3.265
2494,83.133,496.19,255.04,-2.58,2.066,3.306
2495,83.167,496.35,255.37,-2.314,1.919,3.006
2496,83.2,496.65,255.63,-1.991,2.042,2.852
2497,83.233,496.78,255.59,-1.632,1.869,2.481
2498,83.267,496.92,255.55,-1.544,1.976,2.508
2499,83.3,496.45,255.92,-1.74,2.132,2.752
2500,83.333,496.83,255.78,-2.074,2.513,3.259
2501,83.367,497.12,255.67,-1.84,2.465,3.076
2502,83.4,496.9,255.38,-1.914,2.295,2.988
2503,83.433,495.33,255.91,-2.069,2.134,2.973
2504,83.467,495.79,255.78,-2.07,2.219,3.034
2505,83.5,497.49,256.29,-2.484,2.155,3.289
2506,83.533,497.26,255.69,-3.134,2.169,3.812
2507,83.567,496.66,256.23,-3.776,1.788,4.178
2508,83.6,494.32,256.37,-3.784,2.488,4.528
2509,83.633,496.1,256.41,-2.997,1.842,3.518
2510,83.667,495.48,256.26,-2.019,0.853,2.192
2511,83.7,495.79,255.97,-0.665,-0.331,0.743
2512,83.733,495.09,256.03,0.306,-1.684,1.712
2513,83.767,495.74,256.3,1.266,-3.141,3.387
2514,83.8,495.14,256.57,1.686,-3.961,4.305
2515,83.833,495.59,256.15,2.258,-4.84,5.341
2516,83.867,495.72,256.77,3.622,-5.499,6.585
2517,83.9,495.94,256.19,3.671,-5.749,6.821
2518,83.933,495.8,256.08,3.26,-5.814,6.666
2519,83.967,495.04,255.6,2.343,-5.688,6.152
2520,84.0,495.98,255.52,1.623,-4.684,4.957
2521,84.033,498.0,254.59,-0.276,-4.167,4.176
2522,84.067,497.56,254.7,-1.898,-2.781,3.367
2523,84.1,496.82,251.77,-3.903,-1.299,4.113
2524,84.133,496.34,254.09,-5.614,0.573,5.643
2525,84.167,496.35,254.38,-7.512,2.342,7.869
2526,84.2,495.38,254.64,-8.147,4.38,9.25
2527,84.233,495.58,255.06,-9.15,6.111,11.004
2528,84.267,495.0,255.95,-9.352,8.024,12.323
2529,84.3,495.43,255.39,-9.4,9.003,13.016
2530,84.333,495.15,255.73,-9.078,9.55,13.177
2531,84.367,491.86,256.1,-7.449,9.412,12.003
2532,84.4,492.43,256.16,-6.495,8.137,10.412
2533,84.433,491.9,257.18,-6.541,6.671,9.343
2534,84.467,493.85,257.54,-5.952,4.61,7.529
2535,84.5,493.06,256.78,-4.828,2.46,5.418
2536,84.533,493.36,258.15,-3.417,0.39,3.439
2537,84.567,491.91,257.89,-3.219,-1.822,3.699
2538,84.6,492.22,257.89,-3.267,-4.409,5.487
2539,84.633,494.33,257.09,-3.445,-4.33,5.533
2540,84.667,494.03,257.02,-3.733,-4.927,6.181
2541,84.7,492.31,256.0,-4.688,-5.533,7.252
2542,84.733,493.01,256.19,-5.92,-6.299,8.645
2543,84.767,492.51,254.73,-7.881,-7.719,11.031
2544,84.8,491.86,255.13,-10.041,-9.178,13.604
2545,84.833,492.02,254.25,-13.566,-10.393,17.09
2546,84.867,488.53,254.56,-17.875,-11.312,21.153
2547,84.9,488.9,254.98,-20.097,-12.451,23.641
2548,84.933,490.58,254.63,-22.474,-13.009,25.967
2549,84.967,489.48,254.82,-24.241,-13.906,27.947
2550,85.0,489.27,254.48,-26.711,-14.339,30.316
2551,85.033,487.58,253.24,-28.283,-14.017,31.565
2552,85.067,486.77,253.52,-30.512,-13.292,33.281
2553,85.1,485.64,253.85,-30.984,-13.004,33.603
2554,85.133,484.42,251.29,-30.358,-12.599,32.869
2555,85.167,482.76,250.32,-30.49,-11.643,32.637
2556,85.2,481.51,249.4,-29.507,-11.002,31.492
2557,85.233,480.51,248.91,-27.278,-9.638,28.93
2558,85.267,479.44,249.76,-24.464,-8.675,25.957
2559,85.3,478.0,248.98,-21.098,-6.604,22.107
2560,85.333,478.25,249.22,-18.224,-4.432,18.755
2561,85.367,478.53,248.84,-16.427,-1.565,16.501
2562,85.4,476.7,249.82,-12.771,0.787,12.795
2563,85.433,476.48,249.78,-8.841,2.975,9.328
2564,85.467,476.19,250.8,-6.828,4.634,8.252
2565,85.5,476.25,250.61,-4.446,5.495,7.069
2566,85.533,475.57,250.99,-3.386,5.969,6.862
2567,85.567,477.82,249.39,-2.384,6.434,6.861
2568,85.6,477.64,250.65,-1.98,5.906,6.229
2569,85.633,477.24,250.63,-2.427,4.861,5.433
2570,85.667,478.45,250.32,-2.632,3.691,4.534
2571,85.7,477.37,251.2,-2.806,2.616,3.836
2572,85.733,477.3,250.96,-2.971,1.777,3.462
2573,85.767,475.7,251.99,-3.13,1.441,3.446
2574,85.8,474.23,251.62,-2.923,0.507,2.966
2575,85.833,474.9,251.33,-2.192,0.275,2.209
2576,85.867,476.28,250.66,-1.555,-0.089,1.558
2577,85.9,475.72,251.25,-0.979,-0.057,0.981
2578,85.933,474.66,250.51,0.494,-0.479,0.688
2579,85.967,476.08,250.92,2.227,-0.817,2.372
2580,86.0,474.77,251.28,3.496,-1.297,3.729
2581,86.033,475.8,251.01,4.085,-1.8,4.464
2582,86.067,475.74,250.8,5.447,-2.603,6.037
2583,86.1,475.99,251.17,5.754,-2.013,6.096
2584,86.133,477.4,249.8,4.41,-2.795,5.222
2585,86.167,476.71,250.76,3.609,-2.883,4.62
2586,86.2,476.93,250.68,1.873,-3.082,3.606
2587,86.233,477.17,250.72,-0.56,-4.127,4.165
2588,86.267,477.41,250.05,-4.286,-5.181,6.724
2589,86.3,477.11,250.3,-8.463,-6.742,10.82
2590,86.333,477.14,249.38,-11.52,-9.761,15.099
2591,86.367,476.81,249.29,-15.831,-12.409,20.115
2592,86.4,475.72,248.85,-19.735,-15.825,25.296
2593,86.433,474.43,248.83,-22.496,-20.085,30.158
2594,86.467,472.76,248.66,-24.419,-24.332,34.472
2595,86.5,472.62,247.52,-27.296,-27.871,39.011
2596,86.533,473.0,246.92,-28.676,-30.855,42.123
2597,86.567,471.15,246.22,-29.477,-33.078,44.307
2598,86.6,469.23,243.77,-29.122,-34.395,45.068
2599,86.633,470.72,244.41,-28.226,-34.776,44.79
2600,86.667,467.93,241.57,-27.262,-32.814,42.661
2601,86.7,465.53,240.33,-25.341,-30.041,39.302
2602,86.733,464.52,239.42,-23.107,-25.838,34.664
2603,86.767,464.32,237.67,-20.956,-21.315,29.891
2604,86.8,464.99,235.13,-18.465,-16.716,24.908
2605,86.833,463.41,236.15,-16.31,-11.944,20.216
2606,86.867,465.77,233.78,-14.6,-6.657,16.046
2607,86.9,464.07,234.79,-13.322,-1.493,13.405
2608,86.933,462.07,235.89,-12.161,2.777,12.474
2609,86.967,461.55,237.75,-10.752,6.427,12.526
2610,87.0,463.03,237.82,-9.13,9.203,12.963
2611,87.033,462.77,238.34,-7.924,11.405,13.887
2612,87.067,462.33,239.41,-7.794,12.565,14.786
2613,87.1,461.48,240.68,-7.507,12.817,14.853
2614,87.133,461.6,241.47,-7.315,13.526,15.378
2615,87.167,461.19,240.93,-8.14,12.424,14.853
2616,87.2,460.59,240.83,-8.024,10.877,13.517
2617,87.233,460.28,239.38,-7.331,9.853,12.281
2618,87.267,460.57,239.34,-5.891,7.658,9.662
2619,87.3,459.42,240.47,-3.864,5.04,6.35
2620,87.333,459.79,240.25,-2.112,3.375,3.981
2621,87.367,459.89,239.88,0.616,0.794,1.005
2622,87.4,460.01,239.52,1.645,0.44,1.703
2623,87.433,460.13,240.88,3.389,-0.632,3.448
2624,87.467,459.66,241.07,5.599,-1.56,5.812
2625,87.5,459.88,241.33,7.779,-2.851,8.285
2626,87.533,459.98,241.56,8.968,-3.564,9.65
2627,87.567,460.55,242.08,9.526,-3.625,10.193
2628,87.6,460.72,242.09,9.603,-3.795,10.326
2629,87.633,462.34,240.69,9.686,-4.27,10.585
2630,87.667,462.41,240.51,9.561,-5.462,11.011
2631,87.7,462.26,241.13,9.431,-5.881,11.114
2632,87.733,463.53,238.29,9.213,-6.007,10.998
2633,87.767,463.88,238.49,8.882,-5.295,10.341
2634,87.8,463.67,238.88,8.107,-4.444,9.245
2635,87.833,463.85,238.46,7.389,-3.974,8.39
2636,87.867,463.4,239.26,6.308,-3.07,7.015
2637,87.9,464.13,237.32,5.356,-1.624,5.596
2638,87.933,463.11,239.07,3.905,0.467,3.933
2639,87.967,463.3,239.42,2.203,1.686,2.774
2640,88.0,463.64,239.9,0.765,3.457,3.541
2641,88.033,463.64,240.08,-0.7,5.409,5.454
2642,88.067,464.2,239.62,-1.696,6.801,7.01
2643,88.1,464.81,239.92,-2.232,7.358,7.689
2644,88.133,465.08,240.02,-2.206,6.707,7.06
2645,88.167,464.75,241.2,-2.718,6.375,6.93
2646,88.2,464.19,240.46,-3.045,5.705,6.466
2647,88.233,463.95,240.03,-2.933,4.333,5.233
2648,88.267,463.52,240.04,-3.122,3.761,4.888
2649,88.3,463.03,240.67,-3.525,3.12,4.707
2650,88.333,463.18,241.26,-3.679,2.284,4.33
2651,88.367,463.11,241.3,-3.887,2.075,4.406
2652,88.4,462.1,241.33,-3.104,0.954,3.248
2653,88.433,462.46,241.24,-2.83,0.902,2.97
2654,88.467,462.64,242.58,-2.205,0.594,2.284
2655,88.5,462.77,241.62,-1.873,0.402,1.916
2656,88.533,463.39,240.55,-1.203,0.19,1.217
2657,88.567,463.42,240.52,-0.296,-0.156,0.335
2658,88.6,462.99,240.42,0.106,-0.34,0.356
2659,88.633,462.6,241.56,0.239,-0.122,0.268
2660,88.667,462.86,241.22,0.191,0.029,0.193
2661,88.7,462.97,241.21,0.037,-0.385,0.387
2662,88.733,462.94,240.82,-0.11,-0.303,0.322
2663,88.767,462.85,241.23,-0.162,-0.024,0.164
2664,88.8,463.21,241.26,-0.052,0.4,0.404
2665,88.833,463.2,241.32,0.314,0.61,0.686
2666,88.867,463.51,240.32,2.12,0.819,2.273
2667,88.9,462.0,241.39,3.881,1.059,4.023
2668,88.933,462.09,241.82,5.964,1.524,6.155
2669,88.967,462.36,241.58,7.259,2.002,7.53
2670,89.0,463.36,241.42,7.589,1.418,7.721
2671,89.033,462.91,241.19,7.51,1.175,7.602
2672,89.067,462.77,241.36,6.227,1.253,6.352
2673,89.1,463.63,241.85,3.595,1.311,3.827
2674,89.133,463.81,241.1,-0.012,1.314,1.315
2675,89.167,463.75,241.4,-5.24,0.202,5.244
2676,89.2,463.97,241.51,-13.53,-0.794,13.553
2677,89.233,464.35,241.12,-22.793,-1.726,22.859
2678,89.267,464.32,241.35,-31.842,-2.434,31.935
2679,89.3,464.32,241.58,-40.073,-3.142,40.196
2680,89.333,464.28,241.98,-47.888,-3.841,48.042
2681,89.367,460.07,241.7,-54.806,-4.425,54.984
2682,89.4,457.71,241.63,-60.291,-4.522,60.46
2683,89.433,454.95,240.93,-62.892,-5.06,63.095
2684,89.467,452.77,240.56,-63.571,-5.843,63.839
2685,89.5,450.76,240.67,-62.67,-6.252,62.981
2686,89.533,447.07,239.85,-60.14,-6.516,60.492
2687,89.567,443.72,239.47,-54.927,-6.52,55.312
2688,89.6,440.82,239.02,-48.058,-6.545,48.502
2689,89.633,437.58,238.79,-40.718,-6.656,41.258
2690,89.667,436.3,239.68,-31.92,-6.042,32.487
2691,89.7,439.49,239.56,-21.695,-5.251,22.322
2692,89.733,440.7,239.31,-11.354,-4.636,12.264
2693,89.767,440.85,239.23,-0.293,-3.593,3.605
2694,89.8,440.64,238.82,11.054,-2.352,11.301
2695,89.833,441.66,238.66,21.858,-1.311,21.898
2696,89.867,443.03,238.18,30.752,-0.765,30.762
2697,89.9,443.67,238.28,39.161,-0.355,39.163
2698,89.933,443.61,238.51,46.089,-0.091,46.089
2699,89.967,444.6,238.81,51.345,0.429,51.346
2700,90.0,446.71,238.43,54.453,0.874,54.46
2701,90.033,448.14,238.51,55.208,0.996,55.217
2702,90.067,448.44,238.6,54.495,1.294,54.51
2703,90.1,450.55,239.03,52.925,1.375,52.942
2704,90.133,454.4,239.25,50.664,1.636,50.691
2705,90.167,456.73,238.97,48.74,2.104,48.785
2706,90.2,458.66,238.71,46.93,2.337,46.988
2707,90.233,462.51,239.3,43.254,2.109,43.305
2708,90.267,463.8,239.22,38.092,1.562,38.124
2709,90.3,464.31,238.79,32.446,1.195,32.468
2710,90.333,464.11,238.92,26.709,0.658,26.718
2711,90.367,464.32,239.31,20.923,0.003,20.923
2712,90.4,464.41,239.54,14.823,-0.471,14.831
2713,90.433,464.22,239.5,9.27,-0.679,9.295
2714,90.467,464.17,239.11,4.467,-0.759,4.531
2715,90.5,464.19,239.08,0.544,-0.758,0.933
2716,90.533,464.18,239.0,-2.898,-0.711,2.984
2717,90.567,464.41,238.8,-5.387,-0.388,5.401
2718,90.6,464.05,239.28,-5.879,-0.071,5.879
2719,90.633,464.1,239.29,-5.247,-0.276,5.254
2720,90.667,463.95,239.1,-4.874,0.354,4.887
2721,90.7,463.89,238.31,-3.756,-0.21,3.762
2722,90.733,463.63,238.7,-2.044,-0.491,2.102
2723,90.767,464.17,239.2,-1.363,-1.061,1.727
2724,90.8,464.09,238.47,-0.945,-1.432,1.715
2725,90.833,464.37,238.83,-0.517,-1.386,1.479
2726,90.867,463.97,239.18,-0.17,-1.249,1.26
2727,90.9,464.0,239.57,0.157,-1.278,1.288
2728,90.933,463.26,239.35,0.365,-1.551,1.594
2729,90.967,463.61,239.12,0.636,-1.811,1.92
2730,91.0,463.65,238.63,1.086,-1.704,2.021
2731,91.033,463.84,238.92,1.307,-1.649,2.104
2732,91.067,463.99,238.33,1.434,-1.39,1.997
2733,91.1,463.66,238.17,1.37,-1.348,1.922
2734,91.133,463.78,238.85,1.047,-1.244,1.626
2735,91.167,464.79,236.3,0.224,-0.162,0.277
2736,91.2,464.53,238.61,-0.44,0.288,0.526
2737,91.233,464.32,238.57,-0.893,0.689,1.128
2738,91.267,464.48,238.89,-0.888,0.619,1.082
2739,91.3,464.43,238.76,-0.874,0.176,0.892
2740,91.333,464.0,238.54,-0.485,0.236,0.539
2741,91.367,464.38,238.48,0.329,0.538,0.631
2742,91.4,464.26,238.58,1.583,0.742,1.748
2743,91.433,464.35,238.95,3.099,1.245,3.34
2744,91.467,464.34,239.06,5.234,2.011,5.608
2745,91.5,463.84,238.75,7.365,2.865,7.903
2746,91.533,464.07,239.03,9.515,2.814,9.922
2747,91.567,464.11,238.81,11.458,2.871,11.813
2748,91.6,464.03,239.85,13.606,1.949,13.745
2749,91.633,464.88,239.67,15.618,1.887,15.732
2750,91.667,466.46,237.16,17.224,1.156,17.263
2751,91.7,467.31,237.84,18.319,1.332,18.367
2752,91.733,468.22,238.58,19.313,1.501,19.371
2753,91.767,469.04,239.59,20.17,3.365,20.449
2754,91.8,470.09,240.45,21.037,4.843,21.587
2755,91.833,470.94,240.97,21.878,7.15,23.017
2756,91.867,471.08,241.01,22.74,9.26,24.553
2757,91.9,471.62,241.57,23.22,11.652,25.979
2758,91.933,472.0,240.76,23.503,13.499,27.104
2759,91.967,472.38,240.01,23.515,14.691,27.727
2760,92.0,472.97,239.25,23.084,15.934,28.049
2761,92.033,473.69,241.29,22.706,18.18,29.088
2762,92.067,474.73,240.74,21.827,20.102,29.673
2763,92.1,474.72,243.96,20.766,22.744,30.798
2764,92.133,475.85,243.52,20.093,24.747,31.877
2765,92.167,477.46,245.4,19.503,26.518,32.918
2766,92.2,478.26,248.59,18.522,28.535,34.02
2767,92.233,479.17,249.48,16.935,30.372,34.774
2768,92.267,480.23,247.79,15.653,33.259,36.758
2769,92.3,480.45,249.56,14.161,33.377,36.257
2770,92.333,480.55,248.97,12.251,33.196,35.384
2771,92.367,480.77,250.46,10.058,33.787,35.252
2772,92.4,480.86,250.89,8.029,35.605,36.499
2773,92.433,480.79,253.06,6.009,35.336,35.843
2774,92.467,480.48,255.73,4.335,33.98,34.256
2775,92.5,480.58,257.46,3.195,32.163,32.322
2776,92.533,480.31,257.28,2.368,30.756,30.847
2777,92.567,480.86,258.99,1.448,28.045,28.082
2778,92.6,481.43,258.63,0.248,25.305,25.307
2779,92.633,481.4,259.11,0.304,21.851,21.853
2780,92.667,481.26,259.31,0.883,19.798,19.817
2781,92.7,481.15,261.73,1.039,17.023,17.055
2782,92.733,482.27,262.86,1.674,13.966,14.066
2783,92.767,481.39,260.3,1.994,10.053,10.249
2784,92.8,481.42,265.51,1.974,6.793,7.074
2785,92.833,481.64,266.32,1.949,2.62,3.265
2786,92.867,481.73,264.06,1.786,-1.102,2.098
2787,92.9,481.73,259.21,1.352,-5.315,5.484
2788,92.933,481.91,259.78,0.679,-8.896,8.922
2789,92.967,481.69,260.31,0.107,-11.702,11.702
2790,93.0,481.13,260.55,-0.532,-14.753,14.763
2791,93.033,480.83,259.89,-1.417,-18.204,18.26
2792,93.067,481.53,260.48,-2.01,-20.759,20.856
2793,93.1,482.78,261.88,-2.568,-23.147,23.289
2794,93.133,482.05,261.21,-3.126,-24.25,24.451
2795,93.167,481.47,259.08,-3.743,-24.279,24.566
2796,93.2,482.06,259.07,-3.904,-22.649,22.983
2797,93.233,481.11,255.58,-3.876,-21.14,21.492
2798,93.267,481.31,254.29,-4.073,-19.513,19.934
2799,93.3,481.08,253.09,-3.77,-15.845,16.288
2800,93.333,480.6,252.51,-3.466,-14.601,15.006
2801,93.367,480.39,252.17,-2.961,-14.519,14.818
2802,93.4,480.33,252.9,-2.113,-14.514,14.667
2803,93.433,480.38,253.35,-0.904,-13.109,13.141
2804,93.467,479.88,251.96,0.569,-12.227,12.24
2805,93.5,480.15,251.53,2.768,-11.372,11.705
2806,93.533,480.86,252.1,5.54,-11.126,12.429
2807,93.567,481.19,252.34,9.003,-10.931,14.162
2808,93.6,481.41,252.46,12.351,-11.358,16.779
2809,93.633,481.48,252.38,14.969,-12.327,19.392
2810,93.667,482.34,252.2,17.54,-14.334,22.652
2811,93.7,482.45,250.85,20.36,-15.576,25.635
2812,93.733,483.28,250.16,22.4,-17.557,28.461
2813,93.767,483.64,249.11,24.809,-18.955,31.222
2814,93.8,484.49,247.56,27.019,-20.355,33.828
2815,93.833,486.05,246.55,29.074,-20.814,35.756
2816,93.867,487.28,245.1,31.133,-21.173,37.65
2817,93.9,488.4,244.1,32.444,-21.121,38.713
2818,93.933,489.62,244.27,32.881,-20.657,38.832
2819,93.967,490.86,244.53,32.355,-20.008,38.042
2820,94.0,491.3,243.53,31.042,-18.631,36.204
2821,94.033,492.37,243.77,28.821,-16.978,33.45
2822,94.067,492.93,244.0,25.679,-14.905,29.691
2823,94.1,493.85,244.24,21.848,-12.42,25.132
2824,94.133,494.84,242.41,17.501,-9.43,19.88
2825,94.167,496.05,242.86,13.28,-7.725,15.364
2826,94.2,496.52,241.06,8.578,-6.292,10.638
2827,94.233,497.71,239.94,4.17,-4.431,6.084
2828,94.267,497.74,240.08,-0.339,-3.019,3.038
2829,94.3,497.36,240.69,-4.128,-1.491,4.389
2830,94.333,496.58,239.9,-7.202,0.07,7.203
2831,94.367,495.03,240.88,-9.754,1.576,9.881
2832,94.4,494.37,241.69,-11.714,4.3,12.478
2833,94.433,493.7,241.39,-13.051,7.59,15.097
2834,94.467,493.03,241.3,-14.326,11.386,18.299
2835,94.5,492.85,242.08,-15.422,14.097,20.894
2836,94.533,492.64,243.62,-16.024,17.056,23.403
2837,94.567,492.2,243.87,-16.828,18.905,25.31
2838,94.6,491.83,243.79,-17.52,19.908,26.52
2839,94.633,491.64,242.66,-18.165,19.927,26.964
2840,94.667,490.64,245.22,-18.748,19.979,27.398
2841,94.7,490.47,245.86,-19.398,19.099,27.222
2842,94.733,489.91,245.91,-20.114,18.021,27.006
2843,94.767,490.04,247.15,-20.591,17.072,26.748
2844,94.8,489.45,247.58,-21.285,16.345,26.836
2845,94.833,488.71,248.95,-21.946,14.945,26.552
2846,94.867,487.58,250.58,-22.529,13.893,26.468
2847,94.9,486.26,250.04,-22.909,12.554,26.123
2848,94.933,484.62,250.3,-22.593,11.505,25.354
2849,94.967,483.84,248.86,-21.921,10.693,24.389
2850,95.0,482.63,250.01,-21.06,9.956,23.294
2851,95.033,481.42,249.5,-20.026,9.206,22.041
2852,95.067,481.21,250.51,-18.696,8.265,20.442
2853,95.1,481.17,250.76,-17.649,5.911,18.612
2854,95.133,481.22,250.8,-16.728,3.701,17.133
2855,95.167,481.21,250.81,-15.546,2.394,15.729
2856,95.2,481.03,250.61,-14.35,0.614,14.363
2857,95.233,481.42,251.43,-13.371,-1.764,13.487
2858,95.267,479.76,251.91,-12.332,-4.026,12.973
2859,95.3,479.37,251.18,-11.36,-5.949,12.823
2860,95.333,478.61,251.75,-10.739,-7.365,13.022
2861,95.367,478.03,251.98,-10.633,-9.186,14.051
2862,95.4,478.45,252.02,-10.63,-11.38,15.573
2863,95.433,477.26,250.39,-10.93,-12.821,16.847
2864,95.467,476.68,249.57,-10.749,-13.687,17.404
2865,95.5,476.63,249.13,-10.17,-13.766,17.115
2866,95.533,476.22,248.01,-9.101,-13.633,16.391
2867,95.567,475.29,245.66,-7.631,-12.858,14.952
2868,95.6,475.77,247.2,-6.221,-11.695,13.247
2869,95.633,476.15,246.66,-4.469,-10.158,11.097
2870,95.667,475.33,246.36,-2.747,-7.861,8.327
2871,95.7,475.8,245.28,-1.177,-5.396,5.523
2872,95.733,476.14,246.24,0.015,-2.586,2.586
2873,95.767,476.22,247.16,0.732,-0.208,0.761
2874,95.8,475.36,246.69,1.928,2.694,3.313
2875,95.833,475.26,246.5,2.396,4.087,4.737
2876,95.867,475.58,247.33,2.916,4.826,5.639
2877,95.9,475.5,247.55,3.549,4.575,5.79
2878,95.933,476.39,247.33,3.409,3.719,5.045
2879,95.967,476.51,246.58,3.093,2.643,4.068
2880,96.0,476.06,247.52,2.637,1.54,3.054
2881,96.033,475.86,247.47,2.214,0.48,2.265
2882,96.067,476.26,248.24,1.711,-0.883,1.926
2883,96.1,477.04,247.99,1.648,-0.836,1.848
2884,96.133,476.7,248.07,0.548,-1.958,2.034
2885,96.167,476.66,247.14,-0.458,-2.894,2.93
2886,96.2,476.58,247.13,-1.368,-3.999,4.227
2887,96.233,476.92,246.84,-2.748,-4.323,5.123
2888,96.267,476.44,246.81,-4.02,-4.596,6.106
2889,96.3,475.65,243.9,-5.039,-4.377,6.674
2890,96.333,476.4,246.36,-5.501,-3.877,6.73
2891,96.367,476.04,246.2,-5.732,-3.51,6.721
2892,96.4,475.27,246.71,-6.626,-4.739,8.146
2893,96.433,475.05,246.22,-7.033,-6.011,9.252
2894,96.467,475.29,246.65,-6.525,-6.51,9.217
2895,96.5,475.35,246.27,-6.388,-6.926,9.422
2896,96.533,474.46,245.11,-5.751,-7.122,9.155
2897,96.567,474.02,245.49,-5.181,-6.898,8.627
2898,96.6,473.16,244.2,-4.524,-7.343,8.625
2899,96.633,474.44,244.64,-3.633,-7.697,8.512
2900,96.667,473.45,244.22,-1.81,-7.357,7.577
2901,96.7,473.75,244.72,-1.011,-7.88,7.945
2902,96.733,474.45,244.63,-1.22,-9.531,9.609
2903,96.767,474.03,244.15,-2.452,-11.63,11.886
2904,96.8,473.23,241.78,-4.98,-14.637,15.461
2905,96.833,472.74,240.52,-7.889,-16.706,18.475
2906,96.867,472.43,239.97,-11.56,-19.751,22.885
2907,96.9,474.05,242.09,-16.12,-22.36,27.565
2908,96.933,474.14,242.04,-21.224,-25.021,32.81
2909,96.967,471.61,240.43,-25.434,-27.16,37.209
2910,97.0,471.86,241.0,-29.011,-29.306,41.237
2911,97.033,470.9,239.56,-31.291,-30.784,43.895
2912,97.067,471.02,237.89,-32.654,-30.867,44.934
2913,97.1,470.2,237.2,-33.012,-30.521,44.959
2914,97.133,467.76,235.49,-31.519,-29.06,42.871
2915,97.167,463.5,231.03,-29.229,-27.744,40.3
2916,97.2,462.32,230.38,-26.276,-26.276,37.159
2917,97.233,461.3,230.07,-23.3,-25.162,34.293
2918,97.267,459.86,228.97,-20.379,-24.322,31.731
2919,97.3,460.25,229.04,-16.15,-23.509,28.522
2920,97.333,460.02,229.65,-10.692,-20.919,23.493
2921,97.367,459.43,229.8,-4.834,-16.546,17.238
2922,97.4,460.8,229.36,1.732,-11.062,11.197
2923,97.433,463.51,229.37,7.549,-6.18,9.756
2924,97.467,463.77,229.37,12.25,-1.338,12.323
2925,97.5,464.3,229.78,16.841,4.339,17.391
2926,97.533,463.33,229.61,20.529,9.569,22.65
2927,97.567,464.17,228.76,24.506,14.114,28.28
2928,97.6,464.97,228.19,26.504,18.78,32.483
2929,97.633,464.63,227.76,26.224,22.706,34.688
2930,97.667,463.72,228.48,24.423,26.09,35.737
2931,97.7,465.11,229.69,23.366,31.403,39.142
2932,97.733,467.25,231.37,21.663,37.148,43.003
2933,97.767,469.34,233.78,19.477,42.685,46.919
2934,97.8,469.31,236.63,15.855,48.789,51.301
2935,97.833,469.21,238.37,10.42,54.237,55.229
2936,97.867,470.28,239.5,3.113,58.688,58.77
2937,97.9,470.04,241.42,-4.923,61.258,61.456
2938,97.933,469.49,243.59,-15.208,61.163,63.025
2939,97.967,469.77,245.72,-27.56,59.426,65.505
2940,98.0,470.41,247.16,-40.673,57.229,70.21
2941,98.033,469.55,248.23,-54.295,54.042,76.606
2942,98.067,465.57,251.23,-65.108,49.419,81.739
2943,98.1,463.41,252.84,-74.602,46.197,87.747
2944,98.133,461.72,254.94,-82.218,42.114,92.376
2945,98.167,459.89,257.62,-86.569,39.457,95.137
2946,98.2,455.52,258.58,-86.671,36.284,93.96
2947,98.233,450.96,259.09,-83.861,32.925,90.093
2948,98.267,445.16,259.95,-79.383,29.528,84.697
2949,98.3,441.93,259.28,-74.3,27.122,79.096
2950,98.333,438.33,259.24,-68.627,24.756,72.955
2951,98.367,436.32,258.33,-61.585,22.823,65.678
2952,98.4,433.71,259.0,-54.276,22.076,58.594
2953,98.433,434.03,262.7,-46.335,21.666,51.15
2954,98.467,433.84,265.0,-37.694,20.913,43.107
2955,98.5,434.68,264.96,-29.519,20.034,35.675
2956,98.533,436.89,265.32,-22.39,19.608,29.763
2957,98.567,435.18,267.66,-17.352,18.81,25.592
2958,98.6,435.76,264.84,-12.54,17.984,21.924
2959,98.633,436.03,266.98,-8.61,16.808,18.885
2960,98.667,435.04,265.03,-6.216,14.656,15.92
2961,98.7,432.77,266.69,-5.761,11.645,12.993
2962,98.733,430.5,268.42,-6.15,8.131,10.195
2963,98.767,428.87,270.44,-7.053,4.832,8.549
2964,98.8,428.32,269.63,-7.248,1.5,7.402
2965,98.833,429.74,269.61,-7.216,-1.248,7.323
2966,98.867,429.77,269.46,-6.312,-3.268,7.108
2967,98.9,430.39,268.01,-4.894,-3.726,6.151
2968,98.933,430.79,267.2,-2.245,-3.901,4.501
2969,98.967,430.56,267.4,0.587,-4.929,4.964
2970,99.0,430.8,267.05,4.132,-6.372,7.595
2971,99.033,430.06,265.85,7.601,-7.196,10.467
2972,99.067,431.57,267.17,9.497,-8.543,12.774
2973,99.1,432.17,265.73,11.564,-11.167,16.076
2974,99.133,432.17,265.72,12.427,-11.766,17.114
2975,99.167,432.19,266.65,11.874,-13.388,17.895
2976,99.2,432.24,266.37,10.489,-14.345,17.771
2977,99.233,432.28,266.65,8.986,-15.051,17.529
2978,99.267,432.54,265.83,8.236,-16.262,18.229
2979,99.3,432.9,264.9,8.066,-18.178,19.887
2980,99.333,433.12,264.34,8.691,-19.5,21.35
2981,99.367,433.45,263.31,8.291,-20.203,21.838
2982,99.4,434.01,261.84,7.016,-20.183,21.368
2983,99.433,434.72,262.26,4.702,-18.51,19.098
2984,99.467,435.29,261.84,1.423,-14.866,14.934
2985,99.5,434.89,260.66,-1.975,-9.958,10.152
2986,99.533,434.42,258.93,-4.636,-8.693,9.852
2987,99.567,434.44,259.47,-6.363,-3.027,7.046
2988,99.6,434.01,259.68,-8.264,4.229,9.283
2989,99.633,433.91,258.39,-10.265,14.119,17.456
2990,99.667,433.9,259.09,-12.014,25.343,28.046
2991,99.7,433.62,261.49,-13.622,37.103,39.525
2992,99.733,433.51,262.31,-14.31,48.171,50.251
2993,99.767,432.25,264.58,-14.651,58.792,60.59
2994,99.8,431.31,266.85,-14.645,70.729,72.23
2995,99.833,428.95,269.51,-14.182,82.359,83.571
2996,99.867,427.98,271.96,-13.88,89.672,90.739
2997,99.9,428.11,274.57,-13.007,94.976,95.862
2998,99.933,428.57,276.95,-11.726,98.26,98.958
2999,99.967,429.73,278.24,-10.253,97.342,97.88
3000,100.0,430.57,279.47,-8.766,92.797,93.21
3001,100.033,429.37,294.1,-7.164,84.921,85.222
3002,100.067,428.78,294.74,-5.183,74.721,74.901
3003,100.1,428.24,297.16,-3.055,62.047,62.122
3004,100.133,428.11,298.81,-0.824,49.148,49.155
3005,100.167,427.96,300.71,0.639,38.948,38.953
3006,100.2,428.37,301.55,1.165,29.892,29.915
3007,100.233,427.19,304.83,0.232,22.489,22.49
3008,100.267,427.2,305.87,-2.126,17.571,17.699
3009,100.3,427.21,301.5,-4.84,15.414,16.155
3010,100.333,426.89,297.41,-8.179,17.041,18.902
3011,100.367,428.32,300.47,-11.128,21.605,24.302
3012,100.4,428.4,299.16,-12.985,29.729,32.441
3013,100.433,428.32,297.75,-13.323,41.089,43.195
3014,100.467,428.03,299.18,-12.96,56.97,58.426
3015,100.5,427.56,301.08,-11.738,76.207,77.106
3016,100.533,427.42,305.11,-9.694,100.15,100.618
3017,100.567,426.55,310.85,-6.296,119.646,119.812
3018,100.6,425.05,318.24,-2.436,137.837,137.858
3019,100.633,423.3,324.09,2.263,154.917,154.934
3020,100.667,422.6,327.39,7.235,170.754,170.907
3021,100.7,421.9,334.26,12.045,184.27,184.663
3022,100.733,422.73,340.22,16.104,195.035,195.699
3023,100.767,423.88,347.71,19.623,201.28,202.235
3024,100.8,424.59,354.93,22.158,202.654,203.862
3025,100.833,426.61,360.65,23.692,202.594,203.974
3026,100.867,429.79,368.16,24.146,200.516,201.965
3027,100.9,431.91,374.89,22.5,193.333,194.638
3028,100.933,432.46,382.12,19.622,182.229,183.282
3029,100.967,434.33,385.94,15.548,170.279,170.988
3030,101.0,434.6,392.54,10.712,158.783,159.144
3031,101.033,433.87,395.73,5.068,147.434,147.521
3032,101.067,433.0,400.1,-1.297,136.56,136.567
3033,101.1,433.02,407.92,-7.89,125.021,125.27
3034,101.133,431.68,412.56,-14.151,112.631,113.517
3035,101.167,430.22,415.89,-19.074,100.175,101.975
3036,101.2,428.9,418.7,-22.687,90.261,93.069
3037,101.233,427.41,421.23,-24.536,80.293,83.958
3038,101.267,426.8,422.36,-25.137,70.934,75.256
3039,101.3,426.09,423.73,-24.509,62.144,66.802
3040,101.333,425.3,422.49,-21.924,54.248,58.51
3041,101.367,425.18,423.63,-18.41,47.593,51.029
3042,101.4,425.55,425.24,-14.79,42.409,44.914
3043,101.433,425.31,430.67,-11.75,36.585,38.426
3044,101.467,425.25,433.57,-8.629,30.603,31.796
3045,101.5,424.62,433.09,-6.438,26.507,27.277
3046,101.533,424.49,434.31,-4.667,22.481,22.96
3047,101.567,424.16,434.18,-2.874,19.641,19.851
3048,101.6,423.95,435.6,-1.165,17.656,17.694
3049,101.633,424.21,436.05,-0.494,14.931,14.939
3050,101.667,423.91,436.42,-0.111,11.401,11.401
3051,101.7,423.78,434.48,-0.328,7.789,7.796
3052,101.733,423.74,435.19,-0.718,4.491,4.548
3053,101.767,424.05,436.33,-1.346,0.616,1.48
3054,101.8,424.48,436.56,-2.136,-2.47,3.265
3055,101.833,423.9,436.05,-2.586,-5.492,6.071
3056,101.867,423.84,436.32,-2.415,-6.151,6.608
3057,101.9,423.22,433.64,-1.853,-5.971,6.251
3058,101.933,423.87,435.53,-1.19,-4.948,5.089
3059,101.967,424.16,435.8,-0.478,-4.997,5.02
3060,102.0,424.52,434.79,0.304,-5.129,5.138
3061,102.033,424.43,434.3,1.333,-4.612,4.8
3062,102.067,423.8,434.71,2.783,-3.642,4.584
3063,102.1,423.1,435.14,4.021,-2.469,4.718
3064,102.133,423.08,434.2,5.144,-1.877,5.476
3065,102.167,422.59,434.96,6.021,-1.543,6.216
3066,102.2,423.23,434.97,6.743,-1.638,6.939
3067,102.233,423.42,433.95,7.29,-0.613,7.316
3068,102.267,424.69,434.64,7.852,-0.246,7.856
3069,102.3,425.75,433.77,8.022,-1.098,8.097
3070,102.333,426.27,434.31,7.282,-2.179,7.601
3071,102.367,426.53,433.34,6.587,-2.35,6.994
3072,102.4,426.63,434.17,5.903,-2.865,6.562
3073,102.433,426.52,435.2,5.578,-1.432,5.759
3074,102.467,426.84,435.7,4.996,-0.997,5.094
3075,102.5,426.81,434.75,4.455,-0.756,4.519
3076,102.533,426.9,435.0,3.889,0.077,3.89
3077,102.567,425.87,433.64,2.665,1.355,2.99
3078,102.6,426.18,433.73,2.336,2.671,3.548
3079,102.633,426.32,433.75,2.414,3.745,4.455
3080,102.667,426.17,433.63,2.677,4.952,5.629
3081,102.7,426.34,433.71,2.973,5.876,6.585
3082,102.733,426.53,433.12,3.022,6.835,7.473
3083,102.767,426.21,434.13,2.575,7.942,8.349
3084,102.8,426.23,436.17,1.511,8.619,8.751
3085,102.833,427.29,437.24,0.02,9.401,9.401
3086,102.867,427.65,436.45,-1.789,10.482,10.634
3087,102.9,427.76,437.26,-4.039,12.64,13.269
3088,102.933,427.85,436.58,-6.325,14.713,16.015
3089,102.967,428.0,437.64,-8.492,16.057,18.164
3090,103.0,427.53,438.23,-10.464,17.263,20.187
3091,103.033,426.6,438.54,-12.305,18.35,22.094
3092,103.067,427.37,438.88,-14.117,18.324,23.131
3093,103.1,425.35,439.08,-14.876,19.036,24.159
3094,103.133,424.17,439.5,-15.204,20.384,25.43
3095,103.167,422.72,440.73,-14.977,21.742,26.401
3096,103.2,422.22,441.32,-14.203,22.829,26.886
3097,103.233,421.44,441.63,-12.949,22.435,25.903
3098,103.267,421.99,443.03,-11.223,24.19,26.666
3099,103.3,422.06,444.3,-8.872,26.079,27.547
3100,103.333,421.72,446.43,-6.052,27.139,27.806
3101,103.367,421.52,446.97,-3.594,27.421,27.655
3102,103.4,422.02,447.13,-1.424,28.22,28.256
3103,103.433,422.09,447.68,0.529,28.375,28.38
3104,103.467,422.32,448.88,2.152,28.623,28.703
3105,103.5,422.02,448.67,3.289,27.545,27.74
3106,103.533,422.23,449.63,4.047,26.156,26.467
3107,103.567,422.76,452.01,4.288,23.924,24.306
3108,103.6,422.63,452.63,3.437,20.78,21.063
3109,103.633,422.69,451.86,2.622,18.006,18.196
3110,103.667,422.55,451.99,1.819,14.924,15.034
3111,103.7,422.72,452.98,1.231,11.253,11.32
3112,103.733,422.74,457.52,0.797,7.166,7.21
3113,103.767,422.57,455.59,0.704,4.481,4.536
3114,103.8,422.48,455.51,0.63,3.122,3.185
3115,103.833,422.33,455.58,0.202,0.806,0.831
3116,103.867,422.51,455.66,-0.112,-2.09,2.093
3117,103.9,422.8,454.46,-0.373,-4.671,4.686
3118,103.933,422.88,453.72,-0.878,-7.03,7.085
3119,103.967,422.85,452.74,-1.263,-7.828,7.929
3120,104.0,422.58,453.2,-1.379,-9.091,9.195
3121,104.033,422.26,451.84,-1.322,-9.311,9.405
3122,104.067,422.74,451.89,-1.254,-9.446,9.529
3123,104.1,422.47,452.74,-1.448,-10.054,10.158
3124,104.133,422.53,451.45,-1.62,-10.52,10.644
3125,104.167,422.32,451.68,-1.905,-10.383,10.557
3126,104.2,422.47,452.26,-2.173,-9.344,9.593
3127,104.233,422.24,453.93,-2.497,-9.0,9.34
3128,104.267,422.17,452.52,-2.711,-9.028,9.426
3129,104.3,421.36,449.31,-2.963,-7.634,8.189
3130,104.333,421.64,450.75,-3.425,-5.868,6.794
3131,104.367,421.57,450.8,-3.615,-4.635,5.878
3132,104.4,421.78,450.4,-3.553,-4.492,5.727
3133,104.433,422.1,451.05,-3.928,-5.73,6.947
3134,104.467,422.05,448.37,-3.918,-5.639,6.867
3135,104.5,421.32,449.02,-3.963,-5.376,6.678
3136,104.533,421.21,448.26,-3.706,-5.595,6.711
3137,104.567,421.0,448.68,-3.325,-5.507,6.433
3138,104.6,420.86,448.62,-2.961,-4.938,5.758
3139,104.633,420.69,448.6,-2.537,-4.067,4.794
3140,104.667,420.66,449.54,-2.084,-2.284,3.092
3141,104.7,420.67,449.58,-1.542,-0.859,1.765
3142,104.733,420.54,452.82,-1.078,0.468,1.175
3143,104.767,420.09,450.49,-0.504,0.245,0.561
3144,104.8,420.15,448.88,0.068,0.292,0.3
3145,104.833,420.82,447.13,0.952,1.174,1.512
3146,104.867,420.81,446.49,1.486,1.641,2.214
3147,104.9,420.41,446.89,1.949,1.992,2.787
3148,104.933,421.4,450.33,2.072,2.327,3.115
3149,104.967,420.81,448.23,1.883,2.464,3.101
3150,105.0,421.11,448.65,1.663,2.566,3.058
3151,105.033,420.93,449.31,1.66,2.294,2.832
3152,105.067,421.29,450.72,1.695,2.25,2.817
3153,105.1,421.1,450.86,1.601,1.936,2.512
3154,105.133,421.34,449.89,1.455,2.124,2.575
3155,105.167,421.33,449.27,1.352,2.081,2.482
3156,105.2,421.4,449.92,1.214,0.741,1.422
3157,105.233,421.36,449.33,0.974,-0.131,0.983
3158,105.267,421.17,449.88,0.996,-5.153,5.248
3159,105.3,420.9,449.25,0.649,-8.212,8.238
3160,105.333,420.77,450.29,0.091,-9.381,9.381
3161,105.367,421.12,449.78,-0.76,-8.312,8.347
3162,105.4,421.26,449.25,-1.678,-6.163,6.388
3163,105.433,421.72,448.66,-2.034,-3.623,4.155
3164,105.467,421.94,446.63,-2.464,-2.595,3.578
3165,105.5,421.7,448.01,-2.573,-1.019,2.767
3166,105.533,421.6,447.72,-2.035,0.881,2.218
3167,105.567,421.29,447.66,-0.923,2.423,2.593
3168,105.6,421.42,447.72,0.636,3.258,3.32
3169,105.633,421.4,446.41,2.79,3.715,4.647
3170,105.667,421.25,446.56,5.537,4.34,7.035
3171,105.7,421.11,448.47,8.07,2.923,8.583
3172,105.733,421.07,447.64,11.03,2.838,11.389
3173,105.767,420.27,453.7,14.745,6.453,16.095
3174,105.8,421.48,453.07,18.644,9.466,20.909
3175,105.833,422.58,451.91,22.844,12.282,25.936
3176,105.867,423.55,450.02,27.311,14.121,30.745
3177,105.9,425.05,449.47,31.47,15.312,34.998
3178,105.933,426.11,449.44,34.969,15.657,38.314
3179,105.967,427.21,449.52,37.751,15.463,40.795
3180,106.0,429.35,450.77,39.638,15.857,42.692
3181,106.033,430.23,450.63,40.589,15.043,43.287
3182,106.067,431.74,451.54,40.588,14.35,43.05
3183,106.1,432.95,452.1,39.917,13.415,42.111
3184,106.133,434.32,452.86,38.122,11.926,39.944
3185,106.167,435.01,453.88,35.881,11.442,37.661
3186,106.2,437.65,461.28,33.345,11.454,35.257
3187,106.233,438.99,461.39,30.995,11.162,32.944
3188,106.267,439.21,455.44,28.828,11.683,31.105
3189,106.3,440.33,455.45,27.663,9.208,29.155
3190,106.333,441.05,455.5,26.681,6.431,27.445
3191,106.367,441.28,455.05,25.498,3.299,25.711
3192,106.4,441.68,454.94,24.648,1.086,24.672
3193,106.433,442.66,455.41,23.968,-0.447,23.972
3194,106.467,443.04,455.64,23.721,-1.432,23.764
3195,106.5,443.56,455.59,24.008,-2.04,24.095
3196,106.533,444.54,456.35,24.331,-2.472,24.457
3197,106.567,445.58,455.81,25.092,-2.045,25.175
3198,106.6,446.5,455.89,25.828,-1.169,25.855
3199,106.633,448.38,456.96,26.057,0.665,26.066
3200,106.667,449.41,456.84,24.997,2.514,25.123
3201,106.7,450.62,456.89,25.703,4.321,26.064
3202,106.733,451.17,456.58,24.894,0.077,24.894
3203,106.767,451.97,456.6,26.349,-3.651,26.601
3204,106.8,452.41,456.68,29.439,-3.33,29.627
3205,106.833,452.93,456.3,32.561,-1.404,32.591
3206,106.867,454.63,457.09,35.923,1.471,35.953
3207,106.9,455.75,456.96,39.754,6.801,40.332
3208,106.933,456.86,456.73,42.776,13.035,44.718
3209,106.967,457.93,456.68,44.878,19.654,48.993
3210,107.0,458.89,457.44,46.728,26.844,53.89
3211,107.033,459.62,457.74,47.647,34.477,58.812
3212,107.067,460.51,458.2,49.061,41.363,64.171
3213,107.1,461.78,458.81,50.383,47.386,69.166
3214,107.133,464.76,458.66,50.89,51.669,72.522
3215,107.167,470.65,460.55,49.692,53.342,72.902
3216,107.2,471.51,462.96,48.257,53.853,72.311
3217,107.233,477.59,471.91,46.281,52.775,70.193
3218,107.267,476.32,473.86,44.659,50.459,67.384
3219,107.3,475.77,475.16,43.191,46.787,63.675
3220,107.333,476.81,476.54,46.166,43.77,63.617
3221,107.367,477.1,478.95,43.413,37.379,57.288
3222,107.4,476.63,477.88,43.038,30.007,52.466
3223,107.433,478.58,478.74,44.561,22.497,49.918
3224,107.467,480.57,479.38,46.329,15.514,48.858
3225,107.5,481.98,478.78,49.205,10.246,50.261
3226,107.533,485.38,477.37,52.177,6.422,52.57
3227,107.567,485.55,476.27,55.015,4.122,55.17
3228,107.6,486.36,475.9,58.103,3.631,58.216
3229,107.633,489.01,476.75,62.382,6.151,62.684
3230,107.667,493.34,478.66,66.246,11.015,67.155
3231,107.7,495.98,478.71,70.062,19.14,72.629
3232,107.733,499.46,479.54,75.369,29.314,80.869
3233,107.767,502.11,480.35,76.898,36.608,85.167
3234,107.8,505.36,481.64,79.005,43.063,89.979
3235,107.833,497.94,478.09,80.96,48.245,94.245
3236,107.867,513.3,484.54,81.674,51.22,96.406
3237,107.9,513.02,487.05,81.323,51.534,96.277
3238,107.933,512.61,489.83,82.53,50.863,96.944
3239,107.967,515.08,492.7,80.988,48.258,94.275
3240,108.0,515.45,493.8,78.497,43.727,89.855
3241,108.033,517.92,494.98,76.358,38.205,85.383
3242,108.067,522.05,496.95,72.235,32.081,79.039
3243,108.1,526.67,498.97,68.216,26.135,73.051
3244,108.133,529.92,498.44,64.348,20.267,67.464
3245,108.167,535.41,500.55,60.558,14.518,62.274
3246,108.2,535.58,498.55,54.714,8.113,55.312
3247,108.233,534.74,497.08,48.095,2.328,48.151
3248,108.267,537.71,496.44,41.092,-2.824,41.189
3249,108.3,537.42,495.48,33.139,-7.448,33.965
3250,108.333,537.79,494.97,23.921,-11.998,26.761
3251,108.367,538.82,495.9,21.762,-11.875,24.791
3252,108.4,540.5,496.12,16.276,-11.532,19.948
3253,108.433,537.28,495.96,11.869,-11.031,16.203
3254,108.467,541.05,496.0,10.773,-9.597,14.428
3255,108.5,541.83,496.05,9.788,-8.595,13.026
3256,108.533,540.12,495.45,11.137,-7.234,13.28
3257,108.567,540.83,495.64,15.068,-5.466,16.029
3258,108.6,540.74,495.02,19.13,-4.751,19.711
3259,108.633,541.05,494.92,22.756,-5.223,23.347
3260,108.667,540.21,494.15,25.948,-5.737,26.575
3261,108.7,542.3,494.08,26.668,-7.746,27.77
3262,108.733,544.04,493.61,27.716,-9.48,29.292
3263,108.767,544.43,492.97,28.796,-10.11,30.519
3264,108.8,547.3,493.24,28.206,-9.583,29.789
3265,108.833,551.52,495.18,28.088,-7.675,29.118
3266,108.867,552.07,494.23,28.273,-4.355,28.607
3267,108.9,550.51,492.53,26.845,-1.074,26.867
3268,108.933,552.28,493.52,23.291,2.13,23.388
3269,108.967,550.3,492.03,21.03,5.439,21.722
3270,109.0,552.69,492.27,16.189,8.68,18.369
3271,109.033,553.5,492.14,11.256,11.426,16.039
3272,109.067,551.67,491.46,6.808,13.838,15.421
3273,109.1,552.39,492.68,2.301,15.719,15.886
3274,109.133,552.66,493.75,-1.525,17.557,17.623
3275,109.167,553.07,494.96,-3.5,19.098,19.416
3276,109.2,553.97,496.51,-3.709,20.42,20.754
3277,109.233,552.92,498.77,-3.209,21.034,21.278
3278,109.267,553.76,499.83,-2.432,21.272,21.411
3279,109.3,554.37,500.19,0.709,21.542,21.554
3280,109.333,553.0,500.34,4.007,21.228,21.603
3281,109.367,550.61,499.7,6.656,19.694,20.788
3282,109.4,551.27,500.06,9.848,17.94,20.466
3283,109.433,552.59,500.69,14.082,16.93,22.021
3284,109.467,552.79,501.03,18.627,15.956,24.526
3285,109.5,555.08,501.15,24.936,15.606,29.417
3286,109.533,554.73,501.84,29.46,15.226,33.162
3287,109.567,556.45,502.89,34.014,15.216,37.262
3288,109.6,558.31,503.57,39.855,15.783,42.866
3289,109.633,560.45,503.82,45.957,16.392,48.793
3290,109.667,560.29,503.84,52.12,16.647,54.713
3291,109.7,562.23,504.3,57.707,16.413,59.995
3292,109.733,564.29,505.26,62.526,15.68,64.462
3293,109.767,568.06,506.19,68.072,13.564,69.41
3294,109.8,569.19,506.77,73.376,10.809,74.168
3295,109.833,572.26,507.99,77.266,8.096,77.689
3296,109.867,574.43,508.4,80.967,5.907,81.182
3297,109.9,576.49,509.26,85.799,5.032,85.947
3298,109.933,580.04,509.48,90.484,4.802,90.611
3299,109.967,581.79,508.24,92.857,5.085,92.996
3300,110.0,583.87,508.0,94.305,5.618,94.472
3301,110.033,589.54,507.78,93.349,6.294,93.561
3302,110.067,592.7,507.15,91.203,6.773,91.454
3303,110.1,595.89,507.13,87.648,7.576,87.974
3304,110.133,598.69,506.61,82.825,9.496,83.368
3305,110.167,601.76,507.08,78.091,11.606,78.949
3306,110.2,605.8,508.02,74.811,14.601,76.222
3307,110.233,609.4,508.83,72.492,17.564,74.589
3308,110.267,611.26,510.78,71.195,20.373,74.053
3309,110.3,612.23,512.5,68.217,22.172,71.73
3310,110.333,614.74,513.74,66.598,22.829,70.403
3311,110.367,616.38,514.31,64.931,21.764,68.482
3312,110.4,616.48,514.02,63.405,19.812,66.428
3313,110.433,615.79,514.07,62.542,16.692,64.731
3314,110.467,618.63,513.81,62.215,12.308,63.421
3315,110.5,620.12,514.22,63.579,7.823,64.059
3316,110.533,622.94,515.39,66.866,3.241,66.944
3317,110.567,627.0,517.29,70.351,-1.507,70.367
3318,110.6,631.07,517.77,73.4,-5.721,73.623
3319,110.633,635.85,516.06,74.876,-9.019,75.417
3320,110.667,637.98,515.99,76.031,-11.546,76.903
3321,110.7,639.82,514.23,76.021,-13.178,77.155
3322,110.733,640.91,513.4,75.696,-13.932,76.967
3323,110.767,641.32,511.64,74.389,-13.912,75.679
3324,110.8,645.78,511.05,72.152,-13.851,73.47
3325,110.833,646.93,510.99,68.835,-13.254,70.1
3326,110.867,649.24,511.59,64.797,-12.509,65.993
3327,110.9,652.5,511.22,60.01,-11.088,61.026
3328,110.933,655.65,510.76,55.69,-8.97,56.408
3329,110.967,657.79,511.14,51.156,-5.935,51.499
3330,111.0,659.14,511.17,47.252,-1.725,47.284
3331,111.033,659.55,510.88,45.343,2.014,45.387
3332,111.067,658.43,511.25,44.017,6.562,44.504
3333,111.1,659.49,511.36,42.903,9.479,43.937
3334,111.133,663.1,510.56,41.517,10.186,42.748
3335,111.167,664.76,511.24,38.725,10.799,40.203
3336,111.2,668.08,511.53,35.509,10.241,36.957
3337,111.233,667.91,511.7,31.652,8.907,32.881
3338,111.267,667.8,512.49,25.539,6.841,26.439
3339,111.3,668.36,513.88,22.612,5.336,23.233
3340,111.333,670.48,514.02,20.489,4.165,20.908
3341,111.367,670.41,514.91,20.664,3.64,20.982
3342,111.4,670.88,514.92,20.956,4.068,21.348
3343,111.433,670.7,515.58,22.155,5.76,22.891
3344,111.467,674.88,515.31,23.616,8.212,25.003
3345,111.5,675.45,514.26,24.987,10.804,27.223
3346,111.533,674.36,515.91,26.705,13.635,29.984
3347,111.567,674.93,513.14,29.948,17.504,34.688
3348,111.6,674.69,512.99,33.571,22.211,40.254
3349,111.633,674.55,514.96,38.436,26.795,46.855
3350,111.667,675.07,514.96,42.18,31.848,52.853
3351,111.7,675.7,515.75,45.673,36.75,58.622
3352,111.733,677.65,518.19,47.708,41.741,63.391
3353,111.767,686.49,521.03,47.301,46.633,66.423
3354,111.8,686.93,523.41,46.005,50.387,68.23
3355,111.833,687.66,526.33,44.765,53.568,69.81
3356,111.867,687.51,528.77,40.658,55.459,68.766
3357,111.9,690.99,529.68,36.524,55.771,66.666
3358,111.933,691.54,530.28,31.21,54.631,62.918
3359,111.967,692.13,531.89,25.843,51.736,57.831
3360,112.0,693.42,534.04,18.268,47.45,50.845
3361,112.033,693.89,536.41,9.753,42.863,43.958
3362,112.067,691.77,537.3,1.462,37.31,37.339
3363,112.1,693.82,537.15,-7.818,33.142,34.051
3364,112.133,692.25,538.65,-15.981,28.717,32.864
3365,112.167,691.74,539.9,-23.539,23.87,33.524
3366,112.2,689.77,540.82,-30.132,18.878,35.557
3367,112.233,686.59,541.0,-35.221,15.156,38.343
3368,112.267,688.42,541.1,-37.979,11.39,39.65
3369,112.3,687.99,542.43,-43.027,7.2,43.626
3370,112.333,684.64,541.0,-46.666,2.548,46.736
3371,112.367,685.55,541.36,-49.409,-2.423,49.469
3372,112.4,682.69,541.21,-49.066,-7.867,49.693
3373,112.433,681.89,541.38,-48.775,-12.851,50.439
3374,112.467,680.0,541.49,-46.65,-16.935,49.628
3375,112.5,677.7,541.96,-43.442,-20.133,47.88
3376,112.533,675.47,541.57,-39.769,-22.997,45.939
3377,112.567,673.07,539.66,-35.54,-25.993,44.031
3378,112.6,672.86,537.18,-29.515,-28.143,40.782
3379,112.633,670.13,536.75,-23.991,-28.263,37.072
3380,112.667,669.76,535.01,-17.756,-28.204,33.328
3381,112.7,669.95,535.37,-11.681,-28.198,30.522
3382,112.733,670.92,532.94,-5.649,-27.754,28.323
3383,112.767,670.1,531.73,1.323,-26.803,26.836
3384,112.8,670.95,530.93,6.607,-25.628,26.466
3385,112.833,671.34,530.88,9.987,-24.621,26.569
3386,112.867,673.51,530.03,13.558,-22.524,26.289
3387,112.9,672.53,529.83,14.92,-20.057,24.998
3388,112.933,674.05,529.52,15.457,-17.29,23.192
3389,112.967,673.75,529.36,15.093,-14.651,21.034
3390,113.0,674.5,528.62,13.12,-12.184,17.905
3391,113.033,675.23,528.38,10.441,-10.685,14.939
3392,113.067,675.68,528.66,7.526,-9.806,12.361
3393,113.1,675.77,528.2,4.911,-8.71,9.999
3394,113.133,675.56,526.04,1.789,-7.206,7.425
3395,113.167,675.05,525.84,-0.389,-6.365,6.377
3396,113.2,674.5,526.26,-2.306,-5.339,5.815
3397,113.233,674.66,525.73,-4.207,-4.918,6.472
3398,113.267,674.27,525.56,-5.724,-4.215,7.109
3399,113.3,673.65,526.22,-6.126,-3.764,7.19
3400,113.333,674.51,526.25,-6.404,-3.279,7.194
3401,113.367,673.97,526.25,-6.349,-3.274,7.143
3402,113.4,673.78,525.93,-6.979,-2.602,7.449
3403,113.433,674.15,525.84,-6.829,-2.175,7.167
3404,113.467,672.48,525.97,-6.477,-2.15,6.824
3405,113.5,673.24,525.7,-6.075,-2.229,6.471
3406,113.533,673.29,526.05,-6.166,-2.405,6.618
3407,113.567,673.0,525.89,-5.999,-2.868,6.649
3408,113.6,672.64,525.16,-6.328,-3.66,7.31
3409,113.633,672.29,524.86,-6.246,-4.325,7.598
3410,113.667,672.2,525.01,-5.669,-4.653,7.334
3411,113.7,672.32,524.78,-4.435,-5.227,6.855
3412,113.733,673.03,523.77,-2.127,-6.497,6.836
3413,113.767,672.19,523.58,0.245,-7.378,7.382
3414,113.8,671.54,524.08,2.561,-8.107,8.502
3415,113.833,671.58,524.03,6.906,-9.432,11.69
3416,113.867,671.79,524.47,10.561,-10.975,15.231
3417,113.9,672.16,523.1,14.02,-12.562,18.825
3418,113.933,672.7,522.73,17.457,-14.008,22.383
3419,113.967,671.88,522.8,20.072,-15.62,25.434
3420,114.0,673.08,521.97,22.33,-17.353,28.28
3421,114.033,675.05,521.6,23.633,-18.881,30.249
3422,114.067,675.49,521.21,24.704,-21.085,32.478
3423,114.1,677.87,520.02,25.12,-23.445,34.361
3424,114.133,678.89,517.93,25.488,-25.272,35.893
3425,114.167,679.96,517.33,25.384,-26.371,36.603
3426,114.2,681.01,516.69,25.849,-28.258,38.298
3427,114.233,681.09,516.59,25.461,-29.022,38.607
3428,114.267,682.35,515.19,24.186,-29.113,37.849
3429,114.3,684.64,513.93,22.475,-28.07,35.959
3430,114.333,682.26,513.32,21.381,-27.16,34.566
3431,114.367,683.03,512.5,21.064,-26.559,33.898
3432,114.4,683.89,511.31,21.909,-26.865,34.666
3433,114.433,683.84,509.97,24.435,-27.673,36.917
3434,114.467,684.47,509.14,29.188,-29.282,41.344
3435,114.5,686.68,508.03,35.778,-31.506,47.672
3436,114.533,688.41,506.56,43.064,-33.63,54.64
3437,114.567,689.11,506.43,50.106,-36.091,61.751
3438,114.6,691.13,505.98,56.853,-38.421,68.618
3439,114.633,692.25,504.91,60.867,-38.766,72.163
3440,114.667,694.66,502.92,64.921,-39.08,75.776
3441,114.7,694.66,503.92,67.972,-39.467,78.599
3442,114.733,697.55,501.22,70.034,-39.991,80.648
3443,114.767,700.47,499.96,71.769,-41.358,82.833
3444,114.8,705.09,496.53,71.81,-42.492,83.44
3445,114.833,708.79,494.13,68.986,-43.565,81.59
3446,114.867,712.37,492.05,65.208,-44.553,78.975
3447,114.9,715.43,490.33,59.812,-45.176,74.955
3448,114.933,717.05,489.85,53.537,-45.528,70.278
3449,114.967,716.17,489.89,46.549,-44.619,64.48
3450,115.0,716.5,489.51,38.747,-41.964,57.117
3451,115.033,716.58,488.7,30.269,-38.393,48.89
3452,115.067,716.58,488.63,21.677,-34.339,40.608
3453,115.1,717.4,487.6,13.635,-30.286,33.214
3454,115.133,721.63,482.35,5.864,-26.135,26.785
3455,115.167,720.87,481.75,-0.665,-22.289,22.299
3456,115.2,721.2,480.47,-6.527,-16.849,18.069
3457,115.233,720.63,479.43,-10.16,-11.921,15.664
3458,115.267,718.62,479.57,-12.053,-7.671,14.287
3459,115.3,717.38,479.16,-12.787,-5.365,13.867
3460,115.333,716.58,479.72,-12.82,-0.963,12.856
3461,115.367,716.94,480.21,-12.38,0.117,12.381
3462,115.4,716.92,480.65,-11.695,-0.983,11.736
3463,115.433,715.51,482.27,-11.508,-3.484,12.024
3464,115.467,715.31,482.45,-11.449,-7.834,13.873
3465,115.5,716.06,480.54,-10.563,-13.573,17.199
3466,115.533,715.86,479.86,-9.553,-19.995,22.16
3467,115.567,715.28,480.45,-7.666,-27.218,28.277
3468,115.6,715.09,480.62,-4.972,-35.475,35.822
3469,115.633,715.05,480.12,-1.72,-43.974,44.007
3470,115.667,714.61,480.55,-0.402,-50.034,50.036
3471,115.7,714.81,476.99,0.965,-55.051,55.06
3472,115.733,715.33,472.3,1.53,-58.272,58.292
3473,115.767,714.91,469.79,1.778,-59.537,59.564
3474,115.8,715.88,468.2,2.275,-59.162,59.205
3475,115.833,715.69,458.64,2.975,-56.827,56.905
3476,115.867,715.75,459.25,3.657,-52.575,52.702
3477,115.9,715.11,459.17,3.866,-47.239,47.397
3478,115.933,715.22,458.66,3.917,-41.082,41.268
3479,115.967,715.02,459.12,4.333,-34.756,35.025
3480,116.0,715.27,458.85,4.9,-28.404,28.823
3481,116.033,716.4,457.67,4.732,-20.964,21.492
3482,116.067,716.44,457.48,3.199,-13.227,13.608
3483,116.1,716.79,457.52,3.17,-6.786,7.49
3484,116.133,716.66,457.22,3.647,-1.392,3.903
3485,116.167,716.97,457.15,3.314,3.371,4.727
3486,116.2,716.83,457.15,2.942,5.664,6.383
3487,116.233,717.07,456.98,2.779,6.648,7.205
3488,116.267,716.74,457.09,2.554,7.304,7.738
3489,116.3,716.82,457.17,2.495,7.068,7.496
3490,116.333,716.76,457.35,2.141,4.355,4.852
3491,116.367,717.11,456.4,1.949,3.829,4.296
3492,116.4,717.34,456.71,0.123,3.43,3.433
3493,116.433,716.98,457.27,-0.721,1.466,1.634
3494,116.467,717.04,457.05,-0.346,-2.571,2.594
3495,116.5,716.6,457.35,0.335,-8.641,8.648
3496,116.533,716.86,457.0,1.209,-16.372,16.417
3497,116.567,720.04,456.64,2.377,-25.156,25.268
3498,116.6,717.8,457.52,4.709,-35.151,35.465
3499,116.633,716.47,457.01,7.567,-45.57,46.194
3500,116.667,717.87,454.27,12.315,-57.611,58.912
3501,116.7,718.79,452.0,18.123,-69.437,71.763
3502,116.733,718.81,449.84,24.664,-81.095,84.762
3503,116.767,718.89,446.73,30.832,-92.708,97.7
3504,116.8,719.51,442.22,36.171,-102.56,108.751
3505,116.833,719.72,439.42,40.185,-111.749,118.755
3506,116.867,719.91,436.77,42.833,-119.949,127.368
3507,116.9,724.77,429.2,43.751,-126.06,133.436
3508,116.933,726.15,424.24,42.995,-131.024,137.898
3509,116.967,726.3,420.77,40.862,-133.92,140.016
3510,117.0,728.9,416.42,37.405,-134.255,139.368
3511,117.033,732.16,412.02,33.547,-133.282,137.439
3512,117.067,734.61,407.89,29.022,-129.763,132.969
3513,117.1,735.99,403.98,22.212,-123.882,125.858
3514,117.133,738.13,398.54,15.853,-116.886,117.956
3515,117.167,736.98,397.04,10.214,-108.965,109.443
3516,117.2,735.47,392.77,4.288,-99.384,99.477
3517,117.233,733.43,389.24,-2.332,-85.963,85.994
3518,117.267,731.94,387.4,-7.764,-73.599,74.008
3519,117.3,731.2,382.41,-11.862,-62.866,63.976
3520,117.333,730.78,380.28,-14.492,-53.288,55.224
3521,117.367,730.43,378.46,-15.197,-46.292,48.723
3522,117.4,730.41,376.67,-14.042,-41.541,43.85
3523,117.433,730.46,377.04,-13.103,-36.59,38.865
3524,117.467,730.9,376.04,-11.101,-32.842,34.667
3525,117.5,731.48,374.95,-6.932,-31.037,31.802
3526,117.533,731.14,376.45,-1.656,-31.424,31.468
3527,117.567,731.09,376.17,3.269,-32.711,32.874
3528,117.6,731.15,375.7,8.122,-36.191,37.091
3529,117.633,731.08,375.27,12.989,-41.477,43.463
3530,117.667,731.03,374.89,16.475,-46.338,49.18
3531,117.7,731.12,373.87,19.362,-51.663,55.172
3532,117.733,733.3,364.6,22.288,-58.357,62.468
3533,117.767,733.37,362.05,25.182,-65.262,69.952
3534,117.8,733.84,360.41,27.503,-71.695,76.789
3535,117.833,734.18,358.71,29.45,-77.354,82.77
3536,117.867,734.65,357.96,30.233,-80.997,86.456
3537,117.9,736.47,355.19,30.095,-83.179,88.456
3538,117.933,738.11,351.64,28.997,-83.599,88.485
3539,117.967,740.06,348.79,26.883,-82.259,86.54
3540,118.0,741.3,345.75,24.052,-78.873,82.459
3541,118.033,741.95,344.14,20.445,-74.384,77.143
3542,118.067,743.79,340.04,16.611,-70.28,72.216
3543,118.1,744.35,338.88,12.806,-66.291,67.516
3544,118.133,743.99,337.94,9.032,-62.328,62.979
3545,118.167,743.82,335.12,5.603,-58.231,58.5
3546,118.2,744.03,330.13,2.562,-54.617,54.677
3547,118.233,742.76,330.37,0.391,-52.374,52.376
3548,118.267,741.85,329.68,-1.974,-47.768,47.808
3549,118.3,741.8,326.65,-3.748,-42.312,42.477
3550,118.333,740.69,327.84,-4.785,-36.937,37.246
3551,118.367,741.02,325.58,-4.845,-32.039,32.403
3552,118.4,741.2,324.93,-3.698,-28.59,28.828
3553,118.433,741.53,324.79,-2.156,-25.494,25.585
3554,118.467,742.39,322.53,-0.269,-22.559,22.56
3555,118.5,742.58,320.24,1.201,-20.136,20.171
3556,118.533,742.8,320.03,2.612,-18.186,18.373
3557,118.567,743.06,320.13,4.354,-17.988,18.508
3558,118.6,742.89,320.86,5.239,-17.528,18.294
3559,118.633,742.93,321.22,5.375,-17.941,18.728
3560,118.667,742.82,320.13,4.961,-19.566,20.185
3561,118.7,743.22,318.47,3.95,-22.382,22.728
3562,118.733,743.02,317.53,1.839,-23.36,23.432
3563,118.767,742.89,318.04,-0.211,-25.229,25.229
3564,118.8,743.22,316.61,-1.663,-27.131,27.182
3565,118.833,743.31,315.62,-2.826,-27.165,27.312
3566,118.867,743.37,314.84,-2.964,-27.697,27.856
3567,118.9,743.1,314.34,-2.595,-27.907,28.027
3568,118.933,743.06,312.72,-1.88,-27.409,27.474
3569,118.967,742.8,311.23,-0.863,-26.395,26.409
3570,119.0,743.31,309.73,0.031,-24.217,24.217
3571,119.033,743.28,308.41,1.091,-20.206,20.236
3572,119.067,742.41,308.62,2.107,-16.028,16.166
3573,119.1,741.93,307.8,2.967,-11.417,11.796
3574,119.133,741.73,306.89,3.772,-7.026,7.974
3575,119.167,741.92,306.15,4.365,-3.372,5.516
3576,119.2,742.23,308.06,5.136,0.07,5.136
3577,119.233,743.51,307.71,5.442,4.704,7.193
3578,119.267,744.52,309.02,5.882,7.798,9.768
3579,119.3,744.72,309.63,6.153,9.997,11.739
3580,119.333,744.95,309.01,6.238,11.35,12.951
3581,119.367,744.96,309.02,6.046,11.636,13.113
3582,119.4,744.75,310.99,5.647,10.141,11.608
3583,119.433,744.9,311.21,5.212,7.11,8.816
3584,119.467,744.92,310.8,4.652,4.252,6.302
3585,119.5,744.99,311.03,3.991,2.652,4.792
3586,119.533,744.79,310.35,2.778,0.891,2.918
3587,119.567,744.78,311.34,1.423,-1.107,1.803
3588,119.6,744.77,311.19,0.529,-3.709,3.746
3589,119.633,744.93,310.86,0.089,-5.939,5.939
3590,119.667,745.34,310.99,-0.011,-6.941,6.941
3591,119.7,745.04,310.93,0.28,-6.842,6.847
3592,119.733,745.51,307.72,0.916,-6.563,6.626
3593,119.767,745.24,309.33,1.184,-4.675,4.822
3594,119.8,745.57,307.85,1.237,-2.419,2.717
3595,119.833,745.44,307.57,1.337,-0.529,1.438
3596,119.867,745.58,307.53,1.617,2.761,3.2
3597,119.9,745.52,309.35,1.752,6.256,6.496
3598,119.933,745.41,311.23,2.045,8.613,8.853
3599,119.967,745.27,311.13,2.379,9.477,9.771
3600,120.0,745.4,308.29,2.433,10.573,10.849
3601,120.033,745.81,308.39,2.448,10.092,10.385
3602,120.067,745.91,309.54,2.32,10.069,10.333
3603,120.1,745.84,310.9,2.432,7.224,7.623
3604,120.133,745.79,311.97,2.743,2.067,3.435
3605,120.167,746.09,312.02,3.451,-5.471,6.469
3606,120.2,746.16,312.81,3.995,-13.579,14.154
3607,120.233,746.31,312.84,4.539,-22.203,22.662
3608,120.267,746.9,311.31,5.799,-29.445,30.011
3609,120.3,747.09,309.8,7.324,-36.251,36.983
3610,120.333,747.25,309.75,8.552,-42.181,43.039
3611,120.367,746.85,306.54,9.483,-47.61,48.545
3612,120.4,747.21,304.4,9.658,-52.279,53.163
3613,120.433,747.24,301.99,8.882,-57.868,58.545
3614,120.467,747.08,301.3,7.132,-61.449,61.861
3615,120.5,747.78,297.02,5.159,-66.867,67.066
3616,120.533,748.05,295.28,2.551,-70.22,70.266
3617,120.567,749.08,289.34,-0.581,-71.265,71.268
3618,120.6,749.37,288.01,-3.759,-68.181,68.285
3619,120.633,749.78,287.39,-6.254,-65.004,65.304
3620,120.667,749.42,288.62,-7.659,-62.126,62.596
3621,120.7,749.69,286.53,-8.254,-58.94,59.515
3622,120.733,750.42,284.56,-7.863,-56.582,57.125
3623,120.767,748.35,282.83,-7.111,-52.494,52.974
3624,120.8,747.08,278.52,-5.893,-51.039,51.378
3625,120.833,745.85,276.15,-4.223,-49.72,49.899
3626,120.867,744.66,274.38,-2.229,-50.015,50.064
3627,120.9,744.02,272.69,0.425,-48.632,48.634
3628,120.933,744.23,273.55,3.134,-47.969,48.071
3629,120.967,745.26,267.1,5.79,-47.119,47.473
3630,121.0,745.4,270.78,8.506,-47.562,48.317
3631,121.033,746.8,271.89,10.895,-47.323,48.561
3632,121.067,748.47,271.06,12.866,-46.662,48.403
3633,121.1,750.16,263.59,14.093,-45.54,47.67
3634,121.133,751.01,262.32,14.812,-42.479,44.987
3635,121.167,751.06,261.69,14.806,-41.069,43.656
3636,121.2,751.16,260.38,14.338,-40.508,42.971
3637,121.233,750.76,260.26,13.075,-39.916,42.003
3638,121.267,751.52,253.46,10.659,-38.036,39.501
3639,121.3,751.41,256.82,7.987,-36.615,37.476
3640,121.333,751.32,256.04,5.412,-33.857,34.287
3641,121.367,751.22,256.73,3.31,-30.632,30.811
3642,121.4,750.74,252.98,2.023,-27.538,27.613
3643,121.433,750.55,253.0,1.57,-24.736,24.786
3644,121.467,750.78,251.54,1.567,-23.498,23.55
3645,121.5,751.08,251.12,2.036,-18.197,18.31
3646,121.533,751.29,250.4,3.505,-14.712,15.123
3647,121.567,751.99,247.74,5.15,-12.809,13.806
3648,121.6,752.41,250.69,6.587,-12.318,13.969
3649,121.633,752.65,247.2,7.256,-10.591,12.838
3650,121.667,752.87,250.59,7.83,-9.275,12.138
3651,121.7,753.09,250.38,8.142,-8.538,11.798
3652,121.733,753.15,250.94,8.104,-7.439,11.001
3653,121.767,752.92,248.12,8.26,-5.497,9.922
3654,121.8,753.77,247.95,7.833,-1.705,8.016
3655,121.833,754.04,246.94,7.011,1.229,7.118
3656,121.867,754.12,246.43,6.208,3.395,7.075
3657,121.9,754.17,247.04,5.468,5.7,7.899
3658,121.933,754.34,248.72,5.056,11.272,12.354
3659,121.967,755.09,250.87,4.775,15.309,16.037
3660,122.0,755.15,249.0,4.372,17.421,17.962
3661,122.033,754.89,248.76,4.218,16.722,17.246
3662,122.067,754.95,248.22,4.074,13.59,14.187
3663,122.1,755.0,247.78,3.08,8.555,9.093
3664,122.133,755.62,249.85,2.397,0.316,2.418
3665,122.167,755.01,251.47,1.719,-7.176,7.379
3666,122.2,755.15,253.19,1.06,-16.318,16.353
3667,122.233,755.49,253.64,0.112,-25.348,25.348
3668,122.267,755.24,250.58,-0.67,-34.531,34.538
3669,122.3,755.35,252.88,-1.015,-41.542,41.554
3670,122.333,755.92,251.2,-1.406,-46.881,46.902
3671,122.367,755.74,251.99,-1.94,-49.551,49.589
3672,122.4,755.41,248.01,-2.805,-50.454,50.532
3673,122.433,754.91,239.14,-3.277,-48.193,48.304
3674,122.467,754.7,234.61,-4.112,-44.791,44.98
3675,122.5,754.8,231.81,-5.518,-41.157,41.525
3676,122.533,753.96,230.39,-6.992,-35.01,35.701
3677,122.567,753.58,229.41,-8.661,-28.016,29.325
3678,122.6,754.78,231.74,-10.422,-19.682,22.27
3679,122.633,753.8,233.23,-12.116,-10.732,16.186
3680,122.667,753.35,234.57,-14.037,-2.033,14.184
3681,122.7,752.77,235.36,-15.814,4.3,16.388
3682,122.733,752.9,236.06,-17.346,8.648,19.382
3683,122.767,752.31,237.19,-18.791,10.833,21.69
3684,122.8,751.45,237.98,-20.073,12.536,23.666
3685,122.833,750.18,238.37,-19.435,14.238,24.092
3686,122.867,749.27,237.87,-21.918,7.765,23.253
3687,122.9,749.0,239.58,-25.037,-4.804,25.493
3688,122.933,747.13,237.06,-27.552,-16.795,32.268
3689,122.967,746.59,236.38,-29.351,-25.152,38.654
3690,123.0,745.9,235.8,-30.853,-31.211,43.886
3691,123.033,744.66,233.46,-32.473,-34.437,47.332
3692,123.067,744.14,232.76,-32.598,-32.507,46.036
3693,123.1,743.38,230.92,-32.207,-26.853,41.933
3694,123.133,742.37,230.23,-32.175,-20.086,37.93
3695,123.167,741.25,227.74,-31.557,-13.011,34.134
3696,123.2,740.69,228.88,-30.484,-6.991,31.275
3697,123.233,739.36,228.07,-28.847,-1.319,28.877
3698,123.267,737.92,227.51,-27.518,2.941,27.674
3699,123.3,736.81,226.67,-26.169,5.886,26.823
3700,123.333,730.44,216.41,-24.462,8.261,25.819
3701,123.367,734.2,227.05,-22.442,10.143,24.628
3702,123.4,735.18,235.02,-20.148,11.658,23.278
3703,123.433,734.22,235.07,-18.231,11.228,21.412
3704,123.467,733.21,235.65,-15.346,10.846,18.792
3705,123.5,732.97,237.98,-12.52,9.59,15.771
3706,123.533,733.68,239.76,-9.992,7.356,12.408
3707,123.567,731.98,235.24,-6.491,10.639,12.463
3708,123.6,731.84,231.91,-5.25,3.985,6.591
3709,123.633,731.76,229.26,-3.932,-1.376,4.166
3710,123.667,731.66,227.49,-1.763,-0.212,1.775
3711,123.7,731.41,228.17,-0.404,-0.472,0.621
3712,123.733,730.88,227.71,-0.354,-3.358,3.377
3713,123.767,731.27,229.77,-2.134,-13.211,13.383
3714,123.8,731.56,231.65,-2.324,-14.247,14.436
3715,123.833,731.3,232.05,-3.198,-15.252,15.583
3716,123.867,731.53,231.99,-1.66,-10.657,10.785
3717,123.9,731.53,231.98,-2.1,-8.686,8.936
3718,123.933,732.13,232.24,-4.798,-16.528,17.211
3719,123.967,731.33,232.08,-6.708,-20.888,21.939
3720,124.0,731.13,232.22,-7.705,-22.493,23.776
3721,124.033,731.29,232.31,-8.12,-23.37,24.741
3722,124.067,728.62,217.12,-8.418,-24.424,25.834
3723,124.1,732.2,234.5,-7.599,-22.827,24.058
3724,124.133,731.56,234.23,-6.104,-18.455,19.438
3725,124.167,728.4,218.14,-4.496,-11.754,12.584
3726,124.2,728.08,218.05,-2.827,-3.127,4.216
3727,124.233,728.3,218.46,-0.608,6.956,6.983
3728,124.267,731.31,235.04,3.49,23.74,23.996
3729,124.3,727.23,218.87,6.434,36.655,37.216
3730,124.333,726.91,218.39,8.237,45.05,45.797
3731,124.367,727.28,220.11,9.152,49.272,50.114
3732,124.4,727.92,220.17,9.137,49.294,50.134
3733,124.433,731.87,238.73,8.792,46.053,46.885
3734,124.467,732.08,239.18,6.717,38.031,38.619
3735,124.5,732.26,239.25,1.16,21.04,21.072
3736,124.533,732.44,239.8,-5.024,2.469,5.598
3737,124.567,732.14,240.42,-11.469,-17.336,20.787
3738,124.6,731.93,240.59,-16.068,-27.767,32.08
3739,124.633,731.03,239.69,-23.013,-44.773,50.341
3740,124.667,730.9,239.17,-29.901,-61.067,67.994
3741,124.7,730.75,238.81,-33.227,-63.442,71.616
3742,124.733,729.35,235.99,-36.148,-64.203,73.68
3743,124.767,723.99,217.88,-38.578,-63.15,74.001
3744,124.8,722.89,214.67,-41.912,-69.501,81.16
3745,124.833,721.62,211.86,-42.183,-67.115,79.27
3746,124.867,720.28,209.24,-40.861,-61.132,73.531
3747,124.9,718.35,207.35,-39.518,-56.072,68.598
3748,124.933,714.65,203.53,-33.8,-38.67,51.36
3749,124.967,712.59,203.12,-28.883,-28.227,40.385
3750,125.0,717.23,216.58,-23.33,-18.497,29.773
3751,125.033,717.4,218.68,-17.809,-9.186,20.039
3752,125.067,716.85,221.21,-12.265,-0.875,12.296
3753,125.1,715.33,221.26,-7.081,5.165,8.765
3754,125.133,716.67,222.45,-2.968,8.496,8.999
3755,125.167,717.22,221.24,0.535,8.977,8.993
3756,125.2,713.29,208.61,2.978,6.21,6.887
3757,125.233,713.71,207.99,3.594,-0.992,3.728
3758,125.267,714.26,208.03,2.523,-12.203,12.461
3759,125.3,714.82,208.52,2.891,-17.335,17.575
3760,125.333,714.68,208.59,3.092,-20.714,20.944
3761,125.367,715.41,209.51,3.069,-21.375,21.594
3762,125.4,720.36,222.01,2.948,-19.048,19.275
3763,125.433,715.52,208.04,2.536,-13.706,13.939
3764,125.467,715.78,208.63,3.027,-4.148,5.135
3765,125.5,715.29,209.49,4.3,8.287,9.336
3766,125.533,715.57,209.44,3.247,16.202,16.524
3767,125.567,714.96,208.87,1.018,22.61,22.633
3768,125.6,714.77,209.48,-2.596,25.565,25.696
3769,125.633,715.5,210.23,-6.646,25.48,26.333
3770,125.667,715.61,211.39,-11.545,21.816,24.683
3771,125.7,715.18,211.99,-17.275,16.034,23.569
3772,125.733,715.45,213.75,-20.598,14.328,25.092
3773,125.767,716.37,216.92,-23.345,12.354,26.412
3774,125.8,715.44,218.7,-25.393,10.028,27.302
3775,125.833,714.05,219.57,-27.162,7.052,28.063
3776,125.867,712.36,218.77,-28.343,3.763,28.592
3777,125.9,709.87,217.66,-28.839,0.53,28.844
3778,125.933,708.22,216.11,-31.891,-10.027,33.43
3779,125.967,706.86,215.02,-32.779,-15.093,36.087
3780,126.0,705.6,214.73,-33.846,-19.462,39.043
3781,126.033,703.51,212.82,-34.599,-22.982,41.536
3782,126.067,702.07,211.05,-34.982,-25.561,43.326
3783,126.1,702.27,211.05,-35.146,-26.679,44.125
3784,126.133,702.83,211.75,-35.321,-26.208,43.982
3785,126.167,702.02,211.68,-36.101,-23.563,43.11
3786,126.2,701.75,209.77,-37.314,-18.811,41.788
3787,126.233,700.06,208.7,-39.061,-12.243,40.935
3788,126.267,698.74,208.18,-41.052,-4.5,41.298
3789,126.3,696.8,207.8,-43.82,2.644,43.9
3790,126.333,695.48,208.21,-45.972,8.84,46.815
3791,126.367,694.28,209.24,-46.914,14.27,49.036
3792,126.4,691.74,209.22,-46.097,19.321,49.983
3793,126.433,690.04,210.23,-44.892,25.075,51.421
3794,126.467,687.75,211.47,-44.265,31.081,54.087
3795,126.5,686.3,212.37,-43.696,36.68,57.05
3796,126.533,684.7,212.97,-43.258,41.062,59.644
3797,126.567,682.01,214.87,-41.887,44.814,61.342
3798,126.6,680.39,217.57,-39.878,48.213,62.568
3799,126.633,679.16,219.98,-37.308,49.919,62.32
3800,126.667,678.41,221.35,-35.166,49.912,61.056
3801,126.7,678.01,222.03,-32.946,48.05,58.26
3802,126.733,679.02,223.41,-31.218,45.456,55.143
3803,126.767,679.24,224.28,-31.048,42.405,52.556
3804,126.8,679.71,226.01,-31.047,38.281,49.288
3805,126.833,678.59,228.47,-30.383,34.096,45.669
3806,126.867,675.89,230.43,-23.743,27.006,35.959
3807,126.9,670.91,232.6,-21.542,20.409,29.675
3808,126.933,668.92,232.02,-23.101,15.866,28.025
3809,126.967,668.83,231.76,-27.798,12.874,30.635
3810,127.0,668.09,231.75,-34.337,12.086,36.402
3811,127.033,667.95,231.92,-42.568,13.354,44.614
3812,127.067,667.05,232.18,-51.549,16.803,54.218
3813,127.1,666.78,231.94,-59.358,21.419,63.104
3814,127.133,664.8,232.85,-65.674,26.21,70.711
3815,127.167,663.45,232.74,-70.863,30.845,77.285
3816,127.2,661.46,233.27,-74.351,35.663,82.462
3817,127.233,659.14,233.86,-77.14,41.523,87.606
3818,127.267,660.56,233.93,-79.856,47.314,92.82
3819,127.3,659.13,235.82,-82.404,52.824,97.881
3820,127.333,655.9,236.6,-85.682,55.06,101.848
3821,127.367,635.88,245.19,-89.021,55.585,104.95
3822,127.4,633.71,248.57,-91.365,54.53,106.401
3823,127.433,633.1,250.42,-91.1,51.65,104.723
3824,127.467,632.44,252.75,-88.717,47.999,100.87
3825,127.5,631.51,253.24,-84.737,43.247,95.135
3826,127.533,631.22,253.77,-79.283,37.988,87.914
3827,127.567,630.71,253.95,-73.724,32.218,80.456
3828,127.6,628.64,254.41,-67.795,26.17,72.671
3829,127.633,625.64,255.26,-62.355,20.84,65.745
3830,127.667,623.52,256.09,-56.677,15.825,58.845
3831,127.7,619.84,256.43,-52.338,11.824,53.657
3832,127.733,617.89,254.64,-49.407,9.249,50.265
3833,127.767,615.6,253.27,-46.89,7.824,47.538
3834,127.8,613.18,251.89,-49.541,8.826,50.321
3835,127.833,611.86,256.54,-55.164,11.481,56.346
3836,127.867,610.56,257.79,-64.726,17.109,66.949
3837,127.9,609.06,258.67,-67.125,21.467,70.474
3838,127.933,607.92,258.99,-69.349,26.504,74.241
3839,127.967,606.12,259.53,-73.305,32.318,80.113
3840,128.0,603.06,261.19,-77.927,37.459,86.463
3841,128.033,599.69,262.11,-83.566,42.798,93.887
3842,128.067,597.53,263.53,-90.881,46.977,102.305
3843,128.1,594.54,265.19,-99.032,50.186,111.022
3844,128.133,591.32,266.1,-106.958,51.849,118.863
3845,128.167,586.73,267.35,-113.167,51.376,124.283
3846,128.2,583.61,269.0,-117.556,48.983,127.353
3847,128.233,580.41,270.1,-119.957,44.838,128.063
3848,128.267,574.06,272.82,-120.177,40.513,126.822
3849,128.3,572.1,274.77,-117.836,36.038,123.223
3850,128.333,566.22,277.63,-113.802,32.373,118.317
3851,128.367,562.84,279.62,-107.542,26.3,110.711
3852,128.4,556.72,281.35,-99.976,19.374,101.836
3853,128.433,551.66,281.17,-91.675,12.307,92.498
3854,128.467,549.81,280.15,-83.531,5.485,83.711
3855,128.5,546.4,279.8,-78.151,-0.641,78.153
3856,128.533,544.58,277.71,-73.57,-6.614,73.867
3857,128.567,544.58,277.31,-69.827,-11.819,70.82
3858,128.6,543.87,276.3,-67.718,-16.145,69.616
3859,128.633,543.29,275.79,-67.253,-19.074,69.905
3860,128.667,541.38,275.97,-68.186,-20.248,71.128
3861,128.7,538.63,275.52,-69.699,-19.695,72.429
3862,128.733,537.7,275.1,-71.025,-17.786,73.218
3863,128.767,535.23,274.02,-74.383,-13.549,75.607
3864,128.8,531.83,273.76,-76.05,-8.492,76.523
3865,128.833,530.25,273.08,-79.471,-2.934,79.525
3866,128.867,525.71,273.51,-80.437,2.311,80.47
3867,128.9,521.33,273.9,-79.722,6.778,80.01
3868,128.933,516.61,273.7,-75.812,10.055,76.475
3869,128.967,511.47,274.02,-69.75,12.601,70.879
3870,129.0,511.84,274.13,-62.167,14.578,63.853
3871,129.033,509.71,275.04,-52.417,15.449,54.646
3872,129.067,508.12,276.25,-41.654,16.34,44.745
3873,129.1,507.05,277.62,-30.558,16.929,34.934
3874,129.133,506.98,278.04,-21.278,17.219,27.373
3875,129.167,507.13,278.67,-13.363,16.731,21.412
3876,129.2,507.87,279.29,-6.082,15.308,16.472
3877,129.233,505.72,280.4,1.22,13.062,13.119
3878,129.267,508.61,279.71,6.022,10.261,11.898
3879,129.3,508.22,279.62,8.748,7.062,11.242
3880,129.333,511.91,279.94,9.633,3.825,10.365
3881,129.367,511.54,279.78,8.234,0.832,8.276
3882,129.4,510.35,279.94,4.54,-2.187,5.039
3883,129.433,508.69,279.83,0.054,-4.624,4.625
3884,129.467,509.27,279.59,-4.668,-6.329,7.865
3885,129.5,508.36,279.52,-8.746,-7.164,11.305
3886,129.533,507.24,279.81,-14.243,-6.797,15.782
3887,129.567,506.76,279.69,-19.631,-5.868,20.489
3888,129.6,504.53,278.56,-25.437,-5.133,25.95
3889,129.633,506.42,277.78,-30.943,-4.982,31.342
3890,129.667,506.68,277.64,-36.764,-5.132,37.12
3891,129.7,505.54,277.15,-42.079,-5.572,42.446
3892,129.733,502.42,277.09,-46.535,-6.314,46.961
3893,129.767,501.31,276.74,-48.496,-7.813,49.121
3894,129.8,499.77,277.43,-50.278,-9.123,51.099
3895,129.833,498.24,277.32,-51.448,-10.232,52.455
3896,129.867,494.96,277.71,-52.578,-11.048,53.726
3897,129.9,494.6,278.2,-51.589,-11.492,52.854
3898,129.933,492.07,277.59,-49.295,-11.852,50.699
3899,129.967,489.79,277.36,-45.151,-12.095,46.743
3900,130.0,488.0,276.44,-40.227,-12.291,42.063
3901,130.033,486.15,274.78,-34.372,-12.178,36.466
3902,130.067,483.91,273.2,-27.425,-12.252,30.038
3903,130.1,483.64,272.47,-20.168,-12.284,23.614
3904,130.133,482.92,272.07,-12.549,-12.228,17.521
3905,130.167,483.97,272.0,-6.931,-11.993,13.851
3906,130.2,484.41,271.86,-2.22,-11.666,11.875
3907,130.233,484.07,271.74,0.541,-11.335,11.348
3908,130.267,484.12,272.0,3.07,-11.182,11.596
3909,130.3,484.48,272.25,3.505,-11.102,11.642
3910,130.333,487.74,272.29,2.961,-11.59,11.962
3911,130.367,488.05,271.63,0.8,-12.315,12.341
3912,130.4,486.32,271.01,-1.462,-13.675,13.753
3913,130.433,486.56,270.47,-5.7,-16.075,17.055
3914,130.467,486.26,269.96,-8.522,-18.863,20.699
3915,130.5,485.32,269.7,-11.962,-22.628,25.595
3916,130.533,484.54,268.52,-15.453,-26.613,30.774
3917,130.567,482.89,267.53,-19.464,-30.141,35.879
3918,130.6,481.25,265.9,-23.012,-32.818,40.083
3919,130.633,480.94,265.09,-26.167,-34.614,43.392
3920,130.667,481.0,264.04,-28.758,-35.576,45.745
3921,130.7,478.57,262.47,-30.911,-35.24,46.875
3922,130.733,478.64,261.38,-31.955,-33.428,46.245
3923,130.767,477.08,260.29,-31.68,-30.287,43.828
3924,130.8,477.74,259.38,-30.27,-26.276,40.083
3925,130.833,476.44,258.4,-27.727,-21.673,35.192
3926,130.867,476.42,257.3,-25.695,-16.45,30.51
3927,130.9,475.55,256.39,-23.656,-10.869,26.033
3928,130.933,476.3,256.01,-20.13,-4.72,20.676
3929,130.967,471.6,255.41,-16.675,1.321,16.727
3930,131.0,470.83,256.1,-13.441,7.377,15.332
3931,131.033,469.11,256.55,-8.935,13.01,15.783
3932,131.067,469.51,257.26,-4.258,19.024,19.495
3933,131.1,470.07,258.31,-0.625,23.65,23.658
3934,131.133,470.2,259.52,2.975,26.64,26.806
3935,131.167,471.6,261.34,5.571,28.536,29.075
3936,131.2,472.35,262.32,7.339,29.007,29.922
3937,131.233,472.31,262.94,9.077,28.097,29.527
3938,131.267,472.77,263.6,10.529,26.307,28.336
3939,131.3,473.63,264.51,12.149,23.515,26.468
3940,131.333,474.37,265.48,12.373,19.64,23.212
3941,131.367,474.67,265.9,12.405,15.392,19.768
3942,131.4,475.6,267.02,11.139,11.041,15.683
3943,131.433,475.17,267.18,8.654,6.766,10.985
3944,131.467,475.68,268.1,4.145,2.952,5.089
3945,131.5,476.57,268.04,1.259,-0.124,1.265
3946,131.533,473.95,267.56,-0.921,-2.734,2.885
3947,131.567,472.05,264.79,-3.542,-4.92,6.063
3948,131.6,473.49,264.5,-4.82,-6.29,7.924
3949,131.633,473.45,265.52,-7.016,-7.618,10.357
3950,131.667,474.32,264.66,-9.318,-8.663,12.723
3951,131.7,474.11,264.39,-11.291,-9.149,14.532
3952,131.733,474.92,264.9,-13.332,-9.45,16.341
3953,131.767,473.78,264.28,-15.773,-9.588,18.458
3954,131.8,472.75,264.15,-17.39,-9.131,19.642
3955,131.833,472.4,264.59,-18.201,-8.208,19.966
3956,131.867,470.96,264.2,-19.104,-7.537,20.537
3957,131.9,470.26,263.95,-19.484,-6.731,20.614
3958,131.933,470.24,263.97,-19.345,-6.518,20.413
3959,131.967,470.34,263.29,-18.881,-6.696,20.033
3960,132.0,468.92,262.86,-18.538,-7.144,19.867
3961,132.033,466.21,262.12,-19.495,-8.25,21.169
3962,132.067,467.89,262.0,-18.746,-9.813,21.16
3963,132.1,464.26,261.0,-16.379,-10.539,19.477
3964,132.133,465.14,261.56,-14.722,-11.587,18.735
3965,132.167,465.75,261.82,-12.899,-13.318,18.541
3966,132.2,464.28,260.46,-12.416,-15.522,19.877
3967,132.233,463.94,260.15,-12.022,-17.894,21.558
3968,132.267,465.88,260.32,-12.925,-20.686,24.391
3969,132.3,465.46,259.5,-13.694,-23.128,26.878
3970,132.333,464.26,258.18,-14.03,-25.097,28.753
3971,132.367,464.8,257.8,-13.32,-26.97,30.079
3972,132.4,464.45,256.83,-11.502,-27.763,30.051
3973,132.433,462.76,256.2,-9.127,-28.261,29.698
3974,132.467,462.25,255.77,-6.316,-28.592,29.281
3975,132.5,461.53,253.61,-3.491,-28.255,28.469
3976,132.533,462.68,252.39,-0.333,-27.526,27.528
3977,132.567,461.31,250.91,4.244,-25.811,26.157
3978,132.6,459.95,249.46,7.654,-23.57,24.781
3979,132.633,460.18,248.79,12.404,-20.132,23.647
3980,132.667,459.75,247.48,16.22,-16.922,23.44
3981,132.7,461.76,247.91,18.985,-13.891,23.525
3982,132.733,462.51,248.02,21.529,-10.537,23.969
3983,132.767,465.04,248.33,24.169,-7.018,25.167
3984,132.8,467.06,248.61,25.037,-3.965,25.349
3985,132.833,469.07,248.6,24.695,-1.119,24.72
3986,132.867,469.01,248.89,23.413,1.468,23.459
3987,132.9,469.54,247.72,20.441,3.101,20.675
3988,132.933,470.49,247.96,16.243,4.273,16.796
3989,132.967,470.52,248.34,12.059,4.819,12.987
3990,133.0,470.34,248.48,7.658,4.514,8.889
3991,133.033,470.43,249.21,3.6,4.308,5.614
3992,133.067,469.64,249.13,-1.232,3.652,3.854
3993,133.1,469.33,249.28,-5.264,2.701,5.917
3994,133.133,468.85,248.66,-7.626,2.646,8.072
3995,133.167,468.96,249.17,-8.498,3.216,9.086
3996,133.2,468.97,249.33,-8.028,4.594,9.249
3997,133.233,469.37,249.94,-6.773,6.601,9.457
3998,133.267,468.0,249.71,-4.649,8.662,9.83
3999,133.3,467.25,249.66,-2.814,10.562,10.931
4000,133.333,466.95,249.47,-0.766,12.321,12.345
4001,133.367,467.25,249.8,0.256,13.348,13.35
4002,133.4,467.8,250.76,1.708,14.007,14.111
4003,133.433,468.54,251.29,2.943,14.44,14.737
4004,133.467,468.79,251.74,4.074,14.926,15.472
4005,133.5,469.15,252.25,4.76,15.515,16.229
4006,133.533,469.14,252.64,5.53,16.155,17.075
4007,133.567,469.92,253.87,6.341,16.348,17.534
4008,133.6,470.52,255.96,7.229,16.705,18.202
4009,133.633,470.36,256.22,7.862,16.687,18.446
4010,133.667,469.43,256.39,8.414,16.958,18.931
4011,133.7,469.99,257.13,9.034,17.244,19.468
4012,133.733,469.46,256.36,9.113,17.352,19.599
4013,133.767,469.79,256.54,8.424,17.118,19.078
4014,133.8,470.66,256.72,7.768,16.508,18.244
4015,133.833,470.16,256.5,7.26,15.875,17.457
4016,133.867,471.55,257.8,7.314,15.564,17.197
4017,133.9,471.72,258.13,6.646,14.723,16.154
4018,133.933,472.64,260.2,6.52,14.013,15.456
4019,133.967,472.44,260.93,6.663,13.497,15.052
4020,134.0,473.52,261.24,7.104,13.227,15.014
4021,134.033,473.65,261.7,8.04,13.062,15.338
4022,134.067,473.15,262.4,9.207,13.404,16.262
4023,134.1,473.17,262.34,9.992,13.976,17.181
4024,134.133,473.53,263.1,10.06,13.928,17.181
4025,134.167,473.84,263.42,9.849,14.033,17.144
4026,134.2,473.03,263.08,10.763,14.316,17.91
4027,134.233,473.31,263.21,10.836,14.242,17.896
4028,134.267,473.6,263.03,11.067,14.443,18.196
4029,134.3,474.37,263.83,10.394,13.614,17.128
4030,134.333,475.16,264.16,9.154,12.374,15.392
4031,134.367,475.04,264.16,9.286,11.117,14.485
4032,134.4,477.69,266.06,8.44,9.428,12.654
4033,134.433,477.8,266.29,5.089,6.204,8.024
4034,134.467,477.86,266.7,2.035,2.724,3.4
4035,134.5,477.98,267.13,-0.873,-0.989,1.319
4036,134.533,477.08,267.99,-3.698,-4.261,5.642
4037,134.567,476.63,268.27,-6.077,-6.539,8.927
4038,134.6,476.27,267.98,-7.702,-8.032,11.128
4039,134.633,476.44,267.72,-10.401,-8.963,13.73
4040,134.667,476.38,266.81,-13.507,-9.145,16.312
4041,134.7,473.85,265.37,-15.927,-8.405,18.008
4042,134.733,473.7,263.78,-17.561,-6.933,18.88
4043,134.767,472.61,261.96,-19.294,-4.697,19.857
4044,134.8,473.36,262.33,-19.76,-1.546,19.821
4045,134.833,473.14,261.99,-20.073,1.858,20.159
4046,134.867,469.67,261.83,-20.307,5.339,20.997
4047,134.9,468.54,261.33,-19.665,9.094,21.666
4048,134.933,472.92,265.25,-19.247,12.01,22.687
4049,134.967,471.61,265.67,-17.996,14.662,23.213
4050,135.0,471.57,267.42,-16.488,16.728,23.488
4051,135.033,470.17,268.74,-14.534,18.005,23.139
4052,135.067,468.21,268.88,-11.409,18.229,21.505
4053,135.1,465.75,268.84,-7.567,17.509,19.074
4054,135.133,467.13,270.05,-3.435,15.463,15.84
4055,135.167,467.81,270.03,0.088,12.307,12.307
4056,135.2,466.39,269.49,2.515,8.406,8.774
4057,135.233,466.11,269.81,5.889,4.669,7.515
4058,135.267,467.59,269.57,8.486,1.145,8.563
4059,135.3,466.6,269.13,10.989,-1.376,11.075
4060,135.333,467.59,268.75,12.427,-3.936,13.035
4061,135.367,469.22,268.89,12.644,-5.336,13.724
4062,135.4,470.71,268.93,13.781,-5.486,14.833
4063,135.433,471.48,268.95,14.678,-3.82,15.167
4064,135.467,471.66,268.79,12.494,-2.939,12.835
4065,135.5,472.86,268.81,9.938,-1.499,10.05
4066,135.533,473.3,268.94,6.795,0.16,6.797
4067,135.567,472.64,268.68,2.665,1.198,2.921
4068,135.6,471.8,268.06,-1.537,2.124,2.622
4069,135.633,470.96,268.63,-4.591,2.98,5.473
4070,135.667,470.75,268.86,-7.952,3.162,8.557
4071,135.7,471.34,269.28,-11.5,2.836,11.844
4072,135.733,470.07,268.8,-13.693,2.575,13.933
4073,135.767,470.05,269.14,-14.821,1.976,14.952
4074,135.8,469.41,269.24,-15.829,1.194,15.874
4075,135.833,468.47,270.34,-15.439,0.384,15.444
4076,135.867,468.22,270.18,-14.309,-0.31,14.312
4077,135.9,467.27,270.08,-13.002,-0.929,13.035
4078,135.933,467.58,269.62,-11.709,-1.6,11.818
4079,135.967,467.83,269.72,-10.531,-2.496,10.822
4080,136.0,467.14,269.72,-9.024,-3.065,9.531
4081,136.033,465.33,268.45,-7.637,-3.576,8.433
4082,136.067,465.87,268.49,-6.291,-3.812,7.356
4083,136.1,466.35,268.37,-5.15,-4.169,6.626
4084,136.133,466.35,268.38,-3.507,-3.792,5.165
4085,136.167,466.24,268.12,-2.03,-3.404,3.963
4086,136.2,466.46,268.49,-0.273,-2.749,2.763
4087,136.233,466.02,268.37,1.101,-1.974,2.26
4088,136.267,465.74,268.24,2.575,2.508,3.594
4089,136.3,465.77,268.3,3.551,5.003,6.135
4090,136.333,465.91,268.46,4.264,5.924,7.299
4091,136.367,465.89,268.57,4.969,4.734,6.864
4092,136.4,466.11,268.3,5.357,1.904,5.685
4093,136.433,466.38,268.34,5.858,-1.957,6.177
4094,136.467,467.27,268.95,6.082,-5.484,8.19
4095,136.5,467.78,268.72,5.549,-8.573,10.212
4096,136.533,467.7,268.91,4.852,-11.511,12.492
4097,136.567,467.31,268.41,4.754,-13.432,14.248
4098,136.6,468.1,269.3,4.7,-14.372,15.121
4099,136.633,467.62,269.16,4.284,-14.636,15.25
4100,136.667,468.74,269.43,3.796,-14.232,14.729
4101,136.7,468.36,269.31,3.02,-12.517,12.877
4102,136.733,467.87,269.02,2.011,-10.456,10.647
4103,136.767,467.91,259.78,1.137,-7.943,8.024
4104,136.8,467.98,260.01,0.302,-5.041,5.05
4105,136.833,468.08,260.33,-0.339,-2.014,2.043
4106,136.867,468.1,261.39,-0.479,1.213,1.304
4107,136.9,468.21,263.7,-0.393,4.245,4.263
4108,136.933,468.27,266.06,-0.014,7.335,7.335
4109,136.967,467.83,266.79,0.421,10.087,10.095
4110,137.0,468.17,266.92,0.615,12.208,12.223
4111,137.033,468.32,267.8,0.536,14.23,14.24
4112,137.067,468.66,268.63,0.624,16.701,16.713
4113,137.1,468.11,268.51,0.656,18.94,18.952
4114,137.133,468.1,269.08,0.686,18.934,18.946
4115,137.167,467.81,269.56,0.965,17.149,17.176
4116,137.2,468.18,268.65,0.81,12.758,12.783
4117,137.233,468.24,268.66,0.749,6.093,6.139
4118,137.267,468.3,268.65,1.053,-2.638,2.841
4119,137.3,468.83,268.62,1.094,-8.552,8.622
4120,137.333,469.03,268.83,0.975,-13.485,13.52
4121,137.367,468.4,268.47,0.587,-17.249,17.259
4122,137.4,468.45,268.66,0.328,-19.254,19.257
4123,137.433,468.13,268.54,-0.149,-20.078,20.079
4124,137.467,468.25,268.86,-0.756,-20.544,20.557
4125,137.5,468.22,268.94,-1.128,-20.549,20.58
4126,137.533,468.38,268.21,-1.441,-19.654,19.707
4127,137.567,468.1,264.68,-1.948,-18.42,18.523
4128,137.6,468.89,261.76,-2.101,-17.305,17.432
4129,137.633,468.37,260.92,-2.124,-15.53,15.675
4130,137.667,468.41,259.72,-1.585,-13.268,13.363
4131,137.7,468.06,259.89,-2.003,-10.852,11.035
4132,137.733,467.75,260.1,-2.865,-7.376,7.913
4133,137.767,466.96,260.52,-5.519,-3.161,6.36
4134,137.8,467.0,263.14,-6.194,1.934,6.489
4135,137.833,466.87,263.93,-8.801,8.066,11.938
4136,137.867,467.03,265.29,-12.148,13.67,18.288
4137,137.9,466.39,265.18,-15.938,19.63,25.285
4138,137.933,466.32,264.38,-19.961,25.287,32.216
4139,137.967,466.12,264.14,-23.252,30.063,38.006
4140,138.0,465.76,264.79,-26.629,33.31,42.646
4141,138.033,464.88,265.23,-29.593,34.923,45.775
4142,138.067,464.5,266.13,-32.555,34.999,47.799
4143,138.1,462.19,268.13,-35.133,34.713,49.389
4144,138.133,460.7,269.79,-37.865,34.625,51.31
4145,138.167,457.14,271.22,-39.54,33.749,51.985
4146,138.2,456.83,273.31,-41.246,32.878,52.747
4147,138.233,454.98,275.08,-42.884,32.162,53.604
4148,138.267,456.96,276.71,-43.244,31.457,53.475
4149,138.3,450.53,277.63,-41.961,31.036,52.192
4150,138.333,451.12,277.27,-39.733,29.618,49.558
4151,138.367,450.13,279.26,-36.895,27.635,46.097
4152,138.4,449.96,279.42,-34.002,24.811,42.092
4153,138.433,449.41,279.35,-29.812,21.587,36.807
4154,138.467,447.32,279.84,-25.5,18.493,31.5
4155,138.5,446.64,280.45,-21.211,15.917,26.519
4156,138.533,445.26,280.57,-17.625,13.866,22.426
4157,138.567,444.76,280.5,-14.557,12.292,19.053
4158,138.6,444.34,281.2,-11.892,11.491,16.537
4159,138.633,444.26,281.48,-9.748,10.829,14.57
4160,138.667,442.9,282.93,-8.174,10.531,13.331
4161,138.7,443.58,284.15,-5.937,10.448,12.017
4162,138.733,445.31,284.29,-4.346,10.038,10.938
4163,138.767,444.94,284.88,-2.635,9.516,9.874
4164,138.8,444.16,284.84,-2.64,8.362,8.769
4165,138.833,443.76,284.71,-0.881,7.369,7.422
4166,138.867,443.96,284.84,-0.044,7.342,7.342
4167,138.9,444.97,284.63,0.379,7.586,7.595
4168,138.933,443.68,284.92,0.404,8.462,8.472
4169,138.967,443.53,285.61,0.273,10.329,10.332
4170,139.0,443.07,285.91,1.056,12.083,12.129
4171,139.033,443.64,285.82,2.981,12.437,12.789
4172,139.067,444.05,286.56,4.75,13.766,14.563
4173,139.1,442.93,286.78,5.642,15.926,16.896
4174,139.133,443.62,287.36,5.62,19.149,19.957
4175,139.167,443.91,287.67,4.888,23.098,23.609
4176,139.2,444.29,288.52,4.225,27.113,27.44
4177,139.233,444.54,289.91,2.603,30.972,31.082
4178,139.267,444.63,291.02,-0.931,34.906,34.918
4179,139.3,443.78,293.4,-5.013,38.607,38.931
4180,139.333,444.37,295.01,-8.921,41.951,42.889
4181,139.367,444.85,296.53,-12.661,44.565,46.329
4182,139.4,445.79,296.87,-16.446,46.753,49.561
4183,139.433,445.91,297.58,-20.642,48.724,52.916
4184,139.467,445.44,297.49,-23.763,49.565,54.967
4185,139.5,443.97,299.13,-26.625,49.399,56.117
4186,139.533,439.65,304.39,-28.957,49.116,57.017
4187,139.567,437.86,306.04,-30.738,48.376,57.315
4188,139.6,436.89,308.4,-31.711,47.63,57.221
4189,139.633,436.24,309.38,-31.1,47.02,56.375
4190,139.667,435.03,311.09,-30.302,46.963,55.89
4191,139.7,433.86,312.54,-28.102,47.354,55.064
4192,139.733,433.3,313.78,-24.885,48.53,54.538
4193,139.767,433.73,314.92,-20.858,50.025,54.199
4194,139.8,433.64,315.62,-16.184,51.556,54.037
4195,139.833,433.03,316.7,-10.544,52.209,53.263
4196,139.867,432.61,318.69,-5.096,52.198,52.446
4197,139.9,432.42,319.86,-0.065,51.338,51.338
4198,139.933,432.24,320.86,3.701,50.28,50.416
4199,139.967,431.41,323.65,6.093,49.525,49.898
4200,140.0,431.79,326.37,6.95,49.36,49.847
4201,140.033,432.76,327.77,6.844,48.615,49.094
4202,140.067,433.21,330.76,7.405,45.447,46.046
4203,140.1,433.27,332.42,7.575,42.117,42.793
4204,140.133,433.49,334.45,7.178,37.683,38.361
4205,140.167,435.46,335.34,6.249,32.645,33.238
4206,140.2,435.25,336.75,5.2,27.367,27.856
4207,140.233,435.19,336.76,4.133,21.705,22.095
4208,140.267,435.09,336.58,2.963,13.19,13.519
4209,140.3,434.84,336.79,1.476,6.655,6.817
4210,140.333,434.4,337.16,-0.165,2.49,2.496
4211,140.367,434.43,337.28,-1.159,0.147,1.168
4212,140.4,434.17,337.56,-2.096,1.764,2.739
4213,140.433,434.12,337.81,-2.66,5.879,6.453
4214,140.467,434.07,336.85,-2.716,13.899,14.162
4215,140.5,434.22,336.47,-2.34,24.377,24.489
4216,140.533,433.72,337.77,-2.147,35.357,35.422
4217,140.567,433.13,339.33,-7.078,37.1,37.769
4218,140.6,433.22,339.17,-14.315,33.868,36.769
4219,140.633,433.36,340.23,-17.484,40.486,44.1
4220,140.667,433.32,342.24,-17.199,54.096,56.764
4221,140.7,433.22,343.49,-14.81,72.463,73.961
4222,140.733,433.44,345.97,-10.146,93.368,93.917
4223,140.767,433.79,356.84,-3.809,115.858,115.92
4224,140.8,433.71,360.39,3.687,138.012,138.061
4225,140.833,433.68,364.4,12.493,158.77,159.26
4226,140.867,432.33,370.54,21.858,176.51,177.858
4227,140.9,432.0,371.19,31.108,190.548,193.071
4228,140.933,430.77,374.96,40.116,200.501,204.474
4229,140.967,428.89,375.35,48.161,205.422,210.992
4230,141.0,427.82,375.02,55.27,206.126,213.408
4231,141.033,427.12,376.92,60.628,202.609,211.486
4232,141.067,439.25,406.09,64.216,193.835,204.195
4233,141.1,451.37,435.26,66.173,180.582,192.325
4234,141.133,452.45,435.99,66.035,164.275,177.05
4235,141.167,453.68,436.49,64.328,145.54,159.123
4236,141.2,454.39,437.63,61.454,125.448,139.692
4237,141.233,455.28,438.32,57.284,105.635,120.167
4238,141.267,456.22,438.13,51.902,87.214,101.489
4239,141.3,457.31,438.81,44.897,65.848,79.698
4240,141.333,457.02,438.46,36.674,45.31,58.292
4241,141.367,457.36,438.79,27.382,25.601,37.486
4242,141.4,457.69,438.94,18.898,8.309,20.643
4243,141.433,457.63,438.14,10.961,-4.112,11.707
4244,141.467,458.08,438.34,4.447,-12.33,13.107
4245,141.5,457.68,438.04,1.546,-12.913,13.005
4246,141.533,458.06,437.86,3.59,-2.011,4.114
4247,141.567,458.97,439.31,10.361,18.706,21.384
4248,141.6,459.96,440.15,15.306,34.378,37.632
4249,141.633,461.65,441.82,16.449,39.076,42.397
4250,141.667,462.39,443.88,17.023,42.162,45.469
4251,141.7,462.37,445.42,17.48,44.294,47.618
4252,141.733,462.63,447.09,17.783,45.194,48.567
4253,141.767,462.41,448.02,17.948,44.969,48.419
4254,141.8,463.05,450.35,18.043,44.017,47.571
4255,141.833,463.85,452.43,17.443,41.701,45.202
4256,141.867,465.24,456.48,16.307,38.647,41.947
4257,141.9,465.17,456.11,14.988,34.827,37.915
4258,141.933,465.94,457.26,13.199,30.248,33.002
4259,141.967,467.71,459.28,10.677,23.932,26.206
4260,142.0,467.89,460.19,8.435,18.454,20.29
4261,142.033,466.27,456.39,6.882,14.439,15.995
4262,142.067,466.67,456.58,5.625,13.338,14.476
4263,142.1,467.2,456.8,4.07,12.239,12.898
4264,142.133,466.89,456.74,3.319,12.157,12.602
4265,142.167,468.08,458.52,2.067,11.87,12.049
4266,142.2,468.07,459.33,0.115,10.416,10.417
4267,142.233,468.36,459.78,-1.721,7.708,7.898
4268,142.267,468.2,459.96,-2.448,6.274,6.735
4269,142.3,467.23,459.98,-1.751,6.016,6.266
4270,142.333,466.75,460.43,-0.177,6.056,6.059
4271,142.367,467.35,460.73,2.657,6.94,7.431
4272,142.4,466.85,460.58,5.764,6.139,8.42
4273,142.433,467.0,460.73,9.315,5.63,10.884
4274,142.467,468.85,465.62,12.465,3.943,13.073
4275,142.5,468.64,465.73,17.209,3.465,17.554
4276,142.533,468.63,465.22,21.284,0.82,21.3
4277,142.567,469.13,460.98,28.13,1.211,28.156
4278,142.6,470.95,460.63,38.434,4.512,38.698
4279,142.633,470.43,458.63,47.181,8.574,47.953
4280,142.667,471.58,458.33,51.242,12.268,52.69
4281,142.7,474.52,460.3,51.184,16.187,53.683
4282,142.733,477.66,464.61,50.244,21.623,54.699
4283,142.767,479.12,464.31,45.528,25.716,52.289
4284,142.8,480.68,464.88,42.895,30.844,52.833
4285,142.833,482.82,465.97,41.987,35.801,55.178
4286,142.867,483.78,465.51,41.573,39.613,57.424
4287,142.9,485.67,467.32,40.686,42.704,58.983
4288,142.933,488.72,469.29,40.237,45.285,60.578
4289,142.967,493.52,474.01,39.495,46.856,61.281
4290,143.0,492.05,472.14,38.344,44.876,59.026
4291,143.033,495.69,478.01,36.45,40.33,54.361
4292,143.067,493.33,479.24,34.788,34.375,48.906
4293,143.1,483.94,476.48,33.216,29.207,44.231
4294,143.133,481.59,477.01,31.063,23.786,39.124
4295,143.167,487.67,480.8,29.136,19.221,34.906
4296,143.2,493.78,481.67,27.804,15.36,31.765
4297,143.233,495.4,479.06,26.364,11.831,28.897
4298,143.267,504.76,482.06,22.466,7.384,23.648
4299,143.3,503.07,479.86,16.246,3.371,16.592
4300,143.333,501.41,479.23,13.338,0.432,13.345
4301,143.367,501.18,479.92,12.194,-2.111,12.375
4302,143.4,501.61,479.67,13.192,-2.991,13.527
4303,143.433,501.01,479.14,15.891,-2.864,16.147
4304,143.467,501.42,479.39,18.754,-2.06,18.867
4305,143.5,499.8,479.05,19.454,-2.189,19.576
4306,143.533,500.76,480.3,19.248,-0.77,19.263
4307,143.567,500.18,479.97,17.794,-0.672,17.807
4308,143.6,499.73,479.92,17.514,-0.262,17.516
4309,143.633,499.52,479.69,21.378,0.912,21.398
4310,143.667,500.87,480.06,29.849,3.183,30.018
4311,143.7,501.05,480.77,36.277,3.172,36.415
4312,143.733,500.96,480.65,41.397,2.434,41.468
4313,143.767,506.32,479.89,44.557,1.765,44.592
4314,143.8,516.17,480.61,43.037,0.152,43.037
4315,143.833,515.48,479.8,41.016,-0.141,41.016
4316,143.867,516.22,480.24,38.918,0.437,38.921
4317,143.9,516.55,480.41,36.164,0.701,36.171
4318,143.933,515.79,480.25,32.114,1.43,32.146
4319,143.967,515.34,480.54,27.047,1.824,27.108
4320,144.0,515.73,480.5,22.396,2.487,22.534
4321,144.033,519.45,481.95,18.886,3.707,19.247
4322,144.067,518.27,481.2,15.444,4.164,15.996
4323,144.1,516.31,479.3,13.137,5.299,14.166
4324,144.133,517.97,480.9,10.942,6.329,12.641
4325,144.167,514.92,479.31,9.031,7.221,11.563
4326,144.2,517.4,480.63,9.063,8.79,12.625
4327,144.233,516.35,480.75,8.703,9.093,12.587
4328,144.267,520.4,483.76,10.884,9.031,14.143
4329,144.3,520.77,483.7,12.528,8.87,15.35
4330,144.333,521.2,483.44,10.996,8.513,13.906
4331,144.367,521.28,482.84,9.959,8.174,12.884
4332,144.4,521.52,483.18,7.603,7.116,10.413
4333,144.433,522.64,482.52,4.947,6.094,7.849
4334,144.467,525.09,484.2,2.431,4.943,5.508
4335,144.5,523.78,484.18,0.744,3.345,3.427
4336,144.533,522.82,484.02,-0.249,1.954,1.97
4337,144.567,521.54,484.89,-2.436,-0.064,2.437
4338,144.6,519.14,483.88,-5.054,-2.2,5.511
4339,144.633,519.4,483.99,-6.982,-3.226,7.691
4340,144.667,520.69,484.54,-9.031,-4.489,10.085
4341,144.7,517.25,482.28,-8.762,-4.829,10.004
4342,144.733,520.85,483.18,-8.764,-4.528,9.864
4343,144.767,520.62,483.11,-6.661,-3.53,7.539
4344,144.8,521.4,483.46,-4.997,-3.772,6.261
4345,144.833,519.99,482.44,-3.055,-4.398,5.355
4346,144.867,518.73,482.36,-0.779,-4.428,4.496
4347,144.9,520.18,483.01,1.724,-3.977,4.335
4348,144.933,520.26,482.32,4.823,-3.02,5.691
4349,144.967,521.05,482.32,6.814,-1.76,7.038
4350,145.0,520.74,482.83,7.39,-0.916,7.447
4351,145.033,519.91,482.43,7.499,-0.265,7.504
4352,145.067,518.4,481.87,6.854,0.514,6.874
4353,145.1,519.69,482.4,6.077,0.673,6.114
4354,145.133,521.11,482.54,6.439,1.201,6.55
4355,145.167,521.33,482.35,6.581,1.432,6.735
4356,145.2,521.88,483.34,6.446,1.173,6.552
4357,145.233,523.21,482.36,8.016,1.764,8.208
4358,145.267,523.2,482.04,6.445,1.698,6.665
4359,145.3,522.62,482.29,5.497,1.637,5.736
4360,145.333,522.97,483.49,3.266,0.91,3.39
4361,145.367,522.88,483.02,1.065,0.426,1.147
4362,145.4,523.1,483.26,0.482,0.154,0.506
4363,145.433,521.91,482.41,-0.309,-0.167,0.351
4364,145.467,522.88,483.05,-0.368,0.056,0.372
4365,145.5,522.02,482.69,-1.536,0.135,1.541
4366,145.533,522.05,483.07,-2.249,-0.213,2.259
4367,145.567,522.78,482.92,-2.125,-0.253,2.14
4368,145.6,523.1,483.0,-0.169,0.429,0.461
4369,145.633,522.57,482.72,1.869,1.001,2.12
4370,145.667,522.7,482.77,3.981,1.374,4.211
4371,145.7,521.2,482.45,5.857,1.878,6.151
4372,145.733,520.38,482.38,7.796,1.654,7.97
4373,145.767,523.54,482.75,9.409,1.921,9.603
4374,145.8,522.23,482.49,11.195,2.613,11.496
4375,145.833,523.83,483.23,13.504,3.508,13.952
4376,145.867,525.8,483.86,15.09,3.71,15.54
4377,145.9,525.16,484.02,15.897,3.789,16.342
4378,145.933,525.46,483.72,16.492,3.791,16.922
4379,145.967,524.51,483.27,16.337,3.871,16.79
4380,146.0,526.78,483.71,16.925,3.306,17.245
4381,146.033,527.22,484.34,15.693,2.492,15.89
4382,146.067,527.69,484.39,11.793,1.1,11.844
4383,146.1,527.24,483.75,3.858,0.196,3.863
4384,146.133,527.72,483.59,-3.88,-0.523,3.915
4385,146.167,527.41,483.86,-9.749,-1.536,9.869
4386,146.2,528.65,483.85,-14.234,-2.15,14.396
4387,146.233,528.97,484.36,-16.812,-2.849,17.052
4388,146.267,528.6,484.32,-18.4,-3.639,18.756
4389,146.3,527.58,483.98,-19.909,-4.43,20.396
4390,146.333,525.66,483.33,-19.605,-4.753,20.173
4391,146.367,524.83,483.08,-19.361,-5.197,20.047
4392,146.4,524.28,483.09,-19.464,-5.67,20.273
4393,146.433,521.58,482.17,-18.948,-6.949,20.182
4394,146.467,521.32,482.01,-18.217,-7.661,19.763
4395,146.5,514.64,482.08,-16.106,-8.02,17.993
4396,146.533,514.27,482.49,-14.49,-8.455,16.776
4397,146.567,516.49,483.26,-12.487,-8.46,15.083
4398,146.6,523.92,482.25,-10.123,-7.774,12.763
4399,146.633,525.02,481.25,-6.93,-5.664,8.95
4400,146.667,523.46,481.72,-3.126,-2.763,4.172
4401,146.7,521.69,480.44,0.677,0.174,0.699
4402,146.733,520.34,480.56,3.982,3.209,5.114
4403,146.767,521.27,480.92,6.893,5.125,8.589
4404,146.8,519.97,480.91,7.873,6.286,10.075
4405,146.833,518.86,480.66,7.264,6.751,9.917
4406,146.867,518.98,480.66,6.212,7.023,9.376
4407,146.9,518.82,480.27,3.983,6.722,7.814
4408,146.933,519.2,482.31,0.504,6.191,6.212
4409,146.967,520.12,482.45,-3.234,5.608,6.474
4410,147.0,520.41,483.63,-7.524,5.589,9.373
4411,147.033,521.48,485.39,-8.784,6.091,10.689
4412,147.067,522.09,485.89,-7.773,6.062,9.857
4413,147.1,522.39,485.98,-6.492,5.352,8.414
4414,147.133,522.26,484.67,-8.544,5.171,9.987
4415,147.167,520.84,483.5,-11.775,5.26,12.896
4416,147.2,520.7,482.84,-14.267,4.717,15.026
4417,147.233,518.97,481.7,-15.989,5.186,16.809
4418,147.267,516.0,482.27,-17.141,5.544,18.015
4419,147.3,515.96,482.64,-18.46,5.355,19.221
4420,147.333,515.99,483.42,-19.04,5.298,19.763
4421,147.367,514.78,483.82,-18.431,5.762,19.31
4422,147.4,514.26,485.05,-16.864,6.222,17.975
4423,147.433,513.75,485.58,-14.409,7.0,16.019
4424,147.467,514.25,487.12,-12.358,6.79,14.1
4425,147.5,513.95,486.91,-10.473,6.496,12.324
4426,147.533,514.78,486.06,-9.159,5.122,10.494
4427,147.567,513.18,486.68,-7.731,2.519,8.13
4428,147.6,513.1,486.94,-7.367,-1.17,7.46
4429,147.633,513.63,486.09,-7.935,-5.757,9.803
4430,147.667,514.07,485.87,-9.367,-9.692,13.479
4431,147.7,512.92,486.2,-10.56,-12.679,16.501
4432,147.733,512.25,484.78,-10.067,-15.125,18.169
4433,147.767,512.32,484.32,-10.977,-15.973,19.381
4434,147.8,511.77,484.6,-13.487,-14.767,19.999
4435,147.833,511.56,483.89,-16.391,-12.663,20.713
4436,147.867,510.74,482.44,-18.897,-9.635,21.212
4437,147.9,509.07,481.86,-20.142,-6.001,21.017
4438,147.933,507.34,481.33,-20.335,-2.542,20.494
4439,147.967,507.83,481.08,-19.502,0.762,19.517
4440,148.0,507.27,480.58,-18.407,3.682,18.771
4441,148.033,508.2,481.3,-16.086,6.354,17.296
4442,148.067,506.42,481.54,-13.743,9.05,16.455
4443,148.1,506.82,482.64,-8.702,10.012,13.265
4444,148.133,507.06,484.25,-4.405,10.635,11.511
4445,148.167,507.44,484.72,-1.146,11.256,11.314
4446,148.2,506.78,485.13,0.256,11.231,11.234
4447,148.233,500.14,486.83,1.953,10.097,10.284
4448,148.267,500.61,487.81,3.727,8.995,9.736
4449,148.3,505.49,485.98,5.665,6.974,8.985
4450,148.333,507.39,486.12,6.95,4.471,8.264
4451,148.367,508.01,485.36,7.569,1.845,7.791
4452,148.4,508.26,485.12,8.659,-0.317,8.664
4453,148.433,508.53,485.25,9.299,-2.119,9.537
4454,148.467,508.96,485.66,9.979,-3.509,10.578
4455,148.5,510.03,484.7,9.73,-4.666,10.791
4456,148.533,509.51,484.29,8.871,-4.539,9.965
4457,148.567,509.67,483.84,6.664,-3.965,7.755
4458,148.6,505.31,485.93,4.938,-2.492,5.531
4459,148.633,505.95,485.34,2.543,-0.728,2.645
4460,148.667,506.66,484.69,0.255,0.827,0.865
4461,148.7,509.48,484.68,-2.743,2.274,3.563
4462,148.733,509.78,484.91,-5.54,3.773,6.702
4463,148.767,510.1,484.57,-4.422,4.964,6.648
4464,148.8,508.88,485.88,-2.006,5.279,5.647
4465,148.833,509.43,485.74,-0.742,5.857,5.904
4466,148.867,509.54,485.79,0.131,6.813,6.815
4467,148.9,507.1,485.84,0.732,8.365,8.397
4468,148.933,507.2,485.8,1.642,9.707,9.845
4469,148.967,507.12,486.07,2.121,9.89,10.115
4470,149.0,507.17,487.12,2.456,8.954,9.284
4471,149.033,507.77,486.74,2.057,7.638,7.91
4472,149.067,508.69,487.05,2.148,4.823,5.28
4473,149.1,508.86,486.86,1.623,0.853,1.833
4474,149.133,509.83,486.92,3.554,-4.897,6.051
4475,149.167,509.16,486.95,5.485,-11.131,12.41
4476,149.2,509.79,487.59,7.815,-17.174,18.869
4477,149.233,509.6,487.91,8.633,-23.553,25.085
4478,149.267,509.41,486.86,9.22,-28.888,30.323
4479,149.3,509.66,486.49,9.192,-33.255,34.502
4480,149.333,509.86,486.5,9.244,-37.068,38.203
4481,149.367,509.98,484.04,8.343,-39.809,40.674
4482,149.4,510.7,480.89,6.773,-41.96,42.503
4483,149.433,510.37,478.1,6.242,-42.986,43.437
4484,149.467,511.54,476.48,5.697,-43.137,43.512
4485,149.5,511.99,474.12,5.038,-41.901,42.203
4486,149.533,512.68,471.3,5.451,-40.05,40.419
4487,149.567,511.87,470.9,6.066,-36.773,37.27
4488,149.6,512.43,471.13,5.253,-32.59,33.011
4489,149.633,511.91,470.72,4.194,-26.312,26.645
4490,149.667,512.6,470.66,3.027,-19.181,19.418
4491,149.7,512.18,470.28,2.463,-11.988,12.238
4492,149.733,512.83,471.6,2.093,-4.884,5.314
4493,149.767,512.41,470.44,1.361,2.469,2.819
4494,149.8,512.29,470.37,-2.845,10.198,10.588
4495,149.833,512.3,469.66,-1.617,14.137,14.229
4496,149.867,512.93,469.22,-1.188,17.654,17.694
4497,149.9,513.35,470.15,1.668,19.347,19.419
4498,149.933,513.34,470.54,6.259,20.058,21.012
4499,149.967,513.69,472.16,12.238,20.312,23.714
4500,150.0,514.88,472.87,19.378,18.981,27.125
4501,150.033,513.46,474.37,26.108,17.882,31.644
4502,150.067,512.72,475.61,33.681,16.122,37.341
4503,150.1,515.32,477.33,41.618,14.185,43.969
4504,150.133,516.98,476.33,47.08,12.843,48.8
4505,150.167,517.68,476.66,51.672,10.99,52.828
4506,150.2,518.61,478.14,57.09,8.011,57.65
4507,150.233,519.23,478.47,62.993,4.38,63.145
4508,150.267,522.35,476.5,69.648,-0.513,69.65
4509,150.3,535.67,473.34,76.283,-5.634,76.49
4510,150.333,530.72,477.95,84.98,-10.343,85.607
4511,150.367,538.26,474.23,94.517,-14.593,95.637
4512,150.4,539.98,474.59,103.994,-17.677,105.486
4513,150.433,541.67,474.43,112.45,-19.843,114.187
4514,150.467,544.68,473.32,120.875,-21.251,122.729
4515,150.5,545.94,473.99,127.894,-22.634,129.881
4516,150.533,550.67,471.97,134.178,-24.258,136.354
4517,150.567,551.93,473.48,140.38,-26.367,142.835
4518,150.6,555.03,472.71,146.852,-28.57,149.605
4519,150.633,563.97,468.84,151.207,-31.95,154.546
4520,150.667,572.83,467.08,152.409,-33.876,156.129
4521,150.7,577.69,466.53,152.315,-35.822,156.471
4522,150.733,584.37,465.87,149.973,-38.318,154.791
4523,150.767,589.29,464.99,147.492,-41.217,153.143
4524,150.8,596.93,464.93,145.324,-43.331,151.646
4525,150.833,599.4,463.14,136.205,-42.105,142.564
4526,150.867,602.83,462.4,129.054,-42.139,135.76
4527,150.9,606.29,460.64,118.733,-39.519,125.136
4528,150.933,611.16,457.96,106.786,-35.716,112.6
4529,150.967,613.63,455.89,96.07,-31.575,101.126
4530,151.0,618.02,453.92,85.299,-27.162,89.519
4531,151.033,619.13,453.52,75.258,-22.518,78.555
4532,151.067,620.54,453.26,65.953,-17.414,68.213
4533,151.1,620.27,452.42,58.341,-13.031,59.779
4534,151.133,620.77,453.42,53.018,-9.202,53.811
4535,151.167,624.18,451.77,47.21,-4.206,47.397
4536,151.2,625.35,452.21,40.538,1.547,40.568
4537,151.233,629.75,452.69,34.769,6.58,35.386
4538,151.267,632.06,454.03,30.045,10.677,31.886
4539,151.3,631.42,456.25,26.221,14.096,29.77
4540,151.333,633.14,455.68,20.625,16.152,26.197
4541,151.367,633.88,456.28,15.839,17.127,23.328
4542,151.4,633.9,456.29,10.951,17.219,20.407
4543,151.433,636.35,455.33,6.335,16.427,17.606
4544,151.467,633.7,455.87,2.297,15.068,15.242
4545,151.5,632.52,457.68,-1.07,13.596,13.638
4546,151.533,632.78,457.39,-5.244,12.64,13.685
4547,151.567,630.54,458.98,-8.612,11.53,14.391
4548,151.6,631.05,458.95,-12.079,10.308,15.879
4549,151.633,631.04,459.54,-13.523,9.213,16.363
4550,151.667,631.74,459.73,-12.507,7.688,14.681
4551,151.7,632.38,458.82,-10.159,6.718,12.18
4552,151.733,633.0,459.36,-6.262,6.665,9.145
4553,151.767,630.85,460.18,-3.367,8.188,8.853
4554,151.8,629.45,460.34,-1.107,10.341,10.4
4555,151.833,629.91,460.45,1.595,12.012,12.117
4556,151.867,629.68,461.51,3.88,14.324,14.841
4557,151.9,631.16,460.93,5.481,16.483,17.37
4558,151.933,632.51,461.06,5.814,19.062,19.929
4559,151.967,631.15,462.24,6.537,21.796,22.755
4560,152.0,631.04,462.99,8.874,24.465,26.024
4561,152.033,631.62,463.22,11.621,26.69,29.11
4562,152.067,631.77,463.9,13.054,28.845,31.662
4563,152.1,634.35,464.7,15.561,29.724,33.551
4564,152.133,635.37,466.32,17.225,29.943,34.544
4565,152.167,635.49,467.83,18.393,29.316,34.608
4566,152.2,634.34,471.02,19.033,27.885,33.761
4567,152.233,633.88,472.53,18.791,26.537,32.516
4568,152.267,634.53,472.34,17.009,24.427,29.765
4569,152.3,635.2,472.46,15.75,21.709,26.82
4570,152.333,636.45,472.9,16.01,18.626,24.561
4571,152.367,637.13,473.11,16.449,15.468,22.58
4572,152.4,638.95,473.63,17.455,12.064,21.218
4573,152.433,643.52,473.04,18.421,8.678,20.363
4574,152.467,641.23,474.17,18.521,5.45,19.306
4575,152.5,639.69,474.64,19.236,2.667,19.42
4576,152.533,639.04,473.88,19.78,0.562,19.788
4577,152.567,640.64,473.73,19.429,-0.371,19.432
4578,152.6,640.14,473.94,19.31,0.002,19.31
4579,152.633,641.26,474.18,17.9,1.256,17.944
4580,152.667,642.36,474.14,16.172,3.261,16.498
4581,152.7,642.71,474.33,13.735,5.313,14.727
4582,152.733,643.48,474.09,11.881,6.734,13.657
4583,152.767,645.66,474.6,8.85,7.059,11.32
4584,152.8,647.11,474.61,6.639,7.907,10.325
4585,152.833,646.42,474.92,5.872,8.65,10.455
4586,152.867,646.59,475.07,5.22,8.932,10.345
4587,152.9,646.52,474.69,4.614,8.975,10.092
4588,152.933,645.38,475.93,3.764,8.799,9.57
4589,152.967,645.05,477.41,0.244,8.55,8.553
4590,153.0,644.09,477.81,-2.848,8.186,8.668
4591,153.033,643.93,478.2,-5.159,7.088,8.767
4592,153.067,645.12,478.32,-5.805,5.887,8.268
4593,153.1,644.79,477.75,-5.975,4.863,7.704
4594,153.133,644.85,477.94,-5.749,4.242,7.144
4595,153.167,643.47,477.32,-5.449,3.75,6.615
4596,153.2,643.53,477.87,-5.188,3.35,6.176
4597,153.233,642.59,477.27,-4.23,3.123,5.258
4598,153.267,646.33,478.38,-3.042,3.105,4.347
4599,153.3,646.03,477.53,-2.191,3.14,3.829
4600,153.333,643.89,477.53,-1.649,3.392,3.771
4601,153.367,643.32,478.01,-1.521,3.381,3.707
4602,153.4,643.45,478.35,-1.52,3.599,3.907
4603,153.433,642.84,478.23,-1.822,4.132,4.516
4604,153.467,643.31,479.12,-2.168,4.641,5.122
4605,153.5,643.99,478.29,-3.065,4.572,5.504
4606,153.533,644.73,478.96,-3.274,3.903,5.094
4607,153.567,643.44,480.0,-3.043,2.849,4.168
4608,153.6,641.87,480.4,-3.661,1.641,4.012
4609,153.633,642.57,479.88,-4.359,0.433,4.38
4610,153.667,642.88,479.61,-4.788,-0.754,4.847
4611,153.7,643.5,479.64,-5.164,-1.814,5.473
4612,153.733,643.33,479.21,-5.132,-3.042,5.966
4613,153.767,643.68,479.18,-4.229,-3.837,5.711
4614,153.8,643.12,478.71,-4.407,-4.647,6.405
4615,153.833,641.84,478.25,-4.691,-4.72,6.654
4616,153.867,642.51,478.65,-3.74,-4.138,5.578
4617,153.9,641.76,478.31,-1.504,-3.331,3.655
4618,153.933,641.2,478.66,0.928,-2.127,2.321
4619,153.967,641.37,478.1,4.346,-0.241,4.353
4620,154.0,642.51,477.78,8.041,1.227,8.134
4621,154.033,642.19,478.32,10.733,3.614,11.325
4622,154.067,641.72,478.47,12.225,5.692,13.486
4623,154.1,642.44,478.33,13.866,7.298,15.669
4624,154.133,643.14,478.76,16.112,8.155,18.059
4625,154.167,642.75,478.62,17.894,9.001,20.031
4626,154.2,644.91,479.38,19.018,9.453,21.238
4627,154.233,645.8,479.98,18.967,9.399,21.168
4628,154.267,647.32,480.84,18.13,9.151,20.308
4629,154.3,647.67,480.98,16.664,8.506,18.709
4630,154.333,648.96,481.48,14.892,7.72,16.774
4631,154.367,649.79,481.58,12.727,6.958,14.505
4632,154.4,649.1,482.03,9.7,5.692,11.246
4633,154.433,649.6,482.03,7.144,4.607,8.501
4634,154.467,648.84,481.6,5.375,3.143,6.226
4635,154.5,647.73,482.2,3.131,1.722,3.574
4636,154.533,648.46,481.55,0.897,1.146,1.455
4637,154.567,649.28,481.84,-0.498,1.033,1.147
4638,154.6,649.27,481.55,-0.462,1.692,1.754
4639,154.633,648.97,482.0,0.191,3.022,3.028
4640,154.667,648.59,481.66,1.085,4.879,4.998
4641,154.7,648.58,481.92,4.804,7.5,8.906
4642,154.733,649.18,482.18,8.387,10.23,13.229
4643,154.767,649.85,482.29,12.331,12.393,17.483
4644,154.8,649.58,482.54,16.574,13.514,21.385
4645,154.833,649.38,482.88,20.973,13.951,25.189
4646,154.867,650.86,483.2,24.561,13.404,27.981
4647,154.9,652.24,484.04,27.101,12.144,29.698
4648,154.933,652.66,484.37,29.294,10.105,30.988
4649,154.967,652.62,485.46,30.937,7.628,31.863
4650,155.0,655.33,487.18,32.309,5.098,32.708
4651,155.033,656.67,487.54,33.668,1.795,33.716
4652,155.067,658.01,487.75,34.337,-1.405,34.365
4653,155.1,658.77,487.29,33.666,-4.388,33.951
4654,155.133,660.39,487.05,31.437,-6.816,32.168
4655,155.167,663.34,486.16,29.21,-8.949,30.55
4656,155.2,661.86,484.75,27.226,-10.812,29.294
4657,155.233,663.29,483.08,25.037,-12.142,27.826
4658,155.267,664.4,482.37,21.916,-13.096,25.53
4659,155.3,664.16,482.14,19.041,-13.342,23.25
4660,155.333,664.42,481.81,16.893,-12.989,21.31
4661,155.367,665.12,481.84,16.111,-12.245,20.236
4662,155.4,666.13,481.87,16.146,-11.168,19.632
4663,155.433,667.07,481.86,16.953,-9.985,19.675
4664,155.467,666.98,481.65,18.43,-8.264,20.198
4665,155.5,667.21,481.34,21.474,-6.67,22.487
4666,155.533,667.57,481.81,24.524,-5.97,25.24
4667,155.567,667.5,482.19,27.211,-5.099,27.685
4668,155.6,668.42,481.73,30.947,-5.21,31.382
4669,155.633,671.2,481.17,34.421,-5.769,34.901
4670,155.667,671.7,480.37,36.733,-6.926,37.38
4671,155.7,671.99,480.6,36.333,-8.128,37.231
4672,155.733,673.33,479.99,34.409,-8.738,35.501
4673,155.767,676.57,479.77,31.656,-8.178,32.696
4674,155.8,677.96,479.08,29.515,-7.013,30.337
4675,155.833,679.8,478.44,26.673,-5.339,27.202
4676,155.867,680.94,478.22,24.175,-3.879,24.484
4677,155.9,681.56,478.33,22.587,-2.818,22.762
4678,155.933,681.76,478.49,22.07,-2.211,22.18
4679,155.967,682.95,478.16,21.279,-1.848,21.359
4680,156.0,682.89,478.18,21.127,-1.926,21.214
4681,156.033,682.69,478.61,20.592,-2.047,20.693
4682,156.067,683.95,477.26,21.333,-3.35,21.594
4683,156.1,681.25,478.01,22.942,-6.093,23.737
4684,156.133,680.76,478.4,25.244,-9.328,26.912
4685,156.167,680.95,478.96,26.369,-12.92,29.364
4686,156.2,682.67,479.1,27.118,-16.729,31.863
4687,156.233,687.74,478.54,29.166,-21.321,36.128
4688,156.267,690.26,477.06,32.156,-26.557,41.705
4689,156.3,689.6,475.65,34.655,-31.238,46.656
4690,156.333,693.33,473.4,37.208,-34.66,50.85
4691,156.367,695.5,472.37,40.276,-37.052,54.726
4692,156.4,696.11,471.27,43.895,-39.172,58.832
4693,156.433,695.18,470.1,47.374,-40.554,62.361
4694,156.467,696.51,468.21,50.543,-42.114,65.789
4695,156.5,696.98,466.62,53.011,-43.097,68.319
4696,156.533,699.98,464.0,55.033,-44.82,70.975
4697,156.567,699.76,462.68,56.729,-47.01,73.675
4698,156.6,700.95,462.01,57.025,-48.956,75.157
4699,156.633,701.88,460.31,57.54,-51.421,77.168
4700,156.667,704.94,458.55,58.327,-54.428,79.778
4701,156.7,709.47,457.07,59.056,-57.866,82.68
4702,156.733,711.83,456.13,59.189,-60.826,84.871
4703,156.767,714.14,456.5,57.063,-63.8,85.596
4704,156.8,717.12,454.5,53.2,-65.356,84.271
4705,156.833,720.33,451.14,49.176,-66.004,82.309
4706,156.867,721.32,447.77,43.461,-65.401,78.524
4707,156.9,721.37,445.47,36.347,-64.154,73.735
4708,156.933,722.23,441.48,27.973,-62.947,68.883
4709,156.967,723.29,438.91,21.237,-61.749,65.299
4710,157.0,723.38,434.98,14.732,-60.239,62.015
4711,157.033,723.31,433.6,8.789,-57.692,58.358
4712,157.067,722.62,431.59,3.435,-54.691,54.799
4713,157.1,722.04,430.55,0.021,-51.547,51.547
4714,157.133,722.48,429.84,-1.716,-48.617,48.647
4715,157.167,721.85,429.99,-1.373,-45.153,45.174
4716,157.2,722.01,430.14,1.194,-42.293,42.31
4717,157.233,722.42,428.52,4.023,-38.972,39.179
4718,157.267,722.33,428.35,6.797,-35.36,36.007
4719,157.3,722.7,425.86,10.994,-33.86,35.6
4720,157.333,723.62,423.9,14.848,-33.391,36.544
4721,157.367,723.73,421.93,17.095,-32.218,36.473
4722,157.4,724.25,419.82,19.315,-32.204,37.552
4723,157.433,726.83,418.95,21.615,-33.323,39.719
4724,157.467,726.13,418.13,22.313,-33.07,39.894
4725,157.5,726.92,417.54,22.821,-33.892,40.859
4726,157.533,729.07,414.89,24.095,-36.043,43.355
4727,157.567,729.2,414.55,24.52,-36.823,44.24
4728,157.6,730.03,414.08,24.324,-35.378,42.933
4729,157.633,731.12,413.58,24.045,-33.105,40.916
4730,157.667,732.59,412.12,23.11,-29.657,37.598
4731,157.7,731.51,413.36,21.991,-26.37,34.336
4732,157.733,731.64,412.19,20.341,-23.436,31.033
4733,157.767,734.04,409.76,18.139,-19.657,26.747
4734,157.8,732.75,409.78,15.791,-15.878,22.393
4735,157.833,733.15,409.17,12.942,-11.213,17.124
4736,157.867,735.02,405.56,10.108,-7.3,12.468
4737,157.9,734.94,406.0,7.414,-2.889,7.957
4738,157.933,735.05,406.2,5.085,1.478,5.296
4739,157.967,738.21,403.0,2.494,6.048,6.541
4740,158.0,738.05,404.24,0.815,9.385,9.42
4741,158.033,735.41,410.48,-0.627,10.856,10.875
4742,158.067,735.41,410.79,-2.3,11.928,12.148
4743,158.1,735.74,409.81,-3.242,11.741,12.181
4744,158.133,735.07,410.83,-3.828,10.689,11.354
4745,158.167,734.45,410.63,-4.712,8.678,9.875
4746,158.2,733.94,411.9,-5.75,6.518,8.692
4747,158.233,733.73,413.02,-5.978,2.842,6.619
4748,158.267,733.56,412.75,-5.604,-1.105,5.712
4749,158.3,733.43,411.69,-6.244,-4.667,7.795
4750,158.333,734.3,409.85,-5.457,-8.529,10.125
4751,158.367,733.92,410.89,-4.178,-12.447,13.13
4752,158.4,734.47,409.29,-3.089,-15.038,15.352
4753,158.433,734.8,408.77,-1.561,-17.235,17.306
4754,158.467,734.04,405.86,0.217,-18.881,18.882
4755,158.5,733.9,405.11,0.278,-17.641,17.643
4756,158.533,734.27,405.52,0.088,-15.296,15.296
4757,158.567,734.09,405.66,0.782,-15.367,15.387
4758,158.6,733.58,406.07,1.348,-15.309,15.368
4759,158.633,733.07,405.92,1.401,-14.159,14.228
4760,158.667,733.63,406.09,8.184,-18.205,19.96
4761,158.7,733.22,405.88,10.557,-18.797,21.558
4762,158.733,733.45,405.7,9.708,-17.018,19.592
4763,158.767,733.54,404.89,1.219,-8.749,8.833
4764,158.8,734.67,404.56,-1.867,-5.956,6.242
4765,158.833,734.37,403.64,-8.877,3.078,9.395
4766,158.867,734.71,402.71,-14.464,10.494,17.87
4767,158.9,734.56,403.16,-18.356,15.669,24.134
4768,158.933,734.5,402.88,-21.042,19.708,28.83
4769,158.967,734.63,402.75,-22.639,21.795,31.426
4770,159.0,734.99,402.3,-22.508,24.254,33.088
4771,159.033,734.47,402.22,-21.247,26.218,33.746
4772,159.067,734.28,403.52,-19.16,27.406,33.439
4773,159.1,733.98,404.39,-16.626,28.725,33.189
4774,159.133,733.88,404.95,-13.299,29.318,32.194
4775,159.167,714.97,420.44,-9.33,29.679,31.111
4776,159.2,716.44,421.8,-5.47,28.987,29.499
4777,159.233,717.63,422.65,-1.129,27.454,27.477
4778,159.267,733.27,409.79,1.967,27.112,27.183
4779,159.3,723.23,422.02,5.219,25.905,26.425
4780,159.333,733.11,409.39,7.831,23.773,25.03
4781,159.367,733.02,411.33,10.023,21.894,24.079
4782,159.4,733.21,412.06,11.144,20.645,23.461
4783,159.433,733.23,413.11,11.927,18.748,22.22
4784,159.467,733.14,415.64,11.153,18.075,21.239
4785,159.5,732.35,416.84,9.548,18.134,20.494
4786,159.533,731.82,418.9,6.93,20.497,21.637
4787,159.567,730.75,420.96,3.289,24.456,24.676
4788,159.6,730.5,421.14,-1.786,27.836,27.894
4789,159.633,729.64,422.41,-8.492,30.767,31.917
4790,159.667,728.89,422.91,-17.191,34.438,38.491
4791,159.7,728.34,424.74,-16.596,30.389,34.625
4792,159.733,727.07,426.81,-12.98,22.355,25.85
4793,159.767,729.11,423.73,-7.155,11.825,13.821
4794,159.8,728.63,424.95,-7.472,6.709,10.042
4795,159.833,728.11,426.5,-2.47,-3.871,4.592
4796,159.867,728.04,426.69,-1.515,-7.872,8.017
4797,159.9,728.64,426.45,-0.673,-11.224,11.244
4798,159.933,727.83,428.07,-0.189,-13.436,13.438
4799,159.967,729.49,426.65,-0.634,-13.545,13.56
4800,160.0,729.46,426.07,-0.985,-14.443,14.477
4801,160.033,728.86,422.11,-2.053,-13.662,13.816
4802,160.067,728.49,418.53,-3.075,-12.45,12.824
4803,160.1,728.27,418.23,-4.003,-10.959,11.667
4804,160.133,728.22,419.2,-4.951,-8.742,10.047
4805,160.167,728.46,419.31,-5.934,-5.769,8.276
4806,160.2,728.65,419.38,-7.079,-1.923,7.335
4807,160.233,726.54,422.53,-7.596,1.645,7.772
4808,160.267,726.46,423.26,-7.423,4.091,8.476
4809,160.3,726.05,424.49,-7.633,7.558,10.742
4810,160.333,726.07,424.13,-7.534,11.043,13.368
4811,160.367,726.48,423.19,-7.166,14.289,15.986
4812,160.4,726.19,423.32,-6.52,17.942,19.09
4813,160.433,725.84,423.9,-5.308,20.333,21.014
4814,160.467,726.83,422.15,-3.341,20.58,20.849
4815,160.5,725.5,425.16,-1.232,18.501,18.542
4816,160.533,726.54,424.44,1.112,14.232,14.275
4817,160.567,725.97,425.0,3.781,9.494,10.219
4818,160.6,725.92,425.29,6.533,5.517,8.551
4819,160.633,725.38,426.38,9.826,0.131,9.827
4820,160.667,725.66,426.15,12.942,-7.022,14.724
4821,160.7,726.82,425.75,15.406,-14.916,21.444
4822,160.733,726.65,425.61,16.903,-23.326,28.806
4823,160.767,727.74,425.8,19.21,-34.604,39.579
4824,160.8,727.83,426.86,21.108,-46.587,51.146
4825,160.833,728.63,426.01,21.717,-56.397,60.434
4826,160.867,730.17,423.59,22.187,-66.308,69.921
4827,160.9,731.91,418.74,21.806,-73.353,76.525
4828,160.933,732.37,416.08,21.093,-78.029,80.83
4829,160.967,733.89,411.6,19.929,-79.986,82.431
4830,161.0,733.8,409.37,18.197,-78.752,80.827
4831,161.033,734.25,405.85,16.546,-76.708,78.472
4832,161.067,734.84,402.63,14.499,-72.024,73.469
4833,161.1,735.69,397.92,11.949,-65.444,66.526
4834,161.133,734.98,395.8,9.244,-56.712,57.46
4835,161.167,734.96,394.29,6.83,-47.524,48.013
4836,161.2,735.16,392.57,4.666,-37.425,37.715
4837,161.233,735.65,391.91,2.201,-26.654,26.745
4838,161.267,734.63,394.84,0.62,-15.161,15.174
4839,161.3,734.07,397.5,-0.733,-3.752,3.823
4840,161.333,736.05,393.91,-1.281,5.102,5.261
4841,161.367,735.52,397.3,-1.362,11.055,11.139
4842,161.4,735.84,396.75,-1.571,14.628,14.712
4843,161.433,735.71,396.76,-2.196,16.339,16.486
4844,161.467,736.14,395.48,-3.084,15.133,15.444
4845,161.5,735.24,395.9,-4.603,12.341,13.172
4846,161.533,735.27,396.72,-6.108,6.737,9.094
4847,161.567,733.9,396.95,-7.449,0.221,7.452
4848,161.6,734.37,397.27,-8.902,-6.897,11.261
4849,161.633,734.2,396.42,-10.415,-13.288,16.883
4850,161.667,734.14,397.22,-11.598,-20.403,23.469
4851,161.7,733.88,397.43,-12.514,-27.449,30.167
4852,161.733,734.1,397.33,-12.889,-32.997,35.425
4853,161.767,733.32,395.15,-12.965,-38.511,40.635
4854,161.8,732.69,391.62,-11.935,-44.579,46.149
4855,161.833,731.82,389.4,-9.558,-53.686,54.53
4856,161.867,731.0,387.48,-7.554,-61.602,62.064
4857,161.9,730.47,384.43,-4.887,-71.307,71.474
4858,161.933,729.91,382.3,-2.219,-79.861,79.891
4859,161.967,730.24,380.53,0.394,-86.785,86.786
4860,162.0,730.38,378.19,2.797,-92.018,92.061
4861,162.033,730.9,376.96,5.337,-95.951,96.1
4862,162.067,730.89,373.48,7.023,-98.066,98.317
4863,162.1,731.37,369.4,8.61,-101.146,101.511
4864,162.133,731.33,364.88,8.897,-102.801,103.185
4865,162.167,732.24,362.3,8.442,-102.931,103.276
4866,162.2,733.21,358.62,7.225,-101.345,101.603
4867,162.233,733.57,352.64,4.974,-100.018,100.142
4868,162.267,733.98,349.41,1.681,-97.942,97.956
4869,162.3,734.28,343.58,-1.691,-95.769,95.784
4870,162.333,733.77,342.63,-5.583,-91.887,92.056
4871,162.367,733.61,340.93,-9.877,-87.467,88.023
4872,162.4,732.97,340.15,-13.993,-83.058,84.228
4873,162.433,732.41,337.45,-18.535,-78.685,80.838
4874,162.467,731.89,333.37,-22.418,-74.181,77.495
4875,162.5,730.39,330.91,-24.791,-71.247,75.437
4876,162.533,728.74,328.18,-26.097,-68.92,73.696
4877,162.567,727.88,323.3,-26.37,-70.522,75.291
4878,162.6,726.83,325.31,-25.193,-73.912,78.087
4879,162.633,726.66,323.01,-23.23,-78.263,81.638
4880,162.667,725.86,321.56,-20.597,-82.813,85.336
4881,162.7,724.87,317.05,-17.712,-87.208,88.988
4882,162.733,724.74,315.9,-15.216,-90.834,92.099
4883,162.767,724.31,311.56,-12.925,-91.807,92.712
4884,162.8,722.79,309.55,-10.574,-91.685,92.293
4885,162.833,722.27,305.21,-8.073,-91.061,91.418
4886,162.867,722.47,301.37,-5.208,-89.09,89.242
4887,162.9,722.31,297.51,-2.061,-88.696,88.72
4888,162.933,724.4,294.38,0.832,-86.83,86.834
4889,162.967,725.73,289.3,3.478,-85.074,85.145
4890,163.0,724.76,286.58,5.161,-82.23,82.392
4891,163.033,724.77,281.59,6.223,-78.087,78.335
4892,163.067,724.39,282.35,6.97,-73.91,74.238
4893,163.1,723.33,281.89,7.312,-67.692,68.086
4894,163.133,722.84,281.53,7.303,-62.691,63.115
4895,163.167,723.08,281.48,6.727,-57.958,58.347
4896,163.2,723.21,279.29,5.506,-54.015,54.294
4897,163.233,724.41,276.52,4.051,-50.375,50.538
4898,163.267,725.91,272.14,1.969,-47.857,47.897
4899,163.3,726.7,268.25,-0.57,-45.464,45.468
4900,163.333,726.84,269.84,-2.959,-43.92,44.019
4901,163.367,726.69,265.8,-5.067,-42.041,42.345
4902,163.4,725.5,268.86,-7.355,-40.015,40.685
4903,163.433,725.06,264.32,-8.855,-37.915,38.935
4904,163.467,723.84,264.04,-10.661,-35.75,37.306
4905,163.5,723.48,263.41,-12.847,-33.048,35.457
4906,163.533,723.32,260.85,-14.634,-29.07,32.546
4907,163.567,723.04,261.24,-16.329,-23.871,28.922
4908,163.6,722.32,260.62,-17.495,-18.9,25.754
4909,163.633,721.73,259.34,-17.733,-14.044,22.62
4910,163.667,720.6,258.87,-16.91,-10.683,20.002
4911,163.7,720.19,257.91,-15.226,-8.752,17.562
4912,163.733,719.45,259.14,-13.026,-6.944,14.762
4913,163.767,718.9,258.88,-10.798,-5.527,12.13
4914,163.8,718.49,259.55,-8.869,-3.394,9.497
4915,163.833,718.72,259.45,-7.676,-0.088,7.676
4916,163.867,718.67,258.9,-6.478,1.685,6.694
4917,163.9,719.6,258.41,-5.709,5.018,7.601
4918,163.933,719.43,258.41,-4.344,5.88,7.311
4919,163.967,718.95,257.95,-3.006,7.601,8.173
4920,164.0,718.48,259.53,-0.693,8.368,8.396
4921,164.033,718.6,258.01,2.406,8.927,9.246
4922,164.067,718.83,259.96,5.651,9.672,11.202
4923,164.1,718.74,259.81,8.881,9.855,13.266
4924,164.133,718.98,259.39,12.278,8.807,15.11
4925,164.167,718.93,261.21,15.215,7.283,16.868
4926,164.2,718.69,262.01,18.09,5.212,18.826
4927,164.233,719.42,261.34,20.244,3.372,20.523
4928,164.267,720.14,261.58,22.02,0.293,22.022
4929,164.3,720.72,261.86,23.352,-2.449,23.48
4930,164.333,722.57,261.94,24.595,-5.765,25.261
4931,164.367,723.36,262.08,25.244,-8.744,26.716
4932,164.4,725.29,260.98,25.663,-11.596,28.161
4933,164.433,726.38,260.5,24.812,-11.981,27.554
4934,164.467,728.28,260.21,23.467,-13.252,26.951
4935,164.5,728.96,260.21,21.372,-11.761,24.394
4936,164.533,728.78,258.47,19.41,-11.647,22.636
4937,164.567,729.01,257.92,16.739,-9.242,19.121
4938,164.6,729.06,255.99,13.683,-7.369,15.541
4939,164.633,728.51,256.28,10.319,-4.284,11.173
4940,164.667,728.76,256.47,6.828,0.101,6.829
4941,164.7,728.62,256.88,3.746,4.632,5.957
4942,164.733,729.21,256.91,1.235,8.229,8.321
4943,164.767,729.56,258.45,-0.909,11.395,11.431
4944,164.8,730.14,258.47,-2.49,13.152,13.386
4945,164.833,729.92,259.79,-3.584,14.325,14.766
4946,164.867,729.98,260.24,-4.716,14.14,14.905
4947,164.9,729.29,262.29,-5.539,12.652,13.812
4948,164.933,729.42,259.25,-6.633,11.204,13.021
4949,164.967,728.73,263.09,-7.68,9.168,11.96
4950,165.0,729.08,259.95,-9.053,6.469,11.127
4951,165.033,727.8,263.18,-10.408,3.311,10.922
4952,165.067,727.82,262.22,-11.583,0.082,11.583
4953,165.1,727.28,263.58,-12.714,-3.442,13.172
4954,165.133,727.24,262.82,-14.036,-4.549,14.754
4955,165.167,726.94,261.6,-14.918,-6.812,16.4
4956,165.2,726.1,259.22,-15.501,-7.056,17.031
4957,165.233,725.59,258.68,-15.438,-10.765,18.821
4958,165.267,724.95,258.26,-15.389,-13.421,20.419
4959,165.3,724.02,259.23,-15.441,-15.672,22.001
4960,165.333,723.64,258.25,-15.881,-16.989,23.256
4961,165.367,723.13,258.84,-16.053,-17.942,24.075
4962,165.4,722.95,259.38,-15.929,-18.523,24.43
4963,165.433,722.8,258.3,-15.192,-19.241,24.516
4964,165.467,722.57,257.92,-14.544,-18.051,23.181
4965,165.5,721.8,257.55,-13.853,-17.537,22.348
4966,165.533,720.83,256.2,-13.895,-15.066,20.495
4967,165.567,720.2,256.02,-13.475,-14.05,19.468
4968,165.6,719.49,255.96,-12.825,-12.268,17.748
4969,165.633,719.59,251.55,-11.858,-11.123,16.258
4970,165.667,719.41,252.81,-11.049,-10.605,15.315
4971,165.7,718.96,247.1,-10.61,-8.644,13.685
4972,165.733,718.11,253.78,-10.363,-6.742,12.364
4973,165.767,717.82,253.57,-10.047,-5.203,11.314
4974,165.8,717.87,253.17,-9.425,-3.459,10.04
4975,165.833,718.32,253.09,-8.311,-2.389,8.647
4976,165.867,718.17,252.86,-6.648,-1.705,6.863
4977,165.9,717.45,253.36,-4.232,-2.658,4.998
4978,165.933,716.51,252.82,-1.966,-5.679,6.009
4979,165.967,715.95,253.35,0.119,-9.987,9.988
4980,166.0,715.9,252.11,1.3,-14.639,14.697
4981,166.033,716.65,251.67,1.102,-20.023,20.053
4982,166.067,716.83,251.98,-0.466,-25.511,25.515
4983,166.1,716.21,250.89,-3.005,-30.924,31.07
4984,166.133,715.61,249.54,-5.833,-36.158,36.626
4985,166.167,715.25,249.61,-9.678,-39.104,40.283
4986,166.2,715.46,245.01,-15.242,-41.354,44.073
4987,166.233,716.09,244.53,-21.977,-39.161,44.907
4988,166.267,716.07,243.57,-30.584,-40.676,50.891
4989,166.3,715.57,241.11,-39.858,-41.922,57.846
4990,166.333,714.8,238.12,-51.051,-44.857,67.959
4991,166.367,712.87,235.78,-62.981,-48.689,79.607
4992,166.4,709.51,234.42,-74.79,-53.217,91.791
4993,166.433,706.52,234.01,-86.356,-58.705,104.421
4994,166.467,702.25,234.3,-95.796,-62.883,114.591
4995,166.5,698.29,232.44,-103.801,-67.451,123.791
4996,166.533,695.3,231.39,-110.56,-70.644,131.202
4997,166.567,692.64,230.55,-117.053,-72.379,137.624
4998,166.6,688.9,228.38,-123.416,-73.515,143.652
4999,166.633,683.32,225.26,-126.997,-73.125,146.545
5000,166.667,677.58,222.56,-127.51,-70.798,145.846
5001,166.7,673.15,217.51,-127.073,-68.666,144.439
5002,166.733,667.81,211.33,-125.569,-64.003,140.94
5003,166.767,665.12,209.52,-124.229,-59.198,137.613
5004,166.8,660.3,204.56,-122.43,-53.672,133.677
5005,166.833,658.83,204.45,-120.023,-47.195,128.968
5006,166.867,655.69,203.8,-117.365,-39.636,123.877
5007,166.9,651.89,204.19,-114.362,-31.555,118.635
5008,166.933,649.34,205.84,-109.313,-22.255,111.556
5009,166.967,643.71,204.49,-102.85,-13.402,103.719
5010,167.0,639.4,206.1,-95.52,-5.818,95.697
5011,167.033,635.44,206.55,-88.256,0.674,88.258
5012,167.067,633.33,206.33,-81.668,5.087,81.826
5013,167.1,633.27,206.87,-76.084,6.101,76.328
5014,167.133,629.08,206.41,-70.966,4.381,71.101
5015,167.167,623.59,204.59,-65.366,0.495,65.368
5016,167.2,622.23,204.91,-58.213,-5.267,58.451
5017,167.233,620.43,204.25,-49.849,-11.309,51.116
5018,167.267,620.95,204.82,-39.272,-16.092,42.441
5019,167.3,620.89,203.85,-28.707,-20.926,35.525
5020,167.333,620.69,203.24,-16.245,-23.239,28.354
5021,167.367,620.95,202.93,-4.644,-25.122,25.547
5022,167.4,621.8,203.54,6.553,-25.862,26.679
5023,167.433,619.87,201.18,15.723,-26.259,30.606
5024,167.467,617.59,199.93,22.515,-26.59,34.842
5025,167.5,616.98,197.94,28.809,-25.517,38.485
5026,167.533,618.35,196.18,34.671,-24.293,42.335
5027,167.567,620.52,194.65,39.531,-22.65,45.56
5028,167.6,623.16,194.93,42.767,-20.346,47.36
5029,167.633,625.85,194.98,43.046,-18.146,46.714
5030,167.667,629.08,195.17,41.512,-15.879,44.445
5031,167.7,631.18,194.81,39.674,-12.865,41.708
5032,167.733,632.98,194.42,37.311,-10.201,38.68
5033,167.767,633.33,194.1,34.284,-7.905,35.184
5034,167.8,635.17,193.93,29.39,-6.507,30.102
5035,167.833,634.12,193.03,22.59,-5.241,23.19
5036,167.867,633.85,193.1,15.36,-4.282,15.946
5037,167.9,632.18,192.7,7.15,-4.197,8.291
5038,167.933,633.71,193.46,-2.431,-5.284,5.816
5039,167.967,634.43,193.41,-12.445,-6.165,13.888
5040,168.0,634.12,193.59,-22.264,-7.199,23.399
5041,168.033,632.42,193.38,-30.292,-7.619,31.235
5042,168.067,631.5,192.97,-37.991,-7.21,38.669
5043,168.1,629.79,192.18,-44.92,-5.78,45.291
5044,168.133,627.55,191.58,-50.48,-3.695,50.615
5045,168.167,626.77,191.06,-56.326,-1.307,56.341
5046,168.2,626.03,190.53,-63.392,0.743,63.397
5047,168.233,622.61,190.14,-71.589,2.028,71.618
5048,168.267,619.9,190.66,-80.879,2.536,80.918
5049,168.3,617.54,190.99,-89.457,2.411,89.489
5050,168.333,615.98,191.04,-97.829,0.971,97.834
5051,168.367,611.42,191.08,-104.815,-0.8,104.818
5052,168.4,607.0,192.03,-109.856,-2.916,109.895
5053,168.433,602.24,192.33,-112.43,-4.782,112.531
5054,168.467,598.83,192.65,-116.009,-7.332,116.24
5055,168.5,596.77,193.11,-120.016,-9.769,120.413
5056,168.533,591.52,193.1,-124.366,-12.021,124.946
5057,168.567,588.21,192.88,-127.891,-13.81,128.634
5058,168.6,583.56,192.41,-131.039,-14.876,131.881
5059,168.633,576.25,190.46,-132.891,-14.831,133.716
5060,168.667,571.36,188.38,-133.642,-14.031,134.377
5061,168.7,567.52,186.57,-133.073,-12.376,133.647
5062,168.733,564.7,185.81,-133.929,-10.164,134.314
5063,168.767,562.73,185.29,-133.735,-7.406,133.94
5064,168.8,558.91,184.56,-134.011,-4.847,134.099
5065,168.833,554.34,185.66,-134.662,-2.901,134.693
5066,168.867,549.88,186.43,-135.382,-1.433,135.389
5067,168.9,543.17,187.01,-134.865,-0.101,134.865
5068,168.933,536.07,187.21,-132.612,0.661,132.614
5069,168.967,532.9,188.58,-128.674,1.084,128.678
5070,169.0,529.16,189.34,-122.549,0.895,122.552
5071,169.033,526.28,189.8,-115.988,-0.278,115.988
5072,169.067,522.78,189.95,-108.165,-2.154,108.186
5073,169.1,519.79,189.55,-98.372,-4.664,98.482
5074,169.133,515.59,188.41,-89.642,-7.869,89.987
5075,169.167,512.41,187.53,-78.86,-11.014,79.625
5076,169.2,506.55,186.08,-66.694,-13.39,68.025
5077,169.233,505.73,185.02,-54.713,-14.667,56.645
5078,169.267,502.7,183.74,-43.512,-15.182,46.085
5079,169.3,503.03,182.88,-33.445,-14.839,36.589
5080,169.333,504.05,183.02,-24.897,-13.394,28.271
5081,169.367,503.94,183.49,-17.856,-11.611,21.3
5082,169.4,504.35,183.54,-12.204,-9.617,15.537
5083,169.433,504.29,183.48,-7.413,-7.353,10.441
5084,169.467,505.45,183.18,-1.99,-4.797,5.193
5085,169.5,504.17,183.15,1.704,-2.766,3.249
5086,169.533,503.94,183.53,4.746,-1.182,4.891
5087,169.567,504.64,183.54,6.051,-0.172,6.053
5088,169.6,500.61,183.35,5.807,0.142,5.809
5089,169.633,503.38,183.34,3.988,-0.046,3.988
5090,169.667,503.27,183.61,1.955,-0.546,2.029
5091,169.7,502.38,183.37,-0.311,-1.405,1.439
5092,169.733,503.46,182.92,-0.77,-2.186,2.317
5093,169.767,504.31,182.72,-1.08,-2.855,3.052
5094,169.8,503.46,182.48,-0.046,-3.071,3.071
5095,169.833,503.67,182.41,1.055,-2.656,2.858
5096,169.867,503.99,182.21,1.182,-2.318,2.602
5097,169.9,503.34,182.28,1.314,-2.071,2.453
5098,169.933,504.05,182.17,0.858,-1.867,2.055
5099,169.967,503.13,182.22,0.024,-1.655,1.655
5100,170.0,503.83,182.44,-1.546,-1.267,1.999
5101,170.033,502.68,182.45,-3.428,-0.635,3.487
5102,170.067,502.71,182.42,-2.886,-0.323,2.904
5103,170.1,503.28,182.44,-3.616,-0.143,3.618
5104,170.133,504.04,182.18,-3.475,0.005,3.475
5105,170.167,503.95,182.22,-1.787,0.093,1.789
5106,170.2,503.7,182.28,-1.35,-0.387,1.404
5107,170.233,503.34,182.32,-0.806,-0.78,1.122
5108,170.267,502.56,182.35,-0.053,-1.148,1.149
5109,170.3,502.06,182.33,-0.542,-1.423,1.523
5110,170.333,501.45,181.94,-0.628,-1.574,1.695
5111,170.367,502.21,182.23,-0.174,-1.546,1.556
5112,170.4,502.05,182.12,-0.326,-1.388,1.426
5113,170.433,502.73,182.18,1.13,-0.986,1.499
5114,170.467,503.72,182.24,3.438,-0.363,3.457
5115,170.5,504.23,182.27,6.394,1.202,6.506
5116,170.533,506.84,181.84,8.578,3.118,9.127
5117,170.567,502.23,182.03,11.436,5.43,12.659
5118,170.6,503.39,182.12,13.47,7.637,15.484
5119,170.633,506.7,182.25,16.075,9.779,18.816
5120,170.667,501.6,182.27,17.752,11.841,21.339
5121,170.7,503.97,183.16,17.665,13.7,22.355
5122,170.733,505.51,183.28,17.485,15.356,23.271
5123,170.767,504.99,183.94,17.617,16.855,24.381
5124,170.8,507.63,184.5,15.692,17.52,23.52
5125,170.833,509.23,185.28,14.173,17.658,22.643
5126,170.867,509.74,186.01,15.086,17.528,23.126
5127,170.9,512.81,187.25,17.63,17.144,24.591
5128,170.933,512.28,188.25,19.351,16.873,25.674
5129,170.967,510.86,189.68,21.279,16.351,26.835
5130,171.0,510.66,189.26,23.413,15.579,28.123
5131,171.033,511.73,189.33,25.755,14.556,29.583
5132,171.067,511.56,189.0,28.303,13.282,31.265
5133,171.1,513.83,189.45,31.058,11.758,33.209
5134,171.133,512.28,189.58,34.02,9.983,35.455
5135,171.167,512.74,189.89,37.189,7.958,38.031
5136,171.2,516.29,190.07,40.564,5.681,40.96
5137,171.233,517.16,189.99,44.147,3.154,44.259
5138,171.267,517.12,189.46,47.936,0.377,47.937
5139,171.3,523.94,190.29,51.932,-2.651,52.0
5140,171.333,527.46,190.68,56.135,-5.93,56.447
5141,171.367,526.95,191.1,60.544,-9.46,61.279
5142,171.4,525.39,190.76,65.161,-13.24,66.492
