frame,t_s,x_px,y_px,vx_px_s,vy_px_s,speed_px_s
0,0.0,595.66,348.04,22.91,183.666,185.089
1,0.033,596.1,348.38,22.515,163.104,164.651
2,0.067,596.16,347.7,22.032,143.658,145.337
3,0.1,598.75,374.82,21.459,125.326,127.15
4,0.133,596.84,375.3,20.799,108.111,110.093
5,0.167,598.62,376.06,20.049,92.01,94.169
6,0.2,599.96,376.98,19.21,77.025,79.384
7,0.233,600.24,377.8,18.283,63.155,65.748
8,0.267,601.79,378.43,17.267,50.4,53.276
9,0.3,601.9,378.45,16.162,38.76,41.995
10,0.333,602.3,378.62,14.969,28.236,31.958
11,0.367,602.83,378.9,13.686,18.827,23.276
12,0.4,603.2,379.17,12.315,10.534,16.206
13,0.433,603.61,379.52,10.855,3.355,11.362
14,0.467,603.86,379.88,9.307,-2.708,9.693
15,0.5,604.05,380.14,7.669,-7.656,10.836
16,0.533,603.95,380.14,6.962,-9.085,11.446
17,0.567,604.24,379.93,5.1,-6.312,8.115
18,0.6,603.76,379.98,2.19,2.252,3.141
19,0.633,603.22,380.04,-2.955,1.143,3.169
20,0.667,603.17,380.11,-7.758,0.048,7.758
21,0.7,603.3,380.19,-11.482,-0.847,11.513
22,0.733,603.47,380.31,-13.15,-1.495,13.235
23,0.767,603.5,380.37,-13.43,-2.126,13.597
24,0.8,603.56,380.33,-13.161,-2.81,13.458
25,0.833,603.69,380.32,-11.803,-3.252,12.243
26,0.867,603.73,380.3,-9.715,-3.53,10.337
27,0.9,605.21,380.49,-7.186,-3.728,8.095
28,0.933,603.99,380.27,-4.365,-3.837,5.812
29,0.967,599.52,379.46,-1.44,-3.901,4.158
30,1.0,596.78,378.89,1.449,-3.955,4.212
31,1.033,595.54,378.5,4.136,-4.004,5.757
32,1.067,595.91,378.34,6.681,-3.965,7.769
33,1.1,597.87,378.44,8.752,-3.654,9.484
34,1.133,601.23,378.76,10.527,-3.162,10.992
35,1.167,605.92,379.31,12.131,-2.529,12.392
36,1.2,606.98,379.38,13.352,-1.782,13.47
37,1.233,605.45,378.97,14.104,-0.983,14.138
38,1.267,605.53,378.77,14.279,-0.25,14.281
39,1.3,605.61,378.69,13.977,0.388,13.983
40,1.333,605.38,378.56,13.176,0.897,13.206
41,1.367,605.25,378.51,11.591,1.2,11.653
42,1.4,605.17,378.58,9.161,1.29,9.251
43,1.433,605.13,378.67,4.99,1.019,5.093
44,1.467,605.03,378.75,0.19,0.496,0.531
45,1.5,604.97,378.82,-3.045,0.064,3.045
46,1.533,604.97,378.91,-4.557,-0.241,4.563
47,1.567,604.89,379.06,-4.262,-0.362,4.277
48,1.6,604.82,379.08,-2.562,-0.305,2.58
49,1.633,605.04,379.06,-0.126,-0.143,0.19
50,1.667,605.22,379.02,2.026,0.012,2.026
51,1.7,605.47,378.91,2.333,-0.067,2.334
52,1.733,605.66,378.8,1.816,-0.31,1.842
53,1.767,605.9,378.72,1.766,-0.469,1.827
54,1.8,605.89,378.62,1.567,-0.631,1.689
55,1.833,605.64,378.59,1.265,-0.816,1.506
56,1.867,605.66,378.63,1.036,-0.933,1.394
57,1.9,605.73,378.61,0.943,-0.945,1.335
58,1.933,605.68,378.55,1.021,-0.884,1.35
59,1.967,605.7,378.55,1.143,-0.787,1.388
60,2.0,605.75,378.6,1.388,-0.663,1.538
61,2.033,605.85,378.69,1.848,-0.517,1.919
62,2.067,605.81,378.75,2.488,-0.356,2.513
63,2.1,605.92,378.78,2.846,-0.358,2.868
64,2.133,605.96,378.75,4.164,-0.302,4.175
65,2.167,605.94,378.62,6.62,-0.135,6.622
66,2.2,606.15,378.45,10.046,0.153,10.047
67,2.233,606.48,378.36,13.684,0.471,13.692
68,2.267,606.8,378.28,17.234,0.797,17.252
69,2.3,607.26,378.3,18.498,0.689,18.511
70,2.333,607.67,378.38,16.269,-0.018,16.269
71,2.367,608.12,378.44,9.686,-1.564,9.811
72,2.4,608.45,378.43,2.412,-3.256,4.052
73,2.433,608.68,378.36,-5.109,-5.002,7.15
74,2.467,609.18,378.33,-12.056,-6.538,13.714
75,2.5,609.68,378.28,-17.693,-7.757,19.319
76,2.533,610.01,378.21,-21.244,-8.508,22.884
77,2.567,610.34,378.06,-24.0,-10.957,26.383
78,2.6,612.04,378.17,-26.1,-14.669,29.94
79,2.633,611.11,377.83,-27.51,-17.58,32.647
80,2.667,608.38,377.21,-26.273,-17.94,31.814
81,2.7,604.27,376.26,-23.432,-15.612,28.156
82,2.733,599.8,375.23,-19.354,-11.086,22.304
83,2.767,594.07,373.94,-14.4,-5.111,15.28
84,2.8,591.89,373.44,-8.703,1.966,8.922
85,2.833,593.55,373.56,-2.718,9.936,10.301
86,2.867,600.55,374.8,3.368,18.666,18.968
87,2.9,602.46,375.1,9.391,28.194,29.717
88,2.933,604.68,375.57,15.3,38.387,41.324
89,2.967,606.32,375.81,20.736,48.43,52.683
90,3.0,606.85,375.91,25.315,57.404,62.738
91,3.033,605.32,375.58,28.724,64.509,70.615
92,3.067,606.21,380.94,30.484,68.933,75.373
93,3.1,608.11,388.13,30.176,70.138,76.354
94,3.133,610.67,393.11,27.442,68.295,73.602
95,3.167,608.97,394.82,21.805,63.371,67.017
96,3.2,608.69,395.53,14.272,55.844,57.639
97,3.233,608.53,396.35,6.499,46.592,47.043
98,3.267,608.6,397.92,-0.28,36.436,36.437
99,3.3,608.51,399.71,-5.613,28.418,28.967
100,3.333,608.8,401.22,-7.241,18.643,20.0
101,3.367,609.15,402.09,-6.671,8.676,10.944
102,3.4,609.34,401.56,-5.068,2.272,5.554
103,3.433,609.11,399.47,-5.341,-10.995,12.223
104,3.467,609.08,397.08,-4.807,-22.802,23.303
105,3.5,608.88,394.77,-2.089,-27.575,27.654
106,3.533,608.43,392.77,-1.911,-37.229,37.278
107,3.567,608.31,391.66,-0.476,-42.313,42.316
108,3.6,608.37,391.66,1.398,-44.755,44.777
109,3.633,606.19,391.14,3.038,-46.301,46.401
110,3.667,606.41,391.45,3.464,-46.974,47.102
111,3.7,606.95,391.92,4.409,-45.862,46.074
112,3.733,607.01,391.91,5.657,-42.445,42.82
113,3.767,607.11,391.27,10.891,-42.295,43.675
114,3.8,611.75,384.11,14.22,-37.863,40.445
115,3.833,611.98,384.7,15.854,-30.844,34.68
116,3.867,612.72,382.98,15.761,-22.013,27.074
117,3.9,608.13,370.32,14.16,-12.247,18.721
118,3.933,613.11,382.58,11.232,-3.014,11.63
119,3.967,612.33,382.13,7.475,4.765,8.865
120,4.0,606.69,368.55,3.086,10.623,11.062
121,4.033,611.58,382.87,-1.578,13.491,13.583
122,4.067,612.26,383.83,-5.941,13.998,15.207
123,4.1,612.7,383.82,-10.177,12.083,15.798
124,4.133,612.93,383.76,-14.233,7.754,16.208
125,4.167,613.37,383.55,-16.901,1.452,16.963
126,4.2,614.14,383.19,-19.042,-6.874,20.245
127,4.233,614.38,381.83,-20.709,-17.018,26.804
128,4.267,604.17,394.44,-21.649,-28.518,35.804
129,4.3,603.86,391.45,-21.67,-40.872,46.262
130,4.333,603.77,388.39,-23.275,-50.145,55.284
131,4.367,603.9,383.39,-25.015,-59.313,64.373
132,4.4,603.93,376.53,-27.16,-67.119,72.406
133,4.433,604.11,370.43,-26.702,-66.595,71.749
134,4.467,604.15,365.85,-27.949,-69.158,74.592
135,4.5,604.01,362.04,-28.647,-69.944,75.583
136,4.533,603.58,361.18,-25.766,-60.954,66.176
137,4.567,602.36,360.28,-24.223,-55.444,60.504
138,4.6,601.21,360.11,-22.911,-49.262,54.329
139,4.633,599.69,359.92,-22.039,-42.375,47.763
140,4.667,598.42,360.27,-21.807,-35.082,41.307
141,4.7,597.34,360.73,-22.639,-27.587,35.687
142,4.733,596.23,360.95,-25.082,-19.899,32.017
143,4.767,595.38,360.71,-29.337,-11.448,31.492
144,4.8,594.56,359.93,-29.528,-10.711,31.411
145,4.833,593.68,359.02,-29.131,-12.082,31.537
146,4.867,593.14,358.19,-28.28,-15.861,32.425
147,4.9,592.58,357.27,-27.047,-20.928,34.199
148,4.933,592.21,356.52,-25.516,-25.624,36.162
149,4.967,591.44,355.57,-24.197,-29.318,38.014
150,5.0,590.44,354.06,-23.153,-31.834,39.363
151,5.033,589.36,352.24,-22.248,-32.737,39.581
152,5.067,588.24,350.41,-21.431,-32.864,39.235
153,5.1,587.38,349.08,-20.323,-31.928,37.847
154,5.133,586.65,348.03,-18.954,-30.176,35.635
155,5.167,586.06,347.38,-17.445,-27.575,32.63
156,5.2,585.6,347.12,-15.739,-24.35,28.994
157,5.233,585.16,346.87,-13.844,-20.874,25.048
158,5.267,584.78,346.38,-11.716,-17.419,20.993
159,5.3,584.48,346.02,-9.435,-14.051,16.925
160,5.333,584.14,345.33,-7.045,-10.739,12.844
161,5.367,583.98,345.03,-4.564,-7.523,8.799
162,5.4,583.63,344.68,-2.213,-4.529,5.041
163,5.433,583.32,344.25,-0.143,-1.891,1.897
164,5.467,583.74,343.98,1.475,0.179,1.486
165,5.5,584.32,343.97,2.723,1.566,3.141
166,5.533,584.59,344.23,3.639,2.503,4.417
167,5.567,584.68,344.57,4.226,3.106,5.245
168,5.6,584.54,344.83,4.664,3.589,5.885
169,5.633,584.21,345.18,4.678,3.851,6.059
170,5.667,584.56,345.52,4.053,3.853,5.592
171,5.7,584.82,345.5,3.064,3.595,4.723
172,5.733,585.01,345.49,1.769,2.882,3.382
173,5.767,585.18,345.56,0.239,1.678,1.695
174,5.8,585.24,345.62,-1.428,0.173,1.438
175,5.833,585.24,345.7,-3.1,-1.651,3.512
176,5.867,585.2,345.7,-4.538,-3.378,5.658
177,5.9,585.06,345.5,-5.733,-5.157,7.712
178,5.933,584.96,345.29,-6.512,-6.889,9.48
179,5.967,584.68,344.9,-6.691,-8.33,10.685
180,6.0,584.26,344.49,-6.609,-9.562,11.623
181,6.033,583.78,343.94,-6.466,-10.679,12.484
182,6.067,583.34,343.55,-6.161,-11.794,13.306
183,6.1,582.59,343.06,-5.421,-12.737,13.843
184,6.133,582.25,342.65,-4.031,-13.384,13.978
185,6.167,582.6,342.35,-1.848,-13.791,13.914
186,6.2,582.65,341.88,0.74,-13.99,14.01
187,6.233,582.75,341.47,3.417,-13.784,14.201
188,6.267,583.01,341.13,6.082,-13.306,14.63
189,6.3,583.39,340.72,8.613,-12.648,15.302
190,6.333,583.79,340.41,10.998,-11.937,16.231
191,6.367,584.05,339.75,13.094,-11.97,17.741
192,6.4,584.38,339.19,15.219,-10.883,18.71
193,6.433,584.84,338.67,16.938,-9.705,19.521
194,6.467,585.26,337.92,17.867,-9.119,20.06
195,6.5,585.84,337.44,17.757,-9.563,20.169
196,6.533,586.68,337.23,16.018,-12.144,20.101
197,6.567,587.66,337.28,12.984,-14.987,19.829
198,6.6,588.24,337.07,9.208,-16.76,19.123
199,6.633,588.51,336.64,4.627,-19.566,20.106
200,6.667,588.51,336.12,-0.436,-22.615,22.619
201,6.7,588.3,335.42,-6.374,-28.13,28.843
202,6.733,588.38,334.36,-12.657,-36.179,38.329
203,6.767,588.35,333.28,-19.028,-47.18,50.872
204,6.8,588.19,331.95,-24.743,-58.765,63.762
205,6.833,587.65,330.46,-28.551,-66.051,71.958
206,6.867,586.95,330.56,-30.693,-69.654,76.116
207,6.9,584.79,325.98,-31.347,-70.421,77.083
208,6.933,582.64,322.23,-30.683,-68.829,75.359
209,6.967,580.45,319.0,-28.979,-65.983,72.066
210,7.0,578.4,316.48,-26.508,-62.662,68.038
211,7.033,577.83,316.97,-23.603,-59.862,64.347
212,7.067,577.2,314.29,-20.174,-56.354,59.856
213,7.1,575.81,307.52,-16.694,-52.325,54.923
214,7.133,575.57,304.3,-13.623,-50.048,51.869
215,7.167,575.26,298.97,-10.517,-48.254,49.387
216,7.2,576.07,298.64,-7.71,-46.657,47.289
217,7.233,577.24,300.93,-5.087,-45.446,45.73
218,7.267,579.19,307.77,-2.208,-50.328,50.377
219,7.3,580.61,313.46,-0.013,-52.831,52.831
220,7.333,579.49,309.6,0.265,-47.283,47.284
221,7.367,578.38,304.98,0.11,-42.897,42.897
222,7.4,577.43,300.73,-1.04,-42.286,42.299
223,7.433,576.47,295.84,-2.828,-44.202,44.292
224,7.467,575.69,291.98,-3.815,-46.196,46.353
225,7.5,575.36,289.53,-3.493,-47.037,47.167
226,7.533,575.56,289.39,-2.857,-46.011,46.1
227,7.567,575.04,286.49,-2.772,-44.462,44.548
228,7.6,574.79,282.7,-3.083,-40.81,40.926
229,7.633,575.58,283.93,-2.987,-32.664,32.8
230,7.667,575.48,283.38,-2.972,-23.655,23.841
231,7.7,576.07,282.21,-2.742,-12.655,12.948
232,7.733,576.5,281.31,-3.199,-1.834,3.687
233,7.767,574.95,296.36,-5.236,5.789,7.806
234,7.8,574.45,296.67,-8.941,9.345,12.933
235,7.833,576.58,280.18,-14.242,7.565,16.126
236,7.867,575.8,278.44,-19.658,2.429,19.807
237,7.9,575.74,280.36,-24.696,-3.633,24.962
238,7.933,576.66,286.55,-28.6,-8.878,29.947
239,7.967,574.79,290.0,-30.29,-11.251,32.312
240,8.0,571.33,291.95,-30.278,-12.008,32.572
241,8.033,569.65,292.06,-28.962,-11.717,31.242
242,8.067,568.61,290.53,-26.411,-9.814,28.176
243,8.1,567.56,286.42,-22.466,-4.67,22.946
244,8.133,565.99,279.99,-17.538,0.624,17.55
245,8.167,564.71,277.63,-13.089,6.356,14.55
246,8.2,563.14,276.44,-8.764,11.497,14.457
247,8.233,562.53,276.39,-4.3,15.776,16.352
248,8.267,563.96,281.11,0.34,18.727,18.73
249,8.3,565.21,281.89,6.552,11.002,12.805
250,8.333,566.91,282.61,12.35,-2.138,12.534
251,8.367,568.75,288.18,16.588,-8.202,18.505
252,8.4,570.82,291.96,20.41,-12.941,24.167
253,8.433,572.13,293.23,23.476,-12.752,26.715
254,8.467,571.33,291.14,24.473,-13.667,28.03
255,8.5,571.27,290.95,24.577,-14.653,28.614
256,8.533,571.61,291.17,25.007,-15.611,29.48
257,8.567,571.25,286.73,24.885,-19.637,31.699
258,8.6,570.79,278.97,24.449,-25.41,35.262
259,8.633,570.66,278.65,23.751,-32.631,40.359
260,8.667,572.55,272.54,22.701,-41.928,47.679
261,8.7,574.96,268.9,21.394,-51.098,55.396
262,8.733,576.21,266.94,20.254,-60.682,63.973
263,8.767,576.85,267.52,19.621,-66.924,69.741
264,8.8,575.77,270.37,18.629,-70.638,73.054
265,8.833,577.74,275.1,17.182,-71.53,73.565
266,8.867,578.94,275.62,15.299,-67.531,69.242
267,8.9,579.71,279.81,13.115,-61.856,63.231
268,8.933,579.76,272.56,10.28,-56.254,57.185
269,8.967,580.39,269.87,6.963,-51.44,51.909
270,9.0,580.61,263.62,3.994,-46.578,46.749
271,9.033,580.13,253.97,0.267,-45.587,45.588
272,9.067,580.23,249.64,-4.444,-48.832,49.034
273,9.1,579.14,243.15,-9.529,-53.737,54.576
274,9.133,577.59,239.1,-14.453,-57.629,59.414
275,9.167,576.86,243.66,-18.451,-59.284,62.089
276,9.2,576.34,245.57,-22.018,-53.727,58.064
277,9.233,576.34,252.52,-25.507,-42.333,49.423
278,9.267,575.79,254.44,-28.745,-27.831,40.011
279,9.3,575.45,253.31,-31.735,-15.43,35.287
280,9.333,575.63,254.77,-33.159,-6.612,33.812
281,9.367,575.33,251.37,-34.242,-3.836,34.456
282,9.4,574.06,246.35,-35.424,-6.225,35.967
283,9.433,572.22,242.05,-35.6,-14.188,38.323
284,9.467,569.48,238.26,-33.64,-22.261,40.339
285,9.5,566.38,234.05,-30.013,-29.773,42.275
286,9.533,565.05,236.05,-25.191,-35.488,43.52
287,9.567,564.49,239.23,-19.36,-36.962,41.725
288,9.6,564.45,243.72,-13.307,-36.118,38.491
289,9.633,564.92,250.65,-6.838,-31.08,31.823
290,9.667,564.93,249.76,-0.095,-24.038,24.039
291,9.7,564.58,242.4,6.185,-20.088,21.019
292,9.733,564.12,233.16,11.597,-19.02,22.277
293,9.767,564.23,225.43,15.762,-22.648,27.593
294,9.8,565.37,225.3,19.074,-27.504,33.471
295,9.833,566.59,226.01,21.468,-31.289,37.946
296,9.867,568.06,229.22,22.644,-34.807,41.524
297,9.9,571.63,235.06,22.675,-35.404,42.042
298,9.933,573.8,237.47,21.54,-34.849,40.968
299,9.967,573.95,239.7,19.368,-34.092,39.21
300,10.0,573.38,236.07,16.786,-33.207,37.208
301,10.033,572.81,232.04,14.272,-31.53,34.61
302,10.067,572.21,227.12,11.845,-29.74,32.013
303,10.1,571.6,221.9,9.564,-28.192,29.77
304,10.133,570.85,215.49,7.409,-27.636,28.612
305,10.167,570.52,213.37,5.19,-30.72,31.155
306,10.2,570.85,214.98,3.007,-34.823,34.953
307,10.233,571.85,220.35,1.211,-36.274,36.294
308,10.267,573.14,225.44,0.152,-32.898,32.898
309,10.3,574.06,227.38,-0.112,-24.246,24.246
310,10.333,574.63,226.69,0.089,-13.489,13.49
311,10.367,574.6,222.81,0.669,-3.71,3.77
312,10.4,573.82,214.8,1.515,3.362,3.688
313,10.433,573.29,211.01,1.24,5.149,5.297
314,10.467,572.97,209.98,-0.058,3.549,3.549
315,10.5,572.8,211.35,-1.705,-1.903,2.555
316,10.533,573.35,216.0,-3.39,-8.507,9.158
317,10.567,573.37,218.82,-5.018,-15.456,16.25
318,10.6,573.09,221.17,-6.389,-21.57,22.497
319,10.633,572.59,222.11,-7.38,-27.255,28.236
320,10.667,571.95,222.34,-7.607,-29.519,30.483
321,10.7,571.65,221.36,-7.027,-28.532,29.384
322,10.733,571.44,218.48,-5.988,-26.932,27.589
323,10.767,571.33,214.21,-4.879,-27.469,27.899
324,10.8,571.26,209.41,-4.096,-31.221,31.488
325,10.833,571.21,203.75,-3.726,-37.238,37.424
326,10.867,571.32,203.13,-3.762,-43.902,44.063
327,10.9,571.35,203.72,-3.985,-48.646,48.809
328,10.933,571.33,206.14,-3.989,-47.474,47.641
329,10.967,571.19,206.46,-3.648,-40.411,40.575
330,11.0,570.99,206.16,-3.08,-29.311,29.473
331,11.033,570.86,205.27,-2.286,-15.602,15.769
332,11.067,570.79,203.66,-1.694,-1.83,2.494
333,11.1,570.66,201.4,-1.233,11.254,11.322
334,11.133,570.66,202.63,-0.802,22.79,22.804
335,11.167,570.48,202.31,-0.322,31.817,31.819
336,11.2,570.17,200.43,0.399,39.048,39.05
337,11.233,570.12,201.11,1.343,44.519,44.54
338,11.267,570.12,203.5,2.328,48.829,48.885
339,11.3,570.27,207.32,3.437,52.005,52.118
340,11.333,570.57,211.82,4.714,54.77,54.973
341,11.367,570.88,215.96,5.766,56.038,56.333
342,11.4,571.17,219.15,6.26,53.166,53.533
343,11.433,571.54,220.53,6.043,45.622,46.021
344,11.467,571.63,219.55,5.114,34.112,34.493
345,11.5,571.87,219.91,3.506,19.811,20.119
346,11.533,572.02,220.16,1.357,5.18,5.354
347,11.567,572.1,220.12,-0.885,-8.394,8.44
348,11.6,572.23,220.51,-2.901,-19.653,19.866
349,11.633,572.3,220.51,-4.538,-29.377,29.726
350,11.667,572.45,221.78,-5.63,-39.513,39.912
351,11.7,572.43,220.08,-5.94,-49.223,49.58
352,11.733,572.09,216.72,-5.406,-57.113,57.368
353,11.767,571.95,211.5,-4.11,-63.674,63.806
354,11.8,571.34,206.03,-1.964,-69.576,69.604
355,11.833,570.19,198.8,0.921,-75.695,75.701
356,11.867,569.49,195.84,4.381,-82.342,82.459
357,11.9,569.19,195.95,8.323,-89.299,89.686
358,11.933,569.38,198.4,12.582,-96.15,96.97
359,11.967,569.93,199.07,16.821,-100.895,102.288
360,12.0,571.06,200.42,20.748,-102.01,104.098
361,12.033,572.75,198.04,23.795,-97.474,100.336
362,12.067,574.16,193.03,25.831,-89.764,93.407
363,12.1,575.32,185.14,26.764,-80.606,84.934
364,12.133,576.57,179.45,26.41,-69.39,74.246
365,12.167,577.57,174.89,24.91,-58.218,63.323
366,12.2,578.33,170.83,22.424,-49.651,54.48
367,12.233,579.17,167.45,19.165,-43.444,47.483
368,12.267,580.0,164.88,15.323,-39.722,42.575
369,12.3,580.51,163.87,10.741,-35.962,37.532
370,12.333,580.81,164.87,5.839,-31.52,32.056
371,12.367,580.87,167.16,1.229,-24.091,24.122
372,12.4,580.48,170.29,-3.073,-13.329,13.678
373,12.433,579.65,174.38,-6.864,-2.413,7.276
374,12.467,578.55,176.6,-10.144,3.895,10.866
375,12.5,577.56,178.41,-12.783,5.05,13.745
376,12.533,577.12,173.14,-14.832,-0.818,14.854
377,12.567,576.8,170.21,-16.374,-12.377,20.525
378,12.6,576.61,169.42,-17.333,-27.81,32.769
379,12.633,576.82,164.51,-17.518,-44.257,47.598
380,12.667,576.92,161.38,-17.049,-60.884,63.226
381,12.7,576.62,159.92,-15.948,-76.572,78.215
382,12.733,575.93,159.33,-14.208,-89.422,90.543
383,12.767,575.09,160.83,-12.052,-97.811,98.551
384,12.8,574.5,159.78,-9.68,-99.393,99.863
385,12.833,573.8,158.51,-7.249,-94.965,95.241
386,12.867,573.0,155.39,-4.997,-86.577,86.721
387,12.9,572.63,146.52,-2.98,-75.295,75.354
388,12.933,572.39,137.89,-1.087,-63.998,64.007
389,12.967,572.56,133.75,0.911,-55.086,55.094
390,13.0,572.99,130.53,3.337,-47.87,47.986
391,13.033,573.6,129.45,6.183,-44.232,44.662
392,13.067,574.09,129.44,9.141,-40.094,41.123
393,13.1,574.7,130.35,11.925,-35.768,37.703
394,13.133,575.16,132.1,14.299,-29.976,33.212
395,13.167,575.6,134.58,15.841,-21.282,26.531
396,13.2,576.07,137.79,16.357,-12.165,20.385
397,13.233,576.47,140.21,15.882,-4.323,16.46
398,13.267,576.89,141.39,14.68,0.887,14.707
399,13.3,577.19,137.81,12.996,1.413,13.072
400,13.333,577.57,133.68,10.939,-0.521,10.952
401,13.367,578.19,130.64,8.782,-4.532,9.883
402,13.4,578.8,126.54,6.833,-8.439,10.858
403,13.433,579.36,125.5,5.106,-9.724,10.983
404,13.467,579.76,126.95,3.714,-7.687,8.537
405,13.5,579.66,127.13,2.537,-4.633,5.283
406,13.533,579.37,130.5,1.524,-1.176,1.925
407,13.567,578.89,133.23,0.494,0.573,0.757
408,13.6,578.55,136.02,-0.396,2.861,2.889
409,13.633,578.24,132.95,-1.216,5.175,5.316
410,13.667,578.07,128.91,-1.878,7.311,7.549
411,13.7,578.09,127.69,-2.302,8.413,8.723
412,13.733,578.3,128.26,-2.472,7.575,7.968
413,13.767,578.54,130.98,-2.279,4.509,5.052
414,13.8,578.78,136.11,-1.756,-1.149,2.098
415,13.833,578.91,138.87,-0.896,-6.963,7.02
416,13.867,578.93,140.2,0.189,-5.411,5.415
417,13.9,578.84,136.88,1.241,3.789,3.987
418,13.933,578.7,133.25,2.081,18.548,18.664
419,13.967,578.52,129.28,2.597,35.816,35.91
420,14.0,578.44,127.11,2.694,50.203,50.275
421,14.033,578.36,126.91,2.595,59.92,59.976
422,14.067,578.57,131.85,2.41,61.943,61.99
423,14.1,578.71,133.23,2.311,56.893,56.94
424,14.133,578.95,135.69,2.304,47.691,47.747
425,14.167,579.25,138.24,2.484,37.566,37.648
426,14.2,579.51,141.93,2.842,28.697,28.837
427,14.233,579.74,146.51,3.413,21.075,21.35
428,14.267,579.76,152.09,3.86,13.022,13.582
429,14.3,579.71,160.01,4.09,5.358,6.741
430,14.333,579.63,169.95,4.04,-4.946,6.387
431,14.367,579.55,164.78,3.592,-17.326,17.694
432,14.4,579.56,153.25,2.781,-28.982,29.115
433,14.433,579.66,142.33,1.659,-38.831,38.866
434,14.467,579.77,130.75,0.27,-45.76,45.76
435,14.5,579.99,124.99,-1.169,-48.78,48.794
436,14.533,580.09,124.11,-2.823,-47.601,47.685
437,14.567,580.15,128.3,-4.655,-42.424,42.679
438,14.6,580.13,134.29,-6.679,-35.912,36.527
439,14.633,580.08,135.18,-8.686,-26.787,28.16
440,14.667,579.85,136.12,-10.464,-15.621,18.802
441,14.7,579.5,136.1,-11.773,-2.948,12.137
442,14.733,578.72,135.31,-12.561,10.334,16.266
443,14.767,578.19,137.95,-12.714,22.85,26.149
444,14.8,577.61,137.31,-12.474,32.791,35.084
445,14.833,576.91,139.75,-11.82,36.831,38.681
446,14.867,576.4,142.97,-10.76,30.962,32.779
447,14.9,575.88,140.67,-9.332,20.656,22.666
448,14.933,575.41,140.36,-7.652,9.853,12.475
449,14.967,575.06,139.63,-5.804,0.299,5.812
450,15.0,574.48,139.33,-3.989,-5.89,7.113
451,15.033,574.42,138.85,-2.164,-7.603,7.905
452,15.067,574.77,138.34,-0.535,-6.643,6.665
453,15.1,575.38,138.08,0.875,-5.941,6.005
454,15.133,576.12,137.98,2.014,-7.379,7.649
455,15.167,576.71,137.81,2.772,-9.217,9.625
456,15.2,576.83,138.08,2.942,-12.117,12.469
457,15.233,576.79,137.97,2.65,-14.401,14.643
458,15.267,576.22,137.77,2.112,-14.389,14.543
459,15.3,576.14,137.28,1.245,-13.667,13.723
460,15.333,575.99,136.87,-0.016,-11.43,11.43
461,15.367,575.82,136.49,-1.476,-9.638,9.751
462,15.4,575.65,135.94,-3.03,-9.716,10.177
463,15.433,575.55,135.37,-4.525,-9.408,10.439
464,15.467,575.4,134.66,-6.119,-11.581,13.098
465,15.5,575.53,135.63,-7.489,-15.386,17.112
466,15.533,575.23,133.01,-8.291,-20.453,22.069
467,15.567,575.18,131.05,-8.705,-27.681,29.017
468,15.6,574.95,130.08,-8.708,-35.088,36.152
469,15.633,574.58,129.58,-8.348,-41.557,42.388
470,15.667,574.1,129.55,-7.665,-45.948,46.583
471,15.7,574.02,131.66,-6.759,-47.47,47.949
472,15.733,573.66,132.15,-5.741,-47.605,47.95
473,15.767,573.26,130.15,-4.65,-46.78,47.01
474,15.8,572.83,126.78,-3.301,-45.018,45.138
475,15.833,572.75,123.44,-1.831,-41.227,41.267
476,15.867,572.67,119.72,-0.456,-37.085,37.088
477,15.9,572.49,115.7,0.923,-31.96,31.974
478,15.933,572.28,110.93,2.241,-26.316,26.411
479,15.967,572.81,110.81,2.814,-23.678,23.845
480,16.0,573.09,110.75,2.761,-23.655,23.816
481,16.033,573.37,110.84,2.343,-25.483,25.59
482,16.067,574.04,115.25,2.069,-25.292,25.376
483,16.1,574.56,118.15,2.193,-21.363,21.476
484,16.133,574.88,120.03,2.679,-15.002,15.24
485,16.167,574.78,119.78,3.666,-5.622,6.712
486,16.2,574.44,117.14,4.838,4.579,6.661
487,16.233,574.33,116.1,5.238,10.144,11.417
488,16.267,574.21,115.86,5.17,12.046,13.109
489,16.3,574.13,115.49,4.725,11.202,12.158
490,16.333,573.77,112.12,4.037,8.52,9.428
491,16.367,573.75,111.2,3.252,4.509,5.559
492,16.4,573.42,108.03,2.515,0.265,2.528
493,16.433,573.05,104.59,2.074,-2.701,3.405
494,16.467,574.22,109.33,2.183,-2.222,3.114
495,16.5,575.82,116.46,2.647,0.683,2.733
496,16.533,577.02,122.67,3.618,6.593,7.521
497,16.567,577.72,125.56,4.856,14.492,15.284
498,16.6,577.43,124.0,5.899,21.035,21.847
499,16.633,576.86,122.69,6.876,26.872,27.737
500,16.667,575.52,116.97,7.801,31.897,32.837
501,16.7,574.39,111.89,8.857,36.943,37.99
502,16.733,574.8,114.26,9.766,41.323,42.462
503,16.767,575.14,115.53,10.157,43.311,44.486
504,16.8,575.73,117.37,9.91,41.998,43.151
505,16.833,576.65,119.89,9.008,36.844,37.929
506,16.867,577.43,123.26,7.702,30.072,31.042
507,16.9,578.28,127.07,6.274,22.858,23.703
508,16.933,579.06,130.61,5.385,19.605,20.331
509,16.967,579.67,133.0,5.615,23.498,24.16
510,17.0,579.94,134.09,5.766,28.28,28.862
511,17.033,579.83,133.22,5.422,31.347,31.812
512,17.067,579.91,133.55,4.667,31.062,31.411
513,17.1,580.31,135.34,3.755,27.259,27.516
514,17.133,580.17,134.84,2.948,20.298,20.511
515,17.167,579.62,132.66,2.402,9.521,9.819
516,17.2,578.5,127.73,2.947,-0.476,2.985
517,17.233,577.82,124.98,4.683,-7.872,9.16
518,17.267,577.68,124.33,6.903,-15.056,16.563
519,17.3,578.05,125.49,9.872,-19.262,21.644
520,17.333,578.9,129.62,13.155,-20.295,24.186
521,17.367,580.3,135.65,16.274,-18.256,24.457
522,17.4,581.56,140.51,18.747,-15.031,24.029
523,17.433,582.34,140.42,20.346,-11.751,23.496
524,17.467,582.3,134.18,20.923,-9.317,22.903
525,17.5,583.29,131.15,20.36,-7.945,21.856
526,17.533,584.49,127.55,19.066,-6.433,20.122
527,17.567,585.5,123.91,17.308,-3.513,17.661
528,17.6,585.96,120.59,15.006,-0.491,15.014
529,17.633,586.58,120.52,11.948,1.17,12.005
530,17.667,587.25,124.01,8.859,2.785,9.286
531,17.7,587.23,126.31,5.451,4.366,6.984
532,17.733,587.18,129.25,2.016,7.811,8.067
533,17.767,587.17,133.42,-1.408,13.039,13.115
534,17.8,586.24,134.02,-4.771,19.74,20.309
535,17.833,585.36,133.66,-7.946,27.334,28.466
536,17.867,584.5,131.87,-10.545,34.045,35.64
537,17.9,584.29,131.9,-12.555,37.753,39.786
538,17.933,584.24,132.7,-13.516,37.773,40.118
539,17.967,584.34,134.56,-13.825,34.441,37.112
540,18.0,584.77,137.41,-13.162,30.777,33.474
541,18.033,584.62,138.4,-12.078,25.914,28.59
542,18.067,584.23,137.92,-10.841,20.885,23.531
543,18.1,583.76,138.3,-9.661,16.466,19.091
544,18.133,583.26,139.23,-8.486,13.762,16.168
545,18.167,581.37,138.47,-7.326,12.637,14.607
546,18.2,580.37,139.14,-6.173,11.289,12.867
547,18.233,579.97,140.16,-5.611,11.449,12.75
548,18.267,580.17,141.35,-5.471,11.763,12.973
549,18.3,580.93,142.38,-5.578,10.485,11.876
550,18.333,582.06,143.05,-5.533,8.246,9.93
551,18.367,582.64,143.19,-5.294,5.088,7.343
552,18.4,582.78,142.77,-4.729,1.974,5.125
553,18.433,581.53,140.77,-3.886,-1.224,4.074
554,18.467,581.04,140.1,-2.965,-4.479,5.371
555,18.5,580.68,139.68,-2.644,-6.914,7.403
556,18.533,580.43,139.72,-2.756,-9.844,10.222
557,18.567,580.16,139.82,-2.999,-12.637,12.988
558,18.6,580.11,140.7,-3.394,-14.655,15.043
559,18.633,580.27,141.82,-3.988,-16.061,16.549
560,18.667,580.02,142.06,-4.804,-17.245,17.902
561,18.7,579.03,142.84,-4.764,-17.326,17.969
562,18.733,579.63,139.96,-3.889,-16.814,17.258
563,18.767,580.04,137.39,-2.175,-16.02,16.167
564,18.8,579.93,135.07,-0.024,-15.074,15.074
565,18.833,579.87,133.58,2.361,-14.054,14.25
566,18.867,579.95,133.31,4.538,-12.939,13.712
567,18.9,580.06,134.04,5.975,-11.685,13.124
568,18.933,579.69,135.09,6.522,-10.193,12.101
569,18.967,579.39,136.69,6.94,-7.499,10.217
570,19.0,580.42,135.6,7.061,-4.102,8.166
571,19.033,580.77,135.38,6.873,-0.262,6.878
572,19.067,580.8,135.07,6.395,3.08,7.098
573,19.1,581.0,135.06,5.744,7.471,9.424
574,19.133,581.44,134.92,4.74,11.569,12.502
575,19.167,582.17,135.06,3.47,14.046,14.468
576,19.2,582.59,135.4,2.051,14.817,14.958
577,19.233,582.85,135.84,1.312,12.212,12.283
578,19.267,582.72,136.62,0.726,7.566,7.601
579,19.3,582.74,137.27,0.297,0.932,0.979
580,19.333,582.15,137.77,-0.069,-5.937,5.937
581,19.367,581.08,137.97,-0.757,-10.171,10.199
582,19.4,580.78,138.02,-1.989,-12.428,12.586
583,19.433,580.84,138.0,-3.755,-12.578,13.127
584,19.467,580.82,137.57,-5.472,-12.078,13.26
585,19.5,580.75,136.96,-6.753,-11.892,13.675
586,19.533,580.76,136.39,-7.763,-12.315,14.558
587,19.567,580.77,137.37,-8.377,-12.907,15.387
588,19.6,580.7,134.26,-8.416,-13.418,15.839
589,19.633,580.99,131.37,-8.178,-12.92,15.291
590,19.667,580.96,129.34,-7.89,-10.799,13.374
591,19.7,581.22,127.08,-7.891,-6.848,10.448
592,19.733,580.82,127.14,-7.951,-1.996,8.197
593,19.767,579.84,129.26,-7.969,2.995,8.513
594,19.8,578.36,134.2,-7.673,7.048,10.418
595,19.833,577.12,138.75,-7.525,11.09,13.402
596,19.867,576.63,138.11,-6.981,13.919,15.572
597,19.9,576.81,137.62,-5.87,16.195,17.226
598,19.933,577.49,134.85,-4.543,17.756,18.328
599,19.967,578.15,133.36,-3.241,18.373,18.656
600,20.0,578.68,132.11,-1.984,18.085,18.193
601,20.033,578.3,134.41,-0.495,15.536,15.544
602,20.067,578.01,136.28,0.931,11.517,11.555
603,20.1,577.54,138.86,2.163,5.367,5.787
604,20.133,577.51,139.86,3.196,-0.636,3.259
605,20.167,577.74,139.54,3.766,-5.954,7.044
606,20.2,578.39,137.61,4.094,-10.066,10.866
607,20.233,578.75,136.3,3.444,-11.844,12.334
608,20.267,578.87,135.73,2.04,-11.754,11.93
609,20.3,578.51,136.82,0.426,-10.55,10.558
610,20.333,578.74,135.48,-0.979,-10.006,10.054
611,20.367,578.33,136.17,-1.891,-11.047,11.208
612,20.4,578.14,135.29,-2.366,-11.856,12.089
613,20.433,578.12,134.09,-2.603,-12.682,12.946
614,20.467,578.27,132.61,-2.939,-11.683,12.047
615,20.5,578.49,130.66,-3.21,-9.747,10.262
616,20.533,578.04,131.92,-3.402,-6.916,7.708
617,20.567,577.88,132.24,-3.127,-5.027,5.92
618,20.6,577.81,132.45,-2.942,-2.988,4.194
619,20.633,577.68,132.57,-2.952,-0.716,3.037
620,20.667,577.48,133.24,-2.752,1.347,3.064
621,20.7,576.67,133.88,-2.41,3.012,3.857
622,20.733,576.77,134.24,-2.413,5.807,6.288
623,20.767,577.05,134.67,-2.432,9.186,9.503
624,20.8,577.05,134.87,-2.322,11.679,11.907
625,20.833,577.25,134.64,-1.347,11.739,11.816
626,20.867,577.42,134.27,-0.026,11.605,11.605
627,20.9,577.57,133.92,1.415,10.708,10.801
628,20.933,577.75,133.95,2.842,8.551,9.011
629,20.967,578.15,132.83,4.001,6.37,7.522
630,21.0,577.98,133.34,4.535,6.166,7.654
631,21.033,577.38,135.23,4.599,9.04,10.143
632,21.067,576.42,138.62,4.79,12.184,13.092
633,21.1,576.56,140.05,5.355,15.479,16.379
634,21.133,577.72,139.04,6.583,17.402,18.606
635,21.167,578.14,138.56,8.327,17.149,19.064
636,21.2,578.6,138.86,10.39,14.154,17.558
637,21.233,579.79,137.08,12.844,9.746,16.123
638,21.267,580.62,135.34,15.068,4.903,15.846
639,21.3,581.36,135.93,16.735,0.442,16.741
640,21.333,580.8,138.59,17.837,-3.417,18.161
641,21.367,580.16,139.57,18.01,-5.108,18.72
642,21.4,580.33,139.72,17.352,-4.962,18.048
643,21.433,580.61,142.89,15.992,-3.132,16.295
644,21.467,581.38,145.06,14.105,-0.247,14.107
645,21.5,583.06,143.55,11.786,3.828,12.392
646,21.533,584.69,139.28,9.465,7.896,12.326
647,21.567,586.09,136.14,7.711,10.545,13.064
648,21.6,586.84,132.48,6.979,10.075,12.256
649,21.633,586.49,131.51,6.659,7.852,10.296
650,21.667,585.86,133.18,5.918,5.64,8.175
651,21.7,585.05,137.38,5.428,2.18,5.85
652,21.733,584.34,140.67,5.081,-2.209,5.541
653,21.767,583.82,143.42,4.31,-5.819,7.241
654,21.8,583.53,145.01,2.957,-7.327,7.901
655,21.833,583.4,146.6,1.485,-8.699,8.825
656,21.867,584.0,144.85,0.57,-10.308,10.323
657,21.9,584.74,142.84,0.473,-11.168,11.178
658,21.933,585.6,140.09,0.731,-10.442,10.467
659,21.967,586.39,137.17,1.881,-12.437,12.579
660,22.0,586.89,134.58,3.324,-16.045,16.386
661,22.033,587.13,132.74,4.33,-19.44,19.917
662,22.067,586.75,132.27,4.538,-20.598,21.091
663,22.1,586.01,133.54,4.007,-20.555,20.942
664,22.133,585.65,133.5,2.606,-17.386,17.58
665,22.167,586.05,132.08,0.748,-11.519,11.543
666,22.2,585.69,133.6,-1.26,-4.092,4.281
667,22.233,585.47,134.75,-2.815,1.868,3.379
668,22.267,585.58,135.52,-3.938,6.733,7.8
669,22.3,586.38,134.66,-4.646,10.347,11.342
670,22.333,586.23,136.58,-4.54,11.267,12.147
671,22.367,585.98,137.32,-3.494,9.386,10.015
672,22.4,585.64,136.83,-1.853,6.465,6.725
673,22.433,585.91,134.31,0.063,3.034,3.035
674,22.467,585.03,137.0,1.87,-0.054,1.871
675,22.5,584.77,137.39,3.257,-2.243,3.954
676,22.533,584.84,136.79,4.006,-2.935,4.966
677,22.567,585.23,135.11,3.925,-1.723,4.286
678,22.6,585.15,136.09,3.888,-1.377,4.125
679,22.633,585.5,135.53,4.37,-2.832,5.207
680,22.667,586.09,134.4,5.061,-4.481,6.76
681,22.7,586.79,132.8,5.585,-4.818,7.376
682,22.733,586.79,134.01,6.303,-4.736,7.884
683,22.767,587.14,133.96,7.117,-4.059,8.193
684,22.8,587.9,132.88,7.74,-2.505,8.135
685,22.833,588.01,134.73,6.365,0.58,6.392
686,22.867,587.78,136.2,3.964,2.253,4.559
687,22.9,587.3,137.02,1.055,2.291,2.523
688,22.933,586.83,137.31,-2.207,1.577,2.713
689,22.967,586.49,136.95,-5.912,2.481,6.411
690,23.0,586.38,136.17,-9.242,2.842,9.669
691,23.033,586.69,134.27,-12.132,3.539,12.638
692,23.067,587.72,130.58,-14.575,3.708,15.04
693,23.1,587.62,131.8,-16.653,3.355,16.988
694,23.133,586.8,134.48,-18.005,0.938,18.03
695,23.167,586.14,136.11,-18.746,-2.932,18.974
696,23.2,585.11,137.06,-18.949,-8.123,20.616
697,23.233,583.57,137.28,-18.774,-12.461,22.533
698,23.267,581.63,136.72,-17.902,-16.539,24.373
699,23.3,579.35,134.8,-16.474,-19.397,25.449
700,23.333,580.13,132.01,-14.97,-20.86,25.675
701,23.367,580.36,131.87,-13.258,-22.057,25.734
702,23.4,580.13,133.15,-11.42,-22.5,25.232
703,23.433,580.17,134.38,-9.156,-22.845,24.612
704,23.467,580.21,133.49,-6.335,-23.889,24.715
705,23.5,580.24,131.18,-3.291,-24.467,24.687
706,23.533,580.16,127.06,-0.315,-23.95,23.952
707,23.567,580.16,124.48,2.228,-21.486,21.601
708,23.6,580.27,123.16,3.6,-15.401,15.816
709,23.633,580.38,122.98,4.038,-7.692,8.687
710,23.667,580.55,123.78,3.721,0.391,3.741
711,23.7,580.64,126.85,2.876,7.293,7.839
712,23.733,580.8,128.03,1.765,12.105,12.233
713,23.767,580.85,128.49,0.582,15.27,15.282
714,23.8,580.69,128.14,-0.279,17.247,17.249
715,23.833,580.7,129.09,-0.042,17.761,17.761
716,23.867,580.65,129.85,0.204,17.09,17.091
717,23.9,580.99,129.06,0.438,15.367,15.373
718,23.933,580.9,129.41,0.664,12.4,12.418
719,23.967,580.32,132.13,0.629,8.23,8.254
720,24.0,580.06,133.55,0.292,3.904,3.915
721,24.033,580.01,134.19,-0.37,0.243,0.443
722,24.067,579.98,134.35,-1.179,-1.296,1.752
723,24.1,580.18,133.49,-1.894,-2.026,2.773
724,24.133,580.46,131.62,-2.27,-2.611,3.46
725,24.167,581.06,128.5,-2.511,-2.121,3.287
726,24.2,581.04,127.41,-2.54,-1.767,3.094
727,24.233,580.71,127.86,-2.373,-3.062,3.874
728,24.267,580.66,127.52,-2.091,-5.201,5.605
729,24.3,580.81,126.3,-1.723,-7.759,7.948
730,24.333,580.64,127.3,-1.361,-8.757,8.862
731,24.367,579.89,130.6,-1.425,-7.392,7.528
732,24.4,579.17,132.77,-1.782,-4.341,4.693
733,24.433,578.75,133.98,-2.619,0.305,2.637
734,24.467,578.66,134.15,-3.59,5.314,6.413
735,24.5,578.81,133.13,-4.431,9.552,10.53
736,24.533,579.32,131.24,-4.855,11.888,12.841
737,24.567,579.94,128.22,-4.727,11.852,12.759
738,24.6,580.28,127.39,-4.109,10.1,10.903
739,24.633,580.01,128.28,-3.239,8.73,9.311
740,24.667,580.08,127.07,-2.003,7.02,7.301
741,24.7,579.8,127.95,-0.616,5.366,5.402
742,24.733,579.42,130.17,0.906,5.731,5.802
743,24.767,578.87,133.11,2.584,7.619,8.045
744,24.8,578.16,137.17,4.317,10.305,11.172
745,24.833,577.67,138.98,5.794,14.274,15.405
746,24.867,578.02,137.18,6.91,18.291,19.553
747,24.9,578.46,135.21,7.829,21.874,23.233
748,24.933,579.16,133.93,8.594,24.038,25.528
749,24.967,579.79,133.78,9.182,24.652,26.307
750,25.0,580.85,132.44,9.509,24.587,26.362
751,25.033,581.49,133.49,9.395,24.514,26.253
752,25.067,581.77,136.45,8.608,25.592,27.001
753,25.1,582.16,139.13,7.17,27.314,28.24
754,25.133,582.82,138.26,5.104,29.26,29.702
755,25.167,582.97,140.18,2.713,30.721,30.841
756,25.2,582.72,144.77,-0.061,32.535,32.536
757,25.233,582.53,144.84,-2.901,33.745,33.869
758,25.267,582.33,143.74,-5.575,33.208,33.673
759,25.3,581.72,144.43,-7.918,31.376,32.359
760,25.333,581.01,145.51,-9.58,27.16,28.8
761,25.367,580.41,147.58,-10.301,19.656,22.191
762,25.4,579.96,147.35,-10.365,11.493,15.476
763,25.433,579.6,148.65,-9.847,3.508,10.454
764,25.467,579.26,150.36,-8.852,-4.015,9.72
765,25.5,578.93,150.56,-7.374,-10.339,12.699
766,25.533,578.87,149.78,-5.66,-15.956,16.93
767,25.567,579.04,146.64,-3.703,-20.606,20.936
768,25.6,578.98,145.87,-1.419,-24.648,24.689
769,25.633,579.04,144.57,1.003,-27.277,27.295
770,25.667,579.22,142.88,3.107,-27.684,27.858
771,25.7,579.43,141.68,4.707,-27.806,28.201
772,25.733,579.53,141.05,5.787,-27.421,28.025
773,25.767,579.52,141.83,6.115,-25.049,25.784
774,25.8,579.76,140.44,5.669,-21.57,22.302
775,25.833,580.03,138.38,4.751,-16.312,16.99
776,25.867,580.11,139.41,3.691,-9.068,9.79
777,25.9,580.27,139.31,2.696,-0.115,2.698
778,25.933,580.63,139.19,1.909,9.969,10.151
779,25.967,581.0,139.51,1.381,19.735,19.783
780,26.0,581.35,138.24,1.284,29.9,29.928
781,26.033,581.44,141.03,1.611,39.368,39.4
782,26.067,581.43,143.24,2.213,47.966,48.017
783,26.1,581.15,145.07,2.755,55.876,55.944
784,26.133,580.63,144.92,3.804,63.86,63.973
785,26.167,580.1,146.89,5.01,70.865,71.042
786,26.2,579.91,151.74,6.281,76.278,76.536
787,26.233,579.95,153.01,7.555,79.205,79.565
788,26.267,580.48,154.48,8.945,79.053,79.557
789,26.3,581.28,160.14,10.562,75.407,76.144
790,26.333,582.24,163.92,12.22,69.646,70.71
791,26.367,583.09,166.6,13.722,62.867,64.347
792,26.4,583.81,167.23,15.492,56.436,58.523
793,26.433,584.36,169.93,16.996,49.904,52.719
794,26.467,584.89,173.53,17.974,43.516,47.082
795,26.5,585.12,173.09,18.224,36.667,40.946
796,26.533,585.41,173.87,17.724,31.924,36.514
797,26.567,585.81,174.34,16.605,28.412,32.908
798,26.6,586.76,176.49,14.885,26.864,30.712
799,26.633,586.72,173.83,12.587,25.662,28.582
800,26.667,587.2,172.0,9.922,24.864,26.771
801,26.7,587.72,171.04,7.14,23.131,24.208
802,26.733,588.28,171.59,4.401,18.623,19.136
803,26.767,588.65,173.68,1.814,12.927,13.053
804,26.8,588.73,176.12,-0.602,8.442,8.464
805,26.833,588.75,179.14,-2.768,4.064,4.917
806,26.867,588.89,182.9,-4.714,1.201,4.865
807,26.9,587.88,181.47,-6.533,-1.424,6.686
808,26.933,587.46,181.66,-8.157,-1.727,8.338
809,26.967,587.07,181.88,-9.501,-0.383,9.509
810,27.0,586.84,184.04,-10.588,1.59,10.706
811,27.033,586.44,183.83,-11.392,5.568,12.68
812,27.067,585.79,181.25,-12.089,10.629,16.097
813,27.1,585.03,175.59,-12.646,14.468,19.216
814,27.133,584.56,171.98,-13.268,14.781,19.862
815,27.167,584.29,170.54,-13.399,13.471,19.0
816,27.2,584.15,171.44,-13.068,12.505,18.088
817,27.233,584.01,174.81,-12.244,13.062,17.903
818,27.267,584.01,180.95,-11.221,15.364,19.025
819,27.3,583.94,184.92,-10.748,19.132,21.944
820,27.333,583.6,187.72,-11.02,26.133,28.362
821,27.367,583.08,188.15,-11.319,33.392,35.259
822,27.4,582.72,191.75,-10.977,38.902,40.422
823,27.433,582.27,193.15,-8.796,44.25,45.116
824,27.467,581.7,192.95,-5.139,48.513,48.784
825,27.5,581.11,191.44,-0.228,51.337,51.338
826,27.533,580.79,188.71,5.435,50.818,51.107
827,27.567,581.09,184.67,11.539,47.804,49.177
828,27.6,581.63,184.52,17.455,45.035,48.299
829,27.633,582.24,187.77,23.092,45.085,50.655
830,27.667,582.89,194.31,27.885,48.901,56.293
831,27.7,583.27,199.64,31.522,56.262,64.49
832,27.733,583.33,204.31,34.008,64.942,73.307
833,27.767,583.65,208.61,35.352,71.905,80.125
834,27.8,585.88,212.33,35.343,75.244,83.131
835,27.833,589.75,209.98,34.018,75.1,82.445
836,27.867,593.23,210.21,31.774,71.442,78.189
837,27.9,595.51,211.26,28.868,65.917,71.961
838,27.933,596.12,212.9,25.187,58.372,63.574
839,27.967,596.23,214.73,20.739,50.186,54.302
840,28.0,595.75,216.91,15.826,40.107,43.117
841,28.033,594.98,220.72,10.835,28.327,30.328
842,28.067,593.8,225.12,5.932,17.553,18.528
843,28.1,593.34,226.7,1.111,10.421,10.48
844,28.133,592.65,227.25,-3.555,6.891,7.754
845,28.167,592.57,224.98,-8.009,5.904,9.949
846,28.2,592.87,220.7,-12.107,6.893,13.931
847,28.233,592.97,217.87,-15.443,11.406,19.198
848,28.267,592.91,218.5,-17.181,17.531,24.547
849,28.3,593.06,219.48,-16.845,23.95,29.28
850,28.333,593.18,221.3,-15.219,29.471,33.168
851,28.367,592.69,224.41,-13.541,36.343,38.783
852,28.4,591.78,227.44,-12.223,43.033,44.735
853,28.433,590.92,227.5,-11.305,49.951,51.214
854,28.467,590.4,225.06,-10.544,57.014,57.981
855,28.5,589.85,226.57,-10.213,65.551,66.342
856,28.533,589.16,231.42,-9.784,72.47,73.127
857,28.567,588.55,235.5,-9.164,76.834,77.379
858,28.6,587.96,239.65,-8.057,76.121,76.546
859,28.633,587.5,243.85,-6.503,69.79,70.093
860,28.667,587.44,249.1,-4.433,59.397,59.562
861,28.7,587.82,252.1,-2.191,47.11,47.161
862,28.733,588.6,250.12,-0.202,35.585,35.586
863,28.767,589.04,249.3,1.526,26.021,26.065
864,28.8,589.15,248.64,3.039,16.56,16.836
865,28.833,589.2,248.39,4.082,8.966,9.851
866,28.867,589.37,248.82,4.593,2.122,5.059
867,28.9,589.29,250.94,4.709,-4.452,6.48
868,28.933,588.98,251.74,4.359,-9.481,10.435
869,28.967,588.83,251.63,3.731,-13.03,13.554
870,29.0,589.44,246.44,3.048,-11.483,11.881
871,29.033,589.49,245.24,2.545,-5.901,6.426
872,29.067,589.66,242.5,2.332,2.011,3.079
873,29.1,589.92,242.23,2.424,11.567,11.818
874,29.133,589.74,245.64,2.856,21.791,21.977
875,29.167,589.6,247.9,3.622,29.733,29.952
876,29.2,589.54,250.04,4.566,32.556,32.874
877,29.233,589.8,251.38,5.411,29.721,30.21
878,29.267,590.07,251.5,5.853,25.185,25.856
879,29.3,590.2,254.24,5.923,19.521,20.4
880,29.333,590.4,254.08,5.77,14.264,15.387
881,29.367,590.38,256.14,5.404,10.441,11.757
882,29.4,590.38,258.65,4.669,8.491,9.69
883,29.433,591.16,258.1,3.679,6.013,7.049
884,29.467,592.0,260.96,2.694,2.988,4.023
885,29.5,592.34,260.51,1.898,-0.435,1.948
886,29.533,592.23,258.89,1.1,-1.376,1.762
887,29.567,592.02,255.71,0.394,-0.962,1.04
888,29.6,591.73,251.72,-0.504,2.07,2.13
889,29.633,591.43,246.46,-1.661,6.858,7.056
890,29.667,591.17,244.69,-2.668,11.357,11.666
891,29.7,590.93,246.54,-3.256,15.101,15.448
892,29.733,590.81,252.07,-3.298,19.212,19.493
893,29.767,590.72,256.49,-2.945,23.291,23.476
894,29.8,590.66,261.22,-2.346,26.9,27.002
895,29.833,590.51,264.3,-1.532,30.026,30.065
896,29.867,590.39,265.33,-0.506,32.744,32.748
897,29.9,590.51,263.85,0.756,33.11,33.118
898,29.933,590.82,264.09,2.249,29.613,29.698
899,29.967,591.16,264.37,3.6,24.921,25.179
900,30.0,591.27,264.42,4.578,17.431,18.022
901,30.033,590.94,264.25,5.009,8.885,10.2
902,30.067,590.78,263.74,5.012,-0.944,5.1
903,30.1,591.18,262.99,4.731,-10.185,11.23
904,30.133,591.85,262.52,4.233,-17.567,18.07
905,30.167,592.42,262.37,3.574,-20.972,21.275
906,30.2,592.62,263.72,2.838,-20.432,20.629
907,30.233,592.55,262.0,2.105,-16.894,17.024
908,30.267,592.36,260.59,1.413,-14.574,14.642
909,30.3,592.28,261.12,0.885,-12.349,12.381
910,30.333,592.31,258.13,0.735,-12.433,12.455
911,30.367,592.18,256.56,1.021,-14.868,14.903
912,30.4,592.15,256.55,1.477,-17.256,17.319
913,30.433,592.14,259.2,1.813,-17.706,17.799
914,30.467,591.91,259.74,1.895,-16.225,16.336
915,30.5,591.54,259.78,1.601,-13.992,14.084
916,30.533,591.59,258.38,0.703,-11.61,11.631
917,30.567,591.79,258.86,-1.002,-9.361,9.414
918,30.6,591.86,258.25,-4.887,-2.809,5.637
919,30.633,591.96,257.71,-7.973,3.94,8.893
920,30.667,592.11,256.83,-13.557,4.65,14.332
921,30.7,592.22,254.96,-17.593,6.379,18.714
922,30.733,592.28,251.87,-20.225,8.278,21.854
923,30.767,592.23,253.41,-21.347,9.64,23.422
924,30.8,591.87,252.73,-21.013,9.02,22.867
925,30.833,590.77,255.48,-19.578,4.974,20.2
926,30.867,589.18,260.16,-15.374,5.987,16.498
927,30.9,587.72,262.18,-12.289,6.363,13.838
928,30.933,586.33,262.92,-8.036,3.578,8.797
929,30.967,584.67,261.47,-4.441,2.382,5.039
930,31.0,582.79,261.33,-0.852,2.227,2.385
931,31.033,581.38,262.22,2.651,0.698,2.741
932,31.067,581.25,263.94,5.587,-2.456,6.103
933,31.1,585.79,254.14,7.843,-8.134,11.299
934,31.133,584.78,249.9,9.49,-14.922,17.684
935,31.167,591.95,260.64,10.558,-21.036,23.537
936,31.2,592.08,258.24,10.827,-25.509,27.711
937,31.233,592.39,253.73,9.597,-25.405,27.157
938,31.267,592.35,252.27,6.905,-20.543,21.673
939,31.3,592.11,254.68,2.838,-13.312,13.611
940,31.333,592.1,260.44,-2.394,-2.755,3.649
941,31.367,586.83,251.44,-8.235,6.643,10.58
942,31.4,589.04,252.38,-14.103,13.449,19.488
943,31.433,586.14,260.07,-19.582,16.654,25.707
944,31.467,586.4,255.14,-24.273,15.579,28.842
945,31.5,585.45,250.14,-27.602,12.818,30.433
946,31.533,584.57,249.43,-28.892,8.6,30.145
947,31.567,584.17,251.82,-27.725,3.304,27.921
948,31.6,583.72,256.43,-24.218,-3.141,24.421
949,31.633,583.02,261.48,-20.869,-5.495,21.581
950,31.667,581.83,264.51,-15.362,-2.928,15.639
951,31.7,580.52,266.8,-12.3,-4.271,13.021
952,31.733,580.51,263.64,-9.321,-4.682,10.431
953,31.767,580.58,260.64,-6.793,-2.508,7.241
954,31.8,580.68,256.8,-4.859,1.415,5.061
955,31.833,580.81,250.97,-3.675,5.141,6.319
956,31.867,580.91,249.63,-3.595,5.679,6.721
957,31.9,581.01,247.38,-1.769,10.1,10.254
958,31.933,580.96,248.48,-1.542,13.9,13.985
959,31.967,580.84,253.3,-0.672,14.827,14.842
960,32.0,580.75,256.99,-0.442,17.495,17.501
961,32.033,580.71,260.63,-0.308,21.958,21.96
962,32.067,580.66,262.95,-0.233,27.775,27.776
963,32.1,580.55,263.55,-0.423,33.748,33.75
964,32.133,580.4,266.45,-0.867,37.851,37.861
965,32.167,580.31,265.42,-1.396,38.712,38.737
966,32.2,580.26,265.66,-1.616,35.382,35.419
967,32.233,580.17,266.04,-1.265,28.634,28.662
968,32.267,580.1,266.14,-0.79,19.018,19.035
969,32.3,580.08,266.03,-0.242,6.232,6.237
970,32.333,580.12,265.48,0.258,-7.083,7.088
971,32.367,580.12,265.18,0.664,-18.412,18.424
972,32.4,580.17,265.03,0.946,-28.215,28.23
973,32.433,580.17,266.82,1.068,-34.394,34.41
974,32.467,580.37,264.07,1.102,-37.903,37.919
975,32.5,580.48,262.09,1.113,-40.494,40.509
976,32.533,580.52,262.37,1.1,-42.147,42.161
977,32.567,580.57,261.16,1.002,-43.175,43.186
978,32.6,580.63,258.94,0.771,-43.186,43.193
979,32.633,580.68,256.74,0.468,-41.677,41.679
980,32.667,580.67,253.99,0.147,-40.11,40.11
981,32.7,580.58,252.7,-0.186,-37.023,37.023
982,32.733,580.55,248.03,-0.507,-32.652,32.656
983,32.767,580.45,246.88,-0.719,-28.477,28.486
984,32.8,580.3,248.62,-0.797,-25.563,25.575
985,32.833,580.29,248.69,-0.806,-22.714,22.728
986,32.867,580.29,249.18,-0.804,-19.032,19.049
987,32.9,580.33,249.62,-0.786,-14.062,14.084
988,32.933,580.37,249.04,-0.753,-8.032,8.067
989,32.967,580.38,249.0,-0.689,-2.319,2.419
990,33.0,580.32,249.05,-0.652,4.552,4.598
991,33.033,580.21,249.38,-0.619,10.579,10.597
992,33.067,580.15,249.57,-0.53,13.349,13.36
993,33.1,580.2,249.23,-0.431,14.044,14.05
994,33.133,580.24,248.94,-0.37,13.552,13.557
995,33.167,580.29,248.44,-0.336,12.209,12.213
996,33.2,580.36,248.0,-0.305,10.421,10.425
997,33.233,580.39,246.35,-0.251,7.828,7.832
998,33.267,580.3,247.16,-0.258,6.409,6.414
999,33.3,580.12,251.28,-0.29,5.373,5.381
1000,33.333,580.0,254.18,-0.273,3.145,3.156
1001,33.367,579.97,255.95,-0.297,0.549,0.625
1002,33.4,579.99,255.96,-0.404,-2.254,2.29
1003,33.433,580.02,254.9,-0.585,-5.303,5.335
1004,33.467,580.12,252.16,-0.806,-8.132,8.172
1005,33.5,580.17,248.29,-1.046,-10.372,10.424
1006,33.533,580.2,246.96,-1.282,-13.054,13.117
1007,33.567,580.12,248.29,-1.856,-16.493,16.598
1008,33.6,580.08,248.59,-2.662,-20.495,20.667
1009,33.633,580.09,248.17,-3.318,-24.225,24.452
1010,33.667,580.02,247.27,-3.752,-26.805,27.066
1011,33.7,579.89,246.56,-3.564,-27.341,27.573
1012,33.733,579.72,245.66,-2.491,-25.104,25.227
1013,33.767,579.65,245.28,-0.737,-19.449,19.463
1014,33.8,579.59,244.69,1.449,-10.664,10.762
1015,33.833,579.46,244.79,3.942,-2.217,4.522
1016,33.867,579.42,244.83,6.555,4.378,7.882
1017,33.9,579.51,244.24,9.169,8.376,12.418
1018,33.933,579.61,243.57,11.62,9.628,15.09
1019,33.967,579.66,243.05,13.73,8.45,16.122
1020,34.0,579.71,241.21,15.425,5.929,16.526
1021,34.033,579.85,241.58,16.578,3.325,16.908
1022,34.067,581.11,243.18,16.97,2.291,17.124
1023,34.1,582.78,245.68,16.54,0.467,16.547
1024,34.133,584.06,248.34,15.125,-2.177,15.281
1025,34.167,585.53,250.23,12.696,-5.355,13.779
1026,34.2,586.25,251.01,9.371,-8.95,12.959
1027,34.233,586.02,250.04,5.637,-12.679,13.876
1028,34.267,585.63,248.68,1.939,-16.355,16.469
1029,34.3,585.37,244.22,-1.824,-19.365,19.451
1030,34.333,585.06,240.7,-4.866,-22.343,22.867
1031,34.367,584.75,238.61,-7.34,-24.822,25.884
1032,34.4,584.27,237.25,-9.411,-26.559,28.177
1033,34.433,583.67,237.11,-11.193,-26.921,29.155
1034,34.467,583.11,237.68,-12.688,-25.654,28.62
1035,34.5,582.24,238.94,-13.722,-22.613,26.451
1036,34.533,581.31,241.17,-14.179,-16.986,22.126
1037,34.567,580.59,238.66,-13.928,-9.427,16.818
1038,34.6,580.06,237.76,-12.736,-1.871,12.872
1039,34.633,580.02,237.38,-11.098,5.091,12.21
1040,34.667,580.4,237.12,-8.995,10.869,14.109
1041,34.7,581.19,237.59,-6.782,17.166,18.457
1042,34.733,581.64,238.01,-4.476,22.735,23.171
1043,34.767,581.57,239.08,-1.991,27.437,27.509
1044,34.8,582.01,238.94,0.769,28.376,28.386
1045,34.833,580.87,241.08,3.696,27.337,27.586
1046,34.867,579.99,242.43,6.704,24.689,25.583
1047,34.9,579.45,243.68,9.703,20.469,22.652
1048,34.933,579.31,244.53,12.475,15.949,20.249
1049,34.967,579.63,245.19,14.994,13.796,20.375
1050,35.0,580.29,245.54,17.03,11.001,20.274
1051,35.033,581.54,245.91,18.616,8.544,20.483
1052,35.067,583.46,245.55,19.823,2.299,19.955
1053,35.1,584.2,247.69,20.737,-2.876,20.935
1054,35.133,585.23,249.62,21.451,-6.19,22.326
1055,35.167,586.07,251.34,21.835,-7.067,22.95
1056,35.2,586.71,247.35,21.673,-4.809,22.2
1057,35.233,587.3,243.26,20.633,-1.085,20.661
1058,35.267,588.19,238.12,18.599,1.566,18.665
1059,35.3,588.85,238.39,15.864,3.825,16.319
1060,35.333,589.28,239.61,12.208,4.115,12.883
1061,35.367,589.48,242.0,8.715,4.591,9.85
1062,35.4,589.32,245.93,5.725,6.734,8.839
1063,35.433,589.27,249.04,3.4,10.965,11.48
1064,35.467,588.98,245.47,1.89,17.885,17.985
1065,35.5,588.85,246.95,1.042,23.401,23.424
1066,35.533,588.91,245.21,0.735,27.348,27.358
1067,35.567,589.11,251.4,0.637,29.814,29.821
1068,35.6,589.24,254.04,0.126,28.959,28.959
1069,35.633,589.25,254.63,-0.252,25.636,25.637
1070,35.667,589.18,253.25,-0.568,20.19,20.197
1071,35.7,589.05,248.87,-0.76,12.551,12.574
1072,35.733,588.94,245.55,-0.779,5.885,5.937
1073,35.767,589.21,247.62,-0.694,-0.51,0.861
1074,35.8,589.51,248.46,-0.733,-3.61,3.684
1075,35.833,589.92,256.03,-0.871,-4.726,4.806
1076,35.867,590.02,258.78,-1.197,-6.071,6.188
1077,35.9,589.86,258.44,-1.559,-7.064,7.234
1078,35.933,589.6,255.25,-1.85,-8.849,9.041
1079,35.967,589.04,247.71,-2.135,-11.921,12.111
1080,36.0,588.63,246.58,-2.247,-12.888,13.082
1081,36.033,588.33,245.72,-2.149,-13.715,13.882
1082,36.067,588.18,244.34,-1.954,-12.513,12.665
1083,36.1,588.44,248.8,-1.779,-13.181,13.3
1084,36.133,588.66,250.2,-1.633,-15.058,15.147
1085,36.167,588.73,250.36,-1.396,-17.228,17.284
1086,36.2,588.73,249.47,-1.062,-18.736,18.766
1087,36.233,588.68,247.15,-0.601,-17.709,17.719
1088,36.267,588.75,248.3,0.019,-13.597,13.597
1089,36.3,588.8,247.0,0.602,-8.692,8.713
1090,36.333,588.73,244.23,1.049,-2.741,2.935
1091,36.367,588.86,245.65,1.115,-0.09,1.119
1092,36.4,588.74,245.12,0.857,0.043,0.859
1093,36.433,588.71,244.47,0.385,-2.331,2.362
1094,36.467,588.75,244.36,-0.044,-4.167,4.167
1095,36.5,588.79,244.44,-0.072,-0.986,0.989
1096,36.533,588.69,244.89,0.146,3.225,3.228
1097,36.567,588.67,245.51,0.454,7.217,7.231
1098,36.6,588.72,246.03,0.629,11.033,11.051
1099,36.633,588.81,246.86,0.358,9.65,9.656
1100,36.667,588.73,246.95,-0.272,4.72,4.728
1101,36.7,588.7,246.82,-1.09,-2.783,2.989
1102,36.733,588.68,246.96,-1.75,-8.695,8.87
1103,36.767,588.64,246.88,-2.13,-11.97,12.158
1104,36.8,588.58,246.72,-2.298,-14.49,14.671
1105,36.833,588.51,246.6,-2.384,-15.811,15.99
1106,36.867,588.64,246.67,-2.418,-15.549,15.736
1107,36.9,588.84,246.78,-2.51,-15.771,15.97
1108,36.933,589.09,249.03,-2.516,-13.779,14.006
1109,36.967,588.89,247.86,-2.333,-8.847,9.15
1110,37.0,588.12,241.88,-2.004,-2.202,2.977
1111,37.033,587.43,237.67,-1.634,4.012,4.332
1112,37.067,586.93,235.36,-1.168,10.22,10.286
1113,37.1,586.89,234.06,-0.761,14.959,14.979
1114,37.133,587.33,238.45,-0.44,17.97,17.976
1115,37.167,587.88,243.74,-0.143,20.543,20.544
1116,37.2,588.47,250.66,0.22,23.566,23.567
1117,37.233,588.55,251.15,0.513,27.547,27.552
1118,37.267,588.39,250.86,0.735,31.208,31.217
1119,37.3,588.13,250.46,1.019,34.376,34.391
1120,37.333,588.04,250.95,1.316,36.804,36.827
1121,37.367,588.14,253.22,1.644,38.223,38.258
1122,37.4,588.31,256.87,1.991,38.441,38.492
1123,37.433,588.5,256.62,2.259,36.661,36.73
1124,37.467,588.41,253.7,2.254,32.612,32.69
1125,37.5,588.21,251.14,2.073,27.987,28.063
1126,37.533,588.15,252.34,2.069,26.134,26.216
1127,37.567,588.04,252.21,1.991,25.282,25.36
1128,37.6,588.21,255.15,1.911,25.578,25.649
1129,37.633,588.46,259.94,1.882,27.221,27.286
1130,37.667,588.51,262.39,1.714,27.703,27.756
1131,37.7,588.49,263.31,1.169,25.16,25.187
1132,37.733,588.73,262.34,0.207,19.624,19.625
1133,37.767,589.02,262.72,-0.755,12.642,12.664
1134,37.8,589.06,262.98,-1.67,4.007,4.341
1135,37.833,589.21,263.31,-2.542,-5.232,5.816
1136,37.867,589.31,263.71,-3.442,-14.151,14.563
1137,37.9,589.09,263.85,-4.39,-23.051,23.466
1138,37.933,588.68,265.48,-5.336,-32.785,33.217
1139,37.967,588.21,264.5,-6.238,-40.176,40.657
1140,38.0,587.66,261.6,-6.974,-41.773,42.351
1141,38.033,586.85,256.08,-7.452,-39.552,40.248
1142,38.067,586.76,254.0,-7.68,-36.581,37.379
1143,38.1,586.81,251.82,-7.546,-29.455,30.406
1144,38.133,586.63,250.12,-7.206,-20.167,21.416
1145,38.167,586.4,248.69,-6.831,-12.27,14.044
1146,38.2,586.51,249.84,-6.347,-6.626,9.176
1147,38.233,586.57,247.56,-5.681,-1.657,5.918
1148,38.267,586.11,247.25,-4.969,3.945,6.345
1149,38.3,585.71,249.9,-4.356,8.264,9.342
1150,38.333,585.54,253.19,-3.824,10.655,11.32
1151,38.367,585.56,255.97,-3.488,13.92,14.351
1152,38.4,585.64,258.82,-3.318,18.851,19.141
1153,38.433,585.61,262.23,-3.168,24.025,24.233
1154,38.467,585.46,262.6,-2.963,27.44,27.599
1155,38.5,585.33,257.72,-2.674,28.539,28.664
1156,38.533,585.22,256.69,-2.259,27.232,27.325
1157,38.567,585.13,259.66,-1.544,24.643,24.691
1158,38.6,584.89,256.98,-0.884,19.125,19.145
1159,38.633,584.7,253.62,-0.32,12.525,12.529
1160,38.667,584.73,253.5,0.305,5.52,5.528
1161,38.7,584.81,256.56,1.02,-0.7,1.237
1162,38.733,584.85,257.76,1.621,-7.033,7.217
1163,38.767,584.87,257.95,2.02,-11.517,11.693
1164,38.8,585.0,261.25,2.406,-14.198,14.401
1165,38.833,585.26,267.36,2.827,-15.945,16.194
1166,38.867,585.61,267.71,3.218,-17.72,18.01
1167,38.9,585.79,263.84,3.415,-19.097,19.4
1168,38.933,585.84,259.92,3.307,-20.512,20.777
1169,38.967,585.82,255.23,2.961,-23.224,23.412
1170,39.0,585.77,251.39,2.514,-26.645,26.763
1171,39.033,585.75,248.76,1.998,-27.823,27.895
1172,39.067,585.79,247.81,1.426,-27.961,27.998
1173,39.1,586.04,249.64,0.823,-28.871,28.883
1174,39.133,586.22,250.04,0.339,-28.242,28.244
1175,39.167,586.22,250.57,-0.03,-24.508,24.508
1176,39.2,586.15,250.03,-0.377,-18.554,18.557
1177,39.233,586.04,249.67,-0.696,-12.482,12.502
1178,39.267,585.92,249.93,-0.932,-6.181,6.25
1179,39.3,585.88,250.3,-1.037,0.704,1.253
1180,39.333,585.78,250.14,-1.007,6.062,6.145
1181,39.367,585.63,250.96,-0.833,7.849,7.893
1182,39.4,585.6,250.62,-0.576,6.276,6.303
1183,39.433,585.75,249.78,-0.275,2.865,2.878
1184,39.467,585.9,249.2,0.077,-2.09,2.091
1185,39.5,585.95,249.2,0.592,-6.044,6.073
1186,39.533,585.97,249.29,1.367,-7.63,7.751
1187,39.567,585.99,249.77,2.423,-5.885,6.364
1188,39.6,586.03,249.74,3.64,-0.947,3.761
1189,39.633,585.97,250.53,4.83,5.815,7.559
1190,39.667,586.02,250.39,5.874,12.808,14.091
1191,39.7,586.2,249.72,6.742,19.285,20.429
1192,39.733,586.43,249.53,7.347,23.318,24.448
1193,39.767,586.73,249.91,7.692,25.162,26.311
1194,39.8,587.1,250.19,7.763,24.79,25.977
1195,39.833,587.51,250.79,7.581,22.607,23.844
1196,39.867,587.8,249.61,7.22,19.76,21.038
1197,39.9,588.02,251.02,6.712,16.213,17.547
1198,39.933,588.38,254.15,6.188,14.97,16.199
1199,39.967,588.87,259.37,5.648,17.543,18.43
1200,40.0,589.23,262.98,5.081,22.225,22.798
1201,40.033,589.38,265.08,4.525,27.671,28.038
1202,40.067,589.31,264.85,4.016,33.135,33.378
1203,40.1,589.23,262.59,3.438,35.472,35.639
1204,40.133,589.07,257.84,2.838,34.763,34.879
1205,40.167,588.93,255.11,2.277,30.771,30.856
1206,40.2,588.8,252.14,1.899,26.014,26.083
1207,40.233,588.84,254.22,1.68,21.336,21.402
1208,40.267,588.93,257.23,1.653,17.034,17.114
1209,40.3,589.14,261.44,1.814,13.131,13.255
1210,40.333,589.34,266.48,2.076,10.496,10.7
1211,40.367,589.56,271.34,2.075,5.577,5.951
1212,40.4,589.96,276.58,2.006,2.033,2.856
1213,40.433,590.14,276.45,1.938,-0.152,1.944
1214,40.467,590.15,271.4,1.833,-1.576,2.417
1215,40.5,590.08,266.87,1.608,-4.068,4.374
1216,40.533,589.96,262.25,1.249,-7.397,7.501
1217,40.567,589.74,256.88,0.736,-13.292,13.313
1218,40.6,589.78,257.03,0.094,-19.674,19.674
1219,40.633,589.84,258.73,-0.805,-27.81,27.822
1220,40.667,590.03,261.89,-1.775,-33.953,34.0
1221,40.7,589.98,261.9,-2.726,-37.427,37.526
1222,40.733,589.92,261.28,-3.48,-36.401,36.567
1223,40.767,589.73,260.05,-3.86,-31.807,32.04
1224,40.8,589.37,258.31,-3.881,-24.335,24.642
1225,40.833,588.94,254.32,-3.617,-14.57,15.012
1226,40.867,589.21,258.65,-3.08,-3.185,4.431
1227,40.9,589.25,259.76,-2.484,6.682,7.129
1228,40.933,589.25,259.57,-2.153,12.669,12.851
1229,40.967,589.15,258.47,-2.136,15.505,15.651
1230,41.0,588.9,257.25,-2.333,17.511,17.666
1231,41.033,588.53,254.5,-2.574,20.095,20.259
1232,41.067,588.22,255.37,-2.768,23.814,23.974
1233,41.1,588.03,253.76,-2.732,31.779,31.896
1234,41.133,588.28,258.49,-2.551,40.187,40.268
1235,41.167,588.53,261.77,-2.332,46.46,46.518
1236,41.2,588.88,265.39,-2.184,48.963,49.012
1237,41.233,589.14,268.8,-2.05,47.145,47.19
1238,41.267,588.98,270.81,-1.917,41.51,41.554
1239,41.3,588.73,272.96,-1.691,33.683,33.726
1240,41.333,588.36,273.47,-1.271,25.011,25.043
1241,41.367,587.77,270.87,-0.544,18.755,18.763
1242,41.4,587.37,270.78,-0.046,11.823,11.823
1243,41.433,587.32,271.38,0.325,5.517,5.526
1244,41.467,587.58,273.31,0.729,1.269,1.464
1245,41.5,587.95,275.71,0.867,-1.281,1.547
1246,41.533,588.19,275.93,0.858,-2.487,2.631
1247,41.567,588.43,276.08,0.982,0.493,1.099
1248,41.6,588.49,270.79,1.281,5.264,5.417
1249,41.633,588.46,266.83,1.806,12.539,12.669
1250,41.667,588.59,265.16,2.308,20.393,20.523
1251,41.7,588.71,263.87,2.765,27.822,27.959
1252,41.733,588.87,266.78,3.081,33.744,33.884
1253,41.767,588.97,271.42,3.139,36.794,36.928
1254,41.8,588.97,275.84,3.015,38.207,38.326
1255,41.833,588.9,280.66,2.94,38.262,38.374
1256,41.867,588.71,283.88,2.938,36.841,36.958
1257,41.9,588.93,286.08,3.09,35.874,36.006
1258,41.933,589.07,287.6,3.434,35.764,35.928
1259,41.967,588.78,286.45,4.038,35.357,35.586
1260,42.0,589.17,286.41,4.871,32.934,33.292
1261,42.033,589.68,287.81,5.916,27.253,27.887
1262,42.067,589.92,285.43,7.271,20.211,21.479
1263,42.1,590.23,284.41,8.793,11.121,14.178
1264,42.133,590.48,285.09,10.318,4.3,11.178
1265,42.167,590.83,283.15,12.185,0.851,12.215
1266,42.2,591.15,282.92,13.949,1.004,13.985
1267,42.233,591.37,283.55,15.392,5.681,16.407
1268,42.267,591.72,286.79,16.174,12.319,20.331
1269,42.3,592.28,288.7,16.271,19.536,25.425
1270,42.333,592.5,289.1,15.292,26.726,30.792
1271,42.367,592.86,290.74,13.088,32.809,35.323
1272,42.4,593.56,292.3,9.985,37.587,38.89
1273,42.433,594.46,290.89,6.17,40.976,41.438
1274,42.467,595.19,290.44,1.933,42.709,42.753
1275,42.5,595.73,291.78,-2.236,43.769,43.826
1276,42.533,595.98,295.12,-6.508,43.657,44.139
1277,42.567,595.77,296.7,-10.776,41.443,42.821
1278,42.6,595.35,300.41,-14.743,39.254,41.932
1279,42.633,595.04,302.58,-18.231,37.039,41.283
1280,42.667,593.55,303.99,-21.052,34.367,40.302
1281,42.7,592.12,304.54,-23.225,32.488,39.936
1282,42.733,590.53,303.84,-24.683,32.456,40.776
1283,42.767,589.1,304.51,-25.367,33.426,41.962
1284,42.8,587.37,305.39,-25.389,33.069,41.691
1285,42.833,586.45,306.2,-24.734,32.701,41.002
1286,42.867,586.31,306.96,-23.298,32.188,39.736
1287,42.9,586.3,307.86,-21.062,30.2,36.819
1288,42.933,586.11,308.49,-18.218,26.348,32.033
1289,42.967,585.82,309.14,-15.082,22.26,26.888
1290,43.0,585.48,310.07,-11.877,19.564,22.887
1291,43.033,585.35,311.27,-8.875,17.247,19.396
1292,43.067,585.23,312.82,-6.293,14.379,15.696
1293,43.1,585.07,314.13,-4.128,13.195,13.826
1294,43.133,584.78,315.34,-2.567,11.535,11.817
1295,43.167,584.36,316.12,-1.84,9.459,9.637
1296,43.2,584.03,317.7,-1.432,7.002,7.147
1297,43.233,583.73,315.95,-1.302,3.908,4.119
1298,43.267,583.59,314.62,-1.267,2.511,2.812
1299,43.3,583.8,314.9,-3.272,6.37,7.161
1300,43.333,583.88,312.43,-4.092,8.226,9.188
1301,43.367,584.18,310.84,-3.801,8.749,9.539
1302,43.4,584.36,310.73,-2.801,8.085,8.556
1303,43.433,584.38,311.89,-1.464,6.469,6.632
1304,43.467,584.33,314.3,0.045,2.696,2.696
1305,43.5,584.21,314.3,1.741,-4.197,4.544
1306,43.533,584.15,315.73,3.71,-11.225,11.822
1307,43.567,584.14,317.62,5.904,-19.564,20.435
1308,43.6,584.01,316.04,8.534,-27.832,29.111
1309,43.633,584.03,315.66,11.958,-35.211,37.186
1310,43.667,584.01,315.57,18.893,-39.301,43.606
1311,43.7,583.88,315.66,23.541,-41.402,47.627
1312,43.733,583.71,317.44,22.39,-47.922,52.895
1313,43.767,583.54,315.98,20.672,-51.471,55.467
1314,43.8,588.97,302.45,24.009,-49.383,54.91
1315,43.833,589.65,301.15,24.762,-44.884,51.262
1316,43.867,589.98,298.78,23.262,-36.331,43.14
1317,43.9,590.23,296.21,21.103,-16.984,27.089
1318,43.933,590.81,292.94,16.204,2.308,16.367
1319,43.967,591.79,293.22,8.631,22.27,23.884
1320,44.0,592.86,298.27,-0.504,40.006,40.009
1321,44.033,593.84,299.21,-9.93,53.332,54.249
1322,44.067,594.62,304.3,-19.132,60.378,63.336
1323,44.1,594.52,308.17,-26.649,58.509,64.292
1324,44.133,592.71,311.63,-31.933,49.737,59.105
1325,44.167,581.99,309.39,-37.17,29.69,47.572
1326,44.2,581.23,308.52,-40.391,12.27,42.213
1327,44.233,590.7,322.3,-42.285,0.776,42.292
1328,44.267,592.12,327.07,-42.216,-7.308,42.844
1329,44.3,578.68,325.47,-39.641,-13.228,41.79
1330,44.333,578.13,327.64,-37.777,-11.446,39.473
1331,44.367,577.7,328.68,-33.905,-10.247,35.42
1332,44.4,573.5,309.75,-27.961,-8.993,29.371
1333,44.433,573.94,306.81,-20.306,-5.828,21.126
1334,44.467,576.22,298.37,-11.422,-0.943,11.461
1335,44.5,578.33,290.61,-2.295,5.798,6.235
1336,44.533,579.46,287.84,6.198,12.255,13.733
1337,44.567,580.73,287.88,13.266,20.073,24.061
1338,44.6,579.4,295.04,18.373,26.807,32.499
1339,44.633,576.62,306.35,20.508,32.107,38.098
1340,44.667,578.89,335.58,19.639,35.539,40.604
1341,44.7,578.05,341.74,21.463,39.928,45.331
1342,44.733,579.54,337.98,22.567,45.365,50.668
1343,44.767,581.03,331.63,17.13,43.622,46.865
1344,44.8,582.58,325.2,7.35,36.929,37.654
1345,44.833,585.06,317.86,1.628,26.574,26.624
1346,44.867,585.31,317.15,-4.396,9.983,10.908
1347,44.9,584.87,317.23,-10.432,-12.995,16.664
1348,44.933,584.22,314.94,-13.852,-30.438,33.442
1349,44.967,582.91,316.02,-16.16,-46.656,49.375
1350,45.0,581.57,315.55,-18.295,-57.112,59.971
1351,45.033,580.13,314.54,-20.551,-57.702,61.253
1352,45.067,578.46,313.5,-22.722,-48.935,53.952
1353,45.1,575.94,312.77,-24.968,-32.072,40.645
1354,45.133,574.62,312.56,-25.758,-10.748,27.911
1355,45.167,574.65,312.53,-23.592,11.384,26.195
1356,45.2,574.38,312.56,-20.941,20.608,29.381
1357,45.233,574.38,312.55,-16.718,24.422,29.596
1358,45.267,574.3,312.4,-12.316,25.679,28.48
1359,45.3,574.47,311.26,-8.685,26.965,28.329
1360,45.333,574.48,312.22,-5.631,27.513,28.083
1361,45.367,574.51,314.68,-4.002,29.692,29.96
1362,45.4,574.43,317.98,-3.182,31.21,31.372
1363,45.433,574.15,321.06,-3.118,31.608,31.761
1364,45.467,573.93,323.73,-4.338,32.17,32.462
1365,45.5,573.77,326.59,-6.685,30.999,31.712
1366,45.533,573.81,325.1,-9.771,27.981,29.638
1367,45.567,574.01,322.72,-12.827,23.366,26.655
1368,45.6,574.08,322.01,-15.18,17.029,22.813
1369,45.633,573.53,321.9,-15.949,10.737,19.226
1370,45.667,572.07,322.39,-15.857,3.789,16.303
1371,45.7,570.58,324.64,-15.519,-3.635,15.939
1372,45.733,569.32,324.17,-13.962,-11.309,17.968
1373,45.767,568.47,324.79,-11.596,-19.795,22.941
1374,45.8,569.27,322.68,-8.843,-26.99,28.402
1375,45.833,569.2,323.68,-5.766,-31.05,31.581
1376,45.867,568.81,323.27,-2.379,-31.748,31.837
1377,45.9,568.16,322.24,1.169,-29.687,29.71
1378,45.933,567.48,320.66,4.333,-25.761,26.123
1379,45.967,568.01,318.29,7.246,-19.046,20.378
1380,46.0,569.49,315.95,10.191,-10.229,14.439
1381,46.033,571.14,314.82,13.338,-0.912,13.369
1382,46.067,572.07,314.28,16.742,9.405,19.203
1383,46.1,572.32,315.44,20.163,18.316,27.24
1384,46.133,572.18,313.65,23.187,23.126,32.748
1385,46.167,573.2,313.51,25.807,22.454,34.208
1386,46.2,574.83,313.94,28.054,15.593,32.096
1387,46.233,574.74,315.23,30.259,2.848,30.392
1388,46.267,574.91,320.16,32.553,-11.244,34.441
1389,46.3,575.89,323.48,34.738,-25.344,43.0
1390,46.333,576.68,326.03,35.735,-36.355,50.977
1391,46.367,577.43,327.2,35.35,-45.493,57.613
1392,46.4,578.21,327.81,33.784,-51.766,61.815
1393,46.433,580.3,328.1,31.517,-53.46,62.058
1394,46.467,582.71,323.73,29.316,-51.543,59.297
1395,46.5,584.78,316.64,27.071,-46.041,53.41
1396,46.533,586.39,307.29,24.302,-35.864,43.322
1397,46.567,587.19,296.45,20.574,-23.158,30.978
1398,46.6,587.4,289.56,16.147,-9.25,18.608
1399,46.633,587.52,287.23,11.561,3.948,12.216
1400,46.667,587.32,289.69,7.503,16.858,18.453
1401,46.7,587.62,297.36,3.687,29.855,30.082
1402,46.733,587.29,307.51,-0.178,43.331,43.331
1403,46.767,586.37,314.85,-3.103,55.266,55.353
1404,46.8,585.28,320.87,-4.805,62.701,62.885
1405,46.833,584.35,324.69,-5.558,65.359,65.594
1406,46.867,584.47,328.58,-5.265,63.175,63.394
1407,46.9,585.03,331.44,-3.91,56.681,56.816
1408,46.933,585.76,329.95,-1.439,46.203,46.226
1409,46.967,585.91,329.27,1.354,32.24,32.268
1410,47.0,585.63,328.4,3.85,17.783,18.195
1411,47.033,585.39,323.73,5.676,3.176,6.504
1412,47.067,585.72,320.53,6.772,-7.408,10.037
1413,47.1,586.36,318.27,7.272,-11.925,13.968
1414,47.133,587.08,317.32,7.278,-11.102,13.275
1415,47.167,587.51,318.74,7.028,-4.137,8.155
1416,47.2,587.9,318.63,6.615,7.555,10.042
1417,47.233,588.3,316.67,5.503,20.032,20.774
1418,47.267,588.53,317.6,4.517,32.636,32.947
1419,47.3,588.4,320.49,3.68,43.491,43.646
1420,47.333,588.18,324.73,2.807,51.49,51.566
1421,47.367,587.91,329.43,2.326,54.962,55.011
1422,47.4,587.7,334.0,2.196,53.115,53.16
1423,47.433,587.41,337.89,2.463,46.768,46.833
1424,47.467,587.17,339.62,1.753,35.604,35.647
1425,47.5,587.15,338.23,-0.088,18.415,18.416
1426,47.533,587.5,339.57,-1.985,-0.736,2.117
1427,47.567,587.77,336.77,-4.33,-20.429,20.882
1428,47.6,588.06,334.73,-6.23,-38.334,38.837
1429,47.633,588.55,335.26,-7.541,-52.967,53.502
1430,47.667,588.49,333.21,-8.26,-63.33,63.866
1431,47.7,588.32,330.32,-8.428,-69.854,70.361
1432,47.733,588.63,329.42,-8.442,-72.643,73.131
1433,47.767,587.47,323.34,-8.248,-70.336,70.817
1434,47.8,586.61,318.82,-7.625,-62.869,63.33
1435,47.833,586.69,313.95,-6.615,-51.502,51.925
1436,47.867,586.38,312.29,-4.435,-36.619,36.887
1437,47.9,585.24,310.94,-1.672,-20.856,20.923
1438,47.933,582.91,307.05,1.311,-7.495,7.609
1439,47.967,582.87,308.26,4.883,3.786,6.179
1440,48.0,584.33,314.7,9.056,13.47,16.231
1441,48.033,584.86,315.59,13.674,21.794,25.729
1442,48.067,587.35,320.6,18.444,27.518,33.127
1443,48.1,588.41,323.67,22.978,32.445,39.758
1444,48.133,589.04,325.68,26.324,36.127,44.7
1445,48.167,589.4,326.09,28.242,37.478,46.928
1446,48.2,589.87,325.23,28.633,36.359,46.28
1447,48.233,591.22,326.24,23.356,38.55,45.073
1448,48.267,592.57,327.88,19.157,37.203,41.845
1449,48.3,593.54,327.58,16.256,35.038,38.626
1450,48.333,594.98,327.27,14.319,32.352,35.379
1451,48.367,594.58,324.0,17.005,25.812,30.91
1452,48.4,595.01,322.47,17.503,21.284,27.557
1453,48.433,596.08,325.94,16.619,18.876,25.149
1454,48.467,596.36,327.87,15.755,20.995,26.249
1455,48.5,596.22,328.95,14.59,25.949,29.77
1456,48.533,595.6,332.0,12.535,30.41,32.892
1457,48.567,594.29,334.46,10.211,37.177,38.553
1458,48.6,592.79,336.73,2.76,42.631,42.721
1459,48.633,592.58,339.53,1.23,50.808,50.823
1460,48.667,592.26,341.35,-0.745,52.786,52.791
1461,48.7,592.55,345.59,-2.795,49.87,49.948
1462,48.733,604.65,336.14,-4.645,43.489,43.736
1463,48.767,604.22,335.99,-10.22,27.949,29.759
1464,48.8,603.92,335.8,-13.741,12.617,18.655
1465,48.833,603.68,335.26,-15.549,-1.786,15.651
1466,48.867,591.45,346.99,-13.003,-8.987,15.806
1467,48.9,591.19,347.52,-10.898,-16.115,19.454
1468,48.933,590.99,348.26,-9.454,-22.505,24.41
1469,48.967,590.62,347.91,-8.92,-29.243,30.573
1470,49.0,590.07,346.73,-9.305,-36.696,37.858
1471,49.033,589.84,345.34,-10.182,-43.157,44.342
1472,49.067,589.77,340.81,-10.978,-48.804,50.023
1473,49.1,600.9,336.95,-10.811,-52.598,53.698
1474,49.133,589.66,320.45,-9.293,-55.254,56.03
1475,49.167,589.58,320.01,-6.744,-57.871,58.263
1476,49.2,589.61,319.63,-2.643,-59.341,59.4
1477,49.233,589.53,319.49,3.043,-60.784,60.86
1478,49.267,599.49,335.14,2.958,-56.18,56.258
1479,49.3,599.07,334.49,1.623,-47.541,47.569
1480,49.333,598.73,334.26,-1.571,-35.755,35.79
1481,49.367,589.12,317.56,-7.114,-21.02,22.191
1482,49.4,588.97,317.2,-8.538,-12.182,14.876
1483,49.433,588.85,317.19,-10.073,-6.115,11.784
1484,49.467,588.54,316.08,-11.281,-2.244,11.502
1485,49.5,589.05,318.38,-11.719,0.06,11.719
1486,49.533,589.54,319.99,-11.025,0.903,11.062
1487,49.567,589.86,321.15,-8.872,1.259,8.961
1488,49.6,589.7,320.58,-5.299,2.251,5.758
1489,49.633,589.87,321.36,-7.411,2.033,7.685
1490,49.667,590.33,323.98,-4.765,8.398,9.656
1491,49.7,590.36,324.98,-1.289,15.691,15.744
1492,49.733,589.92,323.94,2.992,23.742,23.93
1493,49.767,589.93,324.62,7.894,31.431,32.408
1494,49.8,589.2,322.0,11.761,30.036,32.257
1495,49.833,588.69,320.32,11.349,24.039,26.583
1496,49.867,588.26,318.96,2.014,12.136,12.302
1497,49.9,588.82,321.23,-2.964,5.94,6.638
1498,49.933,589.88,325.77,-6.51,1.468,6.673
1499,49.967,590.58,328.86,-8.372,-0.234,8.376
1500,50.0,590.98,330.82,-9.252,-0.384,9.26
1501,50.033,591.21,332.32,-10.224,-2.467,10.517
1502,50.067,590.59,330.0,-11.684,-7.263,13.757
1503,50.1,589.7,326.23,-13.8,-15.216,20.542
1504,50.133,589.4,324.84,-16.476,-25.745,30.566
1505,50.167,588.97,323.14,-18.358,-34.515,39.093
1506,50.2,588.28,320.6,-19.535,-42.203,46.505
1507,50.233,587.44,317.79,-19.745,-47.971,51.876
1508,50.267,587.15,317.17,-19.356,-52.215,55.687
1509,50.3,574.91,315.08,-18.772,-56.29,59.338
1510,50.333,574.64,315.49,-17.567,-57.947,60.551
1511,50.367,587.71,318.97,-15.72,-56.764,58.901
1512,50.4,587.63,319.42,-13.17,-52.36,53.991
1513,50.433,586.21,315.87,-9.762,-43.78,44.855
1514,50.467,583.36,307.91,-6.24,-33.563,34.139
1515,50.5,581.4,301.87,-2.92,-23.179,23.362
1516,50.533,580.59,299.23,-0.196,-14.138,14.139
1517,50.567,580.69,299.31,1.862,-6.625,6.882
1518,50.6,581.81,302.74,3.689,1.775,4.094
1519,50.633,584.33,310.75,5.45,12.091,13.262
1520,50.667,584.33,311.07,6.686,22.733,23.695
1521,50.7,583.91,310.45,7.286,33.702,34.481
1522,50.733,582.76,308.29,7.183,44.855,45.426
1523,50.767,582.59,308.78,6.031,54.576,54.908
1524,50.8,582.91,311.41,3.292,60.782,60.872
1525,50.833,583.41,314.41,6.339,65.202,65.51
1526,50.867,584.14,318.09,11.333,66.719,67.674
1527,50.9,585.21,323.17,10.724,63.45,64.35
1528,50.933,584.92,322.82,9.052,55.785,56.515
1529,50.967,584.89,322.63,6.992,45.767,46.298
1530,51.0,585.08,323.98,5.605,36.628,37.054
1531,51.033,585.87,327.91,5.019,29.269,29.696
1532,51.067,586.56,331.47,5.244,24.192,24.754
1533,51.1,586.82,332.52,5.783,20.108,20.923
1534,51.133,586.71,332.0,6.118,15.187,16.373
1535,51.167,586.52,331.15,5.214,6.765,8.541
1536,51.2,586.1,328.57,3.989,-1.717,4.343
1537,51.233,585.55,325.08,2.709,-8.947,9.348
1538,51.267,585.65,324.52,2.256,-12.018,12.227
1539,51.3,586.39,326.64,2.369,-11.679,11.917
1540,51.333,586.83,327.23,3.342,-7.013,7.769
1541,51.367,587.18,327.75,4.609,-0.481,4.634
1542,51.4,587.29,327.58,5.863,6.336,8.633
1543,51.433,587.5,327.82,6.614,11.571,13.328
1544,51.467,587.63,327.85,7.365,17.096,18.615
1545,51.5,587.79,328.11,8.021,22.904,24.268
1546,51.533,587.98,328.56,8.724,28.919,30.206
1547,51.567,587.76,327.48,9.04,32.956,34.173
1548,51.6,588.02,328.26,9.096,35.21,36.366
1549,51.633,588.39,330.86,8.95,36.187,37.277
1550,51.667,588.92,334.0,8.771,36.562,37.599
1551,51.7,589.62,337.56,8.55,36.296,37.29
1552,51.733,590.56,341.34,8.379,35.916,36.88
1553,51.767,590.96,342.56,8.365,35.953,36.914
1554,51.8,591.43,343.97,8.209,34.939,35.89
1555,51.833,590.64,340.18,7.335,30.878,31.737
1556,51.867,590.43,338.93,6.226,25.018,25.781
1557,51.9,590.28,338.68,4.753,16.958,17.612
1558,51.933,590.38,339.06,2.865,6.933,7.501
1559,51.967,590.7,340.13,0.612,-4.575,4.616
1560,52.0,591.26,341.91,-1.868,-16.444,16.55
1561,52.033,591.46,342.62,-4.468,-26.985,27.352
1562,52.067,591.86,344.46,-7.029,-35.46,36.15
1563,52.1,591.7,344.29,-8.879,-38.208,39.226
1564,52.133,591.42,343.44,-9.636,-35.101,36.399
1565,52.167,590.86,341.19,-9.696,-29.2,30.767
1566,52.2,590.17,337.92,-9.191,-21.838,23.693
1567,52.233,589.46,334.5,-8.196,-14.462,16.623
1568,52.267,588.78,331.32,-7.095,-8.757,11.271
1569,52.3,588.24,329.09,-5.885,-3.379,6.786
1570,52.333,588.34,328.68,-4.5,1.169,4.65
1571,52.367,587.65,327.45,-1.982,10.764,10.945
1572,52.4,587.22,328.05,1.147,22.473,22.503
1573,52.433,587.33,330.94,4.358,33.64,33.922
1574,52.467,587.65,335.31,7.08,42.186,42.776
1575,52.5,588.23,340.67,8.803,46.107,46.94
1576,52.533,589.14,344.96,9.066,43.831,44.759
1577,52.567,590.31,349.62,8.095,37.268,38.137
1578,52.6,591.09,349.09,6.05,25.783,26.483
1579,52.633,590.74,345.34,3.569,12.829,13.316
1580,52.667,590.98,344.29,0.885,-1.528,1.766
1581,52.7,591.29,343.85,-1.826,-16.304,16.406
1582,52.733,591.33,344.35,-4.27,-29.699,30.004
1583,52.767,591.5,346.74,-6.255,-40.131,40.616
1584,52.8,591.81,347.77,-7.628,-46.643,47.263
1585,52.833,591.46,348.53,-8.245,-47.176,47.891
1586,52.867,589.72,339.88,-8.538,-43.021,43.86
1587,52.9,587.79,331.82,-8.094,-34.339,35.28
1588,52.933,586.28,325.85,-6.971,-20.568,21.718
1589,52.967,585.37,322.42,-5.514,-2.626,6.107
1590,53.0,585.27,322.71,-3.795,15.545,16.002
1591,53.033,586.13,327.29,-1.954,29.483,29.548
1592,53.067,587.36,331.1,-0.416,40.152,40.155
1593,53.1,588.48,337.06,0.612,45.474,45.478
1594,53.133,589.04,338.85,1.114,46.053,46.067
1595,53.167,589.34,341.94,1.584,43.294,43.323
1596,53.2,589.71,346.02,1.626,39.055,39.089
1597,53.233,589.8,349.65,0.999,33.789,33.804
1598,53.267,589.71,352.36,-0.08,24.86,24.86
1599,53.3,589.39,354.91,-1.983,14.178,14.316
1600,53.333,588.65,353.0,-4.984,3.752,6.238
1601,53.367,588.02,351.42,-8.668,-9.36,12.757
1602,53.4,587.26,350.89,-12.164,-21.397,24.613
1603,53.433,586.52,346.55,-14.882,-31.199,34.567
1604,53.467,586.08,338.54,-16.528,-37.961,41.403
1605,53.5,585.64,333.2,-16.931,-41.177,44.522
1606,53.533,585.13,333.75,-16.259,-40.598,43.733
1607,53.567,584.99,331.21,-15.187,-35.905,38.985
1608,53.6,584.64,329.96,-13.947,-29.133,32.299
1609,53.633,584.18,332.02,-12.789,-22.257,25.669
1610,53.667,583.57,337.31,-11.628,-12.93,17.39
1611,53.7,583.09,338.75,-10.428,-0.716,10.453
1612,53.733,582.87,339.19,-9.293,11.768,14.994
1613,53.767,582.23,345.51,-8.211,25.143,26.449
1614,53.8,582.06,346.07,-7.338,37.906,38.61
1615,53.833,582.24,340.55,-6.538,46.538,46.995
1616,53.867,582.2,338.08,-5.688,51.655,51.967
1617,53.9,582.18,337.85,-4.931,52.742,52.972
1618,53.933,582.05,339.15,-4.092,50.308,50.474
1619,53.967,581.86,341.87,-3.177,46.887,46.995
1620,54.0,581.44,346.1,-2.238,43.881,43.938
1621,54.033,580.96,349.91,-1.333,43.161,43.182
1622,54.067,581.02,349.06,-0.385,41.593,41.595
1623,54.1,580.97,352.26,0.572,40.821,40.825
1624,54.133,581.13,357.04,1.484,41.265,41.292
1625,54.167,581.36,360.59,2.291,41.828,41.891
1626,54.2,581.58,360.59,2.975,40.757,40.865
1627,54.233,581.68,362.46,3.383,39.634,39.778
1628,54.267,581.67,359.73,3.373,38.36,38.508
1629,54.3,581.91,356.22,3.068,34.627,34.763
1630,54.333,581.88,356.52,2.416,30.48,30.576
1631,54.367,581.89,358.74,1.406,29.02,29.054
1632,54.4,582.14,362.33,0.222,30.023,30.024
1633,54.433,582.22,363.76,-0.98,30.722,30.737
1634,54.467,582.41,363.39,-2.193,31.335,31.412
1635,54.5,582.45,366.14,-3.203,30.391,30.559
1636,54.533,582.57,365.43,-3.803,26.519,26.79
1637,54.567,582.57,366.49,-3.944,20.651,21.025
1638,54.6,582.05,368.42,-3.915,17.607,18.037
1639,54.633,581.47,370.24,-3.544,15.822,16.214
1640,54.667,580.86,372.08,-2.936,14.264,14.563
1641,54.7,580.33,373.48,-2.109,11.161,11.359
1642,54.733,580.05,374.13,-1.273,10.232,10.311
1643,54.767,579.93,376.02,-0.311,9.835,9.84
1644,54.8,580.3,375.22,0.741,11.895,11.918
1645,54.833,580.79,373.03,1.668,17.048,17.13
1646,54.867,581.22,370.44,2.477,25.008,25.131
1647,54.9,581.63,366.3,3.135,33.224,33.372
1648,54.933,581.79,366.88,3.454,39.606,39.757
1649,54.967,582.11,366.95,3.543,43.671,43.815
1650,55.0,582.13,370.06,3.232,49.009,49.115
1651,55.033,581.98,376.39,2.624,53.239,53.304
1652,55.067,581.92,382.99,1.573,57.507,57.529
1653,55.1,582.07,385.72,-0.0,59.915,59.915
1654,55.133,581.99,388.21,-1.91,62.422,62.451
1655,55.167,581.87,389.83,-4.219,64.815,64.952
1656,55.2,581.5,395.21,-6.879,64.696,65.061
1657,55.233,581.38,395.67,-9.623,60.974,61.729
1658,55.267,580.96,396.19,-12.196,55.542,56.865
1659,55.3,580.52,396.55,-14.224,46.759,48.875
1660,55.333,580.08,397.41,-15.651,36.862,40.047
1661,55.367,579.74,395.12,-16.405,27.763,32.247
1662,55.4,579.38,394.89,-16.37,23.837,28.917
1663,55.433,579.06,396.54,-15.64,26.374,30.662
1664,55.467,578.5,401.54,-14.266,32.176,35.197
1665,55.5,577.97,401.27,-12.437,41.096,42.937
1666,55.533,577.14,402.01,-10.088,51.71,52.685
1667,55.567,576.24,403.46,-7.276,61.813,62.24
1668,55.6,575.38,408.32,-4.198,70.678,70.803
1669,55.633,574.65,408.13,-1.117,80.237,80.245
1670,55.667,574.49,406.63,1.736,88.06,88.077
1671,55.7,575.01,409.1,4.219,95.201,95.294
1672,55.733,575.86,415.15,6.264,99.513,99.71
1673,55.767,576.88,419.17,7.491,103.533,103.804
1674,55.8,577.72,426.57,7.973,106.052,106.351
1675,55.833,578.39,433.91,7.747,106.729,107.01
1676,55.867,578.87,441.36,6.883,105.537,105.761
1677,55.9,579.02,441.33,5.442,104.97,105.111
1678,55.933,579.06,440.3,3.453,102.518,102.576
1679,55.967,579.16,441.66,1.084,100.981,100.987
1680,56.0,579.15,444.51,-1.415,99.82,99.83
1681,56.033,578.87,448.01,-3.924,101.821,101.897
1682,56.067,578.48,452.2,-6.077,104.742,104.919
1683,56.1,577.98,455.59,-7.557,107.403,107.669
1684,56.133,577.29,456.45,-8.095,106.175,106.484
1685,56.167,576.76,461.8,-7.468,104.278,104.545
1686,56.2,576.19,465.87,-5.686,101.697,101.856
1687,56.233,575.71,469.4,-2.993,99.178,99.223
1688,56.267,575.67,470.6,0.175,93.754,93.755
1689,56.3,575.82,473.59,3.444,85.725,85.794
1690,56.333,576.13,477.68,6.494,73.628,73.914
1691,56.367,576.57,481.82,9.075,57.269,57.983
1692,56.4,577.04,484.91,11.091,38.297,39.871
1693,56.433,577.78,494.0,12.551,23.936,27.027
1694,56.467,578.4,497.07,13.446,15.795,20.743
1695,56.5,579.03,495.75,13.645,13.855,19.446
1696,56.533,579.72,490.31,12.989,15.035,19.869
1697,56.567,580.34,486.28,11.636,17.651,21.141
1698,56.6,580.85,482.47,9.677,19.763,22.005
1699,56.633,581.27,481.72,7.277,20.418,21.676
1700,56.667,581.53,479.1,4.761,22.302,22.804
1701,56.7,581.47,480.3,2.249,23.668,23.775
1702,56.733,581.02,478.4,-0.086,25.188,25.188
1703,56.767,580.62,480.02,-2.219,26.858,26.95
1704,56.8,580.15,485.08,-4.24,29.963,30.262
1705,56.833,579.86,492.55,-6.248,34.888,35.443
1706,56.867,579.74,502.82,-8.046,39.297,40.113
1707,56.9,579.59,510.9,-9.489,41.982,43.041
1708,56.933,579.42,511.29,-10.261,42.528,43.748
1709,56.967,579.12,508.98,-10.501,39.306,40.684
1710,57.0,578.77,502.51,-10.221,34.974,36.437
1711,57.033,578.7,498.53,-9.54,31.512,32.925
1712,57.067,578.55,495.8,-8.565,31.712,32.849
1713,57.1,578.41,495.64,-7.56,35.376,36.175
1714,57.133,578.23,498.99,-6.339,40.635,41.126
1715,57.167,577.83,501.14,-4.938,46.18,46.443
1716,57.2,577.27,503.46,-3.088,50.603,50.698
1717,57.233,576.69,505.47,-0.948,55.331,55.339
1718,57.267,576.41,508.03,1.611,62.917,62.938
1719,57.3,576.39,510.92,4.495,72.793,72.932
1720,57.333,576.97,511.35,7.604,83.537,83.883
1721,57.367,577.58,515.02,10.525,93.05,93.644
1722,57.4,578.24,521.39,12.961,98.531,99.38
1723,57.433,578.46,531.03,14.599,99.045,100.115
1724,57.467,578.74,537.21,15.292,94.86,96.085
1725,57.5,579.09,540.43,15.158,88.323,89.614
1726,57.533,579.63,541.48,14.279,82.053,83.286
1727,57.567,580.26,539.56,12.586,76.886,77.91
1728,57.6,581.47,535.61,9.96,71.615,72.305
1729,57.633,582.33,535.21,6.225,67.195,67.483
1730,57.667,583.13,535.16,1.48,62.367,62.384
1731,57.7,583.01,542.66,-3.841,60.22,60.342
1732,57.733,582.92,546.59,-9.276,60.369,61.077
1733,57.767,582.43,550.29,-13.963,62.568,64.107
1734,57.8,581.55,553.57,-17.447,66.626,68.872
1735,57.833,580.34,556.21,-19.284,69.883,72.495
1736,57.867,579.28,558.72,-19.657,72.538,75.154
1737,57.9,578.17,560.03,-18.676,75.274,77.556
1738,57.933,577.43,559.74,-16.379,78.035,79.735
1739,57.967,576.88,563.66,-12.677,78.538,79.554
1740,58.0,576.22,565.63,-7.868,77.453,77.851
1741,58.033,575.49,568.26,-2.236,75.995,76.028
1742,58.067,574.67,569.52,3.803,75.205,75.301
1743,58.1,574.32,575.35,9.851,74.684,75.331
1744,58.133,574.84,579.97,15.151,77.97,79.429
1745,58.167,576.05,585.5,19.313,82.061,84.303
1746,58.2,577.72,585.63,22.021,88.401,91.103
1747,58.233,579.94,585.22,23.396,90.971,93.931
1748,58.267,581.67,584.6,23.32,92.055,94.963
1749,58.3,583.11,582.66,21.912,92.462,95.023
1750,58.333,583.83,585.85,19.421,90.977,93.027
1751,58.367,584.34,594.05,16.143,87.35,88.829
1752,58.4,584.74,601.02,12.206,81.761,82.668
1753,58.433,584.66,606.06,7.816,72.87,73.288
1754,58.467,584.18,610.6,3.162,65.981,66.057
1755,58.5,583.65,614.14,-1.599,60.648,60.669
1756,58.533,583.01,615.49,-6.082,58.439,58.755
1757,58.567,582.34,614.36,-9.889,59.714,60.527
1758,58.6,581.69,616.43,-12.527,62.75,63.989
1759,58.633,581.16,613.93,-13.776,64.338,65.796
1760,58.667,580.94,615.23,-13.851,61.804,63.337
1761,58.7,580.69,614.0,-13.031,52.697,54.284
1762,58.733,580.59,617.62,-11.575,41.317,42.908
1763,58.767,580.44,619.22,-10.055,29.493,31.16
1764,58.8,580.27,618.26,-8.492,19.352,21.133
1765,58.833,580.0,619.25,-7.074,13.281,15.047
1766,58.867,579.73,621.52,-5.557,12.392,13.581
1767,58.9,579.51,624.26,-3.947,15.102,15.61
1768,58.933,579.51,633.77,-2.522,19.393,19.556
1769,58.967,579.42,636.98,-1.301,23.848,23.883
1770,59.0,579.41,637.1,-0.265,26.45,26.451
1771,59.033,579.36,634.05,0.528,25.896,25.902
1772,59.067,579.32,626.59,1.121,21.872,21.901
1773,59.1,579.23,621.5,1.405,14.358,14.426
1774,59.133,579.06,616.32,1.801,5.822,6.094
1775,59.167,579.08,616.33,2.239,-1.693,2.807
1776,59.2,579.25,621.5,2.511,-9.545,9.87
1777,59.233,579.45,625.62,2.576,-16.302,16.504
1778,59.267,579.86,630.15,2.389,-24.156,24.274
1779,59.3,580.19,634.17,2.048,-31.833,31.898
1780,59.333,580.62,638.59,1.547,-37.546,37.578
1781,59.367,580.69,637.39,0.914,-41.528,41.538
1782,59.4,580.39,631.11,0.394,-42.265,42.266
1783,59.433,580.11,624.68,-0.149,-41.215,41.215
1784,59.467,579.84,618.52,-0.831,-43.08,43.088
1785,59.5,579.65,613.63,-1.592,-45.879,45.906
1786,59.533,579.54,610.18,-2.409,-50.499,50.557
1787,59.567,579.46,609.06,-3.22,-56.41,56.502
1788,59.6,579.84,612.97,-3.975,-59.009,59.143
1789,59.633,579.5,610.21,-4.633,-56.789,56.978
1790,59.667,579.18,608.37,-5.146,-47.516,47.793
1791,59.7,579.0,606.98,-5.604,-32.291,32.774
1792,59.733,578.96,606.64,-6.099,-14.421,15.658
1793,59.767,578.93,607.54,-6.626,5.416,8.558
1794,59.8,578.71,608.58,-7.257,23.101,24.214
1795,59.833,578.53,610.36,-7.91,36.656,37.5
1796,59.867,578.45,612.94,-8.468,43.468,44.286
1797,59.9,577.88,611.37,-8.715,43.743,44.603
1798,59.933,577.57,611.44,-8.471,41.271,42.131
1799,59.967,577.32,611.94,-7.731,37.866,38.647
1800,60.0,577.11,610.7,-6.621,34.805,35.429
1801,60.033,576.84,612.99,-5.293,33.626,34.04
1802,60.067,576.52,619.03,-3.676,32.593,32.799
1803,60.1,576.14,623.83,-1.974,32.219,32.28
1804,60.133,575.78,626.99,-0.363,26.457,26.46
1805,60.167,575.54,628.13,1.265,18.724,18.767
1806,60.2,575.53,626.83,2.797,11.378,11.717
1807,60.233,575.81,624.3,4.1,6.28,7.5
1808,60.267,576.34,619.13,5.175,2.451,5.726
1809,60.3,577.06,617.38,6.012,-0.784,6.063
1810,60.333,577.86,616.34,6.977,-5.943,9.165
1811,60.367,578.31,616.61,7.782,-10.778,13.294
1812,60.4,578.49,620.43,8.281,-16.261,18.248
1813,60.433,578.53,622.74,8.398,-17.811,19.691
1814,60.467,578.42,623.51,8.094,-16.664,18.526
1815,60.5,578.47,623.22,7.441,-13.726,15.613
1816,60.533,578.73,619.28,6.447,-7.779,10.103
1817,60.567,578.69,618.22,5.228,-1.631,5.477
1818,60.6,578.91,613.83,4.02,1.519,4.297
1819,60.633,578.76,616.61,2.806,2.861,4.007
1820,60.667,578.81,620.7,1.573,3.28,3.638
1821,60.7,579.08,621.61,0.42,3.258,3.285
1822,60.733,579.57,618.91,-0.632,3.827,3.878
1823,60.767,579.95,617.27,-1.424,4.551,4.769
1824,60.8,580.25,615.85,-2.078,8.427,8.679
1825,60.833,579.67,621.02,-2.429,12.075,12.317
1826,60.867,579.28,622.34,-2.572,15.997,16.203
1827,60.9,578.76,625.23,-2.627,20.596,20.763
1828,60.933,578.81,622.6,-2.108,21.856,21.957
1829,60.967,578.87,620.49,-1.293,20.061,20.102
1830,61.0,578.81,619.58,-0.208,17.247,17.248
1831,61.033,578.81,618.24,1.045,12.385,12.429
1832,61.067,578.73,620.03,2.266,7.159,7.509
1833,61.1,578.32,624.96,3.554,0.608,3.606
1834,61.133,578.16,627.63,4.99,-4.789,6.916
1835,61.167,578.42,628.07,6.558,-11.902,13.589
1836,61.2,578.89,627.21,9.063,-23.526,25.211
1837,61.233,579.69,624.7,12.046,-36.759,38.683
1838,61.267,580.32,623.53,15.028,-48.279,50.564
1839,61.3,581.25,618.73,17.286,-56.637,59.216
1840,61.333,581.69,618.23,18.159,-60.131,62.813
1841,61.367,581.99,616.7,17.51,-61.451,63.897
1842,61.4,582.68,612.54,15.453,-60.749,62.683
1843,61.433,582.37,611.97,11.574,-59.043,60.167
1844,61.467,582.49,611.19,6.066,-53.845,54.186
1845,61.5,582.78,606.03,-0.506,-45.827,45.83
1846,61.533,583.14,602.64,-7.575,-35.816,36.609
1847,61.567,583.67,600.05,-14.498,-24.062,28.093
1848,61.6,584.33,598.25,-20.827,-12.027,24.05
1849,61.633,584.49,596.91,-26.174,-2.989,26.344
1850,61.667,584.98,596.31,-30.301,2.388,30.395
1851,61.7,583.01,601.31,-33.679,5.085,34.06
1852,61.733,580.53,605.41,-36.192,5.429,36.597
1853,61.767,577.35,609.0,-37.491,3.589,37.662
1854,61.8,574.4,611.33,-37.201,-0.884,37.211
1855,61.833,571.95,611.41,-35.321,-5.792,35.792
1856,61.867,570.5,609.14,-31.808,-12.257,34.088
1857,61.9,568.95,608.56,-26.979,-20.308,33.768
1858,61.933,569.3,606.55,-21.374,-28.06,35.273
1859,61.967,570.01,603.04,-14.783,-36.67,39.538
1860,62.0,570.69,599.93,-7.692,-46.183,46.819
1861,62.033,571.35,596.89,-0.283,-53.766,53.767
1862,62.067,571.46,594.58,7.109,-58.97,59.397
1863,62.1,571.29,591.42,13.614,-61.558,63.046
1864,62.133,571.28,589.68,18.348,-61.421,64.103
1865,62.167,571.18,589.39,20.813,-58.169,61.78
1866,62.2,572.43,587.96,20.259,-51.515,55.355
1867,62.233,574.15,586.17,17.588,-44.37,47.729
1868,62.267,575.4,585.71,13.235,-37.287,39.566
1869,62.3,576.13,585.33,8.387,-30.771,31.893
1870,62.333,576.15,585.08,3.678,-25.079,25.347
1871,62.367,575.84,583.7,-0.653,-20.085,20.096
1872,62.4,575.69,583.39,-4.526,-15.0,15.668
1873,62.433,575.54,582.94,-7.338,-10.835,13.086
1874,62.467,575.27,582.3,-9.68,-7.398,12.183
1875,62.5,575.04,582.12,-11.669,-4.083,12.363
1876,62.533,574.13,581.8,-13.379,-1.138,13.428
1877,62.567,572.56,580.9,-14.664,2.263,14.837
1878,62.6,571.23,580.39,-15.187,6.075,16.357
1879,62.633,570.27,580.54,-14.644,11.136,18.397
1880,62.667,569.8,581.1,-13.236,15.811,20.62
1881,62.7,569.72,581.83,-10.943,18.498,21.492
1882,62.733,569.98,582.88,-8.614,19.176,21.022
1883,62.767,570.66,584.26,-6.816,18.033,19.278
1884,62.8,570.71,585.24,-5.662,14.822,15.867
1885,62.833,570.44,585.77,-4.889,10.739,11.8
1886,62.867,570.45,586.48,-4.169,6.403,7.64
1887,62.9,570.49,587.1,-3.24,3.186,4.544
1888,62.933,570.4,587.37,-2.43,-0.178,2.436
1889,62.967,570.33,587.67,-1.61,-2.444,2.927
1890,63.0,570.26,588.02,-0.993,-3.881,4.006
1891,63.033,570.41,588.89,-0.868,-5.078,5.152
1892,63.067,570.21,588.1,-1.061,-6.098,6.19
1893,63.1,569.75,586.15,-1.246,-6.719,6.833
1894,63.133,568.91,582.39,-1.339,-6.934,7.063
1895,63.167,568.35,579.93,-1.252,-6.746,6.861
1896,63.2,568.05,578.95,-0.995,-6.3,6.378
1897,63.233,568.23,579.53,-0.481,-4.898,4.922
1898,63.267,568.79,581.63,0.36,-2.099,2.13
1899,63.3,569.72,584.81,0.973,0.718,1.209
1900,63.333,570.33,586.67,1.724,4.317,4.648
1901,63.367,570.71,587.62,2.533,7.874,8.272
1902,63.4,570.63,586.89,3.166,10.541,11.006
1903,63.433,570.82,588.02,3.454,11.754,12.251
1904,63.467,570.33,586.54,3.39,11.361,11.856
1905,63.5,569.86,585.29,2.9,9.187,9.634
1906,63.533,569.5,584.6,2.311,6.466,6.866
1907,63.567,569.28,584.2,1.269,2.07,2.428
1908,63.6,569.34,584.46,0.203,-2.092,2.102
1909,63.633,569.67,585.25,-0.838,-6.045,6.103
1910,63.667,570.12,586.27,-1.44,-8.415,8.537
1911,63.7,570.68,587.91,-1.592,-9.06,9.199
1912,63.733,570.95,588.23,-1.257,-8.024,8.121
1913,63.767,570.6,586.54,-0.599,-5.815,5.846
1914,63.8,570.59,586.43,0.068,-3.685,3.686
1915,63.833,570.02,583.93,0.596,-1.303,1.433
1916,63.867,569.68,582.31,0.783,0.325,0.847
1917,63.9,569.43,581.62,0.753,1.74,1.896
1918,63.933,569.44,581.98,0.733,3.681,3.753
1919,63.967,569.62,583.32,0.496,4.818,4.843
1920,64.0,570.13,585.76,0.269,5.796,5.802
1921,64.033,570.03,585.74,0.073,6.235,6.235
1922,64.067,570.43,587.24,-0.142,5.95,5.952
1923,64.1,570.29,585.94,-0.375,4.584,4.599
1924,64.133,570.37,585.79,-0.686,1.271,1.445
1925,64.167,570.27,585.8,-0.877,-2.111,2.286
1926,64.2,570.21,585.95,-1.076,-6.276,6.368
1927,64.233,570.12,585.96,-1.444,-11.829,11.917
1928,64.267,570.02,586.04,-1.925,-18.049,18.151
1929,64.3,570.16,587.28,-2.272,-23.77,23.878
1930,64.333,569.95,585.46,-2.538,-28.13,28.244
1931,64.367,570.12,585.36,-2.389,-29.825,29.921
1932,64.4,570.01,583.87,-1.713,-28.435,28.487
1933,64.433,569.66,581.45,-1.893,-29.044,29.106
1934,64.467,569.28,578.72,-1.15,-25.824,25.85
1935,64.5,569.02,576.4,1.779,-15.425,15.528
1936,64.533,568.89,574.93,4.182,-7.279,8.395
1937,64.567,569.08,573.9,6.241,-0.655,6.276
1938,64.6,569.56,574.26,7.896,4.915,9.301
1939,64.633,570.31,577.49,9.443,11.186,14.639
1940,64.667,570.56,577.25,10.619,16.544,19.659
1941,64.7,570.88,578.37,11.563,22.073,24.918
1942,64.733,571.27,580.36,12.123,26.985,29.583
1943,64.767,571.63,582.52,12.188,30.351,32.707
1944,64.8,572.14,585.42,11.779,32.532,34.599
1945,64.833,572.5,585.6,10.933,33.107,34.866
1946,64.867,572.81,585.57,9.764,32.168,33.617
1947,64.9,572.76,584.06,7.994,27.816,28.942
1948,64.933,576.34,594.98,5.932,21.252,22.064
1949,64.967,576.63,594.63,3.938,14.982,15.49
1950,65.0,572.78,581.68,2.118,9.288,9.526
1951,65.033,573.08,583.51,0.418,3.432,3.457
1952,65.067,573.61,586.75,-0.976,-1.603,1.877
1953,65.1,573.7,587.65,-2.052,-5.186,5.577
1954,65.133,573.48,587.04,-3.057,-8.615,9.141
1955,65.167,573.41,588.73,-4.161,-13.205,13.845
1956,65.2,573.05,587.5,-4.948,-16.439,17.168
1957,65.233,572.82,586.65,-5.227,-16.688,17.488
1958,65.267,572.85,587.29,-4.894,-13.434,14.298
1959,65.3,572.95,586.54,-4.106,-8.146,9.122
1960,65.333,572.74,583.82,-2.987,-1.788,3.481
1961,65.367,572.64,582.83,-1.73,4.451,4.776
1962,65.4,572.91,584.61,-0.126,9.157,9.158
1963,65.433,572.95,586.31,2.15,12.56,12.743
1964,65.467,572.66,584.42,2.645,7.275,7.741
1965,65.5,572.39,582.73,2.316,-0.88,2.478
1966,65.533,572.48,583.79,3.188,-3.41,4.668
1967,65.567,572.44,583.83,3.286,-4.929,5.924
1968,65.6,572.32,583.48,2.374,-5.608,6.09
1969,65.633,572.64,586.15,0.764,-5.963,6.012
1970,65.667,573.22,590.23,-1.348,-5.435,5.599
1971,65.7,573.61,594.06,-4.171,-5.303,6.747
1972,65.733,573.65,593.8,-7.367,-4.562,8.665
1973,65.767,573.26,589.73,-10.498,-3.492,11.064
1974,65.8,573.02,585.67,-13.285,-3.079,13.637
1975,65.833,572.64,579.4,-15.697,-3.059,15.993
1976,65.867,572.63,575.74,-17.808,-2.722,18.014
1977,65.9,572.0,575.05,-19.469,-1.289,19.512
1978,65.933,570.63,577.1,-21.046,-0.437,21.05
1979,65.967,569.36,582.31,-22.454,-0.982,22.476
1980,66.0,567.72,585.75,-23.339,-1.571,23.392
1981,66.033,566.23,588.22,-23.76,-1.924,23.837
1982,66.067,565.52,589.14,-23.587,-3.106,23.79
1983,66.1,565.07,587.31,-22.53,-4.62,22.999
1984,66.133,564.45,587.03,-20.619,-5.892,21.444
1985,66.167,563.9,586.47,-17.93,-6.806,19.178
1986,66.2,564.08,585.31,-14.802,-9.359,17.513
1987,66.233,564.52,583.94,-11.657,-14.61,18.69
1988,66.267,564.54,582.49,-8.783,-21.838,23.538
1989,66.3,563.94,580.96,-5.721,-27.51,28.099
1990,66.333,563.12,579.75,-2.547,-32.33,32.43
1991,66.367,562.85,579.9,0.784,-33.59,33.599
1992,66.4,562.35,577.56,3.916,-30.91,31.157
1993,66.433,562.4,575.24,6.903,-26.704,27.582
1994,66.467,562.73,573.49,9.664,-22.356,24.355
1995,66.5,563.03,572.57,11.839,-20.161,23.38
1996,66.533,563.97,572.31,13.595,-20.379,24.497
1997,66.567,564.72,572.62,15.147,-21.602,26.384
1998,66.6,565.13,573.77,15.864,-26.868,31.202
1999,66.633,565.78,575.55,15.64,-31.984,35.603
2000,66.667,566.03,573.94,14.749,-38.2,40.949
2001,66.7,566.21,572.98,13.756,-46.959,48.932
2002,66.733,566.94,571.88,12.081,-56.645,57.919
2003,66.767,568.46,571.74,9.41,-65.823,66.492
2004,66.8,569.37,567.62,6.01,-73.124,73.371
2005,66.833,569.99,565.52,2.778,-77.382,77.432
2006,66.867,570.06,561.61,0.591,-79.48,79.482
2007,66.9,569.61,555.58,-0.658,-77.981,77.984
2008,66.933,568.57,552.28,-0.874,-73.192,73.197
2009,66.967,567.73,549.42,-0.287,-65.946,65.946
2010,67.0,567.29,547.12,0.988,-55.261,55.269
2011,67.033,566.97,545.73,2.949,-40.716,40.823
2012,67.067,566.33,540.57,5.042,-24.659,25.17
2013,67.1,566.56,543.02,7.097,-9.054,11.504
2014,67.133,567.19,540.54,9.138,4.242,10.075
2015,67.167,568.01,539.68,10.979,13.671,17.534
2016,67.2,568.01,543.85,12.724,20.071,23.764
2017,67.233,568.77,547.98,14.398,23.188,27.294
2018,67.267,570.29,551.66,15.829,24.264,28.971
2019,67.3,572.23,554.18,16.525,24.871,29.86
2020,67.333,573.6,555.02,16.461,24.144,29.221
2021,67.367,573.78,557.96,15.527,21.465,26.492
2022,67.4,573.71,555.68,13.582,17.528,22.174
2023,67.433,573.7,555.07,10.862,13.524,17.346
2024,67.467,573.69,556.36,7.938,8.303,11.487
2025,67.5,573.49,554.86,4.985,1.608,5.238
2026,67.533,573.08,549.61,2.114,-6.201,6.551
2027,67.567,572.86,546.03,-0.422,-14.316,14.322
2028,67.6,572.79,544.16,-2.412,-24.832,24.949
2029,67.633,572.81,543.98,-3.993,-37.971,38.18
2030,67.667,572.86,545.28,-5.255,-48.983,49.264
2031,67.7,573.02,548.15,-6.2,-56.656,56.994
2032,67.733,573.3,551.87,-6.084,-59.679,59.989
2033,67.767,573.36,553.27,-5.512,-58.493,58.752
2034,67.8,573.08,547.92,-3.995,-53.276,53.426
2035,67.833,572.69,546.1,-2.164,-46.73,46.78
2036,67.867,572.18,542.68,-0.303,-40.223,40.224
2037,67.9,572.18,538.43,1.706,-35.17,35.211
2038,67.933,572.35,533.97,3.867,-29.994,30.243
2039,67.967,572.37,529.95,6.054,-25.999,26.695
2040,68.0,572.48,526.88,8.241,-23.151,24.574
2041,68.033,572.54,523.69,10.356,-20.425,22.9
2042,68.067,572.41,518.57,12.406,-15.32,19.713
2043,68.1,572.82,526.03,14.066,-7.476,15.929
2044,68.133,573.41,532.46,15.269,1.781,15.373
2045,68.167,574.3,538.18,15.865,10.613,19.088
2046,68.2,575.43,544.43,15.831,17.755,23.787
2047,68.233,576.26,543.87,15.069,21.076,25.909
2048,68.267,578.23,541.41,13.522,18.569,22.971
2049,68.3,578.31,535.55,11.369,11.928,16.478
2050,68.333,578.24,532.62,8.866,4.617,9.996
2051,68.367,578.16,532.51,6.248,-4.538,7.722
2052,68.4,578.31,531.78,3.553,-16.708,17.082
2053,68.433,578.36,532.18,0.597,-29.242,29.249
2054,68.467,578.29,534.43,-2.355,-40.805,40.873
2055,68.5,577.86,534.24,-4.921,-50.295,50.535
2056,68.533,577.33,533.51,-6.909,-56.941,57.359
2057,68.567,576.71,531.36,-8.08,-59.539,60.085
2058,68.6,576.47,526.92,-8.105,-55.579,56.167
2059,68.633,576.15,522.88,-7.122,-50.666,51.164
2060,68.667,576.03,520.34,-5.194,-45.544,45.84
2061,68.7,575.96,518.09,-2.576,-41.183,41.263
2062,68.733,576.03,517.46,0.374,-39.407,39.409
2063,68.767,576.14,518.9,3.487,-38.074,38.233
2064,68.8,576.15,517.49,5.752,-36.448,36.899
2065,68.833,576.1,515.13,7.727,-32.501,33.407
2066,68.867,575.96,511.99,9.38,-26.909,28.497
2067,68.9,576.36,514.07,10.677,-20.936,23.502
2068,68.933,577.34,514.02,11.428,-14.437,18.413
2069,68.967,578.22,513.88,11.572,-8.195,14.18
2070,69.0,578.93,513.66,11.107,-3.279,11.581
2071,69.033,579.55,513.4,10.131,-0.878,10.169
2072,69.067,580.03,513.3,8.845,-1.304,8.941
2073,69.1,580.3,513.27,7.388,-3.889,8.35
2074,69.133,580.42,513.29,5.696,-6.771,8.848
2075,69.167,580.36,513.35,3.976,-8.508,9.391
2076,69.2,580.15,513.37,2.161,-9.195,9.445
2077,69.233,579.89,513.29,0.542,-6.197,6.221
2078,69.267,579.66,513.11,-0.689,0.827,1.077
2079,69.3,579.58,512.88,-1.542,9.58,9.704
2080,69.333,579.54,512.89,-1.94,18.821,18.921
2081,69.367,579.52,512.94,-1.993,27.136,27.209
2082,69.4,579.46,513.06,-1.653,34.103,34.143
2083,69.433,579.39,513.13,-1.109,36.883,36.899
2084,69.467,579.34,513.09,-0.677,35.951,35.957
2085,69.5,579.27,511.49,-0.312,33.826,33.827
2086,69.533,579.39,513.33,-0.041,31.87,31.87
2087,69.567,579.4,516.63,0.206,31.233,31.233
2088,69.6,579.54,521.08,0.413,30.75,30.753
2089,69.633,579.79,526.21,0.615,29.983,29.99
2090,69.667,579.98,530.56,0.809,28.58,28.591
2091,69.7,580.51,535.73,1.089,26.59,26.613
2092,69.733,580.69,535.52,1.497,23.864,23.911
2093,69.767,580.38,530.61,2.024,20.679,20.778
2094,69.8,579.97,523.98,2.603,16.954,17.153
2095,69.833,579.41,519.1,3.115,12.143,12.536
2096,69.867,579.2,517.1,3.62,8.724,9.446
2097,69.9,579.3,518.05,4.139,5.934,7.235
2098,69.933,579.59,521.42,4.789,2.775,5.535
2099,69.967,580.09,527.86,5.638,0.586,5.668
2100,70.0,580.5,531.16,6.593,0.373,6.604
2101,70.033,581.05,532.22,7.46,2.359,7.824
2102,70.067,581.4,530.11,7.862,3.673,8.678
2103,70.1,581.72,529.19,7.866,4.733,9.181
2104,70.133,581.96,528.54,7.293,5.436,9.096
2105,70.167,582.18,528.26,5.945,2.843,6.59
2106,70.2,582.24,527.64,3.842,-4.056,5.587
2107,70.233,582.22,527.26,1.116,-15.176,15.217
2108,70.267,582.21,526.38,-1.846,-28.332,28.392
2109,70.3,582.3,525.94,-4.67,-41.747,42.007
2110,70.333,582.56,527.68,-6.924,-53.069,53.519
2111,70.367,582.66,524.16,-8.234,-59.572,60.138
2112,70.4,582.62,521.49,-8.863,-62.172,62.8
2113,70.433,582.21,521.16,-8.92,-61.706,62.347
2114,70.467,581.35,518.53,-8.361,-59.589,60.173
2115,70.5,580.28,513.48,-7.392,-57.196,57.672
2116,70.533,579.32,509.61,-6.088,-53.478,53.823
2117,70.567,578.83,509.58,-4.59,-49.858,50.069
2118,70.6,578.32,507.66,-2.583,-44.684,44.759
2119,70.633,578.19,503.34,-0.05,-38.636,38.636
2120,70.667,578.67,502.71,2.878,-32.211,32.339
2121,70.7,579.69,504.28,5.836,-26.571,27.204
2122,70.733,580.55,503.5,8.464,-22.267,23.822
2123,70.767,581.19,502.04,10.368,-18.705,21.387
2124,70.8,581.85,503.1,11.783,-15.183,19.219
2125,70.833,582.07,505.13,12.679,-15.0,19.64
2126,70.867,581.88,503.5,12.725,-18.883,22.77
2127,70.9,582.13,503.33,11.725,-24.266,26.95
2128,70.933,582.55,503.45,9.187,-30.888,32.225
2129,70.967,582.76,504.33,5.527,-37.361,37.768
2130,71.0,583.15,503.04,1.512,-42.573,42.6
2131,71.033,583.73,498.96,-2.093,-45.177,45.226
2132,71.067,584.41,497.58,-4.835,-43.734,44.0
2133,71.1,584.35,495.08,-6.681,-40.961,41.503
2134,71.133,583.72,492.24,-7.309,-36.334,37.062
2135,71.167,582.69,489.25,-6.764,-28.632,29.42
2136,71.2,581.69,487.61,-5.206,-20.735,21.378
2137,71.233,581.1,487.42,-2.986,-13.205,13.538
2138,71.267,581.28,485.55,-0.884,-6.781,6.839
2139,71.3,580.91,481.58,0.807,-1.46,1.668
2140,71.333,580.2,484.17,1.913,2.952,3.517
2141,71.367,579.67,486.88,2.604,5.659,6.229
2142,71.4,579.48,490.84,3.379,10.108,10.658
2143,71.433,580.76,496.28,4.056,15.345,15.872
2144,71.467,582.33,497.48,4.55,19.585,20.107
2145,71.5,583.63,498.22,4.766,21.48,22.002
2146,71.533,584.36,499.39,4.359,21.333,21.774
2147,71.567,584.66,496.92,3.014,20.514,20.735
2148,71.6,584.83,495.21,0.868,17.894,17.915
2149,71.633,584.57,492.93,-1.844,14.091,14.211
2150,71.667,584.08,490.27,-4.778,11.079,12.066
2151,71.7,582.99,490.41,-7.607,8.788,11.623
2152,71.733,581.24,488.81,-10.067,7.043,12.286
2153,71.767,580.48,490.84,-12.12,4.986,13.106
2154,71.8,580.25,495.41,-13.862,4.754,14.655
2155,71.833,580.24,498.42,-14.895,8.595,17.197
2156,71.867,580.35,501.9,-14.885,13.813,20.307
2157,71.9,579.95,500.91,-13.706,19.633,23.944
2158,71.933,579.47,498.73,-11.451,24.312,26.874
2159,71.967,578.76,498.12,-8.87,25.941,27.416
2160,72.0,578.21,497.92,-6.595,24.162,25.046
2161,72.033,578.14,498.15,-4.993,17.683,18.374
2162,72.067,578.57,498.71,-3.812,8.584,9.393
2163,72.1,578.45,499.84,-3.044,-1.312,3.315
2164,72.133,578.4,501.68,-2.748,-11.325,11.653
2165,72.167,578.31,500.53,-2.79,-20.077,20.27
2166,72.2,578.37,500.46,-3.099,-26.397,26.578
2167,72.233,578.48,500.47,-3.161,-29.106,29.278
2168,72.267,578.69,501.7,-2.67,-28.335,28.46
2169,72.3,578.61,500.95,-1.934,-26.101,26.172
2170,72.333,578.33,498.83,-1.117,-22.98,23.008
2171,72.367,577.96,495.79,-0.486,-20.091,20.097
2172,72.4,577.48,492.41,-0.202,-18.533,18.534
2173,72.433,577.13,489.31,-0.08,-16.689,16.69
2174,72.467,576.74,485.81,-0.011,-13.868,13.868
2175,72.5,576.82,485.68,0.352,-9.13,9.136
2176,72.533,577.46,490.13,0.969,-3.481,3.613
2177,72.567,577.76,491.05,1.705,2.496,3.023
2178,72.6,578.13,493.03,2.234,8.12,8.421
2179,72.633,578.49,495.03,2.949,14.244,14.546
2180,72.667,578.76,496.81,3.751,19.328,19.689
2181,72.7,578.99,498.92,4.572,23.909,24.342
2182,72.733,578.67,496.6,5.252,26.93,27.437
2183,72.767,578.64,496.5,5.664,28.019,28.586
2184,72.8,578.66,497.75,5.55,25.562,26.157
2185,72.833,578.54,496.34,5.091,21.055,21.661
2186,72.867,578.64,496.77,4.436,15.645,16.262
2187,72.9,578.83,497.49,3.839,11.662,12.278
2188,72.933,579.15,498.69,3.353,9.077,9.677
2189,72.967,579.5,500.65,2.9,6.484,7.103
2190,73.0,579.57,499.48,2.642,5.575,6.17
2191,73.033,579.81,499.5,2.333,4.164,4.773
2192,73.067,580.02,500.08,1.589,-1.27,2.035
2193,73.1,580.33,501.65,0.776,-6.578,6.624
2194,73.133,580.16,499.8,-0.055,-10.708,10.708
2195,73.167,579.94,498.3,-0.931,-14.346,14.376
2196,73.2,579.73,497.32,-1.821,-18.441,18.53
2197,73.233,579.53,497.04,-2.7,-22.746,22.906
2198,73.267,579.38,496.99,-3.219,-24.838,25.046
2199,73.3,579.53,498.79,-3.364,-27.976,28.177
2200,73.333,579.54,499.23,-2.876,-31.981,32.11
2201,73.367,579.47,498.73,-1.977,-33.266,33.325
2202,73.4,578.97,493.83,-1.026,-31.823,31.84
2203,73.433,578.5,488.63,-0.877,-29.326,29.34
2204,73.467,578.23,486.88,-1.722,-26.857,26.913
2205,73.5,577.93,483.84,-3.532,-24.068,24.326
2206,73.533,577.94,484.04,-6.008,-21.404,22.231
2207,73.567,578.38,489.06,-9.192,-22.017,23.859
2208,73.6,578.52,490.3,-12.67,-24.387,27.482
2209,73.633,578.47,488.24,-16.159,-28.745,32.976
2210,73.667,578.41,486.45,-19.043,-32.376,37.561
2211,73.7,578.26,486.19,-21.332,-36.45,42.233
2212,73.733,577.98,484.13,-22.899,-39.832,45.946
2213,73.767,577.41,480.7,-23.714,-42.179,48.389
2214,73.8,576.36,483.1,-23.681,-43.149,49.22
2215,73.833,574.16,485.34,-22.946,-45.36,50.833
2216,73.867,571.85,483.21,-22.909,-47.71,52.925
2217,73.9,569.46,478.2,-21.204,-49.651,53.989
2218,73.933,568.59,474.77,-18.005,-50.144,53.279
2219,73.967,568.32,472.03,-13.805,-50.378,52.236
2220,74.0,568.43,465.64,-8.875,-50.63,51.402
2221,74.033,568.8,461.63,-3.277,-47.618,47.73
2222,74.067,569.87,464.34,2.533,-42.961,43.035
2223,74.1,570.82,465.03,8.222,-37.814,38.698
2224,74.133,571.56,465.66,13.463,-32.389,35.076
2225,74.167,571.71,464.25,18.119,-24.456,30.437
2226,74.2,572.15,466.3,21.853,-14.974,26.491
2227,74.233,572.58,466.93,24.271,-6.983,25.255
2228,74.267,573.14,466.52,25.168,0.313,25.17
2229,74.3,573.58,464.53,24.63,9.654,26.454
2230,74.333,573.97,465.2,22.564,14.901,27.041
2231,74.367,578.15,463.67,19.893,16.944,26.131
2232,74.4,577.77,460.05,17.0,16.04,23.372
2233,74.433,577.46,458.2,14.589,14.981,20.911
2234,74.467,577.74,462.1,12.443,13.6,18.434
2235,74.5,578.09,466.95,10.372,10.333,14.64
2236,74.533,578.26,468.64,8.481,9.349,12.622
2237,74.567,578.64,471.88,6.709,9.347,11.506
2238,74.6,578.59,471.11,4.637,5.318,7.056
2239,74.633,578.7,471.54,2.46,-0.613,2.535
2240,74.667,578.55,468.67,0.338,-7.699,7.706
2241,74.7,578.35,465.73,-1.302,-13.818,13.879
2242,74.733,578.41,466.58,-2.432,-20.02,20.167
2243,74.767,578.52,467.48,-2.847,-23.852,24.021
2244,74.8,578.28,463.57,-2.448,-23.326,23.454
2245,74.833,578.57,465.74,-1.304,-19.913,19.956
2246,74.867,578.48,464.1,0.535,-16.205,16.214
2247,74.9,578.58,464.78,0.767,-11.971,11.995
2248,74.933,578.41,462.83,0.997,-6.776,6.849
2249,74.967,578.07,459.79,1.392,0.53,1.489
2250,75.0,578.09,459.84,1.788,7.736,7.939
2251,75.033,577.95,456.22,2.251,15.071,15.238
2252,75.067,578.02,455.02,2.81,23.345,23.514
2253,75.1,578.55,459.79,3.168,29.473,29.643
2254,75.133,578.93,464.04,3.351,33.523,33.69
2255,75.167,579.3,468.71,3.187,33.657,33.808
2256,75.2,579.62,473.06,2.718,30.707,30.827
2257,75.233,579.87,477.5,2.216,27.318,27.408
2258,75.267,579.84,477.58,1.515,20.71,20.766
2259,75.3,579.39,471.94,0.649,10.797,10.816
2260,75.333,579.07,468.65,-0.158,0.755,0.771
2261,75.367,578.92,466.98,-1.101,-11.322,11.375
2262,75.4,578.87,466.75,-1.911,-22.442,22.523
2263,75.433,579.18,469.87,-2.667,-32.788,32.896
2264,75.467,579.4,471.69,-3.214,-39.91,40.039
2265,75.5,579.49,472.82,-3.393,-42.411,42.546
2266,75.533,579.18,469.72,-3.409,-41.868,42.006
2267,75.567,578.68,464.01,-3.092,-35.448,35.582
2268,75.6,578.27,459.39,-2.48,-23.817,23.946
2269,75.633,578.04,456.27,-1.788,-10.674,10.823
2270,75.667,577.99,455.24,-0.962,2.701,2.867
2271,75.7,578.25,457.05,1.534,20.682,20.739
2272,75.733,578.21,455.39,3.024,30.851,30.998
2273,75.767,578.39,456.98,3.522,31.149,31.347
2274,75.8,578.55,459.93,3.176,24.057,24.266
2275,75.833,578.75,463.7,2.538,15.127,15.338
2276,75.867,578.96,467.95,2.067,6.262,6.594
2277,75.9,579.01,471.15,1.609,-1.213,2.015
2278,75.933,579.04,473.53,0.912,-8.183,8.233
2279,75.967,579.05,473.7,-0.353,-16.732,16.736
2280,76.0,579.03,472.57,-2.209,-27.997,28.085
2281,76.033,579.25,471.74,-4.674,-43.288,43.54
2282,76.067,579.47,468.66,-7.329,-58.42,58.878
2283,76.1,579.71,464.61,-9.614,-70.244,70.899
2284,76.133,579.91,460.43,-12.503,-83.973,84.899
2285,76.167,579.94,456.12,-13.983,-88.924,90.016
2286,76.2,575.41,434.7,-14.327,-87.414,88.58
2287,76.233,575.42,433.79,-13.876,-81.984,83.15
2288,76.267,575.59,437.48,-12.581,-69.884,71.007
2289,76.3,576.01,442.51,-10.715,-53.502,54.565
2290,76.333,576.06,445.65,-8.338,-33.209,34.24
2291,76.367,575.13,446.12,-5.709,-11.702,13.02
2292,76.4,574.22,443.47,-3.171,8.292,8.878
2293,76.433,573.71,441.27,-0.805,26.69,26.702
2294,76.467,573.6,439.03,1.173,41.321,41.338
2295,76.5,573.76,439.33,2.688,51.534,51.604
2296,76.533,574.38,443.74,3.831,58.338,58.463
2297,76.567,575.04,445.4,4.481,59.849,60.017
2298,76.6,575.18,445.43,4.578,56.123,56.309
2299,76.633,578.38,461.9,4.034,48.215,48.383
2300,76.667,577.89,459.15,2.699,36.221,36.322
2301,76.7,577.51,458.79,0.579,22.309,22.316
2302,76.733,577.2,460.59,0.161,16.036,16.037
2303,76.767,576.75,459.62,-0.121,11.737,11.737
2304,76.8,576.31,459.63,-0.278,7.651,7.656
2305,76.833,575.6,456.54,-0.492,2.865,2.907
2306,76.867,574.92,454.64,-0.806,-4.861,4.927
2307,76.9,574.58,454.62,-0.713,-14.252,14.269
2308,76.933,574.38,452.08,-0.037,-23.385,23.385
2309,76.967,574.6,451.22,1.198,-31.739,31.762
2310,77.0,575.13,451.54,2.806,-38.621,38.723
2311,77.033,575.62,449.02,4.76,-42.397,42.663
2312,77.067,576.13,448.14,6.782,-45.986,46.484
2313,77.1,576.65,448.8,8.839,-47.103,47.925
2314,77.133,577.09,448.71,11.106,-45.654,46.985
2315,77.167,577.6,449.65,11.761,-49.242,50.627
2316,77.2,577.91,446.94,11.986,-51.168,52.553
2317,77.233,578.46,446.94,11.753,-52.659,53.954
2318,77.267,578.9,444.59,10.89,-55.595,56.652
2319,77.3,579.1,440.74,9.583,-56.839,57.641
2320,77.333,579.1,434.42,7.829,-59.324,59.838
2321,77.367,579.22,432.3,6.117,-59.316,59.63
2322,77.4,579.3,429.87,4.735,-56.334,56.532
2323,77.433,579.35,427.8,3.712,-50.579,50.715
2324,77.467,579.38,426.8,2.893,-43.47,43.566
2325,77.5,579.64,427.87,2.182,-36.858,36.922
2326,77.533,579.82,425.54,1.347,-32.264,32.292
2327,77.567,580.05,425.9,0.519,-26.749,26.754
2328,77.6,580.06,424.43,-0.368,-22.507,22.51
2329,77.633,579.99,425.77,-1.018,-17.364,17.394
2330,77.667,579.67,423.6,-1.376,-11.413,11.496
2331,77.7,579.55,422.79,-1.505,-5.748,5.941
2332,77.733,579.36,423.13,-1.454,-0.557,1.557
2333,77.767,579.5,425.67,-1.448,2.093,2.545
2334,77.8,579.55,424.09,-1.649,2.589,3.069
2335,77.833,579.88,428.02,-2.023,1.756,2.679
2336,77.867,579.8,428.2,-2.54,1.41,2.905
2337,77.9,579.4,426.12,-3.09,1.857,3.605
2338,77.933,578.79,420.41,-3.722,2.732,4.617
2339,77.967,578.59,418.53,-4.3,4.027,5.892
2340,78.0,578.42,419.18,-4.787,4.889,6.842
2341,78.033,578.62,422.63,-5.125,5.762,7.712
2342,78.067,578.74,423.76,-5.35,7.562,9.263
2343,78.1,579.15,429.52,-5.625,8.469,10.167
2344,78.133,578.97,429.33,-5.967,8.858,10.68
2345,78.167,578.59,428.02,-6.378,7.099,9.544
2346,78.2,578.0,425.14,-6.733,5.103,8.449
2347,78.233,577.48,424.32,-7.011,2.849,7.568
2348,78.267,576.94,424.2,-7.186,-0.091,7.186
2349,78.3,576.62,424.94,-7.093,-1.974,7.363
2350,78.333,576.42,426.15,-6.701,-1.283,6.823
2351,78.367,576.47,428.18,-6.166,-0.779,6.215
2352,78.4,576.3,426.69,-5.506,-1.251,5.646
2353,78.433,576.4,426.25,-4.699,-3.316,5.751
2354,78.467,576.38,425.93,-3.475,-3.968,5.274
2355,78.5,576.43,426.99,-1.968,-3.992,4.45
2356,78.533,576.11,424.36,-0.302,-4.247,4.258
2357,78.567,575.74,422.17,1.292,-4.916,5.083
2358,78.6,575.49,420.86,2.844,-4.417,5.253
2359,78.633,575.43,420.82,3.72,-6.065,7.115
2360,78.667,575.54,422.02,3.025,-11.038,11.445
2361,78.7,575.86,423.9,0.876,-18.929,18.95
2362,78.733,576.21,426.48,-1.639,-25.694,25.747
2363,78.767,576.88,430.64,-3.843,-30.667,30.907
2364,78.8,576.99,428.39,-5.064,-31.905,32.304
2365,78.833,576.97,425.14,-5.319,-29.801,30.272
2366,78.867,576.67,419.27,-4.621,-24.779,25.206
2367,78.9,576.45,415.51,-3.862,-19.392,19.773
2368,78.933,576.39,415.21,-4.006,-14.576,15.116
2369,78.967,575.98,414.69,-5.122,-10.838,11.987
2370,79.0,575.31,414.91,-6.659,-7.601,10.105
2371,79.033,574.58,416.31,-8.649,-6.104,10.586
2372,79.067,573.55,415.38,-10.345,-2.614,10.67
2373,79.1,571.89,412.04,-11.599,2.662,11.9
2374,79.133,570.53,408.29,-12.202,10.042,15.803
2375,79.167,571.74,412.2,-12.291,17.61,21.475
2376,79.2,574.05,419.93,-12.083,23.168,26.13
2377,79.233,575.38,424.72,-11.764,26.346,28.853
2378,79.267,575.8,428.62,-11.385,26.88,29.192
2379,79.3,574.77,428.05,-11.501,21.71,24.568
2380,79.333,572.99,425.8,-11.686,13.724,18.025
2381,79.367,570.22,421.1,-11.688,5.273,12.822
2382,79.4,568.18,417.64,-11.14,-0.001,11.14
2383,79.433,568.37,418.6,-10.164,-4.678,11.188
2384,79.467,569.12,420.56,-8.874,-9.242,12.812
2385,79.5,569.35,421.78,-7.183,-11.863,13.868
2386,79.533,570.07,424.44,-4.939,-12.086,13.056
2387,79.567,569.99,422.89,-2.229,-12.084,12.288
2388,79.6,569.91,421.23,0.909,-10.839,10.877
2389,79.633,569.45,417.3,5.05,-6.94,8.583
2390,79.667,569.14,415.11,10.324,-0.231,10.326
2391,79.7,569.21,416.0,15.327,6.095,16.494
2392,79.733,569.57,416.84,19.012,9.194,21.118
2393,79.767,570.07,416.42,21.123,10.386,23.538
2394,79.8,571.57,419.38,21.667,9.924,23.832
2395,79.833,572.98,422.99,21.191,9.521,23.231
2396,79.867,574.2,424.24,19.972,9.875,22.28
2397,79.9,574.95,421.53,18.917,10.676,21.721
2398,79.933,575.77,424.24,18.239,11.262,21.436
2399,79.967,576.42,426.71,17.2,11.029,20.432
2400,80.0,576.91,426.02,15.571,7.628,17.339
2401,80.033,577.04,422.61,13.639,2.13,13.804
2402,80.067,577.14,421.09,11.241,-5.749,12.626
2403,80.1,577.55,419.06,8.821,-15.255,17.621
2404,80.133,577.68,417.19,6.494,-26.085,26.881
2405,80.167,577.64,417.94,4.644,-36.561,36.855
2406,80.2,577.75,419.52,3.492,-43.916,44.055
2407,80.233,577.74,422.19,3.088,-49.101,49.198
2408,80.267,577.86,422.76,3.437,-51.618,51.733
2409,80.3,577.87,420.72,4.611,-50.318,50.529
2410,80.333,577.72,416.59,6.051,-46.244,46.638
2411,80.367,577.96,410.59,7.573,-41.955,42.633
2412,80.4,578.27,407.54,9.117,-37.146,38.249
2413,80.433,578.73,406.65,10.748,-30.025,31.891
2414,80.467,579.28,403.45,12.251,-21.728,24.944
2415,80.5,579.9,404.12,13.546,-14.314,19.707
2416,80.533,580.52,403.63,14.609,-7.232,16.301
2417,80.567,581.07,401.59,15.527,0.96,15.557
2418,80.6,581.56,402.33,16.295,9.404,18.814
2419,80.633,582.11,404.93,16.684,18.148,24.652
2420,80.667,582.69,410.25,16.75,26.671,31.494
2421,80.7,583.22,411.75,16.471,35.157,38.824
2422,80.733,583.72,413.67,15.797,41.639,44.534
2423,80.767,584.23,415.17,14.871,43.571,46.039
2424,80.8,584.64,415.91,13.607,42.552,44.675
2425,80.833,585.1,414.45,12.241,38.682,40.573
2426,80.867,585.6,415.63,11.11,31.868,33.749
2427,80.9,585.97,417.31,10.052,24.982,26.928
2428,80.933,586.26,419.6,9.046,17.927,20.08
2429,80.967,586.59,417.99,7.96,12.404,14.739
2430,81.0,586.91,418.06,6.985,7.274,10.084
2431,81.033,587.12,418.43,6.165,0.107,6.166
2432,81.067,587.27,418.22,5.172,-6.594,8.38
2433,81.1,587.33,417.89,4.349,-12.635,13.362
2434,81.133,587.36,417.77,4.062,-19.384,19.805
2435,81.167,587.33,419.06,4.382,-23.648,24.051
2436,81.2,587.5,416.55,5.056,-26.924,27.395
2437,81.233,587.73,415.08,5.543,-27.549,28.101
2438,81.267,587.9,415.92,6.012,-27.202,27.858
2439,81.3,588.32,413.33,6.625,-26.791,27.598
2440,81.333,588.59,411.58,7.074,-24.246,25.257
2441,81.367,588.55,413.04,7.607,-19.889,21.294
2442,81.4,588.65,412.99,8.402,-15.736,17.839
2443,81.433,588.9,412.51,9.334,-10.981,14.411
2444,81.467,589.57,406.05,10.562,-7.719,13.082
2445,81.5,589.97,404.35,11.921,-4.559,12.764
2446,81.533,590.27,405.95,13.317,-2.021,13.47
2447,81.567,591.49,405.0,14.754,-0.198,14.755
2448,81.6,592.37,407.79,15.854,2.94,16.124
2449,81.633,592.57,414.91,17.017,5.952,18.028
2450,81.667,592.28,415.48,18.398,8.442,20.243
2451,81.7,592.12,415.06,20.031,9.353,22.107
2452,81.733,593.15,412.89,21.781,10.263,24.078
2453,81.767,594.06,412.55,23.566,10.725,25.891
2454,81.8,594.66,414.13,25.253,9.564,27.003
2455,81.833,596.18,411.19,26.479,8.726,27.88
2456,81.867,597.4,410.42,26.874,8.285,28.122
2457,81.9,598.15,411.59,27.882,5.547,28.429
2458,81.933,599.2,409.71,28.344,1.834,28.403
2459,81.967,599.86,410.19,28.632,-2.824,28.771
2460,82.0,600.63,411.75,28.954,-4.963,29.377
2461,82.033,601.42,413.66,28.383,-4.851,28.795
2462,82.067,602.12,415.86,26.296,-3.083,26.476
2463,82.1,603.72,413.66,21.754,2.347,21.88
2464,82.133,604.68,413.5,15.045,8.949,17.505
2465,82.167,605.24,413.47,7.666,13.875,15.852
2466,82.2,605.57,413.3,-0.183,18.952,18.953
2467,82.233,605.68,413.22,-6.416,22.726,23.614
2468,82.267,605.5,413.6,-10.614,25.143,27.291
2469,82.3,605.26,414.07,-13.449,25.853,29.142
2470,82.333,605.19,413.95,-14.717,23.572,27.789
2471,82.367,606.03,413.47,-14.989,20.735,25.585
2472,82.4,603.74,415.77,-14.131,16.425,21.667
2473,82.433,603.25,416.95,-12.897,13.252,18.492
2474,82.467,601.59,418.95,-11.052,11.349,15.841
2475,82.5,598.12,422.26,-8.012,9.601,12.505
2476,82.533,596.03,424.61,-3.683,6.725,7.667
2477,82.567,595.55,425.51,1.256,3.53,3.747
2478,82.6,597.1,424.24,6.435,-0.337,6.444
2479,82.633,599.82,423.31,10.726,-2.306,10.971
2480,82.667,601.64,420.37,14.362,-5.095,15.239
2481,82.7,605.51,415.99,16.928,-6.768,18.231
2482,82.733,606.52,413.89,18.681,-8.286,20.436
2483,82.767,605.52,413.97,19.501,-9.886,21.863
2484,82.8,605.65,413.92,19.249,-12.101,22.737
2485,82.833,605.62,414.91,17.467,-13.253,21.926
2486,82.867,605.61,416.58,14.178,-14.251,20.102
2487,82.9,605.03,420.68,8.531,-13.209,15.724
2488,82.933,606.43,417.65,2.676,-13.858,14.114
2489,82.967,607.23,416.89,-4.054,-14.523,15.078
2490,83.0,606.9,416.69,-10.765,-15.174,18.604
2491,83.033,605.44,418.51,-15.847,-16.48,22.863
2492,83.067,604.43,418.04,-19.021,-18.524,26.55
2493,83.1,603.56,416.7,-20.572,-19.545,28.376
2494,83.133,603.43,413.42,-21.074,-19.358,28.616
2495,83.167,602.61,414.28,-21.557,-16.875,27.377
2496,83.2,602.43,411.01,-21.603,-12.753,25.086
2497,83.233,601.38,409.51,-21.257,-0.802,21.273
2498,83.267,600.09,408.91,-21.509,8.561,23.15
2499,83.3,598.86,409.95,-21.011,14.276,25.402
2500,83.333,598.52,407.78,-19.847,16.48,25.798
2501,83.367,598.0,408.6,-19.51,11.39,22.591
2502,83.4,598.28,406.61,-17.849,6.425,18.97
2503,83.433,597.55,410.64,-14.812,-0.304,14.815
2504,83.467,597.08,413.73,-11.738,-5.699,13.048
2505,83.5,596.56,416.74,-8.967,-10.459,13.777
2506,83.533,596.05,419.61,-6.278,-14.939,16.204
2507,83.567,595.53,422.81,-3.211,-20.397,20.648
2508,83.6,595.52,422.26,-0.102,-26.021,26.021
2509,83.633,595.46,421.94,2.666,-31.316,31.43
2510,83.667,596.41,416.91,4.642,-34.95,35.257
2511,83.7,597.34,413.18,5.96,-38.529,38.988
2512,83.733,594.81,393.79,6.456,-39.986,40.504
2513,83.767,595.74,391.44,6.577,-39.664,40.205
2514,83.8,596.19,390.78,6.502,-37.67,38.227
2515,83.833,595.9,391.9,6.477,-34.814,35.412
2516,83.867,599.63,404.73,6.274,-29.261,29.926
2517,83.9,599.31,404.35,5.741,-22.068,22.802
2518,83.933,599.0,403.98,3.593,-11.68,12.22
2519,83.967,598.72,403.67,0.679,-1.194,1.374
2520,84.0,598.51,403.29,-2.584,8.578,8.958
2521,84.033,598.06,403.22,-5.994,17.128,18.146
2522,84.067,597.31,403.25,-9.024,22.043,23.819
2523,84.1,596.58,403.27,-11.021,20.956,23.677
2524,84.133,596.37,403.28,-12.116,16.117,20.163
2525,84.167,596.18,403.37,-12.422,8.347,14.966
2526,84.2,596.28,403.11,-12.789,-0.831,12.816
2527,84.233,596.0,403.04,-13.467,-11.614,17.783
2528,84.267,595.45,403.15,-12.892,-13.833,18.909
2529,84.3,594.87,403.3,-12.645,-12.16,17.543
2530,84.333,593.9,403.6,-11.933,-7.944,14.336
2531,84.367,592.36,403.67,-9.955,-2.188,10.192
2532,84.4,591.01,403.32,-9.32,1.675,9.469
2533,84.433,591.79,402.68,-8.944,8.192,12.129
2534,84.467,592.52,401.74,-8.906,15.358,17.754
2535,84.5,592.9,401.22,-9.152,21.871,23.709
2536,84.533,593.59,399.33,-9.86,29.097,30.722
2537,84.567,593.82,400.37,-11.031,35.648,37.315
2538,84.6,592.93,404.91,-12.578,40.518,42.425
2539,84.633,591.63,408.13,-14.451,43.217,45.569
2540,84.667,590.32,408.55,-16.823,45.417,48.432
2541,84.7,589.37,410.33,-19.63,45.4,49.462
2542,84.733,588.42,412.58,-22.836,45.113,50.563
2543,84.767,588.14,414.64,-26.117,43.358,50.616
2544,84.8,588.71,415.25,-28.821,43.41,52.106
2545,84.833,588.16,418.82,-30.574,43.396,53.085
2546,84.867,586.43,424.96,-31.138,42.349,52.564
2547,84.9,584.84,423.67,-30.081,40.225,50.229
2548,84.933,583.74,420.53,-27.519,35.241,44.713
2549,84.967,582.68,419.75,-24.68,26.732,36.382
2550,85.0,581.31,421.16,-21.854,16.831,27.584
2551,85.033,580.03,419.01,-19.275,4.067,19.699
2552,85.067,578.95,418.36,-16.996,-6.927,18.353
2553,85.1,578.22,419.48,-14.955,-14.849,21.074
2554,85.133,577.9,422.25,-12.957,-22.262,25.758
2555,85.167,578.01,421.64,-10.559,-27.136,29.118
2556,85.2,578.56,424.79,-7.981,-30.654,31.676
2557,85.233,579.25,424.54,-5.692,-34.117,34.589
2558,85.267,580.12,426.85,-4.052,-38.092,38.307
2559,85.3,580.26,420.86,-3.514,-42.347,42.493
2560,85.333,579.65,416.14,-4.374,-43.885,44.103
2561,85.367,578.8,411.48,-6.265,-43.469,43.918
2562,85.4,577.69,405.46,-8.37,-42.939,43.747
2563,85.433,576.94,403.17,-10.087,-38.694,39.987
2564,85.467,576.66,404.45,-11.643,-31.406,33.494
2565,85.5,576.6,404.06,-12.921,-22.521,25.964
2566,85.533,577.09,410.06,-13.889,-13.882,19.637
2567,85.567,576.92,412.01,-14.235,-4.174,14.835
2568,85.6,576.25,410.15,-13.835,6.016,15.086
2569,85.633,575.68,409.84,-12.712,15.522,20.063
2570,85.667,574.24,404.69,-10.62,24.502,26.705
2571,85.7,572.92,403.94,-7.943,32.852,33.798
2572,85.733,572.08,405.8,-5.141,37.56,37.91
2573,85.767,572.16,410.15,-2.529,39.345,39.426
2574,85.8,572.93,416.47,-0.519,36.116,36.12
2575,85.833,573.46,419.73,0.979,31.685,31.7
2576,85.867,574.26,421.39,2.234,26.539,26.633
2577,85.9,574.99,421.45,3.356,21.434,21.695
2578,85.933,574.77,418.09,4.526,17.83,18.395
2579,85.967,574.75,416.97,5.887,16.344,17.372
2580,86.0,574.56,416.41,7.249,15.915,17.488
2581,86.033,574.97,416.7,8.417,17.32,19.256
2582,86.067,575.2,417.63,8.867,16.502,18.734
2583,86.1,575.5,418.91,8.702,14.231,16.681
2584,86.133,575.98,420.86,7.295,10.483,12.772
2585,86.167,575.69,418.9,4.635,3.855,6.029
2586,86.2,575.58,418.36,1.416,-2.934,3.258
2587,86.233,575.69,418.65,-1.563,-9.406,9.535
2588,86.267,575.86,419.04,-3.055,-14.002,14.331
2589,86.3,576.1,419.62,-2.649,-16.554,16.765
2590,86.333,576.34,420.29,-0.874,-18.094,18.115
2591,86.367,576.54,420.47,2.12,-17.964,18.089
2592,86.4,576.77,420.79,5.457,-17.89,18.704
2593,86.433,577.12,422.28,8.712,-17.922,19.927
2594,86.467,576.96,421.06,11.755,-18.315,21.763
2595,86.5,576.58,418.23,14.214,-20.645,25.065
2596,86.533,576.01,414.25,16.377,-23.47,28.619
2597,86.567,575.38,409.91,18.035,-26.649,32.179
2598,86.6,574.59,404.68,19.492,-27.965,34.088
2599,86.633,575.82,402.82,20.595,-27.717,34.531
2600,86.667,578.01,404.38,21.091,-26.49,33.861
2601,86.7,581.24,409.78,21.432,-22.802,31.293
2602,86.733,584.64,415.55,21.633,-17.257,27.673
2603,86.767,586.28,418.48,21.725,-9.67,23.78
2604,86.8,586.21,418.44,21.454,-2.024,21.55
2605,86.833,585.72,415.51,20.771,4.578,21.27
2606,86.867,584.64,409.82,20.187,10.776,22.883
2607,86.9,584.06,405.93,18.931,14.46,23.821
2608,86.933,583.5,401.68,16.778,16.267,23.369
2609,86.967,583.69,401.89,13.77,16.005,21.113
2610,87.0,584.66,406.27,10.155,14.955,18.077
2611,87.033,585.52,410.13,6.15,13.672,14.991
2612,87.067,586.39,415.43,2.02,11.311,11.49
2613,87.1,586.7,416.5,-1.629,8.814,8.964
2614,87.133,587.07,417.23,-3.879,7.105,8.095
2615,87.167,587.58,417.19,-4.868,7.756,9.157
2616,87.2,587.85,417.1,-4.841,10.145,11.24
2617,87.233,587.89,416.66,-4.32,13.884,14.541
2618,87.267,587.45,413.54,-4.486,15.13,15.781
2619,87.3,587.25,412.91,-5.405,13.031,14.107
2620,87.333,586.87,413.77,-7.024,7.521,10.291
2621,87.367,584.84,412.14,-8.578,-0.095,8.579
2622,87.4,583.92,414.93,-9.438,-7.586,12.108
2623,87.433,583.42,416.41,-8.943,-12.408,15.295
2624,87.467,582.78,415.91,-7.184,-14.034,15.766
2625,87.5,582.37,413.58,-4.329,-11.583,12.365
2626,87.533,582.46,410.53,-1.154,-8.057,8.139
2627,87.567,583.37,411.11,2.101,-3.906,4.435
2628,87.6,584.66,412.61,5.071,-0.986,5.166
2629,87.633,585.91,417.18,7.773,1.93,8.009
2630,87.667,586.49,418.7,10.001,3.98,10.764
2631,87.7,586.54,418.92,11.653,6.403,13.297
2632,87.733,585.49,413.22,12.756,9.331,15.804
2633,87.767,584.94,410.45,13.241,12.51,18.216
2634,87.8,584.98,409.13,13.148,17.198,21.648
2635,87.833,586.61,409.94,11.989,20.423,23.682
2636,87.867,587.73,412.28,9.661,20.376,22.551
2637,87.9,588.87,416.38,7.164,18.021,19.393
2638,87.933,588.57,416.99,4.165,11.042,11.802
2639,87.967,588.52,420.17,0.825,1.7,1.889
2640,88.0,587.95,419.06,-2.281,-8.532,8.832
2641,88.033,587.73,419.22,-4.601,-16.29,16.927
2642,88.067,587.53,419.04,-5.943,-19.468,20.355
2643,88.1,587.5,418.93,-6.626,-20.709,21.743
2644,88.133,587.57,418.39,-6.894,-21.26,22.35
2645,88.167,587.74,419.22,-6.943,-24.139,25.117
2646,88.2,587.55,417.3,-6.758,-29.311,30.08
2647,88.233,586.91,413.4,-6.349,-37.992,38.519
2648,88.267,585.95,408.21,-5.288,-48.13,48.419
2649,88.3,584.84,401.42,-3.601,-56.851,56.964
2650,88.333,584.24,397.86,-1.609,-63.563,63.584
2651,88.367,584.0,396.88,-0.333,-68.236,68.237
2652,88.4,583.97,398.09,0.202,-70.803,70.803
2653,88.433,584.67,402.11,-0.123,-72.212,72.213
2654,88.467,585.69,403.91,-0.902,-71.123,71.129
2655,88.5,586.71,405.68,-2.575,-70.376,70.423
2656,88.533,587.19,403.07,-4.941,-68.96,69.137
2657,88.567,587.25,396.41,-7.868,-66.318,66.783
2658,88.6,587.13,390.35,-11.062,-63.429,64.386
2659,88.633,586.6,384.01,-14.344,-60.959,62.624
2660,88.667,585.67,378.22,-17.602,-59.065,61.632
2661,88.7,584.5,373.02,-20.62,-59.299,62.782
2662,88.733,583.31,371.47,-23.134,-60.969,65.211
2663,88.767,582.29,375.47,-24.83,-63.013,67.729
2664,88.8,581.07,375.56,-25.417,-64.254,69.098
2665,88.833,580.04,375.91,-24.701,-62.693,67.384
2666,88.867,579.26,376.01,-22.638,-58.605,62.825
2667,88.9,578.44,374.8,-19.246,-52.951,56.34
2668,88.933,577.18,372.35,-14.632,-47.198,49.414
2669,88.967,576.1,368.66,-9.193,-44.346,45.289
2670,89.0,575.88,366.63,-3.458,-42.847,42.987
2671,89.033,576.38,366.0,2.014,-44.882,44.928
2672,89.067,577.09,362.37,6.982,-49.809,50.296
2673,89.1,577.88,359.77,11.204,-55.659,56.775
2674,89.133,578.74,357.48,14.397,-62.109,63.756
2675,89.167,579.7,354.89,16.427,-68.084,70.038
2676,89.2,580.33,352.89,17.275,-72.732,74.755
2677,89.233,580.82,351.23,17.036,-74.819,76.734
2678,89.267,581.22,349.68,15.747,-73.301,74.973
2679,89.3,581.63,348.28,13.474,-71.969,73.219
2680,89.333,582.27,346.56,10.562,-70.317,71.105
2681,89.367,582.74,344.13,7.15,-67.569,67.946
2682,89.4,583.0,341.61,3.296,-63.875,63.96
2683,89.433,583.15,339.21,-0.816,-59.372,59.378
2684,89.467,582.88,338.47,-4.673,-53.961,54.163
2685,89.5,582.39,333.63,-7.957,-48.991,49.633
2686,89.533,581.9,329.9,-10.644,-46.613,47.813
2687,89.567,581.29,327.24,-12.821,-48.495,50.161
2688,89.6,580.66,325.14,-14.387,-53.322,55.229
2689,89.633,580.0,323.97,-15.252,-59.066,61.003
2690,89.667,579.41,323.66,-15.383,-64.313,66.127
2691,89.7,578.98,324.47,-14.838,-68.365,69.957
2692,89.733,578.58,325.86,-13.528,-69.17,70.481
2693,89.767,578.35,323.24,-11.494,-67.451,68.423
2694,89.8,578.14,321.75,-8.845,-63.358,63.972
2695,89.833,577.77,321.72,-5.733,-59.632,59.907
2696,89.867,577.36,318.62,-2.41,-57.84,57.891
2697,89.9,577.04,313.51,0.938,-58.662,58.67
2698,89.933,576.91,307.11,4.124,-61.71,61.847
2699,89.967,577.01,299.0,7.021,-68.841,69.198
2700,90.0,577.41,293.6,9.531,-78.192,78.771
2701,90.033,577.95,291.41,11.492,-84.148,84.929
2702,90.067,578.66,292.55,12.679,-84.225,85.174
2703,90.1,579.37,296.81,13.137,-80.89,81.949
2704,90.133,580.04,299.01,12.914,-75.577,76.672
2705,90.167,580.63,299.57,12.044,-69.26,70.3
2706,90.2,581.07,299.92,10.483,-63.226,64.089
2707,90.233,581.37,294.72,8.232,-61.313,61.863
2708,90.267,581.6,288.29,5.292,-62.104,62.329
2709,90.3,581.81,278.9,1.687,-62.043,62.066
2710,90.333,581.97,272.28,-2.472,-62.581,62.629
2711,90.367,581.88,268.15,-6.773,-65.174,65.525
2712,90.4,581.61,266.7,-10.797,-70.858,71.676
2713,90.433,581.23,266.12,-14.116,-77.811,79.081
2714,90.467,580.46,272.7,-16.39,-84.142,85.723
2715,90.5,579.6,277.31,-17.381,-89.51,91.182
2716,90.533,578.82,275.89,-17.25,-90.847,92.47
2717,90.567,578.27,267.31,-16.007,-89.915,91.329
2718,90.6,577.64,260.7,-13.74,-89.776,90.821
2719,90.633,576.9,255.25,-10.531,-90.777,91.385
2720,90.667,576.17,249.85,-6.572,-93.507,93.738
2721,90.7,575.65,245.1,-2.114,-97.776,97.799
2722,90.733,575.28,247.48,2.658,-104.95,104.983
2723,90.767,575.31,246.52,7.341,-112.919,113.158
2724,90.8,575.72,240.67,11.349,-117.831,118.377
2725,90.833,576.64,234.98,14.545,-119.594,120.475
2726,90.867,577.74,228.44,16.806,-117.541,118.736
2727,90.9,578.96,226.01,18.054,-110.65,112.113
2728,90.933,580.1,222.79,18.21,-99.429,101.083
2729,90.967,580.99,218.52,17.245,-86.233,87.94
2730,91.0,581.52,218.91,15.403,-76.553,78.087
2731,91.033,582.24,213.55,12.678,-70.323,71.456
2732,91.067,582.8,209.91,9.275,-67.168,67.805
2733,91.1,583.13,210.43,5.563,-66.214,66.448
2734,91.133,583.08,207.73,1.772,-65.419,65.443
2735,91.167,582.76,206.03,-1.787,-64.124,64.149
2736,91.2,582.2,203.82,-4.924,-60.75,60.95
2737,91.233,581.26,203.3,-7.353,-55.952,56.433
2738,91.267,580.43,204.37,-8.775,-53.923,54.632
2739,91.3,580.34,199.58,-9.208,-53.883,54.664
2740,91.333,580.14,199.76,-8.654,-54.633,55.314
2741,91.367,579.83,199.5,-7.187,-56.128,56.586
2742,91.4,579.54,196.32,-4.961,-56.247,56.465
2743,91.433,579.38,190.78,-2.239,-54.989,55.034
2744,91.467,579.33,187.88,0.59,-51.108,51.112
2745,91.5,579.31,186.77,3.423,-45.241,45.37
2746,91.533,579.85,182.48,6.248,-40.646,41.123
2747,91.567,580.56,179.5,8.645,-34.637,35.7
2748,91.6,580.81,183.07,10.321,-29.049,30.828
2749,91.633,581.09,183.87,11.19,-27.726,29.899
2750,91.667,581.38,183.93,11.25,-28.504,30.644
2751,91.7,581.94,181.35,10.569,-29.032,30.896
2752,91.733,582.43,179.88,9.438,-29.443,30.919
2753,91.767,582.76,178.96,8.175,-30.592,31.666
2754,91.8,583.25,177.31,6.765,-33.551,34.227
2755,91.833,583.71,177.87,4.988,-35.51,35.859
2756,91.867,583.8,180.33,2.989,-39.506,39.619
2757,91.9,583.65,181.75,0.903,-45.677,45.686
2758,91.933,583.31,179.77,-1.273,-51.249,51.264
2759,91.967,583.21,174.22,-3.651,-53.858,53.981
2760,92.0,582.94,169.51,-5.782,-55.779,56.078
2761,92.033,582.43,165.29,-7.603,-56.717,57.224
2762,92.067,582.03,159.77,-9.098,-54.496,55.251
2763,92.1,581.82,156.84,-10.339,-49.513,50.581
2764,92.133,581.59,158.88,-11.147,-45.092,46.449
2765,92.167,581.44,161.54,-11.714,-40.946,42.589
2766,92.2,581.35,159.45,-12.093,-38.034,39.91
2767,92.233,580.88,158.21,-12.433,-35.731,37.832
2768,92.267,580.22,157.11,-12.739,-34.789,37.048
2769,92.3,579.78,155.72,-12.802,-34.121,36.443
2770,92.333,579.28,154.18,-12.707,-32.917,35.284
2771,92.367,578.64,154.78,-12.618,-32.473,34.838
2772,92.4,577.98,156.25,-12.412,-34.146,36.332
2773,92.433,577.59,155.05,-11.989,-38.248,40.084
2774,92.467,577.86,151.79,-11.219,-43.556,44.978
2775,92.5,577.57,151.82,-10.297,-48.029,49.12
2776,92.533,577.51,149.94,-9.169,-50.682,51.505
2777,92.567,577.05,146.84,-7.797,-52.289,52.867
2778,92.6,576.43,144.03,-6.364,-52.366,52.751
2779,92.633,575.72,140.53,-5.005,-50.048,50.298
2780,92.667,575.41,136.76,-3.662,-46.06,46.205
2781,92.7,575.38,134.5,-2.452,-42.159,42.23
2782,92.733,575.53,133.94,-1.463,-37.349,37.377
2783,92.767,575.88,135.55,-0.612,-30.665,30.671
2784,92.8,575.99,135.55,0.291,-21.539,21.541
2785,92.833,576.03,135.19,1.098,-10.981,11.036
2786,92.867,576.25,135.5,1.698,-0.887,1.916
2787,92.9,576.41,135.73,2.182,8.016,8.308
2788,92.933,576.52,135.93,2.639,14.785,15.018
2789,92.967,576.46,135.99,2.875,18.114,18.341
2790,93.0,576.46,136.04,2.715,20.622,20.8
2791,93.033,576.31,134.32,2.493,20.607,20.758
2792,93.067,576.19,135.0,2.172,19.697,19.816
2793,93.1,576.37,139.06,1.959,19.024,19.125
2794,93.133,576.66,142.06,1.94,18.825,18.924
2795,93.167,576.79,141.8,2.206,20.058,20.179
2796,93.2,576.94,142.54,2.642,23.269,23.418
2797,93.233,577.02,145.4,3.074,27.809,27.978
2798,93.267,577.13,145.51,3.525,33.873,34.056
2799,93.3,576.97,142.75,3.864,37.119,37.319
2800,93.333,576.8,140.53,4.127,38.416,38.637
2801,93.367,576.89,141.89,4.323,36.247,36.503
2802,93.4,577.05,142.24,4.32,30.927,31.228
2803,93.433,577.26,141.98,4.1,24.023,24.37
2804,93.467,577.9,146.77,3.716,16.73,17.137
2805,93.5,578.36,149.5,3.247,10.606,11.092
2806,93.533,578.63,153.16,2.745,4.737,5.475
2807,93.567,578.66,155.24,2.377,1.27,2.695
2808,93.6,578.5,156.17,2.276,0.356,2.303
2809,93.633,578.36,156.24,2.403,-2.596,3.538
2810,93.667,578.28,154.73,2.681,-7.336,7.811
2811,93.7,578.25,152.13,3.177,-10.844,11.3
2812,93.733,578.44,149.06,3.766,-14.222,14.713
2813,93.767,578.45,142.22,4.293,-18.632,19.12
2814,93.8,578.41,140.61,4.549,-25.045,25.454
2815,93.833,578.42,138.3,4.542,-28.774,29.131
2816,93.867,578.48,140.68,4.241,-28.116,28.434
2817,93.9,578.65,144.18,3.582,-25.097,25.352
2818,93.933,578.93,146.52,2.619,-18.018,18.207
2819,93.967,579.19,147.69,1.522,-7.12,7.281
2820,94.0,579.56,146.01,0.076,2.797,2.798
2821,94.033,579.93,146.56,-1.632,11.026,11.146
2822,94.067,580.23,145.31,-3.511,15.31,15.708
2823,94.1,580.35,141.21,-5.482,17.107,17.964
2824,94.133,580.18,142.65,-7.361,16.62,18.177
2825,94.167,579.77,144.52,-9.082,14.05,16.73
2826,94.2,579.0,143.33,-10.615,10.187,14.712
2827,94.233,578.04,143.65,-11.788,5.348,12.944
2828,94.267,577.11,144.03,-12.657,0.052,12.657
2829,94.3,576.33,150.33,-13.068,-2.952,13.397
2830,94.333,575.75,152.23,-12.945,-5.032,13.889
2831,94.367,575.48,151.41,-12.227,-4.873,13.162
2832,94.4,575.38,151.27,-10.831,-5.538,12.165
2833,94.433,575.41,147.2,-8.898,-8.374,12.219
2834,94.467,575.25,142.38,-6.645,-13.415,14.97
2835,94.5,575.16,140.45,-4.333,-18.595,19.094
2836,94.533,575.01,140.19,-2.216,-21.361,21.476
2837,94.567,574.83,143.06,-0.551,-22.003,22.01
2838,94.6,574.8,143.66,0.559,-19.382,19.39
2839,94.633,574.77,143.91,1.153,-11.827,11.883
2840,94.667,574.87,143.6,1.193,-3.07,3.293
2841,94.7,575.16,142.49,0.894,4.177,4.272
2842,94.733,575.31,141.8,0.481,10.176,10.187
2843,94.767,575.5,141.22,0.072,14.774,14.774
2844,94.8,575.64,140.89,-0.42,19.496,19.5
2845,94.833,575.76,140.59,-0.771,21.719,21.733
2846,94.867,575.74,139.56,-0.898,22.935,22.953
2847,94.9,575.36,141.22,-0.915,24.303,24.32
2848,94.933,574.9,145.01,-1.042,25.134,25.155
2849,94.967,574.42,150.98,-1.276,25.69,25.721
2850,95.0,574.19,154.65,-1.587,26.307,26.355
2851,95.033,574.08,156.21,-2.082,25.559,25.644
2852,95.067,574.26,155.61,-2.85,24.64,24.804
2853,95.1,574.5,152.72,-3.677,20.978,21.298
2854,95.133,574.58,148.07,-4.458,14.803,15.459
2855,95.167,574.83,144.3,-5.109,7.518,9.09
2856,95.2,574.74,144.34,-5.685,0.741,5.733
2857,95.233,574.42,147.85,-6.114,-5.704,8.362
2858,95.267,574.08,152.5,-6.51,-10.259,12.15
2859,95.3,574.16,155.32,-6.872,-13.422,15.079
2860,95.333,573.9,156.39,-7.138,-14.031,15.743
2861,95.367,573.39,155.63,-7.49,-12.907,14.923
2862,95.4,572.79,152.8,-7.808,-9.596,12.371
2863,95.433,572.44,148.19,-7.977,-4.162,8.997
2864,95.467,571.87,145.77,-7.876,2.068,8.143
2865,95.5,571.36,144.87,-7.258,5.607,9.172
2866,95.533,571.05,146.49,-6.427,7.541,9.908
2867,95.567,571.23,145.2,-5.208,5.394,7.498
2868,95.6,571.35,146.12,-3.669,1.487,3.959
2869,95.633,571.36,149.5,-2.122,-2.336,3.156
2870,95.667,571.37,151.67,-0.701,-4.114,4.173
2871,95.7,571.52,151.58,0.319,-2.893,2.91
2872,95.733,571.34,153.54,0.945,0.757,1.211
2873,95.767,571.45,152.62,1.366,3.513,3.77
2874,95.8,571.53,153.04,1.549,4.575,4.83
2875,95.833,571.41,150.94,1.394,3.317,3.599
2876,95.867,571.59,150.63,1.142,0.076,1.145
2877,95.9,571.61,151.19,0.813,-4.747,4.816
2878,95.933,571.76,149.56,0.516,-9.718,9.732
2879,95.967,571.93,146.91,0.157,-13.31,13.311
2880,96.0,571.73,146.94,-0.237,-14.21,14.212
2881,96.033,572.05,144.12,-0.466,-13.045,13.053
2882,96.067,571.94,147.46,-0.545,-9.632,9.648
2883,96.1,571.42,148.77,-0.707,-2.498,2.596
2884,96.133,571.1,149.52,-0.868,5.923,5.986
2885,96.167,570.94,149.9,-1.011,13.593,13.631
2886,96.2,570.97,149.67,-0.893,17.909,17.931
2887,96.233,571.23,147.63,-0.926,19.589,19.61
2888,96.267,571.36,148.38,-1.157,18.741,18.777
2889,96.3,571.69,147.96,-1.651,17.235,17.314
2890,96.333,571.8,148.76,-2.218,14.641,14.808
2891,96.367,571.55,149.63,-2.768,12.928,13.221
2892,96.4,571.43,151.47,-2.989,10.341,10.764
2893,96.433,571.23,153.56,-2.479,5.863,6.365
2894,96.467,571.03,156.82,-0.987,-1.416,1.726
2895,96.5,571.16,157.34,0.787,-7.637,7.677
2896,96.533,571.11,158.57,2.727,-12.4,12.697
2897,96.567,571.12,156.14,4.194,-12.21,12.91
2898,96.6,571.24,151.51,5.498,-10.87,12.181
2899,96.633,571.23,148.17,6.814,-8.8,11.13
2900,96.667,571.31,144.28,8.388,-7.278,11.105
2901,96.7,570.79,145.56,10.368,-7.603,12.857
2902,96.733,570.88,148.47,12.337,-8.094,14.755
2903,96.767,571.68,149.74,14.075,-7.302,15.857
2904,96.8,572.78,149.9,15.506,-5.416,16.425
2905,96.833,573.94,149.44,15.343,0.864,15.367
2906,96.867,575.62,146.9,14.118,8.954,16.718
2907,96.9,576.7,146.15,12.98,16.129,20.703
2908,96.933,577.01,146.75,12.765,20.368,24.038
2909,96.967,576.05,153.74,12.928,21.296,24.913
2910,97.0,575.81,157.13,12.829,19.595,23.421
2911,97.033,575.87,158.52,12.28,14.822,19.248
2912,97.067,576.64,155.36,11.067,7.651,13.454
2913,97.1,577.16,152.34,8.206,1.908,8.425
2914,97.133,577.87,149.79,4.373,-1.191,4.533
2915,97.167,577.96,149.47,1.028,-4.439,4.556
2916,97.2,577.32,152.98,-1.067,-8.212,8.281
2917,97.233,576.97,154.88,-2.118,-12.686,12.861
2918,97.267,576.47,156.99,-2.097,-19.015,19.13
2919,97.3,575.85,157.52,-1.578,-24.688,24.738
2920,97.333,577.96,150.45,-0.797,-28.81,28.821
2921,97.367,579.98,144.58,0.62,-31.199,31.205
2922,97.4,580.34,142.79,1.749,-29.249,29.301
2923,97.433,578.22,144.4,2.335,-24.192,24.304
2924,97.467,576.39,147.27,2.18,-16.519,16.662
2925,97.5,575.44,147.0,1.969,-11.013,11.187
2926,97.533,574.37,149.95,1.454,-7.614,7.751
2927,97.567,573.95,150.77,0.189,-4.82,4.824
2928,97.6,576.53,145.93,-2.225,-1.449,2.655
2929,97.633,579.16,139.55,-4.607,2.141,5.08
2930,97.667,579.76,138.51,-7.246,7.616,10.512
2931,97.7,578.59,142.41,-9.474,12.53,15.708
2932,97.733,578.44,144.75,-10.857,15.314,18.772
2933,97.767,577.84,149.19,-11.276,15.286,18.995
2934,97.8,577.7,150.54,-10.733,12.498,16.474
2935,97.833,577.55,151.14,-9.197,7.266,11.72
2936,97.867,575.84,152.27,-8.25,4.402,9.351
2937,97.9,574.38,150.39,-8.195,3.676,8.982
2938,97.933,572.99,149.56,-8.542,3.769,9.337
2939,97.967,572.26,148.13,-7.83,1.596,7.991
2940,98.0,571.59,148.35,-5.951,-2.483,6.448
2941,98.033,571.25,149.51,-3.162,-7.088,7.761
2942,98.067,572.31,147.43,0.492,-12.05,12.06
2943,98.1,574.49,146.46,4.687,-15.692,16.377
2944,98.133,574.98,147.22,7.704,-14.402,16.333
2945,98.167,575.98,144.85,9.077,-7.811,11.975
2946,98.2,576.2,145.87,9.357,1.581,9.49
2947,98.233,576.35,145.81,9.302,10.337,13.907
2948,98.267,576.04,147.6,8.614,17.486,19.493
2949,98.3,575.94,148.04,7.472,21.004,22.293
2950,98.333,576.2,147.95,5.76,21.771,22.52
2951,98.367,576.87,145.62,3.482,19.733,20.037
2952,98.4,577.24,144.88,1.365,15.123,15.184
2953,98.433,577.33,144.93,-0.434,9.955,9.964
2954,98.467,576.69,149.77,-1.99,5.693,6.031
2955,98.5,575.9,153.68,-3.35,3.229,4.653
2956,98.533,574.98,158.99,-4.15,1.734,4.498
2957,98.567,574.52,161.0,-4.19,0.72,4.251
2958,98.6,574.62,159.54,-3.623,0.231,3.63
2959,98.633,575.13,154.47,-3.144,-0.4,3.17
2960,98.667,575.44,150.41,-2.306,-1.589,2.8
2961,98.7,575.69,146.76,-1.692,-1.353,2.166
2962,98.733,576.09,144.08,-1.356,0.189,1.369
2963,98.767,576.24,143.61,-0.997,3.168,3.321
2964,98.8,576.42,144.5,-0.287,6.398,6.404
2965,98.833,576.27,146.27,0.778,10.509,10.537
2966,98.867,575.72,149.89,2.034,15.632,15.764
2967,98.9,575.19,153.67,3.164,22.831,23.05
2968,98.933,574.55,157.81,4.094,31.718,31.981
2969,98.967,574.72,159.08,4.694,41.984,42.246
2970,99.0,575.28,159.18,5.211,50.89,51.156
2971,99.033,575.97,158.95,5.741,57.637,57.922
2972,99.067,576.85,157.36,6.436,60.034,60.378
2973,99.1,576.99,158.52,7.333,58.154,58.614
2974,99.133,576.79,161.34,8.241,53.053,53.689
2975,99.167,576.65,164.34,9.028,46.743,47.607
2976,99.2,576.85,167.66,9.759,39.819,40.997
2977,99.233,577.88,168.59,10.396,33.251,34.838
2978,99.267,578.5,169.92,10.692,27.95,29.925
2979,99.3,578.99,171.41,10.537,23.83,26.056
2980,99.333,579.37,172.1,9.766,20.588,22.787
2981,99.367,579.58,172.38,8.443,18.206,20.069
2982,99.4,579.61,172.81,6.957,15.534,17.021
2983,99.433,579.51,172.97,5.654,12.161,13.411
2984,99.467,579.5,173.02,4.98,7.312,8.847
2985,99.5,579.57,172.55,4.608,1.954,5.006
2986,99.533,579.75,171.87,4.163,-3.235,5.273
2987,99.567,580.18,171.2,3.548,-7.648,8.431
2988,99.6,580.49,170.81,2.648,-10.072,10.415
2989,99.633,580.85,170.56,1.779,-11.17,11.31
2990,99.667,580.96,170.8,1.271,-11.844,11.912
2991,99.7,580.83,171.09,1.444,-12.468,12.552
2992,99.733,580.52,171.34,2.092,-13.59,13.75
2993,99.767,580.21,171.03,2.468,-14.172,14.385
2994,99.8,580.1,170.33,2.611,-14.434,14.668
2995,99.833,580.24,169.83,2.341,-14.603,14.789
2996,99.867,580.71,168.92,1.875,-14.636,14.756
2997,99.9,581.16,168.3,1.375,-14.539,14.604
2998,99.933,581.33,167.51,1.006,-14.53,14.565
2999,99.967,581.06,166.78,1.232,-14.797,14.848
3000,100.0,580.84,166.2,1.8,-15.282,15.388
3001,100.033,581.05,165.74,2.501,-15.759,15.956
3002,100.067,581.35,165.15,3.186,-15.979,16.294
3003,100.1,581.6,164.77,3.633,-15.818,16.23
3004,100.133,581.88,164.21,3.992,-15.274,15.787
3005,100.167,582.01,163.99,4.251,-14.252,14.872
3006,100.2,581.53,163.95,4.408,-12.985,13.713
3007,100.233,581.05,164.0,4.499,-11.63,12.47
3008,100.267,581.12,163.76,4.355,-10.348,11.227
3009,100.3,581.31,163.34,4.016,-9.08,9.928
3010,100.333,582.1,162.59,3.755,-7.707,8.574
3011,100.367,582.69,161.93,3.519,-6.453,7.35
3012,100.4,583.18,161.36,3.149,-5.079,5.976
3013,100.433,583.6,160.85,2.515,-3.752,4.517
3014,100.467,583.07,160.84,1.655,-2.423,2.934
3015,100.5,582.75,160.83,1.182,-0.974,1.532
3016,100.533,582.69,161.01,0.397,0.064,0.403
3017,100.567,582.8,161.21,-0.522,0.843,0.992
3018,100.6,583.09,161.56,-1.447,1.611,2.165
3019,100.633,583.05,161.99,-2.31,2.337,3.286
3020,100.667,582.69,162.25,-2.988,3.237,4.405
3021,100.7,582.23,162.43,-3.396,4.124,5.343
3022,100.733,581.71,162.54,-3.175,4.924,5.859
3023,100.767,581.82,162.53,-2.17,5.244,5.675
3024,100.8,582.23,162.54,-1.379,4.659,4.858
3025,100.833,582.19,162.49,-0.624,3.513,3.568
3026,100.867,582.1,162.57,-0.247,2.13,2.144
3027,100.9,581.92,162.49,-0.051,0.603,0.605
3028,100.933,581.84,162.39,-0.11,-0.807,0.814
3029,100.967,581.91,162.32,-0.673,-1.894,2.01
3030,101.0,581.05,161.85,-1.388,-2.618,2.963
3031,101.033,581.88,162.45,-2.153,-3.133,3.801
3032,101.067,582.37,162.87,-3.156,-3.365,4.614
3033,101.1,582.64,163.0,-4.312,-3.332,5.449
3034,101.133,582.85,163.02,-5.72,-3.09,6.501
3035,101.167,582.61,162.67,-7.197,-2.814,7.728
3036,101.2,582.05,162.17,-8.495,-2.516,8.86
3037,101.233,581.1,161.23,-9.61,-2.148,9.847
3038,101.267,579.63,160.52,-10.364,-1.711,10.505
3039,101.3,579.76,160.95,-10.893,-1.245,10.963
3040,101.333,579.61,161.12,-11.346,-0.763,11.371
3041,101.367,579.57,161.29,-11.495,-0.241,11.497
3042,101.4,579.05,161.67,-11.293,0.198,11.295
3043,101.433,578.37,161.91,-10.58,0.747,10.606
3044,101.467,577.97,162.1,-9.402,1.359,9.5
3045,101.5,577.83,161.9,-8.044,2.064,8.304
3046,101.533,577.55,162.16,-5.958,3.017,6.678
3047,101.567,577.66,162.19,-4.009,3.667,5.433
3048,101.6,577.58,162.24,-2.363,3.933,4.589
3049,101.633,577.51,162.18,-1.201,3.787,3.973
3050,101.667,577.38,162.25,-0.636,3.194,3.257
3051,101.7,577.13,162.38,-0.513,2.441,2.494
3052,101.733,577.24,162.39,-0.566,1.545,1.645
3053,101.767,577.46,162.36,-0.541,0.942,1.086
3054,101.8,577.64,162.47,0.069,0.698,0.702
3055,101.833,577.82,162.57,0.609,0.435,0.749
3056,101.867,577.94,162.68,1.006,0.306,1.052
3057,101.9,578.03,162.91,1.071,0.292,1.11
3058,101.933,577.85,162.85,1.022,0.212,1.044
3059,101.967,577.52,162.84,0.928,0.062,0.93
3060,102.0,577.48,162.67,0.882,-0.152,0.895
3061,102.033,577.29,162.58,0.831,-0.197,0.854
3062,102.067,577.08,162.48,0.9,-0.327,0.958
3063,102.1,577.06,162.39,0.886,-0.467,1.002
3064,102.133,577.35,162.4,0.846,-0.536,1.001
3065,102.167,577.74,162.5,0.807,-0.506,0.953
3066,102.2,578.13,162.34,0.854,-0.507,0.993
3067,102.233,578.27,162.44,0.994,-0.568,1.145
3068,102.267,578.36,162.46,1.142,-0.607,1.294
3069,102.3,578.23,162.61,1.257,-0.64,1.411
3070,102.333,577.93,162.66,1.279,-0.673,1.445
3071,102.367,577.77,162.56,1.131,-0.789,1.379
3072,102.4,577.75,162.43,0.848,-0.916,1.248
3073,102.433,577.75,162.39,0.381,-1.19,1.249
3074,102.467,578.01,162.39,-0.032,-1.45,1.45
3075,102.5,578.07,162.37,-0.265,-1.749,1.769
3076,102.533,578.08,162.25,-0.431,-1.917,1.965
3077,102.567,578.02,162.22,-0.372,-1.982,2.016
3078,102.6,578.0,162.22,-0.088,-1.909,1.911
3079,102.633,578.02,162.02,0.355,-1.792,1.827
3080,102.667,578.0,161.84,0.748,-1.603,1.769
3081,102.7,577.89,161.8,0.985,-1.425,1.732
3082,102.733,577.99,161.77,0.99,-1.11,1.487
3083,102.767,578.03,161.68,0.845,-0.774,1.146
3084,102.8,577.97,161.72,0.565,-0.35,0.664
3085,102.833,578.0,161.67,0.336,-0.005,0.336
3086,102.867,578.14,161.81,0.257,0.287,0.385
3087,102.9,578.24,161.81,0.316,0.575,0.656
3088,102.933,578.43,161.92,0.458,0.877,0.989
3089,102.967,578.43,161.96,0.659,1.136,1.314
3090,103.0,578.39,162.09,0.746,1.25,1.456
3091,103.033,578.36,162.06,0.743,1.278,1.478
3092,103.067,578.16,162.03,0.68,1.223,1.4
3093,103.1,578.04,161.93,0.561,1.06,1.199
3094,103.133,577.95,162.07,0.425,0.817,0.921
3095,103.167,578.01,162.09,0.269,0.599,0.657
3096,103.2,578.11,162.18,0.006,0.364,0.364
3097,103.233,578.24,162.23,-0.259,0.202,0.328
3098,103.267,578.39,162.28,-0.607,0.056,0.61
3099,103.3,578.53,162.2,-1.029,0.006,1.029
3100,103.333,578.46,162.23,-1.432,0.032,1.433
3101,103.367,578.4,162.2,-1.81,0.259,1.829
3102,103.4,578.28,162.16,-2.159,0.491,2.214
3103,103.433,578.14,162.09,-2.442,0.723,2.547
3104,103.467,577.99,162.03,-2.843,0.875,2.974
3105,103.5,577.85,162.12,-3.196,1.101,3.38
3106,103.533,577.75,162.11,-3.504,1.282,3.731
3107,103.567,577.59,162.2,-3.716,1.46,3.993
3108,103.6,577.51,162.32,-3.786,1.57,4.099
3109,103.633,577.31,162.34,-3.678,1.606,4.013
3110,103.667,577.03,162.37,-3.374,1.406,3.655
3111,103.7,576.98,162.61,-2.885,1.107,3.09
3112,103.733,576.89,162.6,-2.328,0.688,2.428
3113,103.767,576.83,162.73,-1.74,0.241,1.757
3114,103.8,576.87,162.81,-1.054,-0.236,1.08
3115,103.833,576.92,162.83,-0.368,-0.58,0.686
3116,103.867,576.98,162.62,0.27,-0.902,0.941
3117,103.9,576.95,162.52,0.821,-1.232,1.481
3118,103.933,576.86,162.54,1.292,-1.502,1.982
3119,103.967,577.01,162.61,1.694,-1.686,2.39
3120,104.0,577.04,162.38,1.964,-1.858,2.703
3121,104.033,577.13,162.16,2.102,-2.068,2.949
3122,104.067,577.13,161.89,2.192,-2.25,3.141
3123,104.1,577.27,161.71,2.233,-2.373,3.258
3124,104.133,577.37,161.69,2.223,-2.487,3.336
3125,104.167,577.51,161.86,2.196,-2.479,3.312
3126,104.2,577.53,161.94,2.268,-2.293,3.225
3127,104.233,577.72,162.07,2.314,-2.111,3.132
3128,104.267,577.92,162.08,2.312,-1.8,2.93
3129,104.3,577.82,162.08,2.249,-1.341,2.618
3130,104.333,577.7,161.85,2.1,-0.778,2.24
3131,104.367,577.75,161.69,1.913,-0.175,1.921
3132,104.4,577.79,161.64,1.721,0.443,1.777
3133,104.433,577.84,161.47,1.527,1.065,1.862
3134,104.467,577.85,161.29,1.308,1.585,2.055
3135,104.5,578.02,161.34,0.967,1.78,2.026
3136,104.533,578.25,161.45,0.594,1.892,1.983
3137,104.567,578.27,161.65,0.177,1.971,1.979
3138,104.6,578.32,161.78,-0.227,2.123,2.135
3139,104.633,578.28,162.05,-0.52,2.311,2.368
3140,104.667,578.25,162.26,-0.656,2.412,2.5
3141,104.7,578.1,162.39,-0.713,2.361,2.466
3142,104.733,577.98,162.65,-0.713,2.167,2.281
3143,104.767,577.95,162.85,-1.12,1.752,2.079
3144,104.8,577.98,162.78,-2.029,1.31,2.415
3145,104.833,578.02,162.6,-1.839,0.822,2.015
3146,104.867,577.95,162.4,-1.117,0.499,1.223
3147,104.9,577.75,162.38,-0.88,4.69,4.771
3148,104.933,577.59,162.24,-0.203,6.315,6.319
3149,104.967,577.63,162.1,1.681,1.346,2.153
3150,105.0,577.71,162.29,3.25,-2.605,4.165
3151,105.033,577.83,162.32,4.239,-5.555,6.988
3152,105.067,577.99,162.31,4.767,-7.757,9.105
3153,105.1,578.28,162.19,4.953,-9.295,10.533
3154,105.133,578.28,162.09,4.848,-10.178,11.274
3155,105.167,578.15,162.17,4.54,-10.658,11.584
3156,105.2,578.07,162.22,3.997,-10.797,11.513
3157,105.233,578.13,162.31,3.334,-10.669,11.178
3158,105.267,579.23,162.52,2.651,-10.264,10.6
3159,105.3,581.11,162.44,1.863,-9.613,9.792
3160,105.333,579.85,162.3,1.085,-8.731,8.798
3161,105.367,579.24,161.87,0.26,-7.4,7.405
3162,105.4,580.81,149.21,-0.534,-5.535,5.561
3163,105.433,580.6,148.97,-1.182,-3.314,3.518
3164,105.467,577.92,161.37,-1.612,-0.907,1.85
3165,105.5,577.77,161.22,-1.883,1.606,2.474
3166,105.533,578.15,160.78,-2.001,3.906,4.388
3167,105.567,578.31,160.64,-1.968,5.841,6.164
3168,105.6,578.47,160.49,-1.874,7.33,7.565
3169,105.633,578.55,160.28,-1.753,8.448,8.628
3170,105.667,578.58,160.34,-1.477,9.191,9.309
3171,105.7,578.71,160.51,-0.93,9.388,9.434
3172,105.733,578.85,160.95,-0.035,8.953,8.953
3173,105.767,578.85,161.2,1.14,7.874,7.956
3174,105.8,579.04,161.41,2.018,5.935,6.269
3175,105.833,578.98,161.87,1.841,3.138,3.638
3176,105.867,579.01,161.93,1.933,-0.642,2.037
3177,105.9,579.02,161.64,2.247,-5.367,5.818
3178,105.933,579.03,161.22,1.522,-3.565,3.877
3179,105.967,578.99,160.98,0.357,0.664,0.754
3180,106.0,578.94,160.71,0.172,0.246,0.301
3181,106.033,578.9,160.53,0.072,-0.329,0.337
3182,106.067,578.84,160.61,-0.227,-0.889,0.918
3183,106.1,578.93,160.85,-0.715,-1.405,1.577
3184,106.133,578.97,161.01,-1.285,-1.769,2.187
3185,106.167,579.02,161.09,-1.629,-1.869,2.48
3186,106.2,579.07,161.21,-1.598,-1.673,2.314
3187,106.233,579.02,161.39,-1.217,-1.246,1.742
3188,106.267,579.06,161.31,-0.38,-0.521,0.645
3189,106.3,579.0,161.18,0.124,-0.18,0.219
3190,106.333,578.95,160.99,0.448,0.01,0.448
3191,106.367,578.96,160.84,0.814,0.001,0.814
3192,106.4,578.75,160.78,1.28,-0.008,1.28
3193,106.433,578.62,160.57,1.971,0.179,1.98
3194,106.467,578.48,160.58,2.901,0.689,2.982
3195,106.5,578.43,160.51,3.813,1.544,4.114
3196,106.533,578.53,160.61,4.701,2.793,5.468
3197,106.567,578.86,160.92,4.852,3.715,6.111
3198,106.6,579.55,161.15,4.718,4.46,6.492
3199,106.633,580.29,161.37,4.25,4.887,6.477
3200,106.667,580.6,161.65,3.554,4.992,6.128
3201,106.7,580.59,161.73,2.722,4.801,5.519
3202,106.733,580.32,161.8,1.781,4.333,4.685
3203,106.767,579.38,161.18,0.798,3.606,3.693
3204,106.8,580.14,162.05,-0.186,2.802,2.809
3205,106.833,580.57,162.63,-1.041,1.874,2.144
3206,106.867,580.85,163.01,-1.711,0.91,1.938
3207,106.9,580.88,163.16,-2.299,0.052,2.3
3208,106.933,580.45,163.12,-2.79,-0.727,2.883
3209,106.967,579.6,162.86,-3.084,-1.329,3.358
3210,107.0,578.99,162.19,-3.052,-1.862,3.575
3211,107.033,578.11,161.09,-2.608,-2.276,3.462
3212,107.067,578.83,161.4,-1.764,-2.609,3.15
3213,107.1,578.98,161.3,-0.647,-2.97,3.039
3214,107.133,579.23,161.31,0.402,-3.276,3.3
3215,107.167,579.48,161.39,1.063,-3.306,3.473
3216,107.2,579.62,161.57,1.393,-3.088,3.388
3217,107.233,579.78,161.71,1.553,-2.615,3.042
3218,107.267,580.0,161.74,1.688,-1.954,2.582
3219,107.3,580.12,161.59,2.256,-0.747,2.376
3220,107.333,580.08,161.63,2.374,0.278,2.391
3221,107.367,579.88,161.68,2.031,1.036,2.28
3222,107.4,579.8,161.48,1.217,1.444,1.888
3223,107.433,580.04,161.28,0.285,1.565,1.591
3224,107.467,580.21,161.1,-0.459,1.438,1.509
3225,107.5,580.32,161.04,-0.592,1.097,1.246
3226,107.533,580.28,161.14,-0.008,0.71,0.71
3227,107.567,580.14,161.34,1.559,0.737,1.725
3228,107.6,579.91,161.74,3.721,0.826,3.812
3229,107.633,579.75,162.18,5.716,0.618,5.749
3230,107.667,579.87,162.19,7.518,0.276,7.523
3231,107.7,580.11,162.04,9.256,-0.004,9.256
3232,107.733,580.28,161.89,10.916,-0.071,10.916
3233,107.767,580.48,161.78,12.347,0.055,12.347
3234,107.8,580.73,161.73,13.545,0.306,13.548
3235,107.833,581.35,161.66,14.24,0.792,14.262
3236,107.867,582.26,161.65,14.191,1.383,14.258
3237,107.9,583.47,161.73,12.84,1.459,12.923
3238,107.933,584.26,161.69,10.726,1.425,10.82
3239,107.967,584.93,161.57,7.95,1.38,8.068
3240,108.0,585.32,161.5,4.6,1.422,4.815
3241,108.033,585.4,161.66,0.648,1.481,1.616
3242,108.067,585.31,161.75,-3.521,1.534,3.84
3243,108.1,583.94,161.29,-7.549,1.434,7.684
3244,108.133,584.16,162.06,-11.042,1.105,11.098
3245,108.167,584.24,162.75,-13.772,0.489,13.781
3246,108.2,583.77,163.15,-15.755,-0.17,15.756
3247,108.233,583.01,163.07,-16.79,-0.855,16.811
3248,108.267,582.12,162.8,-16.669,-1.466,16.733
3249,108.3,580.6,162.51,-15.326,-1.983,15.453
3250,108.333,579.16,161.92,-12.962,-2.416,13.185
3251,108.367,578.1,161.1,-9.896,-2.791,10.282
3252,108.4,578.77,161.5,-6.384,-3.055,7.078
3253,108.433,578.88,161.49,-2.745,-3.238,4.245
3254,108.467,578.83,161.41,0.807,-3.194,3.294
3255,108.5,578.96,161.21,3.939,-2.899,4.891
3256,108.533,579.71,161.15,6.68,-2.33,7.075
3257,108.567,580.42,161.05,8.972,-1.54,9.104
3258,108.6,581.11,161.22,10.735,-0.531,10.748
3259,108.633,581.64,161.37,12.374,0.993,12.414
3260,108.667,582.11,161.5,13.013,2.286,13.212
3261,108.7,582.77,161.46,12.573,3.221,12.979
3262,108.733,583.13,161.6,11.002,3.755,11.625
3263,108.767,583.17,161.63,8.825,4.207,9.777
3264,108.8,582.94,161.67,6.024,3.94,7.198
3265,108.833,582.98,161.74,3.442,3.376,4.822
3266,108.867,583.19,162.0,1.487,2.931,3.287
3267,108.9,583.33,162.21,0.586,2.914,2.973
3268,108.933,583.19,162.45,-0.158,2.854,2.858
3269,108.967,583.2,162.55,-0.556,3.032,3.083
3270,109.0,583.45,162.73,-0.345,3.381,3.399
3271,109.033,583.33,162.89,0.572,3.987,4.028
3272,109.067,583.06,162.89,1.257,4.128,4.315
3273,109.1,582.56,162.83,1.96,4.195,4.63
3274,109.133,582.34,162.7,2.563,4.097,4.833
3275,109.167,582.39,162.8,3.003,3.767,4.817
3276,109.2,582.45,162.83,3.113,3.249,4.5
3277,109.233,583.2,162.83,2.738,2.619,3.788
3278,109.267,583.42,162.29,1.954,1.792,2.651
3279,109.3,584.25,163.36,0.85,0.915,1.249
3280,109.333,584.62,163.96,-0.312,0.08,0.322
3281,109.367,584.86,164.25,-1.39,-0.752,1.58
3282,109.4,584.43,164.44,-2.361,-1.513,2.804
3283,109.433,584.23,164.44,-3.25,-2.174,3.91
3284,109.467,584.07,163.92,-4.019,-2.792,4.894
3285,109.5,583.52,163.31,-5.022,-3.296,6.007
3286,109.533,582.43,162.3,-6.336,-3.72,7.348
3287,109.567,582.58,162.69,-7.767,-4.064,8.766
3288,109.6,582.12,162.51,-9.052,-4.186,9.973
3289,109.633,581.63,162.26,-9.913,-4.17,10.754
3290,109.667,581.19,162.16,-10.325,-3.841,11.016
3291,109.7,581.05,162.01,-10.298,-3.323,10.821
3292,109.733,580.94,161.96,-9.852,-2.569,10.181
3293,109.767,580.88,162.07,-9.868,-1.605,9.998
3294,109.8,581.04,162.13,-9.806,-0.164,9.807
3295,109.833,581.19,162.14,-9.817,0.863,9.855
3296,109.867,580.94,162.38,-9.432,1.546,9.558
3297,109.9,580.32,162.4,-8.488,1.774,8.671
3298,109.933,579.55,162.39,-6.735,1.709,6.949
3299,109.967,578.79,162.44,-4.468,1.201,4.627
3300,110.0,578.67,162.51,-1.969,0.53,2.039
3301,110.033,578.6,162.57,0.199,-0.326,0.382
3302,110.067,578.63,162.61,2.181,-0.945,2.377
3303,110.1,578.55,162.45,3.495,-0.816,3.589
3304,110.133,578.46,162.54,4.012,-1.086,4.156
3305,110.167,578.37,162.39,3.453,-1.504,3.767
3306,110.2,578.23,162.23,2.462,-2.034,3.193
3307,110.233,578.25,161.95,2.067,-5.483,5.86
3308,110.267,579.77,161.62,2.584,-8.32,8.712
3309,110.3,581.14,161.38,3.855,-10.519,11.204
3310,110.333,582.41,161.27,5.069,-12.037,13.061
3311,110.367,582.93,161.03,5.972,-12.924,14.237
3312,110.4,582.68,161.06,6.654,-13.423,14.982
3313,110.433,581.88,160.57,7.22,-13.431,15.249
3314,110.467,580.72,160.31,7.742,-12.974,15.109
3315,110.5,579.24,159.92,8.479,-12.034,14.721
3316,110.533,578.83,159.87,9.135,-10.634,14.019
3317,110.567,578.85,159.79,10.096,-8.648,13.294
3318,110.6,578.81,156.74,10.751,-6.437,12.531
3319,110.633,579.93,155.96,10.99,-4.084,11.724
3320,110.667,582.71,154.69,11.03,-1.649,11.153
3321,110.7,585.38,153.03,10.454,0.479,10.465
3322,110.733,586.1,158.96,9.061,1.883,9.255
3323,110.767,585.74,159.13,7.509,3.146,8.141
3324,110.8,584.89,159.16,5.736,4.624,7.368
3325,110.833,584.88,159.09,4.54,6.434,7.875
3326,110.867,584.96,159.13,3.448,8.405,9.085
3327,110.9,584.91,159.43,2.382,10.446,10.714
3328,110.933,584.89,159.72,1.625,12.231,12.338
3329,110.967,584.99,160.13,0.948,13.084,13.118
3330,111.0,584.74,160.41,0.258,12.493,12.495
3331,111.033,584.51,160.59,0.328,10.978,10.983
3332,111.067,583.06,160.15,0.867,8.522,8.566
3333,111.1,582.44,160.09,1.883,5.198,5.528
3334,111.133,582.2,160.17,3.498,2.885,4.534
3335,111.167,581.67,159.83,5.327,1.081,5.435
3336,111.2,582.49,160.34,6.35,0.444,6.366
3337,111.233,585.0,162.06,6.196,1.598,6.399
3338,111.267,587.4,163.07,5.409,0.69,5.452
3339,111.3,589.08,163.38,4.256,-0.216,4.261
3340,111.333,588.59,163.01,3.018,-1.021,3.186
3341,111.367,587.96,162.23,1.461,-1.697,2.239
3342,111.4,587.13,161.01,-0.472,-2.187,2.237
3343,111.433,585.6,159.31,-2.654,-2.551,3.681
3344,111.467,584.68,159.06,-4.909,-2.784,5.644
3345,111.5,584.67,159.98,-7.141,-3.005,7.747
3346,111.533,584.16,160.36,-9.148,-3.076,9.652
3347,111.567,583.88,160.63,-10.937,-2.995,11.34
3348,111.6,583.62,160.85,-11.735,-2.444,11.986
3349,111.633,583.65,160.91,-11.644,-1.524,11.743
3350,111.667,583.67,160.89,-10.609,-0.262,10.612
3351,111.7,583.62,160.72,-8.192,1.513,8.331
3352,111.733,583.27,160.79,-4.936,3.373,5.978
3353,111.767,582.75,160.75,-2.12,4.435,4.915
3354,111.8,582.54,160.75,-0.32,4.772,4.783
3355,111.833,582.58,160.75,0.255,4.576,4.583
3356,111.867,582.64,160.96,0.478,4.145,4.173
3357,111.9,582.93,161.18,0.498,3.734,3.767
3358,111.933,583.33,161.37,0.523,3.593,3.631
3359,111.967,583.53,161.57,0.993,4.144,4.261
3360,112.0,583.45,161.9,1.671,4.731,5.018
3361,112.033,583.29,161.97,1.941,4.726,5.109
3362,112.067,583.2,162.02,2.027,4.258,4.716
3363,112.1,583.19,162.07,1.947,3.344,3.87
3364,112.133,583.27,162.1,1.833,2.175,2.844
3365,112.167,583.33,162.02,1.683,0.824,1.874
3366,112.2,583.2,162.1,1.547,-0.707,1.701
3367,112.233,582.98,162.27,1.419,-2.093,2.528
3368,112.267,583.13,162.65,1.033,-3.506,3.655
3369,112.3,583.47,162.86,0.599,-4.813,4.85
3370,112.333,583.92,162.82,0.296,-5.902,5.909
3371,112.367,584.18,162.46,0.229,-6.64,6.644
3372,112.4,584.19,161.76,0.33,-7.038,7.046
3373,112.433,583.85,161.0,0.432,-7.182,7.195
3374,112.467,583.37,160.29,0.227,-7.081,7.084
3375,112.5,583.0,159.97,-0.324,-6.712,6.72
3376,112.533,583.09,159.81,-1.101,-6.055,6.154
3377,112.567,583.36,159.78,-2.176,-5.754,6.152
3378,112.6,583.62,159.93,-3.217,-5.464,6.341
3379,112.633,583.77,159.79,-4.029,-4.858,6.312
3380,112.667,583.61,159.69,-4.873,-3.912,6.249
3381,112.7,583.15,159.85,-5.415,-2.498,5.964
3382,112.733,582.47,159.67,-5.49,-0.613,5.524
3383,112.767,582.67,159.81,-4.651,1.553,4.904
3384,112.8,583.0,160.0,-3.172,3.598,4.797
3385,112.833,582.99,160.15,-2.205,4.68,5.174
3386,112.867,582.53,160.18,-1.6,5.099,5.344
3387,112.9,582.04,160.06,-0.988,5.372,5.462
3388,112.933,581.48,160.08,-1.258,4.854,5.014
3389,112.967,581.24,160.13,-1.709,4.094,4.436
3390,113.0,581.21,160.06,-1.9,3.522,4.002
3391,113.033,581.33,159.58,-1.72,3.151,3.59
3392,113.067,582.07,160.79,-1.327,2.963,3.247
3393,113.1,582.45,161.74,-0.775,3.044,3.141
3394,113.133,582.52,162.15,-0.163,3.3,3.304
3395,113.167,583.23,162.47,0.666,3.902,3.959
3396,113.2,583.39,162.49,1.076,3.941,4.085
3397,113.233,583.39,161.99,1.519,3.794,4.087
3398,113.267,582.29,161.17,1.967,3.671,4.165
3399,113.3,580.81,160.26,2.027,3.354,3.919
3400,113.333,581.29,160.92,1.637,2.944,3.368
3401,113.367,581.37,161.2,0.798,2.452,2.579
3402,113.4,580.5,160.51,-0.24,1.892,1.907
3403,113.433,581.81,161.73,-1.15,1.383,1.799
3404,113.467,582.55,162.55,-1.837,0.913,2.051
3405,113.5,582.87,162.91,-2.337,0.503,2.391
3406,113.533,583.06,163.1,-2.766,0.325,2.785
3407,113.567,583.17,163.22,-3.108,0.635,3.172
3408,113.6,582.99,162.91,-3.558,0.746,3.636
3409,113.633,582.61,162.29,-3.889,0.519,3.923
3410,113.667,581.39,161.16,-3.902,0.047,3.902
3411,113.7,581.46,161.92,-4.027,-0.661,4.081
3412,113.733,580.87,161.89,-4.347,-1.5,4.599
3413,113.767,580.69,161.78,-4.998,-2.233,5.474
3414,113.8,580.59,161.94,-5.401,-2.239,5.846
3415,113.833,580.34,161.85,-5.329,2.537,5.902
3416,113.867,580.33,161.72,-5.599,3.811,6.773
3417,113.9,580.45,161.68,-6.036,-1.431,6.203
3418,113.933,580.18,161.67,-4.886,-4.699,6.779
3419,113.967,580.07,161.7,-2.873,-6.328,6.95
3420,114.0,580.05,161.78,-0.631,-7.059,7.088
3421,114.033,580.38,161.78,1.964,-6.49,6.781
3422,114.067,580.86,162.0,4.75,-4.588,6.604
3423,114.1,581.19,161.99,7.043,-2.272,7.4
3424,114.133,581.21,162.1,7.871,-0.903,7.923
3425,114.167,580.9,162.27,8.226,0.855,8.271
3426,114.2,580.41,162.32,8.299,2.631,8.707
3427,114.233,580.16,162.29,8.163,4.115,9.142
3428,114.267,580.2,162.34,7.937,5.19,9.483
3429,114.3,580.36,161.52,8.051,6.663,10.45
3430,114.333,581.37,149.74,8.395,8.456,11.915
3431,114.367,583.05,152.45,8.862,10.681,13.879
3432,114.4,585.5,166.6,8.682,12.396,15.134
3433,114.433,585.8,167.72,8.257,13.906,16.173
3434,114.467,584.83,167.21,7.14,14.215,15.907
3435,114.5,584.64,167.64,5.802,13.767,14.939
3436,114.533,583.74,166.73,4.365,12.733,13.46
3437,114.567,582.28,164.55,2.686,11.262,11.578
3438,114.6,581.51,163.05,0.896,9.501,9.543
3439,114.633,583.18,164.71,-1.582,6.782,6.964
3440,114.667,583.34,164.18,-4.074,3.506,5.375
3441,114.7,584.47,165.38,-6.039,-0.039,6.039
3442,114.733,584.52,165.65,-7.203,-3.579,8.044
3443,114.767,585.08,166.96,-7.548,-7.085,10.352
3444,114.8,584.3,166.65,-7.053,-10.46,12.616
3445,114.833,583.16,165.67,-5.655,-13.101,14.269
3446,114.867,581.95,163.83,-3.815,-8.77,9.564
3447,114.9,582.05,163.53,-2.006,-1.732,2.65
3448,114.933,581.14,162.22,-1.694,-0.163,1.702
3449,114.967,581.78,163.04,-2.15,0.044,2.151
3450,115.0,581.76,163.32,-2.679,-0.5,2.726
3451,115.033,581.67,163.38,-3.468,-2.28,4.15
3452,115.067,581.68,163.31,-3.965,-4.537,6.025
3453,115.1,581.23,162.6,-3.636,-6.156,7.15
3454,115.133,582.32,163.74,-2.517,-6.924,7.368
3455,115.167,582.78,164.48,-1.31,-6.397,6.53
3456,115.2,582.71,164.79,-0.499,-5.529,5.552
3457,115.233,582.55,164.64,-0.229,-4.943,4.949
3458,115.267,582.44,164.45,0.06,-4.171,4.171
3459,115.3,582.23,163.82,-0.512,-4.37,4.4
3460,115.333,581.82,162.67,-1.826,-5.534,5.828
3461,115.367,581.31,162.84,-3.216,-6.694,7.426
3462,115.4,580.32,160.37,-4.095,-6.786,7.926
3463,115.433,580.57,159.65,-4.687,-6.049,7.652
3464,115.467,580.85,159.63,-4.142,-3.736,5.578
3465,115.5,581.14,159.98,-3.046,-0.831,3.157
3466,115.533,581.39,160.76,-1.222,2.631,2.901
3467,115.567,581.45,161.81,0.528,5.749,5.773
3468,115.6,581.54,163.05,1.686,7.999,8.175
3469,115.633,581.69,164.8,2.764,10.346,10.709
3470,115.667,580.46,162.08,3.143,11.917,12.325
3471,115.7,581.21,162.71,3.054,12.55,12.916
3472,115.733,581.1,162.9,2.774,12.232,12.543
3473,115.767,580.2,162.48,2.316,11.012,11.253
3474,115.8,580.15,162.84,1.639,8.891,9.041
3475,115.833,581.41,164.82,0.717,6.111,6.153
3476,115.867,582.5,166.16,-0.241,3.237,3.246
3477,115.9,583.32,166.88,-1.037,-0.053,1.038
3478,115.933,583.68,166.88,-1.061,-2.167,2.413
3479,115.967,583.28,166.22,-0.946,-3.517,3.642
3480,116.0,582.11,164.9,-0.801,-4.24,4.315
3481,116.033,580.28,162.98,-0.833,-4.451,4.528
3482,116.067,579.71,162.48,-1.157,-4.351,4.503
3483,116.1,580.28,163.35,-1.666,-4.206,4.524
3484,116.133,580.73,163.24,-1.902,-4.124,4.542
3485,116.167,581.04,162.95,-2.521,-5.41,5.969
3486,116.2,581.22,162.79,-2.388,-5.532,6.026
3487,116.233,581.2,162.68,-2.323,-5.359,5.841
3488,116.267,581.21,162.8,-1.894,-4.588,4.963
3489,116.3,581.24,163.04,-0.538,-2.776,2.828
3490,116.333,581.5,163.49,1.547,-0.234,1.564
3491,116.367,581.69,163.81,3.539,2.017,4.074
3492,116.4,581.79,163.8,5.193,3.698,6.375
3493,116.433,581.38,163.63,5.668,3.929,6.896
3494,116.467,581.15,163.47,5.378,3.268,6.293
3495,116.5,580.95,163.31,4.603,2.091,5.056
3496,116.533,581.08,163.19,3.864,0.872,3.961
3497,116.567,581.55,163.02,3.687,0.294,3.699
3498,116.6,582.16,162.88,3.565,0.084,3.566
3499,116.633,581.73,162.21,2.987,-0.345,3.007
3500,116.667,582.6,163.24,2.075,-0.768,2.213
3501,116.7,582.96,164.18,1.02,-1.087,1.491
3502,116.733,583.29,164.49,0.098,-1.238,1.242
3503,116.767,583.42,164.51,-0.807,-1.184,1.433
3504,116.8,583.32,164.22,-1.563,-0.97,1.84
3505,116.833,582.88,163.68,-2.087,-0.744,2.215
3506,116.867,582.31,162.75,-2.432,-0.654,2.518
3507,116.9,581.44,161.72,-2.257,-0.829,2.405
3508,116.933,582.02,162.5,-1.736,3.544,3.946
3509,116.967,581.84,162.72,-1.728,4.626,4.938
3510,117.0,581.57,162.85,-1.84,3.445,3.905
3511,117.033,581.08,163.02,-1.956,0.667,2.066
3512,117.067,580.71,163.15,-2.034,-3.306,3.882
3513,117.1,580.88,163.08,-2.173,-7.983,8.273
3514,117.133,581.38,162.72,-2.35,-12.87,13.083
3515,117.167,581.87,162.59,-2.063,-17.555,17.675
3516,117.2,582.21,162.54,-1.91,-22.614,22.694
3517,117.233,582.06,162.36,-0.996,-31.988,32.003
3518,117.267,582.39,162.1,-0.794,-38.357,38.366
3519,117.3,582.55,161.66,-1.312,-42.101,42.121
3520,117.333,582.54,161.24,-2.363,-43.434,43.499
3521,117.367,582.28,160.66,-3.464,-42.53,42.671
3522,117.4,580.85,160.14,-4.356,-39.515,39.755
3523,117.433,579.1,146.52,-4.792,-34.435,34.767
3524,117.467,579.68,147.32,-5.29,-28.41,28.898
3525,117.5,579.82,147.4,-5.563,-21.484,22.193
3526,117.533,580.15,147.19,-5.574,-13.922,14.997
3527,117.567,580.46,147.09,-5.006,-6.094,7.887
3528,117.6,580.78,146.93,-3.741,1.722,4.118
3529,117.633,580.84,146.52,-2.169,9.303,9.553
3530,117.667,580.93,146.73,-0.751,16.504,16.521
3531,117.7,580.9,147.31,0.239,22.936,22.938
3532,117.733,578.61,159.35,0.855,28.181,28.194
3533,117.767,578.8,158.86,1.362,31.793,31.822
3534,117.8,579.34,158.49,1.483,33.536,33.569
3535,117.833,579.98,158.1,1.211,33.16,33.183
3536,117.867,580.23,157.71,0.528,30.334,30.339
3537,117.9,580.33,157.64,-0.676,24.892,24.901
3538,117.933,580.6,157.74,-1.649,16.756,16.837
3539,117.967,580.62,158.04,-1.922,13.642,13.777
3540,118.0,580.63,158.28,-2.333,10.297,10.558
3541,118.033,580.71,158.56,-2.522,7.021,7.46
3542,118.067,580.44,158.93,-2.497,4.312,4.983
3543,118.1,579.79,159.25,-2.302,2.442,3.356
3544,118.133,579.23,159.5,-2.173,1.739,2.783
3545,118.167,579.04,159.69,-2.201,2.763,3.532
3546,118.2,579.24,159.78,-2.268,5.639,6.078
3547,118.233,579.33,159.83,-2.533,10.354,10.66
3548,118.267,579.29,160.2,-1.644,10.113,10.246
3549,118.3,579.19,160.46,-0.595,9.324,9.343
3550,118.333,578.99,160.79,0.34,8.006,8.013
3551,118.367,578.75,161.27,1.029,6.242,6.326
3552,118.4,578.92,161.8,1.447,4.209,4.451
3553,118.433,579.1,161.94,1.641,2.007,2.593
3554,118.467,579.59,161.93,1.602,-0.17,1.611
3555,118.5,580.12,161.92,1.296,-2.255,2.601
3556,118.533,580.32,162.17,0.843,-3.879,3.97
3557,118.567,580.22,162.14,-0.521,-5.675,5.699
3558,118.6,579.92,161.96,-2.195,-7.328,7.65
3559,118.633,579.74,161.67,-3.519,-8.661,9.349
3560,118.667,579.83,161.13,-4.192,-9.564,10.442
3561,118.7,579.42,160.27,-4.289,-9.868,10.76
3562,118.733,579.22,159.45,-3.984,-9.424,10.232
3563,118.767,578.87,158.72,-3.245,-8.334,8.944
3564,118.8,578.64,158.36,-2.052,-6.804,7.107
3565,118.833,578.5,158.14,-1.141,-5.488,5.606
3566,118.867,578.29,158.19,-0.108,-4.049,4.051
3567,118.9,578.31,158.46,1.122,-2.555,2.791
3568,118.933,578.37,158.79,2.39,-1.204,2.676
3569,118.967,578.18,158.97,3.613,0.167,3.616
3570,119.0,578.19,159.06,4.533,1.543,4.789
3571,119.033,577.87,158.41,4.94,2.728,5.644
3572,119.067,579.32,159.25,5.021,3.421,6.076
3573,119.1,580.43,159.71,4.844,3.577,6.021
3574,119.133,581.0,160.01,4.778,3.45,5.893
3575,119.167,581.15,160.21,4.056,2.387,4.706
3576,119.2,581.13,160.08,2.728,0.775,2.836
3577,119.233,580.9,159.55,1.231,-0.788,1.462
3578,119.267,580.28,159.05,-0.252,-1.882,1.899
3579,119.3,579.28,158.39,-1.425,-2.301,2.707
3580,119.333,579.77,159.21,-2.105,-2.016,2.914
3581,119.367,579.71,159.4,-2.336,-1.084,2.575
3582,119.4,579.64,159.42,-2.1,0.286,2.12
3583,119.433,579.5,159.48,-2.163,1.166,2.458
3584,119.467,579.41,159.29,-2.164,1.808,2.82
3585,119.5,579.4,158.96,-1.757,2.254,2.858
3586,119.533,579.57,158.78,-0.93,2.562,2.725
3587,119.567,579.46,158.74,0.451,3.219,3.25
3588,119.6,579.36,158.86,1.533,3.54,3.858
3589,119.633,578.49,158.41,2.174,3.627,4.228
3590,119.667,579.21,159.54,2.343,3.48,4.195
3591,119.7,579.93,160.66,2.107,3.071,3.724
3592,119.733,580.58,161.4,1.437,2.497,2.881
3593,119.767,580.95,161.61,0.487,1.906,1.968
3594,119.8,581.0,161.5,-0.439,1.393,1.461
3595,119.833,580.53,160.91,-0.944,1.195,1.523
3596,119.867,579.84,160.06,-1.496,0.572,1.602
3597,119.9,578.97,158.97,-2.021,-0.136,2.025
3598,119.933,579.61,159.53,-2.445,-0.882,2.599
3599,119.967,579.78,159.62,-2.748,-1.626,3.193
3600,120.0,579.63,159.75,-2.904,-2.234,3.664
3601,120.033,579.34,159.9,-2.931,-2.572,3.9
3602,120.067,579.28,160.02,-2.873,-2.575,3.858
3603,120.1,579.08,160.15,-2.62,-2.239,3.447
3604,120.133,578.87,160.16,-2.113,-1.566,2.63
3605,120.167,578.81,160.08,-0.837,-0.161,0.852
3606,120.2,578.82,159.91,0.572,1.112,1.25
3607,120.233,579.03,159.71,1.834,1.968,2.69
3608,120.267,579.24,159.68,2.756,2.309,3.596
3609,120.3,579.43,159.68,3.262,2.152,3.908
3610,120.333,579.66,159.75,3.376,1.545,3.713
3611,120.367,579.51,160.0,3.189,0.71,3.267
3612,120.4,579.64,160.05,2.819,-0.088,2.82
3613,120.433,579.67,160.18,2.595,-0.426,2.63
3614,120.467,579.81,160.19,2.096,-0.947,2.3
3615,120.5,579.96,160.25,1.62,-1.417,2.152
3616,120.533,580.15,160.36,1.339,-1.746,2.2
3617,120.567,580.24,160.38,1.193,-1.846,2.198
3618,120.6,580.39,160.4,1.006,-1.62,1.907
3619,120.633,580.45,160.29,0.95,-1.101,1.454
3620,120.667,580.44,160.01,1.234,-0.285,1.266
3621,120.7,580.17,159.81,1.72,0.792,1.894
3622,120.733,580.0,159.6,2.238,2.076,3.053
3623,120.767,579.85,159.41,2.609,3.642,4.48
3624,120.8,579.71,159.37,2.884,5.241,5.982
3625,120.833,579.56,159.44,3.106,6.88,7.549
3626,120.867,579.77,159.71,3.147,8.474,9.04
3627,120.9,580.37,160.18,3.147,9.83,10.322
3628,120.933,581.12,160.72,3.058,11.02,11.436
3629,120.967,581.51,161.39,2.824,11.802,12.135
3630,121.0,581.54,162.17,2.302,12.184,12.399
3631,121.033,581.32,162.91,1.583,12.085,12.189
3632,121.067,581.31,163.49,0.793,11.324,11.351
3633,121.1,581.52,163.84,0.013,10.073,10.073
3634,121.133,581.56,164.05,-0.787,8.318,8.355
3635,121.167,581.15,164.13,-1.692,6.264,6.489
3636,121.2,580.77,164.18,-2.733,4.239,5.044
3637,121.233,580.62,164.28,-3.767,2.255,4.39
3638,121.267,580.65,164.13,-4.51,0.468,4.534
3639,121.3,580.53,164.23,-5.238,-0.954,5.324
3640,121.333,580.21,164.14,-5.569,-1.655,5.81
3641,121.367,579.98,164.0,-5.991,-2.424,6.463
3642,121.4,579.81,163.83,-6.378,-2.827,6.976
3643,121.433,579.49,163.45,-6.571,-2.483,7.025
3644,121.467,579.37,163.3,-6.482,-0.909,6.545
3645,121.5,579.57,163.15,-6.521,0.714,6.56
3646,121.533,579.72,163.1,-6.188,2.601,6.712
3647,121.567,579.59,163.46,-4.92,5.214,7.169
3648,121.6,579.29,163.7,-3.098,7.681,8.282
3649,121.633,578.87,164.18,-1.954,8.482,8.705
3650,121.667,578.6,164.61,-0.806,8.935,8.971
3651,121.7,578.49,164.78,0.906,9.622,9.664
3652,121.733,578.53,165.16,3.348,10.825,11.331
3653,121.767,578.0,165.56,5.89,11.528,12.945
3654,121.8,578.23,165.95,8.799,12.78,15.516
3655,121.833,577.86,165.63,11.527,13.985,18.124
3656,121.867,578.98,167.28,13.188,13.85,19.125
3657,121.9,580.16,168.54,13.322,11.864,17.839
3658,121.933,580.92,169.01,12.828,9.472,15.946
3659,121.967,581.12,167.91,12.334,7.527,14.45
3660,122.0,582.43,168.78,12.045,6.33,13.607
3661,122.033,583.14,168.88,11.909,5.927,13.303
3662,122.067,582.63,167.16,11.945,6.611,13.653
3663,122.1,582.2,166.45,10.879,6.261,12.552
3664,122.133,584.15,169.51,8.889,4.774,10.09
3665,122.167,585.06,170.67,6.543,2.498,7.003
3666,122.2,585.07,170.64,4.247,-0.531,4.28
3667,122.233,584.23,169.43,2.219,-3.985,4.561
3668,122.267,583.99,169.87,0.53,-7.408,7.427
3669,122.3,582.24,167.81,-0.185,-10.28,10.282
3670,122.333,580.9,165.76,-0.068,-11.992,11.992
3671,122.367,581.51,166.44,0.539,-12.634,12.646
3672,122.4,583.86,169.39,1.327,-12.303,12.375
3673,122.433,585.11,170.42,2.37,-10.716,10.975
3674,122.467,585.52,170.17,3.409,-8.599,9.25
3675,122.5,585.2,168.79,4.418,-5.783,7.278
3676,122.533,584.14,166.69,5.148,-2.263,5.624
3677,122.567,582.19,162.81,5.433,1.491,5.634
3678,122.6,582.97,162.52,5.805,6.081,8.407
3679,122.633,584.25,163.24,6.189,10.644,12.312
3680,122.667,585.26,163.8,6.016,13.814,15.067
3681,122.7,585.87,165.13,5.146,15.259,16.104
3682,122.733,586.22,167.13,3.816,14.881,15.363
3683,122.767,586.46,169.08,2.491,13.113,13.348
3684,122.8,586.1,170.67,1.449,10.383,10.484
3685,122.833,585.21,171.26,1.219,7.546,7.644
3686,122.867,585.86,173.21,1.838,4.879,5.214
3687,122.9,585.93,173.32,2.795,2.258,3.593
3688,122.933,585.29,171.74,3.604,-0.363,3.623
3689,122.967,585.11,171.16,3.803,-3.235,4.993
3690,123.0,585.56,171.62,3.794,-5.906,7.02
3691,123.033,585.21,169.52,4.667,-4.491,6.477
3692,123.067,585.32,167.85,4.816,-5.647,7.422
3693,123.1,585.65,166.4,5.01,-7.744,9.223
3694,123.133,586.71,166.21,3.922,-11.781,12.417
3695,123.167,586.4,164.33,1.908,-15.957,16.071
3696,123.2,586.58,163.53,-0.741,-19.172,19.186
3697,123.233,586.88,163.93,-2.686,-25.612,25.753
3698,123.267,587.26,165.56,-5.445,-28.308,28.827
3699,123.3,586.52,165.21,-8.934,-29.007,30.352
3700,123.333,586.44,166.19,-12.544,-28.439,31.083
3701,123.367,586.91,168.56,-16.208,-28.119,32.456
3702,123.4,587.05,169.79,-20.531,-28.988,35.523
3703,123.433,585.58,167.61,-24.398,-29.297,38.126
3704,123.467,584.85,165.67,-27.323,-28.753,39.665
3705,123.5,583.23,162.52,-30.41,-23.367,38.351
3706,123.533,578.7,148.77,-32.345,-20.807,38.46
3707,123.567,577.82,148.16,-32.558,-19.598,38.002
3708,123.6,577.4,149.05,-31.133,-19.318,36.64
3709,123.633,578.32,152.19,-28.571,-20.196,34.988
3710,123.667,578.49,152.82,-24.956,-21.133,32.701
3711,123.7,578.33,152.23,-19.596,-20.181,28.129
3712,123.733,574.96,162.7,-13.763,-18.286,22.887
3713,123.767,574.43,159.08,-7.767,-18.387,19.961
3714,123.8,574.05,156.84,-2.216,-15.319,15.479
3715,123.833,573.33,154.62,2.853,-8.982,9.424
3716,123.867,573.84,155.91,7.394,-2.93,7.953
3717,123.9,575.12,157.84,11.077,0.998,11.122
3718,123.933,575.13,157.35,13.64,3.607,14.109
3719,123.967,575.29,157.69,15.649,6.469,16.934
3720,124.0,578.59,145.9,16.414,9.987,19.213
3721,124.033,579.45,146.54,16.272,15.062,22.173
3722,124.067,580.05,147.74,16.79,25.53,30.556
3723,124.1,580.38,149.45,16.641,36.378,40.004
3724,124.133,581.42,153.73,16.294,46.812,49.567
3725,124.167,581.29,156.32,15.028,56.765,58.721
3726,124.2,579.96,157.45,12.786,67.662,68.86
3727,124.233,579.98,160.65,9.602,78.891,79.473
3728,124.267,579.83,171.62,7.232,82.143,82.461
3729,124.3,580.13,171.05,4.646,80.104,80.238
3730,124.333,581.44,169.57,1.826,71.835,71.859
3731,124.367,582.14,172.77,1.048,61.766,61.775
3732,124.4,582.22,177.61,1.037,46.257,46.269
3733,124.433,582.08,180.39,1.157,26.148,26.174
3734,124.467,581.62,181.83,1.893,3.657,4.118
3735,124.5,581.44,180.58,3.368,-20.462,20.737
3736,124.533,581.19,176.22,3.885,-38.146,38.343
3737,124.567,581.6,176.03,4.201,-52.77,52.937
3738,124.6,582.6,176.46,4.505,-61.812,61.976
3739,124.633,582.46,177.09,4.872,-65.054,65.236
3740,124.667,582.05,173.78,4.859,-63.883,64.067
3741,124.7,581.91,166.42,4.855,-57.991,58.194
3742,124.733,581.83,158.34,5.368,-48.197,48.495
3743,124.767,582.12,151.62,5.822,-36.589,37.05
3744,124.8,583.22,151.04,6.293,-28.813,29.492
3745,124.833,585.45,154.76,6.62,-20.808,21.836
3746,124.867,583.81,152.02,6.676,-14.551,16.01
3747,124.9,583.43,155.44,6.141,-4.799,7.794
3748,124.933,583.42,158.66,5.261,4.977,7.242
3749,124.967,583.74,161.89,4.298,15.896,16.467
3750,125.0,584.11,165.02,3.359,26.035,26.251
3751,125.033,584.5,168.63,2.492,35.545,35.632
3752,125.067,584.99,172.75,1.975,45.427,45.47
3753,125.1,585.09,172.54,1.403,52.542,52.56
3754,125.133,585.04,171.2,0.421,56.768,56.769
3755,125.167,584.67,168.73,-0.461,57.328,57.33
3756,125.2,584.11,165.03,-1.126,55.464,55.476
3757,125.233,583.85,163.35,-1.574,53.807,53.83
3758,125.267,583.83,163.76,-1.73,52.333,52.362
3759,125.3,584.07,166.15,-1.723,51.195,51.224
3760,125.333,584.51,170.63,-2.144,48.041,48.089
3761,125.367,583.85,184.82,-4.933,45.378,45.645
3762,125.4,583.93,185.16,-6.687,41.555,42.089
3763,125.433,584.0,188.02,-7.637,35.78,36.586
3764,125.467,583.74,186.67,-6.919,24.57,25.526
3765,125.5,583.77,186.78,-6.19,16.077,17.228
3766,125.533,583.69,186.63,-5.325,8.722,10.219
3767,125.567,583.26,186.42,-5.554,5.965,8.151
3768,125.6,583.03,188.06,-5.452,-0.567,5.481
3769,125.633,582.68,187.48,-5.011,-8.887,10.202
3770,125.667,582.15,185.39,-4.25,-17.84,18.339
3771,125.7,581.79,182.22,-3.017,-25.882,26.058
3772,125.733,581.4,177.05,-1.21,-30.832,30.856
3773,125.767,581.02,174.56,0.842,-32.23,32.241
3774,125.8,580.67,174.36,2.73,-30.448,30.57
3775,125.833,580.66,176.95,4.282,-25.875,26.227
3776,125.867,583.74,169.62,5.36,-19.339,20.068
3777,125.9,584.22,172.9,6.475,-16.891,18.089
3778,125.933,584.52,174.85,7.263,-13.461,15.295
3779,125.967,582.15,188.05,7.623,-10.825,13.239
3780,126.0,582.38,186.01,7.679,-7.175,10.51
3781,126.033,582.2,185.56,7.194,-3.999,8.23
3782,126.067,585.06,172.79,7.144,-4.576,8.484
3783,126.1,585.16,172.85,6.398,-1.98,6.698
3784,126.133,585.24,173.11,5.084,1.701,5.361
3785,126.167,585.19,173.54,3.572,5.745,6.764
3786,126.2,584.86,174.08,2.214,9.407,9.664
3787,126.233,584.27,174.2,0.625,12.052,12.068
3788,126.267,583.87,174.26,-1.026,14.801,14.837
3789,126.3,584.02,175.28,-2.875,15.101,15.372
3790,126.333,584.19,176.62,-4.436,12.65,13.405
3791,126.367,584.2,177.87,-5.279,7.832,9.445
3792,126.4,584.12,178.61,-6.941,7.461,10.19
3793,126.433,584.05,178.96,-8.408,8.234,11.768
3794,126.467,584.06,179.41,-9.629,10.7,14.395
3795,126.5,584.08,179.25,-9.052,8.341,12.309
3796,126.533,584.36,180.64,-7.882,5.448,9.581
3797,126.567,582.12,191.3,-7.294,3.324,8.016
3798,126.6,582.25,187.83,-7.484,0.885,7.536
3799,126.633,582.22,182.93,-7.469,-4.302,8.62
3800,126.667,581.66,177.76,-6.245,-15.201,16.434
3801,126.7,580.56,173.14,-5.281,-23.264,23.856
3802,126.733,580.28,170.12,-4.256,-27.962,28.284
3803,126.767,580.13,167.82,-2.853,-28.397,28.54
3804,126.8,581.06,171.18,-1.189,-25.705,25.732
3805,126.833,581.96,176.49,0.316,-21.248,21.25
3806,126.867,582.38,180.2,1.753,-14.4,14.506
3807,126.9,582.54,182.15,3.271,-5.195,6.139
3808,126.933,582.3,182.11,3.599,10.074,10.697
3809,126.967,581.72,180.63,4.16,23.704,24.066
3810,127.0,580.71,176.08,4.67,35.231,35.539
3811,127.033,579.98,172.23,4.831,43.01,43.28
3812,127.067,582.93,160.55,4.278,45.179,45.381
3813,127.1,583.54,165.84,4.229,35.628,35.878
3814,127.133,584.21,170.22,3.927,21.577,21.931
3815,127.167,582.13,186.49,4.603,2.694,5.334
3816,127.2,582.65,188.91,4.882,-11.059,12.089
3817,127.233,582.88,190.06,5.171,-19.381,20.059
3818,127.267,582.78,188.76,5.392,-22.354,22.996
3819,127.3,582.77,188.96,5.917,-21.162,21.974
3820,127.333,583.11,190.68,6.012,-19.143,20.065
3821,127.367,583.06,189.66,5.408,-18.399,19.177
3822,127.4,582.45,186.42,4.256,-19.345,19.808
3823,127.433,584.9,170.17,2.702,-20.181,20.361
3824,127.467,584.62,165.59,1.381,-19.686,19.734
3825,127.5,584.42,160.42,0.29,-18.599,18.601
3826,127.533,584.49,159.06,-0.089,-15.271,15.271
3827,127.567,584.75,161.5,0.396,-9.262,9.27
3828,127.6,585.39,167.53,-0.138,4.928,4.93
3829,127.633,585.8,173.55,-0.936,20.51,20.532
3830,127.667,582.97,188.31,-2.169,37.364,37.427
3831,127.7,582.96,187.11,-2.386,47.61,47.67
3832,127.733,583.21,185.45,-2.578,55.319,55.379
3833,127.767,583.43,182.74,-2.722,59.909,59.971
3834,127.8,582.99,182.48,-2.658,61.926,61.983
3835,127.833,582.91,183.89,-2.404,60.209,60.257
3836,127.867,583.2,186.63,-2.828,57.569,57.639
3837,127.9,583.58,190.73,-2.576,47.816,47.886
3838,127.933,584.03,191.52,-1.329,32.425,32.452
3839,127.967,583.56,189.68,-0.013,15.751,15.751
3840,128.0,583.6,189.57,1.302,2.22,2.574
3841,128.033,583.59,189.7,1.731,-1.881,2.556
3842,128.067,583.68,189.94,2.299,-3.488,4.178
3843,128.1,583.72,190.71,2.752,-3.451,4.414
3844,128.133,583.7,191.52,2.704,-3.484,4.411
3845,128.167,583.61,191.96,2.002,-3.857,4.345
3846,128.2,583.53,191.96,2.371,-10.44,10.706
3847,128.233,583.36,191.55,3.51,-21.683,21.965
3848,128.267,583.3,191.41,4.073,-28.283,28.575
3849,128.3,583.28,191.33,3.216,-25.861,26.06
3850,128.333,583.36,191.28,2.521,-22.526,22.667
3851,128.367,585.45,179.25,1.937,-19.357,19.454
3852,128.4,585.53,179.3,1.241,-18.171,18.213
3853,128.433,585.62,179.4,0.404,-18.555,18.559
3854,128.467,583.59,191.52,-0.866,-20.593,20.611
3855,128.5,583.22,191.57,-2.06,-21.836,21.933
3856,128.533,585.11,179.56,-2.993,-20.564,20.781
3857,128.567,584.92,179.08,-3.607,-18.127,18.482
3858,128.6,584.74,178.86,-3.865,-14.757,15.255
3859,128.633,584.52,179.14,-3.924,-12.781,13.37
3860,128.667,584.26,179.26,-4.061,-14.151,14.723
3861,128.7,583.94,179.3,-4.295,-16.04,16.606
3862,128.733,581.52,192.46,-4.934,-20.245,20.838
3863,128.767,581.12,189.63,-5.621,-25.399,26.014
3864,128.8,583.02,175.41,-5.938,-30.949,31.514
3865,128.833,582.92,173.46,-5.575,-36.343,36.768
3866,128.867,582.76,172.44,-4.426,-41.118,41.356
3867,128.9,582.75,174.36,-3.876,-39.504,39.694
3868,128.933,582.62,173.46,-3.523,-36.484,36.654
3869,128.967,582.99,175.65,-3.407,-29.216,29.414
3870,129.0,583.47,176.66,-2.205,-25.509,25.604
3871,129.033,583.26,172.15,-0.253,-21.414,21.416
3872,129.067,582.84,168.6,0.841,-12.951,12.979
3873,129.1,581.96,163.92,1.76,-3.76,4.152
3874,129.133,581.11,162.65,2.137,4.616,5.087
3875,129.167,580.79,166.42,1.835,10.616,10.773
3876,129.2,580.7,165.34,0.912,14.058,14.088
3877,129.233,581.71,169.18,-0.363,16.707,16.71
3878,129.267,582.77,172.12,-0.536,11.418,11.431
3879,129.3,583.35,174.53,-0.249,4.941,4.947
3880,129.333,583.41,175.81,-0.713,3.247,3.324
3881,129.367,583.05,175.18,-0.894,3.81,3.914
3882,129.4,582.83,176.76,-0.834,5.294,5.359
3883,129.433,583.09,180.72,-0.734,5.474,5.523
3884,129.467,583.27,178.5,-0.47,6.387,6.404
3885,129.5,583.08,175.54,-0.287,6.358,6.365
3886,129.533,582.18,169.94,-0.416,5.141,5.158
3887,129.567,581.64,168.51,-0.618,5.108,5.145
3888,129.6,580.95,165.16,-0.784,5.822,5.875
3889,129.633,580.85,164.24,-0.621,8.444,8.466
3890,129.667,581.21,166.88,-0.225,10.597,10.599
3891,129.7,581.78,172.02,0.137,9.125,9.126
3892,129.733,582.13,175.28,0.496,7.044,7.062
3893,129.767,582.27,177.5,0.611,3.885,3.933
3894,129.8,582.64,177.66,0.601,0.782,0.986
3895,129.833,583.1,179.82,0.619,-1.743,1.85
3896,129.867,582.95,178.26,0.602,-2.754,2.819
3897,129.9,582.84,178.3,0.786,-2.586,2.703
3898,129.933,582.96,179.62,0.874,-4.449,4.534
3899,129.967,582.93,178.66,0.383,-10.797,10.803
3900,130.0,582.71,176.36,-0.767,-19.337,19.352
3901,130.033,582.44,172.98,-2.046,-27.801,27.876
3902,130.067,582.04,168.89,-2.912,-33.096,33.224
3903,130.1,581.48,165.2,-3.456,-35.262,35.431
3904,130.133,580.81,161.44,-3.416,-31.985,32.167
3905,130.167,580.7,161.42,-2.998,-24.735,24.916
3906,130.2,581.24,164.96,-2.315,-15.35,15.524
3907,130.233,582.16,169.68,-1.455,-5.971,6.146
3908,130.267,582.79,172.55,-0.384,3.121,3.145
3909,130.3,582.74,173.53,0.892,11.506,11.541
3910,130.333,582.23,172.61,2.003,19.418,19.521
3911,130.367,581.91,168.55,2.664,25.302,25.442
3912,130.4,581.3,165.1,3.133,30.541,30.701
3913,130.433,581.1,165.39,3.326,34.165,34.327
3914,130.467,581.5,167.84,3.132,34.901,35.041
3915,130.5,582.29,172.65,2.653,33.388,33.493
3916,130.533,582.48,176.2,2.006,30.05,30.117
3917,130.567,582.44,178.96,1.218,25.575,25.604
3918,130.6,582.57,179.81,0.375,21.119,21.122
3919,130.633,582.67,178.44,-0.351,17.265,17.268
3920,130.667,582.95,178.47,-0.589,16.315,16.326
3921,130.7,583.07,178.53,-0.347,17.487,17.49
3922,130.733,582.94,178.6,-0.013,18.675,18.675
3923,130.767,582.59,178.7,0.378,13.613,13.618
3924,130.8,582.11,178.75,0.123,9.011,9.012
3925,130.833,581.87,179.05,-0.491,4.109,4.139
3926,130.867,581.85,179.29,-1.257,-1.283,1.796
3927,130.9,581.78,179.25,-2.184,-5.761,6.161
3928,130.933,581.87,179.04,-2.867,-7.453,7.985
3929,130.967,581.97,178.87,-3.244,-7.158,7.859
3930,131.0,581.97,178.45,-3.478,-5.221,6.273
3931,131.033,581.89,178.31,-3.977,-4.494,6.001
3932,131.067,581.86,178.68,-4.558,-5.542,7.176
3933,131.1,581.94,179.09,-5.147,-9.006,10.373
3934,131.133,582.17,180.25,-5.638,-12.723,13.916
3935,131.167,582.13,178.84,-5.92,-14.271,15.45
3936,131.2,581.75,175.98,-6.088,-13.63,14.928
3937,131.233,581.38,172.58,-6.151,-10.568,12.228
3938,131.267,580.02,181.46,-6.028,-5.229,7.979
3939,131.3,579.8,177.79,-5.792,0.272,5.799
3940,131.333,579.49,175.24,-5.364,5.388,7.603
3941,131.367,579.41,174.48,-4.894,7.985,9.365
3942,131.4,579.55,175.87,-4.366,8.211,9.299
3943,131.433,579.6,175.79,-3.642,8.154,8.93
3944,131.467,579.51,175.42,-2.879,7.481,8.016
3945,131.5,579.25,173.51,-2.156,6.499,6.847
3946,131.533,579.29,174.15,-1.52,5.335,5.547
3947,131.567,579.47,176.61,-0.845,5.49,5.555
3948,131.6,579.93,181.73,-0.079,7.497,7.498
3949,131.633,580.16,185.06,0.645,9.745,9.766
3950,131.667,580.17,186.04,1.179,11.056,11.119
3951,131.7,580.02,185.27,1.608,13.487,13.582
3952,131.733,579.75,182.43,1.929,16.359,16.472
3953,131.767,579.32,177.53,1.959,19.851,19.947
3954,131.8,579.19,175.2,2.082,16.72,16.849
3955,131.833,579.16,173.15,1.958,13.244,13.388
3956,131.867,579.44,175.7,1.66,9.725,9.866
3957,131.9,579.64,179.64,1.157,5.934,6.046
3958,131.933,579.63,180.48,0.492,1.225,1.32
3959,131.967,579.73,182.71,-0.243,-3.5,3.508
3960,132.0,579.94,185.08,-0.832,-7.422,7.468
3961,132.033,580.36,188.41,-1.135,-9.13,9.2
3962,132.067,580.62,188.56,-1.215,-9.39,9.468
3963,132.1,580.64,185.55,-1.132,-8.507,8.582
3964,132.133,580.6,183.98,-1.308,-10.25,10.334
3965,132.167,580.37,182.57,-1.721,-14.14,14.245
3966,132.2,579.74,177.63,-2.225,-18.678,18.81
3967,132.233,579.07,174.89,-2.868,-24.058,24.228
3968,132.267,578.57,173.57,-3.546,-29.528,29.741
3969,132.3,578.52,174.6,-3.886,-31.306,31.546
3970,132.333,578.5,174.3,-3.93,-30.416,30.669
3971,132.367,578.67,174.3,-3.62,-25.014,25.275
3972,132.4,578.98,174.7,-3.163,-17.684,17.965
3973,132.433,579.18,175.09,-3.59,-5.05,6.196
3974,132.467,579.37,175.61,-3.292,6.071,6.906
3975,132.5,579.31,175.56,-2.492,14.361,14.576
3976,132.533,579.19,175.25,-1.33,19.29,19.336
3977,132.567,578.93,174.95,0.054,21.233,21.233
3978,132.6,578.49,172.88,1.474,20.339,20.392
3979,132.633,578.47,174.74,2.81,17.648,17.871
3980,132.667,578.5,176.22,4.028,13.612,14.195
3981,132.7,578.39,175.81,4.993,6.971,8.575
3982,132.733,578.63,177.37,5.918,-0.334,5.927
3983,132.767,579.06,181.17,6.992,-7.141,9.994
3984,132.8,579.17,181.57,8.288,-13.058,15.466
3985,132.833,579.27,183.76,9.588,-18.182,20.555
3986,132.867,579.22,183.16,10.703,-22.811,25.197
3987,132.9,579.22,183.06,12.225,-33.064,35.251
3988,132.933,582.02,169.35,12.465,-40.959,42.813
3989,132.967,582.14,168.73,11.556,-47.04,48.439
3990,133.0,582.43,169.31,9.848,-49.841,50.804
3991,133.033,582.7,170.47,7.687,-48.189,48.798
3992,133.067,582.63,168.09,5.365,-41.132,41.481
3993,133.1,582.61,166.48,2.962,-30.064,30.209
3994,133.133,582.68,165.83,0.56,-17.019,17.028
3995,133.167,582.57,163.1,-1.853,-3.801,4.229
3996,133.2,582.71,163.14,-4.251,9.186,10.122
3997,133.233,582.81,165.05,-6.377,22.016,22.921
3998,133.267,582.66,165.27,-8.111,34.612,35.55
3999,133.3,582.19,164.79,-9.422,45.148,46.121
4000,133.333,581.57,162.13,-10.086,54.539,55.463
4001,133.367,581.11,161.04,-10.291,58.147,59.051
4002,133.4,578.53,176.94,-9.879,55.354,56.229
4003,133.433,578.96,180.09,-9.547,51.154,52.037
4004,133.467,579.62,185.47,-8.607,42.363,43.229
4005,133.5,579.9,188.2,-7.53,32.734,33.589
4006,133.533,579.91,188.09,-6.388,22.078,22.983
4007,133.567,579.44,183.83,-5.15,11.925,12.989
4008,133.6,579.05,179.36,-3.606,5.21,6.336
4009,133.633,579.0,179.95,-1.971,1.403,2.419
4010,133.667,578.95,180.22,-0.455,-1.862,1.917
4011,133.7,579.15,180.43,0.992,-2.653,2.832
4012,133.733,579.38,181.89,2.054,-3.195,3.798
4013,133.767,579.32,180.54,2.55,-5.197,5.789
4014,133.8,579.05,177.58,2.478,-8.072,8.444
4015,133.833,578.56,172.14,2.003,-9.218,9.433
4016,133.867,578.63,172.06,0.445,-1.172,1.253
4017,133.9,578.86,175.99,-0.716,10.014,10.039
4018,133.933,581.49,167.04,-0.32,14.567,14.571
4019,133.967,579.37,183.4,0.438,18.405,18.41
4020,134.0,579.69,187.15,1.164,18.988,19.024
4021,134.033,579.98,191.49,1.79,16.437,16.534
4022,134.067,580.03,191.87,2.256,11.669,11.885
4023,134.1,579.71,188.21,2.721,6.748,7.276
4024,134.133,579.52,183.38,3.518,4.7,5.87
4025,134.167,579.45,181.7,4.327,1.56,4.6
4026,134.2,579.22,178.26,5.122,-1.511,5.34
4027,134.233,579.16,177.48,5.835,-5.344,7.912
4028,134.267,579.29,179.51,6.827,-15.561,16.993
4029,134.3,579.57,184.33,7.602,-24.267,25.43
4030,134.333,579.87,187.24,8.053,-31.267,32.287
4031,134.367,582.51,176.32,8.381,-33.368,34.404
4032,134.4,582.41,176.5,8.493,-30.126,31.3
4033,134.433,582.4,178.88,8.204,-24.63,25.961
4034,134.467,582.22,177.85,6.352,-8.374,10.51
4035,134.5,582.14,177.79,5.051,2.278,5.541
4036,134.533,582.14,178.01,3.395,10.583,11.114
4037,134.567,582.34,178.23,1.379,14.653,14.718
4038,134.6,582.77,179.3,-0.931,14.826,14.855
4039,134.633,582.53,175.65,-3.195,14.209,14.563
4040,134.667,582.58,175.62,-5.372,14.226,15.206
4041,134.7,582.67,173.0,-7.342,14.501,16.254
4042,134.733,582.53,171.52,-8.928,15.81,18.157
4043,134.767,581.05,183.2,-10.176,15.218,18.307
4044,134.8,580.38,183.92,-10.865,12.518,16.576
4045,134.833,580.14,187.58,-10.915,6.253,12.579
4046,134.867,579.98,190.38,-10.165,-3.088,10.624
4047,134.9,579.73,188.28,-9.866,-7.277,12.259
4048,134.933,579.84,186.76,-9.009,-10.138,13.563
4049,134.967,579.43,179.54,-7.529,-11.237,13.526
4050,135.0,579.16,178.2,-5.518,-9.613,11.084
4051,135.033,578.91,177.19,-3.149,-6.277,7.023
4052,135.067,578.67,176.99,-0.618,-2.245,2.328
4053,135.1,578.61,178.67,1.7,1.439,2.228
4054,135.133,578.48,178.34,3.422,3.292,4.748
4055,135.167,578.49,177.56,4.639,5.231,6.992
4056,135.2,578.5,175.15,5.143,5.457,7.499
4057,135.233,578.69,173.34,4.932,7.049,8.603
4058,135.267,579.39,177.15,4.052,10.619,11.366
4059,135.3,579.96,180.4,3.344,9.941,10.489
4060,135.333,580.58,183.74,2.522,7.535,7.945
4061,135.367,581.07,186.86,1.623,2.529,3.005
4062,135.4,581.26,188.79,0.659,-4.998,5.041
4063,135.433,581.3,190.74,-0.227,-12.624,12.626
4064,135.467,580.83,188.16,-1.165,-20.316,20.349
4065,135.5,580.33,184.58,-1.897,-24.372,24.445
4066,135.533,579.76,180.33,-2.448,-26.65,26.762
4067,135.567,579.13,175.96,-2.802,-26.956,27.101
4068,135.6,578.71,172.28,-3.085,-27.164,27.339
4069,135.633,578.49,169.86,-3.076,-26.864,27.039
4070,135.667,578.58,169.06,-2.88,-26.543,26.699
4071,135.7,578.84,170.89,-2.52,-26.173,26.294
4072,135.733,579.0,171.36,-1.871,-24.302,24.374
4073,135.767,579.19,172.09,-0.936,-19.761,19.783
4074,135.8,579.25,171.34,0.063,-14.47,14.47
4075,135.833,579.65,174.13,1.114,-8.021,8.098
4076,135.867,579.83,175.88,2.076,-0.525,2.141
4077,135.9,580.02,176.94,2.908,7.586,8.124
4078,135.933,580.07,177.18,3.323,14.032,14.42
4079,135.967,579.98,176.92,3.384,18.486,18.793
4080,136.0,579.81,175.91,3.436,22.56,22.82
4081,136.033,579.63,174.38,3.573,26.991,27.226
4082,136.067,579.45,171.93,3.746,30.58,30.808
4083,136.1,579.72,172.98,3.995,32.902,33.143
4084,136.133,579.51,171.1,4.231,33.804,34.067
4085,136.167,579.73,172.04,4.352,33.156,33.44
4086,136.2,580.13,174.9,4.239,30.746,31.037
4087,136.233,580.53,179.05,3.824,26.77,27.042
4088,136.267,580.95,183.31,3.318,23.887,24.116
4089,136.3,581.27,187.26,3.054,23.814,24.009
4090,136.333,581.47,189.97,3.016,24.981,25.163
4091,136.367,581.56,190.76,2.173,28.546,28.629
4092,136.4,581.37,189.2,1.639,28.102,28.149
4093,136.433,581.71,190.49,1.939,19.922,20.016
4094,136.467,581.89,189.56,1.874,11.297,11.452
4095,136.5,581.72,187.03,1.655,2.04,2.627
4096,136.533,581.25,182.0,0.954,-1.55,1.82
4097,136.567,580.87,179.21,0.72,-5.55,5.597
4098,136.6,580.57,178.35,0.751,-10.22,10.247
4099,136.633,580.45,179.34,0.714,-17.09,17.105
4100,136.667,580.61,182.24,0.971,-22.561,22.582
4101,136.7,581.01,187.17,2.424,-31.161,31.256
4102,136.733,581.64,191.22,3.302,-36.406,36.556
4103,136.767,582.13,191.33,3.623,-39.567,39.732
4104,136.8,581.86,185.74,2.404,-36.998,37.076
4105,136.833,581.56,183.11,1.328,-36.134,36.158
4106,136.867,583.35,170.96,1.366,-41.111,41.134
4107,136.9,583.21,170.14,0.925,-44.567,44.576
4108,136.933,581.24,180.91,0.229,-45.675,45.676
4109,136.967,581.42,179.97,-0.859,-46.156,46.164
4110,137.0,581.42,180.18,-2.278,-45.662,45.719
4111,137.033,582.58,165.16,-3.735,-43.072,43.234
4112,137.067,582.02,160.77,-5.087,-37.758,38.099
4113,137.1,581.85,159.73,-6.296,-30.4,31.045
4114,137.133,581.99,161.35,-7.302,-21.958,23.14
4115,137.167,581.95,161.24,-7.912,-11.813,14.218
4116,137.2,578.97,173.22,-8.084,-0.537,8.102
4117,137.233,578.92,173.11,-7.852,10.17,12.848
4118,137.267,578.93,173.59,-7.381,19.08,20.458
4119,137.3,581.76,161.99,-6.678,26.688,27.511
4120,137.333,581.71,162.18,-5.636,33.352,33.825
4121,137.367,578.91,174.14,-4.308,36.853,37.104
4122,137.4,578.94,174.19,-3.904,42.732,42.91
4123,137.433,579.0,174.13,-3.804,46.799,46.953
4124,137.467,578.95,173.89,-3.027,41.499,41.609
4125,137.5,578.9,173.95,-2.276,32.776,32.855
4126,137.533,578.63,172.8,-1.529,19.132,19.193
4127,137.567,578.57,173.94,-1.449,10.775,10.871
4128,137.6,578.73,176.6,-1.258,6.094,6.223
4129,137.633,579.17,181.59,-2.072,9.503,9.726
4130,137.667,579.46,184.48,-2.6,13.871,14.113
4131,137.7,579.6,185.34,-3.112,16.783,17.069
4132,137.733,579.53,184.03,-1.971,11.529,11.696
4133,137.767,579.3,180.89,-0.307,4.366,4.377
4134,137.8,578.73,175.45,1.655,-6.097,6.318
4135,137.833,578.42,172.7,3.28,-15.385,15.731
4136,137.867,578.33,171.74,3.948,-18.829,19.239
4137,137.9,578.26,171.63,5.136,-24.457,24.99
4138,137.933,578.29,172.64,4.925,-23.902,24.404
4139,137.967,578.6,176.77,4.548,-26.389,26.778
4140,138.0,578.76,178.27,4.293,-28.074,28.401
4141,138.033,579.05,182.22,4.023,-29.175,29.451
4142,138.067,579.3,184.13,4.034,-26.926,27.227
4143,138.1,579.33,183.85,4.22,-22.021,22.422
4144,138.133,581.92,168.91,4.572,-15.162,15.836
4145,138.167,581.71,162.15,4.773,-10.055,11.13
4146,138.2,581.73,162.27,4.647,-7.189,8.56
4147,138.233,581.64,163.79,4.101,-8.859,9.762
4148,138.267,581.51,162.58,3.344,-12.552,12.99
4149,138.3,581.68,164.97,3.361,-20.875,21.144
4150,138.333,578.84,177.61,2.932,-24.49,24.664
4151,138.367,578.5,174.96,2.233,-23.888,23.992
4152,138.4,578.37,174.22,1.354,-19.724,19.771
4153,138.433,580.8,161.8,0.468,-12.428,12.437
4154,138.467,581.29,168.16,-0.311,-2.591,2.609
4155,138.5,581.31,169.24,-1.229,4.038,4.221
4156,138.533,581.62,171.9,-2.044,9.162,9.388
4157,138.567,581.6,170.91,-2.731,11.008,11.342
4158,138.6,581.6,168.59,-3.046,10.276,10.718
4159,138.633,581.26,163.87,-2.974,5.534,6.282
4160,138.667,580.97,161.26,-3.898,5.788,6.978
4161,138.7,580.9,158.73,-4.776,10.046,11.124
4162,138.733,581.08,162.42,-5.661,16.557,17.498
4163,138.767,580.99,164.12,-6.688,21.709,22.716
4164,138.8,578.43,177.42,-7.798,27.423,28.51
4165,138.833,578.52,177.84,-9.179,32.269,33.549
4166,138.867,578.5,177.65,-8.996,30.149,31.463
4167,138.9,578.43,176.91,-8.165,25.754,27.017
4168,138.933,578.28,175.24,-6.45,20.167,21.173
4169,138.967,578.02,171.65,-5.256,21.269,21.909
4170,139.0,578.23,175.31,-3.926,21.532,21.887
4171,139.033,578.37,177.15,-2.434,20.81,20.952
4172,139.067,578.54,178.4,-1.015,18.879,18.906
4173,139.1,578.33,177.1,0.324,17.392,17.395
4174,139.133,578.42,178.92,1.482,17.452,17.515
4175,139.167,578.37,179.31,2.423,19.434,19.585
4176,139.2,578.32,178.24,3.078,22.268,22.48
4177,139.233,578.08,174.48,3.25,26.259,26.459
4178,139.267,578.21,176.39,2.794,28.437,28.574
4179,139.3,578.31,178.18,1.725,29.649,29.699
4180,139.333,578.51,180.32,1.554,25.009,25.057
4181,139.367,578.56,181.95,1.334,20.093,20.137
4182,139.4,579.04,187.23,1.128,15.987,16.026
4183,139.433,579.23,189.86,0.879,11.727,11.759
4184,139.467,579.36,190.63,0.68,8.96,8.986
4185,139.5,579.22,189.25,0.651,9.692,9.714
4186,139.533,579.16,191.07,0.647,10.391,10.411
4187,139.567,578.99,190.39,0.64,10.837,10.856
4188,139.6,578.82,187.91,0.606,10.34,10.358
4189,139.633,578.52,183.06,0.672,9.537,9.56
4190,139.667,578.46,179.88,0.682,6.789,6.824
4191,139.7,578.49,178.59,0.561,1.289,1.406
4192,139.733,578.7,179.22,0.392,-5.22,5.234
4193,139.767,578.84,182.14,0.404,-10.113,10.121
4194,139.8,579.07,187.25,0.495,-14.705,14.713
4195,139.833,579.18,189.86,0.69,-18.114,18.127
4196,139.867,579.21,190.82,0.968,-19.819,19.843
4197,139.9,579.16,189.52,1.347,-18.931,18.978
4198,139.933,579.29,190.69,1.553,-17.697,17.765
4199,139.967,579.39,189.82,1.53,-15.661,15.736
4200,140.0,579.47,187.25,1.267,-12.51,12.574
4201,140.033,579.4,183.84,0.946,-7.738,7.796
4202,140.067,579.34,180.26,0.518,-3.78,3.816
4203,140.1,579.15,177.07,0.082,-0.635,0.64
4204,140.133,579.01,174.83,-0.284,1.73,1.753
4205,140.167,578.87,173.02,-0.579,4.217,4.257
4206,140.2,579.08,175.19,-0.836,6.248,6.304
4207,140.233,579.27,177.63,-1.039,9.092,9.151
4208,140.267,579.35,180.97,-1.344,10.905,10.987
4209,140.3,579.38,184.61,-1.631,11.344,11.46
4210,140.333,579.34,187.92,-1.922,9.394,9.588
4211,140.367,579.17,190.49,-2.14,5.965,6.337
4212,140.4,579.01,191.5,-2.192,2.143,3.065
4213,140.433,578.79,191.75,-2.194,-2.17,3.085
4214,140.467,578.79,190.72,-2.243,-8.62,8.907
4215,140.5,578.8,188.27,-2.347,-16.435,16.602
4216,140.533,578.68,184.83,-2.543,-25.714,25.84
4217,140.567,578.59,180.87,-2.696,-34.069,34.175
4218,140.6,578.44,176.9,-2.75,-39.796,39.891
4219,140.633,578.16,173.78,-2.607,-42.023,42.104
4220,140.667,578.11,172.38,-2.101,-38.095,38.153
4221,140.7,578.09,173.45,-1.359,-29.492,29.523
4222,140.733,578.06,172.2,-0.576,-18.585,18.594
4223,140.767,578.27,174.61,0.176,-6.411,6.413
4224,140.8,578.36,176.68,0.852,5.73,5.793
4225,140.833,578.4,178.05,1.364,16.628,16.684
4226,140.867,578.34,178.49,1.69,25.298,25.354
4227,140.9,578.08,176.76,1.844,30.574,30.629
4228,140.933,578.11,176.76,2.025,35.403,35.461
4229,140.967,578.22,177.62,2.237,38.667,38.732
4230,141.0,578.39,178.79,2.436,40.267,40.341
4231,141.033,578.69,183.58,2.518,40.229,40.308
4232,141.067,578.94,186.95,2.51,39.062,39.143
4233,141.1,579.13,189.31,2.221,35.1,35.17
4234,141.133,579.3,191.6,1.72,29.118,29.169
4235,141.167,579.06,187.86,1.131,21.538,21.567
4236,141.2,579.02,186.43,0.549,14.521,14.531
4237,141.233,578.95,185.58,-0.048,6.472,6.473
4238,141.267,578.83,185.46,-0.616,-1.069,1.234
4239,141.3,578.73,185.87,-1.309,-9.621,9.71
4240,141.333,578.75,186.94,-1.976,-17.554,17.665
4241,141.367,578.84,188.82,-2.584,-25.177,25.309
4242,141.4,579.1,192.9,-2.924,-30.366,30.506
4243,141.433,578.97,190.39,-2.89,-31.499,31.631
4244,141.467,578.85,187.98,-2.562,-28.815,28.928
4245,141.5,578.51,184.54,-2.075,-24.311,24.399
4246,141.533,578.19,180.61,-1.526,-18.938,19.0
4247,141.567,577.83,175.42,-1.101,-15.649,15.687
4248,141.6,577.84,174.97,-0.787,-13.519,13.542
4249,141.633,577.92,175.66,-0.575,-12.552,12.566
4250,141.667,578.11,178.15,-0.491,-13.301,13.31
4251,141.7,578.05,176.87,-0.412,-12.947,12.953
4252,141.733,578.09,177.61,-0.405,-12.063,12.069
4253,141.767,578.18,179.24,-0.366,-10.587,10.593
4254,141.8,578.45,182.36,-0.256,-8.672,8.676
4255,141.833,578.58,182.92,-0.914,-2.011,2.209
4256,141.867,578.76,185.13,-1.147,1.782,2.119
4257,141.9,578.59,183.87,-1.121,2.683,2.908
4258,141.933,578.42,181.05,-1.069,-2.734,2.936
4259,141.967,578.11,176.22,-0.965,-10.364,10.409
4260,142.0,577.91,173.76,-0.818,-19.124,19.142
4261,142.033,577.79,172.89,-0.424,-27.296,27.299
4262,142.067,577.87,174.37,0.122,-33.768,33.768
4263,142.1,577.9,174.3,1.724,-41.43,41.466
4264,142.133,577.88,174.02,2.088,-38.91,38.966
4265,142.167,577.8,173.67,2.703,-35.642,35.744
4266,142.2,577.87,173.57,3.431,-34.056,34.228
4267,142.233,577.97,173.7,4.401,-31.18,31.489
4268,142.267,577.91,173.84,5.429,-26.796,27.34
4269,142.3,577.79,173.94,6.269,-22.853,23.698
4270,142.333,579.96,161.37,6.771,-19.688,20.82
4271,142.367,579.89,161.24,7.046,-15.888,17.381
4272,142.4,579.89,159.98,7.037,-12.986,14.77
4273,142.433,579.94,163.09,6.674,-12.1,13.818
4274,142.467,580.17,164.88,6.041,-11.517,13.005
4275,142.5,580.4,165.96,6.35,-13.464,14.886
4276,142.533,580.39,165.89,6.148,-11.333,12.893
4277,142.567,580.6,165.63,5.492,-7.816,9.553
4278,142.6,578.56,178.08,4.525,-3.733,5.866
4279,142.633,581.2,162.3,3.326,1.008,3.475
4280,142.667,581.21,161.4,1.98,5.926,6.248
4281,142.7,581.17,164.13,0.623,10.511,10.529
4282,142.733,580.88,165.39,-0.786,14.129,14.151
4283,142.767,580.66,164.58,-2.07,16.382,16.512
4284,142.8,580.8,166.75,-2.958,16.738,16.997
4285,142.833,581.0,167.28,-3.246,14.783,15.135
4286,142.867,580.97,165.53,-4.125,17.566,18.044
4287,142.9,580.81,162.74,-4.813,20.526,21.082
4288,142.933,581.11,164.47,-5.348,24.38,24.96
4289,142.967,581.42,164.91,-5.732,27.314,27.908
4290,143.0,578.84,176.03,-6.152,28.285,28.946
4291,143.033,578.82,173.84,-6.573,27.044,27.832
4292,143.067,578.92,175.31,-6.854,23.699,24.67
4293,143.1,578.75,175.31,-6.922,20.979,22.092
4294,143.133,578.6,175.12,-5.49,11.242,12.511
4295,143.167,578.52,175.03,-4.856,8.314,9.628
4296,143.2,578.47,175.17,-4.178,7.786,8.836
4297,143.233,578.68,175.54,-3.494,8.259,8.968
4298,143.267,578.79,175.52,-2.729,8.7,9.118
4299,143.3,578.77,175.41,-1.903,9.792,9.976
4300,143.333,578.65,174.93,-1.055,9.906,9.962
4301,143.367,578.37,174.43,-0.089,10.892,10.892
4302,143.4,578.19,174.05,0.96,13.75,13.783
4303,143.433,578.11,173.74,2.145,20.34,20.453
4304,143.467,578.05,172.4,2.841,27.103,27.252
4305,143.5,578.3,173.62,2.82,34.771,34.885
4306,143.533,578.58,176.56,3.578,36.866,37.039
4307,143.567,578.91,182.21,4.137,38.86,39.08
4308,143.6,578.87,183.8,4.332,37.447,37.696
4309,143.633,578.82,185.73,4.242,32.336,32.613
4310,143.667,578.79,187.34,3.905,25.056,25.359
4311,143.7,578.93,187.43,3.436,16.622,16.973
4312,143.733,579.16,185.71,2.755,6.406,6.973
4313,143.767,579.58,186.1,1.908,-3.732,4.192
4314,143.8,580.2,187.24,0.938,-12.473,12.508
4315,143.833,580.61,189.1,0.014,-18.903,18.903
4316,143.867,580.48,187.96,-0.824,-23.807,23.821
4317,143.9,580.24,186.59,-1.364,-27.037,27.071
4318,143.933,579.61,182.39,-1.613,-28.258,28.304
4319,143.967,579.36,180.78,-1.531,-27.168,27.212
4320,144.0,579.09,178.45,-1.108,-23.267,23.294
4321,144.033,578.85,175.99,-0.462,-16.266,16.272
4322,144.067,578.64,172.29,0.298,-6.831,6.838
4323,144.1,578.59,172.05,1.076,2.553,2.77
4324,144.133,578.74,175.2,1.955,12.781,12.93
4325,144.167,579.01,177.5,2.881,20.723,20.922
4326,144.2,579.17,179.21,3.89,25.901,26.192
4327,144.233,579.69,184.03,4.865,28.862,29.269
4328,144.267,580.02,186.49,5.534,28.479,29.011
4329,144.3,580.4,187.13,5.874,26.033,26.687
4330,144.333,580.61,185.62,5.847,21.803,22.574
4331,144.367,580.91,185.97,5.517,15.476,16.43
4332,144.4,581.04,186.66,5.075,8.507,9.906
4333,144.433,581.21,187.21,4.335,-0.423,4.355
4334,144.467,581.27,187.7,3.581,-8.449,9.177
4335,144.5,581.32,189.43,2.722,-16.124,16.352
4336,144.533,581.23,188.56,1.813,-23.771,23.84
4337,144.567,581.14,185.76,0.863,-31.225,31.237
4338,144.6,580.96,181.94,0.08,-35.42,35.42
4339,144.633,580.81,176.42,-0.631,-37.961,37.966
4340,144.667,580.78,174.99,-1.182,-38.552,38.57
4341,144.7,580.65,173.84,-1.647,-37.983,38.019
4342,144.733,580.58,172.41,-1.867,-34.916,34.966
4343,144.767,581.05,176.68,-1.952,-30.684,30.746
4344,144.8,581.43,178.16,-1.952,-24.688,24.765
4345,144.833,581.49,178.29,-2.18,-18.417,18.546
4346,144.867,581.22,177.12,-2.419,-9.985,10.274
4347,144.9,580.71,174.47,-2.811,-2.148,3.538
4348,144.933,580.59,174.76,-3.175,5.261,6.145
4349,144.967,580.39,172.92,-3.513,10.254,10.839
4350,145.0,580.18,170.44,-3.721,13.516,14.019
4351,145.033,580.01,170.42,-3.801,14.443,14.934
4352,145.067,580.03,172.87,-3.912,12.611,13.204
4353,145.1,579.84,173.37,-4.247,7.987,9.046
4354,145.133,579.92,176.84,-4.618,2.983,5.498
4355,145.167,579.8,177.44,-5.025,-0.022,5.026
4356,145.2,579.81,180.64,-5.348,-1.636,5.593
4357,145.233,579.64,181.85,-4.867,-0.742,4.924
4358,145.267,579.22,181.0,-3.381,2.183,4.025
4359,145.3,578.89,177.94,-1.359,3.611,3.858
4360,145.333,579.14,177.67,1.929,6.608,6.884
4361,145.367,579.16,174.43,4.303,4.269,6.061
4362,145.4,579.44,174.25,6.113,0.43,6.128
4363,145.433,579.55,172.31,7.682,-2.634,8.121
4364,145.467,579.6,174.0,9.069,-4.913,10.314
4365,145.5,579.46,173.96,10.382,-4.034,11.138
4366,145.533,579.19,172.32,11.342,-1.578,11.452
4367,145.567,579.37,172.95,11.827,-0.005,11.827
4368,145.6,580.24,176.89,11.847,0.208,11.849
4369,145.633,581.25,179.15,11.407,-0.86,11.44
4370,145.667,582.79,180.64,10.488,-2.788,10.852
4371,145.7,584.57,181.04,9.244,-3.613,9.925
4372,145.733,585.19,178.62,7.652,-5.978,9.71
4373,145.767,585.06,177.03,5.911,-8.319,10.205
4374,145.8,584.77,175.85,4.153,-11.807,12.516
4375,145.833,581.58,167.14,2.576,-15.88,16.087
4376,145.867,582.34,173.64,1.104,-20.35,20.38
4377,145.9,582.91,175.97,-0.223,-24.167,24.168
4378,145.933,583.24,176.65,-1.462,-27.574,27.613
4379,145.967,583.08,174.62,-2.651,-27.794,27.92
4380,146.0,582.5,168.25,-3.629,-24.778,25.042
4381,146.033,582.34,165.4,-4.083,-16.85,17.337
4382,146.067,582.45,166.7,-3.945,-6.38,7.501
4383,146.1,582.39,167.6,-3.338,3.904,5.136
4384,146.133,582.61,171.64,-2.567,11.008,11.304
4385,146.167,582.73,172.49,-1.67,14.329,14.426
4386,146.2,582.78,171.02,-1.092,13.514,13.558
4387,146.233,582.84,171.19,-1.235,10.72,10.791
4388,146.267,582.76,167.99,-1.542,10.575,10.687
4389,146.3,582.88,168.33,-1.779,12.913,13.035
4390,146.333,582.86,171.4,-2.363,11.472,11.712
4391,146.367,582.51,173.13,-1.262,17.54,17.586
4392,146.4,582.31,177.76,0.01,23.585,23.585
4393,146.433,582.0,182.62,1.151,29.785,29.807
4394,146.467,582.02,184.99,2.195,35.644,35.712
4395,146.5,581.98,182.93,3.287,41.151,41.282
4396,146.533,581.7,175.56,4.942,49.804,50.049
4397,146.567,581.78,172.36,6.58,61.461,61.812
4398,146.6,582.15,172.28,8.036,72.251,72.697
4399,146.633,582.78,174.8,9.215,82.271,82.785
4400,146.667,583.37,180.49,10.222,89.868,90.448
4401,146.7,584.14,189.45,11.042,94.321,94.965
4402,146.733,584.95,196.9,11.331,95.817,96.485
4403,146.767,585.08,197.8,11.048,92.898,93.553
4404,146.8,584.95,197.04,10.586,90.893,91.507
4405,146.833,585.76,210.95,9.654,88.638,89.163
4406,146.867,586.03,212.69,8.197,84.853,85.248
4407,146.9,585.99,214.12,6.568,80.952,81.218
4408,146.933,586.33,215.34,4.601,75.466,75.606
4409,146.967,586.5,216.54,2.133,65.561,65.595
4410,147.0,586.63,219.33,-0.754,52.453,52.458
4411,147.033,585.9,219.9,-3.715,38.793,38.971
4412,147.067,585.82,217.57,-6.296,30.623,31.264
4413,147.1,585.7,218.24,-8.563,25.808,27.192
4414,147.133,585.9,217.93,-10.354,24.703,26.785
4415,147.167,585.45,215.48,-11.647,25.618,28.142
4416,147.2,584.76,215.5,-12.375,27.015,29.715
4417,147.233,584.65,218.1,-12.672,26.571,29.438
4418,147.267,584.61,224.69,-12.647,25.52,28.481
4419,147.3,583.77,226.09,-12.053,27.235,29.783
4420,147.333,583.08,228.05,-10.76,35.263,36.868
4421,147.367,582.53,230.43,-9.27,39.915,40.978
4422,147.4,581.55,230.83,-7.533,44.05,44.69
4423,147.433,580.86,229.86,-5.429,48.267,48.571
4424,147.467,581.05,232.89,-3.037,52.59,52.677
4425,147.5,581.41,235.3,-0.356,56.586,56.587
4426,147.533,581.69,237.45,2.41,59.151,59.2
4427,147.567,581.86,234.65,5.364,58.905,59.149
4428,147.6,582.43,235.45,8.0,59.123,59.662
4429,147.633,582.85,235.08,10.116,57.741,58.62
4430,147.667,583.21,237.66,11.418,54.982,56.155
4431,147.7,583.51,241.95,12.221,53.873,55.241
4432,147.733,583.86,248.24,12.76,54.099,55.584
4433,147.767,584.19,252.58,12.719,54.705,56.164
4434,147.8,584.56,256.26,11.856,53.26,54.564
4435,147.833,584.99,254.49,10.309,50.186,51.234
4436,147.867,585.43,254.65,8.143,44.819,45.553
4437,147.9,586.04,257.18,5.436,38.258,38.642
4438,147.933,586.64,258.1,2.721,30.66,30.781
4439,147.967,586.73,258.05,0.224,24.877,24.878
4440,148.0,586.39,257.62,-2.081,18.521,18.638
4441,148.033,585.8,255.95,-4.08,13.072,13.694
4442,148.067,585.4,258.45,-5.667,9.13,10.746
4443,148.1,585.18,257.61,-6.808,9.514,11.699
4444,148.133,585.17,258.69,-7.621,12.466,14.611
4445,148.167,585.2,261.38,-7.849,18.294,19.907
4446,148.2,584.97,261.67,-7.509,23.284,24.465
4447,148.233,584.37,261.48,-6.742,28.732,29.512
4448,148.267,583.61,260.75,-5.611,32.048,32.535
4449,148.3,582.93,259.2,-4.101,34.823,35.063
4450,148.333,582.81,260.8,-2.125,37.134,37.195
4451,148.367,582.89,264.43,0.172,40.766,40.767
4452,148.4,583.23,266.13,2.436,44.227,44.294
4453,148.433,583.67,270.68,4.351,45.508,45.716
4454,148.467,584.26,272.61,5.845,45.679,46.052
4455,148.5,584.65,276.76,7.181,45.594,46.156
4456,148.533,584.87,278.47,8.633,45.255,46.071
4457,148.567,585.08,278.18,10.201,45.953,47.071
4458,148.6,585.56,276.53,11.73,46.093,47.562
4459,148.633,586.09,275.09,13.014,46.319,48.113
4460,148.667,586.2,274.25,13.762,45.147,47.198
4461,148.7,586.28,279.82,13.896,44.443,46.565
4462,148.733,586.69,281.76,13.484,46.566,48.479
4463,148.767,587.22,286.29,12.442,49.264,50.811
4464,148.8,587.73,287.91,10.96,51.587,52.739
4465,148.833,587.88,287.6,9.464,54.867,55.677
4466,148.867,587.95,287.63,8.047,58.031,58.586
4467,148.9,588.48,289.1,6.682,59.832,60.204
4468,148.933,589.3,292.41,5.226,61.158,61.381
4469,148.967,590.01,294.94,3.612,60.084,60.193
4470,149.0,590.3,296.66,1.897,58.623,58.653
4471,149.033,590.05,299.11,0.011,52.637,52.637
4472,149.067,589.73,301.03,-1.928,43.333,43.376
4473,149.1,589.32,302.06,-3.759,33.22,33.432
4474,149.133,588.86,305.11,-5.461,24.149,24.759
4475,149.167,588.54,310.97,-6.975,17.44,18.783
4476,149.2,588.02,311.06,-8.064,13.815,15.996
4477,149.233,587.37,305.78,-8.697,9.183,12.648
4478,149.267,587.34,303.61,-8.977,4.736,10.15
4479,149.3,587.64,304.05,-9.028,-2.788,9.448
4480,149.333,587.59,303.73,-8.624,-11.574,14.433
4481,149.367,587.14,303.25,-8.138,-18.685,20.381
4482,149.4,586.69,302.89,-7.386,-22.499,23.68
4483,149.433,586.36,302.05,-6.468,-22.578,23.487
4484,149.467,586.18,301.64,-5.695,-19.957,20.753
4485,149.5,585.72,298.05,-5.223,-14.566,15.474
4486,149.533,585.64,300.22,-5.132,-8.06,9.555
4487,149.567,585.73,303.04,-5.314,-1.971,5.668
4488,149.6,585.8,303.91,-5.755,2.928,6.457
4489,149.633,585.73,303.72,-6.294,8.018,10.193
4490,149.667,585.5,301.94,-6.89,12.108,13.931
4491,149.7,585.19,298.93,-7.483,12.668,14.713
4492,149.733,584.97,297.6,-7.923,11.546,14.003
4493,149.767,584.7,296.67,-8.007,11.692,14.171
4494,149.8,584.5,300.78,-7.959,12.347,14.69
4495,149.833,583.55,305.87,-8.042,12.292,14.689
4496,149.867,583.62,309.2,-8.165,11.514,14.116
4497,149.9,583.56,310.47,-8.071,10.266,13.059
4498,149.933,583.19,309.55,-7.725,8.407,11.417
4499,149.967,582.8,307.44,-7.122,6.343,9.537
4500,150.0,582.33,303.46,-6.327,4.258,7.626
4501,150.033,582.04,301.92,-5.204,4.036,6.585
4502,150.067,581.95,302.12,-3.887,3.749,5.401
4503,150.1,582.01,304.52,-2.544,2.222,3.378
4504,150.133,581.98,305.11,-1.224,-0.1,1.228
4505,150.167,582.08,305.36,0.065,-2.676,2.676
4506,150.2,582.12,305.68,1.304,-4.777,4.952
4507,150.233,582.19,305.75,2.483,-5.111,5.682
4508,150.267,582.26,305.55,3.486,-3.858,5.2
4509,150.3,582.31,305.17,4.263,-0.591,4.304
4510,150.333,582.5,304.81,4.756,2.455,5.352
4511,150.367,582.74,305.0,5.335,3.505,6.384
4512,150.4,582.88,304.94,5.524,2.698,6.148
4513,150.433,583.09,305.25,5.356,0.198,5.359
4514,150.467,583.26,305.59,4.983,-3.173,5.907
4515,150.5,583.44,305.52,4.487,-6.481,7.883
4516,150.533,583.67,305.86,4.004,-8.01,8.955
4517,150.567,583.83,305.02,3.015,-3.871,4.907
4518,150.6,584.04,304.7,2.874,-5.151,5.898
4519,150.633,584.14,304.4,2.645,-6.433,6.956
4520,150.667,584.14,303.66,2.341,-7.184,7.555
4521,150.7,584.15,303.37,1.384,-3.487,3.752
4522,150.733,584.09,303.01,0.668,-2.009,2.117
4523,150.767,584.05,302.94,0.195,-2.363,2.371
4524,150.8,584.04,302.89,0.835,-8.304,8.345
4525,150.833,583.96,302.33,1.332,-12.667,12.737
4526,150.867,583.93,302.67,1.617,-15.357,15.441
4527,150.9,584.01,302.54,1.689,-16.872,16.956
4528,150.933,584.05,302.81,0.804,-12.964,12.989
4529,150.967,584.1,303.34,0.421,-10.3,10.309
4530,151.0,584.12,303.79,0.281,-8.852,8.856
4531,151.033,584.13,304.06,1.032,-12.518,12.56
4532,151.067,585.59,292.43,1.586,-14.421,14.508
4533,151.1,584.04,303.3,2.044,-14.082,14.229
4534,151.133,583.95,303.01,2.324,-12.094,12.315
4535,151.167,583.98,302.46,1.539,-4.995,5.227
4536,151.2,585.55,290.89,1.986,-3.616,4.125
4537,151.233,585.72,290.88,2.154,-1.865,2.849
4538,151.267,585.87,291.1,2.048,-0.171,2.055
4539,151.3,583.64,303.22,1.683,1.07,1.994
4540,151.333,583.59,303.7,1.133,2.004,2.302
4541,151.367,583.66,303.96,0.505,2.849,2.893
4542,151.4,583.77,304.6,-0.158,3.221,3.225
4543,151.433,586.22,293.61,-0.875,3.376,3.488
4544,151.467,585.97,293.69,-1.542,3.076,3.441
4545,151.5,586.15,293.95,-2.099,2.076,2.952
4546,151.533,584.43,306.02,-2.514,0.048,2.514
4547,151.567,584.46,305.51,-3.588,1.182,3.777
4548,151.6,584.25,304.02,-4.772,5.712,7.443
4549,151.633,584.04,302.07,-4.79,3.455,5.906
4550,151.667,586.27,288.84,-4.184,-1.373,4.403
4551,151.7,583.59,298.53,-3.041,-8.134,8.683
4552,151.733,583.41,297.5,-2.411,-10.49,10.764
4553,151.767,583.36,297.23,-1.886,-11.284,11.44
4554,151.8,583.42,297.6,-1.722,-11.43,11.559
4555,151.833,583.44,297.74,-0.431,-16.335,16.34
4556,151.867,583.47,298.12,1.084,-22.569,22.595
4557,151.9,583.51,298.51,2.891,-28.918,29.062
4558,151.933,583.64,298.76,5.052,-34.706,35.072
4559,151.967,583.71,298.93,6.203,-32.349,32.938
4560,152.0,583.72,298.87,7.037,-27.547,28.432
4561,152.033,583.75,298.97,7.199,-20.397,21.631
4562,152.067,586.14,286.97,7.518,-19.468,20.869
4563,152.1,586.01,286.63,7.479,-19.295,20.694
4564,152.133,585.99,286.37,7.061,-20.844,22.008
4565,152.167,585.93,286.3,6.649,-21.303,22.316
4566,152.2,585.83,285.62,4.858,-13.307,14.166
4567,152.233,585.88,286.41,4.08,-7.055,8.15
4568,152.267,585.87,285.82,4.036,-4.291,5.891
4569,152.3,586.21,288.78,3.56,1.391,3.822
4570,152.333,586.21,289.99,1.934,12.732,12.878
4571,152.367,586.54,293.68,0.462,23.162,23.167
4572,152.4,586.65,295.79,-0.101,27.972,27.972
4573,152.433,586.47,295.57,-0.68,34.417,34.424
4574,152.467,585.91,292.07,-1.316,40.489,40.51
4575,152.5,585.66,291.32,-1.881,44.608,44.648
4576,152.533,585.48,290.42,-2.375,45.322,45.384
4577,152.567,585.76,293.21,-2.786,40.671,40.766
4578,152.6,585.87,294.45,-4.293,37.055,37.303
4579,152.633,586.44,299.8,-5.707,31.913,32.419
4580,152.667,586.42,300.86,-7.055,25.724,26.674
4581,152.7,586.24,300.71,-8.322,18.361,20.158
4582,152.733,585.8,298.97,-9.401,10.641,14.199
4583,152.767,583.57,311.18,-10.203,2.74,10.565
4584,152.8,583.35,311.02,-10.529,-3.887,11.223
4585,152.833,585.28,300.1,-10.708,-10.628,15.087
4586,152.867,585.14,299.17,-10.596,-15.683,18.927
4587,152.9,583.03,309.35,-10.343,-19.822,22.358
4588,152.933,582.49,304.08,-9.874,-22.892,24.93
4589,152.967,582.05,299.42,-9.193,-24.548,26.213
4590,153.0,581.55,295.13,-8.171,-22.887,24.302
4591,153.033,581.35,291.84,-7.019,-18.735,20.006
4592,153.067,581.53,291.5,-5.616,-11.825,13.091
4593,153.1,581.69,293.42,-4.544,0.315,4.555
4594,153.133,581.53,293.4,-2.992,11.556,11.937
4595,153.167,581.47,293.33,-1.444,18.972,19.027
4596,153.2,581.64,294.72,0.214,24.938,24.938
4597,153.233,581.92,297.05,1.808,30.715,30.768
4598,153.267,582.06,299.55,3.23,37.827,37.965
4599,153.3,581.89,302.28,5.373,36.75,37.141
4600,153.333,582.02,305.8,7.269,30.582,31.434
4601,153.367,582.14,307.69,7.435,24.549,25.651
4602,153.4,582.16,307.82,6.59,16.473,17.742
4603,153.433,581.99,307.24,5.852,0.419,5.867
4604,153.467,581.97,307.22,5.827,-19.749,20.591
4605,153.5,582.16,307.07,5.23,-35.277,35.662
4606,153.533,582.77,306.91,4.373,-45.361,45.571
4607,153.567,583.27,306.92,3.174,-51.461,51.559
4608,153.6,584.8,294.98,1.468,-55.086,55.106
4609,153.633,584.72,294.21,-0.666,-58.035,58.039
4610,153.667,584.56,294.83,-2.813,-58.534,58.601
4611,153.7,584.02,293.68,-4.856,-56.334,56.543
4612,153.733,583.35,290.4,-6.729,-51.939,52.373
4613,153.767,582.64,284.58,-8.519,-46.035,46.817
4614,153.8,581.95,280.85,-10.142,-38.632,39.941
4615,153.833,581.58,279.26,-11.508,-31.558,33.591
4616,153.867,581.65,281.04,-13.593,-20.459,24.563
4617,153.9,581.74,282.3,-14.868,-12.284,19.286
4618,153.933,581.95,284.27,-15.285,-6.306,16.534
4619,153.967,579.41,295.77,-14.815,-2.7,15.059
4620,154.0,579.2,292.43,-13.383,-1.329,13.449
4621,154.033,578.75,287.07,-11.252,-2.805,11.596
4622,154.067,578.5,284.28,-8.885,-8.455,12.265
4623,154.1,578.52,282.65,-6.023,-18.503,19.459
4624,154.133,578.68,283.11,-3.569,-23.875,24.14
4625,154.167,578.6,282.35,-1.458,-29.606,29.642
4626,154.2,578.46,281.9,0.118,-35.709,35.709
4627,154.233,578.1,281.54,1.318,-41.358,41.379
4628,154.267,577.8,281.51,2.254,-44.94,44.997
4629,154.3,577.47,280.45,2.847,-45.965,46.053
4630,154.333,577.42,282.18,3.25,-44.782,44.9
4631,154.367,579.99,269.73,3.828,-40.379,40.56
4632,154.4,580.01,269.11,4.05,-34.342,34.58
4633,154.433,579.96,268.0,3.561,-28.471,28.693
4634,154.467,580.05,267.81,2.284,-22.285,22.402
4635,154.5,579.82,266.47,1.785,-22.098,22.17
4636,154.533,579.79,265.89,1.254,-22.401,22.436
4637,154.567,580.12,268.22,0.852,-21.362,21.379
4638,154.6,579.51,271.58,1.579,-23.638,23.69
4639,154.633,578.74,270.45,1.674,-22.856,22.917
4640,154.667,578.58,271.47,1.16,-20.587,20.62
4641,154.7,578.69,270.78,0.198,-16.873,16.874
4642,154.733,578.79,269.13,-1.011,-12.378,12.42
4643,154.767,578.86,265.62,-2.199,-7.616,7.927
4644,154.8,579.37,264.83,-3.115,-2.927,4.274
4645,154.833,579.89,265.48,-3.627,-0.076,3.628
4646,154.867,579.34,263.49,-3.581,0.047,3.582
4647,154.9,579.14,261.04,-4.454,3.611,5.734
4648,154.933,579.44,262.6,-5.232,7.281,8.966
4649,154.967,579.56,262.41,-5.942,12.114,13.493
4650,155.0,579.53,262.44,-6.631,17.999,19.182
4651,155.033,579.43,263.0,-7.081,25.737,26.693
4652,155.067,579.31,263.3,-7.247,35.476,36.209
4653,155.1,576.3,275.15,-7.623,42.496,43.174
4654,155.133,576.23,275.31,-7.655,45.903,46.537
4655,155.167,576.17,275.62,-7.3,45.131,45.717
4656,155.2,576.24,275.94,-6.544,42.203,42.708
4657,155.233,576.28,276.26,-5.666,37.211,37.64
4658,155.267,576.41,276.28,-4.585,32.035,32.362
4659,155.3,576.37,274.86,-3.192,28.891,29.067
4660,155.333,576.57,277.16,-1.739,27.345,27.401
4661,155.367,576.59,277.37,-0.628,25.045,25.053
4662,155.4,576.7,280.87,0.534,22.658,22.664
4663,155.433,576.65,283.21,1.429,21.016,21.064
4664,155.467,576.77,284.02,1.808,18.04,18.131
4665,155.5,576.86,283.58,1.597,13.88,13.972
4666,155.533,576.82,281.59,0.993,11.009,11.053
4667,155.567,576.42,276.84,-0.087,8.437,8.437
4668,155.6,576.49,277.53,-1.561,7.98,8.132
4669,155.633,576.33,277.68,-1.629,4.635,4.913
4670,155.667,576.59,284.22,-1.438,1.976,2.444
4671,155.7,576.47,285.7,-1.133,-0.598,1.281
4672,155.733,576.73,288.82,-0.69,-2.777,2.862
4673,155.767,576.84,289.54,-0.321,-4.221,4.233
4674,155.8,576.64,287.67,0.11,-3.228,3.23
4675,155.833,576.12,283.16,0.425,-1.088,1.168
4676,155.867,575.9,280.59,0.637,0.765,0.995
4677,155.9,575.73,279.12,1.041,4.597,4.714
4678,155.933,576.01,277.69,1.646,7.676,7.85
4679,155.967,576.32,277.76,2.663,8.163,8.586
4680,156.0,576.91,281.06,4.11,7.552,8.598
4681,156.033,577.2,280.99,5.66,4.102,6.99
4682,156.067,577.66,284.33,7.459,1.12,7.543
4683,156.1,577.88,286.28,9.407,0.69,9.432
4684,156.133,577.72,285.06,11.128,-0.159,11.129
4685,156.167,577.65,284.82,12.72,0.314,12.724
4686,156.2,577.9,285.94,13.924,-1.161,13.972
4687,156.233,577.97,286.86,14.81,-4.046,15.353
4688,156.267,578.6,287.29,15.186,-9.452,17.887
4689,156.3,578.97,283.65,15.093,-16.989,22.725
4690,156.333,580.06,284.04,14.601,-24.148,28.219
4691,156.367,581.22,284.12,13.934,-26.596,30.025
4692,156.4,582.11,280.43,13.017,-26.85,29.839
4693,156.433,582.93,277.08,12.055,-24.26,27.09
4694,156.467,583.37,277.03,10.933,-19.313,22.193
4695,156.5,583.28,274.42,9.731,-11.965,15.423
4696,156.533,583.51,277.16,8.343,-5.722,10.117
4697,156.567,583.16,275.97,6.988,-0.343,6.996
4698,156.6,583.1,274.94,5.416,1.816,5.712
4699,156.633,583.24,276.93,3.677,2.437,4.411
4700,156.667,583.29,276.97,2.122,1.951,2.882
4701,156.7,583.29,276.32,0.833,1.381,1.612
4702,156.733,583.38,278.16,-0.255,1.101,1.13
4703,156.767,583.39,280.46,-0.878,2.421,2.576
4704,156.8,583.26,284.4,-1.193,3.91,4.088
4705,156.833,583.26,286.57,-0.979,7.254,7.32
4706,156.867,583.31,282.5,-0.681,8.104,8.132
4707,156.9,583.57,282.01,-0.458,6.705,6.721
4708,156.933,583.7,279.2,-0.3,3.639,3.652
4709,156.967,583.83,277.19,-0.333,-1.123,1.171
4710,157.0,583.84,272.95,-0.508,-7.257,7.275
4711,157.033,583.73,271.35,-0.614,-12.002,12.018
4712,157.067,583.31,272.42,-0.835,-16.775,16.796
4713,157.1,583.15,275.92,-0.928,-18.994,19.017
4714,157.133,583.16,277.19,-0.985,-19.265,19.29
4715,157.167,583.04,281.67,-1.068,-17.355,17.387
4716,157.2,583.01,284.69,-1.151,-13.658,13.706
4717,157.233,583.12,285.41,-1.159,-8.001,8.085
4718,157.267,583.17,281.15,-1.15,-1.946,2.26
4719,157.3,583.2,277.12,-1.262,3.675,3.885
4720,157.333,583.12,271.52,-1.249,7.123,7.232
4721,157.367,583.18,270.16,-1.094,8.178,8.25
4722,157.4,583.24,267.75,-0.784,9.54,9.572
4723,157.433,583.22,268.82,-0.488,9.736,9.748
4724,157.467,583.17,273.28,-0.175,9.924,9.925
4725,157.5,583.1,277.06,0.111,9.797,9.798
4726,157.533,583.01,280.13,0.413,12.32,12.327
4727,157.567,582.91,281.98,0.859,16.742,16.764
4728,157.6,582.92,282.18,1.518,21.837,21.89
4729,157.633,582.99,284.39,2.156,25.966,26.055
4730,157.667,583.04,282.67,2.708,29.47,29.595
4731,157.7,583.11,282.4,3.289,29.947,30.127
4732,157.733,583.11,282.28,3.962,26.757,27.048
4733,157.767,583.12,282.48,4.56,20.082,20.593
4734,157.8,583.59,282.68,5.065,13.452,14.374
4735,157.833,583.87,282.89,5.445,6.626,8.576
4736,157.867,584.09,283.02,5.637,2.707,6.253
4737,157.9,584.25,283.33,5.404,1.164,5.528
4738,157.933,584.47,283.71,4.599,3.072,5.531
4739,157.967,584.65,284.41,3.175,6.753,7.462
4740,158.0,584.81,286.3,1.097,9.536,9.599
4741,158.033,584.86,285.72,-1.564,10.276,10.394
4742,158.067,584.57,285.29,-4.461,7.916,9.086
4743,158.1,584.32,284.89,-7.262,2.105,7.561
4744,158.133,584.34,284.31,-10.071,-5.244,11.354
4745,158.167,584.3,283.86,-12.774,-14.843,19.583
4746,158.2,584.09,283.56,-15.19,-24.329,28.681
4747,158.233,583.53,283.86,-17.216,-33.592,37.746
4748,158.267,582.88,284.91,-18.668,-41.978,45.942
4749,158.3,582.03,283.77,-19.904,-49.107,52.987
4750,158.333,580.91,284.7,-20.388,-54.609,58.29
4751,158.367,579.73,283.07,-20.015,-58.487,61.817
4752,158.4,578.67,279.45,-18.921,-60.591,63.476
4753,158.433,577.8,274.68,-17.446,-60.902,63.352
4754,158.467,577.2,269.59,-15.868,-59.551,61.629
4755,158.5,576.97,264.99,-14.681,-51.853,53.891
4756,158.533,577.09,261.51,-12.819,-46.357,48.097
4757,158.567,576.98,260.05,-10.476,-41.929,43.218
4758,158.6,576.49,261.07,-7.687,-38.163,38.929
4759,158.633,576.42,261.02,-4.426,-38.426,38.68
4760,158.667,576.43,261.28,-0.894,-37.058,37.069
4761,158.7,576.39,261.68,1.723,-33.793,33.837
4762,158.733,576.37,262.17,3.132,-24.154,24.356
4763,158.767,576.3,262.36,4.253,-15.567,16.137
4764,158.8,577.47,262.24,5.113,-9.184,10.512
4765,158.833,577.32,261.79,5.692,-4.382,7.183
4766,158.867,576.84,261.67,6.139,-2.377,6.583
4767,158.9,576.35,261.69,6.47,-2.445,6.916
4768,158.933,576.45,261.7,6.697,-5.383,8.593
4769,158.967,577.09,262.01,6.909,-9.057,11.391
4770,159.0,579.23,248.79,7.061,-12.538,14.39
4771,159.033,579.24,249.04,7.071,-15.097,16.671
4772,159.067,579.26,249.88,6.717,-16.41,17.732
4773,159.1,579.29,250.76,6.046,-16.787,17.842
4774,159.133,578.72,261.89,5.376,-16.986,17.816
4775,159.167,577.44,264.15,4.77,-16.635,17.306
4776,159.2,578.14,265.69,4.109,-15.855,16.379
4777,159.233,579.82,253.98,3.32,-14.995,15.359
4778,159.267,579.98,253.33,2.438,-14.445,14.649
4779,159.3,579.87,253.04,1.521,-18.163,18.227
4780,159.333,579.77,252.53,-1.068,-19.379,19.408
4781,159.367,579.54,251.04,-2.933,-18.651,18.88
4782,159.4,579.45,248.72,-3.663,-16.662,17.06
4783,159.433,579.47,250.23,-3.02,-14.083,14.403
4784,159.467,579.37,249.97,-1.405,-11.605,11.69
4785,159.5,579.32,249.85,0.565,-10.14,10.156
4786,159.533,579.2,249.81,1.92,-2.404,3.077
4787,159.567,579.18,250.02,3.344,6.718,7.504
4788,159.6,579.31,250.44,4.857,17.087,17.764
4789,159.633,579.37,250.33,6.422,28.484,29.199
4790,159.667,579.01,250.31,10.142,38.667,39.975
4791,159.7,578.82,250.14,13.64,43.188,45.291
4792,159.733,578.96,250.34,16.21,41.672,44.714
4793,159.767,579.28,251.09,17.322,41.449,44.923
4794,159.8,579.94,263.04,17.446,38.593,42.353
4795,159.833,583.69,262.85,16.795,33.826,37.766
4796,159.867,584.39,262.89,13.617,21.816,25.716
4797,159.9,584.67,262.79,12.751,15.352,19.957
4798,159.933,584.5,262.58,11.158,9.087,14.39
4799,159.967,584.49,262.41,8.941,2.084,9.181
4800,160.0,585.06,262.44,6.443,-3.83,7.495
4801,160.033,585.54,263.09,3.786,-9.381,10.116
4802,160.067,586.1,263.82,1.185,-14.732,14.78
4803,160.1,586.48,264.01,-1.274,-19.632,19.673
4804,160.133,586.72,264.06,-3.661,-25.215,25.48
4805,160.167,581.83,252.28,-5.872,-29.8,30.373
4806,160.2,581.99,251.98,-7.514,-30.933,31.832
4807,160.233,582.12,251.71,-8.361,-27.051,28.313
4808,160.267,582.01,251.45,-8.34,-17.563,19.442
4809,160.3,582.06,251.84,-7.486,-3.803,8.396
4810,160.333,582.06,250.94,-5.921,5.207,7.885
4811,160.367,587.12,265.5,-5.543,11.742,12.984
4812,160.4,582.14,255.66,-5.242,16.05,16.885
4813,160.433,582.4,256.87,-4.845,18.315,18.945
4814,160.467,582.69,257.35,-4.139,20.057,20.479
4815,160.5,582.67,255.56,-3.158,21.676,21.905
4816,160.533,582.57,255.31,-2.292,23.247,23.36
4817,160.567,582.31,256.19,-1.673,24.155,24.212
4818,160.6,581.94,257.41,-1.631,22.487,22.546
4819,160.633,581.74,262.83,-2.41,16.084,16.263
4820,160.667,581.65,268.0,-4.159,5.476,6.876
4821,160.7,581.59,269.47,-4.009,-2.096,4.524
4822,160.733,581.41,267.51,-3.831,-10.45,11.13
4823,160.767,581.12,262.07,-5.065,-21.042,21.643
4824,160.8,581.03,256.3,-3.512,-21.303,21.591
4825,160.833,581.09,253.64,-1.857,-18.551,18.644
4826,160.867,581.41,255.41,-0.068,-12.694,12.695
4827,160.9,581.57,257.47,-1.191,-13.158,13.211
4828,160.933,581.59,260.37,-0.585,-8.98,8.999
4829,160.967,581.56,260.68,-0.182,-4.821,4.825
4830,161.0,581.41,259.51,-0.025,-1.121,1.121
4831,161.033,581.21,256.64,0.106,4.97,4.971
4832,161.067,580.89,252.26,0.226,11.867,11.87
4833,161.1,580.63,249.78,-1.088,13.329,13.373
4834,161.133,580.56,252.27,-2.135,14.583,14.738
4835,161.167,580.5,254.96,-2.506,14.192,14.412
4836,161.2,580.53,258.73,-2.095,11.505,11.694
4837,161.233,580.75,264.73,-0.935,7.699,7.755
4838,161.267,585.13,278.78,0.945,4.673,4.768
4839,161.3,580.76,266.11,4.566,8.39,9.552
4840,161.333,580.77,264.18,7.393,14.654,16.413
4841,161.367,580.83,262.87,9.466,21.415,23.414
4842,161.4,580.93,262.06,10.73,27.394,29.421
4843,161.433,581.12,260.51,11.307,32.043,33.979
4844,161.467,581.35,259.32,11.35,33.915,35.764
4845,161.5,581.55,259.37,10.833,33.276,34.994
4846,161.533,581.42,255.41,9.814,30.256,31.808
4847,161.567,581.18,252.82,8.359,25.613,26.942
4848,161.6,584.94,265.38,6.717,22.2,23.194
4849,161.633,586.37,270.66,4.981,19.123,19.761
4850,161.667,587.0,274.79,3.13,14.377,14.714
4851,161.7,587.1,278.44,-0.537,4.824,4.854
4852,161.733,586.79,281.26,-1.011,1.118,1.507
4853,161.767,586.08,282.33,-1.477,-4.7,4.926
4854,161.8,581.99,271.81,-4.38,-18.306,18.823
4855,161.833,582.17,268.99,-5.671,-27.142,27.728
4856,161.867,582.33,268.64,-6.911,-34.548,35.232
4857,161.9,582.42,266.43,-7.991,-40.462,41.243
4858,161.933,582.38,263.17,-10.564,-50.953,52.037
4859,161.967,582.1,259.71,-9.675,-52.628,53.51
4860,162.0,581.91,256.47,-8.355,-52.409,53.071
4861,162.033,581.8,254.13,-6.6,-50.179,50.612
4862,162.067,581.81,253.36,-4.159,-43.077,43.278
4863,162.1,581.7,250.62,-0.952,-30.535,30.55
4864,162.133,581.63,251.04,0.841,-20.32,20.338
4865,162.167,581.76,253.64,1.79,-10.751,10.899
4866,162.2,587.01,267.1,-0.135,-7.435,7.436
4867,162.233,581.6,257.19,-1.192,-4.705,4.854
4868,162.267,581.4,257.67,0.46,0.235,0.517
4869,162.3,581.09,257.19,1.142,0.636,1.307
4870,162.333,580.99,255.87,2.881,2.973,4.14
4871,162.367,581.19,253.89,4.075,5.048,6.487
4872,162.4,581.52,251.46,4.787,5.749,7.48
4873,162.433,586.89,265.38,5.155,5.916,7.847
4874,162.467,581.71,253.06,3.128,1.432,3.44
4875,162.5,581.57,253.17,2.379,-1.275,2.699
4876,162.533,581.57,253.02,4.434,2.217,4.958
4877,162.567,581.59,252.76,5.774,4.203,7.142
4878,162.6,582.02,252.83,6.52,5.395,8.463
4879,162.633,582.55,252.73,6.974,8.499,10.994
4880,162.667,583.01,252.07,7.213,11.232,13.349
4881,162.7,589.37,264.67,7.161,13.573,15.346
4882,162.733,588.92,265.93,1.766,5.018,5.32
4883,162.767,582.52,256.39,-0.528,2.773,2.823
4884,162.8,582.43,257.88,0.061,6.621,6.622
4885,162.833,582.47,258.48,0.448,8.805,8.816
4886,162.867,582.68,258.12,0.841,11.69,11.721
4887,162.9,582.84,256.95,1.221,13.842,13.896
4888,162.933,582.75,254.7,1.486,15.086,15.159
4889,162.967,588.49,264.67,-1.484,8.406,8.536
4890,163.0,587.78,264.46,-2.648,5.732,6.314
4891,163.033,581.97,252.59,-3.358,2.328,4.086
4892,163.067,582.21,255.16,-3.543,-1.475,3.837
4893,163.1,582.41,256.9,-3.153,-3.639,4.815
4894,163.133,582.35,256.51,-2.299,-2.219,3.195
4895,163.167,582.3,259.45,-1.252,0.205,1.268
4896,163.2,582.41,260.92,0.398,6.147,6.16
4897,163.233,588.16,272.47,-1.01,8.174,8.236
4898,163.267,587.77,271.49,-3.472,8.085,8.799
4899,163.3,582.33,258.24,-3.572,10.884,11.456
4900,163.333,582.44,258.77,-3.411,11.936,12.414
4901,163.367,582.29,254.86,-2.665,12.478,12.759
4902,163.4,582.11,254.91,-1.409,13.089,13.165
4903,163.433,582.17,258.41,0.211,12.749,12.75
4904,163.467,582.64,258.69,2.251,13.519,13.705
4905,163.5,583.23,259.84,1.324,8.97,9.067
4906,163.533,583.28,262.77,-0.314,3.037,3.053
4907,163.567,583.28,267.25,0.304,1.552,1.582
4908,163.6,583.37,269.13,0.963,-1.223,1.557
4909,163.633,583.41,266.16,1.775,-5.342,5.629
4910,163.667,584.0,268.63,2.985,-7.053,7.659
4911,163.7,583.71,266.75,4.534,-8.12,9.3
4912,163.733,583.25,262.67,6.258,-8.497,10.553
4913,163.767,583.45,260.72,4.801,-13.057,13.912
4914,163.8,584.02,260.3,2.409,-16.256,16.433
4915,163.833,584.59,260.98,2.029,-13.907,14.054
4916,163.867,584.48,259.51,1.621,-12.22,12.327
4917,163.9,584.22,257.13,1.326,-9.006,9.104
4918,163.933,584.18,258.35,1.342,-3.759,3.991
4919,163.967,584.29,258.09,1.611,0.544,1.7
4920,164.0,584.19,257.54,1.82,4.685,5.026
4921,164.033,584.11,256.04,1.738,11.284,11.417
4922,164.067,584.26,257.21,1.615,20.243,20.308
4923,164.1,584.51,260.24,1.484,28.68,28.718
4924,164.133,584.59,265.85,1.218,34.437,34.459
4925,164.167,584.39,267.23,0.924,40.159,40.17
4926,164.2,584.33,268.99,0.157,40.61,40.61
4927,164.233,584.57,271.75,-0.541,37.684,37.688
4928,164.267,584.81,270.98,-0.946,32.698,32.712
4929,164.3,584.8,265.37,-1.165,26.942,26.967
4930,164.333,584.77,264.19,-1.257,20.436,20.474
4931,164.367,584.82,265.46,-1.251,13.014,13.074
4932,164.4,584.9,268.67,-0.895,4.389,4.48
4933,164.433,584.72,268.88,0.05,-2.556,2.557
4934,164.467,584.43,271.92,1.31,-11.952,12.024
4935,164.5,584.27,277.54,2.701,-22.217,22.381
4936,164.533,584.27,277.13,4.035,-32.356,32.606
4937,164.567,584.19,272.09,5.249,-40.257,40.598
4938,164.6,584.12,266.47,6.381,-45.616,46.06
4939,164.633,584.33,263.96,7.388,-48.295,48.857
4940,164.667,584.51,258.98,8.217,-49.377,50.056
4941,164.7,585.17,258.54,8.954,-46.902,47.749
4942,164.733,585.78,258.43,9.515,-42.775,43.821
4943,164.767,586.61,259.98,9.832,-38.551,39.785
4944,164.8,587.38,258.86,9.801,-33.142,34.561
4945,164.833,587.92,256.66,9.42,-23.839,25.633
4946,164.867,588.23,253.15,8.752,-12.16,14.983
4947,164.9,588.44,252.75,7.76,0.451,7.773
4948,164.933,588.11,248.33,6.454,12.243,13.84
4949,164.967,587.89,250.37,4.97,23.805,24.318
4950,165.0,587.6,253.07,3.469,32.907,33.089
4951,165.033,587.78,257.19,1.993,36.814,36.868
4952,165.067,588.18,261.45,0.472,37.26,37.263
4953,165.1,588.27,265.25,-1.005,36.483,36.497
4954,165.133,588.14,267.77,-4.664,31.415,31.76
4955,165.167,588.08,268.45,-6.663,27.306,28.107
4956,165.2,588.06,266.63,-6.998,25.611,26.55
4957,165.233,588.12,266.48,-6.079,23.894,24.655
4958,165.267,587.93,266.7,-4.056,22.849,23.206
4959,165.3,587.75,266.75,-1.325,21.559,21.6
4960,165.333,587.74,266.68,1.766,20.688,20.764
4961,165.367,587.63,266.5,5.053,20.397,21.014
4962,165.4,587.53,266.38,8.398,21.113,22.722
4963,165.433,587.35,266.31,11.47,21.741,24.581
4964,165.467,587.21,266.46,13.981,22.647,26.615
4965,165.5,587.02,266.94,15.892,21.738,26.928
4966,165.533,586.85,267.47,17.567,20.509,27.004
4967,165.567,586.91,267.64,18.907,18.6,26.522
4968,165.6,587.26,267.53,19.667,15.619,25.115
4969,165.633,594.37,278.49,20.047,11.447,23.085
4970,165.667,594.83,278.61,20.402,6.216,21.328
4971,165.7,595.07,278.71,20.093,0.623,20.102
4972,165.733,595.28,280.13,18.607,-5.579,19.425
4973,165.767,595.25,279.12,15.889,-11.857,19.826
4974,165.8,595.11,276.32,12.3,-17.988,21.791
4975,165.833,594.95,272.56,8.183,-23.618,24.995
4976,165.867,594.56,268.4,3.658,-28.528,28.762
4977,165.9,593.92,264.76,-1.006,-32.318,32.334
4978,165.933,593.4,260.62,-5.536,-34.765,35.203
4979,165.967,593.82,262.01,-9.625,-35.116,36.411
4980,166.0,594.49,265.06,-13.055,-34.333,36.731
4981,166.033,594.63,265.85,-15.529,-32.845,36.331
4982,166.067,594.4,265.96,-16.698,-30.294,34.591
4983,166.1,594.12,265.78,-16.288,-25.776,30.491
4984,166.133,593.26,264.85,-14.086,-18.308,23.1
4985,166.167,591.21,263.36,-13.967,-13.722,19.58
4986,166.2,589.87,261.03,-13.626,-7.788,15.695
4987,166.233,589.53,262.39,-13.05,-0.942,13.084
4988,166.267,589.56,262.51,-12.311,5.275,13.394
4989,166.3,589.58,262.43,-11.348,11.417,16.097
4990,166.333,589.38,262.25,-10.122,17.654,20.35
4991,166.367,589.21,262.28,-8.732,23.962,25.504
4992,166.4,589.06,262.22,-7.118,30.083,30.913
4993,166.433,588.84,262.28,-5.072,35.552,35.912
4994,166.467,588.6,261.01,-2.583,40.75,40.832
4995,166.5,588.5,262.07,-0.385,42.628,42.63
4996,166.533,588.57,265.05,1.114,41.024,41.039
4997,166.567,588.71,268.9,1.907,36.879,36.928
4998,166.6,588.84,272.86,2.096,30.921,30.992
4999,166.633,588.84,276.43,1.613,23.393,23.448
5000,166.667,588.88,279.02,0.71,14.038,14.056
5001,166.7,588.95,279.83,0.245,3.005,3.015
5002,166.733,589.04,279.69,0.107,-7.097,7.098
5003,166.767,589.13,278.78,-0.217,-16.698,16.699
5004,166.8,589.17,276.14,-0.869,-24.364,24.38
5005,166.833,589.07,272.6,-1.576,-29.469,29.511
5006,166.867,589.02,268.63,-2.088,-31.572,31.641
5007,166.9,588.97,265.17,-2.595,-31.413,31.52
5008,166.933,588.7,262.66,-3.106,-30.233,30.392
5009,166.967,588.24,261.51,-3.47,-28.814,29.022
5010,167.0,588.1,262.93,-3.617,-25.015,25.275
5011,167.033,588.07,263.09,-3.791,-18.868,19.246
5012,167.067,588.14,263.19,-4.411,-12.347,13.111
5013,167.1,588.07,262.51,-4.776,-7.225,8.661
5014,167.133,587.97,261.74,-2.573,1.397,2.928
5015,167.167,587.83,263.24,-0.948,7.276,7.337
5016,167.2,587.44,267.53,0.13,9.253,9.254
5017,167.233,587.17,270.25,0.765,8.997,9.029
5018,167.267,587.44,271.68,0.955,7.57,7.63
5019,167.3,587.9,271.33,0.771,5.141,5.198
5020,167.333,587.9,269.42,-0.542,-3.156,3.202
5021,167.367,587.52,265.66,-1.487,-10.392,10.498
5022,167.4,587.49,262.07,-2.115,-14.503,14.657
5023,167.433,587.57,260.97,-2.654,-16.466,16.679
5024,167.467,587.5,262.61,-3.399,-19.011,19.312
5025,167.5,587.42,262.9,-4.162,-20.267,20.69
5026,167.533,587.95,261.82,-4.913,-20.624,21.201
5027,167.567,589.79,262.94,-5.339,-19.234,19.961
5028,167.6,590.56,267.18,-5.322,-15.709,16.586
5029,167.633,585.08,257.92,-5.177,-9.644,10.946
5030,167.667,585.01,258.16,-5.131,-0.786,5.191
5031,167.7,585.03,260.97,-5.157,8.354,9.817
5032,167.733,584.95,261.52,-5.087,13.635,14.553
5033,167.767,584.96,259.46,-4.638,15.412,16.095
5034,167.8,584.89,255.96,-3.845,13.921,14.442
5035,167.833,587.04,266.46,-3.164,10.235,10.713
5036,167.867,586.59,266.57,-2.43,5.982,6.456
5037,167.9,585.86,262.86,-1.384,3.216,3.501
5038,167.933,585.3,260.71,-0.36,3.375,3.394
5039,167.967,585.6,265.55,0.628,6.364,6.395
5040,168.0,586.1,267.79,1.535,9.462,9.586
5041,168.033,586.6,268.86,2.325,12.699,12.91
5042,168.067,586.4,269.0,2.628,16.546,16.753
5043,168.1,585.54,267.7,1.324,19.782,19.826
5044,168.133,585.15,265.36,-1.341,20.006,20.05
5045,168.167,585.28,261.43,-1.784,23.988,24.055
5046,168.2,585.59,259.15,-1.873,27.536,27.6
5047,168.233,586.13,261.79,-1.687,30.334,30.381
5048,168.267,586.26,264.87,-1.399,33.293,33.322
5049,168.3,585.84,268.87,-1.068,37.601,37.616
5050,168.333,585.83,273.16,-0.514,44.89,44.892
5051,168.367,585.74,276.78,-1.074,45.94,45.953
5052,168.4,585.41,279.48,-1.417,43.301,43.324
5053,168.433,585.41,280.39,0.129,42.846,42.846
5054,168.467,585.25,278.99,1.464,37.733,37.762
5055,168.5,585.22,279.27,2.41,28.908,29.008
5056,168.533,585.29,279.66,2.799,17.045,17.274
5057,168.567,585.39,280.03,2.629,4.538,5.244
5058,168.6,585.92,280.19,2.25,-6.959,7.314
5059,168.633,586.23,280.21,2.118,-17.685,17.811
5060,168.667,586.18,280.02,2.181,-26.918,27.006
5061,168.7,585.91,281.58,0.163,-38.0,38.001
5062,168.733,585.62,280.49,-0.903,-44.071,44.08
5063,168.767,585.85,277.92,-1.331,-46.122,46.142
5064,168.8,586.4,274.53,-1.114,-46.389,46.402
5065,168.833,586.95,269.12,-0.029,-44.726,44.726
5066,168.867,587.89,266.53,1.244,-42.098,42.117
5067,168.9,588.33,266.68,2.485,-38.943,39.023
5068,168.933,584.86,258.23,3.839,-35.511,35.718
5069,168.967,585.18,265.47,5.197,-31.61,32.034
5070,169.0,585.32,266.74,6.503,-26.225,27.019
5071,169.033,585.57,269.4,7.5,-20.236,21.581
5072,169.067,585.68,268.46,8.202,-13.977,16.206
5073,169.1,585.67,263.9,8.729,-7.884,11.762
5074,169.133,585.58,260.47,8.802,-2.349,9.11
5075,169.167,585.43,257.11,8.396,2.429,8.741
5076,169.2,591.01,267.33,7.74,6.283,9.969
5077,169.233,591.08,266.98,7.109,7.756,10.521
5078,169.267,590.95,264.39,6.731,7.545,10.111
5079,169.3,590.52,265.72,6.384,6.172,8.88
5080,169.333,589.59,265.41,5.845,4.372,7.299
5081,169.367,589.22,265.44,4.94,3.481,6.044
5082,169.4,589.15,265.45,3.292,2.86,4.361
5083,169.433,588.96,265.3,1.085,1.619,1.949
5084,169.467,588.53,265.34,0.47,5.332,5.353
5085,169.5,588.26,265.32,-0.045,5.811,5.811
5086,169.533,588.48,265.35,-0.384,4.486,4.502
5087,169.567,588.73,265.31,-0.581,0.259,0.636
5088,169.6,588.81,265.45,-0.521,-4.863,4.891
5089,169.633,589.0,265.91,-0.114,-8.602,8.603
5090,169.667,589.4,266.23,0.881,-8.581,8.626
5091,169.7,589.81,266.32,2.739,-2.552,3.743
5092,169.733,590.06,266.33,2.187,2.67,3.452
5093,169.767,590.05,266.16,1.097,9.764,9.826
5094,169.8,590.0,266.04,-0.48,17.027,17.034
5095,169.833,589.91,265.53,-2.346,22.481,22.603
5096,169.867,589.87,265.64,-4.121,26.292,26.613
5097,169.9,589.81,266.05,-5.925,27.813,28.438
5098,169.933,589.32,266.14,-7.833,28.65,29.702
5099,169.967,588.74,264.92,-9.764,27.552,29.231
5100,170.0,588.28,265.83,-11.444,25.421,27.878
5101,170.033,587.83,268.45,-12.614,22.988,26.222
5102,170.067,587.4,272.22,-13.245,18.888,23.07
5103,170.1,586.97,276.03,-13.243,15.299,20.234
5104,170.133,586.72,281.34,-12.634,11.31,16.956
5105,170.167,586.39,283.38,-11.514,5.988,12.978
5106,170.2,585.92,281.62,-10.113,0.598,10.13
5107,170.233,585.45,276.62,-8.713,-5.039,10.065
5108,170.267,585.09,270.72,-7.622,-10.966,13.354
5109,170.3,584.76,269.41,-6.733,-15.795,17.17
5110,170.333,584.42,268.23,-5.885,-18.499,19.412
5111,170.367,584.12,268.01,-5.064,-18.415,19.098
5112,170.4,583.93,269.51,-4.557,-17.266,17.857
5113,170.433,583.89,267.9,-4.649,-15.868,16.535
5114,170.467,584.14,269.43,-5.137,-13.011,13.989
5115,170.5,584.58,269.65,-5.64,-7.607,9.47
5116,170.533,584.84,268.45,-6.028,-2.041,6.365
5117,170.567,584.74,270.69,-6.312,3.67,7.302
5118,170.6,584.25,268.82,-6.661,8.477,10.781
5119,170.633,583.77,268.51,-7.157,11.518,13.56
5120,170.667,583.16,270.52,-7.73,10.754,13.243
5121,170.7,582.43,270.69,-8.238,6.572,10.538
5122,170.733,581.88,271.96,-8.529,0.431,8.54
5123,170.767,581.9,274.49,-8.462,-5.439,10.059
5124,170.8,581.91,275.19,-7.97,-9.321,12.264
5125,170.833,581.54,273.49,-7.031,-12.517,14.356
5126,170.867,580.93,269.81,-5.565,-14.189,15.241
5127,170.9,580.65,268.47,-3.547,-16.08,16.467
5128,170.933,580.94,268.83,-0.868,-18.451,18.471
5129,170.967,581.48,267.22,2.343,-19.039,19.183
5130,171.0,581.6,264.69,5.597,-18.959,19.768
5131,171.033,581.41,265.81,8.484,-17.515,19.461
5132,171.067,581.19,265.49,10.704,-13.917,17.557
5133,171.1,581.4,265.12,12.271,-10.079,15.88
5134,171.133,582.07,264.84,13.488,-3.727,13.993
5135,171.167,582.71,264.97,14.216,1.534,14.298
5136,171.2,583.36,265.38,14.482,4.283,15.102
5137,171.233,584.08,265.96,14.477,6.555,15.892
5138,171.267,584.75,266.34,14.19,8.431,16.506
5139,171.3,585.36,266.53,13.238,9.312,16.185
5140,171.333,585.99,266.74,11.501,9.666,15.023
5141,171.367,586.51,265.54,8.957,11.084,14.251
5142,171.4,586.95,267.9,5.973,13.057,14.359
5143,171.433,586.81,269.92,2.699,14.181,14.435
5144,171.467,586.35,270.94,-0.902,12.034,12.068
5145,171.5,586.04,271.34,-4.792,8.173,9.474
5146,171.533,585.78,270.79,-8.607,5.232,10.072
5147,171.567,585.79,269.56,-12.005,2.902,12.351
5148,171.6,585.74,267.72,-14.708,2.467,14.913
5149,171.633,585.15,263.57,-16.675,4.255,17.209
5150,171.667,584.6,265.74,-18.042,6.525,19.186
5151,171.7,583.98,269.9,-18.718,9.82,21.138
5152,171.733,583.04,272.54,-18.688,11.935,22.174
5153,171.767,581.89,273.99,-18.051,11.93,21.637
5154,171.8,580.83,274.03,-16.875,10.931,20.106
5155,171.833,579.88,272.82,-15.3,9.381,17.947
5156,171.867,579.6,268.61,-13.53,7.417,15.43
5157,171.9,579.42,266.79,-11.732,6.082,13.214
5158,171.933,579.34,266.12,-10.266,3.87,10.971
5159,171.967,579.29,269.93,-9.323,0.606,9.343
5160,172.0,579.22,274.72,-8.252,-3.565,8.989
5161,172.033,579.12,277.45,-6.754,-8.032,10.494
5162,172.067,579.08,277.88,-4.647,-11.784,12.667
5163,172.1,579.08,276.0,-2.398,-15.459,15.644
5164,172.133,579.07,271.87,-0.305,-19.338,19.341
5165,172.167,579.15,270.08,1.763,-20.073,20.15
5166,172.2,579.13,265.57,3.651,-19.258,19.601
5167,172.233,579.04,264.6,5.237,-17.83,18.583
5168,172.267,578.95,266.09,6.585,-15.7,17.025
5169,172.3,578.78,266.24,7.826,-12.473,14.724
5170,172.333,578.67,266.14,9.058,-8.171,12.199
5171,172.367,578.64,266.21,10.241,-3.862,10.945
5172,172.4,578.69,266.38,11.207,-0.241,11.21
5173,172.433,579.35,266.56,11.976,4.113,12.663
5174,172.467,581.25,266.87,12.684,9.754,16.001
5175,172.5,582.62,267.58,13.281,15.29,20.253
5176,172.533,583.35,267.51,13.765,17.681,22.408
5177,172.567,583.34,265.88,14.17,18.275,23.126
5178,172.6,583.49,266.67,14.401,16.719,22.066
5179,172.633,583.77,270.85,14.267,13.144,19.399
5180,172.667,583.9,273.7,13.659,8.79,16.243
5181,172.7,583.99,275.25,12.507,5.523,13.672
5182,172.733,584.1,275.47,10.901,4.753,11.892
5183,172.767,584.31,274.7,9.087,4.799,10.276
5184,172.8,584.59,271.68,7.216,4.073,8.286
5185,172.833,584.82,267.41,5.509,4.967,7.418
5186,172.867,585.39,265.09,4.107,6.242,7.472
5187,172.9,585.96,269.14,3.1,7.88,8.468
5188,172.933,586.5,271.0,2.526,9.124,9.467
5189,172.967,586.62,272.07,2.207,11.24,11.455
5190,173.0,586.66,270.83,1.603,11.736,11.845
5191,173.033,586.52,272.8,0.739,9.538,9.566
5192,173.067,586.12,271.7,-0.386,6.662,6.673
5193,173.1,585.6,271.74,-1.567,4.674,4.93
5194,173.133,585.25,273.83,-2.86,4.792,5.58
5195,173.167,585.12,277.7,-4.317,6.12,7.489
5196,173.2,585.14,276.69,-5.918,7.082,9.23
5197,173.233,585.26,276.01,-7.699,8.849,11.73
5198,173.267,585.16,276.47,-9.566,9.839,13.722
5199,173.3,584.98,278.13,-11.301,9.431,14.719
5200,173.333,584.64,275.2,-12.766,8.733,15.467
5201,173.367,584.21,274.1,-13.834,7.281,15.633
5202,173.4,583.78,272.38,-14.532,5.847,15.664
5203,173.433,583.54,271.88,-14.879,1.261,14.933
5204,173.467,583.32,268.01,-14.874,-3.976,15.397
5205,173.5,582.67,269.12,-14.399,-8.339,16.639
5206,173.533,581.73,273.97,-13.461,-9.784,16.641
5207,173.567,580.86,277.67,-12.048,-9.541,15.368
5208,173.6,580.15,282.12,-10.224,-6.152,11.932
5209,173.633,579.47,283.0,-8.425,-1.776,8.61
5210,173.667,578.84,280.37,-6.65,1.482,6.813
5211,173.7,578.48,279.27,-4.982,1.098,5.102
5212,173.733,578.59,273.83,-3.501,0.681,3.567
5213,173.767,579.02,270.16,-2.399,-1.392,2.774
5214,173.8,579.41,267.48,-1.543,-4.666,4.915
5215,173.833,579.82,264.8,-0.904,-9.102,9.147
5216,173.867,580.32,266.93,-0.546,-13.724,13.735
5217,173.9,580.65,269.42,-0.338,-17.891,17.894
5218,173.933,580.91,274.66,-0.174,-20.458,20.459
5219,173.967,580.9,277.84,-0.108,-21.339,21.339
5220,174.0,580.68,278.87,-0.205,-18.018,18.019
5221,174.033,580.15,277.75,-0.398,-13.555,13.561
5222,174.067,579.27,274.72,-0.431,-10.299,10.308
5223,174.1,578.34,269.55,-0.319,-9.143,9.148
5224,174.133,578.4,266.52,-0.216,-13.001,13.003
5225,174.167,578.48,264.98,0.07,-19.7,19.7
5226,174.2,578.64,266.01,0.682,-26.741,26.75
5227,174.233,578.81,263.76,1.587,-33.605,33.643
5228,174.267,579.24,265.29,2.587,-36.846,36.937
5229,174.3,579.55,265.66,3.51,-35.788,35.96
5230,174.333,579.82,264.19,4.353,-31.934,32.229
5231,174.367,580.39,265.82,5.047,-23.02,23.566
5232,174.4,580.88,265.99,5.397,-12.521,13.635
5233,174.433,581.17,265.21,5.462,-0.779,5.517
5234,174.467,581.23,263.36,5.127,10.198,11.414
5235,174.5,581.1,260.06,3.95,19.041,19.446
5236,174.533,581.06,258.79,1.656,25.972,26.025
5237,174.567,580.76,257.61,-0.858,29.239,29.251
5238,174.6,580.5,257.7,-2.854,29.758,29.895
5239,174.633,580.63,262.56,-3.447,30.827,31.019
5240,174.667,580.61,266.84,-3.069,31.208,31.359
5241,174.7,580.52,270.87,-1.782,30.74,30.792
5242,174.733,580.51,273.62,0.162,28.09,28.09
5243,174.767,580.58,274.66,2.564,24.584,24.718
5244,174.8,580.69,273.71,5.054,19.049,19.708
5245,174.833,580.7,276.11,7.534,12.144,14.292
5246,174.867,580.65,274.73,9.913,6.799,12.02
5247,174.9,580.65,275.38,12.013,2.606,12.292
5248,174.933,580.36,274.73,13.809,-1.589,13.9
5249,174.967,580.04,272.09,15.418,-6.061,16.566
5250,175.0,580.91,270.25,16.671,-10.095,19.489
5251,175.033,583.35,266.7,17.495,-12.359,21.42
5252,175.067,585.19,267.43,17.607,-13.37,22.108
5253,175.1,586.66,268.98,17.078,-11.051,20.342
5254,175.133,586.81,267.1,15.857,-5.483,16.778
5255,175.167,586.81,267.06,14.07,0.889,14.098
5256,175.2,586.55,267.11,11.878,6.216,13.406
5257,175.233,586.37,267.92,9.19,8.905,12.797
5258,175.267,586.27,270.52,6.033,10.257,11.9
5259,175.3,586.41,273.42,2.421,9.461,9.766
5260,175.333,586.67,277.02,-1.228,9.018,9.102
5261,175.367,587.01,277.05,-4.692,6.335,7.884
5262,175.4,587.19,273.53,-7.83,4.208,8.889
5263,175.433,587.06,271.98,-10.35,2.443,10.635
5264,175.467,586.31,271.62,-11.984,1.703,12.105
5265,175.5,585.56,271.57,-12.446,1.477,12.533
5266,175.533,584.77,271.97,-11.805,3.066,12.197
5267,175.567,584.29,273.77,-11.124,4.995,12.194
5268,175.6,583.93,272.67,-10.723,6.287,12.43
5269,175.633,583.89,270.98,-10.856,4.63,11.802
5270,175.667,583.37,268.44,-10.896,3.366,11.404
5271,175.7,582.64,268.34,-10.813,3.041,11.232
5272,175.733,582.32,271.03,-10.405,4.292,11.256
5273,175.767,582.23,271.52,-9.54,8.696,12.909
5274,175.8,582.52,275.38,-8.037,16.221,18.103
5275,175.833,582.32,276.77,-5.846,25.249,25.917
5276,175.867,582.08,280.52,-3.266,33.227,33.387
5277,175.9,582.03,282.27,-1.025,42.159,42.171
5278,175.933,581.74,281.76,0.696,51.619,51.623
5279,175.967,581.71,279.37,1.485,60.6,60.618
5280,176.0,581.89,279.48,1.595,65.362,65.381
5281,176.033,581.37,275.77,1.434,66.638,66.654
5282,176.067,580.99,277.69,0.91,64.934,64.94
5283,176.1,581.08,279.04,-0.093,59.915,59.915
5284,176.133,581.58,285.89,-1.431,53.217,53.236
5285,176.167,581.9,292.01,-3.135,47.801,47.904
5286,176.2,582.41,297.82,-4.513,43.447,43.68
5287,176.233,582.98,304.06,-5.698,40.172,40.574
5288,176.267,583.37,306.8,-6.134,34.537,35.077
5289,176.3,583.2,305.73,-5.578,28.274,28.82
5290,176.333,582.16,304.03,-4.612,20.471,20.984
5291,176.367,580.75,303.12,-3.348,11.617,12.09
5292,176.4,579.97,297.5,-2.035,0.602,2.122
5293,176.433,579.09,293.89,-0.936,-11.388,11.426
5294,176.467,579.07,289.39,-0.113,-22.356,22.357
5295,176.5,579.32,291.77,-0.044,-29.802,29.802
5296,176.533,579.0,293.87,-0.487,-34.072,34.075
5297,176.567,579.23,295.64,-0.977,-30.444,30.46
5298,176.6,579.93,297.18,-1.278,-21.164,21.203
5299,176.633,580.74,298.95,-1.497,-7.291,7.443
5300,176.667,581.69,295.63,-1.855,7.431,7.659
5301,176.7,581.91,294.16,-2.392,21.101,21.236
5302,176.733,583.08,290.85,-3.277,33.249,33.41
5303,176.767,582.97,292.37,-4.603,42.77,43.017
5304,176.8,581.67,293.78,-6.436,48.579,49.003
5305,176.833,580.39,294.5,-8.521,52.585,53.27
5306,176.867,579.16,297.24,-10.336,53.466,54.456
5307,176.9,578.13,301.1,-11.429,50.474,51.752
5308,176.933,577.21,305.46,-11.848,46.197,47.692
5309,176.967,576.61,309.66,-11.422,40.871,42.437
5310,177.0,577.05,312.87,-10.49,37.788,39.217
5311,177.033,577.11,316.34,-9.216,34.997,36.19
5312,177.067,577.22,315.0,-7.301,31.339,32.178
5313,177.1,577.12,312.45,-4.957,26.123,26.59
5314,177.133,577.01,311.52,-2.512,20.704,20.856
5315,177.167,576.95,311.15,-0.238,13.965,13.967
5316,177.2,577.08,312.81,1.531,8.101,8.244
5317,177.233,577.33,312.98,2.907,2.793,4.031
5318,177.267,577.52,310.81,3.158,-0.257,3.169
5319,177.3,577.78,310.61,2.603,-3.143,4.081
5320,177.333,577.89,308.03,1.809,-4.569,4.914
5321,177.367,577.91,308.11,0.862,-3.363,3.472
5322,177.4,577.78,309.33,-0.06,1.06,1.062
5323,177.433,577.51,311.9,-0.783,6.369,6.417
5324,177.467,577.31,315.61,-1.11,10.996,11.052
5325,177.5,577.19,316.39,-1.078,13.693,13.735
5326,177.533,577.14,314.95,-1.205,13.66,13.713
5327,177.567,577.11,315.0,-1.333,9.567,9.66
5328,177.6,577.06,316.45,-1.532,4.63,4.877
5329,177.633,577.01,314.44,-1.749,0.104,1.752
5330,177.667,577.02,313.03,-1.926,-4.21,4.63
5331,177.7,577.04,312.31,-1.929,-8.507,8.723
5332,177.733,577.07,312.1,-1.764,-13.795,13.907
5333,177.767,577.07,312.4,-1.569,-19.343,19.407
5334,177.8,577.04,314.61,-1.407,-23.71,23.751
5335,177.833,576.96,315.39,-1.314,-27.253,27.285
5336,177.867,577.0,315.08,-1.201,-28.386,28.411
5337,177.9,577.05,310.59,-1.007,-27.954,27.972
5338,177.933,576.96,307.61,-0.767,-26.27,26.281
5339,177.967,576.71,305.33,-0.435,-24.188,24.192
5340,178.0,576.54,303.87,0.032,-22.736,22.736
5341,178.033,576.47,303.73,0.52,-21.526,21.533
5342,178.067,576.37,305.41,0.928,-19.443,19.465
5343,178.1,576.35,305.27,1.232,-16.969,17.014
5344,178.133,576.52,304.79,1.413,-15.176,15.242
5345,178.167,576.81,304.13,1.514,-12.54,12.631
5346,178.2,576.94,303.94,1.469,-9.007,9.126
5347,178.233,576.94,303.99,1.26,-4.703,4.869
5348,178.267,577.04,303.87,0.945,0.077,0.948
5349,178.3,577.3,303.9,0.578,4.313,4.352
5350,178.333,577.51,303.67,0.161,6.778,6.78
5351,178.367,577.54,303.59,-0.288,7.47,7.475
5352,178.4,577.36,303.93,-0.827,6.312,6.366
5353,178.433,577.25,304.15,-1.378,4.886,5.076
5354,178.467,577.13,304.33,-1.792,3.343,3.793
5355,178.5,576.82,304.03,-2.011,2.093,2.903
5356,178.533,576.59,304.58,-2.127,1.42,2.557
5357,178.567,576.47,305.09,-2.116,1.087,2.378
5358,178.6,576.36,305.29,-1.953,0.949,2.171
5359,178.633,576.35,305.63,-1.695,-0.004,1.695
5360,178.667,576.26,305.94,-1.459,-1.071,1.81
5361,178.7,576.3,305.93,-1.279,-1.951,2.333
5362,178.733,576.45,305.41,-0.955,-2.341,2.529
5363,178.767,576.52,304.46,-0.444,-2.106,2.153
5364,178.8,576.51,304.5,0.177,-1.126,1.14
5365,178.833,576.55,303.99,0.78,1.007,1.274
5366,178.867,576.67,303.22,1.218,3.209,3.432
5367,178.9,576.87,302.52,1.451,2.709,3.073
5368,178.933,576.92,303.32,1.566,1.483,2.157
5369,178.967,576.72,304.21,1.602,0.624,1.719
5370,179.0,576.54,305.09,1.573,0.43,1.631
5371,179.033,576.55,305.75,1.667,1.557,2.281
5372,179.067,576.49,306.21,1.79,3.748,4.154
5373,179.1,576.49,304.28,2.015,6.828,7.119
5374,179.133,576.65,305.7,2.351,9.111,9.409
5375,179.167,576.99,306.58,2.613,9.702,10.048
5376,179.2,577.35,307.58,2.663,9.401,9.771
5377,179.233,577.39,307.8,2.485,8.801,9.146
5378,179.267,577.4,307.25,2.125,6.667,6.998
5379,179.3,577.36,306.06,1.593,3.938,4.248
5380,179.333,577.24,302.77,1.006,0.804,1.287
5381,179.367,577.24,301.03,0.366,-1.891,1.926
5382,179.4,577.39,306.27,-0.397,-3.372,3.395
5383,179.433,577.58,308.94,-1.31,-3.263,3.516
5384,179.467,577.65,310.04,-2.292,-2.165,3.153
5385,179.5,577.68,310.53,-3.183,-0.415,3.21
5386,179.533,577.47,309.76,-3.853,0.197,3.858
5387,179.567,577.39,307.66,-4.21,0.099,4.211
5388,179.6,577.01,304.21,-4.282,-0.439,4.304
5389,179.633,576.44,303.52,-4.134,0.021,4.134
5390,179.667,576.04,304.76,-3.856,0.138,3.858
5391,179.7,576.03,304.57,-3.61,-0.061,3.61
5392,179.733,576.08,303.0,-3.582,-0.944,3.704
5393,179.767,575.99,304.92,-3.578,-2.347,4.28
5394,179.8,576.0,306.7,-3.336,-3.914,5.143
5395,179.833,575.92,308.11,-2.759,-4.821,5.555
5396,179.867,575.86,308.9,-2.237,-4.531,5.053
5397,179.9,575.91,308.69,-1.509,-2.428,2.858
5398,179.933,575.98,307.71,-0.39,-2.387,2.419
5399,179.967,576.08,305.9,0.895,-4.596,4.682
5400,180.0,576.24,303.49,1.982,-7.179,7.448
5401,180.033,576.32,304.36,2.932,-9.102,9.563
5402,180.067,576.06,304.76,3.832,-9.442,10.19
5403,180.1,575.91,304.8,4.741,-7.633,8.986
5404,180.133,575.88,304.71,5.627,-4.427,7.16
5405,180.167,575.92,304.36,6.664,-0.424,6.678
5406,180.2,576.13,303.89,7.65,2.084,7.929
5407,180.233,576.73,303.52,8.211,2.751,8.66
5408,180.267,577.4,303.18,8.409,3.852,9.249
5409,180.3,577.63,302.83,8.409,4.014,9.318
5410,180.333,577.61,301.57,8.271,3.785,9.096
5411,180.367,578.63,302.67,7.925,1.68,8.101
5412,180.4,579.2,303.09,7.411,-2.758,7.907
5413,180.433,579.04,304.77,6.591,-9.18,11.301
5414,180.467,578.88,308.88,5.605,-15.622,16.597
5415,180.5,579.36,310.61,4.617,-19.903,20.431
5416,180.533,579.64,309.82,3.581,-21.678,21.972
5417,180.567,579.84,306.63,2.524,-22.321,22.463
5418,180.6,579.55,301.85,1.594,-21.458,21.517
5419,180.633,579.38,299.7,0.664,-20.459,20.47
5420,180.667,578.95,296.21,-0.308,-20.342,20.344
5421,180.7,578.78,295.07,-0.964,-19.668,19.692
5422,180.733,579.1,296.77,-0.989,-16.475,16.505
5423,180.767,579.33,296.6,-0.446,-10.073,10.083
5424,180.8,579.4,296.33,0.404,-2.513,2.545
5425,180.833,579.23,294.05,1.711,5.356,5.623
5426,180.867,579.29,294.46,3.394,13.225,13.654
5427,180.9,579.35,296.94,4.554,18.9,19.441
5428,180.933,579.76,301.22,4.951,21.747,22.303
5429,180.967,580.04,303.82,5.231,22.538,23.137
5430,181.0,579.98,303.37,5.396,19.646,20.374
5431,181.033,579.89,303.35,5.175,13.464,14.425
5432,181.067,579.78,302.92,4.684,4.604,6.568
5433,181.1,579.8,301.01,3.943,-5.145,6.482
5434,181.133,580.34,301.72,3.101,-14.137,14.473
5435,181.167,581.41,305.58,2.313,-22.204,22.324
5436,181.2,582.18,307.82,1.554,-29.153,29.195
5437,181.233,582.3,305.62,0.99,-34.429,34.443
5438,181.267,581.91,299.53,0.353,-39.326,39.328
5439,181.3,581.5,295.29,-0.288,-43.083,43.084
5440,181.333,580.72,291.33,-0.738,-45.178,45.184
5441,181.367,580.02,288.32,-0.765,-43.55,43.557
5442,181.4,579.84,287.62,-0.481,-38.804,38.807
5443,181.433,580.42,289.85,0.612,-29.374,29.38
5444,181.467,580.49,289.87,1.871,-18.852,18.944
5445,181.5,580.76,289.75,3.232,-7.752,8.399
5446,181.533,581.05,289.62,4.884,4.735,6.802
5447,181.567,581.19,290.38,6.757,17.718,18.963
5448,181.6,581.26,290.74,8.753,30.238,31.48
5449,181.633,581.57,291.29,10.663,42.087,43.417
5450,181.667,581.59,290.63,12.102,51.314,52.722
5451,181.7,582.21,293.02,12.902,56.697,58.146
5452,181.733,582.62,294.3,12.63,55.976,57.383
5453,181.767,583.28,296.39,11.277,50.065,51.32
5454,181.8,584.02,299.7,9.325,42.221,43.239
5455,181.833,584.63,303.65,6.936,32.884,33.608
5456,181.867,585.14,307.33,4.521,23.124,23.562
5457,181.9,585.78,311.31,2.321,13.838,14.031
5458,181.933,585.15,308.61,0.25,4.645,4.652
5459,181.967,585.11,308.16,-1.949,-5.255,5.605
5460,182.0,584.99,307.21,-3.943,-14.507,15.034
5461,182.033,584.49,305.04,-5.686,-22.468,23.176
5462,182.067,583.89,302.09,-7.159,-28.958,29.83
5463,182.1,583.33,299.48,-8.228,-33.903,34.887
5464,182.133,582.99,297.75,-8.76,-36.749,37.779
5465,182.167,582.82,296.86,-8.729,-37.159,38.17
5466,182.2,581.96,292.67,-8.199,-35.441,36.377
5467,182.233,581.7,291.65,-7.609,-33.479,34.333
5468,182.267,581.98,292.77,-6.595,-29.04,29.779
5469,182.3,581.98,293.08,-5.473,-23.32,23.953
5470,182.333,581.98,293.45,-4.232,-16.094,16.641
5471,182.367,581.93,293.95,-2.925,-7.88,8.405
5472,182.4,581.84,294.22,-1.614,0.681,1.752
5473,182.433,581.93,295.1,-0.573,7.973,7.994
5474,182.467,582.03,295.56,0.384,14.772,14.777
5475,182.5,582.09,295.72,0.859,19.067,19.086
5476,182.533,582.04,295.4,1.114,21.717,21.745
5477,182.567,582.01,295.56,1.137,21.553,21.583
5478,182.6,581.94,295.3,1.23,20.2,20.237
5479,182.633,581.8,294.59,1.341,17.707,17.757
5480,182.667,581.35,293.06,1.391,14.218,14.285
5481,182.7,581.39,294.3,1.342,9.661,9.754
5482,182.733,581.97,298.18,1.554,6.194,6.386
5483,182.767,582.09,299.32,1.771,3.147,3.611
5484,182.8,582.56,302.64,1.785,-0.249,1.802
5485,182.833,582.73,303.87,1.795,-4.038,4.419
5486,182.867,582.76,303.3,1.923,-7.735,7.971
5487,182.9,582.55,300.8,2.107,-11.726,11.914
5488,182.933,582.12,296.79,2.488,-15.204,15.406
5489,182.967,582.26,295.08,3.052,-18.513,18.762
5490,183.0,582.79,294.89,3.742,-21.082,21.412
5491,183.033,582.76,292.37,4.493,-22.532,22.975
5492,183.067,583.1,293.4,5.431,-22.512,23.158
5493,183.1,583.01,292.77,6.837,-21.518,22.578
5494,183.133,583.06,292.69,8.206,-19.261,20.936
5495,183.167,583.18,292.39,9.128,-15.921,18.352
5496,183.2,583.21,291.97,9.641,-10.488,14.246
5497,183.233,583.38,291.69,9.112,-4.334,10.09
5498,183.267,583.86,291.32,7.331,0.926,7.389
5499,183.3,584.41,290.81,4.782,5.942,7.627
5500,183.333,584.88,291.48,1.503,8.954,9.08
5501,183.367,585.12,291.64,-2.232,10.026,10.271
5502,183.4,585.56,293.13,-6.204,9.352,11.223
5503,183.433,585.77,293.79,-10.058,7.993,12.848
5504,183.467,585.71,294.91,-13.467,6.912,15.137
5505,183.5,585.48,295.35,-16.429,5.899,17.456
5506,183.533,585.11,295.15,-19.133,4.174,19.583
5507,183.567,584.2,294.46,-21.085,3.794,21.424
5508,183.6,581.92,294.13,-22.628,1.437,22.673
5509,183.633,579.88,293.4,-23.315,-0.749,23.327
5510,183.667,578.3,293.76,-23.313,-3.423,23.563
5511,183.7,576.88,293.61,-22.665,-6.643,23.618
5512,183.733,576.62,293.9,-21.145,-9.097,23.019
5513,183.767,576.73,293.79,-18.795,-10.41,21.485
5514,183.8,576.73,293.51,-15.858,-10.04,18.769
5515,183.833,576.68,293.09,-12.382,-7.566,14.511
5516,183.867,576.64,292.67,-8.719,-4.916,10.01
5517,183.9,576.66,292.67,-4.767,-0.205,4.772
5518,183.933,576.63,292.4,-1.14,4.736,4.871
5519,183.967,576.69,292.78,1.968,9.84,10.035
5520,184.0,576.62,292.5,4.521,15.67,16.31
5521,184.033,576.73,292.67,6.24,21.517,22.404
5522,184.067,576.48,291.12,6.892,27.487,28.338
5523,184.1,576.72,293.78,6.602,33.247,33.896
5524,184.133,576.61,294.24,6.122,38.537,39.02
5525,184.167,576.89,296.23,5.657,43.27,43.639
5526,184.2,577.44,299.86,5.334,46.666,46.97
5527,184.233,577.77,302.05,5.387,48.696,48.993
5528,184.267,578.1,303.97,5.467,49.0,49.304
5529,184.3,578.5,305.14,5.454,47.713,48.024
5530,184.333,578.52,305.53,5.36,45.13,45.447
5531,184.367,578.85,309.11,5.163,41.434,41.755
5532,184.4,578.61,309.17,4.84,37.072,37.387
5533,184.433,578.77,310.97,4.267,31.511,31.799
5534,184.467,578.94,313.28,3.662,26.199,26.454
5535,184.5,578.78,312.9,1.235,26.346,26.375
5536,184.533,578.76,313.17,-0.208,24.847,24.848
5537,184.567,578.86,312.75,-0.828,21.94,21.956
5538,184.6,578.94,312.73,-0.944,13.592,13.625
5539,184.633,579.08,312.34,-1.35,5.26,5.431
5540,184.667,579.24,312.06,-1.241,-2.53,2.819
5541,184.7,579.33,311.94,-0.422,-10.83,10.838
5542,184.733,579.4,312.04,1.432,-19.372,19.425
5543,184.767,579.39,312.33,4.039,-27.472,27.768
5544,184.8,579.24,312.75,6.964,-34.779,35.47
5545,184.833,579.04,312.93,9.842,-40.551,41.728
5546,184.867,578.88,313.23,12.806,-43.605,45.446
5547,184.9,578.74,313.03,15.423,-47.175,49.632
5548,184.933,578.89,314.23,17.677,-50.594,53.593
5549,184.967,578.7,313.15,19.492,-52.452,55.956
5550,185.0,583.35,296.82,20.702,-53.603,57.462
5551,185.033,583.21,292.63,21.447,-53.238,57.395
5552,185.067,582.85,287.63,21.734,-51.038,55.473
5553,185.1,583.44,296.96,21.577,-46.647,51.396
5554,185.133,585.77,294.4,21.316,-38.437,43.952
5555,185.167,587.42,293.42,20.874,-27.175,34.266
5556,185.2,588.54,294.77,19.91,-14.643,24.715
5557,185.233,588.25,294.78,18.616,-0.458,18.621
5558,185.267,587.96,294.97,16.86,12.987,21.282
5559,185.3,587.95,295.09,14.618,24.258,28.322
5560,185.333,588.14,294.74,12.009,32.519,34.665
5561,185.367,588.0,292.73,9.236,37.321,38.447
5562,185.4,588.05,294.16,6.851,40.132,40.713
5563,185.433,588.57,298.96,5.251,41.292,41.625
5564,185.467,588.84,300.27,4.396,38.268,38.52
5565,185.5,589.34,302.46,4.651,30.684,31.034
5566,185.533,589.95,305.93,3.626,29.038,29.264
5567,185.567,590.56,308.71,3.236,28.993,29.173
5568,185.6,591.12,311.66,4.322,31.449,31.744
5569,185.633,590.86,309.67,6.593,28.813,29.558
5570,185.667,590.37,307.3,8.441,25.821,27.165
5571,185.7,590.37,306.8,8.504,22.147,23.723
5572,185.733,589.91,303.34,6.186,16.841,17.941
5573,185.767,589.69,302.77,2.427,10.253,10.536
5574,185.8,589.74,304.26,-1.767,6.241,6.486
5575,185.833,590.12,307.27,-6.337,3.397,7.19
5576,185.867,590.8,311.83,-11.106,1.609,11.222
5577,185.9,590.91,312.7,-15.639,1.837,15.746
5578,185.933,590.62,311.31,-19.8,2.948,20.019
5579,185.967,590.53,311.41,-23.619,2.872,23.793
5580,186.0,590.57,313.07,-26.835,2.793,26.98
5581,186.033,590.14,310.51,-29.428,2.293,29.517
5582,186.067,589.45,308.54,-31.162,2.174,31.238
5583,186.1,587.01,307.34,-32.231,1.194,32.253
5584,186.133,583.31,306.96,-32.693,-1.564,32.73
5585,186.167,579.56,307.18,-32.272,-4.479,32.582
5586,186.2,578.04,308.23,-30.742,-5.745,31.274
5587,186.233,578.32,310.17,-28.187,-4.85,28.602
5588,186.267,578.92,314.32,-24.622,-1.313,24.657
5589,186.3,578.41,310.47,-20.336,3.182,20.584
5590,186.333,578.17,308.6,-15.672,7.152,17.226
5591,186.367,577.98,307.53,-11.035,9.221,14.38
5592,186.4,577.83,307.38,-6.902,7.765,10.389
5593,186.433,577.89,307.52,-3.338,3.987,5.2
5594,186.467,578.05,308.42,-0.161,0.854,0.869
5595,186.5,578.36,310.24,2.415,-1.137,2.67
5596,186.533,578.75,312.82,3.762,-4.592,5.936
5597,186.567,578.6,311.52,3.957,-6.0,7.187
5598,186.6,578.65,311.63,2.761,-5.919,6.531
5599,186.633,578.62,311.92,0.857,-5.384,5.452
5600,186.667,578.7,313.61,-0.599,-3.602,3.651
5601,186.7,578.59,312.87,-0.87,-0.89,1.244
5602,186.733,577.96,308.5,-0.471,1.852,1.911
5603,186.767,577.51,305.57,-0.148,3.69,3.693
5604,186.8,577.26,303.98,-0.295,1.862,1.885
5605,186.833,577.23,303.76,-0.253,1.309,1.333
5606,186.867,577.4,304.92,-0.291,0.115,0.313
5607,186.9,577.76,307.51,-0.477,-2.469,2.515
5608,186.933,578.31,311.57,-0.549,-4.793,4.824
5609,186.967,578.48,312.76,-0.598,-7.239,7.264
5610,187.0,578.26,311.19,-0.611,-9.62,9.639
5611,187.033,578.45,312.64,-0.673,-12.182,12.2
5612,187.067,578.21,310.5,-0.931,-16.033,16.06
5613,187.1,578.07,308.97,-1.126,-19.249,19.281
5614,187.133,578.21,309.43,-1.258,-22.16,22.196
5615,187.167,578.08,307.69,-1.63,-26.271,26.322
5616,187.2,577.85,305.37,-2.401,-33.122,33.209
5617,187.233,577.59,303.16,-3.3,-40.878,41.011
5618,187.267,577.31,300.66,-3.793,-45.761,45.918
5619,187.3,577.26,299.94,-3.736,-46.794,46.943
5620,187.333,576.82,296.02,-3.027,-43.372,43.478
5621,187.367,576.8,295.19,-1.985,-37.475,37.528
5622,187.4,577.15,297.12,-0.573,-28.99,28.996
5623,187.433,577.17,296.15,0.692,-20.429,20.44
5624,187.467,577.31,296.41,1.562,-14.034,14.121
5625,187.5,577.35,296.05,2.29,-8.195,8.509
5626,187.533,577.34,294.9,3.128,-1.429,3.439
5627,187.567,577.39,294.28,3.718,3.686,5.236
5628,187.6,577.36,293.1,4.248,8.479,9.483
5629,187.633,577.01,291.09,4.451,11.234,12.083
5630,187.667,577.35,292.13,4.308,11.967,12.718
5631,187.7,578.11,295.94,3.901,11.463,12.109
5632,187.733,578.74,299.73,3.296,10.068,10.593
5633,187.767,579.02,301.32,2.577,8.187,8.583
5634,187.8,579.05,301.17,1.878,6.33,6.603
5635,187.833,578.64,298.63,1.056,3.245,3.413
5636,187.867,578.59,298.71,0.515,1.578,1.66
5637,187.9,578.07,296.43,0.159,0.448,0.475
5638,187.933,578.22,296.51,-0.273,-1.529,1.553
5639,187.967,578.55,298.39,-0.69,-3.283,3.355
5640,188.0,578.55,298.15,-1.141,-5.159,5.284
5641,188.033,578.24,296.24,-1.528,-6.676,6.849
5642,188.067,578.06,295.25,-1.798,-7.539,7.75
5643,188.1,577.77,293.83,-1.912,-7.869,8.098
5644,188.133,577.98,295.81,-1.799,-7.166,7.389
5645,188.167,577.95,295.81,-1.234,-4.553,4.717
5646,188.2,577.99,295.89,-0.552,-1.281,1.395
5647,188.233,578.07,296.17,-0.095,0.952,0.957
5648,188.267,578.15,296.03,0.113,1.833,1.836
5649,188.3,578.13,295.69,0.157,1.842,1.849
5650,188.333,578.32,296.91,0.103,1.447,1.45
5651,188.367,578.24,297.01,0.172,1.965,1.973
5652,188.4,578.04,297.05,-0.121,2.348,2.351
5653,188.433,577.97,296.93,-0.386,3.88,3.899
5654,188.467,578.01,297.17,-0.653,5.284,5.324
5655,188.5,578.11,297.07,-0.889,5.274,5.348
5656,188.533,578.15,296.36,-0.912,4.47,4.563
5657,188.567,578.2,295.97,-0.56,3.762,3.803
5658,188.6,578.17,295.78,0.257,3.201,3.211
5659,188.633,578.11,295.77,1.564,3.082,3.456
5660,188.667,578.04,296.01,2.93,1.764,3.42
5661,188.7,578.08,296.85,4.468,0.578,4.505
5662,188.733,578.28,298.13,5.947,-1.304,6.089
5663,188.767,578.39,298.59,7.147,-4.689,8.548
5664,188.8,578.42,298.65,8.295,-7.62,11.264
5665,188.833,578.4,298.6,9.556,-8.984,13.116
5666,188.867,578.37,298.27,10.787,-9.058,14.085
5667,188.9,579.24,297.56,11.975,-7.614,14.191
5668,188.933,580.29,296.4,13.241,-4.801,14.084
5669,188.967,581.15,295.66,14.517,-0.908,14.545
5670,189.0,581.78,295.05,15.363,1.96,15.487
5671,189.033,582.27,294.56,15.433,2.946,15.711
5672,189.067,582.73,294.29,14.865,3.871,15.361
5673,189.1,582.82,293.73,13.689,4.721,14.48
5674,189.133,582.84,293.79,11.945,5.505,13.153
5675,189.167,583.14,294.29,9.758,6.272,11.6
5676,189.2,583.24,293.72,7.323,6.964,10.105
5677,189.233,583.66,295.28,4.632,7.288,8.635
5678,189.267,584.57,299.88,1.694,6.775,6.984
5679,189.3,585.04,302.31,-1.223,6.009,6.133
5680,189.333,585.11,303.11,-3.958,4.035,5.652
5681,189.367,584.92,302.21,-6.151,0.54,6.175
5682,189.4,584.68,300.52,-7.462,-4.196,8.561
5683,189.433,583.98,297.7,-8.296,-9.92,12.932
5684,189.467,582.86,293.97,-8.493,-13.697,16.116
5685,189.5,582.16,293.37,-8.238,-16.026,18.019
5686,189.533,582.05,295.54,-7.296,-15.305,16.955
5687,189.567,581.77,295.36,-5.662,-10.909,12.291
5688,189.6,581.49,295.24,-3.649,-3.971,5.393
5689,189.633,581.38,295.23,-1.638,2.998,3.417
5690,189.667,581.32,295.18,0.384,10.159,10.167
5691,189.7,581.18,295.15,1.881,15.155,15.271
5692,189.733,581.31,295.01,3.267,20.749,21.004
5693,189.767,581.72,294.93,4.289,24.888,25.255
5694,189.8,582.11,293.71,4.919,27.197,27.638
5695,189.833,582.81,294.73,5.171,28.109,28.581
5696,189.867,583.39,297.38,5.089,27.923,28.383
5697,189.9,583.82,301.16,4.374,25.326,25.701
5698,189.933,584.48,306.87,3.142,21.776,22.002
5699,189.967,584.45,308.24,1.4,16.455,16.515
5700,190.0,584.62,310.75,-0.302,11.442,11.446
5701,190.033,584.08,309.45,-1.857,6.145,6.419
5702,190.067,583.0,304.71,-3.348,-0.399,3.372
5703,190.1,581.87,299.5,-4.655,-6.858,8.289
5704,190.133,581.54,298.72,-5.722,-13.061,14.259
5705,190.167,581.19,296.82,-6.499,-18.688,19.786
5706,190.2,581.87,300.16,-6.847,-23.379,24.361
5707,190.233,582.08,299.94,-6.587,-26.785,27.583
5708,190.267,582.58,302.57,-5.806,-28.756,29.337
5709,190.3,582.36,301.91,-4.61,-28.871,29.237
5710,190.333,581.92,299.78,-3.061,-26.048,26.227
5711,190.367,581.27,296.08,-1.444,-21.011,21.06
5712,190.4,581.24,295.73,0.049,-15.012,15.012
5713,190.433,580.98,293.05,1.315,-9.195,9.289
5714,190.467,581.35,294.3,2.065,-5.441,5.82
5715,190.5,581.55,294.68,2.437,-2.955,3.831
5716,190.533,581.66,295.2,2.173,-2.948,3.663
5717,190.567,581.62,295.49,1.594,-4.037,4.341
5718,190.6,581.66,295.49,1.035,-4.167,4.294
5719,190.633,581.87,295.75,0.761,-1.695,1.857
5720,190.667,582.12,295.91,0.223,-0.146,0.267
5721,190.7,582.25,295.97,-0.295,2.143,2.163
5722,190.733,582.24,295.81,-1.056,2.946,3.129
5723,190.767,582.25,296.07,-1.815,3.566,4.001
5724,190.8,582.13,296.08,-2.762,2.527,3.743
5725,190.833,581.93,295.8,-3.35,1.728,3.769
5726,190.867,581.68,295.32,-3.645,0.314,3.659
5727,190.9,581.52,295.45,-3.202,0.793,3.299
5728,190.933,581.37,295.7,-2.681,-0.508,2.729
5729,190.967,581.13,295.57,-1.844,-1.068,2.131
5730,191.0,580.9,295.94,-1.038,-2.248,2.476
5731,191.033,580.76,296.13,-0.336,-3.616,3.632
5732,191.067,580.52,295.98,0.449,-3.465,3.494
5733,191.1,580.34,295.43,1.513,-0.633,1.641
5734,191.133,580.1,293.22,2.49,3.576,4.357
5735,191.167,580.79,295.4,3.38,10.469,11.001
5736,191.2,581.5,296.72,3.755,16.927,17.339
5737,191.233,581.98,297.49,3.448,20.948,21.23
5738,191.267,582.34,298.3,2.515,22.871,23.009
5739,191.3,582.68,298.47,0.978,22.493,22.515
5740,191.333,582.37,296.21,-0.751,21.581,21.594
5741,191.367,582.35,296.99,-2.51,20.829,20.98
5742,191.4,581.61,294.86,-4.057,20.952,21.341
5743,191.433,581.62,298.41,-5.284,21.765,22.397
5744,191.467,581.43,301.25,-6.473,21.062,22.034
5745,191.5,581.28,304.75,-7.598,18.344,19.855
5746,191.533,581.31,309.28,-8.561,14.291,16.659
5747,191.567,580.92,310.45,-9.271,9.315,13.142
5748,191.6,579.96,307.93,-9.587,3.121,10.082
5749,191.633,579.42,306.67,-9.468,-3.348,10.042
5750,191.667,578.42,299.78,-8.702,-8.035,11.844
5751,191.7,577.99,296.95,-7.767,-13.021,15.161
5752,191.733,578.06,298.25,-6.822,-18.025,19.273
5753,191.767,578.38,300.08,-5.828,-22.54,23.282
5754,191.8,578.99,303.27,-4.885,-26.418,26.866
5755,191.833,579.14,303.74,-4.117,-29.382,29.669
5756,191.867,579.2,302.86,-3.351,-30.211,30.396
5757,191.9,578.88,299.87,-2.745,-29.456,29.584
5758,191.933,578.13,295.06,-1.94,-25.144,25.219
5759,191.967,577.91,293.78,-1.415,-19.766,19.816
5760,192.0,577.87,294.51,-1.265,-14.462,14.517
5761,192.033,577.88,294.11,-1.287,-10.707,10.784
5762,192.067,577.83,293.3,-1.523,-9.958,10.074
5763,192.1,577.79,294.23,-1.812,-11.352,11.495
5764,192.133,577.87,294.87,-1.816,-12.421,12.553
5765,192.167,577.82,294.32,-1.748,-12.996,13.113
5766,192.2,577.86,294.49,-1.373,-9.015,9.119
5767,192.233,577.98,294.93,-0.637,-0.944,1.139
5768,192.267,577.95,295.02,0.219,7.593,7.596
5769,192.3,577.93,294.79,1.334,16.635,16.688
5770,192.333,577.88,294.71,3.023,24.776,24.96
5771,192.367,577.94,295.66,5.716,31.975,32.482
5772,192.4,577.95,295.83,9.023,37.842,38.903
5773,192.433,577.92,295.54,12.52,42.601,44.402
5774,192.467,578.23,294.64,15.499,46.683,49.188
5775,192.5,579.04,295.55,17.247,48.276,51.265
5776,192.533,579.54,298.15,17.628,45.696,48.978
5777,192.567,579.87,301.69,16.913,40.705,44.079
5778,192.6,580.18,306.12,15.377,34.821,38.065
5779,192.633,580.51,309.71,12.944,26.076,29.111
5780,192.667,581.18,312.34,9.849,15.705,18.537
5781,192.7,582.39,313.15,6.406,5.264,8.292
5782,192.733,583.56,311.78,2.758,-4.804,5.539
5783,192.767,585.19,313.19,-0.969,-14.21,14.243
5784,192.8,586.45,312.15,-4.568,-22.364,22.826
5785,192.833,586.25,309.3,-7.904,-28.711,29.779
5786,192.867,584.35,305.55,-10.774,-32.717,34.446
5787,192.9,581.82,301.23,-13.331,-36.732,39.076
5788,192.933,579.16,297.03,-15.253,-39.546,42.385
5789,192.967,577.78,294.2,-16.325,-40.351,43.528
5790,193.0,577.48,293.02,-16.605,-38.252,41.7
5791,193.033,577.67,294.67,-16.35,-33.856,37.597
5792,193.067,577.66,295.18,-15.472,-27.727,31.751
5793,193.1,577.44,293.98,-13.865,-20.285,24.57
5794,193.133,577.79,296.48,-11.525,-12.764,17.197
5795,193.167,577.99,298.17,-8.512,-6.144,10.498
5796,193.2,578.05,299.07,-5.069,-0.799,5.132
5797,193.233,578.06,299.3,-1.68,3.398,3.791
5798,193.267,577.97,299.12,1.312,6.929,7.052
5799,193.3,577.85,298.24,3.189,7.779,8.408
5800,193.333,577.7,296.63,3.445,6.376,7.247
5801,193.367,577.39,293.47,2.523,3.874,4.623
5802,193.4,577.64,294.51,1.142,0.883,1.443
5803,193.433,577.66,294.84,-0.1,-1.651,1.654
5804,193.467,577.6,295.03,-0.626,-2.851,2.919
5805,193.5,577.57,295.3,-0.459,-2.646,2.685
5806,193.533,577.59,296.3,-0.087,-1.401,1.404
5807,193.567,577.66,297.16,0.221,-0.6,0.64
5808,193.6,577.67,297.08,0.532,-0.048,0.534
5809,193.633,577.67,296.75,0.951,1.455,1.738
5810,193.667,577.72,297.03,1.19,2.231,2.529
5811,193.7,577.74,296.91,1.238,2.162,2.491
5812,193.733,577.72,296.46,1.115,1.106,1.571
5813,193.767,577.68,296.15,0.864,-0.583,1.042
5814,193.8,577.66,296.19,0.596,-2.204,2.283
5815,193.833,577.94,296.65,0.179,-4.617,4.621
5816,193.867,577.92,296.38,-0.294,-7.648,7.653
5817,193.9,578.02,296.33,-0.654,-9.651,9.673
5818,193.933,578.16,296.11,-1.083,-11.675,11.725
5819,193.967,578.23,295.52,-1.437,-12.857,12.937
5820,194.0,577.87,294.85,-1.66,-12.469,12.579
5821,194.033,577.72,294.29,-1.665,-9.675,9.817
5822,194.067,577.62,294.09,-1.411,-4.39,4.611
5823,194.1,577.52,294.45,-1.163,1.11,1.608
5824,194.133,577.44,294.59,-0.585,8.704,8.724
5825,194.167,577.39,294.5,0.082,16.531,16.531
5826,194.2,577.38,294.5,0.917,24.64,24.657
5827,194.233,577.42,295.05,1.991,33.417,33.476
5828,194.267,577.43,295.25,2.929,40.306,40.412
5829,194.3,577.28,293.84,3.857,46.013,46.174
5830,194.333,577.51,294.99,4.51,48.635,48.843
5831,194.367,577.78,298.02,4.491,46.426,46.643
5832,194.4,578.1,301.84,4.311,42.701,42.918
5833,194.433,578.41,305.8,3.77,36.417,36.612
5834,194.467,578.67,309.58,3.098,29.976,30.136
5835,194.5,578.97,312.62,2.398,24.43,24.547
5836,194.533,579.11,313.54,1.67,18.231,18.307
5837,194.567,579.04,311.88,1.053,12.858,12.901
5838,194.6,579.46,313.58,0.296,6.484,6.491
5839,194.633,579.14,310.65,-0.658,-1.617,1.746
5840,194.667,579.18,310.28,-1.531,-9.841,9.96
5841,194.7,578.85,307.81,-2.318,-18.003,18.152
5842,194.733,578.06,302.49,-2.983,-25.196,25.372
5843,194.767,577.87,301.38,-3.546,-31.315,31.515
5844,194.8,577.32,297.98,-4.021,-36.053,36.277
5845,194.833,577.25,297.93,-4.274,-37.929,38.169
5846,194.867,577.89,302.72,-4.41,-37.282,37.541
5847,194.9,577.89,302.73,-4.442,-34.855,35.137
5848,194.933,578.3,305.75,-4.338,-31.243,31.542
5849,194.967,578.19,304.49,-4.146,-27.434,27.745
5850,195.0,577.72,300.5,-3.84,-23.873,24.18
5851,195.033,577.63,299.43,-3.467,-21.201,21.482
5852,195.067,577.06,294.87,-2.989,-19.082,19.315
5853,195.1,576.96,293.71,-2.391,-16.559,16.731
5854,195.133,577.2,294.79,-2.047,-15.741,15.873
5855,195.167,577.0,293.96,-1.69,-14.575,14.672
5856,195.2,576.82,294.06,-1.553,-14.525,14.608
5857,195.233,576.6,293.35,-1.502,-14.633,14.71
5858,195.267,576.41,292.76,-1.254,-13.018,13.079
5859,195.3,576.4,292.95,-0.913,-10.776,10.815
5860,195.333,576.51,293.43,-0.198,-6.205,6.208
5861,195.367,576.65,293.7,0.73,-0.368,0.818
5862,195.4,576.88,293.91,1.485,3.568,3.864
5863,195.433,577.02,293.81,2.239,7.241,7.58
5864,195.467,577.23,294.35,2.625,7.993,8.413
5865,195.5,577.37,294.3,2.781,7.1,7.626
5866,195.533,577.41,294.38,2.843,6.039,6.675
5867,195.567,577.32,294.26,2.687,4.076,4.882
5868,195.6,577.24,294.08,2.594,3.56,4.405
5869,195.633,577.23,294.16,2.528,3.907,4.654
5870,195.667,577.24,293.93,2.303,3.875,4.508
5871,195.7,577.32,294.21,2.051,4.365,4.823
5872,195.733,577.48,294.64,1.693,4.38,4.696
5873,195.767,577.76,295.55,1.299,3.988,4.194
5874,195.8,577.91,296.03,0.929,3.603,3.721
5875,195.833,577.96,296.13,0.576,3.088,3.142
5876,195.867,577.98,295.69,0.238,2.268,2.281
5877,195.9,577.87,295.41,-0.017,1.392,1.392
5878,195.933,577.7,294.43,-0.282,0.414,0.501
5879,195.967,577.64,294.39,-0.512,-0.276,0.581
5880,196.0,577.6,294.8,-0.767,-1.241,1.459
5881,196.033,577.69,295.75,-1.042,-2.348,2.569
5882,196.067,577.76,296.37,-1.326,-3.571,3.809
5883,196.1,577.86,296.72,-1.386,0.55,1.492
5884,196.133,577.7,296.0,-1.37,1.821,2.279
5885,196.167,577.43,295.21,-1.263,0.897,1.549
5886,196.2,577.2,293.76,-1.071,-1.368,1.737
5887,196.233,577.16,293.24,-0.676,-3.937,3.995
5888,196.267,577.19,293.7,-0.726,-13.072,13.092
5889,196.3,577.27,293.85,-0.725,-20.305,20.318
5890,196.333,577.37,293.87,-0.743,-25.256,25.267
5891,196.367,577.47,294.04,-0.666,-27.84,27.848
5892,196.4,577.42,293.89,-0.541,-28.244,28.249
5893,196.433,577.45,293.86,-0.301,-26.335,26.337
5894,196.467,577.45,293.32,0.118,-21.804,21.804
5895,196.5,577.46,293.2,0.79,-14.567,14.589
5896,196.533,577.48,293.45,1.216,-8.363,8.451
5897,196.567,577.57,293.79,1.333,-3.817,4.043
5898,196.6,577.27,279.65,1.365,0.708,1.538
5899,196.633,577.27,280.45,1.158,4.312,4.464
5900,196.667,577.25,281.19,0.832,7.122,7.17
5901,196.7,577.25,281.88,0.626,10.385,10.404
5902,196.733,576.87,280.63,0.688,15.073,15.088
5903,196.767,577.92,296.62,1.128,21.879,21.908
5904,196.8,577.97,298.21,1.736,28.705,28.758
5905,196.833,578.19,298.91,2.42,34.889,34.973
5906,196.867,578.2,299.04,3.262,41.351,41.48
5907,196.9,578.24,299.51,3.91,45.767,45.934
5908,196.933,578.2,298.86,4.341,47.425,47.623
5909,196.967,578.02,297.31,4.43,45.725,45.939
5910,197.0,577.36,292.91,4.151,40.762,40.972
5911,197.033,577.68,295.02,3.6,33.027,33.223
5912,197.067,578.17,298.68,2.847,22.37,22.551
5913,197.1,578.27,299.24,1.952,8.787,9.002
5914,197.133,578.66,301.65,1.101,1.054,1.525
5915,197.167,579.22,305.55,0.227,-5.544,5.548
5916,197.2,579.58,307.6,-0.59,-10.377,10.393
5917,197.233,579.74,308.27,-1.423,-13.406,13.482
5918,197.267,579.36,305.34,-1.926,-12.199,12.35
5919,197.3,579.13,303.91,-2.777,-15.607,15.852
5920,197.333,578.84,302.73,-3.582,-19.151,19.483
5921,197.367,578.03,297.64,-4.367,-22.574,22.992
5922,197.4,577.64,295.25,-5.064,-25.606,26.102
5923,197.433,577.35,293.86,-5.631,-28.267,28.822
5924,197.467,577.25,293.51,-6.003,-30.151,30.743
5925,197.5,577.35,294.02,-6.171,-30.747,31.36
5926,197.533,577.37,293.64,-5.733,-27.372,27.966
5927,197.567,577.33,293.4,-5.021,-22.469,23.023
5928,197.6,577.12,293.23,-4.307,-17.72,18.236
5929,197.633,576.98,293.25,-3.446,-12.078,12.56
5930,197.667,576.84,293.01,-2.425,-1.721,2.973
5931,197.7,576.63,292.64,-1.516,4.241,4.504
5932,197.733,576.7,293.76,-0.81,6.219,6.271
5933,197.767,576.72,293.82,-0.395,4.638,4.654
5934,197.8,576.74,292.71,-0.136,-3.51,3.512
5935,197.833,576.79,292.47,-0.097,-11.071,11.072
5936,197.867,576.74,292.27,-0.241,-18.465,18.467
5937,197.9,576.75,292.06,-0.25,-23.581,23.583
5938,197.933,576.69,291.46,-0.163,-26.753,26.753
5939,197.967,576.55,291.23,0.06,-27.851,27.851
5940,198.0,576.65,291.73,0.37,-27.088,27.09
5941,198.033,576.68,291.41,0.662,-24.692,24.701
5942,198.067,576.61,290.64,0.895,-20.828,20.847
5943,198.1,576.83,290.76,1.055,-15.909,15.944
5944,198.133,577.14,291.06,1.24,-10.264,10.338
5945,198.167,577.01,277.64,1.451,-4.223,4.466
5946,198.2,576.91,277.48,1.677,2.011,2.619
5947,198.233,576.8,277.19,1.995,8.389,8.623
5948,198.267,576.76,276.69,2.249,13.646,13.83
5949,198.3,576.87,289.76,2.447,18.146,18.31
5950,198.333,577.0,290.0,2.521,22.039,22.183
5951,198.367,577.16,290.82,2.506,24.743,24.87
5952,198.4,577.38,292.32,2.445,25.94,26.055
5953,198.433,577.53,293.67,2.205,25.685,25.779
5954,198.467,577.63,294.58,1.772,24.309,24.374
5955,198.5,577.67,295.02,1.261,21.865,21.902
5956,198.533,577.67,294.3,0.721,17.908,17.922
5957,198.567,577.7,293.84,0.272,12.93,12.933
5958,198.6,577.76,293.48,-0.05,7.034,7.034
5959,198.633,577.77,293.15,-0.371,-0.261,0.454
5960,198.667,577.71,292.68,-0.829,-9.389,9.425
5961,198.7,577.66,292.3,-1.241,-12.065,12.128
5962,198.733,577.54,291.68,-1.572,-12.795,12.892
5963,198.767,577.44,291.48,-1.765,-10.772,10.915
5964,198.8,577.3,290.62,-1.786,-5.204,5.502
5965,198.833,577.27,290.26,-1.653,-3.668,4.023
5966,198.867,577.08,290.23,-1.458,-1.473,2.072
5967,198.9,576.84,290.9,-1.095,1.363,1.749
5968,198.933,576.81,291.65,-0.814,3.189,3.291
5969,198.967,577.03,292.36,-0.703,3.434,3.505
5970,199.0,577.3,292.77,-0.904,1.462,1.719
5971,199.033,577.39,293.17,-0.991,-0.02,0.991
5972,199.067,577.29,292.98,-0.937,-0.63,1.129
5973,199.1,577.23,292.87,-0.768,-0.8,1.109
5974,199.133,577.13,292.71,-0.369,0.802,0.883
5975,199.167,577.12,292.91,0.369,4.76,4.775
5976,199.2,577.14,292.76,1.212,9.581,9.658
5977,199.233,577.17,293.08,2.109,14.822,14.971
5978,199.267,577.21,293.04,2.586,18.782,18.959
5979,199.3,577.2,292.82,2.763,21.47,21.647
5980,199.333,577.1,292.69,2.661,22.63,22.786
5981,199.367,577.13,292.41,2.31,22.442,22.56
5982,199.4,576.84,291.19,2.082,22.465,22.561
5983,199.433,576.89,292.36,2.172,22.789,22.892
5984,199.467,577.23,295.18,2.614,23.755,23.899
5985,199.5,578.16,301.1,3.054,24.023,24.216
5986,199.533,578.44,302.53,2.858,21.159,21.351
5987,199.567,578.72,304.2,2.129,15.46,15.606
5988,199.6,579.01,306.85,1.425,9.791,9.894
5989,199.633,578.88,306.23,0.54,3.627,3.667
5990,199.667,578.22,302.42,-0.276,-1.664,1.687
5991,199.7,577.73,299.84,-0.86,-5.575,5.641
5992,199.733,577.01,296.53,-1.058,-7.387,7.462
5993,199.767,577.31,296.44,-1.15,-8.908,8.982
5994,199.8,577.52,296.19,-1.244,-10.665,10.737
5995,199.833,577.95,298.01,-1.18,-11.546,11.606
5996,199.867,578.46,300.57,-0.94,-11.628,11.666
5997,199.9,578.48,300.25,-0.918,-12.004,12.039
5998,199.933,578.13,298.49,-0.622,-10.681,10.699
5999,199.967,577.27,294.34,-0.18,-8.322,8.324
6000,200.0,576.55,291.44,0.291,-5.43,5.438
6001,200.033,577.04,294.35,0.41,-4.215,4.235
6002,200.067,577.8,298.81,0.371,-3.341,3.362
6003,200.1,577.78,299.22,0.435,-2.815,2.848
6004,200.133,578.33,301.49,-0.007,-5.957,5.957
6005,200.167,578.63,301.63,-0.854,-10.628,10.662
6006,200.2,578.56,299.98,-1.619,-14.408,14.499
6007,200.233,577.93,295.92,-2.531,-16.959,17.147
6008,200.267,577.68,294.19,-2.961,-16.663,16.924
6009,200.3,577.61,294.07,-3.324,-15.622,15.972
6010,200.333,577.17,292.11,-3.46,-14.016,14.437
6011,200.367,576.7,290.23,-3.56,-12.882,13.364
6012,200.4,577.04,291.88,-4.193,-14.533,15.126
6013,200.433,576.94,292.19,-4.967,-16.241,16.984
6014,200.467,576.94,292.72,-5.474,-16.909,17.773
6015,200.5,576.94,292.64,-4.992,-12.84,13.776
6016,200.533,576.95,292.37,-3.32,-2.993,4.469
6017,200.567,576.92,291.9,-1.173,8.517,8.598
6018,200.6,575.97,289.78,1.022,19.1,19.128
6019,200.633,575.92,292.56,3.263,28.93,29.114
6020,200.667,576.08,294.23,4.936,35.311,35.655
6021,200.7,575.99,295.1,5.88,37.62,38.076
6022,200.733,576.67,295.43,5.956,35.757,36.25
6023,200.767,576.82,293.97,5.535,32.664,33.13
6024,200.8,577.09,294.19,4.803,28.171,28.578
6025,200.833,577.07,295.35,4.032,22.601,22.958
6026,200.867,577.05,296.72,3.167,15.877,16.19
6027,200.9,578.12,302.45,2.39,9.43,9.728
6028,200.933,579.05,306.14,1.561,2.457,2.911
6029,200.967,579.74,310.1,0.754,-4.012,4.082
6030,201.0,579.61,309.71,-0.163,-9.82,9.821
6031,201.033,578.93,305.51,-1.221,-14.545,14.596
6032,201.067,578.16,301.6,-2.1,-18.016,18.138
6033,201.1,577.24,297.36,-2.753,-19.344,19.539
6034,201.133,576.48,293.26,-3.071,-20.214,20.445
6035,201.167,576.03,290.57,-3.213,-22.326,22.556
6036,201.2,575.83,289.91,-3.638,-25.039,25.302
6037,201.233,576.3,292.07,-4.084,-28.033,28.329
6038,201.267,577.0,292.67,-4.107,-28.889,29.179
6039,201.3,577.39,293.3,-3.266,-25.443,25.652
6040,201.333,577.08,292.35,-2.172,-17.398,17.533
6041,201.367,577.33,294.68,-0.592,-5.231,5.264
6042,201.4,577.56,296.3,1.41,8.76,8.873
6043,201.433,577.31,297.15,2.983,20.427,20.644
6044,201.467,577.2,297.17,3.782,28.878,29.124
6045,201.5,577.28,296.49,3.403,30.533,30.722
6046,201.533,577.53,295.21,2.225,27.213,27.303
6047,201.567,577.05,293.5,0.633,20.579,20.588
6048,201.6,576.22,289.45,-1.188,12.785,12.84
6049,201.633,576.24,291.72,-3.051,5.694,6.46
6050,201.667,576.09,294.71,-4.472,1.874,4.849
6051,201.7,577.06,298.56,-5.384,0.8,5.443
6052,201.733,578.44,304.37,-5.764,1.375,5.926
6053,201.767,578.31,307.02,-6.648,6.633,9.391
6054,201.8,577.26,307.31,-7.266,9.102,11.646
6055,201.833,576.97,304.42,-7.076,4.003,8.13
6056,201.867,576.22,298.79,-6.559,1.332,6.692
6057,201.9,575.31,294.81,-5.906,-0.576,5.934
6058,201.933,574.6,291.87,-5.693,3.318,6.589
6059,201.967,574.08,289.11,-5.142,3.482,6.209
6060,202.0,574.21,291.38,-4.475,-0.23,4.481
6061,202.033,574.28,293.87,-3.593,-5.51,6.578
6062,202.067,574.3,298.84,-2.876,-12.233,12.567
6063,202.1,574.44,302.14,-2.111,-19.391,19.506
6064,202.133,574.96,304.34,-0.992,-24.338,24.358
6065,202.167,574.92,302.43,0.259,-28.577,28.578
6066,202.2,574.79,300.74,1.775,-32.267,32.316
6067,202.233,574.61,299.52,3.163,-34.425,34.57
6068,202.267,576.39,285.29,3.978,-35.587,35.808
6069,202.3,576.52,285.11,4.54,-36.21,36.493
6070,202.333,575.17,299.36,5.015,-37.605,37.938
6071,202.367,575.1,297.91,4.994,-39.23,39.547
6072,202.4,574.79,295.59,4.596,-39.585,39.851
6073,202.433,575.71,277.77,3.9,-39.068,39.262
6074,202.467,575.6,276.64,3.408,-35.458,35.622
6075,202.5,575.84,278.05,3.329,-27.602,27.802
6076,202.533,575.55,276.97,3.579,-16.691,17.071
6077,202.567,575.64,278.11,3.966,-4.309,5.856
6078,202.6,576.06,280.54,4.499,7.049,8.362
6079,202.633,576.62,283.9,5.017,16.122,16.884
6080,202.667,577.17,287.38,5.054,21.5,22.086
6081,202.7,577.75,291.74,4.702,23.637,24.1
6082,202.733,577.75,292.82,4.417,23.516,23.927
6083,202.767,577.26,289.61,3.951,18.453,18.871
6084,202.8,576.68,285.82,2.367,17.316,17.477
6085,202.833,576.48,284.25,0.21,15.844,15.846
6086,202.867,576.44,284.24,-1.532,6.018,6.21
6087,202.9,576.77,285.76,-3.19,-6.37,7.124
6088,202.933,577.68,289.98,-4.39,-20.514,20.978
6089,202.967,577.93,291.26,-5.641,-27.08,27.661
6090,203.0,577.83,291.47,-6.541,-31.781,32.447
6091,203.033,577.15,288.44,-7.329,-35.777,36.52
6092,203.067,576.63,285.78,-7.647,-37.163,37.941
6093,203.1,575.91,282.31,-7.634,-36.39,37.182
6094,203.133,575.18,279.08,-7.36,-33.909,34.699
6095,203.167,574.82,276.67,-6.966,-30.56,31.344
6096,203.2,574.88,276.14,-5.638,-31.058,31.565
6097,203.233,574.18,272.9,-4.866,-30.817,31.198
6098,203.267,574.28,275.05,-4.559,-30.309,30.65
6099,203.3,574.25,276.25,-4.429,-27.59,27.943
6100,203.333,574.44,277.02,-4.311,-21.937,22.357
6101,203.367,574.58,277.16,-4.208,-13.61,14.245
6102,203.4,574.76,277.01,-3.949,-3.214,5.092
6103,203.433,574.72,275.96,-3.099,9.556,10.046
6104,203.467,574.5,275.19,-1.671,23.209,23.269
6105,203.5,574.33,275.07,0.015,36.215,36.215
6106,203.533,574.42,276.02,1.758,47.133,47.166
6107,203.567,574.49,276.68,3.467,56.001,56.108
6108,203.6,574.75,277.22,4.72,61.498,61.679
6109,203.633,574.9,277.41,5.253,63.748,63.964
6110,203.667,575.1,277.5,4.083,67.481,67.604
6111,203.7,572.82,288.45,3.173,66.784,66.86
6112,203.733,572.83,288.85,2.3,61.086,61.129
6113,203.767,573.24,291.37,1.678,52.658,52.685
6114,203.8,573.91,294.26,0.926,39.842,39.853
6115,203.833,574.99,297.88,1.383,19.545,19.594
6116,203.867,576.42,301.21,0.964,1.471,1.758
6117,203.9,577.9,304.53,-0.383,-13.118,13.123
6118,203.933,578.13,304.07,-2.321,-23.673,23.786
6119,203.967,576.83,299.25,-5.247,-24.777,25.327
6120,204.0,575.57,295.03,-6.045,-30.458,31.052
6121,204.033,574.05,290.78,-6.475,-33.336,33.959
6122,204.067,572.59,287.27,-6.864,-34.424,35.102
6123,204.1,571.54,285.63,-7.249,-32.622,33.418
6124,204.133,571.33,285.34,-7.756,-27.844,28.904
6125,204.167,574.44,273.81,-8.495,-19.867,21.607
6126,204.2,574.03,273.4,-10.566,-3.325,11.077
6127,204.233,573.51,274.86,-10.442,8.266,13.318
6128,204.267,573.35,277.85,-7.613,14.596,16.462
6129,204.3,573.43,282.62,-4.526,21.759,22.225
6130,204.333,570.13,300.55,-1.437,28.544,28.58
6131,204.367,570.5,302.85,1.094,33.537,33.555
6132,204.4,571.62,302.74,2.4,35.263,35.344
6133,204.433,572.62,300.63,2.071,32.294,32.36
6134,204.467,575.73,283.3,0.729,26.338,26.348
6135,204.5,572.36,295.15,-0.659,19.859,19.87
6136,204.533,571.77,294.71,-1.97,13.159,13.305
6137,204.567,571.55,295.95,-2.928,6.281,6.93
6138,204.6,571.44,295.62,-3.148,-0.554,3.197
6139,204.633,571.42,295.45,-2.715,-7.908,8.361
6140,204.667,571.8,295.77,-3.304,-11.395,11.864
6141,204.7,575.34,282.55,-4.521,-11.221,12.098
6142,204.733,575.14,282.13,-5.055,-9.762,10.993
6143,204.767,570.99,294.02,-4.924,-6.882,8.462
6144,204.8,570.48,293.29,-4.483,-2.94,5.361
6145,204.833,569.98,292.94,-4.012,1.101,4.16
6146,204.867,569.87,292.63,-1.625,-2.848,3.279
6147,204.9,570.39,293.39,1.139,-9.498,9.566
6148,204.933,571.23,294.99,3.638,-18.048,18.411
6149,204.967,571.61,295.06,5.672,-27.148,27.734
6150,205.0,571.45,293.97,5.725,-27.012,27.612
6151,205.033,571.28,292.19,6.721,-30.745,31.471
6152,205.067,571.22,291.23,9.355,-38.458,39.579
6153,205.1,570.88,290.54,11.297,-43.827,45.26
6154,205.133,570.91,290.52,12.798,-46.624,48.348
6155,205.167,575.08,277.75,13.368,-47.434,49.282
6156,205.2,575.3,278.02,13.159,-47.142,48.945
6157,205.233,575.2,277.54,10.278,-37.716,39.091
6158,205.267,574.98,276.99,5.185,-20.81,21.446
6159,205.3,574.88,276.87,3.087,-14.254,14.585
6160,205.333,574.76,277.39,1.251,-6.168,6.294
6161,205.367,574.54,277.78,-0.225,3.28,3.287
6162,205.4,574.55,278.09,-1.503,13.486,13.57
6163,205.433,574.82,278.62,-2.715,23.433,23.589
6164,205.467,575.11,278.75,-3.944,32.542,32.78
6165,205.5,575.34,278.42,-5.117,39.67,39.999
6166,205.533,575.77,278.44,-6.024,42.971,43.391
6167,205.567,571.89,291.45,-6.258,43.349,43.799
6168,205.6,571.84,291.79,-5.767,40.982,41.386
6169,205.633,571.32,291.88,-4.34,36.199,36.459
6170,205.667,572.06,291.95,-2.127,28.678,28.757
6171,205.7,572.49,292.13,-1.552,26.489,26.535
6172,205.733,573.07,290.96,-1.344,25.464,25.499
6173,205.767,576.34,280.95,-1.329,25.111,25.147
6174,205.8,573.52,294.3,-1.257,25.511,25.542
6175,205.833,573.22,295.16,-1.08,26.435,26.457
6176,205.867,573.03,295.15,-0.851,27.445,27.458
6177,205.9,573.21,295.26,-0.488,28.558,28.563
6178,205.933,573.3,295.02,-0.028,29.799,29.799
6179,205.967,573.11,292.56,0.251,31.174,31.175
6180,206.0,573.08,291.46,-0.012,33.008,33.008
6181,206.033,573.34,295.1,-0.799,36.003,36.012
6182,206.067,573.04,298.78,-2.318,40.5,40.566
6183,206.1,572.64,302.26,-2.232,38.652,38.716
6184,206.133,572.28,305.16,-1.763,36.484,36.526
6185,206.167,572.18,307.87,-0.702,33.478,33.485
6186,206.2,572.24,308.9,0.427,29.25,29.253
6187,206.233,572.64,307.88,1.733,23.544,23.607
6188,206.267,573.11,307.85,3.015,16.77,17.039
6189,206.3,573.33,307.56,2.495,15.916,16.11
6190,206.333,573.37,307.2,2.868,10.435,10.822
6191,206.367,573.5,306.94,3.235,5.019,5.971
6192,206.4,573.56,306.65,2.757,6.238,6.82
6193,206.433,573.39,306.5,2.579,5.007,5.632
6194,206.467,573.25,306.37,2.699,1.359,3.022
6195,206.5,573.6,306.45,3.119,-3.45,4.651
6196,206.533,573.8,306.39,3.658,-9.167,9.87
6197,206.567,573.88,306.29,4.879,-20.755,21.321
6198,206.6,574.09,307.57,5.708,-30.371,30.902
6199,206.633,574.04,305.53,6.27,-38.126,38.639
6200,206.667,574.27,304.08,6.558,-44.439,44.92
6201,206.7,574.43,303.31,6.595,-49.445,49.883
6202,206.733,574.44,303.27,6.358,-52.965,53.345
6203,206.767,574.46,305.06,5.715,-54.178,54.479
6204,206.8,574.43,305.2,4.617,-53.533,53.732
6205,206.833,574.46,304.38,3.198,-51.084,51.184
6206,206.867,574.58,302.74,1.649,-47.013,47.042
6207,206.9,577.02,283.67,0.021,-41.649,41.649
6208,206.933,577.11,279.78,-1.592,-35.15,35.186
6209,206.967,576.96,277.17,-2.97,-27.569,27.729
6210,207.0,576.79,276.9,-4.922,-14.732,15.533
6211,207.033,576.64,279.03,-6.249,-4.543,7.726
6212,207.067,574.18,292.79,-6.962,3.184,7.656
6213,207.1,573.85,293.27,-7.104,8.65,11.193
6214,207.133,573.5,293.32,-6.854,11.31,13.225
6215,207.167,573.36,293.81,-6.122,12.929,14.305
6216,207.2,573.22,293.57,-5.109,12.938,13.91
6217,207.233,573.17,293.45,-3.806,11.203,11.832
6218,207.267,573.2,293.32,-2.131,7.58,7.874
6219,207.3,573.33,292.99,-0.122,0.613,0.625
6220,207.333,573.5,292.6,3.103,-14.33,14.662
6221,207.367,573.62,292.27,5.134,-24.318,24.854
6222,207.4,573.69,292.18,7.36,-37.329,38.047
6223,207.433,573.73,292.12,8.296,-43.073,43.864
6224,207.467,573.72,291.47,8.611,-46.011,46.81
6225,207.5,576.16,278.21,8.371,-45.027,45.799
6226,207.533,576.13,278.29,7.508,-40.032,40.73
6227,207.567,576.05,278.57,5.927,-31.731,32.279
6228,207.6,576.0,278.83,5.022,-27.283,27.742
6229,207.633,576.07,278.55,4.189,-22.207,22.599
6230,207.667,576.13,277.59,3.5,-16.726,17.088
6231,207.7,576.3,277.79,2.776,-11.689,12.014
6232,207.733,576.39,278.11,2.054,-7.131,7.42
6233,207.767,576.34,277.99,1.423,-3.119,3.429
6234,207.8,576.24,278.23,0.929,0.037,0.93
6235,207.833,573.62,292.06,0.66,2.911,2.985
6236,207.867,576.03,278.29,0.493,4.339,4.367
6237,207.9,576.02,278.0,0.361,3.304,3.324
6238,207.933,576.07,278.27,0.482,0.937,1.053
6239,207.967,576.29,279.42,0.981,-2.808,2.974
6240,208.0,576.42,279.94,1.995,-7.783,8.034
6241,208.033,576.57,279.85,2.202,-6.212,6.591
6242,208.067,576.8,279.32,2.513,-2.917,3.85
6243,208.1,576.91,278.6,3.689,-3.935,5.394
6244,208.133,576.76,277.74,4.208,-4.053,5.842
6245,208.167,576.53,277.02,3.8,-4.707,6.05
6246,208.2,576.56,277.06,2.778,-2.741,3.902
6247,208.233,576.72,277.62,1.297,1.854,2.263
6248,208.267,576.79,278.03,-0.396,9.148,9.157
6249,208.3,576.81,278.87,-2.088,19.431,19.543
6250,208.333,576.59,278.1,-3.764,32.037,32.257
6251,208.367,576.58,279.38,-4.025,36.29,36.512
6252,208.4,576.92,283.31,-5.897,48.479,48.837
6253,208.433,577.06,284.9,-7.195,55.138,55.605
6254,208.467,577.11,285.79,-7.822,57.722,58.249
6255,208.5,577.08,285.86,-7.247,50.956,51.469
6256,208.533,576.79,283.99,-6.673,43.286,43.797
6257,208.567,576.25,280.49,-6.738,40.683,41.238
6258,208.6,573.38,291.07,-6.438,35.905,36.477
6259,208.633,573.18,293.17,-5.697,28.939,29.495
6260,208.667,573.81,300.14,-4.428,20.029,20.513
6261,208.7,574.24,302.54,-2.704,9.933,10.295
6262,208.733,574.55,303.38,-0.746,-0.909,1.176
6263,208.767,574.55,302.45,1.195,-11.852,11.912
6264,208.8,574.25,299.07,3.06,-22.193,22.403
6265,208.833,573.96,293.7,4.886,-30.621,31.008
6266,208.867,574.1,291.04,6.598,-37.784,38.356
6267,208.9,576.5,276.91,8.123,-43.659,44.408
6268,208.933,576.81,278.9,9.162,-48.919,49.77
6269,208.967,576.84,278.98,9.694,-52.394,53.283
6270,209.0,575.0,293.52,9.703,-53.502,54.375
6271,209.033,575.29,294.56,9.157,-51.431,52.24
6272,209.067,577.43,280.09,8.017,-44.812,45.524
6273,209.1,577.74,278.05,6.466,-31.868,32.518
6274,209.133,577.77,276.99,5.732,-21.749,22.492
6275,209.167,577.62,277.12,4.952,-10.904,11.976
6276,209.2,577.54,277.54,4.017,-3.524,5.344
6277,209.233,577.47,278.22,3.022,0.747,3.113
6278,209.267,577.58,278.56,1.859,2.328,2.979
6279,209.3,577.72,278.86,0.663,1.519,1.658
6280,209.333,577.62,276.47,-0.365,-0.872,0.945
6281,209.367,577.8,278.28,-0.926,-3.579,3.697
6282,209.4,577.84,280.1,-0.953,-6.899,6.965
6283,209.433,577.93,281.12,-1.806,-4.931,5.251
6284,209.467,577.95,281.7,-2.728,-2.544,3.73
6285,209.5,577.8,281.74,-3.548,1.608,3.896
6286,209.533,577.47,280.78,-2.914,-5.872,6.555
6287,209.567,577.24,279.1,-1.742,-13.426,13.539
6288,209.6,576.81,276.23,-1.326,-13.166,13.233
6289,209.633,576.89,277.07,-1.211,-9.557,9.633
6290,209.667,577.19,275.92,-1.331,-3.093,3.368
6291,209.7,577.02,275.96,-1.773,3.776,4.171
6292,209.733,576.66,277.01,-2.138,11.302,11.503
6293,209.767,576.55,277.03,-2.268,18.802,18.938
6294,209.8,576.59,276.79,-2.646,26.151,26.284
6295,209.833,576.89,277.0,-3.18,32.463,32.618
6296,209.867,577.05,277.73,-3.616,39.02,39.187
6297,209.9,576.96,277.57,-4.079,43.844,44.034
6298,209.933,577.06,280.89,-4.362,46.611,46.814
6299,209.967,577.07,282.57,-4.719,47.357,47.592
6300,210.0,576.95,283.2,-5.143,46.459,46.743
6301,210.033,576.17,296.66,-5.572,43.07,43.429
6302,210.067,575.45,296.52,-5.889,37.53,37.99
6303,210.1,574.95,296.14,-6.167,30.183,30.807
6304,210.133,574.69,294.99,-6.28,22.386,23.25
6305,210.167,574.54,292.78,-6.243,14.756,16.023
6306,210.2,574.99,293.69,-6.07,9.424,11.209
6307,210.233,574.78,293.09,-5.481,6.689,8.648
6308,210.267,574.17,292.53,-4.432,6.178,7.603
6309,210.3,574.43,291.39,-3.153,6.808,7.502
6310,210.333,574.62,291.34,-1.75,7.865,8.058
6311,210.367,574.62,291.63,-0.495,8.904,8.918
6312,210.4,574.64,292.15,0.358,9.33,9.336
6313,210.433,574.22,292.47,0.993,11.389,11.432
6314,210.467,574.16,292.66,1.267,13.344,13.404
6315,210.5,574.09,291.6,1.186,15.781,15.825
6316,210.533,574.06,292.43,0.72,19.372,19.385
6317,210.567,574.08,294.24,0.269,16.767,16.77
6318,210.6,574.34,297.9,-0.048,12.891,12.891
6319,210.633,574.89,303.03,-0.195,8.31,8.312
6320,210.667,575.21,305.16,-0.23,3.572,3.579
6321,210.7,575.26,304.99,-0.147,-0.145,0.206
6322,210.733,574.94,302.38,-0.398,-4.318,4.336
6323,210.767,574.58,297.55,-0.613,-8.412,8.435
6324,210.8,574.37,294.3,-0.43,-12.129,12.137
6325,210.833,574.08,292.6,-0.095,-14.71,14.71
6326,210.867,573.83,292.1,0.306,-16.4,16.402
6327,210.9,574.08,293.73,0.707,-17.266,17.28
6328,210.933,574.17,292.94,0.914,-17.398,17.422
6329,210.967,574.3,292.61,1.101,-16.678,16.714
6330,211.0,574.35,292.62,1.221,-14.974,15.023
6331,211.033,574.54,292.95,1.342,-11.411,11.49
6332,211.067,574.65,293.4,1.54,-6.606,6.784
6333,211.1,574.74,294.18,1.806,-1.289,2.219
6334,211.133,574.78,294.28,1.971,3.188,3.748
6335,211.167,574.84,294.36,1.861,5.068,5.399
6336,211.2,574.87,293.77,1.467,4.521,4.753
6337,211.233,575.22,293.44,0.846,2.132,2.294
6338,211.267,575.44,293.58,0.2,-0.966,0.986
6339,211.3,575.5,293.64,-0.417,-3.05,3.079
6340,211.333,575.17,293.33,-1.009,-4.147,4.268
6341,211.367,574.74,293.0,-1.528,-4.622,4.869
6342,211.4,574.37,292.68,-1.817,-4.535,4.886
6343,211.433,574.27,292.43,-2.014,-5.041,5.428
6344,211.467,574.38,292.25,-2.078,-5.165,5.567
6345,211.5,574.46,292.15,-2.021,-4.798,5.206
6346,211.533,574.52,292.08,-1.792,-3.865,4.26
6347,211.567,574.45,291.92,-1.575,-2.832,3.24
6348,211.6,574.39,292.07,-1.353,-1.825,2.272
6349,211.633,574.43,292.1,-1.226,-1.186,1.706
6350,211.667,574.36,291.99,-1.185,-0.639,1.347
6351,211.7,574.29,292.17,-1.33,-0.246,1.353
6352,211.733,574.23,292.22,-1.564,0.499,1.642
6353,211.767,574.1,292.2,-1.991,1.607,2.558
6354,211.8,574.03,291.97,-2.624,2.897,3.909
6355,211.833,573.97,291.87,-3.504,3.871,5.222
6356,211.867,574.1,292.26,-4.281,4.642,6.315
6357,211.9,574.08,292.29,-4.732,5.625,7.351
6358,211.933,573.9,292.45,-4.988,5.542,7.456
6359,211.967,573.72,292.9,-5.252,4.972,7.232
6360,212.0,573.43,293.08,-5.564,4.472,7.139
6361,212.033,572.98,292.8,-5.836,4.319,7.26
6362,212.067,572.67,293.11,-6.03,4.685,7.636
6363,212.1,572.27,293.46,-6.111,5.602,8.29
6364,212.133,572.03,294.01,-6.063,6.858,9.154
6365,212.167,571.83,294.47,-5.932,8.743,10.566
6366,212.2,571.88,295.01,-6.044,8.544,10.466
6367,212.233,571.88,295.16,-6.232,7.211,9.531
6368,212.267,571.75,294.96,-6.33,5.545,8.415
6369,212.3,571.62,294.25,-6.163,4.733,7.771
6370,212.333,571.69,294.26,-5.963,4.07,7.219
6371,212.367,571.44,294.28,-5.717,3.25,6.576
6372,212.4,570.86,293.24,-5.082,2.172,5.527
6373,212.433,570.57,295.19,-3.694,1.235,3.895
6374,212.467,570.6,296.74,-2.271,-0.483,2.322
6375,212.5,570.64,297.54,-0.924,-1.967,2.173
6376,212.533,570.56,297.72,0.125,-2.102,2.106
6377,212.567,570.37,297.21,0.908,0.181,0.926
6378,212.6,570.22,296.24,1.746,3.349,3.777
6379,212.633,570.01,294.72,2.79,7.139,7.665
6380,212.667,569.72,291.58,3.99,11.032,11.731
6381,212.7,570.35,294.52,5.252,14.322,15.255
6382,212.733,570.95,296.56,6.451,17.657,18.799
6383,212.767,571.42,297.81,7.475,21.738,22.987
6384,212.8,571.66,296.5,8.317,25.524,26.845
6385,212.833,572.48,296.64,8.886,28.57,29.92
6386,212.867,573.51,297.71,8.958,30.045,31.352
6387,212.9,573.59,299.02,8.294,29.835,30.967
6388,212.933,572.37,300.28,7.326,28.5,29.427
6389,212.967,572.27,304.44,6.101,24.852,25.59
6390,213.0,572.22,307.34,4.436,19.868,20.357
6391,213.033,572.73,308.3,2.284,16.098,16.259
6392,213.067,573.63,306.6,-0.225,11.684,11.686
6393,213.1,573.92,306.55,-2.278,8.091,8.406
6394,213.133,573.99,306.31,-3.623,4.256,5.589
6395,213.167,573.9,306.3,-4.098,1.024,4.224
6396,213.2,573.83,307.52,-3.517,-0.052,3.517
6397,213.233,573.53,306.76,-2.184,-1.694,2.764
6398,213.267,573.18,303.38,-0.296,-4.244,4.255
6399,213.3,572.7,301.08,2.028,-6.658,6.96
6400,213.333,572.18,299.77,4.635,-8.632,9.798
6401,213.367,571.68,299.76,7.175,-9.098,11.587
6402,213.4,572.04,300.65,9.023,-10.649,13.957
6403,213.433,572.25,302.99,10.509,-12.747,16.521
6404,213.467,572.48,306.38,12.374,-14.807,19.296
6405,213.5,573.16,308.66,14.264,-17.953,22.929
6406,213.533,574.44,305.27,15.936,-22.087,27.235
6407,213.567,576.35,305.18,17.26,-24.681,30.117
6408,213.6,577.28,302.03,17.86,-24.181,30.061
6409,213.633,577.95,301.3,17.84,-21.597,28.012
6410,213.667,578.53,300.04,17.068,-18.191,24.944
6411,213.7,578.98,298.45,15.618,-14.661,21.421
6412,213.733,579.04,296.91,13.44,-12.234,18.175
6413,213.767,579.05,296.33,10.795,-10.531,15.081
6414,213.8,578.97,293.8,7.856,-7.956,11.181
6415,213.833,579.11,293.66,5.058,-2.919,5.84
6416,213.867,578.95,290.58,2.583,3.6,4.431
6417,213.9,579.26,292.88,0.684,10.545,10.567
6418,213.933,579.42,295.67,-0.949,18.575,18.599
6419,213.967,579.42,298.96,-2.281,25.395,25.497
6420,214.0,579.2,302.34,-3.115,30.674,30.832
6421,214.033,579.45,306.67,-3.295,32.821,32.986
6422,214.067,579.28,306.99,-3.035,33.772,33.908
6423,214.1,579.03,305.65,-2.842,31.736,31.863
6424,214.133,578.67,303.55,-2.492,28.259,28.369
6425,214.167,578.61,303.06,-2.153,21.88,21.985
6426,214.2,578.55,303.21,-1.833,15.841,15.946
6427,214.233,578.71,304.01,-1.566,10.269,10.388
6428,214.267,578.81,305.75,-1.136,6.676,6.772
6429,214.3,578.92,307.99,-0.625,3.656,3.709
6430,214.333,578.61,306.8,-0.134,2.141,2.145
6431,214.367,578.37,306.83,0.1,0.681,0.689
6432,214.4,578.07,308.12,0.144,0.729,0.743
6433,214.433,577.95,306.45,-0.214,-0.401,0.454
6434,214.467,578.34,306.64,-0.653,-1.585,1.714
6435,214.5,578.89,303.92,-1.048,-3.305,3.467
6436,214.533,579.07,302.65,-1.328,-6.371,6.508
6437,214.567,579.04,302.32,-1.729,-11.837,11.962
6438,214.6,578.89,303.05,-2.075,-17.889,18.008
6439,214.633,578.63,304.68,-2.311,-23.35,23.464
6440,214.667,578.67,309.19,-2.413,-27.102,27.209
6441,214.7,578.57,308.43,-2.44,-29.385,29.486
6442,214.733,578.38,307.78,-2.28,-30.099,30.185
6443,214.767,577.88,303.37,-2.016,-29.578,29.647
6444,214.8,577.37,299.91,-1.7,-28.996,29.046
6445,214.833,577.06,296.31,-1.561,-29.43,29.472
6446,214.867,577.06,293.83,-1.43,-29.207,29.242
6447,214.9,577.4,292.85,-1.295,-28.74,28.769
6448,214.933,577.99,294.32,-0.977,-28.015,28.032
6449,214.967,578.1,293.5,-0.49,-26.652,26.657
6450,215.0,578.05,292.72,0.026,-25.703,25.703
6451,215.033,578.06,292.93,0.336,-23.995,23.997
6452,215.067,578.05,293.5,0.598,-20.358,20.366
6453,215.1,578.0,293.8,0.881,-14.338,14.365
6454,215.133,577.94,293.97,1.275,-5.659,5.801
6455,215.167,578.09,293.78,1.27,8.67,8.762
6456,215.2,578.22,293.45,1.17,17.835,17.874
6457,215.233,578.12,292.51,1.201,16.617,16.661
6458,215.267,577.85,291.32,0.92,12.714,12.747
6459,215.3,577.51,291.03,0.547,7.858,7.877
6460,215.333,577.49,291.86,-0.241,8.97,8.973
6461,215.367,577.61,292.72,-0.611,9.754,9.773
6462,215.4,577.88,293.86,-0.559,11.4,11.413
6463,215.433,578.08,293.16,-0.335,12.666,12.671
6464,215.467,578.36,294.4,-0.201,12.309,12.31
6465,215.5,578.42,296.76,0.01,11.363,11.363
6466,215.533,578.58,301.19,0.304,10.23,10.234
6467,215.567,578.5,303.52,0.625,8.809,8.831
6468,215.6,578.25,304.05,1.018,7.017,7.09
6469,215.633,577.64,301.21,1.458,4.76,4.978
6470,215.667,578.29,284.97,1.868,1.949,2.7
6471,215.7,578.09,282.13,1.966,-1.606,2.538
6472,215.733,577.24,297.65,1.695,-4.63,4.93
6473,215.767,577.26,300.95,1.25,-6.11,6.237
6474,215.8,577.38,306.29,0.916,-5.269,5.348
6475,215.833,578.86,295.22,0.799,-4.249,4.323
6476,215.867,579.02,296.03,0.895,-2.965,3.097
6477,215.9,578.92,294.35,0.971,-2.611,2.786
6478,215.933,578.9,294.31,0.782,-3.961,4.038
6479,215.967,578.92,294.55,0.237,-6.205,6.209
6480,216.0,578.8,295.03,-0.58,-8.635,8.654
6481,216.033,578.73,295.35,-1.358,-11.113,11.195
6482,216.067,578.63,295.27,-2.107,-14.685,14.835
6483,216.1,578.32,294.81,-2.736,-20.16,20.345
6484,216.133,577.96,294.61,-3.015,-26.297,26.469
6485,216.167,577.65,294.75,-2.709,-31.037,31.155
6486,216.2,577.69,296.19,-1.618,-29.527,29.572
6487,216.233,577.93,295.5,-1.875,-15.448,15.562
6488,216.267,578.08,292.97,-1.583,-7.177,7.349
6489,216.3,577.94,288.23,-0.972,-1.775,2.024
6490,216.333,577.75,286.76,-0.164,-1.914,1.921
6491,216.367,577.27,283.83,0.006,0.409,0.409
6492,216.4,577.07,283.24,-0.023,0.743,0.743
6493,216.433,577.25,284.88,0.018,2.321,2.321
6494,216.467,577.88,288.87,0.18,5.244,5.247
6495,216.5,578.46,291.55,0.364,8.389,8.397
6496,216.533,578.68,293.2,0.589,11.292,11.307
6497,216.567,578.79,293.56,0.662,13.63,13.646
6498,216.6,578.88,296.09,0.613,15.36,15.372
6499,216.633,578.62,296.91,0.517,16.535,16.544
6500,216.667,578.21,296.26,0.473,17.033,17.04
6501,216.7,575.34,304.84,0.54,16.455,16.464
6502,216.733,577.72,289.93,0.563,13.725,13.737
6503,216.767,577.73,288.67,0.362,9.596,9.603
6504,216.8,577.62,288.55,-0.142,4.973,4.975
6505,216.833,577.76,289.79,-0.767,1.577,1.753
6506,216.867,578.05,292.47,-1.243,-1.218,1.74
6507,216.9,578.46,296.59,-1.312,-1.851,2.268
6508,216.933,578.57,297.34,-1.019,-0.529,1.148
6509,216.967,578.41,295.97,-0.591,1.83,1.923
6510,217.0,578.2,295.81,-0.303,3.782,3.794
6511,217.033,577.9,295.71,-0.254,5.255,5.261
6512,217.067,577.85,295.8,-0.284,6.287,6.294
6513,217.1,577.72,295.91,-0.382,7.402,7.411
6514,217.133,577.64,296.0,-0.677,7.338,7.369
6515,217.167,577.53,295.8,-1.132,6.385,6.485
6516,217.2,577.37,295.63,-1.668,5.082,5.348
6517,217.233,577.23,295.52,-0.789,-2.022,2.171
6518,217.267,577.24,295.2,-0.698,-3.184,3.26
6519,217.3,577.52,295.18,-0.471,-3.077,3.113
6520,217.333,577.87,295.53,-0.114,-1.93,1.933
6521,217.367,577.88,295.89,0.267,-0.725,0.773
6522,217.4,577.81,296.11,0.8,1.307,1.533
6523,217.433,577.73,295.96,1.177,2.19,2.486
6524,217.467,577.82,295.96,1.317,2.388,2.727
6525,217.5,577.96,295.85,1.323,2.72,3.025
6526,217.533,578.09,295.94,1.225,2.489,2.774
6527,217.567,577.99,296.18,0.975,1.519,1.805
6528,217.6,577.73,296.29,0.453,-0.206,0.497
6529,217.633,577.5,296.13,-0.017,-2.8,2.8
6530,217.667,577.47,296.04,-0.236,-4.319,4.325
6531,217.7,577.55,296.03,-0.26,-5.321,5.327
6532,217.733,577.91,295.85,-0.188,-5.962,5.965
6533,217.767,578.03,295.44,-0.142,-6.667,6.668
6534,217.8,578.0,295.43,-0.005,-5.87,5.87
6535,217.833,578.15,295.71,0.036,-4.888,4.888
6536,217.867,578.35,297.47,-0.054,-3.153,3.153
6537,217.9,577.92,295.52,-0.108,-0.708,0.716
6538,217.933,577.63,293.92,-0.061,1.938,1.939
6539,217.967,577.55,292.95,-0.004,4.263,4.263
6540,218.0,577.46,292.24,-0.032,5.406,5.406
6541,218.033,577.37,292.25,-0.141,4.835,4.837
6542,218.067,577.63,293.08,-0.474,3.341,3.374
6543,218.1,578.18,294.52,-1.1,-0.429,1.18
6544,218.133,578.31,297.19,-1.629,-5.286,5.531
6545,218.167,577.92,295.98,-1.959,-10.759,10.936
6546,218.2,577.52,295.78,-2.088,-15.916,16.052
6547,218.233,577.35,295.87,-2.12,-21.42,21.525
6548,218.267,577.55,297.12,-2.252,-27.188,27.281
6549,218.3,577.49,295.11,-2.376,-32.746,32.832
6550,218.333,577.57,295.17,-2.548,-38.224,38.309
6551,218.367,577.52,293.13,-2.668,-42.023,42.107
6552,218.4,577.33,289.82,-2.684,-43.982,44.064
6553,218.433,577.02,286.23,-2.356,-42.059,42.125
6554,218.467,576.86,282.99,-1.724,-36.189,36.23
6555,218.5,576.73,280.96,-0.91,-28.068,28.082
6556,218.533,576.46,280.54,-0.0,-18.726,18.726
6557,218.567,576.41,278.65,0.918,-9.491,9.535
6558,218.6,576.89,280.24,1.506,-1.713,2.281
6559,218.633,576.99,280.7,1.649,4.973,5.239
6560,218.667,577.02,281.37,1.452,9.53,9.64
6561,218.7,576.95,280.57,1.184,13.522,13.574
6562,218.733,577.03,281.64,0.901,16.035,16.06
6563,218.767,577.2,283.93,0.658,17.212,17.225
6564,218.8,577.35,287.05,0.237,16.061,16.063
6565,218.833,577.85,291.94,-0.233,13.797,13.799
6566,218.867,578.0,294.34,-0.776,9.228,9.261
6567,218.9,577.79,294.0,-1.341,3.172,3.444
6568,218.933,577.52,291.39,-1.867,-3.383,3.864
6569,218.967,577.16,286.67,-2.258,-9.404,9.671
6570,219.0,576.73,283.2,-2.591,-14.72,14.946
6571,219.033,576.37,280.68,-2.76,-18.814,19.015
6572,219.067,576.15,279.9,-2.691,-22.054,22.218
6573,219.1,576.32,281.43,-2.479,-23.137,23.269
6574,219.133,576.32,281.57,-2.39,-23.362,23.484
6575,219.167,576.34,281.47,-2.229,-22.411,22.522
6576,219.2,576.36,281.16,-1.931,-20.309,20.401
6577,219.233,576.51,281.83,-1.469,-16.007,16.074
6578,219.267,576.5,281.56,-0.906,-10.215,10.255
6579,219.3,576.59,281.14,-0.334,-3.675,3.69
6580,219.333,576.66,280.77,0.161,2.441,2.446
6581,219.367,576.61,280.57,0.37,6.358,6.369
6582,219.4,576.52,280.62,0.431,8.488,8.499
6583,219.433,576.42,280.74,0.38,8.224,8.232
6584,219.467,576.32,280.37,0.192,6.079,6.082
6585,219.5,576.35,281.08,-0.102,3.121,3.123
6586,219.533,576.22,281.21,-0.171,1.275,1.286
6587,219.567,576.19,281.59,0.072,1.265,1.267
6588,219.6,576.31,281.8,0.644,2.855,2.927
6589,219.633,576.49,281.84,2.29,0.948,2.479
6590,219.667,576.57,282.32,3.753,3.217,4.943
6591,219.7,576.56,282.93,4.736,7.62,8.971
6592,219.733,576.61,283.31,5.057,12.582,13.56
6593,219.767,576.66,283.63,4.708,16.213,16.883
6594,219.8,576.74,283.62,4.02,19.464,19.875
6595,219.833,576.98,283.82,3.092,22.772,22.981
6596,219.867,577.15,283.5,1.667,24.263,24.32
6597,219.9,577.11,281.65,-0.123,25.505,25.506
6598,219.933,577.24,282.0,-2.282,25.23,25.333
6599,219.967,577.57,283.93,-4.468,24.554,24.957
6600,220.0,578.15,288.27,-6.416,23.995,24.838
6601,220.033,578.33,290.06,-8.005,23.487,24.813
6602,220.067,578.36,290.8,-9.079,23.637,25.321
6603,220.1,578.21,290.73,-9.791,23.71,25.652
6604,220.133,575.32,300.79,-10.536,21.77,24.185
6605,220.167,574.34,295.93,-11.284,18.621,21.773
6606,220.2,573.82,292.59,-11.86,14.242,18.534
6607,220.233,573.78,291.13,-11.923,10.438,15.846
6608,220.267,573.86,292.1,-11.35,7.808,13.777
6609,220.3,573.55,291.74,-10.088,6.973,12.263
6610,220.333,572.92,290.05,-8.241,7.816,11.358
6611,220.367,572.91,292.57,-6.273,8.501,10.565
6612,220.4,572.99,292.23,-4.372,8.634,9.678
6613,220.433,573.55,294.86,-2.524,8.588,8.951
6614,220.467,573.83,295.77,-0.72,9.003,9.032
6615,220.5,573.79,296.36,0.846,9.507,9.545
6616,220.533,573.42,295.79,1.799,8.597,8.783
6617,220.567,572.79,293.56,2.046,7.026,7.317
6618,220.6,572.35,291.64,1.514,5.273,5.486
6619,220.633,572.74,294.32,0.205,4.129,4.134
6620,220.667,573.34,297.0,-0.354,-2.053,2.083
6621,220.7,573.98,300.87,-0.724,-7.017,7.055
6622,220.733,574.17,301.52,-0.972,-10.632,10.676
6623,220.767,574.0,300.61,-1.184,-12.569,12.625
6624,220.8,573.48,297.09,-1.577,-15.063,15.145
6625,220.833,572.76,292.21,-2.03,-17.836,17.952
6626,220.867,572.53,289.76,-2.309,-19.927,20.061
6627,220.9,572.59,288.79,-2.409,-21.548,21.682
6628,220.933,572.81,290.43,-2.208,-20.112,20.233
6629,220.967,572.77,290.54,-2.007,-17.124,17.241
6630,221.0,572.63,290.47,-1.779,-11.839,11.972
6631,221.033,572.57,290.6,-1.472,-4.614,4.843
6632,221.067,572.66,291.02,-1.031,3.218,3.379
6633,221.1,572.74,291.66,-0.367,11.325,11.331
6634,221.133,572.69,291.96,0.508,18.932,18.939
6635,221.167,572.6,291.7,1.295,24.349,24.384
6636,221.2,572.59,291.54,1.796,27.056,27.115
6637,221.233,572.6,291.57,1.832,25.586,25.652
6638,221.267,572.37,290.12,1.544,21.259,21.315
6639,221.3,572.41,291.37,1.051,14.86,14.897
6640,221.333,572.71,294.62,0.649,8.387,8.412
6641,221.367,573.29,299.91,0.461,3.374,3.406
6642,221.4,573.59,303.11,0.343,-0.644,0.73
6643,221.433,573.58,303.49,0.359,-3.916,3.933
6644,221.467,573.46,302.67,0.316,-7.557,7.564
6645,221.5,573.17,299.36,0.092,-10.72,10.72
6646,221.533,572.78,294.05,-0.282,-13.446,13.449
6647,221.567,572.49,290.23,-0.566,-15.721,15.731
6648,221.6,572.43,288.27,-0.804,-17.352,17.371
6649,221.633,572.56,288.91,-1.113,-18.541,18.574
6650,221.667,572.61,289.16,-1.539,-19.245,19.307
6651,221.7,572.69,289.72,-1.879,-18.861,18.955
6652,221.733,572.83,291.05,-2.041,-17.276,17.396
6653,221.767,572.87,291.87,-1.988,-14.347,14.484
6654,221.8,572.92,292.46,-1.735,-9.135,9.298
6655,221.833,572.77,292.12,-1.256,-2.72,2.996
6656,221.867,572.76,291.56,-0.379,3.632,3.652
6657,221.9,572.83,291.35,0.301,7.643,7.649
6658,221.933,572.45,291.35,0.846,9.272,9.311
6659,221.967,572.1,291.34,1.251,8.819,8.907
6660,222.0,572.23,290.89,1.489,6.364,6.535
6661,222.033,572.59,290.96,1.67,3.26,3.662
6662,222.067,572.53,291.27,1.843,1.114,2.154
6663,222.1,572.39,291.13,2.077,0.645,2.175
6664,222.133,572.47,291.23,2.321,0.77,2.445
6665,222.167,572.94,291.74,2.55,-0.395,2.58
6666,222.2,573.23,291.92,2.99,-0.578,3.045
6667,222.233,573.36,292.16,3.359,-0.435,3.387
6668,222.267,573.39,292.2,3.616,-0.399,3.638
6669,222.3,573.83,292.37,3.706,-0.582,3.751
6670,222.333,574.15,292.52,3.68,0.624,3.733
6671,222.367,573.64,292.31,3.556,3.35,4.886
6672,222.4,573.71,292.54,3.161,5.787,6.594
6673,222.433,573.59,292.18,2.65,8.314,8.726
6674,222.467,573.58,292.16,2.562,12.578,12.836
6675,222.5,573.69,292.36,2.844,17.462,17.692
6676,222.533,573.79,292.39,3.175,22.431,22.654
6677,222.567,574.06,292.63,3.278,26.304,26.508
6678,222.6,574.33,291.69,3.428,29.859,30.055
6679,222.633,574.64,292.7,3.508,31.472,31.667
6680,222.667,574.87,296.82,3.432,30.59,30.782
6681,222.7,574.54,297.42,3.062,27.732,27.9
6682,222.733,574.62,299.24,2.454,23.213,23.342
6683,222.767,574.63,301.33,1.821,18.104,18.195
6684,222.8,574.8,304.29,1.035,11.114,11.163
6685,222.833,574.79,303.46,-0.003,3.142,3.142
6686,222.867,574.95,301.8,-1.183,-4.744,4.89
6687,222.9,575.49,303.87,-1.963,-11.868,12.03
6688,222.933,575.75,305.27,-2.358,-17.696,17.853
6689,222.967,575.25,301.96,-2.263,-21.478,21.597
6690,223.0,574.77,299.09,-1.997,-24.844,24.924
6691,223.033,574.4,296.51,-1.598,-27.121,27.168
6692,223.067,574.22,295.24,-1.258,-29.202,29.229
6693,223.1,573.76,291.08,-0.822,-29.565,29.576
6694,223.133,573.71,290.15,-0.31,-27.074,27.076
6695,223.167,573.83,290.95,0.274,-21.668,21.67
6696,223.2,573.96,291.12,0.663,-16.79,16.803
6697,223.233,574.17,291.69,1.136,-10.799,10.858
6698,223.267,574.14,290.32,1.401,-5.385,5.564
6699,223.3,574.64,292.74,1.607,-1.036,1.912
6700,223.333,575.1,294.75,1.67,0.604,1.776
6701,223.367,575.47,295.55,1.794,2.226,2.859
6702,223.4,575.66,295.88,1.959,5.206,5.562
6703,223.433,575.35,294.75,1.97,8.06,8.298
6704,223.467,574.8,292.08,1.692,8.573,8.738
6705,223.5,574.73,292.65,1.483,9.534,9.649
6706,223.533,574.63,292.19,1.203,10.862,10.928
6707,223.567,575.06,294.84,0.723,11.14,11.163
6708,223.6,575.04,295.24,0.027,9.202,9.202
6709,223.633,574.91,295.06,-0.477,7.909,7.924
6710,223.667,574.46,292.56,-0.823,6.869,6.918
6711,223.7,574.44,292.8,-0.998,5.752,5.838
6712,223.733,574.41,292.06,-0.96,4.69,4.787
6713,223.767,574.78,293.31,-0.825,3.604,3.697
6714,223.8,575.02,294.93,-0.617,4.062,4.109
6715,223.833,575.39,298.75,-0.623,2.545,2.62
6716,223.867,575.54,300.64,-0.83,-0.614,1.032
6717,223.9,575.47,300.39,-1.297,-4.64,4.818
6718,223.933,575.03,297.56,-2.0,-8.768,8.994
6719,223.967,574.69,297.37,-2.742,-11.381,11.706
6720,224.0,574.11,294.77,-3.342,-12.258,12.706
6721,224.033,573.83,291.27,-3.902,-12.551,13.143
6722,224.067,573.95,290.58,-4.321,-11.46,12.247
6723,224.1,574.24,292.31,-4.769,-12.05,12.959
6724,224.133,574.3,293.05,-4.989,-12.635,13.584
6725,224.167,574.25,293.19,-4.8,-11.437,12.403
6726,224.2,574.05,292.62,-3.891,-6.069,7.21
6727,224.233,573.66,292.33,-2.456,2.969,3.853
6728,224.267,573.31,291.81,-0.72,13.424,13.443
6729,224.3,573.27,290.02,0.897,23.036,23.053
6730,224.333,573.34,292.25,2.262,30.625,30.708
6731,224.367,573.28,294.47,3.109,33.538,33.682
6732,224.4,573.28,296.61,3.584,33.15,33.343
6733,224.433,573.28,297.87,3.958,32.022,32.266
6734,224.467,573.45,297.14,4.444,32.084,32.39
6735,224.5,573.83,298.25,5.005,32.406,32.79
6736,224.533,574.32,299.48,5.631,32.505,32.989
6737,224.567,574.89,300.37,6.103,32.224,32.796
6738,224.6,575.42,305.08,6.16,30.198,30.82
6739,224.633,575.82,309.2,5.494,23.625,24.255
6740,224.667,575.94,310.37,4.23,13.613,14.255
6741,224.7,575.64,308.18,2.577,2.244,3.417
6742,224.733,575.11,302.1,0.847,-7.917,7.962
6743,224.767,574.79,299.49,-0.809,-16.629,16.648
6744,224.8,574.74,298.85,-2.299,-23.8,23.911
6745,224.833,574.89,299.86,-3.548,-27.153,27.383
6746,224.867,575.39,304.15,-4.536,-28.023,28.388
6747,224.9,575.73,307.32,-5.182,-27.766,28.246
6748,224.933,575.52,306.48,-5.503,-27.312,27.861
6749,224.967,575.01,303.0,-5.325,-25.474,26.025
6750,225.0,574.25,296.76,-4.602,-20.562,21.071
6751,225.033,573.63,292.09,-3.793,-16.059,16.501
6752,225.067,573.21,289.1,-3.2,-13.769,14.136
6753,225.1,572.94,287.37,-2.74,-11.35,11.676
6754,225.133,573.18,290.74,-2.535,-10.489,10.791
6755,225.167,573.57,295.31,-2.421,-11.059,11.321
6756,225.2,573.87,298.6,-2.259,-12.37,12.574
6757,225.233,573.87,298.68,-1.818,-13.03,13.156
6758,225.267,573.96,298.68,-1.038,-10.82,10.87
6759,225.3,574.16,299.72,-0.07,-8.149,8.149
6760,225.333,574.14,298.33,1.007,-6.309,6.389
6761,225.367,574.04,295.32,2.202,-4.982,5.447
6762,225.4,573.97,293.77,3.079,-6.599,7.282
6763,225.433,574.01,293.56,3.536,-11.241,11.784
6764,225.467,573.75,290.89,3.59,-17.652,18.013
6765,225.5,573.12,285.32,3.35,-24.598,24.825
6766,225.533,573.11,284.75,2.956,-30.024,30.169
6767,225.567,573.72,289.38,2.611,-33.054,33.157
6768,225.6,574.12,291.26,2.46,-33.265,33.356
6769,225.633,574.78,292.47,2.477,-30.355,30.456
6770,225.667,575.12,291.62,2.5,-26.741,26.858
6771,225.7,575.23,289.64,2.506,-23.358,23.492
6772,225.733,575.11,286.43,2.35,-20.743,20.876
6773,225.767,575.07,282.51,2.154,-18.139,18.267
6774,225.8,575.23,281.49,1.82,-15.969,16.072
6775,225.833,575.33,282.69,1.284,-15.072,15.127
6776,225.867,574.98,282.17,0.62,-15.104,15.117
6777,225.9,574.76,282.33,-0.127,-14.872,14.872
6778,225.933,574.45,281.64,-1.86,-9.832,10.006
6779,225.967,574.35,280.94,-3.034,-7.557,8.143
6780,226.0,574.38,280.74,-3.482,-6.515,7.387
6781,226.033,574.69,281.31,-3.038,-4.31,5.273
6782,226.067,574.85,281.55,-1.867,-1.893,2.659
6783,226.1,574.81,281.68,0.618,-6.585,6.614
6784,226.133,574.9,281.76,1.688,-6.144,6.372
6785,226.167,574.92,282.15,2.777,-7.982,8.451
6786,226.2,574.67,281.53,3.935,-11.029,11.71
6787,226.233,574.6,280.95,5.046,-14.406,15.264
6788,226.267,574.5,280.52,6.089,-17.47,18.5
6789,226.3,574.52,280.46,7.041,-18.997,20.259
6790,226.333,574.54,280.2,7.656,-20.6,21.976
6791,226.367,574.63,281.21,7.694,-24.218,25.411
6792,226.4,574.84,282.23,7.466,-27.51,28.505
6793,226.433,577.74,270.02,7.081,-29.663,30.497
6794,226.467,577.91,269.79,6.783,-29.616,30.383
6795,226.5,577.92,269.82,6.608,-27.163,27.955
6796,226.533,578.05,270.44,7.389,-27.202,28.188
6797,226.567,577.98,270.46,7.492,-22.855,24.052
6798,226.6,575.11,283.31,6.84,-16.714,18.06
6799,226.633,578.0,271.32,5.474,-10.288,11.654
6800,226.667,578.0,271.42,3.64,-3.114,4.79
6801,226.7,577.75,270.87,1.469,3.949,4.213
6802,226.733,577.59,269.57,-1.564,15.87,15.947
6803,226.767,577.53,268.85,-4.009,24.216,24.546
6804,226.8,577.31,267.75,-5.793,29.207,29.776
6805,226.833,577.2,268.75,-6.89,31.341,32.09
6806,226.867,577.62,273.25,-7.158,30.663,31.488
6807,226.9,578.01,276.15,-6.451,26.547,27.32
6808,226.933,578.27,277.4,-4.829,18.752,19.364
6809,226.967,578.25,277.1,-3.101,10.208,10.668
6810,227.0,577.94,275.8,-1.904,4.416,4.809
6811,227.033,575.02,286.32,-1.106,1.125,1.577
6812,227.067,574.56,282.09,-0.8,-0.61,1.006
6813,227.1,574.44,281.08,-0.889,-0.678,1.118
6814,227.133,574.77,282.43,0.371,-6.932,6.942
6815,227.167,574.83,282.09,0.332,-8.116,8.123
6816,227.2,574.98,282.03,0.121,-8.262,8.263
6817,227.233,577.46,268.26,-0.299,-8.241,8.247
6818,227.267,577.57,269.15,-0.958,-8.192,8.248
6819,227.3,577.75,270.29,-1.672,-6.73,6.934
6820,227.333,577.99,270.5,-2.209,-2.64,3.442
6821,227.367,578.08,270.98,-2.466,3.981,4.683
6822,227.4,577.84,271.36,-2.733,11.16,11.49
6823,227.433,577.51,271.53,-3.144,18.61,18.874
6824,227.467,574.74,284.56,-3.767,26.51,26.776
6825,227.5,574.68,284.19,-4.874,33.332,33.687
6826,227.533,574.52,283.43,-6.489,38.771,39.311
6827,227.567,574.43,283.38,-6.838,37.408,38.027
6828,227.6,574.4,283.26,-6.607,35.647,36.254
6829,227.633,574.36,283.02,-5.848,32.569,33.089
6830,227.667,574.33,282.8,-4.825,26.608,27.042
6831,227.7,574.13,281.26,-3.31,18.365,18.661
6832,227.733,574.38,282.16,-1.289,7.411,7.523
6833,227.767,574.95,285.78,-0.145,1.838,1.843
6834,227.8,575.31,287.88,0.891,-3.537,3.647
6835,227.833,575.52,289.07,1.686,-8.151,8.323
6836,227.867,575.45,288.59,2.13,-10.917,11.123
6837,227.9,575.24,286.84,2.123,-11.63,11.822
6838,227.933,574.91,284.26,1.617,-10.171,10.299
6839,227.967,574.35,280.25,0.579,-6.038,6.066
6840,228.0,574.3,279.83,0.396,-6.951,6.962
6841,228.033,574.63,282.31,0.215,-7.634,7.637
6842,228.067,574.67,282.85,0.143,-7.882,7.883
6843,228.1,574.63,282.76,0.157,-7.963,7.965
6844,228.133,574.63,282.18,0.296,-7.664,7.67
6845,228.167,574.86,282.03,0.528,-6.915,6.935
6846,228.2,575.0,281.66,0.871,-5.521,5.589
6847,228.233,575.11,281.71,1.396,-2.008,2.446
6848,228.267,575.19,282.14,1.714,0.684,1.845
6849,228.3,575.27,283.24,1.724,1.929,2.587
6850,228.333,575.33,283.66,1.469,2.157,2.609
6851,228.367,575.21,283.24,1.005,1.647,1.929
6852,228.4,575.03,282.55,0.494,1.112,1.216
6853,228.433,575.02,282.26,0.021,1.414,1.414
6854,228.467,575.07,281.85,-0.359,2.875,2.897
6855,228.5,575.29,282.32,-0.471,6.474,6.491
6856,228.533,575.33,282.16,-0.622,8.915,8.937
6857,228.567,575.27,282.25,-0.961,9.472,9.521
6858,228.6,575.22,282.54,-1.389,8.73,8.84
6859,228.633,575.0,282.65,-1.877,7.416,7.65
6860,228.667,574.82,282.98,-2.412,6.067,6.528
6861,228.7,574.55,283.15,-3.048,5.246,6.067
6862,228.733,574.33,281.79,-3.69,4.949,6.173
6863,228.767,574.58,284.93,-4.307,4.857,6.492
6864,228.8,574.69,286.72,-4.864,4.738,6.79
6865,228.833,574.74,287.95,-5.39,3.835,6.615
6866,228.867,574.68,288.29,-5.866,1.967,6.188
6867,228.9,574.41,287.63,-6.227,-0.622,6.258
6868,228.933,573.99,285.5,-6.345,-3.425,7.21
6869,228.967,573.54,282.93,-6.266,-5.984,8.664
6870,229.0,573.06,279.97,-5.995,-8.063,10.047
6871,229.033,572.85,281.52,-5.739,-9.903,11.446
6872,229.067,572.58,282.14,-5.381,-10.889,12.146
6873,229.1,572.36,283.35,-4.935,-11.366,12.391
6874,229.133,572.27,284.09,-4.387,-11.499,12.308
6875,229.167,572.31,284.69,-3.651,-10.874,11.471
6876,229.2,572.34,283.77,-2.787,-10.263,10.635
6877,229.233,572.31,282.82,-1.827,-9.744,9.914
6878,229.267,572.27,281.94,-0.817,-8.148,8.189
6879,229.3,572.21,280.79,-0.067,-7.679,7.679
6880,229.333,572.22,280.01,0.594,-6.639,6.665
6881,229.367,572.25,279.97,1.143,-4.475,4.619
6882,229.4,572.38,280.7,1.717,-0.25,1.735
6883,229.433,572.44,281.52,1.423,9.334,9.442
6884,229.467,572.51,281.67,1.582,16.393,16.469
6885,229.5,572.52,281.92,2.123,21.454,21.558
6886,229.533,572.73,282.07,2.876,25.202,25.365
6887,229.567,572.8,281.56,3.612,26.201,26.449
6888,229.6,572.93,281.61,4.389,24.594,24.982
6889,229.633,572.97,282.01,5.233,20.946,21.59
6890,229.667,572.92,281.8,7.098,11.349,13.386
6891,229.7,572.91,283.31,7.153,6.834,9.892
6892,229.733,573.08,286.07,7.078,1.513,7.238
6893,229.767,573.42,289.57,7.028,-4.272,8.225
6894,229.8,574.01,294.32,7.235,-10.265,12.558
6895,229.833,574.3,296.32,7.7,-14.877,16.751
6896,229.867,574.53,296.11,7.883,-20.605,22.061
6897,229.9,574.3,291.99,7.883,-25.489,26.68
6898,229.933,576.44,276.03,7.743,-29.833,30.822
6899,229.967,576.25,274.5,7.546,-33.448,34.289
6900,230.0,575.97,273.55,7.249,-35.562,36.293
6901,230.033,575.99,273.62,8.125,-40.501,41.308
6902,230.067,576.2,273.63,7.717,-41.285,42.0
6903,230.1,576.38,274.99,5.295,-32.866,33.289
6904,230.133,576.45,275.24,3.127,-24.153,24.355
6905,230.167,573.68,287.18,1.381,-14.88,14.944
6906,230.2,576.87,275.68,0.117,-4.93,4.931
6907,230.233,577.36,275.29,-0.557,4.539,4.573
6908,230.267,577.63,274.93,0.473,8.146,8.16
6909,230.3,577.26,274.81,0.755,11.572,11.597
6910,230.333,576.58,271.96,-0.877,16.924,16.947
6911,230.367,576.85,275.39,-2.056,17.147,17.27
6912,230.4,577.0,275.74,-2.67,12.559,12.84
6913,230.433,576.95,276.61,-2.567,4.99,5.611
6914,230.467,576.71,277.38,-1.711,-1.619,2.356
6915,230.5,576.46,277.36,-1.07,-5.492,5.595
6916,230.533,572.72,289.27,-0.733,-6.501,6.542
6917,230.567,573.48,288.77,-1.119,-5.534,5.646
6918,230.6,577.36,273.88,-2.954,0.557,3.006
6919,230.633,577.48,273.66,-4.285,5.051,6.624
6920,230.667,577.33,272.58,-5.048,8.891,10.224
6921,230.7,577.14,271.85,-2.858,1.748,3.35
6922,230.733,576.63,271.81,-1.991,0.013,1.991
6923,230.767,572.65,283.96,-1.734,-0.888,1.948
6924,230.8,573.06,284.21,-2.074,-2.178,3.008
6925,230.833,576.91,272.56,-2.486,-3.424,4.231
6926,230.867,577.04,272.86,-3.48,1.632,3.844
6927,230.9,576.94,273.33,-4.156,5.269,6.711
6928,230.933,577.03,274.05,-4.643,9.192,10.298
6929,230.967,573.39,285.56,-4.162,11.221,11.969
6930,231.0,572.7,285.57,-3.958,16.046,16.527
6931,231.033,572.43,284.58,-4.121,20.951,21.352
6932,231.067,573.24,283.87,-2.453,16.225,16.409
6933,231.1,576.54,273.74,-0.847,9.15,9.189
6934,231.133,576.47,273.99,-0.385,6.308,6.32
6935,231.167,576.08,273.46,0.492,0.534,0.726
6936,231.2,573.45,282.14,0.663,-3.331,3.396
6937,231.233,573.26,280.94,0.253,-5.368,5.374
6938,231.267,573.48,280.56,-0.411,-5.155,5.172
6939,231.3,573.91,283.47,1.056,-9.892,9.948
6940,231.333,574.0,286.71,3.248,-15.93,16.258
6941,231.367,576.29,278.91,3.708,-14.747,15.207
6942,231.4,576.24,279.3,3.941,-12.273,12.89
6943,231.433,576.25,278.4,3.475,-9.908,10.5
6944,231.467,574.04,282.22,2.368,-8.732,9.047
6945,231.5,574.07,275.11,2.202,-13.163,13.346
6946,231.533,574.48,272.14,2.592,-17.858,18.045
6947,231.567,575.04,275.0,3.902,-20.662,21.028
6948,231.6,576.46,271.57,4.722,-21.048,21.571
6949,231.633,576.15,271.59,3.965,-14.814,15.336
6950,231.667,574.61,278.12,3.036,-6.846,7.489
6951,231.7,575.31,277.7,1.568,4.435,4.704
6952,231.733,576.0,278.0,1.021,11.516,11.562
6953,231.767,576.56,277.42,0.498,19.876,19.882
6954,231.8,576.69,276.79,0.37,27.056,27.058
6955,231.833,576.23,276.89,0.426,31.352,31.355
6956,231.867,576.31,272.7,0.378,30.419,30.421
6957,231.9,575.59,271.16,-0.66,28.825,28.833
6958,231.933,575.72,273.32,-2.104,27.268,27.349
6959,231.967,575.25,280.22,-3.543,26.253,26.49
6960,232.0,576.04,285.67,-3.722,21.235,21.559
6961,232.033,576.02,289.77,-3.367,17.95,18.263
6962,232.067,574.94,290.19,-2.822,18.349,18.565
6963,232.1,575.76,287.57,-1.921,15.616,15.734
6964,232.133,575.63,286.15,-1.4,13.491,13.563
6965,232.167,574.76,286.48,-0.771,11.564,11.59
6966,232.2,574.85,283.55,0.932,6.72,6.784
6967,232.233,574.92,284.55,2.725,2.112,3.448
6968,232.267,575.49,280.94,4.203,-2.644,4.966
6969,232.3,575.07,280.84,5.174,-7.274,8.927
6970,232.333,574.71,279.92,5.132,-11.367,12.472
6971,232.367,575.45,281.86,4.448,-14.93,15.578
6972,232.4,575.57,287.75,2.81,-15.206,15.464
6973,232.433,576.43,286.38,0.636,-12.296,12.312
6974,232.467,576.46,283.91,-1.8,-7.265,7.485
6975,232.5,576.58,284.78,-3.813,-3.013,4.86
6976,232.533,576.57,285.37,-5.847,-0.232,5.852
6977,232.567,576.92,278.86,-7.664,0.524,7.682
6978,232.6,576.53,280.26,-9.007,0.264,9.011
6979,232.633,576.07,281.6,-9.431,-3.82,10.176
6980,232.667,575.8,282.55,-9.99,-6.128,11.72
6981,232.7,574.87,282.86,-10.326,-7.954,13.034
6982,232.733,573.58,282.17,-10.724,-7.911,13.326
6983,232.767,572.35,281.6,-11.32,-7.95,13.833
6984,232.8,570.94,281.66,-12.276,-5.965,13.648
6985,232.833,570.7,281.69,-12.917,-3.327,13.338
6986,232.867,570.57,281.66,-13.178,0.526,13.189
6987,232.9,570.99,281.84,-13.401,4.355,14.091
6988,232.933,572.15,282.06,-13.289,5.347,14.324
6989,232.967,572.61,281.67,-13.236,5.924,14.501
6990,233.0,572.52,280.94,-12.876,6.792,14.557
6991,233.033,572.0,280.07,-12.535,6.324,14.04
6992,233.067,571.37,278.8,-12.085,4.04,12.742
6993,233.1,571.57,277.0,-11.844,3.743,12.421
6994,233.133,568.43,286.39,-11.863,2.392,12.101
6995,233.167,567.59,285.35,-11.925,0.053,11.925
6996,233.2,567.0,284.47,-12.069,-3.046,12.447
6997,233.233,566.42,283.69,-11.881,-6.717,13.648
6998,233.267,566.39,282.88,-11.249,-10.215,15.195
6999,233.3,566.45,282.43,-10.074,-13.249,16.644
7000,233.333,566.36,282.19,-7.896,-15.842,17.701
7001,233.367,566.62,281.88,-5.145,-17.995,18.716
7002,233.4,566.75,280.96,-1.792,-19.619,19.7
7003,233.433,566.88,279.5,1.773,-20.728,20.804
7004,233.467,566.96,278.24,4.908,-21.359,21.915
7005,233.5,566.8,276.88,7.548,-21.252,22.552
7006,233.533,567.13,275.48,9.52,-20.196,22.327
7007,233.567,567.2,274.68,10.97,-17.706,20.829
7008,233.6,567.27,274.58,11.938,-13.103,17.726
7009,233.633,568.09,274.96,11.921,-5.462,13.113
7010,233.667,568.68,275.31,12.765,-0.924,12.798
7011,233.7,569.12,275.5,13.693,4.128,14.302
7012,233.733,569.3,276.04,14.746,8.661,17.101
7013,233.767,569.84,276.53,15.955,13.507,20.905
7014,233.8,570.62,276.96,17.029,19.19,25.656
7015,233.833,571.22,277.21,17.898,24.233,30.126
7016,233.867,571.89,277.69,18.613,27.16,32.926
7017,233.9,572.38,278.3,18.835,26.915,32.851
7018,233.933,572.85,278.88,18.671,24.976,31.184
7019,233.967,573.24,279.56,17.934,20.402,27.163
7020,234.0,573.62,280.47,16.732,13.713,21.633
7021,234.033,574.43,281.83,15.247,7.179,16.852
7022,234.067,575.18,282.98,13.329,1.701,13.437
7023,234.1,575.86,283.78,11.106,-4.027,11.813
7024,234.133,576.45,283.85,8.73,-11.069,14.097
7025,234.167,576.77,283.23,5.94,-19.436,20.324
7026,234.2,577.06,282.11,2.92,-29.372,29.517
7027,234.233,577.05,282.55,-0.067,-41.014,41.014
7028,234.267,576.95,280.49,-2.432,-52.581,52.638
7029,234.3,576.82,275.53,-3.94,-62.639,62.763
7030,234.333,576.51,271.22,-4.804,-71.449,71.611
7031,234.367,576.02,268.49,-4.931,-79.227,79.38
7032,234.4,575.72,267.84,-4.581,-84.545,84.669
7033,234.433,575.13,264.62,-3.905,-85.975,86.063
7034,234.467,574.89,264.43,-3.179,-85.906,85.965
7035,234.5,574.53,264.5,-2.436,-83.43,83.466
7036,234.533,574.24,260.53,-1.805,-78.482,78.503
7037,234.567,574.0,254.06,-1.285,-71.27,71.282
7038,234.6,574.08,249.21,-1.063,-63.225,63.234
7039,234.633,574.37,246.31,-1.121,-55.126,55.137
7040,234.667,574.93,243.81,-1.265,-45.592,45.609
7041,234.7,575.74,243.19,-1.682,-34.263,34.304
7042,234.733,576.65,245.45,-2.473,-23.219,23.35
7043,234.767,577.03,245.97,-3.212,-13.283,13.666
7044,234.8,576.6,244.62,-3.857,-3.916,5.496
7045,234.833,576.08,244.76,-4.289,5.846,7.25
7046,234.867,575.11,247.22,-4.509,15.558,16.199
7047,234.9,574.13,247.9,-4.539,23.72,24.15
7048,234.933,573.27,245.25,-4.4,28.712,29.048
7049,234.967,572.86,247.75,-3.933,31.043,31.292
7050,235.0,572.65,249.02,-3.355,28.593,28.789
7051,235.033,572.94,249.78,-2.412,21.574,21.708
7052,235.067,572.93,249.51,-1.059,12.062,12.108
7053,235.1,573.32,251.33,0.737,2.23,2.348
7054,235.133,573.78,254.69,2.865,-7.157,7.709
7055,235.167,573.76,254.77,5.154,-15.837,16.655
7056,235.2,574.31,252.42,7.234,-22.297,23.441
7057,235.233,575.2,253.0,8.781,-27.668,29.028
7058,235.267,575.56,251.71,9.563,-33.437,34.778
7059,235.3,575.87,249.18,9.635,-38.752,39.932
7060,235.333,575.82,246.05,9.156,-41.967,42.954
7061,235.367,575.76,242.5,8.083,-42.846,43.601
7062,235.4,575.93,239.88,6.784,-41.919,42.464
7063,235.433,576.02,237.62,5.482,-38.192,38.583
7064,235.467,576.13,236.61,4.459,-29.479,29.814
7065,235.5,576.57,237.55,3.645,-19.357,19.697
7066,235.533,576.74,237.66,3.109,-8.005,8.588
7067,235.567,576.86,237.99,2.736,4.326,5.119
7068,235.6,576.94,238.84,2.841,17.529,17.758
7069,235.633,576.92,239.73,3.261,29.957,30.134
7070,235.667,576.86,240.8,3.853,39.836,40.022
7071,235.7,577.06,240.14,4.685,47.055,47.288
7072,235.733,577.32,241.49,5.521,53.451,53.736
7073,235.767,577.42,244.1,6.056,57.649,57.966
7074,235.8,577.33,247.62,6.484,59.821,60.172
7075,235.833,577.43,251.37,6.871,60.03,60.422
7076,235.867,577.81,254.81,7.388,57.909,58.378
7077,235.9,578.19,257.13,7.941,53.468,54.055
7078,235.933,578.63,258.13,8.254,46.38,47.109
7079,235.967,578.9,257.32,8.265,37.268,38.173
7080,236.0,579.33,257.95,7.892,26.412,27.566
7081,236.033,579.76,258.53,6.976,13.3,15.018
7082,236.067,580.13,258.7,5.656,-0.871,5.723
7083,236.1,580.19,258.95,4.098,-14.985,15.535
7084,236.133,580.08,259.15,2.387,-28.526,28.626
7085,236.167,579.99,258.97,0.818,-39.042,39.051
7086,236.2,580.18,260.22,-0.418,-45.059,45.061
7087,236.233,580.32,259.2,-1.36,-44.767,44.788
7088,236.267,580.51,256.36,-2.155,-40.327,40.385
7089,236.3,580.54,252.51,-2.791,-33.218,33.335
7090,236.333,580.23,248.09,-3.164,-25.155,25.354
7091,236.367,579.61,244.5,-3.253,-17.473,17.774
7092,236.4,578.99,242.08,-3.335,-12.554,12.989
7093,236.433,578.6,241.29,-3.345,-9.865,10.417
7094,236.467,578.39,241.29,-3.343,-9.374,9.952
7095,236.5,578.44,242.15,-3.069,-8.672,9.199
7096,236.533,578.65,244.64,-2.452,-7.232,7.637
7097,236.567,579.01,248.14,-1.56,-4.429,4.696
7098,236.6,579.29,252.03,-0.544,0.04,0.546
7099,236.633,579.68,257.16,0.539,5.62,5.645
7100,236.667,579.76,258.91,1.456,10.235,10.339
7101,236.7,579.56,257.27,2.058,12.757,12.922
7102,236.733,579.16,252.29,2.076,11.203,11.393
7103,236.767,578.86,248.36,1.564,7.637,7.796
7104,236.8,578.68,244.53,0.286,1.894,1.915
7105,236.833,578.6,241.47,-1.7,-5.507,5.763
7106,236.867,578.45,239.06,-4.082,-13.199,13.816
7107,236.9,578.75,241.17,-6.444,-20.001,21.014
7108,236.933,579.04,243.66,-8.526,-24.594,26.03
7109,236.967,579.49,248.61,-10.181,-26.113,28.028
7110,237.0,579.6,252.03,-11.238,-23.675,26.207
7111,237.033,579.18,253.55,-11.652,-16.984,20.596
7112,237.067,578.39,252.83,-11.595,-8.359,14.294
7113,237.1,577.36,249.86,-11.198,0.634,11.216
7114,237.133,576.22,245.22,-10.574,8.83,13.776
7115,237.167,575.4,242.56,-9.9,14.196,17.308
7116,237.2,574.8,241.38,-9.151,17.078,19.376
7117,237.233,574.47,242.27,-8.217,18.216,19.983
7118,237.267,574.03,240.3,-6.94,19.197,20.413
7119,237.3,574.11,240.72,-5.296,20.066,20.753
7120,237.333,574.45,243.26,-3.413,21.398,21.668
7121,237.367,574.85,247.0,-1.449,23.823,23.867
7122,237.4,575.19,251.39,0.687,27.961,27.97
7123,237.433,575.54,255.24,2.798,32.025,32.147
7124,237.467,575.88,257.8,4.626,35.648,35.946
7125,237.5,575.99,258.36,5.341,36.109,36.502
7126,237.533,575.84,256.6,5.763,34.878,35.351
7127,237.567,575.81,256.53,5.937,31.287,31.845
7128,237.6,575.77,256.95,5.872,25.183,25.859
7129,237.633,575.84,257.08,5.631,17.702,18.576
7130,237.667,575.99,257.02,5.382,10.238,11.567
7131,237.7,576.22,256.39,5.143,2.999,5.954
7132,237.733,576.47,255.91,4.954,-3.718,6.194
7133,237.767,576.65,255.77,4.777,-10.323,11.375
7134,237.8,576.7,255.96,4.982,-12.75,13.689
7135,237.833,576.86,256.59,5.368,-12.33,13.448
7136,237.867,577.24,257.06,5.804,-10.162,11.703
7137,237.9,577.48,257.37,6.185,-6.993,9.336
7138,237.933,577.43,257.49,6.459,-3.868,7.529
7139,237.967,577.49,257.11,6.516,-2.052,6.832
7140,238.0,578.98,258.56,6.354,-0.5,6.374
7141,238.033,578.82,255.82,6.051,1.581,6.254
7142,238.067,578.59,253.63,5.765,5.126,7.714
7143,238.1,578.47,252.87,5.506,9.495,10.976
7144,238.133,578.54,252.65,5.201,12.203,13.265
7145,238.167,578.71,253.55,4.771,12.222,13.12
7146,238.2,578.92,255.1,4.137,8.44,9.399
7147,238.233,579.2,257.19,3.408,2.285,4.103
7148,238.267,579.63,260.15,2.714,-3.349,4.31
7149,238.3,579.65,258.73,2.158,-7.363,7.673
7150,238.333,579.71,258.55,1.872,-9.34,9.526
7151,238.367,579.72,258.76,1.853,-8.911,9.102
7152,238.4,579.73,258.54,1.747,-9.385,9.546
7153,238.433,579.76,258.26,1.498,-12.642,12.73
7154,238.467,579.89,259.61,1.3,-18.087,18.134
7155,238.5,579.91,258.38,1.335,-23.358,23.396
7156,238.533,579.86,255.47,0.812,-28.572,28.584
7157,238.567,579.74,251.49,0.406,-31.181,31.183
7158,238.6,579.47,245.53,0.242,-30.801,30.802
7159,238.633,579.41,242.88,0.366,-27.301,27.304
7160,238.667,579.54,242.87,0.491,-24.278,24.283
7161,238.7,579.97,247.45,0.57,-22.197,22.204
7162,238.733,580.29,252.85,0.687,-19.868,19.88
7163,238.767,580.41,254.15,0.831,-17.486,17.506
7164,238.8,580.35,253.03,0.843,-15.798,15.82
7165,238.833,580.12,249.62,0.86,-12.881,12.91
7166,238.867,579.67,242.44,0.901,-8.887,8.932
7167,238.9,579.61,240.48,0.921,-5.585,5.66
7168,238.933,579.87,243.53,0.794,-5.201,5.261
7169,238.967,580.23,247.76,0.578,-6.622,6.647
7170,239.0,580.33,249.15,0.259,-10.461,10.464
7171,239.033,580.39,248.91,-0.063,-15.124,15.124
7172,239.067,580.37,247.18,-0.321,-18.837,18.84
7173,239.1,580.22,244.29,-0.416,-19.791,19.795
7174,239.133,579.88,238.82,-0.036,-15.43,15.43
7175,239.167,580.0,240.49,0.856,-7.735,7.783
7176,239.2,580.25,243.85,2.121,2.084,2.973
7177,239.233,580.33,244.95,3.479,11.146,11.677
7178,239.267,580.3,245.46,3.992,17.425,17.876
7179,239.3,580.28,245.18,3.774,21.464,21.793
7180,239.333,580.27,244.04,3.015,23.826,24.016
7181,239.367,580.15,240.88,1.931,25.606,25.679
7182,239.4,580.12,239.68,0.741,29.1,29.109
7183,239.433,580.43,244.13,-0.344,34.183,34.185
7184,239.467,580.73,247.86,-1.329,38.994,39.017
7185,239.5,581.04,251.88,-2.379,41.889,41.957
7186,239.533,581.31,255.55,-3.363,42.912,43.044
7187,239.567,581.56,258.09,-4.324,41.611,41.835
7188,239.6,581.75,258.76,-5.319,37.87,38.241
7189,239.633,581.41,256.91,-6.257,32.495,33.092
7190,239.667,580.55,256.8,-7.005,26.284,27.201
7191,239.7,579.3,256.79,-7.703,17.91,19.497
7192,239.733,577.6,256.59,-8.609,6.471,10.769
7193,239.767,577.58,256.52,-9.589,-4.659,10.661
7194,239.8,577.68,256.68,-10.506,-15.38,18.626
7195,239.833,577.77,257.0,-11.133,-23.642,26.132
7196,239.867,577.91,257.65,-11.302,-27.902,30.104
7197,239.9,578.28,259.93,-10.915,-26.039,28.234
7198,239.933,578.18,259.76,-10.071,-19.814,22.226
7199,239.967,577.77,257.5,-8.922,-12.74,15.553
7200,240.0,577.41,254.17,-7.62,-6.087,9.753
7201,240.033,576.86,250.3,-6.156,0.725,6.199
7202,240.067,576.31,247.1,-4.799,3.553,5.971
7203,240.1,575.9,245.37,-3.68,4.172,5.563
7204,240.133,575.49,244.38,-2.966,4.14,5.093
7205,240.167,575.16,248.29,-2.613,4.087,4.851
7206,240.2,574.81,251.92,-2.441,2.957,3.834
7207,240.233,575.02,257.69,-2.065,2.261,3.062
7208,240.267,575.36,259.76,-0.957,3.539,3.666
7209,240.3,575.85,263.13,0.119,5.511,5.513
7210,240.333,576.14,263.72,1.076,7.095,7.176
7211,240.367,576.17,261.79,2.006,9.482,9.691
7212,240.4,576.15,257.05,2.971,12.845,13.184
7213,240.433,576.29,254.03,3.479,12.906,13.367
7214,240.467,576.34,251.88,3.456,8.643,9.308
7215,240.5,576.52,251.6,3.165,3.469,4.696
7216,240.533,576.33,247.83,2.578,-0.712,2.674
7217,240.567,576.37,252.07,1.809,-3.646,4.07
7218,240.6,576.31,254.02,1.163,-3.431,3.622
7219,240.633,576.2,254.18,0.672,0.15,0.689
7220,240.667,576.2,256.15,0.326,7.358,7.365
7221,240.7,576.37,260.33,-0.038,14.166,14.166
7222,240.733,576.4,262.26,-0.238,19.697,19.699
7223,240.767,576.34,260.52,-0.431,22.136,22.14
7224,240.8,576.54,260.31,-0.569,22.17,22.178
7225,240.833,576.83,261.92,-0.778,18.712,18.728
7226,240.867,576.81,260.09,-1.029,11.951,11.995
7227,240.9,576.28,255.09,-1.185,4.741,4.887
7228,240.933,576.08,255.19,-1.038,0.155,1.049
7229,240.967,576.31,260.32,-0.615,-0.98,1.156
7230,241.0,576.33,262.04,0.117,1.469,1.474
7231,241.033,576.42,262.02,0.834,5.393,5.457
7232,241.067,576.66,263.91,1.594,12.194,12.298
7233,241.1,576.46,263.08,2.29,17.145,17.297
7234,241.133,576.09,261.15,2.878,20.384,20.586
7235,241.167,575.84,257.98,3.462,22.269,22.536
7236,241.2,576.11,257.74,4.137,21.035,21.438
7237,241.233,576.43,258.7,4.8,16.774,17.447
7238,241.267,576.86,259.94,5.497,10.896,12.204
7239,241.3,577.16,262.32,6.251,6.131,8.756
7240,241.333,577.54,265.12,6.904,2.563,7.364
7241,241.367,578.04,270.4,7.222,0.155,7.224
7242,241.4,578.57,273.24,7.254,-0.741,7.291
7243,241.433,578.77,273.59,7.227,-0.327,7.235
7244,241.467,578.72,270.81,6.896,-1.702,7.103
7245,241.5,578.42,265.82,5.904,-4.679,7.534
7246,241.533,578.41,261.95,4.988,-6.446,8.15
7247,241.567,578.58,258.55,4.239,-6.954,8.144
7248,241.6,578.77,256.87,3.566,-7.524,8.326
7249,241.633,579.22,256.21,3.041,-7.409,8.009
7250,241.667,579.65,257.27,2.887,-5.972,6.633
7251,241.7,579.82,262.13,3.136,-1.797,3.614
7252,241.733,579.92,265.58,3.6,3.925,5.326
7253,241.767,579.9,268.18,4.185,12.108,12.811
7254,241.8,579.8,269.11,4.61,22.507,22.974
7255,241.833,579.55,268.49,4.816,32.106,32.465
7256,241.867,579.42,264.21,4.672,39.028,39.307
7257,241.9,579.3,260.69,4.09,40.249,40.456
7258,241.933,579.32,262.46,3.158,37.04,37.175
7259,241.967,579.87,269.78,2.139,30.074,30.15
7260,242.0,581.22,273.24,1.259,20.981,21.019
7261,242.033,581.51,272.81,0.794,11.594,11.621
7262,242.067,581.49,272.95,0.593,2.566,2.633
7263,242.1,581.3,272.95,0.543,-5.077,5.106
7264,242.133,581.31,273.33,0.53,-11.109,11.122
7265,242.167,581.1,273.92,0.55,-15.08,15.09
7266,242.2,580.82,273.9,0.641,-17.326,17.338
7267,242.233,580.37,274.41,0.815,-19.844,19.86
7268,242.267,579.83,270.96,0.929,-22.594,22.613
7269,242.3,579.62,265.21,0.867,-25.803,25.818
7270,242.333,579.65,262.23,0.659,-29.102,29.109
7271,242.367,580.01,261.25,0.558,-31.813,31.818
7272,242.4,580.61,262.85,0.655,-31.621,31.628
7273,242.433,581.1,262.62,1.027,-27.699,27.718
7274,242.467,581.39,262.37,1.769,-22.07,22.141
7275,242.5,581.5,262.08,2.696,-17.62,17.825
7276,242.533,581.38,262.03,2.958,-15.457,15.738
7277,242.567,581.34,262.12,2.976,-13.254,13.584
7278,242.6,581.4,262.11,2.96,-10.733,11.133
7279,242.633,581.73,262.18,2.799,-7.839,8.324
7280,242.667,581.75,261.96,2.265,-4.934,5.429
7281,242.7,581.44,261.72,1.495,-2.099,2.578
7282,242.733,581.03,261.33,0.516,-0.574,0.772
7283,242.767,580.79,260.71,-0.531,-1.52,1.61
7284,242.8,580.9,260.11,-1.366,-4.83,5.02
7285,242.833,581.22,259.59,-1.935,-6.998,7.261
7286,242.867,581.43,259.16,-2.111,-7.643,7.929
7287,242.9,581.58,258.97,-1.863,-6.564,6.823
7288,242.933,581.74,258.84,-1.413,-4.399,4.62
7289,242.967,581.69,258.99,-0.922,-0.091,0.927
7290,243.0,581.35,257.73,-0.534,5.149,5.177
7291,243.033,581.5,260.43,-0.277,10.988,10.991
7292,243.067,581.4,262.16,-0.08,16.954,16.955
7293,243.1,580.88,262.86,0.391,22.574,22.577
7294,243.133,580.59,263.06,0.835,27.576,27.589
7295,243.167,580.57,262.71,0.996,31.735,31.751
7296,243.2,580.52,260.6,0.964,35.078,35.091
7297,243.233,580.67,260.07,0.983,37.366,37.379
7298,243.267,581.08,260.46,1.172,38.57,38.587
7299,243.3,581.5,265.81,1.503,38.748,38.777
7300,243.333,581.97,269.71,1.776,37.894,37.935
7301,243.367,582.22,273.08,1.937,36.04,36.092
7302,243.4,582.02,275.5,1.889,33.39,33.443
7303,243.433,581.73,276.23,1.663,30.031,30.077
7304,243.467,581.49,274.93,1.256,26.223,26.253
7305,243.5,581.5,274.97,0.767,22.058,22.072
7306,243.533,581.67,274.98,0.443,18.681,18.687
7307,243.567,582.04,275.01,0.085,13.875,13.875
7308,243.6,581.58,275.22,-0.241,9.005,9.008
7309,243.633,581.5,275.49,-0.299,5.435,5.443
7310,243.667,581.57,275.6,-0.193,2.334,2.341
7311,243.7,581.65,275.37,-0.016,-1.298,1.298
7312,243.733,581.6,275.21,0.387,-3.439,3.461
7313,243.767,581.51,274.97,1.011,-3.903,4.031
7314,243.8,581.49,274.73,1.689,-2.72,3.202
7315,243.833,581.62,274.64,2.174,-2.659,3.434
7316,243.867,581.62,274.76,2.23,-2.572,3.404
7317,243.9,581.85,274.84,1.947,-2.636,3.277
7318,243.933,582.08,275.01,1.491,-4.051,4.316
7319,243.967,582.28,275.11,1.035,-8.247,8.312
7320,244.0,582.45,275.28,0.745,-13.306,13.327
7321,244.033,582.46,275.39,0.479,-19.378,19.384
7322,244.067,582.34,276.9,0.225,-26.35,26.351
7323,244.1,582.22,276.04,-0.143,-31.525,31.525
7324,244.133,582.07,272.04,-0.283,-34.961,34.962
7325,244.167,582.12,269.07,-0.232,-36.433,36.434
7326,244.2,582.29,269.13,-0.069,-35.586,35.586
7327,244.233,582.27,268.36,0.211,-33.639,33.64
7328,244.267,582.03,267.26,0.641,-30.775,30.781
7329,244.3,581.68,266.51,1.107,-27.154,27.177
7330,244.333,581.58,266.58,1.578,-23.225,23.279
7331,244.367,581.79,263.99,2.027,-16.05,16.178
7332,244.4,581.93,259.88,2.541,-6.645,7.114
7333,244.433,582.26,257.13,2.986,4.295,5.231
7334,244.467,582.56,259.09,3.233,15.614,15.946
7335,244.5,582.65,260.98,3.115,25.721,25.909
7336,244.533,582.92,264.04,2.54,33.144,33.241
7337,244.567,583.05,269.22,1.549,36.613,36.646
7338,244.6,583.11,270.13,0.398,34.327,34.329
7339,244.633,583.28,271.06,-0.649,28.8,28.807
7340,244.667,583.26,271.14,-1.388,20.937,20.983
7341,244.7,583.2,269.71,-1.867,10.553,10.717
7342,244.733,582.98,270.62,-2.053,-1.553,2.574
7343,244.767,582.67,272.01,-1.953,-13.641,13.781
7344,244.8,582.59,274.19,-1.479,-24.454,24.499
7345,244.833,582.56,278.16,-0.526,-32.936,32.94
7346,244.867,582.42,275.1,0.746,-40.458,40.464
7347,244.9,582.17,271.36,2.048,-46.015,46.06
7348,244.933,581.85,266.26,3.276,-50.047,50.154
7349,244.967,581.63,260.52,4.318,-52.462,52.64
7350,245.0,581.77,255.64,5.36,-52.275,52.549
7351,245.033,582.25,252.11,6.106,-51.159,51.522
7352,245.067,583.1,250.72,6.723,-48.358,48.823
7353,245.1,583.94,251.93,7.248,-42.98,43.587
7354,245.133,584.54,250.41,7.546,-33.472,34.312
7355,245.167,584.91,251.81,7.37,-21.606,22.828
7356,245.2,585.22,256.34,6.715,-8.394,10.749
7357,245.233,585.2,259.08,5.681,5.904,8.194
7358,245.267,585.16,260.18,4.48,19.322,19.835
7359,245.3,585.03,259.53,2.979,27.877,28.035
7360,245.333,584.75,255.7,1.428,31.761,31.793
7361,245.367,584.48,252.69,-0.13,30.77,30.77
7362,245.4,584.42,249.99,-1.468,28.299,28.337
7363,245.433,584.61,252.23,-2.48,23.871,24.0
7364,245.467,584.85,257.62,-3.027,18.687,18.93
7365,245.5,584.53,258.93,-3.033,13.509,13.845
7366,245.533,584.93,265.22,-2.453,10.016,10.312
7367,245.567,584.74,270.19,-1.353,9.369,9.466
7368,245.6,584.3,269.27,-0.095,9.171,9.172
7369,245.633,583.99,265.49,1.109,8.7,8.77
7370,245.667,583.95,262.1,2.149,9.841,10.073
7371,245.7,584.14,258.95,2.807,9.596,9.998
7372,245.733,584.26,256.08,2.951,6.304,6.96
7373,245.767,584.2,253.36,2.672,0.237,2.683
7374,245.8,584.83,258.11,2.181,-6.743,7.087
7375,245.833,585.05,262.15,1.675,-12.902,13.01
7376,245.867,585.28,263.09,1.198,-18.935,18.973
7377,245.9,585.28,261.8,0.786,-23.421,23.435
7378,245.933,585.34,261.98,0.254,-25.099,25.101
7379,245.967,585.46,261.89,-0.669,-26.838,26.846
7380,246.0,585.63,262.86,-1.931,-28.892,28.956
7381,246.033,585.53,261.49,-3.004,-28.81,28.966
7382,246.067,585.11,256.98,-4.087,-28.748,29.037
7383,246.1,584.68,255.79,-4.95,-28.774,29.197
7384,246.133,584.18,253.63,-5.513,-28.108,28.644
7385,246.167,583.65,249.91,-5.723,-25.548,26.181
7386,246.2,583.51,250.11,-5.577,-21.021,21.749
7387,246.233,583.59,250.64,-5.145,-15.022,15.878
7388,246.267,583.89,251.92,-4.257,-6.18,7.504
7389,246.3,583.89,250.47,-2.772,6.338,6.918
7390,246.333,583.54,246.11,-1.357,18.455,18.505
7391,246.367,583.24,247.64,-0.013,29.068,29.068
7392,246.4,582.91,248.85,1.299,36.554,36.577
7393,246.433,582.87,250.39,2.844,39.966,40.067
7394,246.467,583.36,256.1,4.434,38.89,39.142
7395,246.5,583.92,260.29,5.613,33.566,34.032
7396,246.533,584.16,263.39,5.919,24.976,25.668
7397,246.567,584.11,264.5,5.162,14.646,15.529
7398,246.6,584.07,262.81,3.553,5.247,6.337
7399,246.633,584.27,262.28,1.096,-5.865,5.966
7400,246.667,584.55,261.52,-1.86,-18.982,19.073
7401,246.7,584.77,260.47,-4.83,-32.544,32.9
7402,246.733,584.96,260.99,-7.967,-46.121,46.804
7403,246.767,584.73,259.06,-11.093,-58.97,60.005
7404,246.8,584.14,255.08,-14.01,-71.044,72.412
7405,246.833,583.92,249.69,-16.393,-80.59,82.24
7406,246.867,583.81,242.37,-17.995,-85.109,86.991
7407,246.9,583.3,238.01,-18.837,-88.17,90.16
7408,246.933,581.93,237.65,-18.6,-88.619,90.55
7409,246.967,580.18,237.84,-17.22,-86.567,88.263
7410,247.0,578.67,238.81,-15.09,-84.346,85.685
7411,247.033,577.63,236.74,-12.578,-82.12,83.077
7412,247.067,577.21,232.98,-9.793,-79.995,80.592
7413,247.1,576.97,226.53,-6.799,-77.576,77.873
7414,247.133,577.31,222.6,-3.897,-73.462,73.565
7415,247.167,577.74,221.72,-1.33,-68.33,68.342
7416,247.2,577.9,222.55,0.763,-62.675,62.679
7417,247.233,578.66,221.37,2.318,-57.12,57.167
7418,247.267,579.41,219.21,3.146,-52.772,52.866
7419,247.3,579.84,216.38,3.31,-50.044,50.154
7420,247.333,579.97,212.96,2.975,-48.663,48.754
7421,247.367,580.08,208.93,2.02,-47.859,47.901
7422,247.4,580.45,208.55,0.297,-45.631,45.632
7423,247.433,580.37,207.25,-2.067,-42.102,42.152
7424,247.467,579.76,206.74,-4.569,-38.888,39.155
7425,247.5,578.98,206.61,-9.573,-28.802,30.351
7426,247.533,578.28,206.83,-12.404,-21.708,25.002
7427,247.567,577.57,206.92,-13.108,-18.05,22.308
7428,247.6,576.88,206.89,-9.847,-19.938,22.237
7429,247.633,576.64,206.0,-6.724,-18.06,19.271
7430,247.667,576.55,204.59,-3.928,-13.977,14.518
7431,247.7,576.47,203.12,-1.495,-9.859,9.971
7432,247.733,576.3,201.99,0.8,-7.441,7.484
7433,247.767,576.25,199.67,2.594,-4.974,5.61
7434,247.8,576.3,198.87,3.769,-3.594,5.208
7435,247.833,576.38,199.57,4.394,-3.584,5.671
7436,247.867,576.31,201.71,4.49,-1.304,4.675
7437,247.9,576.23,204.66,4.071,3.872,5.619
7438,247.933,576.11,208.11,2.844,8.604,9.061
7439,247.967,575.96,212.67,0.978,13.866,13.901
7440,248.0,583.59,197.08,-1.219,17.734,17.776
7441,248.033,583.33,195.67,-3.466,20.742,21.03
7442,248.067,582.56,197.57,-5.65,20.85,21.602
7443,248.1,575.42,209.2,-7.581,18.925,20.387
7444,248.133,575.22,207.18,-9.045,15.471,17.921
7445,248.167,575.07,206.25,-10.147,10.675,14.728
7446,248.2,574.97,206.69,-10.948,4.958,12.019
7447,248.233,574.75,208.32,-11.414,0.852,11.446
7448,248.267,574.63,207.0,-11.67,-3.541,12.195
7449,248.3,574.51,208.53,-11.634,-4.556,12.495
7450,248.333,574.32,212.59,-11.353,-4.938,12.38
7451,248.367,574.26,210.19,-10.68,-4.511,11.594
7452,248.4,574.12,206.36,-9.295,-5.497,10.799
7453,248.433,574.2,205.25,-6.977,-9.395,11.702
7454,248.467,574.29,202.08,-3.35,-14.327,14.713
7455,248.5,574.38,201.77,1.717,-20.872,20.943
7456,248.533,574.35,199.62,3.363,-18.478,18.782
7457,248.567,574.31,201.54,3.935,-11.791,12.43
7458,248.6,574.21,202.49,3.176,-4.684,5.66
7459,248.633,573.95,202.76,4.668,-3.696,5.954
7460,248.667,573.67,204.02,5.746,-3.899,6.944
7461,248.7,573.46,206.26,6.362,-5.94,8.704
7462,248.733,573.25,203.76,6.725,-6.956,9.676
7463,248.767,573.67,205.41,7.057,-6.172,9.376
7464,248.8,574.19,200.92,7.389,-1.413,7.523
7465,248.833,575.15,200.93,7.522,3.076,8.127
7466,248.867,576.24,199.5,7.408,3.89,8.368
7467,248.9,577.19,201.47,6.972,2.839,7.527
7468,248.933,577.94,206.77,6.182,0.52,6.204
7469,248.967,577.94,207.32,4.921,-4.581,6.723
7470,249.0,577.37,204.91,3.513,-7.643,8.412
7471,249.033,576.71,201.31,2.259,-7.44,7.776
7472,249.067,576.11,196.09,1.289,-4.055,4.255
7473,249.1,575.85,195.37,0.605,-1.456,1.576
7474,249.133,575.78,196.46,0.346,-0.282,0.446
7475,249.167,576.1,199.94,0.585,-1.083,1.231
7476,249.2,576.68,207.14,1.243,-5.154,5.302
7477,249.233,576.91,208.94,2.067,-13.575,13.732
7478,249.267,576.79,206.56,3.144,-22.284,22.504
7479,249.3,576.34,199.52,4.181,-31.763,32.037
7480,249.333,576.16,195.65,4.907,-39.764,40.065
7481,249.367,576.19,193.53,5.068,-47.076,47.348
7482,249.4,576.39,192.98,4.553,-52.063,52.262
7483,249.433,577.02,194.56,3.365,-56.116,56.217
7484,249.467,578.11,199.7,1.425,-61.571,61.587
7485,249.5,578.87,198.92,-0.992,-66.927,66.935
7486,249.533,579.06,191.75,-3.465,-71.355,71.439
7487,249.567,578.97,184.19,-5.754,-72.338,72.567
7488,249.6,578.72,179.14,-7.726,-67.338,67.779
7489,249.633,577.97,174.96,-9.314,-58.676,59.411
7490,249.667,576.91,172.35,-10.461,-47.976,49.103
7491,249.7,575.8,172.17,-11.247,-38.11,39.735
7492,249.733,575.11,174.46,-11.922,-31.657,33.827
7493,249.767,574.39,174.83,-12.385,-27.516,30.174
7494,249.8,573.74,172.89,-12.466,-24.052,27.091
7495,249.833,573.61,173.75,-11.96,-18.281,21.846
7496,249.867,573.64,174.23,-10.84,-11.2,15.586
7497,249.9,573.64,174.04,-9.072,-4.708,10.221
7498,249.933,573.51,173.92,-6.769,-0.412,6.782
7499,249.967,573.45,173.97,-4.34,1.423,4.567
7500,250.0,573.48,174.12,-2.278,-1.264,2.605
7501,250.033,573.42,176.22,-0.824,-6.644,6.695
7502,250.067,573.35,175.72,-0.098,-10.671,10.672
7503,250.1,573.41,172.64,-0.241,-13.622,13.624
7504,250.133,573.41,170.25,-1.166,-16.333,16.374
7505,250.167,573.38,168.75,-2.414,-17.554,17.719
7506,250.2,573.19,169.84,-3.58,-17.152,17.522
7507,250.233,573.1,169.87,-4.345,-14.659,15.29
7508,250.267,573.02,169.65,-4.602,-12.811,13.612
7509,250.3,572.95,168.66,-4.332,-11.752,12.525
7510,250.333,572.97,166.4,-3.636,-10.47,11.083
7511,250.367,572.88,163.85,-2.927,-11.588,11.952
7512,250.4,572.52,164.05,-2.327,-15.336,15.512
7513,250.433,572.04,167.15,-1.775,-19.7,19.78
7514,250.467,571.65,168.92,-1.317,-25.097,25.132
7515,250.5,571.22,168.99,-0.965,-31.351,31.365
7516,250.533,570.92,168.12,-0.68,-38.008,38.014
7517,250.567,571.04,164.35,-0.353,-45.625,45.626
7518,250.6,571.69,162.91,0.136,-52.441,52.441
7519,250.633,572.5,163.24,0.704,-56.487,56.492
7520,250.667,573.1,162.2,1.408,-57.196,57.214
7521,250.7,573.5,160.68,2.335,-53.011,53.063
7522,250.733,573.61,155.3,3.474,-45.989,46.12
7523,250.767,573.16,151.12,4.706,-36.199,36.504
7524,250.8,572.62,147.54,5.816,-25.476,26.132
7525,250.833,572.22,143.93,6.646,-14.77,16.196
7526,250.867,572.25,143.73,6.925,-4.913,8.49
7527,250.9,572.43,145.76,6.812,5.701,8.883
7528,250.933,572.52,145.59,6.412,15.098,16.403
7529,250.967,572.95,147.48,5.961,22.367,23.148
7530,251.0,573.56,150.59,5.677,27.716,28.292
7531,251.033,574.19,154.39,5.736,31.519,32.037
7532,251.067,574.81,158.42,6.296,34.258,34.832
7533,251.1,575.26,161.82,7.333,38.273,38.969
7534,251.133,575.74,164.93,8.391,40.865,41.718
7535,251.167,576.06,167.58,9.322,41.918,42.942
7536,251.2,576.0,165.84,9.796,40.107,41.286
7537,251.233,575.84,163.66,9.637,35.277,36.569
7538,251.267,575.53,159.68,8.868,29.483,30.787
7539,251.3,575.41,157.31,7.841,23.488,24.762
7540,251.333,575.47,156.47,6.952,19.416,20.623
7541,251.367,576.02,159.35,6.383,19.311,20.339
7542,251.4,576.45,160.77,5.974,20.961,21.796
7543,251.433,577.13,164.87,5.7,23.488,24.169
7544,251.467,577.79,167.9,5.68,28.082,28.651
7545,251.5,578.24,170.46,5.9,34.057,34.564
7546,251.533,578.65,172.81,6.134,39.761,40.231
7547,251.567,578.81,174.12,6.214,43.618,44.058
7548,251.6,578.58,172.49,6.279,46.152,46.577
7549,251.633,578.47,173.68,6.096,46.184,46.585
7550,251.667,577.98,171.97,5.524,43.36,43.711
7551,251.7,577.86,172.98,4.458,36.936,37.204
7552,251.733,578.06,174.88,3.032,28.967,29.126
7553,251.767,578.48,178.19,1.414,20.142,20.192
7554,251.8,578.99,181.92,-0.248,11.995,11.997
7555,251.833,579.16,183.05,-1.881,5.018,5.359
7556,251.867,579.1,181.21,-3.007,1.308,3.279
7557,251.9,579.16,181.31,-3.929,-1.407,4.173
7558,251.933,579.22,180.92,-4.412,-1.669,4.717
7559,251.967,579.23,179.99,-4.681,-1.749,4.997
7560,252.0,578.89,178.09,-4.56,-0.515,4.589
7561,252.033,578.62,177.48,-3.917,2.4,4.594
7562,252.067,578.49,178.79,-3.09,5.503,6.311
7563,252.1,577.72,177.45,-2.376,8.009,8.354
7564,252.133,577.23,177.49,-1.754,10.579,10.723
7565,252.167,576.77,177.18,-1.458,11.563,11.655
7566,252.2,576.57,177.61,-1.231,12.484,12.544
7567,252.233,576.61,178.16,-1.038,12.582,12.625
7568,252.267,576.76,179.29,-0.516,13.294,13.304
7569,252.3,577.28,181.84,0.544,14.972,14.982
7570,252.333,578.18,185.44,1.354,14.445,14.508
7571,252.367,578.4,185.47,2.084,12.608,12.779
7572,252.4,578.96,187.21,3.015,12.652,13.006
7573,252.433,579.25,187.32,4.018,13.306,13.899
7574,252.467,579.7,189.09,4.967,14.382,15.216
7575,252.5,579.5,188.22,5.838,15.867,16.907
7576,252.533,578.64,184.68,6.792,18.01,19.248
7577,252.567,577.87,181.9,7.697,20.187,21.605
7578,252.6,577.57,180.13,7.967,19.582,21.141
7579,252.633,577.58,180.07,8.263,18.287,20.067
7580,252.667,578.23,181.81,8.726,17.184,19.272
7581,252.7,579.33,185.24,9.691,16.849,19.437
7582,252.733,580.69,190.2,11.295,18.087,21.324
7583,252.767,581.31,192.32,13.28,19.842,23.876
7584,252.8,580.97,190.89,15.336,20.809,25.85
7585,252.833,581.88,193.82,17.02,20.178,26.397
7586,252.867,582.74,196.95,17.78,16.907,24.535
7587,252.9,583.17,196.03,17.821,12.277,21.64
7588,252.933,583.57,194.88,16.953,5.415,17.797
7589,252.967,584.0,193.31,15.58,-1.275,15.632
7590,253.0,584.27,191.29,13.816,-7.903,15.917
7591,253.033,584.28,189.34,11.613,-14.302,18.423
7592,253.067,584.31,187.27,9.235,-18.85,20.991
7593,253.1,585.5,189.55,6.783,-20.742,21.823
7594,253.133,586.35,191.56,4.387,-19.468,19.956
7595,253.167,586.99,191.52,1.953,-15.276,15.4
7596,253.2,587.03,190.97,-0.722,-9.038,9.067
7597,253.233,586.3,187.52,-3.724,-1.862,4.163
7598,253.267,585.45,185.33,-7.111,4.354,8.338
7599,253.3,584.75,185.35,-10.516,9.98,14.498
7600,253.333,584.26,185.83,-13.17,16.255,20.921
7601,253.367,584.23,187.05,-15.36,20.61,25.704
7602,253.4,584.35,189.6,-16.824,22.291,27.927
7603,253.433,584.54,193.64,-17.598,22.907,28.886
7604,253.467,583.99,194.92,-17.653,22.696,28.753
7605,253.5,582.51,194.02,-17.092,21.968,27.834
7606,253.533,581.31,194.69,-15.941,21.17,26.501
7607,253.567,580.37,195.93,-14.028,20.564,24.893
7608,253.6,579.7,196.73,-11.361,20.516,23.452
7609,253.633,578.92,197.01,-8.635,19.033,20.9
7610,253.667,578.63,196.96,-6.107,15.745,16.888
7611,253.7,578.75,196.89,-3.868,11.639,12.265
7612,253.733,579.04,196.32,-1.932,7.014,7.275
7613,253.767,579.38,196.03,-0.326,3.532,3.547
7614,253.8,579.95,195.7,1.261,1.414,1.895
7615,253.833,580.5,195.88,2.582,-0.119,2.585
7616,253.867,580.85,196.77,3.508,-1.109,3.679
7617,253.9,580.55,197.41,3.79,-1.844,4.215
7618,253.933,580.56,197.7,3.212,-3.274,4.587
7619,253.967,580.47,197.61,1.735,-6.314,6.548
7620,254.0,580.43,197.3,-0.519,-10.012,10.025
7621,254.033,580.5,196.82,-3.123,-13.104,13.471
7622,254.067,580.41,196.33,-5.735,-15.954,16.953
7623,254.1,580.26,196.12,-8.337,-18.685,20.461
7624,254.133,579.93,195.83,-10.653,-21.086,23.624
7625,254.167,579.71,195.52,-12.195,-22.879,25.926
7626,254.2,579.09,194.44,-12.813,-23.877,27.097
7627,254.233,578.36,192.95,-12.459,-23.782,26.848
7628,254.267,578.16,191.6,-11.202,-22.406,25.051
7629,254.3,577.39,190.03,-9.164,-19.946,21.951
7630,254.333,576.99,188.85,-6.723,-16.397,17.722
7631,254.367,576.72,187.92,-4.078,-12.181,12.846
7632,254.4,576.49,187.36,-1.427,-7.916,8.044
7633,254.433,576.4,187.7,1.366,-3.706,3.95
7634,254.467,576.03,187.97,3.94,-0.071,3.941
7635,254.5,576.03,188.5,6.457,4.486,7.862
7636,254.533,576.61,189.32,8.802,9.12,12.675
7637,254.567,577.08,190.22,10.681,13.271,17.035
7638,254.6,578.11,191.01,12.13,16.401,20.399
7639,254.633,579.17,191.75,13.095,17.948,22.217
7640,254.667,580.08,192.42,13.558,17.762,22.345
7641,254.7,580.73,193.12,13.39,15.735,20.661
7642,254.733,581.01,193.17,12.763,12.28,17.712
7643,254.767,581.09,193.2,11.862,9.607,15.265
7644,254.8,581.01,193.36,10.434,7.12,12.632
7645,254.833,581.04,193.5,8.665,5.369,10.194
7646,254.867,580.97,193.9,6.577,4.26,7.836
7647,254.9,580.97,194.53,4.128,4.597,6.178
7648,254.933,581.05,195.04,1.273,5.25,5.402
7649,254.967,581.47,196.7,-1.941,5.47,5.804
7650,255.0,581.47,194.75,-5.165,5.503,7.548
7651,255.033,581.34,193.45,-8.332,5.623,10.052
7652,255.067,581.39,192.68,-11.205,7.89,13.704
7653,255.1,581.22,192.67,-13.433,12.727,18.504
7654,255.133,580.88,193.56,-15.17,19.585,24.773
7655,255.167,580.46,195.17,-16.435,27.608,32.13
7656,255.2,579.96,197.61,-17.114,36.035,39.893
7657,255.233,579.33,201.06,-17.059,44.283,47.455
7658,255.267,578.39,200.9,-16.084,51.923,54.357
7659,255.3,577.35,202.07,-14.164,58.331,60.026
7660,255.333,576.52,202.88,-11.351,64.463,65.454
7661,255.367,575.52,204.16,-7.875,69.011,69.459
7662,255.4,574.69,203.82,-4.119,70.473,70.593
7663,255.433,574.34,206.0,-0.4,67.886,67.887
7664,255.467,574.39,210.15,3.104,62.476,62.553
7665,255.5,574.88,215.52,6.028,53.752,54.089
7666,255.533,575.96,221.88,8.419,43.826,44.628
7667,255.567,576.82,224.17,10.18,33.285,34.807
7668,255.6,577.63,224.23,11.108,22.962,25.508
7669,255.633,578.51,223.59,11.24,13.193,17.332
7670,255.667,579.47,222.9,10.556,4.141,11.339
7671,255.7,580.21,222.13,9.151,-4.231,10.082
7672,255.733,580.61,220.83,7.086,-12.339,14.229
7673,255.767,580.56,219.64,4.564,-20.272,20.779
7674,255.8,580.18,218.89,1.741,-27.462,27.517
7675,255.833,579.51,214.52,-1.158,-34.35,34.369
7676,255.867,578.59,211.19,-4.046,-40.52,40.721
7677,255.9,578.06,210.18,-6.46,-43.428,43.906
7678,255.933,577.8,211.64,-8.132,-41.744,42.528
7679,255.967,577.58,211.52,-8.88,-36.024,37.102
7680,256.0,577.42,211.51,-8.697,-27.139,28.499
7681,256.033,577.24,211.6,-7.676,-16.272,17.991
7682,256.067,577.17,211.75,-6.288,-6.804,9.264
7683,256.1,577.18,211.32,-4.575,1.516,4.82
7684,256.133,577.15,210.81,-2.671,8.91,9.302
7685,256.167,577.27,210.1,-0.641,16.963,16.975
7686,256.2,577.29,209.42,1.213,24.317,24.347
7687,256.233,577.31,209.17,2.728,30.614,30.735
7688,256.267,577.1,207.7,3.75,35.762,35.958
7689,256.3,577.12,209.27,4.292,39.44,39.673
7690,256.333,577.26,212.82,4.387,40.568,40.804
7691,256.367,577.65,218.75,4.304,42.314,42.533
7692,256.4,577.95,220.97,4.314,45.093,45.299
7693,256.433,578.31,223.23,4.313,48.058,48.252
7694,256.467,578.42,224.87,4.246,49.454,49.636
7695,256.5,578.47,225.23,4.056,49.111,49.278
7696,256.533,578.37,223.83,3.696,46.223,46.371
7697,256.567,578.5,224.77,3.154,40.106,40.229
7698,256.6,578.67,226.59,2.384,30.22,30.314
7699,256.633,578.93,229.22,1.511,18.477,18.539
7700,256.667,578.88,228.07,0.628,5.721,5.755
7701,256.7,578.8,228.35,-0.305,-6.912,6.919
7702,256.733,578.62,228.45,-1.21,-18.59,18.629
7703,256.767,578.56,228.42,-2.096,-28.491,28.568
7704,256.8,578.55,228.3,-2.78,-35.083,35.193
7705,256.833,578.71,229.71,-3.334,-38.984,39.127
7706,256.867,578.66,228.45,-3.767,-41.151,41.323
7707,256.9,578.44,225.7,-4.17,-43.392,43.592
7708,256.933,578.22,221.88,-4.462,-44.466,44.69
7709,256.967,577.85,217.61,-4.671,-44.639,44.883
7710,257.0,577.56,213.72,-4.654,-43.548,43.796
7711,257.033,577.33,210.93,-4.54,-42.386,42.628
7712,257.067,577.27,209.93,-4.174,-39.455,39.675
7713,257.1,577.39,211.63,-3.657,-35.185,35.374
7714,257.133,577.33,211.9,-3.074,-29.966,30.124
7715,257.167,577.21,212.29,-2.524,-24.562,24.691
7716,257.2,577.06,212.34,-1.883,-17.524,17.625
7717,257.233,576.88,212.5,-1.173,-9.738,9.809
7718,257.267,576.78,212.29,-0.35,-1.684,1.72
7719,257.3,576.71,212.03,0.342,4.385,4.399
7720,257.333,576.79,211.52,0.944,8.921,8.971
7721,257.367,576.95,211.18,1.286,10.558,10.636
7722,257.4,577.16,211.09,1.361,10.147,10.238
7723,257.433,577.28,210.88,1.292,8.412,8.511
7724,257.467,577.32,210.54,1.11,6.02,6.122
7725,257.5,577.19,209.07,0.918,3.865,3.973
7726,257.533,577.36,211.37,0.779,2.507,2.625
7727,257.567,577.42,213.29,0.719,2.044,2.167
7728,257.6,577.44,214.59,0.657,2.144,2.242
7729,257.633,577.49,215.29,0.463,1.521,1.59
7730,257.667,577.5,215.15,0.178,0.86,0.878
7731,257.7,577.41,214.28,-0.099,0.612,0.62
7732,257.733,577.26,212.57,-0.436,-0.328,0.546
7733,257.767,577.01,210.14,-0.772,-2.394,2.515
7734,257.8,577.11,211.56,-1.101,-5.339,5.452
7735,257.833,577.04,211.71,-1.336,-8.58,8.683
7736,257.867,577.03,211.94,-1.429,-11.203,11.294
7737,257.9,577.16,211.9,-1.349,-12.435,12.508
7738,257.933,577.21,211.6,-1.117,-11.962,12.014
7739,257.967,577.25,211.56,-0.601,-7.277,7.302
7740,258.0,577.29,211.37,0.03,-0.334,0.335
7741,258.033,577.25,211.22,0.73,8.092,8.125
7742,258.067,577.14,211.36,1.316,16.603,16.655
7743,258.1,577.04,211.59,1.814,24.867,24.933
7744,258.133,576.98,211.95,2.238,32.159,32.237
7745,258.167,576.97,211.96,2.525,38.16,38.243
7746,258.2,576.84,210.37,2.531,41.146,41.224
7747,258.233,576.97,211.21,2.332,41.58,41.645
7748,258.267,577.19,213.63,1.977,39.632,39.681
7749,258.3,577.55,217.25,1.589,36.287,36.322
7750,258.333,577.94,221.33,1.172,32.218,32.239
7751,258.367,578.23,225.21,0.785,26.807,26.819
7752,258.4,578.37,228.33,0.483,21.032,21.038
7753,258.433,578.38,230.99,0.208,15.746,15.748
7754,258.467,577.95,227.1,-0.129,10.3,10.301
7755,258.5,577.68,225.25,-0.633,3.084,3.148
7756,258.533,577.59,225.73,-1.245,-4.788,4.947
7757,258.567,577.52,224.58,-1.882,-12.69,12.829
7758,258.6,577.4,222.14,-2.444,-19.873,20.022
7759,258.633,577.17,219.44,-2.952,-27.651,27.809
7760,258.667,576.91,215.77,-3.185,-32.92,33.073
7761,258.7,576.95,215.52,-3.014,-33.838,33.972
7762,258.733,577.01,215.4,-2.322,-28.593,28.687
7763,258.767,577.15,217.1,-1.322,-19.553,19.597
7764,258.8,577.37,220.01,-0.209,-8.562,8.565
7765,258.833,577.31,218.6,0.831,2.34,2.483
7766,258.867,577.31,219.58,1.625,11.196,11.313
7767,258.9,577.15,218.67,2.058,16.338,16.467
7768,258.933,576.88,215.59,2.199,18.249,18.381
7769,258.967,576.79,213.59,2.104,16.467,16.601
7770,259.0,576.99,215.66,1.995,14.134,14.275
7771,259.033,577.17,217.32,1.84,10.884,11.039
7772,259.067,577.4,219.31,1.568,6.273,6.466
7773,259.1,577.64,220.87,1.125,-0.642,1.295
7774,259.133,578.16,227.44,0.593,-8.086,8.108
7775,259.167,578.35,229.39,0.108,-14.702,14.702
7776,259.2,578.23,227.65,-0.232,-18.75,18.752
7777,259.233,577.86,222.44,-0.505,-21.097,21.103
7778,259.267,577.52,218.21,-0.719,-21.442,21.454
7779,259.3,577.31,214.4,-0.981,-20.803,20.826
7780,259.333,577.14,211.57,-1.318,-19.768,19.812
7781,259.367,577.09,210.52,-1.753,-19.762,19.839
7782,259.4,577.22,211.98,-2.246,-21.393,21.511
7783,259.433,577.25,212.13,-2.664,-23.515,23.665
7784,259.467,577.18,212.21,-2.83,-23.981,24.148
7785,259.5,577.08,212.27,-2.709,-21.774,21.941
7786,259.533,576.99,212.36,-2.448,-18.183,18.347
7787,259.567,576.94,210.94,-1.999,-11.237,11.413
7788,259.6,577.02,213.45,-1.271,-0.462,1.352
7789,259.633,577.08,215.29,-0.403,12.126,12.133
7790,259.667,577.06,216.34,0.313,21.851,21.853
7791,259.7,577.02,216.51,0.867,28.871,28.884
7792,259.733,576.9,216.1,1.216,32.08,32.103
7793,259.767,576.75,214.79,1.373,31.579,31.609
7794,259.8,576.7,212.82,1.368,28.294,28.327
7795,259.833,576.56,208.39,1.305,25.122,25.156
7796,259.867,576.74,210.71,1.378,22.669,22.711
7797,259.9,576.94,213.58,1.55,20.964,21.021
7798,259.933,577.18,217.59,1.735,19.091,19.169
7799,259.967,577.4,222.13,1.897,17.757,17.858
7800,260.0,577.57,226.54,1.931,15.356,15.477
7801,260.033,577.85,231.16,1.793,11.386,11.527
7802,260.067,578.04,231.21,1.511,7.064,7.223
7803,260.1,577.83,226.7,1.089,3.682,3.84
7804,260.133,577.61,222.82,0.554,-0.818,0.988
7805,260.167,577.35,218.82,-0.103,-6.394,6.395
7806,260.2,577.03,213.71,-0.764,-12.669,12.692
7807,260.233,576.92,212.07,-1.383,-18.619,18.67
7808,260.267,577.11,215.3,-1.961,-25.36,25.435
7809,260.3,577.48,219.47,-2.367,-31.129,31.219
7810,260.333,577.75,220.03,-2.606,-34.476,34.574
7811,260.367,577.66,220.03,-2.547,-32.694,32.794
7812,260.4,577.49,219.05,-2.323,-28.064,28.16
7813,260.433,577.13,216.92,-1.989,-21.151,21.244
7814,260.467,576.73,213.18,-1.556,-13.127,13.219
7815,260.5,576.56,212.4,-1.096,-5.34,5.452
7816,260.533,576.54,213.6,-0.705,-0.682,0.981
7817,260.567,576.58,213.13,-0.438,0.316,0.54
7818,260.6,576.72,212.26,-0.337,-1.143,1.191
7819,260.633,576.75,212.17,-0.233,-2.723,2.733
7820,260.667,576.87,212.34,-0.137,-4.094,4.096
7821,260.7,576.86,212.43,0.051,-4.151,4.151
7822,260.733,576.83,211.16,0.289,-2.975,2.989
7823,260.767,576.96,213.66,0.557,-0.526,0.766
7824,260.8,576.99,215.23,0.81,1.347,1.572
7825,260.833,577.06,216.25,0.946,2.253,2.443
7826,260.867,577.05,216.45,0.765,1.714,1.877
7827,260.9,577.02,215.85,0.478,0.478,0.676
7828,260.933,577.05,214.82,0.103,-0.095,0.14
7829,260.967,576.96,213.19,-0.242,-0.347,0.423
7830,261.0,576.9,211.02,-0.543,-0.844,1.004
7831,261.033,576.98,212.64,-0.728,-1.333,1.519
7832,261.067,576.96,212.79,-0.777,-2.757,2.865
7833,261.1,576.91,212.91,-0.565,-2.489,2.552
7834,261.133,576.84,212.78,-0.272,-0.383,0.47
7835,261.167,576.82,212.56,0.184,3.056,3.062
7836,261.2,576.68,211.25,0.688,8.44,8.468
7837,261.233,576.83,213.71,1.209,14.369,14.42
7838,261.267,577.02,215.47,1.728,21.02,21.091
7839,261.3,577.03,216.6,2.109,26.29,26.374
7840,261.333,576.87,215.45,2.263,27.805,27.897
7841,261.367,577.03,217.34,2.274,27.427,27.521
7842,261.4,577.04,217.98,2.217,25.843,25.938
7843,261.433,577.09,215.81,2.036,22.095,22.188
7844,261.467,577.19,214.93,1.758,17.601,17.689
7845,261.5,577.57,218.72,1.425,13.459,13.535
7846,261.533,577.84,221.48,1.054,10.62,10.673
7847,261.567,578.04,225.32,0.587,7.613,7.636
7848,261.6,577.88,225.37,0.027,3.206,3.206
7849,261.633,577.87,225.06,-0.538,-1.559,1.649
7850,261.667,577.66,224.45,-1.028,-6.533,6.613
7851,261.7,577.42,220.78,-1.448,-11.33,11.423
7852,261.733,577.25,218.4,-1.623,-14.802,14.891
7853,261.767,577.09,216.37,-1.695,-18.235,18.314
7854,261.8,576.97,213.93,-1.73,-21.42,21.49
7855,261.833,577.15,216.92,-1.617,-24.115,24.169
7856,261.867,577.16,216.79,-1.2,-25.037,25.066
7857,261.9,577.06,215.37,-0.646,-25.609,25.617
7858,261.933,577.1,217.03,0.084,-25.558,25.558
7859,261.967,577.06,217.05,1.017,-22.774,22.797
7860,262.0,577.07,215.95,1.999,-18.393,18.501
7861,262.033,577.09,213.98,2.682,-15.176,15.411
7862,262.067,577.13,210.89,2.931,-13.303,13.622
7863,262.1,577.34,211.65,2.811,-13.611,13.899
7864,262.133,577.51,211.04,2.488,-14.234,14.45
7865,262.167,577.65,211.07,1.973,-14.638,14.77
7866,262.2,577.86,211.41,1.439,-14.692,14.763
7867,262.233,577.92,211.84,1.061,-11.149,11.199
7868,262.267,578.01,211.89,0.838,-4.494,4.571
7869,262.3,578.16,211.78,0.714,3.696,3.764
7870,262.333,578.24,211.47,0.657,12.755,12.772
7871,262.367,578.16,211.02,0.528,19.316,19.323
7872,262.4,578.05,210.58,0.321,23.895,23.897
7873,262.433,577.88,210.4,0.106,27.0,27.001
7874,262.467,577.48,208.92,-0.221,27.085,27.086
7875,262.5,577.16,209.64,-0.595,26.386,26.393
7876,262.533,577.13,212.0,-0.883,26.184,26.199
7877,262.567,577.42,215.59,-1.122,26.078,26.102
7878,262.6,577.65,219.43,-1.16,26.908,26.933
7879,262.633,577.96,222.76,-0.967,27.024,27.042
7880,262.667,578.21,225.31,-0.532,26.4,26.406
7881,262.7,578.38,227.51,0.179,25.869,25.87
7882,262.733,578.24,225.2,1.157,26.128,26.154
7883,262.767,578.02,221.13,2.26,25.195,25.296
7884,262.8,577.87,218.59,3.374,23.464,23.705
7885,262.833,577.78,217.69,4.376,21.607,22.046
7886,262.867,577.66,217.88,5.093,18.247,18.945
7887,262.9,577.68,219.5,5.324,12.303,13.405
7888,262.933,577.76,222.4,5.105,5.543,7.536
7889,262.967,578.07,226.56,4.636,-0.789,4.703
7890,263.0,578.56,227.58,4.354,-5.534,7.041
7891,263.033,578.94,226.18,4.668,-8.753,9.92
7892,263.067,579.61,226.07,5.729,-10.102,11.614
7893,263.1,580.16,226.03,7.258,-10.626,12.868
7894,263.133,580.53,225.86,9.079,-11.232,14.442
7895,263.167,580.86,227.18,11.018,-12.269,16.491
7896,263.2,581.01,226.2,12.991,-12.52,18.042
7897,263.233,580.84,222.11,14.87,-13.949,20.389
7898,263.267,580.83,220.86,16.617,-15.305,22.592
7899,263.3,580.84,218.71,18.305,-13.67,22.846
7900,263.333,580.82,214.47,19.492,-11.951,22.864
7901,263.367,581.1,213.11,20.064,-11.605,23.178
7902,263.4,582.13,216.01,20.147,-11.724,23.31
7903,263.433,583.58,217.74,19.762,-12.848,23.571
7904,263.467,585.2,218.45,18.819,-13.881,23.385
7905,263.5,586.71,220.1,16.855,-14.148,22.005
7906,263.533,587.63,221.78,13.707,-13.418,19.182
7907,263.567,587.89,221.63,9.871,-10.665,14.532
7908,263.6,588.05,221.69,4.971,-8.69,10.011
7909,263.633,588.19,222.13,-0.596,-7.072,7.097
7910,263.667,588.13,222.33,-6.426,-5.319,8.342
7911,263.7,587.73,218.21,-12.309,-5.838,13.623
7912,263.733,587.04,215.57,-17.937,-7.465,19.428
7913,263.767,586.16,213.73,-22.664,-6.449,23.563
7914,263.8,584.71,207.47,-26.427,-5.942,27.087
7915,263.833,583.71,206.65,-29.153,-6.135,29.792
7916,263.867,582.76,210.04,-30.655,-5.466,31.139
7917,263.9,581.46,213.38,-30.755,-3.424,30.946
7918,263.933,579.82,218.91,-29.485,0.378,29.487
7919,263.967,578.14,222.01,-27.307,3.637,27.549
7920,264.0,577.33,220.66,-24.44,7.837,25.666
7921,264.033,577.07,219.27,-21.083,12.771,24.649
7922,264.067,576.32,216.53,-17.529,16.18,23.855
7923,264.1,576.52,217.94,-13.883,17.854,22.616
7924,264.133,576.58,218.36,-10.317,17.355,20.19
7925,264.167,576.48,217.07,-7.048,14.116,15.777
7926,264.2,576.45,218.45,-4.022,9.617,10.424
7927,264.233,576.49,219.38,-1.332,5.246,5.412
7928,264.267,576.0,215.28,1.023,2.78,2.962
7929,264.3,575.68,214.85,2.791,0.712,2.88
7930,264.333,575.77,216.88,4.377,3.754,5.766
7931,264.367,576.22,220.77,5.427,9.407,10.86
7932,264.4,576.7,223.83,5.857,15.007,16.11
7933,264.433,576.72,221.44,5.8,19.596,20.436
7934,264.467,577.08,223.58,5.594,20.466,21.216
7935,264.5,577.18,222.97,5.725,19.501,20.324
7936,264.533,576.92,219.84,5.808,17.19,18.145
7937,264.567,576.96,219.29,5.742,15.091,16.146
7938,264.6,577.34,220.29,5.882,14.542,15.687
7939,264.633,577.83,222.27,5.653,13.101,14.269
7940,264.667,578.4,225.59,5.02,10.967,12.062
7941,264.7,578.51,225.83,4.034,8.758,9.643
7942,264.733,578.57,228.18,2.737,4.979,5.682
7943,264.767,578.39,226.42,1.339,1.319,1.88
7944,264.8,578.55,227.56,-0.021,-1.955,1.955
7945,264.833,578.29,224.77,-0.995,-4.125,4.243
7946,264.867,578.21,222.94,-1.788,-7.294,7.51
7947,264.9,578.16,221.95,-2.537,-11.442,11.72
7948,264.933,578.26,221.81,-3.292,-16.108,16.441
7949,264.967,578.37,223.92,-3.877,-19.741,20.118
7950,265.0,577.97,222.52,-4.516,-24.624,25.035
7951,265.033,577.88,223.97,-5.101,-30.007,30.437
7952,265.067,577.55,222.82,-5.266,-33.462,33.874
7953,265.1,577.02,220.51,-4.772,-33.346,33.685
7954,265.133,576.76,218.99,-3.964,-31.161,31.412
7955,265.167,576.69,217.34,-2.893,-26.468,26.626
7956,265.2,576.82,216.31,-1.678,-20.124,20.193
7957,265.233,577.02,216.25,-0.336,-12.854,12.858
7958,265.267,576.83,212.26,0.93,-7.03,7.091
7959,265.3,577.16,213.94,2.156,-1.399,2.57
7960,265.333,576.97,212.92,3.119,2.341,3.9
7961,265.367,577.01,214.89,3.903,5.079,6.406
7962,265.4,577.03,214.86,4.426,6.835,8.143
7963,265.433,577.06,213.04,4.736,7.679,9.022
7964,265.467,577.21,213.29,4.864,9.176,10.385
7965,265.5,577.64,214.77,4.681,9.107,10.239
7966,265.533,578.3,218.58,4.439,10.003,10.944
7967,265.567,578.89,222.72,4.039,10.854,11.581
7968,265.6,578.83,222.62,3.467,10.947,11.483
7969,265.633,579.04,224.18,2.887,10.884,11.26
7970,265.667,578.98,222.78,2.337,9.765,10.041
7971,265.7,578.62,218.7,1.724,6.881,7.094
7972,265.733,578.28,216.32,1.117,4.413,4.552
7973,265.767,578.16,214.92,0.241,-0.612,0.657
7974,265.8,578.09,213.94,-0.676,-5.463,5.505
7975,265.833,578.03,213.08,-1.717,-10.835,10.97
7976,265.867,578.19,214.64,-2.576,-14.346,14.576
7977,265.9,578.45,217.14,-3.255,-16.769,17.082
7978,265.933,578.62,220.52,-3.722,-18.741,19.107
7979,265.967,578.48,220.33,-3.923,-17.733,18.161
7980,266.0,578.38,221.75,-3.815,-14.183,14.687
7981,266.033,578.16,220.42,-3.718,-10.827,11.448
7982,266.067,577.77,216.31,-3.768,-10.129,10.807
7983,266.1,577.61,214.17,-4.042,-12.185,12.838
7984,266.133,577.5,211.38,-4.283,-15.375,15.96
7985,266.167,577.23,209.67,-4.454,-20.128,20.614
7986,266.2,577.11,210.56,-4.618,-26.421,26.822
7987,266.233,576.63,206.68,-4.691,-32.518,32.854
7988,266.267,576.64,208.54,-4.49,-38.115,38.379
7989,266.3,576.78,211.55,-4.128,-42.512,42.712
7990,266.333,576.75,212.61,-3.572,-44.615,44.758
7991,266.367,576.67,211.76,-2.897,-43.259,43.356
7992,266.4,576.54,208.92,-2.081,-38.7,38.756
7993,266.433,576.46,208.79,-1.06,-31.274,31.292
7994,266.467,576.38,205.4,-0.12,-24.474,24.474
7995,266.5,576.16,200.08,1.173,-16.315,16.357
7996,266.533,576.34,198.35,2.904,-7.868,8.387
7997,266.567,576.5,199.13,4.994,1.743,5.29
7998,266.6,576.71,198.72,7.072,10.98,13.06
7999,266.633,577.0,198.4,9.034,19.752,21.72
8000,266.667,576.88,196.75,10.449,26.695,28.667
8001,266.7,577.05,198.06,11.149,30.526,32.499
8002,266.733,577.49,200.94,11.059,29.562,31.562
8003,266.767,577.78,204.9,10.598,28.466,30.374
8004,266.8,578.29,209.3,9.93,26.056,27.884
8005,266.833,578.83,213.24,9.085,21.465,23.309
8006,266.867,579.71,216.06,8.117,15.327,17.344
8007,266.9,580.46,216.79,7.364,11.087,13.31
8008,266.933,580.82,214.82,6.639,8.926,11.124
8009,266.967,581.69,216.46,5.684,4.593,7.308
8010,267.0,581.78,215.27,4.387,-0.238,4.393
8011,267.033,581.18,211.64,2.669,-4.207,4.982
8012,267.067,580.17,204.94,0.689,-7.917,7.947
8013,267.1,579.67,202.52,-1.579,-14.246,14.333
8014,267.133,578.81,197.83,-3.923,-21.039,21.402
8015,267.167,578.53,196.61,-6.198,-27.14,27.839
8016,267.2,578.86,198.84,-7.961,-30.394,31.419
8017,267.233,579.56,204.54,-9.325,-32.766,34.067
8018,267.267,580.21,208.28,-10.209,-33.216,34.749
8019,267.3,580.29,210.52,-10.247,-29.883,31.591
8020,267.333,580.12,212.71,-9.337,-22.248,24.128
8021,267.367,579.87,214.51,-7.747,-12.861,15.014
8022,267.4,578.66,208.8,-5.808,-2.859,6.473
8023,267.433,577.52,201.72,-4.06,5.06,6.488
8024,267.467,576.7,199.15,-2.811,9.957,10.347
8025,267.5,576.18,196.18,-2.66,8.663,9.062
8026,267.533,576.37,194.06,-3.332,1.845,3.809
8027,267.567,576.29,191.63,-4.321,-6.674,7.951
8028,267.6,576.69,194.79,-5.082,-13.409,14.34
8029,267.633,577.05,197.4,-5.353,-16.616,17.457
8030,267.667,577.41,200.25,-4.419,-12.716,13.462
8031,267.7,577.63,202.78,-2.547,-3.297,4.166
8032,267.733,578.26,209.8,-0.431,7.992,8.003
8033,267.767,578.77,215.47,1.325,16.76,16.812
8034,267.8,578.72,215.49,2.615,23.145,23.292
8035,267.833,577.94,209.68,3.503,26.765,26.994
8036,267.867,577.15,204.05,4.185,26.749,27.074
8037,267.9,575.99,196.35,4.816,23.924,24.404
8038,267.933,575.38,192.35,6.059,22.565,23.364
8039,267.967,575.5,192.36,7.59,22.31,23.566
8040,268.0,576.31,196.54,9.442,21.216,23.222
8041,268.033,577.48,204.66,11.086,17.962,21.108
8042,268.067,578.79,210.99,12.308,15.379,19.698
8043,268.1,580.1,217.62,13.163,15.666,20.462
8044,268.133,580.92,219.39,13.513,17.32,21.968
8045,268.167,580.73,216.17,13.27,20.664,24.558
8046,268.2,580.36,211.85,12.463,25.177,28.092
8047,268.233,580.53,209.8,10.96,28.499,30.534
8048,268.267,581.27,211.33,9.004,28.076,29.484
8049,268.3,581.92,212.34,6.131,21.192,22.061
8050,268.333,582.68,213.94,2.656,10.81,11.132
8051,268.367,583.07,216.08,-0.9,0.907,1.278
8052,268.4,582.82,214.55,-4.3,-8.275,9.326
8053,268.433,581.7,209.5,-7.048,-14.141,15.8
8054,268.467,581.04,207.43,-8.981,-16.398,18.696
8055,268.5,579.95,206.86,-10.187,-15.753,18.76
8056,268.533,579.77,212.67,-10.81,-12.19,16.292
8057,268.567,579.42,215.64,-11.042,-6.688,12.91
8058,268.6,579.28,217.0,-11.107,-1.175,11.169
8059,268.633,578.99,216.52,-11.123,3.467,11.651
8060,268.667,578.83,214.27,-11.095,6.982,13.109
8061,268.7,578.57,210.53,-10.555,11.528,15.63
8062,268.733,578.79,210.37,-9.412,16.29,18.813
8063,268.767,577.91,208.69,-7.902,19.726,21.25
8064,268.8,577.79,211.06,-6.33,21.483,22.396
8065,268.833,577.56,211.72,-4.887,22.034,22.57
8066,268.867,577.28,210.71,-3.907,19.167,19.561
8067,268.9,577.07,211.9,-3.359,15.303,15.667
8068,268.933,577.0,214.44,-2.999,13.32,13.654
8069,268.967,576.95,218.05,-2.348,16.267,16.435
8070,269.0,577.02,223.38,-1.645,21.895,21.957
8071,269.033,577.02,226.21,-0.596,28.768,28.774
8072,269.067,577.03,224.59,0.374,32.425,32.428
8073,269.1,577.13,224.49,1.285,32.87,32.895
8074,269.133,577.06,221.17,1.921,28.26,28.325
8075,269.167,577.07,218.86,2.324,19.629,19.766
8076,269.2,576.98,215.13,2.506,9.778,10.094
8077,269.233,577.05,214.92,2.549,2.099,3.302
8078,269.267,577.25,218.23,2.177,-5.406,5.828
8079,269.3,577.34,220.33,2.038,-9.795,10.004
8080,269.333,577.54,222.2,1.823,-13.111,13.237
8081,269.367,577.92,229.35,1.617,-14.652,14.741
8082,269.4,578.16,231.31,1.357,-15.474,15.533
8083,269.433,578.17,229.65,1.113,-14.733,14.775
8084,269.467,577.96,224.13,0.889,-12.172,12.204
8085,269.5,577.83,219.61,0.692,-8.494,8.522
8086,269.533,577.63,215.86,0.439,-7.519,7.532
8087,269.567,577.45,213.09,0.329,-5.864,5.873
8088,269.6,577.31,210.49,0.257,-3.845,3.853
8089,269.633,577.4,213.07,0.151,-3.086,3.089
8090,269.667,577.62,217.36,0.069,-2.194,2.195
8091,269.7,577.75,220.32,0.036,0.587,0.589
8092,269.733,577.85,220.09,0.122,5.618,5.62
8093,269.767,578.0,222.44,0.281,11.794,11.798
8094,269.8,577.92,221.42,0.426,17.218,17.223
8095,269.833,577.86,220.6,0.677,23.751,23.761
8096,269.867,577.72,219.35,0.884,29.872,29.885
8097,269.9,577.85,223.48,0.876,31.627,31.639
8098,269.933,577.92,225.73,0.611,29.365,29.372
8099,269.967,577.93,226.07,0.193,26.045,26.046
8100,270.0,577.96,225.21,-0.265,22.48,22.481
8101,270.033,578.09,228.89,-0.735,19.769,19.782
8102,270.067,577.86,225.17,-1.143,19.041,19.075
8103,270.1,577.77,224.36,-1.471,18.605,18.663
8104,270.133,577.71,225.34,-1.608,20.012,20.076
8105,270.167,577.74,227.79,-1.654,19.946,20.015
8106,270.2,577.69,226.92,-1.716,15.897,15.989
8107,270.233,577.65,228.14,-1.682,11.178,11.304
8108,270.267,577.6,229.96,-1.666,4.834,5.113
8109,270.3,577.59,232.53,-1.631,-1.859,2.473
8110,270.333,577.38,230.94,-1.507,-6.259,6.438
8111,270.367,577.26,230.92,-1.337,-8.704,8.806
8112,270.4,577.19,231.06,-1.041,-9.101,9.16
8113,270.433,577.22,232.72,-0.791,-10.912,10.941
8114,270.467,577.2,230.23,-0.613,-14.036,14.049
8115,270.5,577.22,230.02,-0.405,-16.519,16.524
8116,270.533,577.2,228.0,-0.239,-18.479,18.481
8117,270.567,577.21,223.39,-0.215,-22.822,22.823
8118,270.6,577.3,222.35,-0.173,-24.978,24.979
8119,270.633,577.27,219.53,-0.131,-25.003,25.003
8120,270.667,577.29,219.39,-0.099,-25.022,25.022
8121,270.7,577.39,223.58,-0.094,-24.63,24.63
8122,270.733,577.28,221.92,-0.109,-22.114,22.114
8123,270.767,577.36,226.18,-0.113,-17.906,17.906
8124,270.8,577.27,226.23,-0.174,-13.792,13.794
8125,270.833,577.17,223.44,-0.447,-13.496,13.503
8126,270.867,577.14,220.9,-0.741,-13.036,13.057
8127,270.9,577.06,218.88,-0.984,-11.654,11.696
8128,270.933,577.05,218.5,-1.17,-10.384,10.45
8129,270.967,577.14,219.1,-1.485,-11.044,11.144
8130,271.0,577.03,217.15,-2.016,-10.534,10.725
8131,271.033,576.98,216.9,-2.562,-8.693,9.063
8132,271.067,576.97,218.48,-2.975,-7.834,8.38
8133,271.1,577.0,218.69,-3.099,-6.055,6.802
8134,271.133,576.98,217.48,-2.877,-2.781,4.001
8135,271.167,576.96,219.72,-2.229,3.97,4.553
8136,271.2,576.86,219.62,-1.275,9.876,9.958
8137,271.233,576.75,218.71,0.044,12.929,12.929
8138,271.267,576.51,215.7,1.692,15.386,15.479
8139,271.3,576.36,214.13,3.753,15.797,16.236
8140,271.333,576.54,219.52,6.255,13.126,14.54
8141,271.367,576.67,222.0,8.919,9.875,13.307
8142,271.4,576.68,221.52,11.496,6.899,13.407
8143,271.433,576.7,222.36,13.954,4.359,14.619
8144,271.467,577.16,224.98,16.084,2.175,16.23
8145,271.5,578.18,224.92,17.755,2.252,17.897
8146,271.533,579.14,220.76,18.934,3.109,19.187
8147,271.567,580.15,222.33,19.711,6.14,20.645
8148,271.6,581.02,224.41,19.896,8.763,21.741
8149,271.633,581.75,222.68,19.422,10.828,22.237
8150,271.667,582.42,217.54,18.3,12.916,22.399
8151,271.7,583.29,218.78,16.473,11.566,20.128
8152,271.733,583.86,219.59,14.01,8.676,16.479
8153,271.767,584.58,221.43,11.13,4.504,12.007
8154,271.8,584.67,219.42,8.098,0.893,8.147
8155,271.833,584.38,222.53,5.042,0.211,5.047
8156,271.867,584.24,224.56,1.791,0.185,1.801
8157,271.9,584.23,226.19,-1.483,0.017,1.483
8158,271.933,584.03,228.56,-4.302,1.552,4.574
8159,271.967,583.92,230.62,-6.445,2.714,6.994
8160,272.0,583.74,226.55,-7.891,1.495,8.031
8161,272.033,583.64,227.29,-8.775,-1.665,8.932
8162,272.067,583.09,222.96,-9.187,-3.068,9.686
8163,272.1,582.72,220.33,-9.266,-4.849,10.458
8164,272.133,582.33,218.1,-8.987,-7.59,11.763
8165,272.167,581.92,215.77,-8.378,-10.727,13.611
8166,272.2,581.69,217.66,-7.44,-12.006,14.124
8167,272.233,581.62,218.66,-6.549,-14.66,16.056
8168,272.267,581.37,221.63,-5.687,-16.619,17.565
8169,272.3,581.01,226.0,-4.915,-19.061,19.685
8170,272.333,580.64,226.65,-3.938,-18.544,18.957
8171,272.367,580.73,223.84,-3.161,-16.55,16.849
8172,272.4,581.03,222.76,-2.78,-12.558,12.862
8173,272.433,581.0,219.17,-2.792,-6.772,7.325
8174,272.467,581.01,217.52,-3.108,-2.247,3.835
8175,272.5,580.94,217.34,-3.732,-0.683,3.794
8176,272.533,580.65,218.79,-4.548,1.437,4.769
8177,272.567,580.47,217.95,-5.633,0.195,5.637
8178,272.6,580.41,216.24,-6.691,-0.796,6.738
8179,272.633,580.23,213.63,-7.669,-1.57,7.828
8180,272.667,580.05,213.23,-8.506,-1.414,8.623
8181,272.7,579.68,213.96,-9.12,0.466,9.132
8182,272.733,579.57,218.11,-9.534,2.376,9.826
8183,272.767,579.4,219.77,-9.75,4.482,10.731
8184,272.8,578.73,223.84,-9.644,5.896,11.304
8185,272.833,577.4,225.93,-9.165,3.869,9.948
8186,272.867,576.98,225.96,-8.282,-0.951,8.337
8187,272.9,576.92,223.58,-7.22,-7.223,10.213
8188,272.933,576.82,218.8,-6.172,-13.534,14.875
8189,272.967,576.81,216.56,-5.067,-17.048,17.785
8190,273.0,576.84,216.03,-3.958,-17.455,17.898
8191,273.033,576.78,213.62,-2.834,-14.492,14.767
8192,273.067,576.86,215.06,-1.63,-10.581,10.706
8193,273.1,576.93,215.13,-0.508,-7.355,7.373
8194,273.133,576.92,215.44,0.394,-5.617,5.63
8195,273.167,576.95,215.37,1.126,-3.492,3.669
8196,273.2,577.03,215.23,1.681,0.693,1.818
8197,273.233,577.14,214.94,2.142,7.373,7.678
8198,273.267,577.14,214.77,2.304,14.821,14.999
8199,273.3,577.04,213.41,2.085,23.499,23.592
8200,273.333,576.99,214.6,1.663,29.332,29.379
8201,273.367,577.0,217.59,1.48,31.236,31.271
8202,273.4,577.06,223.27,1.254,28.75,28.778
8203,273.433,577.15,226.55,0.939,24.127,24.145
8204,273.467,577.27,227.55,0.595,19.346,19.355
8205,273.5,577.36,226.31,0.241,14.203,14.205
8206,273.533,577.35,221.3,-0.063,8.91,8.91
8207,273.567,577.27,216.78,-0.309,3.65,3.663
8208,273.6,577.35,216.71,-0.586,-3.989,4.032
8209,273.633,577.52,221.11,-0.806,-11.886,11.913
8210,273.667,577.57,225.9,-0.907,-18.933,18.955
8211,273.7,577.5,227.13,-0.902,-24.167,24.184
8212,273.733,577.3,226.13,-0.831,-26.309,26.322
8213,273.767,577.07,222.89,-0.762,-26.217,26.228
8214,273.8,576.84,217.37,-0.754,-24.806,24.818
8215,273.833,576.72,214.54,-0.61,-21.916,21.925
8216,273.867,576.71,213.46,-0.281,-18.613,18.615
8217,273.9,576.86,214.86,0.272,-13.914,13.916
8218,273.933,576.95,214.68,0.88,-11.141,11.176
8219,273.967,577.09,214.43,1.412,-9.204,9.311
8220,274.0,577.19,213.95,1.767,-7.092,7.309
8221,274.033,577.16,211.93,1.846,-5.566,5.864
8222,274.067,577.25,212.5,1.618,-3.19,3.577
8223,274.1,577.46,216.46,1.39,2.456,2.822
8224,274.133,577.54,219.12,1.091,8.639,8.707
8225,274.167,577.55,220.29,0.654,12.306,12.323
8226,274.2,577.54,220.13,0.038,10.549,10.549
8227,274.233,577.5,216.67,-0.631,5.804,5.838
8228,274.267,577.51,214.19,-1.206,-1.19,1.694
8229,274.3,577.78,213.47,-1.493,-6.469,6.639
8230,274.333,577.79,214.97,-1.519,-8.927,9.055
8231,274.367,577.63,218.08,-1.258,-7.01,7.122
8232,274.4,577.16,217.29,-0.884,-3.49,3.6
8233,274.433,576.83,218.92,-0.561,-0.569,0.799
8234,274.467,576.6,218.23,-0.229,1.786,1.801
8235,274.5,576.48,214.97,0.034,2.78,2.78
8236,274.533,576.61,213.95,0.241,3.724,3.732
8237,274.567,577.09,214.9,0.561,8.157,8.176
8238,274.6,577.14,212.19,0.886,13.91,13.938
8239,274.633,577.22,211.44,1.204,20.014,20.05
8240,274.667,577.32,211.87,1.427,24.344,24.386
8241,274.7,577.62,217.07,1.559,26.046,26.092
8242,274.733,577.86,220.65,1.636,24.547,24.602
8243,274.767,578.02,225.78,1.56,21.036,21.094
8244,274.8,577.82,225.6,1.339,17.28,17.332
8245,274.833,577.68,226.41,0.811,13.233,13.258
8246,274.867,577.35,221.45,0.057,8.215,8.215
8247,274.9,577.22,219.48,-0.8,1.237,1.473
8248,274.933,577.27,218.92,-1.574,-5.934,6.139
8249,274.967,577.25,219.63,-2.106,-13.741,13.902
8250,275.0,577.35,223.26,-2.446,-22.861,22.991
8251,275.033,577.48,225.95,-2.55,-30.494,30.601
8252,275.067,577.38,223.08,-2.486,-36.306,36.391
8253,275.1,577.35,221.42,-2.407,-40.65,40.721
8254,275.133,577.09,215.58,-2.171,-40.91,40.967
8255,275.167,576.99,211.74,-1.692,-37.407,37.445
8256,275.2,576.89,209.04,-1.069,-30.538,30.557
8257,275.233,576.69,208.32,-0.402,-23.093,23.097
8258,275.267,576.71,210.3,0.12,-17.18,17.18
8259,275.3,576.7,210.32,0.457,-13.768,13.775
8260,275.333,576.74,210.37,0.66,-10.998,11.018
8261,275.367,576.81,210.33,0.766,-9.608,9.638
8262,275.4,576.86,210.27,0.916,-6.456,6.521
8263,275.433,577.02,210.34,1.129,-2.415,2.666
8264,275.467,576.95,208.8,1.255,2.001,2.362
8265,275.5,577.08,211.45,1.365,6.117,6.267
8266,275.533,577.24,213.21,1.378,7.789,7.91
8267,275.567,577.41,214.1,1.228,6.289,6.408
8268,275.6,577.5,214.41,1.057,3.825,3.969
8269,275.633,577.63,213.45,0.811,-0.146,0.824
8270,275.667,577.49,212.01,0.611,-2.542,2.614
8271,275.7,577.42,210.18,0.373,-4.453,4.468
8272,275.733,577.14,207.65,0.041,-5.99,5.99
8273,275.767,577.07,209.22,-0.219,-8.147,8.15
8274,275.8,576.97,209.62,-0.453,-10.354,10.364
8275,275.833,577.1,209.95,-0.55,-10.72,10.734
8276,275.867,577.18,210.23,-0.392,-8.72,8.729
8277,275.9,577.27,210.15,-0.089,-4.114,4.115
8278,275.933,577.23,210.25,0.329,2.925,2.944
8279,275.967,577.33,210.4,0.721,10.108,10.134
8280,276.0,577.35,210.38,1.145,17.105,17.144
8281,276.033,577.36,210.34,1.441,20.898,20.947
8282,276.067,577.43,210.36,1.539,22.417,22.47
8283,276.1,577.37,210.31,1.482,21.923,21.973
8284,276.133,577.31,210.42,1.267,19.475,19.516
8285,276.167,577.24,209.08,0.819,16.197,16.218
8286,276.2,577.25,210.06,0.266,10.905,10.908
8287,276.233,577.51,212.62,-0.341,4.874,4.886
8288,276.267,577.71,218.11,-0.841,-0.421,0.94
8289,276.3,577.93,221.16,-1.238,-5.94,6.068
8290,276.333,578.01,221.91,-1.386,-10.956,11.043
8291,276.367,577.73,220.58,-1.435,-14.934,15.002
8292,276.4,577.49,216.98,-1.426,-17.754,17.811
8293,276.433,577.2,211.09,-1.544,-19.309,19.37
8294,276.467,576.97,207.74,-1.858,-21.4,21.48
8295,276.5,576.76,206.39,-2.396,-23.301,23.424
8296,276.533,576.69,207.53,-3.024,-24.556,24.742
8297,276.567,576.74,207.14,-3.648,-24.774,25.041
8298,276.6,576.64,206.42,-4.213,-23.849,24.219
8299,276.633,576.58,205.71,-4.68,-21.731,22.229
8300,276.667,576.59,203.63,-5.032,-18.323,19.001
8301,276.7,576.67,205.45,-5.127,-12.316,13.34
8302,276.733,576.66,207.08,-5.091,-5.936,7.82
8303,276.767,576.62,208.6,-4.991,-0.78,5.051
8304,276.8,576.49,209.22,-4.735,0.715,4.789
8305,276.833,576.03,209.45,-4.483,0.177,4.486
8306,276.867,575.51,208.47,-4.197,-1.152,4.352
8307,276.9,574.94,206.64,-3.737,-1.673,4.095
8308,276.933,574.62,204.18,-3.179,-1.151,3.381
8309,276.967,574.67,205.52,-2.332,1.639,2.851
8310,277.0,574.84,206.12,-1.374,4.456,4.663
8311,277.033,574.97,206.46,-0.365,6.344,6.354
8312,277.067,575.05,206.34,0.697,6.015,6.055
8313,277.1,575.03,206.09,1.862,5.905,6.192
8314,277.133,575.14,205.96,2.897,7.05,7.622
8315,277.167,575.36,205.55,3.939,10.328,11.054
8316,277.2,575.42,203.92,4.865,15.02,15.789
8317,277.233,575.77,204.96,5.485,20.561,21.28
8318,277.267,576.08,208.15,5.793,25.635,26.281
8319,277.3,576.14,213.27,5.556,29.104,29.63
8320,277.333,576.34,216.12,4.707,30.141,30.506
8321,277.367,576.43,216.94,3.494,30.229,30.43
8322,277.4,576.5,214.34,1.912,28.936,28.999
8323,277.433,576.7,211.93,0.502,26.459,26.464
8324,277.467,576.5,209.28,-0.651,22.927,22.936
8325,277.5,576.56,210.27,-1.584,19.473,19.537
8326,277.533,576.77,213.25,-2.168,16.327,16.47
8327,277.567,576.84,218.14,-2.532,12.262,12.521
8328,277.6,576.48,220.37,-2.766,6.84,7.378
8329,277.633,576.59,220.94,-2.858,1.723,3.337
8330,277.667,576.26,218.89,-2.775,-4.025,4.889
8331,277.7,575.85,219.61,-2.548,-10.028,10.346
8332,277.733,575.52,216.91,-2.098,-14.893,15.04
8333,277.767,575.02,214.96,-1.575,-18.067,18.135
8334,277.8,574.89,213.88,-0.95,-18.766,18.79
8335,277.833,575.05,214.8,-0.051,-19.292,19.292
8336,277.867,575.27,212.29,1.053,-19.127,19.156
8337,277.9,576.08,211.29,2.121,-19.952,20.064
8338,277.933,576.37,211.51,3.168,-19.945,20.195
8339,277.967,576.61,214.4,4.017,-18.891,19.313
8340,278.0,576.76,211.99,4.762,-16.224,16.909
8341,278.033,576.46,208.42,5.312,-13.985,14.96
8342,278.067,576.31,207.01,5.616,-12.284,13.507
8343,278.1,576.4,207.67,5.755,-12.566,13.821
8344,278.133,576.68,205.68,5.911,-14.236,15.414
8345,278.167,576.93,206.4,5.702,-18.611,19.465
8346,278.2,577.17,208.54,5.355,-23.254,23.863
8347,278.233,577.49,211.84,4.83,-29.043,29.442
8348,278.267,577.85,213.54,4.092,-33.873,34.119
8349,278.3,578.1,210.72,3.467,-37.822,37.98
8350,278.333,578.08,207.81,2.901,-40.824,40.927
8351,278.367,577.82,202.37,2.493,-44.027,44.098
8352,278.4,577.95,200.16,2.288,-45.617,45.675
8353,278.433,577.96,197.43,2.016,-45.949,45.993
8354,278.467,578.07,195.0,1.784,-45.475,45.51
8355,278.5,578.35,193.15,1.456,-45.747,45.77
8356,278.533,578.6,193.53,0.986,-44.797,44.808
8357,278.567,578.68,192.33,0.62,-41.477,41.482
8358,278.6,578.49,190.61,0.45,-36.805,36.808
8359,278.633,578.15,188.18,0.516,-31.698,31.702
8360,278.667,578.0,189.81,0.641,-24.722,24.73
8361,278.7,577.73,190.12,0.834,-17.074,17.094
8362,278.733,577.73,190.06,0.906,-9.921,9.962
8363,278.767,578.06,189.38,0.668,-4.936,4.981
8364,278.8,578.29,189.18,0.035,-2.259,2.259
8365,278.833,578.69,188.74,-1.055,-1.314,1.685
8366,278.867,578.81,188.73,-2.169,-2.643,3.42
8367,278.9,578.82,188.73,-3.041,-3.757,4.833
8368,278.933,578.57,188.88,-3.645,-5.092,6.262
8369,278.967,578.25,188.96,-3.786,-5.123,6.37
8370,279.0,578.1,188.48,-3.689,-2.777,4.617
8371,279.033,578.06,188.42,-3.661,2.604,4.493
8372,279.067,578.08,188.11,-3.611,10.151,10.774
8373,279.1,577.95,188.86,-3.41,18.904,19.21
8374,279.133,577.52,189.72,-2.746,28.846,28.976
8375,279.167,577.14,190.48,-1.552,40.354,40.384
8376,279.2,576.61,191.18,0.084,51.128,51.128
8377,279.233,576.37,191.73,2.169,60.705,60.744
8378,279.267,576.49,192.48,4.522,69.983,70.129
8379,279.3,576.86,192.59,6.928,79.428,79.729
8380,279.333,577.75,195.23,9.243,88.224,88.707
8381,279.367,578.33,200.77,11.153,95.461,96.11
8382,279.4,578.91,206.53,12.533,100.058,100.84
8383,279.433,579.25,212.78,13.309,101.059,101.932
8384,279.467,579.25,218.11,13.632,97.583,98.53
8385,279.5,579.58,221.95,13.531,89.218,90.238
8386,279.533,580.46,223.78,12.878,77.854,78.912
8387,279.567,581.25,223.52,11.645,64.237,65.284
8388,279.6,581.94,225.1,9.864,49.439,50.414
8389,279.633,582.18,226.65,7.661,33.543,34.407
8390,279.667,582.33,227.97,5.277,17.195,17.987
8391,279.7,582.36,229.22,2.863,1.163,3.09
8392,279.733,582.36,231.5,0.7,-13.77,13.788
8393,279.767,582.29,231.06,-1.088,-26.63,26.652
8394,279.8,582.01,228.25,-2.493,-36.394,36.479
8395,279.833,581.67,224.31,-3.484,-41.681,41.826
8396,279.867,581.34,220.37,-4.271,-42.875,43.087
8397,279.9,581.19,216.66,-4.728,-41.319,41.589
8398,279.933,581.1,214.06,-4.939,-37.234,37.56
8399,279.967,580.87,213.39,-4.954,-32.754,33.127
8400,280.0,580.64,215.16,-4.609,-29.453,29.812
8401,280.033,580.6,215.49,-3.83,-25.65,25.934
8402,280.067,580.61,215.53,-2.988,-21.218,21.427
8403,280.1,580.57,215.23,-2.092,-15.254,15.397
8404,280.133,580.53,215.31,-1.237,-8.52,8.61
8405,280.167,580.55,215.47,-0.349,-0.974,1.034
8406,280.2,580.6,215.78,0.557,6.779,6.802
8407,280.233,580.72,216.37,1.442,14.834,14.903
8408,280.267,580.83,217.11,2.124,20.191,20.302
8409,280.3,580.96,217.54,2.7,25.598,25.74
8410,280.333,581.02,217.79,3.195,30.59,30.756
8411,280.367,580.98,217.86,3.687,35.45,35.641
8412,280.4,580.83,217.82,4.123,39.776,39.989
8413,280.433,580.71,216.55,4.311,43.173,43.387
8414,280.467,580.92,217.48,4.2,44.797,44.994
8415,280.5,581.39,221.81,4.007,45.443,45.62
8416,280.533,581.6,223.36,3.776,42.111,42.28
8417,280.567,581.96,225.82,3.55,36.622,36.794
8418,280.6,582.16,228.66,3.238,29.402,29.58
8419,280.633,582.29,231.33,2.93,21.349,21.549
8420,280.667,582.39,232.93,2.64,13.261,13.521
8421,280.7,582.37,234.54,2.284,3.579,4.246
8422,280.733,582.3,233.86,1.842,-6.434,6.692
8423,280.767,582.48,236.06,1.26,-15.78,15.83
8424,280.8,582.38,232.3,0.668,-24.135,24.145
8425,280.833,582.3,229.19,0.004,-31.008,31.008
8426,280.867,582.05,225.33,-0.691,-35.906,35.913
8427,280.9,581.87,221.86,-1.196,-38.417,38.435
8428,280.933,581.96,219.53,-1.476,-38.369,38.398
8429,280.967,582.2,219.37,-1.493,-36.567,36.598
8430,281.0,582.25,216.6,-1.311,-32.321,32.348
8431,281.033,582.33,218.2,-1.164,-27.317,27.342
8432,281.067,582.18,218.24,-1.022,-20.82,20.845
8433,281.1,582.16,218.6,-0.959,-13.764,13.797
8434,281.133,581.99,218.43,-0.935,-6.703,6.767
8435,281.167,581.78,216.72,-0.872,0.109,0.878
8436,281.2,581.72,219.44,-0.933,5.013,5.1
8437,281.233,581.72,221.28,-1.114,6.337,6.435
8438,281.267,581.87,221.85,-1.201,6.543,6.653
8439,281.3,581.8,222.08,-1.43,3.005,3.328
8440,281.333,581.85,221.89,-1.648,-0.429,1.703
8441,281.367,581.98,220.98,-1.79,-2.693,3.233
8442,281.4,581.78,219.31,-1.694,-2.345,2.893
8443,281.433,581.7,217.25,-1.31,0.962,1.626
8444,281.467,581.65,219.43,-0.906,5.086,5.166
8445,281.5,581.46,219.55,-0.628,8.086,8.111
8446,281.533,581.38,219.21,-0.292,12.242,12.245
8447,281.567,581.43,218.98,-0.043,13.82,13.82
8448,281.6,581.42,219.09,0.238,14.333,14.335
8449,281.633,581.41,218.63,0.456,14.016,14.024
8450,281.667,581.19,216.74,0.635,13.306,13.321
8451,281.7,581.27,217.76,0.799,13.345,13.369
8452,281.733,581.55,222.23,0.925,12.194,12.229
8453,281.767,581.49,224.07,0.973,9.961,10.009
8454,281.8,581.67,228.29,0.738,6.897,6.937
8455,281.833,581.84,230.61,0.08,3.001,3.002
8456,281.867,581.9,230.54,-0.945,-1.6,1.858
8457,281.9,581.82,227.7,-2.258,-5.712,6.142
8458,281.933,581.56,222.62,-3.619,-9.911,10.551
8459,281.967,581.53,220.13,-5.008,-14.391,15.238
8460,282.0,581.59,219.48,-6.259,-19.424,20.407
8461,282.033,581.29,216.91,-7.201,-23.038,24.138
8462,282.067,581.1,218.4,-7.781,-24.537,25.741
8463,282.1,580.77,218.82,-8.068,-23.403,24.755
8464,282.133,580.38,218.87,-8.052,-19.71,21.292
8465,282.167,580.01,218.88,-7.829,-12.988,15.165
8466,282.2,579.61,218.93,-7.331,-3.859,8.285
8467,282.233,579.08,218.83,-6.797,4.374,8.083
8468,282.267,578.45,218.4,-6.288,10.198,11.981
8469,282.3,577.99,218.12,-5.647,14.29,15.365
8470,282.333,578.16,218.03,-4.949,14.492,15.314
8471,282.367,578.36,218.21,-4.107,13.388,14.004
8472,282.4,578.5,216.66,-3.14,11.458,11.881
8473,282.433,578.67,217.9,-2.09,10.344,10.553
8474,282.467,578.96,222.7,-0.907,11.906,11.941
8475,282.5,579.03,225.9,0.125,14.026,14.027
8476,282.533,579.01,227.3,0.805,15.131,15.153
8477,282.567,578.81,227.82,1.279,17.459,17.505
8478,282.6,578.56,226.75,1.505,19.498,19.556
8479,282.633,578.23,224.39,1.627,23.213,23.27
8480,282.667,578.04,219.95,1.615,27.069,27.117
8481,282.7,577.98,217.5,1.464,30.19,30.226
8482,282.733,578.27,219.95,1.116,31.64,31.66
8483,282.767,578.55,222.44,0.621,30.596,30.602
8484,282.8,578.9,226.0,0.155,26.719,26.719
8485,282.833,579.22,231.97,-0.083,22.082,22.082
8486,282.867,579.21,233.28,-0.366,15.52,15.524
8487,282.9,579.08,234.3,-0.582,8.451,8.471
8488,282.933,578.95,233.78,-0.679,2.901,2.98
8489,282.967,578.68,231.53,-0.639,-0.928,1.127
8490,283.0,578.6,231.64,-0.697,-6.047,6.087
8491,283.033,578.69,234.09,-0.889,-12.691,12.722
8492,283.067,578.75,234.87,-1.194,-20.289,20.324
8493,283.1,578.75,234.8,-1.451,-28.087,28.124
8494,283.133,578.48,229.51,-1.568,-36.304,36.338
8495,283.167,578.23,225.36,-1.308,-42.432,42.452
8496,283.2,577.95,221.52,-0.683,-41.922,41.927
8497,283.233,577.86,218.75,0.301,-35.095,35.096
8498,283.267,578.01,218.06,1.281,-24.538,24.572
8499,283.3,578.33,220.01,1.998,-10.635,10.821
8500,283.333,578.48,218.97,2.172,5.4,5.821
8501,283.367,578.83,221.87,1.818,19.104,19.191
8502,283.4,578.96,223.65,1.085,31.203,31.221
8503,283.433,578.96,224.87,0.195,39.658,39.658
8504,283.467,578.75,223.86,-0.671,47.28,47.284
8505,283.5,578.71,224.84,-1.305,54.381,54.397
8506,283.533,578.85,227.11,-1.566,60.088,60.108
8507,283.567,579.08,230.08,-1.557,64.143,64.162
8508,283.6,579.22,232.94,-1.264,65.857,65.869
8509,283.633,579.34,239.75,-0.672,64.532,64.536
8510,283.667,579.1,245.59,0.36,62.63,62.632
8511,283.7,578.72,246.09,1.935,59.33,59.361
8512,283.733,578.08,246.35,4.031,56.251,56.396
8513,283.767,577.62,246.65,6.44,55.104,55.479
8514,283.8,577.55,245.66,8.932,53.293,54.037
8515,283.833,578.05,243.09,11.416,52.834,54.053
8516,283.867,578.69,243.88,13.982,56.133,57.848
8517,283.9,579.61,245.52,16.075,60.377,62.48
8518,283.933,580.55,251.84,17.523,64.064,66.417
8519,283.967,581.46,254.13,18.215,65.252,67.747
8520,284.0,582.39,257.88,18.102,63.682,66.205
8521,284.033,583.02,261.67,17.124,61.377,63.721
8522,284.067,583.69,262.03,15.203,56.625,58.63
8523,284.1,584.3,262.83,12.642,52.143,53.653
8524,284.133,584.81,264.21,9.629,49.596,50.522
8525,284.167,585.2,265.78,5.985,45.604,45.995
8526,284.2,585.21,270.3,2.047,39.378,39.431
8527,284.233,585.09,273.85,-1.972,33.123,33.182
8528,284.267,585.01,274.48,-5.852,28.217,28.817
8529,284.3,584.9,280.32,-9.081,25.83,27.38
8530,284.333,584.38,279.65,-11.391,25.073,27.54
8531,284.367,583.19,274.94,-12.694,26.302,29.205
8532,284.4,582.32,269.38,-13.1,29.557,32.33
8533,284.433,581.59,265.24,-12.832,34.885,37.171
8534,284.467,580.98,265.17,-11.954,38.967,40.759
8535,284.5,580.76,270.6,-10.818,44.689,45.979
8536,284.533,580.76,273.19,-9.523,49.972,50.871
8537,284.567,581.07,281.14,-7.756,52.128,52.702
8538,284.6,580.86,285.11,-5.539,51.771,52.066
8539,284.633,580.32,285.82,-2.981,48.687,48.778
8540,284.667,580.26,288.31,-0.47,44.701,44.703
8541,284.7,580.15,291.43,1.747,40.412,40.45
8542,284.733,580.24,294.7,3.376,35.824,35.983
8543,284.767,580.98,295.46,4.176,31.946,32.218
8544,284.8,581.44,292.52,4.134,28.732,29.028
8545,284.833,581.64,291.94,3.285,22.383,22.623
8546,284.867,581.38,293.76,1.958,14.116,14.251
8547,284.9,581.22,293.69,0.741,6.111,6.156
8548,284.933,581.18,292.65,-0.245,-0.311,0.396
8549,284.967,581.04,292.61,-0.853,-4.503,4.583
8550,285.0,581.53,288.12,-1.178,-5.776,5.895
8551,285.033,582.18,283.91,-1.15,-7.512,7.599
8552,285.067,582.26,283.57,-0.987,-7.829,7.891
8553,285.1,581.88,286.15,-0.964,-9.374,9.424
8554,285.133,581.05,291.58,-0.873,-11.294,11.327
8555,285.167,580.38,295.1,-0.47,-11.686,11.696
8556,285.2,579.66,298.72,0.074,-11.377,11.377
8557,285.233,579.51,299.07,0.796,-11.134,11.163
8558,285.267,579.97,295.35,1.608,-11.529,11.64
8559,285.3,580.56,291.88,2.275,-13.215,13.409
8560,285.333,581.24,288.02,2.68,-13.577,13.839
8561,285.367,581.79,285.62,2.75,-12.961,13.25
8562,285.4,582.13,283.68,2.892,-13.901,14.198
8563,285.433,582.26,283.11,3.016,-15.012,15.311
8564,285.467,582.15,284.23,3.164,-16.292,16.597
8565,285.5,582.31,283.14,3.406,-18.142,18.459
8566,285.533,582.04,284.72,3.351,-17.369,17.689
8567,285.567,581.89,285.79,2.669,-12.596,12.876
8568,285.6,581.84,286.4,1.516,-4.869,5.099
8569,285.633,581.8,287.63,-0.009,5.314,5.314
8570,285.667,581.73,287.95,-1.417,14.933,15.0
8571,285.7,581.69,287.97,-2.679,24.428,24.574
8572,285.733,581.71,287.71,-3.392,31.253,31.436
8573,285.767,581.82,286.51,-3.511,35.148,35.323
8574,285.8,581.61,288.03,-3.195,37.066,37.204
8575,285.833,581.58,288.45,-2.553,37.016,37.104
8576,285.867,581.83,287.82,-1.669,35.008,35.047
8577,285.9,581.7,289.89,-0.713,31.863,31.871
8578,285.933,581.73,290.77,0.361,27.283,27.285
8579,285.967,581.57,293.1,1.558,21.358,21.414
8580,286.0,581.31,296.15,2.916,13.48,13.792
8581,286.033,581.08,298.63,4.045,6.446,7.61
8582,286.067,581.06,300.51,5.03,0.222,5.035
8583,286.1,581.06,302.26,5.733,-4.223,7.12
8584,286.133,581.48,301.22,6.09,-7.092,9.348
8585,286.167,581.75,300.55,6.06,-8.716,10.616
8586,286.2,582.45,296.53,6.037,-11.54,13.023
8587,286.233,583.04,293.16,5.94,-14.833,15.978
8588,286.267,583.49,290.12,5.91,-19.567,20.44
8589,286.3,583.8,288.08,5.637,-22.8,23.486
8590,286.333,584.07,286.42,5.258,-24.764,25.316
8591,286.367,584.11,286.88,4.652,-24.313,24.754
8592,286.4,584.26,286.16,3.65,-20.656,20.976
8593,286.433,584.15,287.58,2.453,-15.051,15.249
8594,286.467,583.84,289.78,1.229,-8.605,8.692
8595,286.5,583.36,293.61,-0.005,-1.633,1.633
8596,286.533,583.12,295.63,-0.899,3.549,3.662
8597,286.567,583.02,295.72,-1.487,7.522,7.668
8598,286.6,583.17,293.24,-1.603,8.593,8.741
8599,286.633,583.49,290.19,-1.322,7.231,7.351
8600,286.667,584.11,285.31,-0.748,3.824,3.896
8601,286.7,584.03,285.82,0.245,-2.239,2.253
8602,286.733,584.05,286.08,1.173,-7.69,7.779
8603,286.767,583.55,290.72,1.88,-11.413,11.567
8604,286.8,583.42,292.7,2.274,-12.363,12.571
8605,286.833,583.33,293.43,2.294,-10.448,10.697
8606,286.867,583.42,292.6,2.068,-6.882,7.186
8607,286.9,583.68,290.89,1.565,-1.965,2.512
8608,286.933,584.08,288.08,0.889,3.45,3.562
8609,286.967,584.11,287.78,0.248,7.633,7.637
8610,287.0,584.46,285.81,-0.346,10.742,10.748
8611,287.033,584.38,286.74,-0.7,11.467,11.489
8612,287.067,584.57,285.67,-0.824,9.967,10.001
8613,287.1,584.35,287.74,-0.721,6.616,6.655
8614,287.133,584.34,288.13,-0.485,2.752,2.794
8615,287.167,584.1,290.18,-0.247,-0.719,0.761
8616,287.2,583.53,294.14,-0.301,-1.545,1.574
8617,287.233,583.27,296.1,-0.427,-1.258,1.329
8618,287.267,583.17,296.46,-0.65,0.091,0.656
8619,287.3,583.25,294.77,-0.67,0.026,0.67
8620,287.333,583.58,291.5,-0.58,-1.168,1.305
8621,287.367,583.67,290.19,-0.292,-3.723,3.735
8622,287.4,584.08,286.85,0.1,-6.668,6.668
8623,287.433,584.21,286.07,0.619,-10.322,10.341
8624,287.467,584.07,287.39,0.97,-12.26,12.299
8625,287.5,584.12,287.56,1.323,-13.368,13.433
8626,287.533,584.15,287.6,1.51,-12.832,12.921
8627,287.567,584.14,287.56,1.645,-11.504,11.62
8628,287.6,584.09,287.93,1.526,-8.27,8.409
8629,287.633,583.99,288.61,1.207,-3.738,3.928
8630,287.667,583.88,289.54,0.496,3.245,3.283
8631,287.7,583.84,289.9,-0.417,10.776,10.784
8632,287.733,583.89,289.42,-1.315,17.704,17.752
8633,287.767,583.93,289.27,-2.069,23.075,23.168
8634,287.8,583.98,288.81,-2.596,26.551,26.677
8635,287.833,584.08,288.56,-2.794,27.698,27.839
8636,287.867,584.07,289.28,-2.764,27.262,27.401
8637,287.9,584.12,289.48,-2.552,25.501,25.629
8638,287.933,583.85,292.37,-2.307,23.463,23.576
8639,287.967,583.85,292.98,-2.024,20.874,20.972
8640,288.0,583.72,293.9,-1.6,17.042,17.117
8641,288.033,583.42,295.89,-1.252,13.317,13.376
8642,288.067,583.08,297.84,-0.796,8.652,8.688
8643,288.1,582.73,300.28,-0.318,3.634,3.648
8644,288.133,582.59,300.98,0.116,-1.232,1.237
8645,288.167,582.76,299.6,0.535,-5.899,5.923
8646,288.2,582.94,298.96,0.96,-10.251,10.296
8647,288.233,583.42,295.85,1.354,-14.084,14.149
8648,288.267,583.78,293.22,1.621,-16.494,16.573
8649,288.3,584.08,290.49,1.758,-17.451,17.539
8650,288.333,584.11,289.91,1.921,-17.887,17.989
8651,288.367,583.96,290.51,1.925,-16.755,16.865
8652,288.4,584.02,289.84,1.842,-15.085,15.197
8653,288.433,583.92,290.47,1.634,-12.728,12.832
8654,288.467,583.87,290.91,1.424,-10.887,10.979
8655,288.5,583.81,291.3,1.096,-8.806,8.874
8656,288.533,584.02,289.84,0.616,-5.715,5.748
8657,288.567,583.82,291.12,0.11,-2.166,2.169
8658,288.6,583.7,292.35,-0.361,1.912,1.946
8659,288.633,583.71,292.89,-0.555,4.46,4.494
8660,288.667,583.71,293.31,-0.403,4.716,4.733
8661,288.7,583.72,293.17,-0.0,3.308,3.308
8662,288.733,583.77,292.99,0.607,0.116,0.618
8663,288.767,583.96,291.63,1.174,-2.809,3.044
8664,288.8,584.24,289.56,1.663,-4.288,4.599
8665,288.833,584.12,290.08,2.023,-3.408,3.964
8666,288.867,584.23,288.81,2.294,-0.354,2.321
8667,288.9,584.25,289.02,2.654,2.833,3.882
8668,288.933,584.18,290.2,2.847,7.784,8.288
8669,288.967,584.14,291.57,2.797,14.227,14.499
8670,289.0,584.06,293.86,2.396,22.057,22.186
8671,289.033,584.18,294.51,1.821,28.758,28.816
8672,289.067,584.36,294.43,0.978,35.045,35.058
8673,289.1,584.73,292.28,0.16,39.006,39.006
8674,289.133,584.93,291.72,-0.623,40.304,40.309
8675,289.167,584.94,293.36,-1.279,37.761,37.783
8676,289.2,584.85,296.28,-1.869,32.429,32.483
8677,289.233,584.74,299.87,-2.397,25.056,25.17
8678,289.267,584.67,303.13,-2.859,16.259,16.508
8679,289.3,584.53,304.96,-3.243,6.234,7.027
8680,289.333,584.31,305.97,-3.733,-2.459,4.47
8681,289.367,584.07,305.2,-4.101,-9.624,10.461
8682,289.4,583.48,307.04,-4.504,-13.49,14.222
8683,289.433,583.06,306.24,-4.821,-15.246,15.99
8684,289.467,582.93,303.1,-4.937,-15.424,16.194
8685,289.5,583.13,297.6,-4.8,-14.398,15.177
8686,289.533,583.19,295.37,-4.311,-12.929,13.629
8687,289.567,583.25,292.98,-3.558,-10.6,11.181
8688,289.6,583.2,291.59,-2.655,-7.205,7.679
8689,289.633,583.18,290.39,-1.797,-1.573,2.388
8690,289.667,582.9,292.96,-1.112,5.828,5.933
8691,289.7,582.76,294.78,-0.688,13.87,13.887
8692,289.733,582.69,296.8,-0.495,21.096,21.102
8693,289.767,582.65,298.79,-0.634,27.416,27.423
8694,289.8,582.42,303.68,-1.19,33.116,33.137
8695,289.833,582.44,306.56,-2.056,36.802,36.859
8696,289.867,582.41,307.6,-3.076,37.456,37.582
8697,289.9,582.59,306.69,-4.121,35.134,35.375
8698,289.933,582.71,306.82,-4.865,28.136,28.554
8699,289.967,582.75,306.84,-5.219,17.461,18.224
8700,290.0,582.7,306.87,-5.202,4.831,7.099
8701,290.033,582.48,306.59,-5.089,-5.794,7.711
8702,290.067,582.11,306.06,-4.939,-13.885,14.737
8703,290.1,581.67,305.39,-4.779,-19.577,20.152
8704,290.133,581.13,304.68,-4.511,-23.086,23.522
8705,290.167,580.69,304.16,-4.262,-22.457,22.858
8706,290.2,580.43,303.88,-3.812,-19.914,20.275
8707,290.233,580.15,304.9,-3.236,-15.681,16.011
8708,290.267,580.13,304.08,-2.487,-10.372,10.666
8709,290.3,580.4,300.09,-1.611,-4.814,5.077
8710,290.333,580.7,297.59,-0.687,0.141,0.701
8711,290.367,580.98,296.53,0.165,3.661,3.665
8712,290.4,581.18,297.04,1.002,5.12,5.217
8713,290.433,581.28,298.84,1.526,7.262,7.421
8714,290.467,581.24,301.91,1.727,9.407,9.564
8715,290.5,581.0,306.06,1.546,11.422,11.526
8716,290.533,580.9,307.34,1.15,12.333,12.387
8717,290.567,580.97,306.0,0.607,11.63,11.645
8718,290.6,581.06,306.12,-0.028,10.104,10.104
8719,290.633,581.02,307.4,-0.609,6.427,6.456
8720,290.667,581.18,305.44,-0.878,-0.016,0.879
8721,290.7,581.15,303.95,-0.873,-7.949,7.997
8722,290.733,581.17,302.7,-0.689,-16.387,16.401
8723,290.767,580.96,301.88,-0.274,-25.107,25.109
8724,290.8,580.65,302.5,0.417,-34.539,34.542
8725,290.833,580.63,300.45,1.149,-41.954,41.97
8726,290.867,580.63,299.81,1.784,-46.349,46.384
8727,290.9,580.48,301.79,2.148,-47.429,47.477
8728,290.933,580.66,299.82,2.243,-45.413,45.469
8729,290.967,580.89,297.31,2.076,-40.835,40.887
8730,291.0,581.32,293.82,1.702,-34.535,34.577
8731,291.033,581.47,291.2,1.363,-28.643,28.675
8732,291.067,581.62,289.49,1.215,-24.363,24.393
8733,291.1,581.87,285.9,1.161,-20.066,20.1
8734,291.133,582.0,285.35,1.098,-15.828,15.867
8735,291.167,581.8,287.84,1.013,-12.24,12.282
8736,291.2,581.64,289.52,0.765,-7.718,7.756
8737,291.233,581.59,290.16,0.318,-1.158,1.201
8738,291.267,581.6,289.09,-0.417,7.861,7.872
8739,291.3,581.27,291.24,-1.223,17.765,17.807
8740,291.333,581.0,293.25,-1.913,27.087,27.155
8741,291.367,580.79,294.33,-2.457,35.733,35.817
8742,291.4,580.85,294.95,-2.821,42.417,42.511
8743,291.433,580.93,295.11,-2.809,44.288,44.377
8744,291.467,581.14,294.65,-2.516,42.422,42.497
8745,291.5,581.45,293.02,-2.075,38.11,38.166
8746,291.533,581.63,292.2,-1.642,32.329,32.371
8747,291.567,581.42,295.63,-1.111,25.267,25.291
8748,291.6,581.09,299.22,-0.535,17.552,17.56
8749,291.633,580.78,302.43,-0.039,10.741,10.742
8750,291.667,580.54,305.51,0.305,4.856,4.866
8751,291.7,580.29,308.41,0.62,-1.369,1.503
8752,291.733,580.27,308.23,0.862,-7.323,7.373
8753,291.767,580.52,305.04,0.986,-12.745,12.783
8754,291.8,580.77,302.39,0.923,-16.591,16.617
8755,291.833,581.03,298.75,0.89,-20.302,20.321
8756,291.867,581.18,295.91,0.922,-24.134,24.152
8757,291.9,581.36,293.21,1.055,-27.668,27.688
8758,291.933,581.4,292.44,1.183,-30.332,30.355
8759,291.967,581.3,293.09,1.267,-31.599,31.624
8760,292.0,581.37,292.56,1.19,-30.527,30.55
8761,292.033,581.43,292.33,0.976,-27.774,27.791
8762,292.067,581.37,292.76,0.508,-22.548,22.554
8763,292.1,581.29,292.68,-0.043,-16.618,16.618
8764,292.133,581.15,293.46,-0.607,-10.432,10.45
8765,292.167,581.07,293.29,-1.137,-4.19,4.342
8766,292.2,580.99,293.19,-1.544,0.887,1.781
8767,292.233,580.98,292.19,-1.753,3.701,4.095
8768,292.267,580.95,291.53,-1.796,4.859,5.18
8769,292.3,581.0,291.09,-1.641,3.957,4.284
8770,292.333,580.98,291.03,-1.397,2.028,2.462
8771,292.367,580.95,291.48,-1.102,0.129,1.11
8772,292.4,580.92,292.12,-0.794,-1.071,1.333
8773,292.433,580.88,292.22,-0.568,-1.073,1.214
8774,292.467,580.88,291.8,-0.305,-1.009,1.054
8775,292.5,580.99,289.91,0.059,-1.578,1.579
8776,292.533,580.77,291.6,0.423,-2.194,2.235
8777,292.567,580.72,292.68,0.357,-3.086,3.107
8778,292.6,580.67,293.52,0.033,-4.26,4.26
8779,292.633,580.69,293.75,-0.246,-5.437,5.442
8780,292.667,580.81,292.61,-0.408,-6.563,6.575
8781,292.7,580.92,291.56,-0.24,-7.137,7.141
8782,292.733,581.1,290.14,0.564,-7.946,7.966
8783,292.767,581.34,288.1,1.847,-8.288,8.491
8784,292.8,581.27,289.89,3.532,-8.008,8.752
8785,292.833,581.31,290.27,5.162,-7.051,8.739
8786,292.867,581.31,290.55,6.909,-5.562,8.869
8787,292.9,581.39,289.73,8.778,-4.361,9.802
8788,292.933,581.59,288.46,10.534,-3.585,11.127
8789,292.967,581.63,288.25,12.12,-3.205,12.537
8790,293.0,581.63,288.29,13.566,-2.805,13.853
8791,293.033,581.6,288.44,14.444,-0.966,14.477
8792,293.067,582.63,289.36,14.839,0.705,14.856
8793,293.1,583.84,290.06,14.573,2.188,14.737
8794,293.133,584.78,290.96,13.524,4.068,14.122
8795,293.167,585.91,290.76,11.792,5.722,13.107
8796,293.2,586.73,289.83,9.7,6.455,11.651
8797,293.233,586.78,290.28,7.425,6.56,9.907
8798,293.267,586.76,290.47,4.864,7.013,8.535
8799,293.3,586.54,290.32,1.924,8.98,9.183
8800,293.333,586.95,289.92,-0.745,9.352,9.382
8801,293.367,586.88,289.35,-2.997,9.339,9.808
8802,293.4,586.43,289.91,-4.474,9.981,10.937
8803,293.433,586.15,290.59,-5.114,11.248,12.356
8804,293.467,585.71,291.91,-4.645,12.543,13.375
8805,293.5,584.79,293.39,-3.216,13.855,14.223
8806,293.533,584.32,294.22,-0.862,14.831,14.856
8807,293.567,583.93,295.0,2.214,15.622,15.778
8808,293.6,583.88,295.62,5.527,14.699,15.704
8809,293.633,584.45,293.95,8.817,12.37,15.191
8810,293.667,585.27,292.64,11.928,9.271,15.108
8811,293.7,585.76,293.97,14.511,5.624,15.562
8812,293.733,586.18,295.46,16.443,2.527,16.636
8813,293.767,587.08,295.99,18.085,-0.317,18.088
8814,293.8,588.66,295.2,19.238,-2.267,19.371
8815,293.833,589.76,297.33,19.939,-4.11,20.358
8816,293.867,590.87,298.24,20.012,-6.549,21.056
8817,293.9,591.56,296.23,19.276,-8.621,21.116
8818,293.933,592.14,294.27,17.732,-9.371,20.056
8819,293.967,591.85,293.97,15.644,-8.921,18.008
8820,294.0,591.74,292.82,13.358,-6.996,15.079
8821,294.033,591.64,292.06,11.261,-3.935,11.929
8822,294.067,592.07,290.69,8.965,0.336,8.972
8823,294.1,592.41,291.95,6.636,3.779,7.637
8824,294.133,592.67,293.45,4.861,5.321,7.207
8825,294.167,593.01,293.66,3.494,7.021,7.842
8826,294.2,593.37,294.79,2.438,8.783,9.116
8827,294.233,593.72,295.07,1.81,9.618,9.787
8828,294.267,593.63,294.83,1.776,8.729,8.908
8829,294.3,593.74,293.01,2.196,7.632,7.941
8830,294.333,593.85,292.96,2.533,7.789,8.19
8831,294.367,593.35,295.8,2.771,7.641,8.128
8832,294.4,593.34,298.66,2.715,7.364,7.849
8833,294.433,593.86,299.27,2.399,6.775,7.188
8834,294.467,593.93,300.0,1.707,3.602,3.986
8835,294.5,593.53,298.76,0.966,-3.734,3.857
8836,294.533,593.02,296.32,0.245,-14.884,14.886
8837,294.567,593.47,292.15,-0.216,-27.331,27.332
8838,294.6,594.36,290.74,-0.625,-38.02,38.025
8839,294.633,594.37,291.55,-0.894,-46.187,46.196
8840,294.667,594.31,290.9,-0.974,-50.597,50.606
8841,294.7,594.21,291.11,-0.835,-51.058,51.064
8842,294.733,594.24,291.27,-0.641,-49.783,49.787
8843,294.767,594.15,293.03,-0.374,-44.321,44.322
8844,294.8,593.86,292.42,-0.082,-35.922,35.922
8845,294.833,593.62,289.23,0.023,-25.063,25.063
8846,294.867,593.44,284.28,-0.044,-12.697,12.697
8847,294.9,593.25,276.79,0.185,-1.176,1.191
8848,294.933,593.09,270.34,0.502,7.93,7.945
8849,294.967,593.08,269.22,0.591,14.499,14.511
8850,295.0,593.38,272.54,0.462,18.371,18.377
8851,295.033,593.75,280.54,0.34,23.369,23.372
8852,295.067,593.95,287.99,0.282,27.84,27.841
8853,295.1,594.21,293.61,-0.108,32.464,32.464
8854,295.133,594.34,296.98,-1.198,36.77,36.79
8855,295.167,594.41,297.0,-2.544,39.608,39.69
8856,295.2,594.15,296.55,-4.018,42.431,42.62
8857,295.233,593.96,299.2,-5.484,45.071,45.403
8858,295.267,593.39,296.05,-6.984,47.873,48.379
8859,295.3,593.11,293.8,-8.485,49.582,50.303
8860,295.333,593.06,293.34,-9.672,49.365,50.303
8861,295.367,592.92,292.89,-10.341,47.484,48.597
8862,295.4,592.44,293.34,-10.403,44.775,45.967
8863,295.433,591.9,295.6,-9.781,43.222,44.315
8864,295.467,591.22,300.04,-8.655,45.099,45.921
8865,295.5,590.7,305.26,-7.056,49.204,49.707
8866,295.533,590.22,303.48,-5.156,54.049,54.294
8867,295.567,590.06,305.56,-3.11,57.18,57.265
8868,295.6,590.03,309.46,-0.88,56.504,56.511
8869,295.633,590.28,313.36,1.333,52.551,52.568
8870,295.667,590.51,318.06,3.541,45.345,45.483
8871,295.7,590.78,321.08,5.691,35.885,36.333
8872,295.733,591.02,322.82,7.574,26.447,27.51
8873,295.767,591.41,321.94,9.13,14.899,17.474
8874,295.8,592.11,318.67,10.399,5.249,11.649
8875,295.833,592.68,316.17,11.186,-1.292,11.26
8876,295.867,593.0,314.45,11.429,-6.238,13.021
8877,295.9,593.16,313.56,11.003,-8.076,13.649
8878,295.933,593.13,314.25,10.108,-7.782,12.757
8879,295.967,593.51,313.54,8.926,-6.396,10.981
8880,296.0,593.89,313.32,7.683,-4.408,8.857
8881,296.033,594.26,313.08,6.524,-3.807,7.554
8882,296.067,594.67,311.99,5.623,-1.239,5.757
8883,296.1,594.9,313.58,5.039,1.552,5.273
8884,296.133,595.19,314.09,4.798,3.786,6.112
8885,296.167,595.18,315.6,4.794,6.076,7.739
8886,296.2,594.85,319.05,5.043,7.726,9.226
8887,296.233,594.9,319.42,5.538,9.277,10.804
8888,296.267,594.8,321.32,6.177,9.196,11.078
8889,296.3,594.88,321.26,6.626,8.88,11.08
8890,296.333,595.13,318.9,6.6,8.715,10.932
8891,296.367,595.22,318.84,6.019,8.753,10.623
8892,296.4,595.59,316.26,5.022,8.671,10.02
8893,296.433,596.03,315.37,3.7,8.396,9.175
8894,296.467,596.41,315.61,2.179,6.738,7.082
8895,296.5,596.79,314.19,0.256,5.759,5.764
8896,296.533,597.06,314.84,-1.986,5.209,5.575
8897,296.567,597.22,316.07,-4.374,6.086,7.495
8898,296.6,597.12,319.06,-6.999,9.604,11.883
8899,296.633,596.85,322.68,-9.725,14.627,17.565
8900,296.667,596.41,324.54,-12.453,20.231,23.756
8901,296.7,595.71,325.17,-14.997,25.151,29.282
8902,296.733,594.69,323.36,-17.016,27.136,32.029
8903,296.767,593.55,323.59,-18.64,28.218,33.819
8904,296.8,592.75,322.03,-19.719,27.273,33.655
8905,296.833,592.04,321.92,-20.129,24.561,31.755
8906,296.867,591.46,321.89,-19.895,21.766,29.489
8907,296.9,590.78,322.85,-18.911,18.13,26.198
8908,296.933,590.12,324.27,-17.511,15.247,23.218
8909,296.967,589.55,327.74,-15.845,12.81,20.376
8910,297.0,589.28,329.2,-14.024,10.518,17.53
8911,297.033,589.02,331.51,-12.319,9.539,15.58
8912,297.067,588.54,332.17,-10.949,9.12,14.25
8913,297.1,588.31,330.97,-10.12,9.274,13.727
8914,297.133,588.15,328.22,-9.813,9.032,13.337
8915,297.167,587.84,327.01,-9.942,7.674,12.559
8916,297.2,587.6,326.77,-10.495,5.43,11.817
8917,297.233,587.22,328.55,-10.687,3.04,11.111
8918,297.267,587.0,328.49,-10.564,0.492,10.576
8919,297.3,586.87,328.44,-10.565,-2.612,10.883
8920,297.333,586.45,329.24,-11.488,-4.428,12.312
8921,297.367,585.87,329.39,-13.102,-5.199,14.096
8922,297.4,585.03,329.39,-15.253,-4.247,15.833
8923,297.433,584.37,329.24,-17.691,-1.609,17.764
8924,297.467,583.63,329.12,-20.272,2.762,20.459
8925,297.5,582.75,329.07,-22.694,6.744,23.675
8926,297.533,582.0,329.04,-24.898,9.754,26.74
8927,297.567,581.42,329.53,-26.687,10.305,28.607
8928,297.6,581.11,329.83,-28.036,9.538,29.614
8929,297.633,580.83,330.07,-29.134,8.962,30.481
8930,297.667,580.4,329.96,-29.837,9.272,31.244
8931,297.7,579.97,329.9,-30.033,10.075,31.678
8932,297.733,577.64,328.63,-29.665,11.017,31.645
8933,297.767,574.95,330.38,-28.777,11.433,30.965
8934,297.8,572.87,332.47,-27.779,13.047,30.69
8935,297.833,572.39,333.75,-26.603,14.907,30.495
8936,297.867,571.87,335.32,-25.432,17.513,30.879
8937,297.9,571.39,336.09,-24.327,21.157,32.24
8938,297.933,570.99,335.94,-22.874,24.256,33.34
8939,297.967,570.85,334.21,-21.045,26.048,33.487
8940,298.0,570.51,332.99,-18.677,25.918,31.947
8941,298.033,570.09,333.56,-15.876,24.632,29.305
8942,298.067,569.35,336.05,-12.784,22.352,25.749
8943,298.1,568.89,337.56,-9.53,18.974,21.233
8944,298.133,568.85,337.67,-6.496,14.876,16.233
8945,298.167,568.59,338.6,-3.985,10.474,11.206
8946,298.2,568.27,340.05,-2.168,6.187,6.556
8947,298.233,567.68,342.24,-1.32,2.632,2.945
8948,298.267,567.15,343.97,-0.421,-0.115,0.436
8949,298.3,567.29,343.17,1.06,-3.591,3.745
8950,298.333,567.1,343.88,3.202,-8.18,8.784
8951,298.367,567.53,341.71,5.335,-13.275,14.307
8952,298.4,568.49,337.48,7.358,-18.669,20.066
8953,298.433,569.12,335.14,9.223,-23.859,25.58
8954,298.467,569.59,334.12,10.666,-26.358,28.434
8955,298.5,569.68,334.87,11.513,-25.15,27.66
8956,298.533,569.96,334.68,11.918,-21.57,24.644
8957,298.567,570.3,334.65,11.81,-15.726,19.667
8958,298.6,570.47,334.84,11.421,-9.603,14.921
8959,298.633,570.78,334.87,10.707,-3.584,11.291
8960,298.667,571.2,334.43,9.56,2.563,9.897
8961,298.7,571.68,333.76,8.261,7.958,11.471
8962,298.733,572.28,331.89,6.735,14.542,16.026
8963,298.767,572.63,331.78,5.506,20.067,20.808
8964,298.8,572.79,333.03,4.818,23.662,24.147
8965,298.833,572.77,335.45,4.426,26.705,27.069
8966,298.867,572.68,338.32,4.631,27.273,27.664
8967,298.9,572.62,341.3,5.209,25.978,26.496
8968,298.933,572.42,344.82,5.599,25.329,25.94
8969,298.967,572.61,344.03,5.757,25.557,26.197
8970,299.0,572.84,341.98,5.483,27.822,28.357
8971,299.033,572.84,342.4,5.301,28.686,29.172
8972,299.067,573.09,341.22,5.112,28.782,29.232
8973,299.1,573.4,341.24,5.152,26.361,26.86
8974,299.133,573.84,342.19,5.469,21.75,22.427
8975,299.167,574.32,344.1,6.023,15.145,16.298
8976,299.2,574.54,347.74,6.526,8.492,10.71
8977,299.233,575.26,345.97,6.863,2.66,7.36
8978,299.267,575.54,346.06,7.009,-2.101,7.317
8979,299.3,575.59,346.75,7.092,-6.396,9.55
8980,299.333,575.65,345.78,6.978,-9.255,11.591
8981,299.367,575.47,346.28,6.893,-12.153,13.972
8982,299.4,575.1,348.5,6.723,-14.024,15.552
8983,299.433,575.1,348.92,6.608,-16.37,17.654
8984,299.467,575.31,347.92,6.652,-19.685,20.778
8985,299.5,576.22,342.12,6.776,-22.11,23.125
8986,299.533,576.66,340.16,7.212,-24.042,25.101
8987,299.567,577.32,336.96,8.017,-25.353,26.59
8988,299.6,577.47,337.46,9.036,-24.818,26.412
8989,299.633,577.61,338.17,10.127,-22.516,24.689
8990,299.667,577.59,340.02,11.052,-17.954,21.083
8991,299.7,577.97,339.36,11.714,-12.214,16.923
8992,299.733,578.53,337.57,11.971,-6.039,13.408
8993,299.767,578.89,337.7,11.466,2.705,11.78
8994,299.8,579.0,339.47,10.434,11.928,15.847
8995,299.833,579.47,339.0,9.052,20.24,22.172
8996,299.867,579.63,340.89,7.481,27.452,28.453
8997,299.9,580.2,339.65,5.966,32.155,32.704
8998,299.933,580.62,340.39,4.762,33.339,33.677
8999,299.967,581.16,340.45,3.858,31.46,31.696
9000,300.0,581.66,340.17,3.168,27.345,27.528
9001,300.033,581.53,343.47,2.37,23.115,23.236
9002,300.067,581.3,345.78,1.635,17.642,17.718
9003,300.1,580.93,348.25,0.823,11.915,11.943
9004,300.133,580.53,350.86,0.143,6.055,6.057
9005,300.167,580.25,351.53,-0.43,1.111,1.191
9006,300.2,579.85,352.5,-0.825,-2.928,3.042
9007,300.233,579.9,350.85,-1.192,-5.599,5.724
9008,300.267,580.21,347.44,-1.616,-6.495,6.694
9009,300.3,580.48,344.84,-1.969,-6.479,6.772
9010,300.333,580.76,342.84,-2.086,-7.238,7.533
9011,300.367,580.85,342.02,-2.092,-7.35,7.642
9012,300.4,580.84,342.59,-1.887,-6.109,6.393
9013,300.433,580.77,342.85,-1.732,-1.261,2.142
9014,300.467,580.6,342.93,-1.715,6.334,6.562
9015,300.5,580.53,342.17,-2.1,15.562,15.704
9016,300.533,580.4,343.23,-3.185,25.945,26.14
9017,300.567,580.19,345.6,-4.88,36.281,36.608
9018,300.6,579.88,350.21,-6.801,44.401,44.919
9019,300.633,579.51,353.46,-8.611,49.435,50.18
9020,300.667,579.21,354.86,-9.963,52.516,53.453
9021,300.7,579.07,354.27,-10.476,53.725,54.737
9022,300.733,579.0,354.35,-9.688,52.444,53.332
9023,300.767,578.96,355.28,-7.798,50.033,50.638
9024,300.8,578.82,357.01,-5.136,48.265,48.538
9025,300.833,578.61,361.47,-1.961,47.86,47.9
9026,300.867,578.24,366.71,1.529,47.663,47.687
9027,300.9,577.84,368.72,5.219,48.397,48.677
9028,300.933,577.42,368.35,9.036,51.425,52.213
9029,300.967,577.11,366.59,12.832,55.716,57.175
9030,301.0,577.08,366.62,16.734,60.777,63.039
9031,301.033,577.7,367.96,20.489,66.588,69.669
9032,301.067,579.22,367.24,23.889,71.966,75.827
9033,301.1,580.79,370.89,26.636,75.731,80.278
9034,301.133,582.52,376.51,28.502,75.864,81.042
9035,301.167,584.29,379.07,29.349,73.524,79.165
9036,301.2,585.64,382.42,29.127,69.81,75.643
9037,301.233,586.28,386.37,27.818,66.383,71.976
9038,301.267,586.73,390.21,25.514,63.232,68.185
9039,301.3,587.2,393.07,22.239,60.316,64.285
9040,301.333,587.82,394.46,18.187,57.58,60.384
9041,301.367,588.41,398.88,13.533,53.68,55.359
9042,301.4,588.98,401.89,8.595,47.734,48.501
9043,301.433,589.4,399.83,3.539,41.025,41.178
9044,301.467,589.77,398.36,-1.352,34.941,34.967
9045,301.5,589.44,396.98,-5.474,30.746,31.23
9046,301.533,588.82,396.18,-8.537,28.228,29.491
9047,301.567,587.97,396.29,-10.587,27.582,29.544
9048,301.6,587.2,397.79,-11.648,30.71,32.844
9049,301.633,586.63,401.44,-12.461,31.182,33.58
9050,301.667,586.32,403.88,-12.805,32.437,34.873
9051,301.7,586.11,405.9,-12.679,34.474,36.732
9052,301.733,585.94,407.13,-12.083,37.294,39.203
9053,301.767,585.61,408.88,-11.018,40.896,42.354
9054,301.8,585.37,411.0,-9.484,45.281,46.263
9055,301.833,585.05,413.34,-7.48,50.448,51.0
9056,301.867,584.78,415.82,-5.006,56.398,56.619
9057,301.9,584.49,418.24,-2.063,63.13,63.164
9058,301.933,584.61,420.32,1.35,70.644,70.657
9059,301.967,585.16,422.19,5.232,78.942,79.115
9060,302.0,585.39,424.23,9.584,88.021,88.541
9061,302.033,585.67,426.64,14.405,97.883,98.937
9062,302.067,586.18,428.27,19.695,108.528,110.3
9063,302.1,586.07,428.75,25.456,119.954,122.626
