frame,t_s,x_px,y_px,vx_px_s,vy_px_s,speed_px_s
0,0.0,573.31,420.71,51.118,-86.087,100.12
1,0.033,581.09,388.27,51.314,-98.744,111.282
2,0.067,580.47,391.87,51.383,-110.087,121.488
3,0.1,584.17,388.38,51.326,-120.114,130.62
4,0.133,583.32,379.35,51.142,-128.826,138.606
5,0.167,583.59,376.91,50.831,-136.223,145.398
6,0.2,584.34,375.95,50.394,-142.305,150.964
7,0.233,586.95,368.63,49.829,-147.072,155.284
8,0.267,588.79,363.11,49.138,-150.523,158.341
9,0.3,591.99,356.15,48.32,-152.66,160.125
10,0.333,595.6,350.31,47.376,-153.482,160.627
11,0.367,593.76,378.35,46.304,-152.988,159.842
12,0.4,595.85,373.8,45.106,-151.18,157.765
13,0.433,602.68,338.19,43.781,-148.056,154.394
14,0.467,602.02,334.64,42.329,-143.617,149.725
15,0.5,601.2,332.36,40.751,-137.864,143.76
16,0.533,600.44,330.9,41.217,-140.903,146.808
17,0.567,601.48,325.3,38.243,-130.101,135.605
18,0.6,602.92,316.37,36.713,-119.93,125.423
19,0.633,602.91,312.45,33.596,-108.931,113.994
20,0.667,603.72,311.24,30.834,-94.486,99.39
21,0.7,605.83,309.46,28.536,-79.849,84.795
22,0.733,607.73,306.21,27.882,-65.953,71.605
23,0.767,610.75,302.63,27.969,-49.903,57.206
24,0.8,613.33,304.35,26.587,-29.23,39.513
25,0.833,614.33,303.67,24.003,-2.855,24.172
26,0.867,615.48,303.35,19.733,28.67,34.805
27,0.9,609.23,309.12,14.628,40.869,43.408
28,0.933,610.07,310.33,8.104,42.682,43.445
29,0.967,610.95,312.06,-2.345,53.841,53.892
30,1.0,612.74,311.82,-13.823,61.507,63.042
31,1.033,611.71,312.04,-27.058,65.765,71.113
32,1.067,612.67,313.4,-40.288,65.657,77.032
33,1.1,610.31,314.03,-53.495,63.099,82.723
34,1.133,609.25,316.24,-67.615,61.631,91.489
35,1.167,608.43,319.66,-80.029,58.182,98.943
36,1.2,607.05,324.98,-90.108,52.906,104.491
37,1.233,602.39,330.38,-98.256,45.748,108.385
38,1.267,595.95,336.61,-103.211,37.723,109.888
39,1.3,593.85,335.87,-105.375,30.56,109.717
40,1.333,589.16,332.02,-105.453,22.795,107.889
41,1.367,583.09,325.15,-102.475,15.518,103.643
42,1.4,580.78,325.01,-98.832,10.212,99.358
43,1.433,577.1,328.74,-90.453,4.056,90.544
44,1.467,572.45,328.33,-80.066,-1.044,80.073
45,1.5,568.13,330.25,-68.423,-5.331,68.63
46,1.533,567.49,330.32,-56.685,-8.055,57.254
47,1.567,565.8,330.32,-44.438,-9.003,45.341
48,1.6,564.25,330.16,-32.886,-8.505,33.968
49,1.633,566.47,327.37,-21.112,-6.13,21.984
50,1.667,567.34,328.13,-10.738,-2.275,10.976
51,1.7,568.26,326.84,-2.86,1.444,3.203
52,1.733,570.29,326.76,2.56,4.914,5.541
53,1.767,570.48,327.97,6.433,6.008,8.803
54,1.8,569.63,328.84,9.206,2.593,9.564
55,1.833,569.14,329.26,9.628,-2.292,9.898
56,1.867,566.3,331.11,8.867,-6.292,10.873
57,1.9,566.86,331.32,7.222,-6.968,10.035
58,1.933,567.24,331.05,4.116,-6.314,7.537
59,1.967,567.2,330.17,0.216,-6.791,6.795
60,2.0,567.59,328.95,-4.727,-5.404,7.179
61,2.033,567.89,328.27,-11.016,-3.407,11.531
62,2.067,568.73,327.48,-15.947,-3.504,16.327
63,2.1,568.52,326.75,-15.065,-4.814,15.816
64,2.133,567.82,326.41,-8.673,-5.078,10.05
65,2.167,567.86,325.69,0.43,-3.162,3.191
66,2.2,568.37,327.16,10.95,-0.769,10.977
67,2.233,567.47,325.68,18.945,2.166,19.068
68,2.267,566.67,326.17,23.782,6.269,24.595
69,2.3,567.4,327.99,26.794,12.309,29.486
70,2.333,566.76,329.28,28.51,17.992,33.713
71,2.367,565.89,329.71,29.994,22.397,37.433
72,2.4,567.24,330.77,32.249,24.505,40.503
73,2.433,567.43,331.52,35.395,26.5,44.216
74,2.467,568.45,333.28,39.112,27.476,47.798
75,2.5,573.84,331.82,43.171,28.001,51.457
76,2.533,585.12,328.95,47.589,28.77,55.61
77,2.567,591.35,333.25,51.492,29.403,59.296
78,2.6,589.24,337.44,53.601,29.498,61.182
79,2.633,585.61,337.41,53.942,28.777,61.138
80,2.667,580.93,337.7,53.018,27.425,59.691
81,2.7,576.76,338.17,50.516,25.973,56.802
82,2.733,579.79,340.99,46.414,23.559,52.05
83,2.767,583.58,341.99,41.485,21.46,46.706
84,2.8,586.83,338.61,36.341,19.419,41.204
85,2.833,590.99,338.56,30.654,16.601,34.861
86,2.867,593.35,340.7,25.894,13.56,29.229
87,2.9,597.09,343.72,22.563,10.776,25.004
88,2.933,597.64,343.07,20.219,7.824,21.68
89,2.967,597.84,344.12,19.342,4.512,19.861
90,3.0,597.92,344.46,20.446,0.664,20.457
91,3.033,596.19,343.41,20.75,-2.335,20.881
92,3.067,594.83,342.12,16.521,-2.292,16.68
93,3.1,594.54,341.53,8.347,-2.205,8.633
94,3.133,594.87,341.84,-0.677,-3.199,3.27
95,3.167,594.9,341.93,-8.449,-2.851,8.917
96,3.2,595.2,341.86,-13.27,-1.23,13.326
97,3.233,595.26,341.55,-13.274,2.256,13.465
98,3.267,595.69,342.01,-11.686,5.574,12.947
99,3.3,595.87,341.99,-9.21,8.031,12.219
100,3.333,596.06,342.58,-5.248,10.296,11.557
101,3.367,595.22,342.39,-1.377,11.088,11.173
102,3.4,594.71,341.99,3.038,9.43,9.908
103,3.433,593.81,341.93,6.453,5.644,8.573
104,3.467,594.0,342.89,8.985,1.063,9.048
105,3.5,593.55,343.42,10.257,-2.138,10.478
106,3.533,594.74,345.14,10.737,-4.425,11.613
107,3.567,595.25,345.81,11.367,-5.809,12.766
108,3.6,595.76,346.01,12.746,-6.411,14.267
109,3.633,597.54,347.2,16.629,-7.458,18.224
110,3.667,598.54,346.66,20.82,-8.831,22.616
111,3.7,599.95,345.48,25.234,-10.846,27.467
112,3.733,600.18,341.6,30.189,-13.978,33.268
113,3.767,601.53,337.12,35.63,-17.621,39.749
114,3.8,603.4,333.5,42.026,-23.234,48.02
115,3.833,603.73,333.36,49.372,-28.595,57.055
116,3.867,605.08,334.83,57.261,-31.939,65.566
117,3.9,605.5,337.61,67.827,-36.468,77.009
118,3.933,606.03,339.13,79.711,-41.836,90.023
119,3.967,608.46,342.24,91.056,-47.044,102.491
120,4.0,612.59,338.84,101.394,-53.206,114.506
121,4.033,616.68,334.98,111.031,-60.236,126.318
122,4.067,621.95,331.04,118.326,-68.285,136.616
123,4.1,627.49,326.78,123.429,-76.74,145.34
124,4.133,628.57,324.17,125.875,-84.806,151.778
125,4.167,633.29,320.05,125.419,-94.409,156.981
126,4.2,639.12,316.16,122.87,-104.542,161.326
127,4.233,644.55,313.37,118.38,-114.655,164.801
128,4.267,650.72,309.84,112.23,-123.173,166.634
129,4.3,655.47,309.46,105.49,-128.417,166.19
130,4.333,659.79,305.5,98.1,-129.851,162.742
131,4.367,664.17,295.5,92.334,-128.597,158.312
132,4.4,663.31,291.79,87.514,-126.704,153.989
133,4.433,662.46,288.49,83.197,-124.962,150.124
134,4.467,664.64,283.32,79.985,-122.305,146.138
135,4.5,666.19,279.69,78.669,-121.975,145.144
136,4.533,667.06,276.88,77.984,-122.799,145.468
137,4.567,669.25,273.5,77.742,-123.135,145.623
138,4.6,671.67,269.66,76.747,-122.845,144.849
139,4.633,675.71,264.08,75.512,-122.644,144.027
140,4.667,679.76,261.06,75.754,-122.178,143.758
141,4.7,683.46,257.66,75.858,-119.178,141.272
142,4.733,686.98,254.05,75.49,-113.057,135.943
143,4.767,692.3,251.03,74.334,-106.065,129.52
144,4.8,695.41,247.12,71.065,-96.408,119.77
145,4.833,698.4,243.14,65.855,-87.165,109.246
146,4.867,697.95,238.87,58.756,-77.864,97.546
147,4.9,697.37,237.26,48.904,-64.835,81.211
148,4.933,699.09,235.35,38.904,-50.723,63.924
149,4.967,701.11,230.38,29.819,-36.512,47.141
150,5.0,700.44,227.91,20.774,-21.697,30.039
151,5.033,700.49,229.0,12.686,-7.779,14.881
152,5.067,700.71,228.49,5.961,4.797,7.652
153,5.1,702.13,228.81,0.585,15.736,15.747
154,5.133,701.41,233.01,-3.004,24.45,24.633
155,5.167,701.53,236.92,-5.422,32.19,32.643
156,5.2,702.11,238.43,-6.822,37.136,37.758
157,5.233,701.63,238.36,-7.116,39.508,40.144
158,5.267,700.95,241.71,-6.706,39.832,40.393
159,5.3,701.0,241.36,-6.907,37.999,38.622
160,5.333,700.94,242.16,-7.422,33.985,34.786
161,5.367,700.14,243.7,-8.228,28.714,29.87
162,5.4,700.0,243.95,-7.512,22.776,23.983
163,5.433,700.02,243.64,-5.359,15.707,16.596
164,5.467,699.7,243.49,-2.259,7.641,7.968
165,5.5,699.52,243.08,1.753,0.658,1.873
166,5.533,698.69,243.66,5.676,-5.332,7.788
167,5.567,698.91,243.19,6.788,-10.511,12.513
168,5.6,699.23,242.46,5.911,-14.639,15.787
169,5.633,699.38,242.55,2.767,-16.492,16.722
170,5.667,699.58,241.55,-0.894,-17.833,17.856
171,5.7,699.87,241.81,-4.399,-18.561,19.075
172,5.733,699.93,241.88,-8.157,-18.664,20.369
173,5.767,700.61,241.0,-11.58,-18.382,21.726
174,5.8,701.29,239.5,-14.516,-18.941,23.864
175,5.833,702.39,239.22,-17.297,-18.84,25.576
176,5.867,702.57,238.02,-19.56,-18.838,27.156
177,5.9,701.52,237.15,-21.132,-19.297,28.617
178,5.933,700.68,235.57,-22.342,-19.117,29.405
179,5.967,697.51,234.65,-23.075,-19.254,30.053
180,6.0,691.12,234.62,-22.96,-18.644,29.576
181,6.033,687.3,235.4,-22.109,-16.322,27.482
182,6.067,689.06,234.57,-20.284,-13.546,24.392
183,6.1,690.52,236.12,-16.216,-9.12,18.604
184,6.133,692.41,235.89,-10.497,-4.462,11.406
185,6.167,693.74,235.31,-4.534,-0.271,4.542
186,6.2,693.44,232.95,1.772,3.681,4.085
187,6.233,693.42,231.42,7.782,5.413,9.48
188,6.267,693.21,232.17,12.485,4.84,13.39
189,6.3,693.21,232.05,12.804,2.125,12.979
190,6.333,693.46,232.13,12.155,-0.889,12.187
191,6.367,693.06,233.1,9.101,-6.002,10.902
192,6.4,693.22,234.14,4.174,-11.262,12.011
193,6.433,693.86,233.76,-3.817,-16.668,17.1
194,6.467,694.36,236.29,-14.951,-22.168,26.738
195,6.5,694.56,236.97,-27.892,-28.062,39.566
196,6.533,695.01,235.31,-38.946,-34.313,51.905
197,6.567,696.03,234.13,-49.086,-41.624,64.358
198,6.6,692.74,229.7,-60.2,-48.033,77.015
199,6.633,688.53,226.94,-71.917,-54.815,90.425
200,6.667,685.81,223.65,-83.419,-61.892,103.872
201,6.7,681.41,219.78,-93.463,-67.14,115.079
202,6.733,676.44,218.25,-100.755,-69.071,122.157
203,6.767,672.44,216.98,-105.053,-66.811,124.499
204,6.8,674.77,216.81,-105.921,-61.274,122.368
205,6.833,669.81,213.86,-103.382,-51.843,115.652
206,6.867,665.65,213.99,-97.457,-39.463,105.144
207,6.9,659.44,211.5,-88.528,-25.836,92.221
208,6.933,656.08,208.76,-77.151,-12.117,78.096
209,6.967,653.03,207.21,-64.55,1.411,64.565
210,7.0,650.82,206.94,-51.628,12.851,53.203
211,7.033,646.82,207.01,-39.472,21.837,45.11
212,7.067,646.06,209.0,-29.471,28.755,41.176
213,7.1,646.69,209.84,-23.18,32.725,40.103
214,7.133,648.9,211.89,-18.82,34.326,39.147
215,7.167,650.75,217.04,-15.988,33.582,37.194
216,7.2,651.48,219.78,-14.892,31.179,34.553
217,7.233,651.79,222.52,-14.922,27.861,31.605
218,7.267,651.94,223.63,-15.296,23.08,27.689
219,7.3,651.5,223.94,-16.013,17.359,23.617
220,7.333,650.6,222.25,-20.649,9.866,22.885
221,7.367,648.52,220.43,-25.45,2.372,25.56
222,7.4,646.65,219.33,-30.6,-6.037,31.189
223,7.433,643.98,218.63,-34.145,-13.768,36.816
224,7.467,641.48,218.48,-36.903,-19.82,41.889
225,7.5,638.94,217.35,-38.468,-23.979,45.329
226,7.533,637.03,216.09,-38.469,-26.292,46.596
227,7.567,636.09,214.5,-35.761,-26.362,44.428
228,7.6,636.14,212.97,-31.033,-25.098,39.912
229,7.633,635.87,213.56,-25.142,-21.488,33.073
230,7.667,636.08,213.49,-19.267,-16.339,25.262
231,7.7,635.42,213.29,-14.106,-11.62,18.275
232,7.733,635.37,213.46,-9.05,-7.561,11.793
233,7.767,635.27,213.65,-4.722,-4.481,6.51
234,7.8,635.32,212.94,-1.564,-2.267,2.755
235,7.833,636.06,213.09,-0.261,-1.138,1.168
236,7.867,635.54,213.21,0.146,-0.31,0.343
237,7.9,635.59,213.08,0.182,0.412,0.45
238,7.933,635.13,213.05,0.545,0.802,0.97
239,7.967,635.21,212.93,1.133,1.198,1.648
240,8.0,635.35,212.93,1.503,1.363,2.029
241,8.033,634.8,213.11,1.973,1.714,2.614
242,8.067,634.95,213.12,2.706,2.341,3.579
243,8.1,634.48,213.64,3.371,2.874,4.429
244,8.133,634.41,213.28,3.428,4.23,5.445
245,8.167,634.47,213.27,2.754,5.046,5.749
246,8.2,635.24,212.85,1.84,5.354,5.662
247,8.233,634.71,213.56,1.175,5.344,5.471
248,8.267,634.84,213.52,0.601,4.968,5.004
249,8.3,635.25,213.41,0.153,4.122,4.124
250,8.333,637.44,213.63,-0.215,3.34,3.347
251,8.367,637.92,214.07,-1.059,2.356,2.583
252,8.4,638.24,214.77,-1.587,1.129,1.947
253,8.433,636.38,215.81,-2.224,-0.184,2.232
254,8.467,634.97,215.9,-2.499,-1.535,2.933
255,8.5,634.57,215.52,-2.363,-2.717,3.6
256,8.533,634.29,214.74,-1.892,-3.86,4.299
257,8.567,633.8,213.68,-1.397,-3.742,3.994
258,8.6,633.59,214.04,-0.639,-4.546,4.591
259,8.633,633.84,212.95,0.031,-6.594,6.594
260,8.667,635.17,212.56,1.172,-8.481,8.562
261,8.7,635.38,212.62,3.484,-10.102,10.686
262,8.733,635.59,212.6,5.647,-11.01,12.374
263,8.767,635.76,212.38,7.784,-11.098,13.555
264,8.8,635.99,212.29,10.078,-10.382,14.47
265,8.833,636.22,212.17,11.604,-8.973,14.668
266,8.867,636.88,211.96,12.218,-7.039,14.101
267,8.9,637.13,211.87,12.72,-4.042,13.347
268,8.933,637.91,211.84,12.195,-1.173,12.251
269,8.967,638.43,211.77,11.52,1.078,11.57
270,9.0,638.3,211.48,11.367,2.787,11.704
271,9.033,637.87,211.48,11.007,4.051,11.729
272,9.067,638.88,208.03,10.465,4.651,11.452
273,9.1,638.88,209.03,10.213,5.439,11.571
274,9.133,640.56,211.19,9.863,5.482,11.285
275,9.167,641.17,212.15,10.115,5.892,11.706
276,9.2,639.74,213.16,10.265,7.005,12.428
277,9.233,639.64,214.2,10.57,7.623,13.032
278,9.267,640.61,213.9,11.13,7.833,13.61
279,9.3,640.81,214.01,12.035,7.65,14.261
280,9.333,642.96,214.44,12.967,6.652,14.574
281,9.367,643.28,214.9,13.924,5.373,14.925
282,9.4,642.31,213.38,15.148,3.273,15.497
283,9.433,642.61,213.2,15.905,1.636,15.989
284,9.467,643.52,212.96,15.353,0.51,15.361
285,9.5,643.23,212.88,13.86,-0.463,13.868
286,9.533,643.82,212.84,12.401,-1.082,12.449
287,9.567,644.66,213.92,11.489,-1.616,11.602
288,9.6,645.16,214.01,10.154,0.146,10.155
289,9.633,646.85,214.78,8.911,1.982,9.129
290,9.667,646.99,214.76,6.612,3.832,7.642
291,9.7,647.08,213.1,4.125,5.207,6.643
292,9.733,647.32,213.09,1.872,5.839,6.132
293,9.767,647.18,212.89,-0.958,5.254,5.34
294,9.8,646.59,212.86,-4.603,3.932,6.054
295,9.833,646.32,213.93,-7.852,1.893,8.077
296,9.867,645.89,214.27,-11.739,-0.367,11.745
297,9.9,643.87,216.49,-15.286,-3.111,15.6
298,9.933,643.23,216.29,-17.788,-5.165,18.523
299,9.967,644.0,215.55,-19.789,-7.067,21.013
300,10.0,644.62,215.27,-21.645,-8.451,23.236
301,10.033,644.05,214.63,-22.602,-9.453,24.499
302,10.067,642.74,214.07,-22.894,-9.986,24.977
303,10.1,641.82,212.98,-22.661,-10.679,25.051
304,10.133,640.6,212.9,-21.996,-11.361,24.757
305,10.167,639.8,210.94,-21.239,-12.294,24.541
306,10.2,637.49,210.18,-19.868,-13.171,23.838
307,10.233,636.44,209.54,-18.083,-12.828,22.171
308,10.267,636.89,209.56,-15.887,-11.826,19.805
309,10.3,637.73,210.21,-13.267,-9.912,16.561
310,10.333,637.39,211.07,-10.749,-7.406,13.053
311,10.367,637.18,210.73,-8.389,-4.528,9.533
312,10.4,636.43,210.67,-6.24,-1.446,6.406
313,10.433,635.82,210.43,-2.851,0.377,2.876
314,10.467,635.66,210.52,1.261,1.997,2.362
315,10.5,635.9,210.11,5.667,3.439,6.629
316,10.533,636.16,210.01,9.074,4.467,10.114
317,10.567,636.47,209.87,11.634,5.084,12.696
318,10.6,636.91,209.8,13.801,5.303,14.785
319,10.633,638.07,210.3,15.327,5.276,16.209
320,10.667,638.5,210.72,16.422,4.546,17.04
321,10.7,638.86,211.24,16.546,4.198,17.07
322,10.733,639.48,211.48,16.776,3.965,17.238
323,10.767,639.56,211.72,16.885,3.916,17.333
324,10.8,639.38,211.66,16.417,3.99,16.894
325,10.833,640.64,212.21,14.571,3.824,15.064
326,10.867,641.85,211.8,12.311,3.147,12.707
327,10.9,643.45,211.84,9.727,2.406,10.02
328,10.933,643.87,212.29,7.313,1.474,7.46
329,10.967,644.03,212.06,4.928,0.725,4.981
330,11.0,642.58,212.03,2.604,-0.082,2.605
331,11.033,642.58,211.84,0.509,-0.673,0.843
332,11.067,642.73,211.8,-1.165,-0.995,1.532
333,11.1,642.43,211.52,-2.378,-1.035,2.593
334,11.133,642.07,211.54,-3.216,-0.691,3.29
335,11.167,641.4,211.61,-4.106,-0.279,4.115
336,11.2,641.51,211.64,-4.742,0.164,4.745
337,11.233,641.46,211.68,-4.891,0.542,4.921
338,11.267,641.46,211.92,-4.815,0.92,4.902
339,11.3,641.05,211.88,-4.103,1.22,4.281
340,11.333,641.76,211.88,-2.916,1.612,3.332
341,11.367,641.74,211.87,-1.705,1.723,2.424
342,11.4,641.55,212.02,-0.721,1.977,2.104
343,11.433,641.09,212.36,-0.339,2.232,2.257
344,11.467,641.31,212.22,-0.285,2.254,2.272
345,11.5,641.67,212.29,-0.737,2.128,2.252
346,11.533,641.71,212.43,-0.652,1.887,1.997
347,11.567,641.5,212.36,-0.719,1.525,1.686
348,11.6,641.26,212.43,-1.108,1.242,1.664
349,11.633,641.18,212.38,-1.527,1.046,1.851
350,11.667,641.24,212.42,-1.784,0.806,1.958
351,11.7,641.33,212.52,-1.751,0.551,1.836
352,11.733,641.03,212.54,-1.809,0.372,1.847
353,11.767,640.93,212.57,-1.781,0.204,1.793
354,11.8,640.45,212.65,-1.619,0.043,1.619
355,11.833,640.85,212.64,-0.972,-0.133,0.981
356,11.867,640.85,212.64,-0.964,-0.079,0.967
357,11.9,641.0,212.64,-0.846,0.019,0.846
358,11.933,640.88,212.54,-0.645,0.186,0.671
359,11.967,640.7,212.3,-0.231,0.208,0.311
360,12.0,640.88,212.47,0.151,0.302,0.337
361,12.033,640.66,212.44,0.369,0.425,0.562
362,12.067,640.7,212.71,0.401,0.434,0.591
363,12.1,640.92,212.47,0.628,0.595,0.865
364,12.133,641.01,212.48,0.411,0.528,0.669
365,12.167,640.8,212.62,0.357,0.599,0.697
366,12.2,640.81,212.73,0.546,0.77,0.944
367,12.233,641.05,212.71,0.64,0.941,1.138
368,12.267,641.1,212.86,0.478,1.174,1.268
369,12.3,640.98,212.8,0.635,1.286,1.435
370,12.333,640.46,213.07,1.062,1.573,1.898
371,12.367,641.17,212.82,0.787,1.919,2.074
372,12.4,640.95,212.95,0.31,2.21,2.232
373,12.433,640.89,212.88,-0.489,2.225,2.278
374,12.467,640.96,212.95,-1.36,2.156,2.549
375,12.5,640.92,213.03,-2.345,2.175,3.199
376,12.533,640.8,213.02,-3.188,2.195,3.871
377,12.567,640.9,213.23,-4.103,2.244,4.677
378,12.6,640.33,213.07,-4.721,2.068,5.154
379,12.633,641.35,213.65,-5.249,1.952,5.6
380,12.667,641.16,213.7,-5.505,1.793,5.789
381,12.7,640.38,213.7,-5.632,1.706,5.885
382,12.733,639.96,213.81,-4.928,1.615,5.186
383,12.767,640.32,213.78,-3.899,1.42,4.15
384,12.8,639.23,214.17,-2.486,0.999,2.679
385,12.833,638.42,213.78,-1.372,0.776,1.576
386,12.867,638.89,213.51,0.1,0.314,0.329
387,12.9,638.86,213.32,1.964,-0.022,1.964
388,12.933,639.07,213.64,4.5,-0.394,4.517
389,12.967,639.2,213.79,6.764,-0.706,6.801
390,13.0,639.82,213.85,8.353,-0.982,8.411
391,13.033,639.71,213.69,9.136,-1.152,9.208
392,13.067,640.68,213.56,9.559,-1.131,9.626
393,13.1,640.93,213.64,9.411,-1.166,9.483
394,13.133,641.5,213.67,9.341,-0.642,9.363
395,13.167,641.85,213.79,8.221,-0.537,8.238
396,13.2,643.02,213.49,6.488,-0.838,6.542
397,13.233,642.49,213.23,4.133,-1.155,4.291
398,13.267,642.36,213.3,1.457,-1.419,2.034
399,13.3,641.87,213.59,-1.912,-1.618,2.504
400,13.333,643.0,213.18,-5.456,-1.869,5.768
401,13.367,643.52,213.31,-8.737,-1.756,8.911
402,13.4,642.29,213.26,-12.097,-1.408,12.178
403,13.433,640.32,213.25,-15.152,-0.912,15.18
404,13.467,639.57,213.3,-17.631,-0.387,17.635
405,13.5,639.36,213.36,-18.946,-0.367,18.95
406,13.533,639.64,213.28,-19.851,-0.537,19.858
407,13.567,639.13,213.09,-19.492,-0.506,19.498
408,13.6,638.74,213.2,-18.708,-0.458,18.713
409,13.633,637.5,212.22,-16.662,-0.436,16.668
410,13.667,636.64,212.35,-13.874,-0.44,13.881
411,13.7,635.63,213.14,-10.752,-0.226,10.754
412,13.733,635.51,213.42,-7.798,0.144,7.799
413,13.767,634.88,213.51,-4.906,0.524,4.934
414,13.8,634.39,213.72,-1.81,0.886,2.015
415,13.833,634.85,213.63,2.582,1.158,2.83
416,13.867,635.27,213.25,6.396,1.461,6.561
417,13.9,635.92,213.02,9.749,1.915,9.936
418,13.933,636.91,212.93,13.023,2.627,13.285
419,13.967,637.72,212.44,16.7,3.226,17.009
420,14.0,637.65,213.24,20.25,3.701,20.585
421,14.033,638.86,213.69,23.236,4.032,23.583
422,14.067,639.3,213.6,25.202,4.259,25.559
423,14.1,640.51,213.91,26.423,4.274,26.766
424,14.133,640.43,214.2,26.383,3.768,26.651
425,14.167,640.64,214.58,26.19,3.621,26.439
426,14.2,641.67,214.17,25.463,3.408,25.69
427,14.233,642.52,214.14,24.342,2.983,24.524
428,14.267,644.86,214.52,22.717,2.35,22.838
429,14.3,646.67,214.74,20.503,1.335,20.546
430,14.333,646.15,214.77,18.342,0.113,18.342
431,14.367,647.0,215.3,15.707,-1.075,15.744
432,14.4,647.08,215.07,12.779,-2.339,12.991
433,14.433,647.42,214.46,9.754,-3.519,10.369
434,14.467,647.53,214.39,6.226,-4.593,7.737
435,14.5,647.57,214.16,2.465,-5.038,5.609
436,14.533,647.64,213.79,-0.955,-5.552,5.633
437,14.567,647.64,213.27,-4.227,-6.027,7.361
438,14.6,647.31,213.06,-7.079,-6.188,9.403
439,14.633,647.83,213.35,-9.612,-6.119,11.394
440,14.667,646.82,213.23,-11.308,-5.752,12.687
441,14.7,646.24,213.26,-12.126,-5.45,13.295
442,14.733,645.79,212.75,-11.941,-4.764,12.856
443,14.767,644.86,212.39,-10.384,-3.998,11.127
444,14.8,644.98,212.6,-8.942,-3.332,9.543
445,14.833,644.25,212.37,-7.252,-2.55,7.687
446,14.867,644.07,211.83,-5.17,-1.783,5.469
447,14.9,643.91,211.98,-3.941,-1.224,4.126
448,14.933,643.38,212.02,-2.083,-1.109,2.36
449,14.967,643.59,212.2,-0.908,-1.123,1.444
450,15.0,643.69,212.0,-0.494,-1.7,1.77
451,15.033,644.06,212.07,-1.138,-3.863,4.028
452,15.067,643.94,212.13,-2.219,-5.617,6.039
453,15.1,644.25,212.2,-3.633,-6.594,7.528
454,15.133,644.15,212.03,-5.65,-7.251,9.193
455,15.167,644.52,211.49,-8.76,-8.146,11.962
456,15.2,645.21,211.34,-11.546,-9.062,14.677
457,15.233,645.06,210.96,-13.321,-9.751,16.508
458,15.267,643.86,210.92,-14.853,-9.95,17.878
459,15.3,643.4,210.79,-15.928,-9.59,18.592
460,15.333,641.25,210.03,-17.287,-8.699,19.352
461,15.367,640.26,209.36,-18.408,-8.105,20.113
462,15.4,640.55,208.03,-19.159,-6.996,20.396
463,15.433,637.94,207.53,-19.272,-6.554,20.356
464,15.467,637.22,206.79,-17.898,-5.901,18.846
465,15.5,636.85,206.56,-15.613,-4.99,16.392
466,15.533,637.56,209.58,-12.866,-4.125,13.511
467,15.567,637.21,209.4,-9.774,-3.701,10.451
468,15.6,636.66,208.52,-6.649,-2.79,7.21
469,15.633,637.23,208.21,-3.632,-2.873,4.631
470,15.667,638.49,208.6,-1.562,-3.617,3.94
471,15.7,638.7,209.13,-0.164,-3.561,3.565
472,15.733,637.0,209.02,0.815,-2.507,2.636
473,15.767,636.51,208.88,1.959,-0.212,1.971
474,15.8,636.3,208.44,3.747,2.441,4.472
475,15.833,637.03,207.05,5.789,6.142,8.44
476,15.867,638.17,207.66,9.015,10.131,13.562
477,15.9,639.19,207.13,12.811,14.631,19.447
478,15.933,640.02,208.78,16.166,19.604,25.41
479,15.967,639.45,209.04,20.223,24.929,32.1
480,16.0,638.98,208.89,24.364,30.223,38.821
481,16.033,639.21,209.72,28.373,35.704,45.605
482,16.067,639.1,211.58,31.647,39.489,50.606
483,16.1,639.97,211.53,34.469,42.567,54.773
484,16.133,640.69,214.93,36.765,44.931,58.056
485,16.167,644.06,219.08,38.221,46.62,60.285
486,16.2,647.17,221.37,38.18,46.866,60.449
487,16.233,649.5,222.86,36.705,45.834,58.72
488,16.267,650.98,223.59,34.905,43.446,55.731
489,16.3,652.16,225.38,32.391,39.791,51.308
490,16.333,652.98,225.02,29.52,35.35,46.055
491,16.367,653.15,226.18,25.845,31.001,40.361
492,16.4,653.19,226.45,21.42,26.306,33.924
493,16.433,653.29,227.33,16.211,21.926,27.268
494,16.467,653.75,227.59,10.39,16.964,19.893
495,16.5,653.98,228.93,4.837,12.528,13.429
496,16.533,654.15,229.43,0.095,9.093,9.094
497,16.567,654.01,229.51,-3.924,6.675,7.743
498,16.6,653.8,229.37,-6.777,4.485,8.126
499,16.633,653.95,229.76,-8.525,4.316,9.555
500,16.667,653.41,229.5,-9.368,4.224,10.276
501,16.7,652.79,229.96,-10.829,4.409,11.692
502,16.733,652.51,229.6,-12.284,4.246,12.997
503,16.767,652.17,229.86,-12.957,3.743,13.487
504,16.8,652.3,230.28,-12.143,4.039,12.797
505,16.833,652.04,230.46,-8.555,4.303,9.576
506,16.867,652.22,230.61,-3.659,5.647,6.729
507,16.9,652.01,230.36,3.582,6.913,7.785
508,16.933,651.99,230.47,12.066,4.843,13.002
509,16.967,651.94,230.89,20.834,0.988,20.857
510,17.0,652.0,230.73,29.971,-2.621,30.086
511,17.033,651.79,230.8,36.049,-7.136,36.748
512,17.067,651.94,230.62,40.396,-10.464,41.729
513,17.1,652.57,231.62,44.196,-11.927,45.777
514,17.133,653.45,231.49,46.607,-12.701,48.307
515,17.167,656.25,232.3,44.738,-13.284,46.669
516,17.2,661.07,230.56,32.029,-18.783,37.13
517,17.233,665.57,230.56,26.359,-18.875,32.42
518,17.267,669.45,231.0,36.589,-9.321,37.758
519,17.3,672.55,229.39,46.214,0.821,46.221
520,17.333,671.99,227.38,54.714,11.414,55.891
521,17.367,673.32,224.07,61.844,22.811,65.917
522,17.4,671.52,220.57,65.017,32.719,72.786
523,17.433,670.29,225.81,65.803,41.643,77.873
524,17.467,669.65,229.87,65.076,50.67,82.477
525,17.5,666.76,231.69,63.639,58.526,86.459
526,17.533,670.95,235.93,61.967,65.88,90.443
527,17.567,673.34,237.12,60.736,70.771,93.26
528,17.6,673.37,236.83,58.773,72.893,93.635
529,17.633,675.05,239.25,56.872,71.786,91.585
530,17.667,684.47,243.0,55.989,67.943,88.04
531,17.7,717.66,262.99,55.03,60.361,81.681
532,17.733,719.11,263.58,52.771,50.14,72.793
533,17.767,692.0,250.64,49.085,37.833,61.973
534,17.8,691.17,251.72,43.216,23.167,49.034
535,17.833,689.75,251.95,35.398,7.95,36.279
536,17.867,688.15,250.07,26.746,-6.554,27.538
537,17.9,692.09,252.12,17.103,-18.769,25.392
538,17.933,694.71,253.57,8.468,-26.846,28.149
539,17.967,696.35,251.41,2.235,-33.779,33.853
540,18.0,696.95,249.98,-2.148,-39.59,39.648
541,18.033,696.75,245.95,-2.341,-42.435,42.499
542,18.067,695.56,244.47,-0.115,-43.887,43.887
543,18.1,697.44,243.6,4.194,-43.005,43.209
544,18.133,698.69,242.16,11.931,-38.958,40.743
545,18.167,698.61,240.36,23.447,-32.262,39.882
546,18.2,699.25,239.69,33.768,-23.574,41.182
547,18.233,699.91,240.32,27.151,-22.95,35.551
548,18.267,699.79,239.41,14.131,-24.264,28.079
549,18.3,700.63,239.35,10.957,-20.183,22.965
550,18.333,700.7,238.87,8.266,-15.946,17.962
551,18.367,702.26,238.1,6.733,-11.521,13.344
552,18.4,703.11,238.17,7.306,-6.196,9.58
553,18.433,703.92,238.38,7.247,-1.962,7.508
554,18.467,702.6,237.86,6.23,0.578,6.257
555,18.5,703.18,238.18,5.238,2.45,5.783
556,18.533,703.6,236.88,3.722,3.17,4.888
557,18.567,701.5,236.04,2.666,4.512,5.241
558,18.6,701.36,236.17,2.778,5.32,6.001
559,18.633,701.93,237.49,2.318,5.481,5.951
560,18.667,701.46,238.42,1.576,5.547,5.767
561,18.7,702.73,239.16,1.229,5.849,5.976
562,18.733,703.51,239.15,0.813,6.124,6.178
563,18.767,703.87,239.48,0.914,5.758,5.83
564,18.8,703.59,240.06,1.053,4.9,5.012
565,18.833,703.61,240.13,1.168,3.737,3.915
566,18.867,703.78,239.94,1.495,2.071,2.554
567,18.9,703.41,240.05,1.628,0.516,1.708
568,18.933,703.21,239.56,0.562,-1.089,1.226
569,18.967,704.01,238.91,-0.744,-2.573,2.678
570,19.0,702.88,238.73,-2.243,-4.081,4.656
571,19.033,703.54,238.85,-3.192,-4.998,5.931
572,19.067,703.14,238.37,-3.742,-5.386,6.558
573,19.1,702.72,238.6,-2.66,-5.048,5.706
574,19.133,703.12,238.72,-0.776,-3.985,4.06
575,19.167,703.22,238.43,1.562,-3.155,3.52
576,19.2,703.19,238.28,4.7,-2.447,5.299
577,19.233,703.65,237.94,7.511,-1.337,7.629
578,19.267,702.59,237.31,10.641,-0.463,10.651
579,19.3,703.33,237.95,13.765,0.799,13.788
580,19.333,703.52,237.66,17.738,1.226,17.781
581,19.367,704.08,238.46,21.199,1.417,21.246
582,19.4,703.77,238.87,24.88,1.033,24.901
583,19.433,706.16,239.1,28.157,0.915,28.172
584,19.467,706.7,238.69,30.983,1.251,31.009
585,19.5,710.03,239.48,32.111,1.718,32.156
586,19.533,710.59,238.03,32.268,1.766,32.317
587,19.567,711.09,238.34,31.084,2.105,31.155
588,19.6,711.68,238.66,29.686,2.893,29.827
589,19.633,712.57,238.44,26.73,3.52,26.961
590,19.667,713.37,238.95,22.396,4.119,22.771
591,19.7,714.46,239.41,16.789,4.261,17.321
592,19.733,716.24,238.37,10.38,4.511,11.318
593,19.767,716.52,239.17,3.829,4.984,6.285
594,19.8,717.17,238.15,-2.014,5.405,5.768
595,19.833,715.85,239.16,-7.254,5.703,9.227
596,19.867,716.46,239.46,-12.092,6.035,13.514
597,19.9,714.57,241.06,-16.207,6.456,17.445
598,19.933,713.6,240.61,-18.874,6.257,19.884
599,19.967,712.0,239.92,-20.486,4.798,21.041
600,20.0,711.42,240.03,-20.749,1.835,20.83
601,20.033,711.33,241.24,-21.92,-2.895,22.11
602,20.067,710.41,240.66,-22.527,-7.742,23.82
603,20.1,707.58,239.98,-22.242,-14.5,26.55
604,20.133,707.77,239.63,-20.418,-22.626,30.477
605,20.167,707.48,238.67,-18.323,-31.318,36.284
606,20.2,707.96,238.93,-15.209,-39.726,42.538
607,20.233,708.57,237.86,-12.065,-49.329,50.783
608,20.267,707.91,236.38,-8.786,-54.984,55.682
609,20.3,707.69,235.81,-5.222,-56.314,56.556
610,20.333,706.49,233.89,-3.054,-52.881,52.969
611,20.367,706.73,232.03,-1.877,-46.769,46.806
612,20.4,706.73,228.02,-1.437,-38.288,38.315
613,20.433,707.01,224.56,-1.259,-28.589,28.617
614,20.467,705.45,222.0,-3.087,-18.188,18.448
615,20.5,704.66,220.91,-5.428,-6.39,8.384
616,20.533,705.7,219.72,-8.764,5.629,10.416
617,20.567,706.37,217.94,-12.792,16.462,20.848
618,20.6,706.77,219.73,-16.818,26.503,31.389
619,20.633,705.49,222.39,-18.967,35.917,40.618
620,20.667,706.32,226.25,-20.162,43.842,48.256
621,20.7,705.3,229.7,-20.345,49.886,53.876
622,20.733,705.38,239.2,-20.815,53.644,57.54
623,20.767,703.25,241.79,-20.976,54.158,58.078
624,20.8,700.41,241.23,-20.977,51.463,55.574
625,20.833,699.52,240.13,-21.036,46.384,50.931
626,20.867,699.72,240.1,-20.511,39.355,44.379
627,20.9,696.95,240.09,-19.968,30.31,36.296
628,20.933,694.84,239.53,-19.209,21.153,28.573
629,20.967,696.23,240.89,-17.96,12.297,21.767
630,21.0,696.34,240.37,-15.892,4.97,16.651
631,21.033,697.48,240.44,-13.09,-0.458,13.098
632,21.067,698.18,241.06,-10.251,-3.491,10.829
633,21.1,698.79,241.53,-7.602,-2.918,8.143
634,21.133,698.29,240.77,-5.781,-0.235,5.786
635,21.167,697.0,240.3,-3.825,4.498,5.904
636,21.2,695.54,240.49,-2.822,9.986,10.377
637,21.233,695.91,239.22,-2.458,16.459,16.641
638,21.267,694.47,240.65,-3.006,18.884,19.122
639,21.3,694.31,243.17,-4.083,20.09,20.501
640,21.333,694.46,243.33,-3.318,20.244,20.514
641,21.367,694.74,243.86,-1.778,20.136,20.214
642,21.4,695.24,245.18,-0.778,19.742,19.757
643,21.433,695.62,246.19,1.281,19.334,19.376
644,21.467,694.79,248.2,3.861,18.73,19.124
645,21.5,695.07,248.98,3.959,17.358,17.803
646,21.533,695.35,248.9,2.354,16.004,16.176
647,21.567,694.97,249.02,-0.379,14.573,14.578
648,21.6,694.47,248.68,-4.269,12.383,13.098
649,21.633,694.94,249.0,-10.178,9.327,13.805
650,21.667,694.92,248.5,-17.252,6.231,18.342
651,21.7,694.63,248.87,-24.667,3.649,24.935
652,21.733,695.05,248.07,-31.823,1.079,31.841
653,21.767,694.59,249.15,-38.817,0.078,38.817
654,21.8,695.62,248.15,-44.819,-0.76,44.826
655,21.833,692.68,249.3,-50.022,-3.33,50.133
656,21.867,689.21,250.07,-54.109,-4.344,54.283
657,21.9,686.11,250.21,-56.828,-3.424,56.931
658,21.933,681.85,249.6,-58.258,-1.904,58.289
659,21.967,678.21,250.05,-58.083,-0.004,58.083
660,22.0,677.77,249.7,-55.206,1.336,55.222
661,22.033,677.62,249.24,-50.7,2.287,50.752
662,22.067,675.39,248.38,-44.777,3.604,44.922
663,22.1,673.07,248.26,-37.535,5.201,37.894
664,22.133,672.65,248.62,-28.868,6.99,29.702
665,22.167,672.2,249.07,-19.304,8.724,21.184
666,22.2,671.93,248.76,-9.016,10.894,14.141
667,22.233,672.08,249.5,1.284,12.538,12.603
668,22.267,671.57,249.31,10.08,14.61,17.75
669,22.3,672.1,250.05,17.038,15.894,23.3
670,22.333,673.21,254.37,20.497,17.51,26.958
671,22.367,674.33,254.7,22.241,17.921,28.563
672,22.4,675.44,253.46,22.528,17.709,28.655
673,22.433,676.96,253.48,21.704,16.372,27.186
674,22.467,678.06,253.8,20.57,13.391,24.545
675,22.5,677.94,254.51,19.438,9.504,21.637
676,22.533,678.67,255.61,16.523,6.283,17.677
677,22.567,679.33,255.78,12.049,1.367,12.126
678,22.6,680.43,255.59,7.406,-1.251,7.511
679,22.633,681.04,255.81,2.643,-2.136,3.398
680,22.667,680.72,255.65,-1.772,-4.466,4.805
681,22.7,679.54,254.89,-4.533,-9.77,10.771
682,22.733,678.41,255.05,-5.439,-12.078,13.246
683,22.767,678.15,254.28,-3.975,-12.722,13.329
684,22.8,678.13,253.86,-0.06,-11.593,11.593
685,22.833,678.74,252.86,5.954,-8.078,10.035
686,22.867,678.73,252.88,12.791,-5.057,13.754
687,22.9,679.02,251.38,20.552,-0.863,20.57
688,22.933,678.71,251.11,29.049,4.801,29.443
689,22.967,678.75,253.64,36.403,11.32,38.123
690,23.0,679.01,254.62,42.713,18.922,46.716
691,23.033,681.07,253.0,48.859,27.384,56.01
692,23.067,683.1,257.5,54.216,34.368,64.192
693,23.1,685.49,254.86,58.723,40.454,71.308
694,23.133,690.28,251.63,62.328,46.166,77.564
695,23.167,694.51,255.03,65.262,51.701,83.259
696,23.2,697.09,264.93,66.451,56.722,87.368
697,23.233,699.57,265.2,65.426,62.489,90.473
698,23.267,700.46,267.16,61.842,66.42,90.753
699,23.3,701.48,270.39,54.564,70.796,89.383
700,23.333,701.65,271.66,44.688,74.638,86.994
701,23.367,703.19,274.15,33.62,78.348,85.256
702,23.4,703.67,275.74,23.288,82.18,85.416
703,23.433,703.23,278.23,14.237,85.89,87.062
704,23.467,705.39,281.04,6.989,89.374,89.647
705,23.5,707.35,282.71,1.752,91.201,91.217
706,23.533,708.25,283.34,-1.313,91.529,91.538
707,23.567,709.06,287.88,-2.624,91.8,91.838
708,23.6,709.16,292.41,-2.305,88.632,88.662
709,23.633,707.38,296.5,-0.811,85.886,85.89
710,23.667,703.21,299.54,1.798,84.768,84.787
711,23.7,700.28,303.26,3.549,82.773,82.849
712,23.733,698.83,304.28,6.254,75.688,75.946
713,23.767,699.02,309.57,9.136,67.554,68.169
714,23.8,702.96,310.84,12.146,58.751,59.994
715,23.833,707.26,313.19,15.023,49.02,51.27
716,23.867,710.19,315.07,18.074,39.161,43.131
717,23.9,710.87,314.64,20.494,29.362,35.807
718,23.933,710.64,315.77,22.21,20.178,30.007
719,23.967,710.47,316.07,23.996,11.952,26.808
720,24.0,710.36,315.64,24.527,4.558,24.947
721,24.033,710.72,315.21,23.562,-0.709,23.573
722,24.067,710.86,314.46,20.967,-2.941,21.172
723,24.1,711.59,314.37,16.599,-3.962,17.066
724,24.133,713.53,313.37,10.633,-3.867,11.314
725,24.167,712.43,312.87,4.419,-3.707,5.768
726,24.2,714.66,312.65,-0.9,-1.559,1.8
727,24.233,713.58,313.44,-4.528,1.162,4.675
728,24.267,712.62,314.88,-6.169,5.751,8.434
729,24.3,712.34,315.25,-6.566,11.219,12.999
730,24.333,712.02,315.26,-6.816,16.707,18.044
731,24.367,711.59,316.25,-7.917,21.102,22.538
732,24.4,711.04,316.65,-9.737,23.983,25.884
733,24.433,711.35,317.76,-11.807,26.427,28.945
734,24.467,711.2,318.25,-13.051,27.05,30.034
735,24.5,710.93,319.33,-13.544,25.753,29.097
736,24.533,710.27,319.51,-13.088,23.668,27.046
737,24.567,710.07,319.96,-11.693,20.362,23.481
738,24.6,709.71,320.96,-9.448,15.784,18.396
739,24.633,709.26,321.62,-8.76,13.243,15.878
740,24.667,707.9,324.76,-8.018,8.833,11.929
741,24.7,708.07,324.51,-5.73,3.198,6.562
742,24.733,707.79,325.51,-3.805,-3.241,4.999
743,24.767,707.3,325.94,-0.737,-10.765,10.79
744,24.8,708.35,321.85,3.083,-18.378,18.635
745,24.833,708.22,320.86,7.093,-25.327,26.302
746,24.867,708.61,319.95,11.092,-31.388,33.29
747,24.9,708.89,319.06,14.802,-36.822,39.686
748,24.933,710.08,317.37,17.801,-40.778,44.494
749,24.967,710.19,316.51,20.11,-43.412,47.843
750,25.0,710.66,316.4,21.781,-44.525,49.567
751,25.033,710.91,314.53,22.615,-44.576,49.984
752,25.067,710.61,313.55,23.048,-42.652,48.481
753,25.1,710.45,313.71,22.537,-39.534,45.507
754,25.133,715.74,305.13,21.444,-35.548,41.515
755,25.167,716.92,304.97,19.895,-30.599,36.498
756,25.2,717.51,304.66,18.189,-26.612,32.234
757,25.233,718.01,304.81,16.066,-22.964,28.026
758,25.267,717.49,306.19,13.79,-19.924,24.231
759,25.3,717.21,305.72,11.931,-17.401,21.098
760,25.333,716.98,305.08,9.769,-14.194,17.231
761,25.367,716.64,305.12,7.42,-10.788,13.093
762,25.4,716.61,305.55,5.073,-7.252,8.85
763,25.433,717.66,305.3,3.247,-3.483,4.761
764,25.467,717.74,304.82,1.379,0.651,1.525
765,25.5,717.72,304.54,-0.123,4.356,4.358
766,25.533,718.03,304.71,-1.235,7.495,7.596
767,25.567,717.75,303.66,-1.791,11.058,11.202
768,25.6,718.17,303.89,-0.828,13.842,13.867
769,25.633,718.02,304.19,1.741,14.603,14.707
770,25.667,717.68,304.26,2.62,18.343,18.529
771,25.7,718.12,304.83,3.061,21.617,21.832
772,25.733,718.13,306.8,2.971,24.49,24.669
773,25.767,718.3,307.77,2.308,26.615,26.715
774,25.8,717.89,307.9,1.464,27.399,27.438
775,25.833,717.44,310.37,0.622,28.288,28.295
776,25.867,718.16,311.8,-0.31,29.196,29.198
777,25.9,718.58,313.16,-1.013,29.093,29.111
778,25.933,718.29,313.86,-1.627,27.968,28.015
779,25.967,718.18,314.71,-2.546,26.055,26.179
780,26.0,718.42,316.27,-3.487,23.418,23.676
781,26.033,718.6,316.67,-4.135,20.172,20.592
782,26.067,719.02,315.67,-4.704,16.515,17.172
783,26.1,718.32,315.48,-4.976,12.916,13.842
784,26.133,717.54,315.88,-5.125,9.096,10.44
785,26.167,717.16,315.74,-4.871,4.866,6.886
786,26.2,716.67,316.26,-4.14,1.019,4.264
787,26.233,716.53,316.86,-3.341,-2.282,4.046
788,26.267,716.35,317.89,-2.382,-5.613,6.097
789,26.3,716.46,318.67,-1.385,-8.513,8.625
790,26.333,716.24,317.58,-0.145,-10.136,10.137
791,26.367,716.47,316.27,1.456,-11.567,11.658
792,26.4,716.5,316.22,2.767,-12.406,12.711
793,26.433,716.92,315.57,3.76,-12.928,13.463
794,26.467,717.11,314.85,4.548,-13.013,13.784
795,26.5,717.64,314.4,5.166,-12.549,13.571
796,26.533,717.74,313.87,5.45,-12.14,13.307
797,26.567,717.94,312.58,5.378,-11.602,12.788
798,26.6,718.36,311.95,4.514,-10.311,11.256
799,26.633,718.48,311.38,3.551,-8.559,9.266
800,26.667,718.42,311.93,2.518,-6.484,6.956
801,26.7,718.4,312.04,1.486,-3.878,4.153
802,26.733,718.34,312.15,0.591,-1.13,1.275
803,26.767,718.29,312.41,-0.282,1.564,1.589
804,26.8,718.14,312.94,-1.036,3.58,3.727
805,26.833,718.07,313.11,-1.763,4.6,4.926
806,26.867,717.9,313.29,-2.252,5.485,5.929
807,26.9,717.77,313.15,-2.631,6.354,6.877
808,26.933,717.58,313.33,-2.715,6.59,7.127
809,26.967,717.78,313.79,-2.793,6.534,7.106
810,27.0,717.81,313.7,-2.561,6.125,6.639
811,27.033,717.72,313.55,-2.403,5.351,5.866
812,27.067,717.48,313.59,-2.127,4.372,4.862
813,27.1,717.66,313.84,-1.77,3.536,3.954
814,27.133,717.46,314.31,-1.514,2.626,3.031
815,27.167,717.57,314.48,-1.247,2.011,2.366
816,27.2,717.41,314.6,-1.09,1.681,2.004
817,27.233,717.25,314.68,-0.893,1.613,1.844
818,27.267,717.18,314.56,-0.936,1.766,1.999
819,27.3,717.12,314.59,-1.201,1.831,2.189
820,27.333,717.11,314.73,-1.389,1.679,2.179
821,27.367,717.16,314.58,-1.484,1.13,1.865
822,27.4,717.22,314.56,-1.232,0.303,1.269
823,27.433,717.16,314.63,-0.975,-0.276,1.013
824,27.467,717.37,314.44,-0.794,0.03,0.794
825,27.5,717.13,314.54,-0.294,0.086,0.306
826,27.533,717.21,314.51,0.19,0.849,0.87
827,27.567,717.23,314.28,0.538,1.91,1.984
828,27.6,717.18,314.45,1.366,2.353,2.72
829,27.633,717.12,315.14,2.132,2.744,3.475
830,27.667,716.9,315.65,3.196,2.745,4.213
831,27.7,717.06,315.11,4.275,2.288,4.849
832,27.733,716.83,314.74,5.927,0.345,5.937
833,27.767,717.29,314.31,7.063,-1.253,7.173
834,27.8,717.93,314.33,7.211,-2.118,7.515
835,27.833,718.24,314.27,6.961,-2.922,7.549
836,27.867,718.49,315.08,6.669,-3.964,7.758
837,27.9,718.23,316.04,6.488,-5.357,8.414
838,27.933,718.63,316.52,5.961,-6.659,8.937
839,27.967,719.57,315.06,5.297,-7.399,9.1
840,28.0,719.26,315.23,4.319,-8.01,9.1
841,28.033,719.61,313.51,3.2,-8.526,9.107
842,28.067,720.45,312.17,2.15,-8.76,9.02
843,28.1,720.15,312.63,0.537,-8.248,8.265
844,28.133,720.37,311.8,-0.913,-7.52,7.575
845,28.167,719.98,311.2,-2.355,-6.826,7.221
846,28.2,719.55,310.94,-3.734,-6.187,7.226
847,28.233,717.54,313.7,-5.339,-4.673,7.095
848,28.267,717.42,313.28,-6.257,-2.987,6.933
849,28.3,718.64,311.84,-6.533,-0.713,6.572
850,28.333,719.12,311.35,-6.636,1.492,6.801
851,28.367,718.92,311.37,-7.056,3.515,7.883
852,28.4,718.09,312.35,-7.375,5.12,8.978
853,28.433,718.06,312.72,-7.114,4.882,8.628
854,28.467,717.74,311.96,-6.444,3.766,7.464
855,28.5,717.46,312.36,-5.933,2.666,6.505
856,28.533,717.35,312.84,-5.063,0.914,5.145
857,28.567,716.45,313.25,-4.165,-0.544,4.2
858,28.6,717.06,312.94,-3.595,-1.693,3.974
859,28.633,716.43,313.34,-2.853,-2.923,4.085
860,28.667,716.21,313.62,-2.528,-3.889,4.638
861,28.7,716.35,313.77,-2.485,-4.37,5.027
862,28.733,717.26,312.55,-2.604,-3.973,4.75
863,28.767,717.05,312.42,-1.709,-4.725,5.024
864,28.8,716.11,311.31,-0.401,-5.47,5.484
865,28.833,715.55,310.88,0.384,-5.606,5.619
866,28.867,716.43,310.68,0.805,-5.659,5.716
867,28.9,716.81,309.69,0.776,-5.271,5.328
868,28.933,716.89,311.27,0.819,-4.684,4.755
869,28.967,716.64,311.16,0.821,-4.144,4.225
870,29.0,716.71,311.11,0.712,-3.348,3.423
871,29.033,716.77,310.94,0.974,-2.595,2.771
872,29.067,716.83,310.88,0.82,-1.481,1.693
873,29.1,716.73,311.25,0.701,-0.198,0.729
874,29.133,716.28,310.9,0.366,0.685,0.776
875,29.167,716.33,311.25,-0.103,1.686,1.689
876,29.2,716.66,311.49,-0.075,2.437,2.438
877,29.233,716.98,310.77,-0.204,2.324,2.333
878,29.267,716.92,310.53,-0.862,1.952,2.134
879,29.3,716.64,310.32,-1.217,1.072,1.622
880,29.333,716.58,310.3,-1.355,0.679,1.516
881,29.367,716.32,311.26,-0.758,0.104,0.765
882,29.4,716.75,311.41,-0.428,-0.351,0.554
883,29.433,716.98,310.8,-0.214,-0.264,0.34
884,29.467,716.73,310.81,0.066,-0.438,0.443
885,29.5,716.85,311.6,0.405,-0.573,0.702
886,29.533,715.73,312.26,0.738,-0.926,1.184
887,29.567,715.96,311.67,1.073,-1.391,1.757
888,29.6,716.48,310.84,1.181,-1.485,1.898
889,29.633,716.16,311.81,0.842,-1.042,1.339
890,29.667,717.03,310.8,0.908,-0.673,1.13
891,29.7,716.46,309.88,1.075,-0.548,1.207
892,29.733,716.91,309.95,0.976,-0.706,1.205
893,29.767,717.29,310.43,0.876,-0.666,1.101
894,29.8,716.76,310.82,0.867,-0.841,1.208
895,29.833,717.38,310.29,0.6,-0.124,0.613
896,29.867,716.95,310.9,0.361,0.972,1.037
897,29.9,717.07,310.99,0.092,1.96,1.962
898,29.933,717.09,311.45,-0.386,3.543,3.564
899,29.967,716.8,310.9,-0.906,5.56,5.634
900,30.0,716.8,310.88,-1.191,7.224,7.322
901,30.033,716.61,311.52,-1.29,7.874,7.979
902,30.067,716.25,312.44,-0.254,6.998,7.002
903,30.1,716.28,312.43,0.955,5.903,5.98
904,30.133,717.2,311.13,2.102,4.831,5.268
905,30.167,716.96,311.56,3.853,2.459,4.571
906,30.2,716.88,311.8,5.198,0.285,5.206
907,30.233,717.29,312.13,6.186,-0.592,6.214
908,30.267,716.99,312.65,6.522,-1.068,6.609
909,30.3,716.59,314.22,6.443,-1.387,6.591
910,30.333,717.28,313.64,6.366,-1.857,6.632
911,30.367,717.44,313.78,5.651,-1.705,5.902
912,30.4,718.18,313.59,5.036,-1.85,5.365
913,30.433,718.85,311.82,3.874,-1.637,4.205
914,30.467,719.32,310.47,2.264,-1.25,2.586
915,30.5,719.74,309.99,0.887,-0.696,1.128
916,30.533,719.84,309.96,-0.931,0.52,1.067
917,30.567,719.1,311.19,-2.334,1.321,2.682
918,30.6,718.98,311.23,-3.741,1.993,4.239
919,30.633,718.74,311.44,-4.508,2.116,4.98
920,30.667,717.53,313.08,-5.627,3.091,6.42
921,30.7,716.66,314.13,-6.496,4.144,7.705
922,30.733,717.03,313.18,-7.001,5.26,8.757
923,30.767,717.32,313.06,-7.253,6.126,9.494
924,30.8,717.05,312.87,-7.363,6.918,10.103
925,30.833,716.81,313.28,-7.006,6.938,9.86
926,30.867,716.77,313.09,-5.981,6.413,8.77
927,30.9,716.07,313.85,-4.674,5.136,6.944
928,30.933,716.3,313.71,-3.123,3.045,4.362
929,30.967,716.68,313.27,-1.894,1.479,2.403
930,31.0,716.06,313.93,-0.493,0.165,0.519
931,31.033,716.81,313.13,0.69,-0.804,1.059
932,31.067,716.17,313.79,1.458,-1.285,1.944
933,31.1,716.9,313.17,2.195,-1.755,2.81
934,31.133,716.12,314.18,2.326,-1.381,2.705
935,31.167,716.32,314.02,2.312,-0.942,2.496
936,31.2,716.47,313.89,2.738,-1.274,3.019
937,31.233,716.43,313.77,3.392,-2.328,4.114
938,31.267,716.08,314.12,3.413,-2.538,4.253
939,31.3,716.86,313.64,3.165,-2.457,4.007
940,31.333,717.73,312.61,2.761,-2.086,3.46
941,31.367,717.1,312.68,2.152,-1.893,2.866
942,31.4,717.57,312.53,1.297,-1.478,1.967
943,31.433,717.35,312.82,0.427,-0.863,0.963
944,31.467,718.07,312.31,-0.224,-0.779,0.811
945,31.5,717.51,312.88,-0.895,-0.397,0.979
946,31.533,717.16,313.31,-1.26,-0.521,1.363
947,31.567,717.09,313.51,-1.668,0.033,1.668
948,31.6,716.93,313.4,-1.833,-0.576,1.922
949,31.633,717.48,312.26,-2.128,-0.72,2.247
950,31.667,717.13,312.53,-1.808,-1.406,2.29
951,31.7,716.47,313.06,-1.194,-2.164,2.472
952,31.733,716.19,313.75,-0.586,-3.654,3.7
953,31.767,716.68,313.06,0.15,-5.115,5.117
954,31.8,716.39,312.71,1.369,-6.879,7.013
955,31.833,716.32,312.42,2.605,-8.816,9.192
956,31.867,716.5,312.48,3.356,-10.274,10.808
957,31.9,716.78,312.3,3.507,-10.452,11.025
958,31.933,717.71,310.7,3.431,-10.242,10.802
959,31.967,717.54,311.24,4.125,-10.328,11.122
960,32.0,717.48,310.59,3.555,-9.078,9.749
961,32.033,717.86,310.39,2.843,-7.692,8.2
962,32.067,717.55,308.97,0.874,-5.385,5.455
963,32.1,718.03,310.15,-1.207,-2.904,3.145
964,32.133,717.98,309.49,-3.91,0.133,3.912
965,32.167,717.77,309.1,-7.101,3.699,8.007
966,32.2,717.24,308.61,-11.022,7.578,13.376
967,32.233,717.2,309.86,-14.257,10.951,17.978
968,32.267,717.05,309.97,-16.545,13.184,21.155
969,32.3,716.47,310.36,-18.078,14.816,23.374
970,32.333,715.32,311.72,-18.665,15.743,24.418
971,32.367,714.37,313.23,-18.602,16.325,24.75
972,32.4,715.26,312.09,-17.944,16.194,24.171
973,32.433,714.48,312.84,-16.603,15.167,22.487
974,32.467,711.46,315.1,-14.649,13.663,20.032
975,32.5,711.16,315.01,-11.924,11.05,16.256
976,32.533,709.65,316.31,-8.196,7.701,11.247
977,32.567,710.85,315.51,-4.141,3.458,5.395
978,32.6,709.96,315.8,0.61,-0.535,0.811
979,32.633,710.62,315.02,5.221,-4.762,7.066
980,32.667,710.7,315.1,9.513,-8.235,12.582
981,32.7,712.97,313.9,13.431,-11.314,17.562
982,32.733,713.67,313.31,16.83,-13.457,21.549
983,32.767,713.96,313.25,18.659,-14.525,23.646
984,32.8,713.87,313.23,19.81,-14.936,24.81
985,32.833,714.12,313.17,20.065,-14.578,24.801
986,32.867,715.11,312.07,19.493,-13.719,23.837
987,32.9,716.35,310.85,18.231,-12.834,22.295
988,32.933,717.56,309.82,15.015,-10.292,18.204
989,32.967,717.96,309.69,10.882,-6.746,12.803
990,33.0,718.74,309.16,8.041,-4.344,9.139
991,33.033,718.59,309.32,5.787,-2.72,6.394
992,33.067,718.81,310.16,4.403,-1.673,4.71
993,33.1,718.27,311.0,2.359,-0.134,2.363
994,33.133,717.92,310.81,1.375,1.477,2.018
995,33.167,717.7,310.43,1.346,3.711,3.947
996,33.2,717.14,311.27,1.797,6.463,6.708
997,33.233,716.72,312.06,2.057,9.998,10.207
998,33.267,718.0,310.85,2.213,13.395,13.577
999,33.3,717.3,311.5,2.062,15.819,15.953
1000,33.333,717.04,312.1,2.422,16.669,16.844
1001,33.367,717.35,312.24,2.859,15.146,15.413
1002,33.4,717.67,312.71,3.554,11.877,12.398
1003,33.433,719.05,312.29,3.055,7.839,8.413
1004,33.467,720.25,311.05,2.32,3.493,4.193
1005,33.5,719.99,311.99,1.5,-1.192,1.916
1006,33.533,718.97,314.69,0.078,-5.746,5.747
1007,33.567,718.91,315.8,-1.335,-9.95,10.039
1008,33.6,719.95,316.47,-2.778,-14.443,14.708
1009,33.633,719.86,316.63,-4.66,-18.99,19.554
1010,33.667,718.45,316.07,-6.093,-22.329,23.146
1011,33.7,718.5,313.77,-7.308,-24.668,25.728
1012,33.733,717.33,310.79,-7.73,-25.792,26.926
1013,33.767,716.77,308.11,-7.222,-25.738,26.732
1014,33.8,717.16,305.77,-6.731,-23.606,24.547
1015,33.833,716.48,304.02,-5.393,-20.549,21.245
1016,33.867,716.63,304.07,-3.346,-16.786,17.116
1017,33.9,715.58,304.85,-1.23,-12.035,12.098
1018,33.933,717.33,304.98,1.063,-7.371,7.447
1019,33.967,717.09,305.13,3.132,-1.95,3.689
1020,34.0,716.96,305.4,4.593,4.46,6.402
1021,34.033,717.38,305.99,5.516,10.929,12.242
1022,34.067,717.4,306.25,6.745,15.901,17.272
1023,34.1,716.99,307.79,7.681,19.598,21.049
1024,34.133,718.55,309.45,7.585,21.413,22.716
1025,34.167,718.62,309.89,7.137,20.907,22.092
1026,34.2,719.29,311.6,6.07,18.859,19.812
1027,34.233,719.42,311.9,4.68,15.351,16.048
1028,34.267,719.31,311.69,3.435,11.653,12.148
1029,34.3,719.17,311.29,2.361,8.094,8.432
1030,34.333,718.9,311.31,1.105,5.225,5.34
1031,34.367,718.54,311.31,0.125,3.425,3.427
1032,34.4,719.03,310.56,-0.688,3.481,3.548
1033,34.433,719.33,311.32,-0.531,3.265,3.308
1034,34.467,718.91,311.01,-0.833,3.44,3.539
1035,34.5,718.45,311.13,0.286,3.324,3.337
1036,34.533,718.88,310.85,0.8,3.322,3.417
1037,34.567,718.45,310.78,0.6,3.068,3.126
1038,34.6,718.33,310.23,-0.608,3.329,3.384
1039,34.633,718.29,310.24,-0.274,-0.425,0.505
1040,34.667,717.28,311.0,-1.817,-8.41,8.604
1041,34.7,718.49,310.22,-4.341,-18.536,19.038
1042,34.733,718.11,311.09,-8.975,-31.968,33.204
1043,34.767,718.13,310.94,-15.385,-46.02,48.523
1044,34.8,717.92,310.88,-22.564,-59.172,63.328
1045,34.833,717.51,310.43,-29.272,-69.421,75.34
1046,34.867,717.24,309.45,-36.547,-76.578,84.852
1047,34.9,716.44,304.4,-42.913,-79.366,90.225
1048,34.933,715.16,301.78,-49.431,-78.561,92.819
1049,34.967,713.61,297.47,-55.127,-76.021,93.905
1050,35.0,708.53,293.86,-59.658,-72.21,93.666
1051,35.033,706.76,288.55,-64.167,-67.654,93.244
1052,35.067,704.55,282.57,-70.119,-63.875,94.851
1053,35.1,703.46,273.66,-75.886,-59.248,96.276
1054,35.133,696.72,272.82,-81.84,-54.854,98.522
1055,35.167,694.0,274.34,-88.944,-51.945,103.002
1056,35.2,690.48,274.97,-95.592,-50.47,108.097
1057,35.233,688.96,279.37,-102.245,-49.625,113.652
1058,35.267,688.13,282.13,-107.557,-51.681,119.329
1059,35.3,686.3,284.24,-111.313,-55.601,124.427
1060,35.333,681.95,283.29,-114.428,-65.138,131.669
1061,35.367,680.11,281.3,-117.321,-77.121,140.399
1062,35.4,675.51,275.0,-118.996,-89.89,149.132
1063,35.433,672.05,268.87,-118.902,-100.67,155.795
1064,35.467,666.04,263.24,-116.798,-110.044,160.472
1065,35.5,658.82,258.12,-113.3,-117.056,162.908
1066,35.533,653.47,252.48,-106.366,-121.1,161.18
1067,35.567,650.82,250.06,-97.271,-121.159,155.374
1068,35.6,646.24,243.44,-86.57,-116.501,145.145
1069,35.633,642.62,238.57,-75.001,-104.672,128.768
1070,35.667,642.34,235.79,-60.799,-88.38,107.273
1071,35.7,641.7,231.99,-45.728,-69.87,83.503
1072,35.733,641.12,227.53,-30.185,-50.22,58.593
1073,35.767,639.89,226.16,-14.956,-32.124,35.434
1074,35.8,638.07,223.61,-1.495,-16.05,16.119
1075,35.833,638.76,230.83,8.67,-3.597,9.387
1076,35.867,641.78,234.62,17.226,4.822,17.888
1077,35.9,643.45,236.34,22.171,8.835,23.867
1078,35.933,644.44,237.17,24.748,10.139,26.745
1079,35.967,644.83,237.64,24.166,8.54,25.631
1080,36.0,646.18,238.24,20.86,4.521,21.344
1081,36.033,646.89,237.16,17.883,-1.518,17.947
1082,36.067,646.69,235.76,12.963,-6.946,14.707
1083,36.1,646.79,234.44,5.295,-13.114,14.143
1084,36.133,645.36,233.16,-5.272,-16.78,17.588
1085,36.167,644.93,230.62,-14.959,-18.693,23.942
1086,36.2,643.93,228.87,-26.722,-18.599,32.557
1087,36.233,643.63,228.79,-40.566,-17.354,44.122
1088,36.267,641.5,228.32,-56.679,-13.675,58.306
1089,36.3,639.04,226.8,-73.127,-9.177,73.701
1090,36.333,638.65,225.54,-89.381,-3.29,89.442
1091,36.367,635.94,225.37,-105.727,-0.007,105.727
1092,36.4,633.28,225.35,-122.997,1.075,123.002
1093,36.433,629.05,225.82,-140.542,-1.477,140.55
1094,36.467,623.79,228.05,-156.699,-5.389,156.791
1095,36.5,619.49,230.81,-169.949,-9.676,170.224
1096,36.533,609.86,234.38,-180.523,-14.597,181.113
1097,36.567,603.26,234.48,-190.225,-19.368,191.208
1098,36.6,596.04,234.35,-199.218,-23.782,200.633
1099,36.633,592.62,231.54,-206.887,-27.942,208.765
1100,36.667,581.69,229.15,-213.086,-31.846,215.452
1101,36.7,573.42,223.65,-216.09,-34.362,218.805
1102,36.733,565.85,220.7,-217.363,-35.666,220.269
1103,36.767,559.94,216.88,-216.105,-37.292,219.299
1104,36.8,552.22,214.63,-212.192,-39.418,215.822
1105,36.833,546.14,214.38,-206.761,-40.744,210.737
1106,36.867,540.48,212.79,-200.496,-42.068,204.861
1107,36.9,535.51,211.56,-192.765,-42.877,197.476
1108,36.933,531.64,215.61,-183.693,-42.476,188.54
1109,36.967,526.09,216.87,-174.037,-40.844,178.766
1110,37.0,518.06,216.32,-160.316,-37.965,164.75
1111,37.033,508.52,215.47,-147.499,-35.349,151.676
1112,37.067,502.78,214.04,-133.884,-34.069,138.151
1113,37.1,499.27,212.2,-120.858,-33.355,125.377
1114,37.133,495.32,210.28,-108.702,-33.52,113.752
1115,37.167,494.12,208.14,-99.923,-34.461,105.698
1116,37.2,489.14,204.88,-91.577,-35.493,98.214
1117,37.233,488.07,201.24,-83.125,-34.817,90.122
1118,37.267,484.65,199.15,-74.436,-33.084,81.457
1119,37.3,482.2,198.23,-66.201,-29.324,72.405
1120,37.333,482.9,196.52,-57.641,-23.974,62.428
1121,37.367,482.91,197.97,-48.864,-17.974,52.065
1122,37.4,482.95,199.26,-40.356,-10.656,41.739
1123,37.433,481.91,200.3,-32.361,-2.187,32.435
1124,37.467,482.76,201.79,-26.134,4.283,26.483
1125,37.5,474.5,201.2,-21.614,9.008,23.415
1126,37.533,472.19,201.83,-17.316,12.29,21.234
1127,37.567,470.95,201.87,-11.001,14.102,17.885
1128,37.6,469.82,201.83,-4.591,14.561,15.268
1129,37.633,469.77,201.3,0.375,13.882,13.887
1130,37.667,470.58,202.9,4.927,12.185,13.143
1131,37.7,473.5,202.98,7.06,9.301,11.677
1132,37.733,474.75,203.15,8.732,6.131,10.669
1133,37.767,475.81,203.28,8.024,4.019,8.975
1134,37.8,476.84,203.08,6.383,2.627,6.902
1135,37.833,478.31,203.04,4.979,1.82,5.301
1136,37.867,478.58,203.02,2.967,2.113,3.642
1137,37.9,478.96,202.82,0.171,2.588,2.594
1138,37.933,478.23,202.79,-3.42,2.429,4.195
1139,37.967,477.51,202.88,-7.298,1.943,7.553
1140,38.0,477.19,203.16,-11.678,0.581,11.692
1141,38.033,476.38,203.59,-12.479,-0.582,12.492
1142,38.067,473.38,203.79,-11.877,-2.222,12.083
1143,38.1,471.51,203.88,-9.686,-3.379,10.258
1144,38.133,471.13,203.69,-6.3,-4.678,7.847
1145,38.167,469.36,203.17,-2.016,-5.697,6.043
1146,38.2,469.06,203.42,3.413,-7.29,8.049
1147,38.233,469.32,203.82,8.876,-9.579,13.059
1148,38.267,471.29,203.08,13.978,-10.757,17.638
1149,38.3,474.43,202.6,18.266,-11.188,21.42
1150,38.333,476.26,201.91,21.7,-10.514,24.113
1151,38.367,477.14,201.75,22.294,-7.667,23.576
1152,38.4,478.68,200.62,20.875,-3.872,21.231
1153,38.433,479.91,201.0,17.146,0.394,17.151
1154,38.467,480.87,200.88,10.7,6.617,12.581
1155,38.5,479.09,201.19,3.039,13.573,13.909
1156,38.533,478.09,201.48,-7.149,22.329,23.445
1157,38.567,477.71,202.46,-18.464,32.196,37.115
1158,38.6,476.32,202.1,-28.629,42.028,50.852
1159,38.633,476.05,203.5,-38.673,51.661,64.533
1160,38.667,475.9,205.5,-48.32,61.555,78.255
1161,38.7,474.17,207.86,-57.132,70.561,90.791
1162,38.733,470.99,213.06,-64.959,78.596,101.966
1163,38.767,468.34,215.44,-72.226,88.071,113.9
1164,38.8,465.51,219.05,-79.794,97.766,126.196
1165,38.833,461.27,222.94,-86.66,108.07,138.525
1166,38.867,459.53,224.43,-91.457,117.738,149.086
1167,38.9,456.55,228.34,-93.687,126.185,157.162
1168,38.933,453.39,234.3,-93.903,133.067,162.863
1169,38.967,452.32,237.35,-92.405,136.847,165.124
1170,39.0,448.42,242.88,-89.446,138.003,164.455
1171,39.033,447.16,245.68,-84.296,136.555,160.478
1172,39.067,444.05,248.64,-77.292,133.104,153.918
1173,39.1,438.81,253.59,-68.985,127.197,144.699
1174,39.133,435.73,258.89,-59.179,120.615,134.351
1175,39.167,431.63,263.18,-49.658,112.689,123.145
1176,39.2,429.39,270.45,-40.704,103.301,111.031
1177,39.233,427.43,277.86,-32.136,92.347,97.779
1178,39.267,427.98,278.74,-23.183,80.058,83.348
1179,39.3,431.26,281.2,-15.026,67.586,69.236
1180,39.333,432.78,280.64,-7.632,55.624,56.145
1181,39.367,432.91,280.85,-0.363,42.651,42.653
1182,39.4,432.82,280.05,5.78,30.28,30.827
1183,39.433,432.81,279.76,11.583,18.147,21.529
1184,39.467,432.91,280.85,15.902,5.317,16.767
1185,39.5,432.71,281.45,18.121,-6.132,19.131
1186,39.533,433.18,281.82,19.146,-16.623,25.355
1187,39.567,433.46,281.17,18.357,-24.452,30.576
1188,39.6,433.52,281.19,15.416,-28.458,32.365
1189,39.633,433.16,279.55,12.463,-29.741,32.247
1190,39.667,434.57,278.43,9.839,-30.318,31.875
1191,39.7,435.27,277.94,8.51,-29.118,30.337
1192,39.733,435.88,278.82,8.71,-28.996,30.276
1193,39.767,435.42,276.86,10.908,-31.142,32.997
1194,39.8,436.36,275.25,14.197,-32.484,35.451
1195,39.833,437.06,270.98,15.572,-34.617,37.958
1196,39.867,437.91,269.66,16.318,-34.84,38.472
1197,39.9,438.13,268.96,16.496,-34.188,37.96
1198,39.933,436.93,268.59,15.915,-33.281,36.891
1199,39.967,438.1,269.2,15.46,-30.649,34.328
1200,40.0,438.15,269.61,14.25,-27.347,30.837
1201,40.033,439.02,269.36,12.909,-23.73,27.014
1202,40.067,438.44,268.82,10.943,-19.702,22.537
1203,40.1,440.56,266.18,8.993,-15.644,18.045
1204,40.133,442.14,263.25,7.004,-12.09,13.973
1205,40.167,442.45,263.61,5.129,-8.214,9.684
1206,40.2,443.12,262.41,3.267,-4.696,5.721
1207,40.233,442.76,263.1,1.38,-1.719,2.204
1208,40.267,441.79,264.18,-0.143,-0.888,0.899
1209,40.3,440.1,264.12,-1.106,-0.622,1.269
1210,40.333,441.19,265.72,-2.037,-1.154,2.341
1211,40.367,440.31,264.28,-2.723,-0.945,2.882
1212,40.4,440.09,263.88,-2.924,-1.019,3.096
1213,40.433,440.73,266.41,-2.982,-1.371,3.282
1214,40.467,439.44,265.93,-2.265,-1.702,2.833
1215,40.5,439.94,265.57,-1.233,-2.942,3.19
1216,40.533,439.84,265.46,0.174,-5.102,5.105
1217,40.567,440.5,264.26,2.913,-8.341,8.835
1218,40.6,440.22,264.01,6.103,-11.745,13.237
1219,40.633,440.5,263.59,8.262,-14.706,16.868
1220,40.667,441.64,262.51,9.149,-15.885,18.331
1221,40.7,441.53,262.11,8.822,-16.602,18.8
1222,40.733,442.0,261.05,6.173,-15.915,17.07
1223,40.767,441.6,261.15,1.675,-14.087,14.187
1224,40.8,442.03,260.3,-3.083,-12.363,12.742
1225,40.833,442.49,259.64,-7.08,-10.382,12.566
1226,40.867,442.61,259.33,-11.625,-9.057,14.736
1227,40.9,441.56,259.55,-15.272,-6.401,16.559
1228,40.933,441.43,259.74,-18.425,-2.823,18.64
1229,40.967,441.9,259.15,-21.599,0.494,21.605
1230,41.0,441.13,259.32,-23.758,4.705,24.219
1231,41.033,441.05,259.43,-25.156,8.32,26.497
1232,41.067,437.2,260.6,-25.353,11.231,27.729
1233,41.1,435.69,260.26,-25.012,14.55,28.937
1234,41.133,434.03,261.45,-23.702,17.426,29.418
1235,41.167,432.2,261.73,-21.725,19.68,29.314
1236,41.2,430.81,262.31,-19.309,20.846,28.415
1237,41.233,431.54,262.9,-16.258,20.795,26.396
1238,41.267,433.34,262.19,-13.448,19.543,23.723
1239,41.3,433.55,263.26,-10.704,18.059,20.993
1240,41.333,433.29,264.91,-8.469,16.184,18.266
1241,41.367,433.5,266.95,-7.304,15.631,17.254
1242,41.4,432.74,267.98,-6.184,16.468,17.591
1243,41.433,432.52,269.23,-3.967,17.906,18.34
1244,41.467,432.74,269.02,-1.585,18.551,18.618
1245,41.5,433.34,267.67,1.65,19.023,19.094
1246,41.533,433.24,268.73,6.319,19.946,20.923
1247,41.567,432.75,269.64,10.725,20.814,23.415
1248,41.6,432.8,268.94,16.489,21.604,27.178
1249,41.633,432.93,268.54,22.423,21.946,31.376
1250,41.667,433.3,268.13,28.879,22.209,36.431
1251,41.7,432.87,269.57,35.26,23.282,42.253
1252,41.733,432.73,271.35,41.455,25.536,48.689
1253,41.767,433.79,275.04,46.39,28.789,54.597
1254,41.8,435.74,276.43,49.293,31.84,58.682
1255,41.833,438.41,279.79,50.553,35.301,61.658
1256,41.867,443.03,279.85,50.459,38.186,63.279
1257,41.9,446.52,278.73,48.976,39.591,62.977
1258,41.933,448.99,277.8,47.214,40.938,62.491
1259,41.967,452.69,279.63,44.279,41.649,60.789
1260,42.0,453.53,281.75,40.143,42.17,58.222
1261,42.033,452.48,282.23,34.372,41.86,54.164
1262,42.067,452.46,284.06,26.557,38.993,47.177
1263,42.1,452.1,284.92,17.28,34.994,39.028
1264,42.133,451.83,288.67,8.781,27.094,28.481
1265,42.167,450.35,290.95,-1.432,20.939,20.988
1266,42.2,450.09,292.18,-12.885,18.299,22.381
1267,42.233,449.98,291.74,-24.164,18.697,30.553
1268,42.267,449.98,290.5,-34.403,21.215,40.418
1269,42.3,449.74,293.21,-43.469,25.388,50.34
1270,42.333,449.53,293.26,-50.891,30.928,59.551
1271,42.367,448.98,294.15,-56.843,34.225,66.351
1272,42.4,447.72,296.07,-61.853,36.488,71.813
1273,42.433,444.4,295.15,-65.697,38.288,76.04
1274,42.467,441.88,293.81,-68.678,42.242,80.629
1275,42.5,438.5,291.77,-71.765,44.805,84.603
1276,42.533,435.02,292.5,-72.518,48.036,86.984
1277,42.567,433.19,295.93,-69.978,51.287,86.76
1278,42.6,431.58,297.48,-64.648,55.062,84.919
1279,42.633,424.72,309.99,-56.611,58.237,81.218
1280,42.667,423.27,314.36,-46.233,59.071,75.012
1281,42.7,422.46,316.01,-33.192,57.542,66.429
1282,42.733,421.69,316.39,-19.195,53.488,56.828
1283,42.767,421.26,317.27,-5.732,48.156,48.496
1284,42.8,421.69,314.93,7.445,41.77,42.428
1285,42.833,422.07,312.62,18.777,35.514,40.172
1286,42.867,423.48,314.32,27.277,30.73,41.09
1287,42.9,424.46,316.62,32.424,26.908,42.135
1288,42.933,425.74,320.36,33.798,24.452,41.716
1289,42.967,428.85,319.35,32.378,25.023,40.92
1290,43.0,433.02,323.49,27.153,27.002,38.293
1291,43.033,434.48,322.7,20.591,36.292,41.727
1292,43.067,435.43,324.31,13.2,47.864,49.65
1293,43.1,435.8,322.94,5.311,65.973,66.187
1294,43.133,435.48,324.27,-3.553,89.811,89.881
1295,43.167,434.28,326.08,-9.945,111.269,111.712
1296,43.2,431.83,328.94,-15.167,131.16,132.034
1297,43.233,429.96,333.92,-18.374,149.174,150.302
1298,43.267,429.54,339.9,-17.982,166.669,167.637
1299,43.3,426.61,349.77,-15.418,181.449,182.102
1300,43.333,425.17,355.47,-10.474,193.944,194.227
1301,43.367,424.35,361.64,-3.592,204.753,204.785
1302,43.4,423.84,369.45,4.446,213.681,213.727
1303,43.433,424.34,376.07,12.221,218.351,218.693
1304,43.467,425.33,382.67,19.696,218.988,219.872
1305,43.5,429.36,396.11,26.466,218.439,220.037
1306,43.533,430.81,400.27,31.044,212.627,214.881
1307,43.567,432.81,414.34,34.385,204.055,206.932
1308,43.6,433.47,416.71,36.621,191.424,194.896
1309,43.633,435.54,419.57,37.051,176.53,180.377
1310,43.667,438.12,423.54,35.64,159.056,163.0
1311,43.7,440.91,428.3,32.865,140.35,144.147
1312,43.733,442.41,433.74,29.786,121.331,124.933
1313,43.767,440.34,435.12,26.238,102.375,105.683
1314,43.8,440.54,438.11,21.109,83.187,85.824
1315,43.833,439.09,442.87,16.426,62.776,64.889
1316,43.867,437.88,447.53,12.853,44.432,46.254
1317,43.9,436.43,448.18,9.573,27.866,29.465
1318,43.933,438.22,451.89,7.6,13.421,15.423
1319,43.967,440.48,452.04,6.903,1.809,7.136
1320,44.0,441.44,448.87,7.345,-6.28,9.664
1321,44.033,442.94,447.38,7.662,-14.057,16.009
1322,44.067,443.6,444.55,8.019,-18.652,20.303
1323,44.1,443.11,442.34,8.447,-25.179,26.558
1324,44.133,443.47,440.99,9.395,-29.079,30.559
1325,44.167,443.96,440.59,10.462,-30.265,32.022
1326,44.2,444.08,439.82,10.642,-29.57,31.426
1327,44.233,443.37,439.1,9.627,-27.315,28.962
1328,44.267,442.88,438.01,7.48,-24.379,25.5
1329,44.3,443.9,438.95,5.271,-20.372,21.043
1330,44.333,444.45,439.67,2.422,-16.042,16.224
1331,44.367,443.35,438.53,-0.32,-12.251,12.255
1332,44.4,444.48,439.32,-3.107,-9.454,9.952
1333,44.433,444.48,439.15,-4.696,-5.741,7.417
1334,44.467,444.29,439.6,-6.101,-2.74,6.688
1335,44.5,444.39,439.75,-7.433,-0.759,7.472
1336,44.533,443.5,438.3,-7.544,1.78,7.752
1337,44.567,444.13,438.77,-7.198,4.172,8.32
1338,44.6,444.03,438.42,-6.203,7.279,9.563
1339,44.633,444.23,438.12,-4.442,11.019,11.881
1340,44.667,443.54,437.68,-2.706,14.983,15.225
1341,44.7,443.54,438.06,-1.023,19.406,19.432
1342,44.733,442.65,437.79,1.555,23.914,23.965
1343,44.767,441.42,437.22,5.897,29.166,29.756
1344,44.8,441.52,439.59,11.659,35.494,37.36
1345,44.833,441.25,442.89,18.163,41.158,44.987
1346,44.867,441.74,446.03,24.519,45.909,52.046
1347,44.9,444.07,448.84,31.323,50.523,59.445
1348,44.933,446.18,450.32,37.673,53.832,65.705
1349,44.967,448.46,450.0,42.957,55.598,70.259
1350,45.0,450.61,451.64,47.803,55.719,73.415
1351,45.033,451.24,453.15,51.87,54.323,75.109
1352,45.067,452.33,454.82,55.468,52.11,76.106
1353,45.1,453.27,456.4,57.506,48.25,75.066
1354,45.133,455.11,458.25,58.039,43.459,72.507
1355,45.167,458.34,460.78,56.641,37.434,67.894
1356,45.2,462.14,461.96,54.33,31.488,62.796
1357,45.233,464.53,464.14,50.745,24.574,56.382
1358,45.267,465.67,464.74,47.678,18.55,51.16
1359,45.3,466.98,464.44,46.487,14.977,48.84
1360,45.333,467.27,464.96,47.079,12.807,48.79
1361,45.367,468.74,465.13,49.219,11.63,50.574
1362,45.4,470.33,464.89,50.998,10.183,52.005
1363,45.433,471.01,464.57,52.413,9.744,53.311
1364,45.467,473.49,465.25,54.856,11.765,56.103
1365,45.5,474.65,465.31,57.057,14.971,58.988
1366,45.533,475.72,465.02,59.312,18.682,62.185
1367,45.567,476.87,465.08,61.967,22.921,66.071
1368,45.6,478.71,465.53,64.129,26.698,69.465
1369,45.633,481.25,465.74,67.072,29.917,73.441
1370,45.667,485.06,467.69,70.03,32.806,77.333
1371,45.7,488.59,468.37,71.786,34.449,79.623
1372,45.733,493.44,472.14,71.518,35.138,79.684
1373,45.767,496.51,474.74,69.121,34.525,77.264
1374,45.8,497.64,476.04,65.754,32.963,73.554
1375,45.833,497.34,477.33,61.282,30.752,68.565
1376,45.867,497.44,478.09,56.558,29.678,63.871
1377,45.9,501.63,481.34,51.959,30.626,60.314
1378,45.933,504.96,481.62,46.295,30.768,55.587
1379,45.967,505.02,478.27,40.975,26.726,48.92
1380,46.0,506.63,478.5,35.47,18.622,40.061
1381,46.033,506.89,478.19,30.636,7.697,31.588
1382,46.067,507.29,477.31,27.436,-4.352,27.779
1383,46.1,509.39,477.95,25.446,-16.136,30.131
1384,46.133,509.11,478.89,24.585,-26.398,36.073
1385,46.167,509.14,478.81,24.923,-34.21,42.326
1386,46.2,509.7,479.22,26.047,-40.04,47.766
1387,46.233,510.47,479.91,27.753,-43.018,51.194
1388,46.267,512.37,479.7,27.996,-44.782,52.813
1389,46.3,513.21,479.6,27.014,-45.384,52.816
1390,46.333,514.48,479.82,26.417,-44.364,51.633
1391,46.367,515.64,474.29,26.743,-41.986,49.78
1392,46.4,515.11,463.7,27.698,-38.505,47.433
1393,46.433,517.36,456.44,26.909,-35.596,44.622
1394,46.467,518.56,456.85,23.641,-32.644,40.306
1395,46.5,519.63,458.63,20.277,-27.58,34.232
1396,46.533,520.57,461.29,15.917,-22.067,27.209
1397,46.567,519.94,463.8,11.478,-16.419,20.033
1398,46.6,520.56,465.69,6.387,-9.239,11.232
1399,46.633,521.37,466.36,0.118,-1.064,1.071
1400,46.667,521.62,466.59,-5.925,7.283,9.388
1401,46.7,520.84,466.74,-11.575,15.738,19.536
1402,46.733,519.4,466.67,-16.857,22.864,28.406
1403,46.767,519.48,466.62,-21.621,29.179,36.317
1404,46.8,519.71,466.85,-26.204,33.703,42.691
1405,46.833,517.72,466.76,-30.996,35.634,47.228
1406,46.867,515.66,466.64,-35.821,33.541,49.072
1407,46.9,514.1,467.11,-39.115,29.731,49.131
1408,46.933,512.98,467.6,-39.938,27.397,48.432
1409,46.967,513.33,468.71,-38.868,26.542,47.066
1410,47.0,511.8,469.72,-35.916,25.041,43.783
1411,47.033,510.56,471.43,-30.943,20.847,37.311
1412,47.067,508.61,474.77,-25.072,14.707,29.067
1413,47.1,508.19,476.19,-16.994,6.169,18.079
1414,47.133,507.53,476.51,-7.68,-5.249,9.303
1415,47.167,506.63,476.66,2.324,-18.588,18.733
1416,47.2,505.99,476.32,12.172,-32.326,34.541
1417,47.233,505.76,477.13,22.057,-45.757,50.795
1418,47.267,505.89,474.34,31.377,-57.775,65.746
1419,47.3,506.12,471.64,39.087,-67.63,78.113
1420,47.333,509.28,467.81,44.555,-74.198,86.548
1421,47.367,513.55,463.77,50.349,-78.854,93.557
1422,47.4,515.78,459.32,55.29,-79.713,97.011
1423,47.433,518.63,455.54,57.531,-76.168,95.453
1424,47.467,520.15,452.58,57.605,-68.402,89.427
1425,47.5,521.97,448.51,52.924,-57.171,77.907
1426,47.533,522.75,448.1,42.195,-43.628,60.694
1427,47.567,525.15,445.75,26.683,-27.461,38.29
1428,47.6,525.72,444.48,8.897,-10.337,13.639
1429,47.633,525.88,445.71,-9.351,5.874,11.043
1430,47.667,525.08,448.07,-27.581,20.653,34.457
1431,47.7,524.62,449.81,-43.987,30.897,53.754
1432,47.733,523.13,452.11,-58.47,38.242,69.865
1433,47.767,522.43,454.13,-69.152,41.662,80.732
1434,47.8,521.35,456.06,-77.002,42.217,87.816
1435,47.833,519.89,456.09,-82.116,40.031,91.354
1436,47.867,512.95,460.53,-84.998,35.916,92.275
1437,47.9,506.1,462.56,-86.004,29.615,90.96
1438,47.933,501.31,462.74,-84.25,21.6,86.974
1439,47.967,493.78,462.51,-80.178,12.73,81.182
1440,48.0,489.16,462.06,-73.871,2.774,73.923
1441,48.033,490.79,463.03,-66.81,-6.761,67.151
1442,48.067,493.25,460.75,-59.182,-16.345,61.397
1443,48.1,494.91,456.48,-52.458,-25.355,58.265
1444,48.133,493.76,454.28,-46.137,-33.942,57.277
1445,48.167,493.61,451.68,-41.59,-41.52,58.768
1446,48.2,491.62,454.84,-38.709,-48.049,61.702
1447,48.233,490.79,454.63,-37.495,-53.555,65.376
1448,48.267,486.63,453.64,-37.218,-57.515,68.506
1449,48.3,484.96,452.59,-38.591,-59.734,71.116
1450,48.333,485.24,450.58,-42.949,-60.809,74.447
1451,48.367,484.91,447.39,-49.383,-59.06,76.985
1452,48.4,483.72,445.07,-53.938,-56.309,77.974
1453,48.433,481.64,443.26,-55.327,-51.936,75.884
1454,48.467,478.39,440.28,-53.59,-46.261,70.796
1455,48.5,474.8,438.3,-46.916,-38.82,60.894
1456,48.533,472.61,436.35,-34.997,-29.963,46.071
1457,48.567,470.94,433.26,-21.178,-20.852,29.72
1458,48.6,469.63,432.42,-7.596,-11.351,13.658
1459,48.633,467.66,434.03,5.052,0.284,5.06
1460,48.667,468.34,434.47,18.114,13.396,22.53
1461,48.7,470.09,434.78,29.296,29.009,41.228
1462,48.733,471.84,436.84,37.794,40.835,55.641
1463,48.767,473.11,438.22,42.77,48.796,64.887
1464,48.8,474.87,439.87,47.208,53.292,71.195
1465,48.833,480.08,443.51,51.008,53.349,73.81
1466,48.867,484.36,446.57,50.98,49.674,71.179
1467,48.9,486.84,448.57,48.065,43.555,64.863
1468,48.933,488.34,449.71,42.11,36.544,55.756
1469,48.967,488.96,452.23,33.228,29.097,44.167
1470,49.0,489.99,453.33,22.381,22.369,31.643
1471,49.033,488.93,454.11,10.573,15.623,18.865
1472,49.067,487.57,453.88,-1.221,9.923,9.998
1473,49.1,487.13,455.08,-14.279,5.54,15.315
1474,49.133,486.18,454.4,-27.217,2.308,27.314
1475,49.167,482.47,452.28,-37.975,-0.324,37.976
1476,49.2,480.21,446.32,-47.883,-1.836,47.918
1477,49.233,480.57,445.03,-55.573,-2.786,55.643
1478,49.267,481.68,445.56,-61.787,-3.129,61.866
1479,49.3,480.13,445.63,-65.985,-2.445,66.03
1480,49.333,475.75,448.09,-66.469,0.563,66.472
1481,49.367,475.02,451.29,-65.813,5.086,66.009
1482,49.4,471.93,454.94,-64.305,10.088,65.091
1483,49.433,469.05,455.98,-61.668,14.278,63.299
1484,49.467,466.79,455.9,-58.186,17.814,60.852
1485,49.5,464.69,454.78,-54.061,19.618,57.51
1486,49.533,462.6,454.88,-50.19,20.022,54.036
1487,49.567,458.54,453.33,-45.001,19.463,49.03
1488,49.6,458.54,453.66,-39.6,17.627,43.346
1489,49.633,457.97,453.89,-34.35,13.586,36.939
1490,49.667,456.18,453.39,-29.777,8.204,30.887
1491,49.7,456.96,453.13,-23.945,2.353,24.061
1492,49.733,455.19,455.45,-18.175,-1.576,18.243
1493,49.767,455.97,457.17,-12.666,-3.87,13.244
1494,49.8,457.86,459.49,-8.654,-5.435,10.219
1495,49.833,456.65,458.95,-5.974,-5.62,8.202
1496,49.867,456.55,456.42,-2.92,-5.28,6.033
1497,49.9,456.28,454.13,-0.897,-4.839,4.921
1498,49.933,455.59,454.12,0.477,-5.724,5.743
1499,49.967,455.16,454.14,0.727,-7.587,7.621
1500,50.0,455.09,454.36,0.64,-9.276,9.298
1501,50.033,455.66,454.49,-0.172,-10.13,10.131
1502,50.067,453.93,453.14,-1.367,-10.774,10.861
1503,50.1,454.28,452.86,-0.801,-10.069,10.101
1504,50.133,454.05,452.7,-0.806,-9.191,9.226
1505,50.167,454.91,452.25,-0.875,-7.647,7.697
1506,50.2,454.69,451.91,-0.222,-5.247,5.252
1507,50.233,456.67,452.85,-0.341,-1.862,1.893
1508,50.267,456.2,452.26,0.601,1.04,1.201
1509,50.3,455.64,452.72,1.1,3.127,3.315
1510,50.333,456.01,453.13,0.772,3.578,3.66
1511,50.367,455.73,453.17,0.597,3.305,3.359
1512,50.4,454.4,452.33,0.141,3.257,3.26
1513,50.433,454.04,452.48,-0.418,4.002,4.024
1514,50.467,455.21,453.81,-0.669,4.42,4.47
1515,50.5,454.72,453.83,-0.843,4.623,4.699
1516,50.533,455.28,453.65,-1.116,4.354,4.495
1517,50.567,455.78,453.76,-1.549,3.639,3.955
1518,50.6,454.66,453.42,-0.896,3.39,3.507
1519,50.633,454.99,454.13,-0.206,3.046,3.053
1520,50.667,454.83,453.92,0.694,2.88,2.962
1521,50.7,454.62,454.13,1.114,2.626,2.852
1522,50.733,455.31,454.11,1.956,2.646,3.291
1523,50.767,454.96,454.1,1.568,2.074,2.6
1524,50.8,455.53,454.25,0.98,1.769,2.023
1525,50.833,455.05,454.2,0.29,1.255,1.288
1526,50.867,455.2,454.11,-0.748,0.776,1.078
1527,50.9,455.44,454.4,-1.53,-0.203,1.543
1528,50.933,455.52,454.18,-1.282,-0.558,1.398
1529,50.967,455.23,454.49,-0.586,-0.302,0.66
1530,51.0,455.36,454.49,-0.333,-0.63,0.713
1531,51.033,455.71,454.65,0.407,-1.247,1.312
1532,51.067,455.38,454.66,0.884,-1.529,1.766
1533,51.1,454.76,454.29,0.832,-1.809,1.991
1534,51.133,454.5,454.31,1.886,-1.494,2.406
1535,51.167,454.51,453.59,2.787,-2.043,3.456
1536,51.2,454.94,453.84,2.033,-4.446,4.889
1537,51.233,454.49,453.5,1.865,-6.131,6.408
1538,51.267,454.87,453.66,2.223,-7.224,7.559
1539,51.3,455.29,453.6,2.41,-7.205,7.597
1540,51.333,456.07,453.67,2.915,-5.901,6.582
1541,51.367,456.68,453.02,2.796,-3.588,4.549
1542,51.4,456.59,453.93,1.355,-0.644,1.501
1543,51.433,456.03,453.88,-0.413,2.601,2.634
1544,51.467,455.98,452.92,-2.484,6.158,6.64
1545,51.5,456.07,452.83,-4.566,9.765,10.779
1546,51.533,455.57,453.3,-7.266,12.671,14.606
1547,51.567,455.42,452.74,-10.364,14.699,17.985
1548,51.6,455.61,452.55,-12.678,15.895,20.332
1549,51.633,453.7,451.4,-14.218,17.041,22.193
1550,51.667,452.56,452.32,-14.873,17.735,23.146
1551,51.7,455.76,457.76,-14.963,18.571,23.849
1552,51.733,455.1,458.75,-14.282,18.948,23.727
1553,51.767,452.88,460.41,-11.846,19.414,22.743
1554,51.8,452.63,461.04,-9.099,18.867,20.946
1555,51.833,449.86,460.61,-5.262,17.457,18.232
1556,51.867,449.7,460.21,-1.126,14.442,14.486
1557,51.9,451.22,460.1,3.223,10.962,11.426
1558,51.933,451.09,459.76,7.81,5.936,9.81
1559,51.967,451.22,459.37,13.413,0.845,13.44
1560,52.0,451.43,458.35,19.535,-4.257,19.993
1561,52.033,453.18,458.8,25.697,-9.047,27.243
1562,52.067,455.03,459.51,31.313,-13.777,34.21
1563,52.1,455.48,460.4,37.231,-17.218,41.019
1564,52.133,456.67,459.98,41.618,-18.528,45.556
1565,52.167,457.83,459.72,45.292,-17.985,48.732
1566,52.2,459.96,458.7,47.862,-16.488,50.623
1567,52.233,461.57,457.57,47.362,-15.831,49.937
1568,52.267,461.93,455.16,44.814,-15.341,47.367
1569,52.3,464.64,454.09,41.325,-15.789,44.238
1570,52.333,465.65,452.77,36.193,-16.81,39.906
1571,52.367,467.48,453.22,31.205,-17.733,35.892
1572,52.4,469.18,452.72,25.606,-18.558,31.624
1573,52.433,471.14,453.55,19.574,-18.22,26.741
1574,52.467,471.48,452.49,13.638,-18.822,23.243
1575,52.5,471.43,452.9,8.427,-18.821,20.621
1576,52.533,471.04,452.73,4.06,-17.629,18.091
1577,52.567,471.69,453.12,-0.367,-16.779,16.783
1578,52.6,469.03,452.54,-4.269,-15.668,16.239
1579,52.633,468.42,449.91,-7.731,-14.762,16.664
1580,52.667,467.96,449.19,-10.467,-13.97,17.457
1581,52.7,468.04,449.21,-12.456,-13.846,18.624
1582,52.733,467.15,447.24,-15.069,-12.338,19.475
1583,52.767,466.97,446.7,-16.853,-11.091,20.175
1584,52.8,466.72,446.81,-16.542,-9.314,18.984
1585,52.833,466.85,447.0,-15.466,-7.379,17.136
1586,52.867,467.07,447.0,-12.914,-4.889,13.809
1587,52.9,467.95,447.4,-9.269,-2.419,9.579
1588,52.933,467.23,444.94,-4.998,-0.207,5.003
1589,52.967,467.29,447.33,0.046,1.156,1.157
1590,53.0,466.48,447.29,6.337,2.385,6.771
1591,53.033,465.92,446.78,13.691,2.665,13.948
1592,53.067,466.23,448.35,21.182,2.122,21.288
1593,53.1,465.15,448.2,27.58,0.243,27.581
1594,53.133,466.04,447.95,34.34,-2.583,34.437
1595,53.167,466.47,448.21,40.234,-4.473,40.482
1596,53.2,467.54,449.44,45.897,-6.873,46.409
1597,53.233,471.71,446.34,50.971,-10.227,51.987
1598,53.267,474.46,446.02,55.787,-13.223,57.333
1599,53.3,476.52,445.74,59.902,-16.164,62.045
1600,53.333,479.21,445.46,63.105,-19.14,65.944
1601,53.367,482.05,444.89,64.878,-22.012,68.51
1602,53.4,484.71,443.45,64.969,-24.407,69.403
1603,53.433,488.0,443.03,62.85,-26.531,68.22
1604,53.467,489.6,442.16,59.433,-26.698,65.154
1605,53.5,490.18,441.35,54.642,-26.97,60.935
1606,53.533,489.97,440.63,48.911,-26.665,55.707
1607,53.567,490.78,439.88,42.526,-25.079,49.37
1608,53.6,492.19,439.31,35.565,-23.616,42.692
1609,53.633,493.67,438.67,29.353,-21.62,36.456
1610,53.667,496.25,436.29,23.546,-19.349,30.476
1611,53.7,497.29,435.42,18.963,-16.965,25.444
1612,53.733,497.86,435.06,16.049,-15.861,22.564
1613,53.767,498.06,434.69,13.321,-13.747,19.142
1614,53.8,497.93,434.58,11.849,-11.801,16.724
1615,53.833,497.69,434.63,12.256,-10.983,16.457
1616,53.867,497.7,434.73,13.167,-10.174,16.64
1617,53.9,497.83,434.53,11.209,-9.616,14.769
1618,53.933,498.09,434.5,6.819,-7.875,10.417
1619,53.967,498.04,434.58,0.244,-4.785,4.791
1620,54.0,497.58,434.41,-7.957,-0.396,7.967
1621,54.033,497.55,434.82,-16.758,4.62,17.383
1622,54.067,497.69,434.35,-25.038,8.975,26.598
1623,54.1,497.75,434.3,-33.134,12.837,35.533
1624,54.133,497.62,433.96,-40.459,17.162,43.948
1625,54.167,497.48,434.05,-47.178,20.319,51.368
1626,54.2,497.01,433.58,-53.525,23.031,58.27
1627,54.233,495.67,434.34,-58.462,25.393,63.738
1628,54.267,493.93,434.89,-62.528,26.783,68.022
1629,54.3,489.85,435.87,-65.989,26.546,71.129
1630,54.333,483.09,439.54,-66.697,25.906,71.552
1631,54.367,476.23,441.57,-64.819,25.201,69.545
1632,54.4,475.62,444.84,-61.379,23.422,65.696
1633,54.433,475.11,446.42,-56.046,20.897,59.815
1634,54.467,473.75,446.07,-49.428,18.109,52.641
1635,54.5,473.25,444.96,-41.398,15.442,44.184
1636,54.533,472.68,444.02,-31.99,13.565,34.747
1637,54.567,471.93,445.18,-22.15,11.472,24.944
1638,54.6,472.38,445.96,-11.705,12.022,16.779
1639,54.633,472.02,443.61,-2.045,15.669,15.802
1640,54.667,472.59,443.86,6.142,22.029,22.869
1641,54.7,472.76,444.87,12.539,30.083,32.592
1642,54.733,471.95,444.83,16.014,39.822,42.921
1643,54.767,472.89,445.86,16.419,50.555,53.155
1644,54.8,475.8,449.26,12.954,62.441,63.771
1645,54.833,474.99,450.77,8.089,73.694,74.136
1646,54.867,474.15,451.49,2.033,82.445,82.47
1647,54.9,475.04,454.73,-1.959,88.285,88.307
1648,54.933,474.86,458.81,-7.3,89.749,90.046
1649,54.967,475.23,463.0,-13.681,86.324,87.402
1650,55.0,474.89,467.35,-19.595,78.683,81.087
1651,55.033,474.07,471.41,-25.328,67.967,72.533
1652,55.067,473.79,478.24,-31.737,56.975,65.219
1653,55.1,471.33,480.52,-36.995,44.846,58.136
1654,55.133,469.94,480.37,-41.186,30.743,51.395
1655,55.167,468.56,479.74,-43.5,17.351,46.833
1656,55.2,465.99,479.49,-43.784,4.966,44.065
1657,55.233,464.31,478.82,-42.833,-5.638,43.202
1658,55.267,462.51,477.15,-39.281,-14.833,41.988
1659,55.3,462.26,473.49,-34.884,-21.248,40.846
1660,55.333,459.06,471.58,-30.823,-26.092,40.384
1661,55.367,459.94,469.14,-26.646,-27.681,38.422
1662,55.4,457.2,467.33,-22.901,-25.52,34.289
1663,55.433,457.18,465.93,-19.186,-21.246,28.627
1664,55.467,457.45,466.64,-15.697,-15.744,22.232
1665,55.5,456.32,469.04,-12.311,-9.369,15.471
1666,55.533,455.66,472.23,-10.094,-2.846,10.488
1667,55.567,458.33,471.08,-8.108,2.784,8.573
1668,55.6,459.05,469.88,-6.961,4.958,8.547
1669,55.633,459.5,471.43,-5.61,4.757,7.355
1670,55.667,459.38,472.65,-4.264,2.562,4.974
1671,55.7,457.72,472.79,-3.054,-1.239,3.295
1672,55.733,457.69,471.25,-0.794,-6.409,6.458
1673,55.767,455.56,472.87,1.246,-13.155,13.214
1674,55.8,454.86,472.14,2.692,-19.919,20.1
1675,55.833,453.23,471.88,3.663,-26.172,26.427
1676,55.867,453.44,469.74,4.766,-29.466,29.849
1677,55.9,455.78,467.41,4.366,-32.278,32.572
1678,55.933,455.76,465.95,4.558,-31.417,31.746
1679,55.967,456.75,464.89,4.784,-26.163,26.596
1680,56.0,456.33,463.4,5.429,-19.841,20.571
1681,56.033,458.42,461.78,5.881,-11.924,13.296
1682,56.067,458.96,461.1,6.503,-4.021,7.646
1683,56.1,459.71,460.84,5.986,5.175,7.913
1684,56.133,460.26,460.76,4.525,15.514,16.161
1685,56.167,460.13,462.04,1.728,25.065,25.124
1686,56.2,459.74,463.71,-1.648,33.781,33.821
1687,56.233,457.45,465.07,-4.562,40.659,40.914
1688,56.267,456.57,468.0,-7.641,46.399,47.024
1689,56.3,456.88,469.57,-10.353,50.564,51.613
1690,56.333,455.24,473.98,-12.444,52.717,54.166
1691,56.367,455.65,472.84,-13.093,52.663,54.266
1692,56.4,456.19,478.97,-12.542,50.844,52.368
1693,56.433,456.58,479.68,-12.327,47.93,49.49
1694,56.467,456.14,478.27,-11.334,44.231,45.66
1695,56.5,453.96,481.79,-10.331,39.661,40.985
1696,56.533,454.47,481.79,-8.515,34.369,35.408
1697,56.567,454.68,481.99,-7.386,29.231,30.15
1698,56.6,453.91,482.24,-6.285,24.046,24.854
1699,56.633,453.71,482.53,-5.604,19.329,20.125
1700,56.667,454.49,483.33,-5.52,15.762,16.701
1701,56.7,454.25,482.91,-5.785,12.87,14.11
1702,56.733,453.53,484.55,-6.502,10.656,12.483
1703,56.767,452.58,486.55,-6.636,9.337,11.456
1704,56.8,453.26,485.38,-6.657,8.687,10.945
1705,56.833,453.1,486.02,-7.364,9.313,11.873
1706,56.867,453.03,486.03,-7.292,9.456,11.941
1707,56.9,452.22,486.95,-7.198,11.399,13.481
1708,56.933,452.08,487.47,-7.334,10.835,13.083
1709,56.967,451.54,487.01,-7.939,9.848,12.649
1710,57.0,451.55,486.57,-8.65,9.081,12.542
1711,57.033,451.33,486.98,-8.545,7.76,11.543
1712,57.067,451.51,486.87,-7.78,5.431,9.488
1713,57.1,451.21,487.54,-6.596,1.979,6.886
1714,57.133,451.03,487.96,-3.732,-2.816,4.675
1715,57.167,450.85,487.8,-0.738,-7.71,7.745
1716,57.2,450.36,488.0,2.58,-13.378,13.624
1717,57.233,450.04,488.22,4.771,-17.336,17.981
1718,57.267,449.83,488.73,7.423,-21.983,23.202
1719,57.3,449.93,488.0,10.183,-26.367,28.265
1720,57.333,450.87,486.64,12.953,-30.404,33.048
1721,57.367,451.25,484.75,15.109,-33.904,37.118
1722,57.4,451.55,482.77,16.002,-35.926,39.329
1723,57.433,452.06,481.52,17.077,-37.921,41.589
1724,57.467,453.1,479.71,17.129,-39.134,42.718
1725,57.5,454.41,479.19,16.233,-39.235,42.461
1726,57.533,456.59,474.6,14.641,-37.737,40.478
1727,57.567,456.99,473.24,12.795,-35.489,37.725
1728,57.6,457.72,472.57,10.573,-32.445,34.124
1729,57.633,456.13,473.49,7.998,-28.825,29.914
1730,57.667,456.75,472.78,5.491,-25.662,26.243
1731,57.7,455.17,473.83,3.207,-21.736,21.971
1732,57.733,457.25,471.37,0.402,-17.583,17.588
1733,57.767,456.63,472.08,-0.794,-14.584,14.606
1734,57.8,456.94,469.95,-1.268,-12.356,12.421
1735,57.833,455.25,471.04,-1.791,-11.33,11.471
1736,57.867,454.84,470.95,-2.572,-9.897,10.226
1737,57.9,455.71,469.46,-2.728,-9.052,9.454
1738,57.933,454.23,470.16,-2.452,-8.509,8.855
1739,57.967,454.52,469.69,-2.172,-7.151,7.474
1740,58.0,455.6,469.56,-2.26,-5.215,5.684
1741,58.033,456.15,468.46,-3.24,-2.888,4.341
1742,58.067,456.17,468.11,-3.257,-0.795,3.353
1743,58.1,456.04,468.08,-4.688,4.08,6.215
1744,58.133,456.5,467.4,-6.054,8.851,10.723
1745,58.167,456.16,468.91,-5.263,11.322,12.486
1746,58.2,455.43,468.24,-5.289,12.915,13.956
1747,58.233,457.22,467.53,-6.647,11.709,13.464
1748,58.267,454.57,469.34,-10.022,9.87,14.067
1749,58.3,453.17,469.63,-13.612,6.246,14.977
1750,58.333,453.39,471.78,-15.991,1.37,16.049
1751,58.367,453.62,470.9,-15.022,-5.336,15.942
1752,58.4,452.55,472.58,-9.539,-11.401,14.865
1753,58.433,451.9,474.55,-2.358,-15.898,16.072
1754,58.467,452.27,473.27,7.859,-19.354,20.889
1755,58.5,453.39,472.23,18.625,-22.093,28.896
1756,58.533,456.02,468.98,29.498,-24.809,38.544
1757,58.567,452.95,471.72,40.071,-26.197,47.875
1758,58.6,456.01,465.11,49.815,-26.568,56.457
1759,58.633,455.92,462.1,58.243,-25.31,63.505
1760,58.667,453.01,461.58,65.21,-23.289,69.244
1761,58.7,453.83,459.43,70.349,-20.086,73.16
1762,58.733,459.83,459.44,72.829,-16.077,74.582
1763,58.767,466.16,459.21,70.117,-10.717,70.931
1764,58.8,473.41,459.12,64.875,-5.324,65.093
1765,58.833,478.34,462.38,57.893,0.445,57.894
1766,58.867,481.23,465.87,48.791,4.838,49.03
1767,58.9,479.29,465.98,37.965,9.407,39.113
1768,58.933,479.81,465.79,26.88,12.933,29.829
1769,58.967,478.24,464.21,15.631,14.443,21.283
1770,59.0,478.96,463.94,4.4,14.547,15.197
1771,59.033,478.36,465.22,-5.936,13.417,14.671
1772,59.067,477.24,465.36,-16.671,11.541,20.276
1773,59.1,476.17,465.91,-23.914,6.374,24.749
1774,59.133,475.07,464.75,-29.511,2.976,29.66
1775,59.167,472.13,466.35,-31.332,0.679,31.339
1776,59.2,469.06,464.58,-27.862,-1.879,27.926
1777,59.233,467.39,465.22,-20.073,-2.806,20.268
1778,59.267,468.52,465.2,-12.885,-2.229,13.076
1779,59.3,469.73,465.04,-6.119,0.531,6.142
1780,59.333,469.94,464.9,-0.651,4.672,4.717
1781,59.367,470.53,465.9,3.219,7.193,7.88
1782,59.4,471.22,466.21,4.947,8.189,9.567
1783,59.433,471.36,465.73,6.807,7.703,10.28
1784,59.467,472.58,465.15,7.761,6.514,10.132
1785,59.5,474.19,465.53,8.668,4.92,9.967
1786,59.533,474.19,465.11,8.178,3.408,8.86
1787,59.567,475.76,466.56,6.255,0.504,6.275
1788,59.6,476.34,467.46,4.034,-2.318,4.653
1789,59.633,475.63,467.57,1.74,-6.327,6.562
1790,59.667,473.01,467.63,0.058,-7.713,7.713
1791,59.7,470.96,469.27,-1.446,-8.65,8.77
1792,59.733,468.34,469.7,-1.798,-7.078,7.303
1793,59.767,471.08,468.72,-1.255,-4.855,5.015
1794,59.8,472.4,465.88,0.221,-0.841,0.87
1795,59.833,472.23,463.95,1.652,4.766,5.044
1796,59.867,471.99,464.42,3.307,11.472,11.939
1797,59.9,472.84,462.9,5.373,18.78,19.533
1798,59.933,473.33,463.89,7.731,26.076,27.198
1799,59.967,473.5,464.01,10.241,33.07,34.619
1800,60.0,473.75,466.06,12.411,40.085,41.963
1801,60.033,474.42,467.12,13.154,46.508,48.333
1802,60.067,476.48,470.64,13.964,52.216,54.051
1803,60.1,476.96,473.06,12.894,56.437,57.891
1804,60.133,476.81,479.15,10.309,58.179,59.085
1805,60.167,474.54,479.94,6.956,57.788,58.205
1806,60.2,475.26,482.18,2.927,55.168,55.246
1807,60.233,475.76,483.26,0.834,49.363,49.37
1808,60.267,477.15,486.01,0.363,41.009,41.011
1809,60.3,475.99,486.54,-1.519,29.978,30.016
1810,60.333,476.12,486.71,-3.575,18.898,19.234
1811,60.367,476.58,487.11,-5.466,8.244,9.891
1812,60.4,476.19,486.11,-6.95,-2.562,7.407
1813,60.433,475.44,485.58,-8.384,-11.752,14.436
1814,60.467,475.22,485.71,-9.741,-20.124,22.358
1815,60.5,474.53,484.83,-10.592,-25.632,27.734
1816,60.533,475.09,483.45,-11.758,-28.068,30.431
1817,60.567,473.47,482.43,-11.932,-28.381,30.787
1818,60.6,473.63,480.16,-11.987,-27.736,30.216
1819,60.633,473.41,479.42,-11.264,-26.628,28.912
1820,60.667,472.64,478.38,-9.602,-24.597,26.404
1821,60.7,474.77,477.54,-6.329,-20.914,21.851
1822,60.733,472.02,476.91,-3.473,-17.554,17.894
1823,60.767,471.24,475.74,-0.695,-13.171,13.189
1824,60.8,472.17,477.11,0.957,-9.515,9.563
1825,60.833,471.44,476.83,2.352,-5.542,6.021
1826,60.867,471.45,476.77,3.593,-2.509,4.383
1827,60.9,471.61,477.19,3.937,-0.412,3.959
1828,60.933,471.76,477.67,5.239,1.426,5.43
1829,60.967,472.44,479.36,6.79,3.625,7.697
1830,61.0,472.9,478.97,8.275,5.442,9.904
1831,61.033,475.94,476.26,9.886,7.102,12.173
1832,61.067,476.42,476.55,10.848,9.913,14.695
1833,61.1,476.62,477.33,11.542,12.658,17.13
1834,61.133,475.86,480.92,11.747,14.985,19.041
1835,61.167,474.42,478.69,11.491,17.493,20.93
1836,61.2,473.49,478.11,11.315,19.804,22.808
1837,61.233,474.11,480.02,8.449,21.466,23.069
1838,61.267,474.0,479.8,5.24,22.932,23.523
1839,61.3,474.7,480.51,3.037,24.817,25.002
1840,61.333,476.4,480.01,0.882,25.981,25.996
1841,61.367,477.11,482.19,-1.006,25.893,25.912
1842,61.4,479.11,484.31,-2.395,24.983,25.098
1843,61.433,477.61,486.72,-3.215,22.8,23.025
1844,61.467,477.31,487.46,-3.005,19.447,19.678
1845,61.5,476.81,488.47,-2.731,13.79,14.058
1846,61.533,476.0,489.51,-2.554,6.691,7.162
1847,61.567,474.92,487.45,-4.45,-0.05,4.45
1848,61.6,475.21,486.5,-7.18,-7.584,10.444
1849,61.633,474.42,487.72,-9.74,-13.634,16.755
1850,61.667,473.65,486.29,-11.572,-20.92,23.907
1851,61.7,472.16,485.49,-12.283,-26.9,29.572
1852,61.733,473.43,485.54,-11.066,-32.045,33.902
1853,61.767,475.9,484.52,-8.948,-36.251,37.339
1854,61.8,474.98,482.6,-5.403,-38.303,38.682
1855,61.833,474.09,479.66,-1.171,-38.026,38.044
1856,61.867,474.52,478.85,3.477,-35.789,35.957
1857,61.9,474.24,477.05,7.526,-31.917,32.793
1858,61.933,473.79,475.67,10.344,-27.464,29.347
1859,61.967,472.18,473.97,13.1,-23.126,26.578
1860,62.0,471.86,473.28,14.996,-18.647,23.929
1861,62.033,472.32,473.31,16.209,-14.46,21.722
1862,62.067,474.46,473.8,17.335,-11.285,20.685
1863,62.1,476.79,476.04,18.089,-7.225,19.478
1864,62.133,477.69,473.67,18.052,-2.708,18.254
1865,62.167,478.6,473.3,17.647,0.587,17.657
1866,62.2,480.21,473.88,17.448,3.59,17.814
1867,62.233,480.29,475.96,17.688,5.945,18.661
1868,62.267,480.93,476.25,17.038,7.32,18.544
1869,62.3,480.91,476.24,14.737,7.555,16.561
1870,62.333,481.26,474.9,12.118,6.906,13.948
1871,62.367,479.98,475.86,9.537,6.519,11.552
1872,62.4,480.71,474.76,6.461,5.56,8.524
1873,62.433,480.4,474.8,3.529,4.391,5.634
1874,62.467,480.39,474.94,0.572,3.325,3.374
1875,62.5,480.99,475.34,-1.074,3.093,3.275
1876,62.533,481.46,475.7,-1.512,3.196,3.536
1877,62.567,480.89,476.78,-0.955,3.454,3.583
1878,62.6,481.34,476.73,-0.023,3.86,3.861
1879,62.633,481.42,476.4,0.994,3.246,3.395
1880,62.667,481.76,476.61,2.512,3.691,4.465
1881,62.7,481.08,476.86,4.054,4.548,6.093
1882,62.733,481.1,477.11,5.477,5.766,7.952
1883,62.767,481.48,476.5,7.421,6.169,9.65
1884,62.8,481.52,476.59,8.751,5.996,10.609
1885,62.833,481.85,477.2,9.309,5.542,10.834
1886,62.867,482.02,477.12,9.481,5.478,10.95
1887,62.9,482.37,477.12,9.819,4.808,10.933
1888,62.933,482.23,477.78,9.072,4.554,10.151
1889,62.967,483.2,478.11,8.116,4.202,9.139
1890,63.0,483.65,477.86,6.693,3.455,7.532
1891,63.033,484.09,478.23,4.59,2.197,5.088
1892,63.067,484.86,478.65,2.157,0.904,2.339
1893,63.1,485.26,478.6,-0.09,-0.78,0.785
1894,63.133,485.24,478.48,-2.098,-2.812,3.508
1895,63.167,484.98,478.56,-4.124,-4.247,5.92
1896,63.2,485.32,478.8,-6.143,-5.452,8.214
1897,63.233,484.48,478.15,-7.731,-6.529,10.119
1898,63.267,482.73,477.58,-9.184,-7.666,11.963
1899,63.3,482.1,477.57,-10.173,-8.081,12.992
1900,63.333,482.32,477.07,-10.554,-8.053,13.276
1901,63.367,481.19,476.68,-10.752,-7.59,13.161
1902,63.4,480.51,476.11,-10.414,-6.623,12.342
1903,63.433,480.81,475.38,-10.169,-5.044,11.351
1904,63.467,480.51,474.85,-8.495,-3.708,9.269
1905,63.5,480.85,475.13,-6.359,-2.381,6.79
1906,63.533,481.39,475.86,-3.802,-0.392,3.822
1907,63.567,481.43,475.89,-0.735,1.673,1.827
1908,63.6,481.71,475.78,2.153,3.399,4.024
1909,63.633,480.95,476.82,4.979,5.197,7.197
1910,63.667,480.99,476.54,7.497,6.68,10.041
1911,63.7,480.78,476.53,10.115,8.153,12.992
1912,63.733,480.99,476.71,11.413,8.528,14.247
1913,63.767,481.74,477.42,12.156,8.716,14.957
1914,63.8,481.69,477.69,12.672,8.753,15.401
1915,63.833,481.69,478.14,12.86,8.327,15.321
1916,63.867,482.56,477.96,11.952,7.538,14.13
1917,63.9,483.11,478.1,10.603,6.448,12.41
1918,63.933,485.32,477.88,8.707,4.944,10.013
1919,63.967,485.1,478.7,6.296,3.304,7.11
1920,64.0,485.39,479.32,3.92,1.838,4.329
1921,64.033,485.83,478.92,1.19,0.006,1.19
1922,64.067,485.58,478.77,-1.44,-2.413,2.81
1923,64.1,485.74,479.07,-4.285,-4.168,5.977
1924,64.133,485.23,478.6,-6.941,-6.052,9.209
1925,64.167,484.93,478.75,-9.166,-8.031,12.186
1926,64.2,483.2,477.62,-10.944,-9.319,14.374
1927,64.233,483.11,478.25,-12.057,-9.792,15.532
1928,64.267,482.23,477.87,-12.855,-9.835,16.185
1929,64.3,481.8,477.27,-12.812,-9.813,16.138
1930,64.333,480.75,476.54,-12.303,-9.428,15.501
1931,64.367,480.38,475.95,-10.759,-8.903,13.965
1932,64.4,480.32,475.11,-8.744,-8.275,12.039
1933,64.433,480.95,474.89,-6.508,-7.284,9.768
1934,64.467,481.11,474.79,-4.855,-5.811,7.572
1935,64.5,481.02,474.4,-2.814,-4.326,5.16
1936,64.533,481.48,474.83,-0.959,-3.07,3.216
1937,64.567,480.73,475.7,0.601,-1.593,1.702
1938,64.6,481.16,474.69,1.812,-0.179,1.82
1939,64.633,480.6,475.82,2.102,0.893,2.284
1940,64.667,480.85,476.06,2.228,1.875,2.911
1941,64.7,480.77,475.94,1.829,2.556,3.143
1942,64.733,480.77,475.32,1.936,3.474,3.977
1943,64.767,481.58,475.29,1.485,3.559,3.857
1944,64.8,480.71,475.46,1.109,3.164,3.353
1945,64.833,481.39,475.28,0.585,2.612,2.677
1946,64.867,481.1,475.2,0.64,2.023,2.122
1947,64.9,480.98,475.95,0.731,1.198,1.403
1948,64.933,481.55,476.01,0.815,0.967,1.264
1949,64.967,481.56,476.18,0.744,0.716,1.033
1950,65.0,481.2,476.07,0.721,0.683,0.993
1951,65.033,481.25,476.14,0.484,0.771,0.91
1952,65.067,480.88,475.98,0.147,0.968,0.979
1953,65.1,480.93,476.09,0.046,0.731,0.732
1954,65.133,481.7,476.12,-0.034,1.14,1.14
1955,65.167,481.44,476.22,0.374,1.295,1.348
1956,65.2,481.55,475.93,0.379,1.102,1.165
1957,65.233,481.06,475.68,0.652,0.857,1.077
1958,65.267,481.38,475.86,0.979,0.752,1.235
1959,65.3,481.3,476.17,1.009,0.789,1.281
1960,65.333,481.47,476.12,1.284,0.759,1.491
1961,65.367,480.97,476.1,0.889,0.708,1.137
1962,65.4,481.25,476.73,0.724,1.13,1.342
1963,65.433,481.64,476.15,0.843,0.911,1.242
1964,65.467,481.64,476.42,0.372,0.921,0.993
1965,65.5,481.4,476.19,-0.153,0.677,0.694
1966,65.533,482.02,476.69,-0.011,0.638,0.638
1967,65.567,481.81,476.53,0.478,0.753,0.892
1968,65.6,482.17,476.77,1.549,1.05,1.871
1969,65.633,481.85,476.69,2.872,1.303,3.153
1970,65.667,481.32,476.22,4.027,1.547,4.314
1971,65.7,482.03,476.42,5.495,1.733,5.762
1972,65.733,481.72,476.33,6.122,2.123,6.48
1973,65.767,481.75,476.56,7.089,2.536,7.529
1974,65.8,481.44,476.41,7.186,3.127,7.837
1975,65.833,481.68,476.48,6.956,3.268,7.685
1976,65.867,482.66,476.98,6.047,3.015,6.757
1977,65.9,482.85,476.43,4.947,2.347,5.476
1978,65.933,482.84,477.37,3.461,1.048,3.616
1979,65.967,484.11,477.1,1.668,-0.395,1.714
1980,66.0,485.02,477.69,-0.207,-1.892,1.903
1981,66.033,484.82,477.65,-2.191,-3.36,4.011
1982,66.067,484.66,477.4,-4.509,-4.88,6.644
1983,66.1,484.19,477.18,-6.209,-6.294,8.841
1984,66.133,483.78,477.07,-7.835,-7.66,10.957
1985,66.167,482.95,476.84,-9.136,-8.767,12.662
1986,66.2,481.44,476.48,-9.915,-9.573,13.783
1987,66.233,481.83,475.79,-10.379,-9.919,14.356
1988,66.267,480.3,475.43,-10.639,-9.95,14.566
1989,66.3,480.41,474.1,-10.432,-9.614,14.186
1990,66.333,479.88,473.61,-9.412,-8.816,12.896
1991,66.367,479.93,473.39,-7.593,-7.557,10.713
1992,66.4,480.05,473.45,-6.023,-6.439,8.817
1993,66.433,480.17,473.43,-4.003,-4.821,6.266
1994,66.467,480.1,473.9,-1.964,-3.46,3.978
1995,66.5,480.02,473.66,0.019,-1.797,1.797
1996,66.533,480.62,473.94,1.642,-0.411,1.693
1997,66.567,481.21,473.75,3.004,0.83,3.117
1998,66.6,480.6,473.93,3.872,2.049,4.381
1999,66.633,480.43,473.96,4.46,3.037,5.396
2000,66.667,480.48,473.87,4.509,3.552,5.74
2001,66.7,480.71,474.4,3.834,3.538,5.217
2002,66.733,480.15,474.08,3.758,3.153,4.905
2003,66.767,480.88,474.36,2.839,2.356,3.689
2004,66.8,481.12,474.23,2.313,1.155,2.585
2005,66.833,481.17,474.21,1.046,0.342,1.1
2006,66.867,480.63,473.91,0.363,-0.515,0.63
2007,66.9,481.36,474.29,-0.584,-1.138,1.279
2008,66.933,481.2,474.46,-1.322,-1.632,2.101
2009,66.967,482.22,474.62,-1.785,-2.053,2.72
2010,67.0,481.77,474.5,-2.354,-2.577,3.49
2011,67.033,481.26,474.42,-2.51,-2.992,3.905
2012,67.067,480.97,474.28,-2.948,-3.366,4.474
2013,67.1,480.81,473.8,-3.442,-3.537,4.936
2014,67.133,480.2,473.43,-3.675,-3.692,5.209
2015,67.167,479.86,473.27,-3.941,-3.476,5.255
2016,67.2,480.53,473.21,-3.675,-3.075,4.792
2017,67.233,479.5,472.86,-3.098,-2.758,4.147
2018,67.267,479.63,473.06,-2.446,-2.236,3.314
2019,67.3,479.38,473.17,-1.769,-1.705,2.458
2020,67.333,480.52,472.96,-0.974,-0.947,1.358
2021,67.367,479.82,473.36,0.075,-0.125,0.146
2022,67.4,480.52,473.21,1.524,0.967,1.805
2023,67.433,480.32,473.04,2.415,1.731,2.971
2024,67.467,479.82,473.15,2.966,2.239,3.717
2025,67.5,480.4,473.11,2.632,2.375,3.545
2026,67.533,480.08,473.39,2.115,2.389,3.191
2027,67.567,480.48,473.39,0.891,1.754,1.968
2028,67.6,480.17,473.57,0.076,0.84,0.844
2029,67.633,480.35,473.9,-1.106,-0.354,1.161
2030,67.667,481.16,473.58,-1.981,-1.392,2.421
2031,67.7,480.64,473.71,-2.606,-2.033,3.305
2032,67.733,480.04,473.68,-3.443,-2.346,4.166
2033,67.767,480.91,473.82,-3.398,-2.104,3.997
2034,67.8,480.72,473.74,-3.219,-1.957,3.767
2035,67.833,480.41,473.42,-2.398,-1.712,2.947
2036,67.867,479.65,473.18,-2.032,-1.12,2.32
2037,67.9,478.92,472.69,-0.847,-0.682,1.087
2038,67.933,478.76,472.63,-0.134,-0.228,0.264
2039,67.967,478.97,472.45,0.803,0.057,0.805
2040,68.0,479.0,472.38,1.629,0.205,1.642
2041,68.033,478.79,471.9,2.298,0.044,2.298
2042,68.067,480.27,472.59,2.139,-0.618,2.227
2043,68.1,479.49,472.83,0.928,-0.929,1.313
2044,68.133,480.24,473.83,-0.315,-0.798,0.858
2045,68.167,480.38,474.27,-1.276,-1.205,1.755
2046,68.2,480.68,474.12,-2.722,-1.064,2.923
2047,68.233,480.93,473.87,-3.946,-0.612,3.994
2048,68.267,480.55,473.28,-4.08,-0.015,4.08
2049,68.3,480.74,473.46,-4.237,0.758,4.304
2050,68.333,480.2,473.24,-3.665,1.874,4.117
2051,68.367,480.21,472.66,-2.71,3.481,4.412
2052,68.4,478.98,472.3,-1.685,5.202,5.468
2053,68.433,478.77,471.97,-0.388,6.776,6.787
2054,68.467,477.61,472.22,2.001,7.944,8.192
2055,68.5,477.48,472.32,4.374,8.557,9.61
2056,68.533,476.2,473.24,6.216,8.574,10.591
2057,68.567,477.37,474.8,7.655,9.657,12.323
2058,68.6,479.18,475.11,7.867,11.104,13.608
2059,68.633,480.28,474.86,6.726,13.306,14.909
2060,68.667,480.49,476.56,4.621,15.041,15.735
2061,68.7,481.61,476.83,1.972,15.688,15.811
2062,68.733,482.81,477.0,-1.714,13.692,13.799
2063,68.767,482.43,477.5,-6.216,9.06,10.987
2064,68.8,482.48,477.57,-10.841,1.991,11.022
2065,68.833,481.22,477.03,-15.737,-7.327,17.359
2066,68.867,480.15,475.84,-19.99,-17.681,26.687
2067,68.9,480.07,474.81,-23.075,-28.413,36.603
2068,68.933,479.84,474.41,-24.535,-38.566,45.709
2069,68.967,476.84,474.18,-24.647,-47.464,53.482
2070,69.0,474.82,474.62,-22.65,-55.02,59.5
2071,69.033,473.68,475.57,-18.496,-60.539,63.302
2072,69.067,472.53,473.37,-12.241,-64.144,65.301
2073,69.1,471.06,470.38,-5.087,-65.948,66.144
2074,69.133,472.53,465.24,1.448,-65.663,65.679
2075,69.167,472.54,459.73,8.333,-63.091,63.639
2076,69.2,472.42,454.08,15.349,-59.405,61.356
2077,69.233,473.69,451.7,21.085,-54.224,58.18
2078,69.267,475.32,450.18,25.371,-48.584,54.81
2079,69.3,476.98,450.06,28.161,-42.244,50.77
2080,69.333,479.26,450.62,28.717,-35.488,45.652
2081,69.367,481.14,450.67,27.426,-27.734,39.005
2082,69.4,481.6,451.45,24.044,-18.942,30.609
2083,69.433,482.48,451.71,18.352,-9.871,20.839
2084,69.467,483.18,451.88,9.955,-1.361,10.048
2085,69.5,483.29,452.5,1.238,5.809,5.939
2086,69.533,481.87,452.75,-7.487,11.644,13.844
2087,69.567,481.33,452.93,-15.863,15.378,22.094
2088,69.6,480.44,452.45,-23.119,17.136,28.777
2089,69.633,481.22,452.18,-28.623,16.948,33.264
2090,69.667,479.45,452.07,-32.938,16.04,36.636
2091,69.7,477.56,452.04,-35.483,15.346,38.66
2092,69.733,476.52,451.81,-35.769,16.348,39.328
2093,69.767,474.25,453.76,-34.255,17.542,38.485
2094,69.8,472.31,454.71,-30.864,18.921,36.203
2095,69.833,470.8,456.2,-26.47,20.035,33.197
2096,69.867,469.57,456.41,-21.34,20.707,29.735
2097,69.9,469.15,456.36,-16.371,21.699,27.181
2098,69.933,468.62,457.14,-11.151,21.073,23.842
2099,69.967,469.62,458.55,-6.411,19.07,20.119
2100,70.0,469.86,460.95,-2.441,17.638,17.806
2101,70.033,470.33,461.52,0.523,15.834,15.842
2102,70.067,470.78,460.76,2.731,14.322,14.58
2103,70.1,470.93,460.96,3.439,12.696,13.153
2104,70.133,471.65,461.35,2.552,11.273,11.558
2105,70.167,471.42,461.81,-0.592,10.183,10.2
2106,70.2,471.67,462.12,-4.184,9.988,10.829
2107,70.233,471.72,461.12,-9.166,9.466,13.176
2108,70.267,471.61,461.39,-14.447,10.268,17.724
2109,70.3,470.36,461.76,-18.825,10.986,21.796
2110,70.333,470.08,462.24,-22.76,11.636,25.562
2111,70.367,468.55,462.44,-25.795,11.826,28.376
2112,70.4,467.78,461.13,-27.429,12.28,30.052
2113,70.433,466.45,463.25,-27.724,12.867,30.564
2114,70.467,465.2,466.45,-26.367,13.426,29.588
2115,70.5,463.53,466.06,-24.769,13.234,28.083
2116,70.533,461.77,466.93,-22.366,11.625,25.207
2117,70.567,460.54,466.49,-20.17,9.682,22.374
2118,70.6,460.07,466.67,-18.103,7.861,19.736
2119,70.633,460.52,467.0,-16.609,5.543,17.51
2120,70.667,460.84,467.19,-15.992,1.932,16.109
2121,70.7,459.76,466.05,-14.125,-1.214,14.177
2122,70.733,461.77,467.85,-12.162,-2.329,12.383
2123,70.767,461.65,466.97,-9.19,-2.494,9.522
2124,70.8,460.61,466.44,-5.957,-2.003,6.284
2125,70.833,461.07,466.35,-2.989,-1.527,3.357
2126,70.867,461.23,466.23,0.144,0.259,0.296
2127,70.9,460.8,465.57,2.964,3.7,4.741
2128,70.933,459.96,465.65,5.02,12.189,13.182
2129,70.967,458.5,465.45,7.112,19.42,20.682
2130,71.0,458.2,466.14,8.905,22.915,24.585
2131,71.033,457.09,466.94,10.813,24.436,26.721
2132,71.067,457.79,466.83,13.818,23.24,27.038
2133,71.1,458.57,467.3,17.767,20.602,27.205
2134,71.133,461.18,468.88,21.71,17.047,27.602
2135,71.167,464.83,473.28,24.96,12.544,27.935
2136,71.2,465.08,474.96,27.34,7.498,28.35
2137,71.233,466.9,472.77,28.834,2.902,28.979
2138,71.267,466.19,473.75,28.827,-2.539,28.938
2139,71.3,465.92,474.53,27.278,-7.461,28.28
2140,71.333,467.54,477.1,25.002,-12.05,27.754
2141,71.367,466.82,476.84,20.994,-16.274,26.563
2142,71.4,467.88,475.18,15.671,-19.45,24.978
2143,71.433,469.35,465.27,8.979,-21.514,23.312
2144,71.467,469.66,462.46,1.855,-22.606,22.682
2145,71.5,470.62,462.65,-4.61,-21.906,22.386
2146,71.533,471.44,462.89,-11.217,-20.234,23.135
2147,71.567,470.32,464.36,-16.584,-17.878,24.385
2148,71.6,468.52,465.54,-21.293,-14.031,25.501
2149,71.633,467.45,465.82,-24.488,-8.943,26.07
2150,71.667,466.29,466.46,-26.549,-3.162,26.736
2151,71.7,464.88,466.76,-28.666,1.319,28.697
2152,71.733,464.97,466.9,-29.538,4.538,29.884
2153,71.767,462.78,466.94,-30.386,8.147,31.459
2154,71.8,461.9,466.7,-29.968,10.639,31.801
2155,71.833,460.38,467.11,-28.086,11.92,30.511
2156,71.867,459.67,467.66,-26.077,10.5,28.112
2157,71.9,458.43,467.07,-23.269,6.706,24.217
2158,71.933,458.37,467.28,-19.94,1.096,19.97
2159,71.967,457.72,467.64,-16.393,-1.113,16.431
2160,72.0,456.42,466.75,-12.793,-1.982,12.945
2161,72.033,456.98,466.72,-9.475,-2.526,9.806
2162,72.067,457.14,467.26,-6.877,-2.484,7.311
2163,72.1,458.31,467.24,-4.875,-2.553,5.503
2164,72.133,458.62,467.31,-2.885,-2.7,3.951
2165,72.167,457.83,467.03,-1.293,-2.728,3.018
2166,72.2,457.3,466.38,0.404,-2.838,2.867
2167,72.233,456.63,466.4,2.456,-2.839,3.754
2168,72.267,456.69,466.62,3.741,-2.462,4.478
2169,72.3,456.7,466.9,4.975,-2.21,5.444
2170,72.333,456.2,466.65,5.887,-1.716,6.132
2171,72.367,456.42,466.09,6.946,-1.229,7.054
2172,72.4,457.82,466.2,7.937,-1.007,8.0
2173,72.433,458.32,466.28,9.163,-0.608,9.183
2174,72.467,458.26,465.93,10.188,-0.348,10.194
2175,72.5,458.97,466.01,11.194,-0.314,11.199
2176,72.533,459.01,466.29,12.293,0.015,12.293
2177,72.567,458.9,466.3,13.164,0.459,13.172
2178,72.6,459.89,466.43,13.866,0.803,13.889
2179,72.633,460.63,466.36,13.549,0.916,13.58
2180,72.667,461.77,466.55,12.65,0.546,12.661
2181,72.7,461.93,466.77,11.623,0.221,11.625
2182,72.733,461.57,466.77,10.066,0.166,10.067
2183,72.767,461.53,466.08,8.497,0.091,8.498
2184,72.8,462.24,466.44,6.79,-0.222,6.793
2185,72.833,462.63,466.47,5.042,-0.667,5.086
2186,72.867,462.85,466.3,3.526,-0.999,3.665
2187,72.9,462.86,466.2,2.173,-0.961,2.376
2188,72.933,462.88,466.29,0.571,-1.139,1.274
2189,72.967,462.6,466.35,-0.853,-1.431,1.666
2190,73.0,462.39,466.25,-1.962,-1.108,2.253
2191,73.033,463.09,466.38,-2.646,-0.873,2.786
2192,73.067,462.85,466.25,-2.771,-0.748,2.87
2193,73.1,462.55,465.69,-2.098,-0.576,2.176
2194,73.133,462.61,465.68,-1.292,-0.33,1.333
2195,73.167,462.06,466.21,-0.351,-0.239,0.425
2196,73.2,461.49,466.09,0.288,-0.273,0.397
2197,73.233,461.89,466.02,1.064,-0.449,1.155
2198,73.267,461.92,466.03,2.131,-0.618,2.218
2199,73.3,461.85,466.34,3.368,-0.398,3.392
2200,73.333,461.87,466.28,4.001,-0.256,4.009
2201,73.367,462.37,466.11,4.515,0.053,4.515
2202,73.4,462.94,465.77,4.737,0.174,4.74
2203,73.433,463.31,466.14,4.891,0.203,4.895
2204,73.467,463.5,466.48,4.619,-0.187,4.623
2205,73.5,464.23,465.67,4.349,-0.183,4.353
2206,73.533,464.05,465.87,3.909,-0.773,3.985
2207,73.567,464.15,465.93,3.54,-1.154,3.723
2208,73.6,464.03,465.9,3.683,-1.189,3.87
2209,73.633,464.08,465.58,4.056,-1.018,4.182
2210,73.667,464.07,465.97,4.876,-0.652,4.919
2211,73.7,464.13,466.15,5.434,-1.108,5.546
2212,73.733,463.85,466.27,5.804,-1.825,6.084
2213,73.767,463.72,466.19,5.475,-2.252,5.92
2214,73.8,463.59,466.08,4.581,-1.84,4.937
2215,73.833,464.37,465.9,3.62,-0.792,3.705
2216,73.867,464.34,465.21,2.821,0.518,2.868
2217,73.9,464.67,465.4,2.077,2.263,3.072
2218,73.933,464.7,465.5,1.104,4.492,4.625
2219,73.967,465.56,466.36,0.244,6.643,6.648
2220,74.0,466.1,465.46,-0.577,8.461,8.481
2221,74.033,467.33,466.94,-1.759,10.49,10.636
2222,74.067,467.04,466.73,-2.783,12.545,12.85
2223,74.1,466.1,466.23,-4.333,14.264,14.907
2224,74.133,465.41,466.53,-5.686,15.395,16.412
2225,74.167,463.22,466.51,-6.814,16.719,18.054
2226,74.2,462.72,468.37,-7.636,17.252,18.866
2227,74.233,462.45,470.4,-8.297,17.343,19.226
2228,74.267,462.62,471.81,-8.298,16.942,18.865
2229,74.3,463.29,471.98,-7.646,16.164,17.881
2230,74.333,463.5,471.76,-6.504,14.602,15.985
2231,74.367,463.44,472.31,-5.275,14.703,15.621
2232,74.4,463.17,472.43,-3.506,14.484,14.902
2233,74.433,463.35,472.4,-1.967,13.01,13.158
2234,74.467,462.91,472.54,-0.346,10.211,10.217
2235,74.5,462.66,472.86,1.842,6.279,6.544
2236,74.533,462.57,473.17,4.045,2.488,4.749
2237,74.567,462.17,472.7,5.15,-1.943,5.504
2238,74.6,463.29,472.78,6.052,-6.048,8.556
2239,74.633,463.53,473.5,6.554,-9.302,11.379
2240,74.667,463.68,472.81,6.499,-11.658,13.347
2241,74.7,463.83,473.34,6.936,-12.828,14.584
2242,74.733,464.37,473.23,7.639,-13.627,15.622
2243,74.767,464.36,473.08,8.338,-13.802,16.126
2244,74.8,464.27,472.74,9.209,-13.824,16.61
2245,74.833,464.68,473.5,9.811,-13.286,16.516
2246,74.867,465.01,468.23,10.065,-12.1,15.739
2247,74.9,465.01,466.57,9.821,-10.598,14.448
2248,74.933,466.4,466.36,9.539,-8.932,13.068
2249,74.967,467.84,467.23,8.916,-7.036,11.358
2250,75.0,467.02,467.72,8.053,-4.848,9.399
2251,75.033,466.67,468.16,6.917,-2.525,7.364
2252,75.067,467.16,468.51,5.567,-0.207,5.571
2253,75.1,466.56,468.89,4.766,2.461,5.364
2254,75.133,466.8,469.33,3.56,4.945,6.093
2255,75.167,467.37,469.61,2.008,6.895,7.182
2256,75.2,467.94,470.21,0.767,8.606,8.64
2257,75.233,467.9,470.91,0.222,9.74,9.743
2258,75.267,468.4,470.16,-0.048,8.859,8.859
2259,75.3,468.04,470.0,-0.217,6.415,6.418
2260,75.333,467.64,469.77,-0.005,3.488,3.488
2261,75.367,467.4,469.69,0.578,-1.685,1.781
2262,75.4,467.7,469.34,1.812,-6.335,6.589
2263,75.433,467.3,469.5,4.071,-11.028,11.756
2264,75.467,466.94,469.7,5.771,-15.764,16.787
2265,75.5,467.11,469.49,7.361,-20.86,22.121
2266,75.533,467.63,469.03,8.488,-25.453,26.831
2267,75.567,468.44,468.33,9.758,-30.734,32.246
2268,75.6,468.4,467.14,10.872,-36.52,38.104
2269,75.633,468.94,466.05,12.52,-42.39,44.2
2270,75.667,470.47,464.17,14.778,-48.591,50.788
2271,75.7,471.15,462.24,17.142,-54.403,57.04
2272,75.733,471.01,458.76,19.443,-59.774,62.857
2273,75.767,471.13,458.26,21.815,-65.293,68.841
2274,75.8,472.29,456.92,23.187,-68.892,72.69
2275,75.833,473.44,452.77,23.736,-71.378,75.221
2276,75.867,474.4,450.1,23.229,-72.071,75.722
2277,75.9,474.79,448.68,21.871,-70.353,73.674
2278,75.933,474.44,447.07,19.311,-64.719,67.539
2279,75.967,475.7,445.02,17.203,-56.792,59.34
2280,76.0,475.08,442.84,16.293,-47.456,50.175
2281,76.033,477.38,438.85,16.067,-37.407,40.712
2282,76.067,478.75,437.45,14.754,-26.025,29.916
2283,76.1,480.1,436.57,12.701,-15.845,20.307
2284,76.133,481.23,435.6,12.952,-7.425,14.929
2285,76.167,481.22,436.07,13.608,-0.071,13.608
2286,76.2,481.28,436.27,15.033,7.14,16.643
2287,76.233,480.88,436.86,16.498,15.791,22.838
2288,76.267,479.98,439.65,20.699,24.607,32.156
2289,76.3,480.28,440.68,27.824,33.055,43.207
2290,76.333,481.08,444.0,38.271,40.158,55.473
2291,76.367,483.15,447.2,51.015,46.547,69.059
2292,76.4,485.69,449.54,65.548,51.533,83.38
2293,76.433,489.73,448.14,81.514,55.308,98.506
2294,76.467,492.07,448.05,100.619,56.65,115.47
2295,76.5,493.26,448.4,122.65,55.274,134.53
2296,76.533,495.25,449.47,147.949,50.781,156.422
2297,76.567,501.96,447.86,173.961,44.873,179.655
2298,76.6,510.0,450.73,199.614,37.642,203.132
2299,76.633,513.77,455.85,222.424,29.482,224.369
2300,76.667,522.16,460.04,242.157,21.392,243.1
2301,76.7,530.26,463.05,260.455,12.609,260.76
2302,76.733,542.67,461.39,274.801,4.867,274.844
2303,76.767,552.31,462.76,285.621,-1.516,285.625
2304,76.8,562.48,460.86,293.461,-7.137,293.548
2305,76.833,570.91,459.4,297.617,-11.796,297.85
2306,76.867,581.05,458.44,297.782,-16.892,298.261
2307,76.9,592.38,457.29,292.276,-22.506,293.141
2308,76.933,605.48,453.26,281.976,-29.148,283.479
2309,76.967,615.91,450.52,266.583,-35.476,268.934
2310,77.0,623.58,448.47,247.512,-41.658,250.994
2311,77.033,629.85,448.16,227.333,-47.924,232.329
2312,77.067,635.52,448.14,207.296,-53.646,214.125
2313,77.1,640.79,447.47,186.645,-56.949,195.139
2314,77.133,648.82,446.87,166.383,-59.624,176.744
2315,77.167,655.77,445.64,149.491,-62.488,162.026
2316,77.2,657.74,446.04,134.767,-66.041,150.079
2317,77.233,662.67,444.14,122.977,-70.428,141.716
2318,77.267,666.02,441.64,111.612,-73.563,133.674
2319,77.3,667.79,437.62,101.433,-77.074,127.393
2320,77.333,669.14,434.14,92.89,-78.042,121.322
2321,77.367,670.23,430.66,87.195,-78.239,117.151
2322,77.4,674.26,425.96,83.536,-77.188,113.738
2323,77.433,677.3,421.76,80.862,-74.922,110.236
2324,77.467,680.7,418.73,77.212,-70.235,104.377
2325,77.5,684.85,416.21,72.149,-63.616,96.19
2326,77.533,687.98,415.34,66.122,-55.134,86.092
2327,77.567,691.49,413.92,59.652,-45.87,75.249
2328,77.6,694.89,413.15,52.698,-36.085,63.869
2329,77.633,696.01,413.4,45.784,-26.124,52.713
2330,77.667,696.65,412.76,37.64,-16.594,41.135
2331,77.7,696.93,412.76,28.467,-8.361,29.67
2332,77.733,696.57,413.08,20.263,-2.336,20.397
2333,77.767,697.07,413.67,12.075,1.542,12.173
2334,77.8,698.62,415.01,4.676,3.134,5.629
2335,77.833,698.97,412.88,-0.974,3.188,3.333
2336,77.867,698.46,413.98,-4.596,1.818,4.942
2337,77.9,697.61,413.61,-5.408,-1.128,5.524
2338,77.933,696.36,412.81,-4.857,-4.671,6.739
2339,77.967,694.84,412.38,-2.73,-7.865,8.325
2340,78.0,694.32,412.42,1.034,-10.809,10.858
2341,78.033,694.46,412.25,5.003,-12.956,13.888
2342,78.067,694.74,412.29,8.983,-15.205,17.66
2343,78.1,696.18,411.37,13.021,-16.117,20.72
2344,78.133,697.71,410.37,15.514,-15.847,22.177
2345,78.167,698.99,409.05,17.537,-15.822,23.619
2346,78.2,699.68,409.01,19.285,-14.882,24.359
2347,78.233,701.16,407.73,20.318,-14.297,24.844
2348,78.267,702.1,407.02,20.592,-15.133,25.555
2349,78.3,702.62,406.53,19.635,-17.232,26.124
2350,78.333,702.8,405.98,17.032,-20.496,26.649
2351,78.367,703.49,404.93,13.359,-25.556,28.837
2352,78.4,703.66,404.61,10.182,-32.388,33.951
2353,78.433,704.06,404.68,8.337,-39.784,40.648
2354,78.467,704.57,403.78,8.601,-46.313,47.105
2355,78.5,703.88,403.12,10.447,-52.057,53.095
2356,78.533,704.31,401.69,13.936,-57.801,59.457
2357,78.567,705.26,401.06,19.755,-64.112,67.087
2358,78.6,704.46,397.94,27.306,-70.148,75.275
2359,78.633,705.63,393.82,34.969,-77.06,84.623
2360,78.667,705.98,390.89,42.601,-82.956,93.255
2361,78.7,705.81,385.49,50.513,-88.047,101.508
2362,78.733,706.71,381.19,57.224,-92.169,108.488
2363,78.767,708.91,378.57,61.726,-96.753,114.766
2364,78.8,712.28,375.26,62.286,-99.645,117.51
2365,78.833,716.22,370.02,58.692,-101.666,117.391
2366,78.867,720.93,370.27,53.407,-102.21,115.322
2367,78.9,723.98,368.89,46.31,-101.979,112.001
2368,78.933,725.89,366.96,38.583,-101.365,108.459
2369,78.967,726.44,362.62,30.709,-101.45,105.997
2370,79.0,728.66,357.61,22.645,-101.44,103.936
2371,79.033,730.28,353.24,15.736,-102.588,103.788
2372,79.067,729.18,350.25,10.345,-105.619,106.124
2373,79.1,727.86,345.03,5.562,-110.745,110.885
2374,79.133,727.57,343.5,3.218,-115.013,115.058
2375,79.167,726.04,338.72,2.265,-120.342,120.363
2376,79.2,721.89,334.89,3.14,-126.553,126.592
2377,79.233,719.58,329.2,5.601,-133.119,133.236
2378,79.267,717.46,328.26,9.009,-139.013,139.305
2379,79.3,719.57,322.84,12.443,-145.395,145.927
2380,79.333,724.53,318.42,15.522,-152.208,152.998
2381,79.367,726.52,312.01,17.038,-158.251,159.165
2382,79.4,729.4,306.74,17.281,-163.944,164.852
2383,79.433,731.32,300.83,16.965,-169.565,170.411
2384,79.467,732.63,295.81,15.535,-175.054,175.742
2385,79.5,734.43,288.88,13.575,-178.177,178.693
2386,79.533,735.26,283.12,10.056,-178.802,179.085
2387,79.567,734.35,279.23,5.005,-176.066,176.137
2388,79.6,734.53,274.69,-0.803,-170.368,170.37
2389,79.633,732.54,264.94,-5.233,-161.723,161.807
2390,79.667,730.34,259.64,-9.909,-151.35,151.674
2391,79.7,727.33,253.09,-13.239,-139.634,140.26
2392,79.733,725.36,248.9,-14.438,-126.726,127.545
2393,79.767,724.33,243.06,-13.619,-111.763,112.59
2394,79.8,724.7,238.91,-9.643,-97.534,98.01
2395,79.833,725.07,236.84,-4.567,-83.138,83.264
2396,79.867,727.66,237.22,-0.324,-69.452,69.452
2397,79.9,728.4,234.6,4.742,-55.784,55.985
2398,79.933,727.89,234.07,9.568,-42.868,43.923
2399,79.967,728.78,234.64,12.755,-31.927,34.381
2400,80.0,729.73,233.66,14.776,-22.526,26.94
2401,80.033,730.94,234.29,15.018,-13.845,20.426
2402,80.067,731.95,233.39,13.684,-6.544,15.169
2403,80.1,734.24,231.48,11.155,-1.683,11.281
2404,80.133,732.46,231.58,6.587,0.249,6.592
2405,80.167,732.66,229.71,1.101,2.044,2.321
2406,80.2,730.5,230.92,-4.416,2.229,4.947
2407,80.233,730.17,231.4,-8.762,2.251,9.047
2408,80.267,730.28,231.51,-11.798,2.112,11.986
2409,80.3,729.51,231.18,-13.351,2.916,13.666
2410,80.333,729.59,231.58,-13.353,4.549,14.106
2411,80.367,730.06,231.86,-12.711,6.496,14.275
2412,80.4,728.52,231.76,-12.002,7.231,14.012
2413,80.433,726.61,231.18,-11.171,8.85,14.252
2414,80.467,727.42,233.45,-9.621,10.401,14.168
2415,80.5,727.35,233.69,-7.702,11.16,13.56
2416,80.533,727.18,233.6,-5.4,11.849,13.021
2417,80.567,726.48,233.57,-2.264,11.79,12.005
2418,80.6,726.28,233.05,-0.541,9.978,9.992
2419,80.633,726.77,233.24,-1.092,7.781,7.858
2420,80.667,727.61,233.79,-2.517,4.758,5.382
2421,80.7,727.94,234.88,-3.927,2.056,4.433
2422,80.733,727.89,235.62,-5.128,-1.271,5.283
2423,80.767,727.93,235.05,-5.481,-4.985,7.409
2424,80.8,727.71,234.82,-7.259,-9.045,11.598
2425,80.833,726.11,234.62,-9.021,-12.234,15.2
2426,80.867,726.45,234.28,-11.984,-14.908,19.128
2427,80.9,725.34,234.68,-15.921,-17.59,23.726
2428,80.933,725.19,233.68,-18.496,-19.263,26.705
2429,80.967,725.32,232.69,-19.472,-19.834,27.795
2430,81.0,724.95,231.48,-19.998,-20.93,28.948
2431,81.033,723.96,229.64,-19.819,-21.792,29.456
2432,81.067,720.31,226.68,-18.914,-21.774,28.842
2433,81.1,720.49,227.14,-17.288,-22.118,28.073
2434,81.133,720.66,226.96,-14.53,-21.398,25.865
2435,81.167,722.33,226.5,-11.1,-19.887,22.775
2436,81.2,720.43,226.49,-7.343,-17.733,19.193
2437,81.233,720.55,226.1,-3.653,-16.169,16.577
2438,81.267,717.55,225.97,0.209,-14.978,14.98
2439,81.3,718.71,226.62,3.255,-14.149,14.518
2440,81.333,718.31,225.6,5.878,-13.337,14.575
2441,81.367,720.37,224.53,8.398,-12.662,15.193
2442,81.4,722.44,224.86,9.746,-12.335,15.72
2443,81.433,722.11,223.62,10.973,-12.944,16.969
2444,81.467,722.31,222.86,11.651,-13.836,18.088
2445,81.5,722.46,222.48,11.329,-14.631,18.505
2446,81.533,722.72,222.12,10.458,-15.227,18.472
2447,81.567,723.01,220.54,8.277,-15.99,18.006
2448,81.6,724.19,221.8,7.661,-15.275,17.089
2449,81.633,724.26,221.13,6.553,-14.691,16.086
2450,81.667,724.21,220.25,5.128,-13.847,14.766
2451,81.7,723.68,218.79,2.398,-12.495,12.723
2452,81.733,723.62,218.81,0.627,-10.471,10.49
2453,81.767,722.67,218.18,-1.989,-8.876,9.096
2454,81.8,723.17,218.73,-2.86,-7.501,8.027
2455,81.833,722.72,218.36,-3.067,-6.461,7.153
2456,81.867,722.96,217.95,-2.38,-5.291,5.802
2457,81.9,723.69,217.95,-1.91,-4.153,4.571
2458,81.933,723.6,218.19,-2.038,-3.576,4.116
2459,81.967,723.31,218.33,-2.03,-3.347,3.914
2460,82.0,723.26,217.59,-1.907,-3.679,4.144
2461,82.033,722.2,216.64,-1.877,-4.145,4.55
2462,82.067,723.52,217.58,-1.835,-4.806,5.144
2463,82.1,722.52,217.38,-2.001,-4.994,5.38
2464,82.133,722.78,217.7,-2.845,-6.792,7.364
2465,82.167,722.75,217.72,-3.383,-7.667,8.38
2466,82.2,722.94,217.38,-4.17,-8.821,9.757
2467,82.233,721.78,215.66,-4.466,-9.221,10.245
2468,82.267,723.02,216.35,-4.455,-8.792,9.856
2469,82.3,723.24,216.52,-3.987,-7.658,8.633
2470,82.333,722.15,215.59,-3.772,-6.951,7.908
2471,82.367,722.03,214.77,-3.52,-6.063,7.011
2472,82.4,721.68,214.37,-3.115,-5.151,6.02
2473,82.433,721.15,213.44,-2.894,-4.421,5.284
2474,82.467,721.11,213.53,-2.239,-4.134,4.701
2475,82.5,720.74,214.23,-2.087,-4.946,5.369
2476,82.533,720.93,213.95,-1.699,-5.598,5.85
2477,82.567,720.93,213.74,-0.802,-5.427,5.486
2478,82.6,721.52,213.68,-0.574,-6.118,6.145
2479,82.633,722.22,215.65,0.015,-7.043,7.043
2480,82.667,721.59,213.9,-0.013,-8.141,8.141
2481,82.7,722.14,214.9,-0.218,-9.65,9.652
2482,82.733,721.7,215.05,-0.942,-11.557,11.595
2483,82.767,720.97,213.45,-1.689,-12.345,12.46
2484,82.8,720.87,212.2,-2.923,-12.903,13.23
2485,82.833,720.98,211.86,-4.37,-13.34,14.037
2486,82.867,721.67,210.88,-4.998,-12.799,13.74
2487,82.9,721.63,210.21,-5.206,-11.072,12.235
2488,82.933,721.46,209.53,-4.968,-7.709,9.171
2489,82.967,720.23,208.99,-4.083,-3.946,5.678
2490,83.0,721.18,210.18,-2.814,1.286,3.095
2491,83.033,720.42,210.12,-0.904,6.83,6.889
2492,83.067,720.11,209.14,1.408,11.99,12.073
2493,83.1,719.71,209.87,4.688,15.483,16.177
2494,83.133,719.18,210.63,6.91,18.119,19.392
2495,83.167,719.71,210.88,8.506,19.37,21.155
2496,83.2,719.72,212.03,10.858,20.483,23.183
2497,83.233,720.36,214.09,12.53,20.276,23.835
2498,83.267,722.09,215.26,14.016,19.652,24.138
2499,83.3,722.87,216.22,15.612,19.012,24.601
2500,83.333,723.88,217.74,16.77,17.88,24.514
2501,83.367,724.22,218.68,17.099,16.411,23.7
2502,83.4,724.55,219.19,16.25,14.783,21.968
2503,83.433,725.06,217.72,14.519,12.916,19.433
2504,83.467,725.44,219.21,12.202,11.2,16.563
2505,83.5,725.92,216.98,9.083,9.696,13.286
2506,83.533,726.19,214.95,5.5,7.366,9.193
2507,83.567,726.23,214.4,1.915,4.485,4.877
2508,83.6,724.56,216.98,-1.796,3.032,3.524
2509,83.633,726.23,218.55,-4.663,2.004,5.075
2510,83.667,726.9,218.75,-7.013,1.443,7.16
2511,83.7,725.47,219.78,-9.578,1.312,9.668
2512,83.733,725.25,220.71,-12.011,1.009,12.054
2513,83.767,724.59,219.72,-14.796,-0.079,14.796
2514,83.8,723.37,219.08,-18.073,-1.185,18.112
2515,83.833,722.43,219.44,-21.097,-2.518,21.247
2516,83.867,721.93,218.7,-24.321,-4.725,24.776
2517,83.9,721.37,218.2,-27.142,-7.602,28.186
2518,83.933,720.71,217.89,-29.158,-10.893,31.127
2519,83.967,719.42,217.09,-30.482,-13.668,33.406
2520,84.0,720.32,216.37,-31.82,-17.265,36.202
2521,84.033,718.68,216.22,-33.169,-20.522,39.005
2522,84.067,717.53,217.2,-34.942,-22.767,41.705
2523,84.1,716.58,215.58,-36.813,-23.678,43.771
2524,84.133,713.65,214.42,-37.875,-24.872,45.311
2525,84.167,711.46,212.85,-39.401,-26.404,47.43
2526,84.2,709.99,211.85,-41.629,-27.569,49.93
2527,84.233,708.69,211.45,-42.904,-28.231,51.359
2528,84.267,708.52,211.35,-44.052,-28.92,52.696
2529,84.3,707.93,210.11,-43.942,-28.66,52.463
2530,84.333,706.63,209.11,-42.289,-27.535,50.463
2531,84.367,706.09,208.53,-39.35,-26.111,47.225
2532,84.4,705.05,207.66,-35.52,-24.422,43.106
2533,84.433,703.05,206.23,-30.703,-22.244,37.914
2534,84.467,700.57,204.88,-24.989,-19.155,31.486
2535,84.5,699.39,203.24,-17.725,-15.024,23.236
2536,84.533,698.02,203.32,-10.086,-10.32,14.43
2537,84.567,697.87,203.69,-2.362,-5.195,5.707
2538,84.6,697.64,203.37,5.741,-0.53,5.765
2539,84.633,698.15,203.47,13.582,4.615,14.345
2540,84.667,698.52,204.4,21.476,10.369,23.848
2541,84.7,700.39,205.49,28.622,16.701,33.139
2542,84.733,701.59,205.46,34.599,22.621,41.338
2543,84.767,704.2,206.12,40.082,27.693,48.718
2544,84.8,705.3,206.65,44.21,31.277,54.155
2545,84.833,706.5,207.31,46.496,33.591,57.361
2546,84.867,708.2,208.1,47.011,34.557,58.345
2547,84.9,710.47,210.27,45.426,34.003,56.743
2548,84.933,712.56,212.32,42.056,32.027,52.863
2549,84.967,714.74,213.3,37.684,29.242,47.699
2550,85.0,715.75,214.15,33.066,26.085,42.116
2551,85.033,715.52,215.84,27.669,23.13,36.063
2552,85.067,717.12,217.02,22.62,19.776,30.046
2553,85.1,716.79,217.95,17.674,16.31,24.05
2554,85.133,716.14,218.67,13.31,12.592,18.323
2555,85.167,715.99,218.07,9.339,9.321,13.194
2556,85.2,716.9,217.02,6.704,6.546,9.37
2557,85.233,718.28,216.87,4.501,3.982,6.01
2558,85.267,717.87,216.42,3.551,2.764,4.501
2559,85.3,717.27,216.26,3.2,2.901,4.319
2560,85.333,717.28,216.47,3.633,4.123,5.496
2561,85.367,717.71,216.76,4.792,6.482,8.061
2562,85.4,718.1,217.11,7.05,10.255,12.445
2563,85.433,718.36,217.82,9.443,14.044,16.924
2564,85.467,718.42,218.41,11.232,17.402,20.712
2565,85.5,718.38,218.81,12.379,20.526,23.97
2566,85.533,719.47,219.25,13.378,23.529,27.066
2567,85.567,719.65,220.1,14.332,25.224,29.011
2568,85.6,720.17,220.42,14.298,25.186,28.962
2569,85.633,720.69,222.55,13.128,22.78,26.292
2570,85.667,721.91,223.89,12.281,18.865,22.51
2571,85.7,722.1,224.72,11.357,14.046,18.063
2572,85.733,723.12,226.15,9.68,9.1,13.286
2573,85.767,723.25,226.54,6.646,4.416,7.979
2574,85.8,722.92,226.14,3.937,0.297,3.948
2575,85.833,723.34,226.21,1.982,-3.622,4.129
2576,85.867,723.99,225.94,0.432,-7.682,7.694
2577,85.9,722.96,224.43,-0.629,-11.767,11.784
2578,85.933,722.47,223.54,-0.961,-15.844,15.873
2579,85.967,722.97,222.61,-2.118,-19.948,20.06
2580,86.0,722.68,221.44,-3.335,-23.691,23.924
2581,86.033,721.48,219.35,-4.169,-27.022,27.342
2582,86.067,720.83,217.96,-4.55,-29.893,30.237
2583,86.1,719.81,217.31,-6.412,-32.037,32.673
2584,86.133,721.02,218.38,-10.264,-32.517,34.098
2585,86.167,720.05,218.04,-16.787,-33.191,37.194
2586,86.2,719.63,218.03,-22.788,-33.92,40.864
2587,86.233,719.69,217.56,-30.307,-34.005,45.55
2588,86.267,720.57,215.64,-39.527,-33.986,52.129
2589,86.3,719.7,213.15,-50.871,-34.399,61.41
2590,86.333,718.09,211.1,-62.462,-35.183,71.689
2591,86.367,716.4,209.59,-74.104,-36.745,82.714
2592,86.4,713.51,208.07,-85.923,-38.801,94.278
2593,86.433,708.91,206.85,-96.058,-40.735,104.339
2594,86.467,707.0,205.78,-103.838,-42.798,112.312
2595,86.5,703.53,204.31,-110.201,-44.479,118.839
2596,86.533,698.59,203.33,-113.886,-45.719,122.721
2597,86.567,690.66,202.85,-114.519,-45.97,123.401
2598,86.6,686.51,201.85,-111.907,-45.077,120.645
2599,86.633,683.52,199.33,-105.724,-43.349,114.266
2600,86.667,683.31,198.52,-97.293,-41.431,105.747
2601,86.7,675.57,197.87,-86.324,-38.888,94.679
2602,86.733,672.53,195.72,-73.662,-36.429,82.178
2603,86.767,669.78,192.97,-60.237,-34.176,69.257
2604,86.8,670.35,191.41,-47.266,-31.553,56.83
2605,86.833,669.51,190.38,-34.98,-29.036,45.461
2606,86.867,668.98,189.87,-23.684,-26.369,35.444
2607,86.9,669.86,189.14,-13.518,-23.637,27.229
2608,86.933,670.05,188.69,-4.853,-19.653,20.243
2609,86.967,669.52,188.81,3.094,-13.836,14.178
2610,87.0,670.81,188.29,8.259,-6.775,10.682
2611,87.033,670.82,188.19,11.738,1.313,11.811
2612,87.067,671.49,188.68,14.125,9.598,17.077
2613,87.1,671.64,189.08,14.725,17.059,22.535
2614,87.133,671.41,189.97,12.573,23.508,26.659
2615,87.167,670.77,190.22,8.039,29.304,30.387
2616,87.2,670.44,190.14,-0.193,32.892,32.892
2617,87.233,670.44,190.57,-7.204,34.15,34.901
2618,87.267,670.66,191.06,-13.84,34.006,36.715
2619,87.3,670.76,191.5,-18.845,33.025,38.023
2620,87.333,671.2,194.24,-23.79,31.256,39.28
2621,87.367,671.6,197.33,-27.685,28.678,39.861
2622,87.4,670.65,201.25,-30.119,25.239,39.296
2623,87.433,669.97,203.22,-32.051,21.108,38.378
2624,87.467,668.3,203.02,-33.014,16.767,37.028
2625,87.5,667.03,202.55,-32.642,12.135,34.825
2626,87.533,663.08,201.6,-31.87,7.609,32.766
2627,87.567,657.43,200.57,-30.314,3.355,30.499
2628,87.6,657.01,199.78,-28.616,-0.831,28.628
2629,87.633,657.44,198.59,-25.968,-4.57,26.368
2630,87.667,657.63,197.48,-22.91,-7.94,24.247
2631,87.7,658.7,197.81,-18.996,-10.508,21.708
2632,87.733,659.11,198.08,-14.453,-11.841,18.684
2633,87.767,659.65,198.04,-9.696,-12.016,15.44
2634,87.8,658.97,198.29,-4.51,-10.736,11.645
2635,87.833,659.11,198.13,-0.549,-7.781,7.8
2636,87.867,659.06,198.05,2.219,-4.326,4.862
2637,87.9,658.36,198.02,3.094,-1.133,3.295
2638,87.933,658.39,198.47,2.905,0.754,3.001
2639,87.967,658.07,198.25,1.611,1.475,2.184
2640,88.0,657.9,197.96,-0.101,1.651,1.654
2641,88.033,657.79,197.95,-3.262,1.354,3.532
2642,88.067,657.88,197.82,-5.868,0.788,5.921
2643,88.1,658.65,198.08,-6.113,0.069,6.114
2644,88.133,657.79,198.06,-6.019,-0.657,6.055
2645,88.167,658.07,198.0,-6.097,-0.982,6.175
2646,88.2,657.72,197.94,-5.991,-0.713,6.034
2647,88.233,657.26,197.85,-6.208,-0.529,6.23
2648,88.267,656.88,198.01,-6.791,-0.384,6.801
2649,88.3,654.8,197.97,-7.663,-0.13,7.664
2650,88.333,655.56,197.92,-8.241,-0.066,8.241
2651,88.367,655.54,197.84,-9.005,0.063,9.005
2652,88.4,656.44,197.98,-9.585,0.224,9.588
2653,88.433,656.66,197.91,-10.259,0.327,10.264
2654,88.467,656.29,197.82,-10.28,0.193,10.282
2655,88.5,654.87,197.84,-9.816,0.252,9.82
2656,88.533,655.03,197.81,-8.482,0.409,8.492
2657,88.567,654.4,197.9,-6.66,0.676,6.694
2658,88.6,653.58,198.16,-3.983,0.941,4.093
2659,88.633,653.27,198.19,-1.509,0.992,1.806
2660,88.667,653.48,198.1,1.643,0.889,1.868
2661,88.7,653.35,198.01,4.734,0.75,4.793
2662,88.733,653.25,198.13,7.601,0.564,7.621
2663,88.767,653.76,198.09,10.02,0.397,10.028
2664,88.8,653.95,197.95,12.083,0.107,12.083
2665,88.833,654.24,198.09,14.455,-0.289,14.457
2666,88.867,655.06,198.07,16.161,-0.472,16.168
2667,88.9,655.42,198.1,17.335,-1.098,17.37
2668,88.933,657.62,198.34,17.026,-1.412,17.084
2669,88.967,658.03,198.43,15.568,-1.614,15.652
2670,89.0,659.22,198.11,13.248,-1.668,13.353
2671,89.033,659.48,198.07,10.928,-1.586,11.043
2672,89.067,660.36,197.68,8.06,-1.45,8.19
2673,89.1,659.87,197.59,4.932,-1.299,5.1
2674,89.133,660.14,197.54,2.251,-1.208,2.555
2675,89.167,659.6,197.62,0.253,-1.037,1.067
2676,89.2,658.85,197.54,-1.935,-0.962,2.161
2677,89.233,658.42,197.52,-4.347,-0.877,4.434
2678,89.267,658.3,197.45,-6.725,-0.857,6.779
2679,89.3,657.7,197.42,-9.03,-0.925,9.077
2680,89.333,657.73,197.62,-10.603,-0.958,10.646
2681,89.367,657.15,197.11,-11.208,-1.05,11.257
2682,89.4,656.64,198.26,-11.39,-1.065,11.44
2683,89.433,656.96,197.73,-10.425,-0.969,10.469
2684,89.467,657.08,197.68,-9.397,-1.036,9.454
2685,89.5,657.24,197.59,-9.336,-1.178,9.41
2686,89.533,657.1,197.38,-8.883,-0.992,8.939
2687,89.567,656.83,197.38,-7.017,-0.683,7.05
2688,89.6,656.98,197.36,-4.313,-0.031,4.314
2689,89.633,656.27,197.25,-0.793,0.546,0.963
2690,89.667,654.55,196.89,2.873,0.892,3.008
2691,89.7,654.1,197.01,6.821,0.844,6.873
2692,89.733,654.61,197.02,10.965,0.831,10.997
2693,89.767,655.46,197.0,15.062,0.742,15.08
2694,89.8,656.43,197.22,18.348,0.71,18.362
2695,89.833,656.9,197.45,22.551,0.711,22.563
2696,89.867,657.13,197.71,24.024,0.7,24.035
2697,89.9,658.31,197.86,26.122,0.835,26.135
2698,89.933,658.66,197.87,27.008,0.451,27.012
2699,89.967,659.01,198.17,26.432,0.302,26.434
2700,90.0,663.8,198.36,24.465,-0.016,24.465
2701,90.033,665.75,198.01,21.094,-0.371,21.097
2702,90.067,665.89,197.62,16.653,-0.669,16.666
2703,90.1,665.44,196.9,11.505,-1.083,11.556
2704,90.133,665.39,196.66,5.593,-1.457,5.78
2705,90.167,665.25,196.77,-0.363,-1.75,1.787
2706,90.2,664.88,197.32,-5.348,-1.837,5.654
2707,90.233,664.42,197.23,-9.56,-1.799,9.728
2708,90.267,663.68,197.38,-13.236,-1.514,13.322
2709,90.3,663.88,197.35,-16.313,-1.088,16.349
2710,90.333,659.92,197.36,-18.82,-0.707,18.833
2711,90.367,662.86,197.15,-20.032,-0.296,20.034
2712,90.4,659.33,197.42,-19.935,0.089,19.936
2713,90.433,659.11,197.31,-18.849,0.473,18.855
2714,90.467,658.8,196.98,-16.408,0.717,16.423
2715,90.5,658.65,197.12,-12.513,0.777,12.537
2716,90.533,658.74,197.09,-9.576,0.501,9.589
2717,90.567,658.8,197.04,-7.354,0.181,7.357
2718,90.6,658.68,197.26,-5.702,-0.181,5.705
2719,90.633,658.63,197.21,-3.866,-0.247,3.874
2720,90.667,658.43,197.21,-2.242,-0.121,2.246
2721,90.7,658.07,197.38,-0.911,0.067,0.913
2722,90.733,657.98,197.36,-0.08,0.072,0.108
2723,90.767,658.16,197.12,0.005,0.13,0.13
2724,90.8,658.32,197.14,0.107,0.115,0.157
2725,90.833,658.72,197.36,-0.72,0.107,0.728
2726,90.867,658.29,197.36,-0.335,0.026,0.336
2727,90.9,658.31,197.31,-1.697,0.073,1.698
2728,90.933,658.18,197.12,-1.824,-0.056,1.825
2729,90.967,658.13,197.27,-1.577,-0.19,1.588
2730,91.0,658.07,197.11,-1.91,-0.188,1.919
2731,91.033,657.47,197.15,-2.232,-0.158,2.237
2732,91.067,657.3,197.09,-2.736,-0.179,2.742
2733,91.1,658.06,197.2,-3.169,-0.176,3.174
2734,91.133,657.73,197.22,-3.359,-0.205,3.365
2735,91.167,657.52,197.24,-3.521,-0.203,3.527
2736,91.2,657.14,197.27,-3.379,-0.136,3.382
2737,91.233,657.15,197.25,-2.957,-0.173,2.962
2738,91.267,657.81,197.23,-2.32,-0.195,2.328
2739,91.3,657.06,197.22,-1.582,-0.106,1.585
2740,91.333,656.97,197.16,-0.849,0.078,0.853
2741,91.367,657.28,197.22,-0.329,0.196,0.383
2742,91.4,657.03,197.12,0.183,0.246,0.306
2743,91.433,656.8,197.14,0.532,0.229,0.579
2744,91.467,655.64,197.14,0.763,0.273,0.81
2745,91.5,656.76,197.18,0.826,0.192,0.848
2746,91.533,656.95,197.02,0.715,0.226,0.75
2747,91.567,657.5,197.18,0.878,0.267,0.918
2748,91.6,657.61,197.32,1.138,0.406,1.209
2749,91.633,657.48,197.29,1.179,0.485,1.275
2750,91.667,657.73,197.35,0.959,0.576,1.118
2751,91.7,657.51,197.3,0.807,0.688,1.06
2752,91.733,657.54,197.4,0.656,0.671,0.939
2753,91.767,657.5,197.4,0.4,0.617,0.736
2754,91.8,657.31,197.46,-0.308,0.536,0.618
2755,91.833,657.16,197.33,-0.75,0.47,0.885
2756,91.867,656.92,197.22,-0.909,0.391,0.99
2757,91.9,656.97,197.23,-1.341,0.267,1.368
2758,91.933,656.97,197.33,-1.775,0.161,1.782
2759,91.967,657.02,197.38,-2.106,0.108,2.109
2760,92.0,657.13,197.53,-1.542,0.023,1.542
2761,92.033,657.3,197.5,-1.529,-0.419,1.585
2762,92.067,657.2,197.52,-1.161,-0.519,1.272
2763,92.1,657.17,197.43,-0.989,-0.539,1.127
2764,92.133,656.56,197.46,-0.762,-0.476,0.898
2765,92.167,656.93,197.4,-0.606,-0.245,0.654
2766,92.2,656.63,197.24,-0.513,0.293,0.59
2767,92.233,656.75,197.36,-0.559,0.698,0.895
2768,92.267,656.89,197.39,-0.572,0.986,1.14
2769,92.3,657.02,197.41,-0.707,1.034,1.252
2770,92.333,657.06,197.31,-0.612,1.072,1.235
2771,92.367,656.51,197.35,-0.233,1.333,1.353
2772,92.4,656.58,197.34,0.289,1.618,1.644
2773,92.433,656.71,197.39,0.674,1.94,2.054
2774,92.467,656.81,197.26,0.828,2.001,2.166
2775,92.5,656.55,197.33,1.131,2.061,2.351
2776,92.533,657.3,198.31,1.317,1.963,2.364
2777,92.567,656.86,198.22,1.438,1.619,2.165
2778,92.6,656.95,198.34,1.42,1.23,1.878
2779,92.633,656.72,198.37,0.961,0.872,1.298
2780,92.667,656.99,198.28,1.274,0.484,1.362
2781,92.7,656.84,197.56,1.145,0.033,1.145
2782,92.733,657.33,197.73,0.737,-0.25,0.778
2783,92.767,657.32,197.75,0.412,-0.507,0.653
2784,92.8,657.7,198.24,0.02,-0.772,0.773
2785,92.833,657.52,198.23,-0.464,-0.956,1.063
2786,92.867,657.02,197.82,-0.868,-1.018,1.337
2787,92.9,656.81,197.74,-0.613,-1.036,1.204
2788,92.933,656.91,197.47,-0.559,-0.978,1.126
2789,92.967,657.41,197.75,-0.446,-0.824,0.937
2790,93.0,657.06,197.55,0.073,-0.494,0.499
2791,93.033,657.06,197.48,0.019,0.044,0.048
2792,93.067,656.73,197.84,-0.314,0.206,0.376
2793,93.1,656.7,197.85,-0.603,0.309,0.678
2794,93.133,657.42,197.81,-0.575,0.137,0.591
2795,93.167,656.22,197.78,-0.27,-0.074,0.28
2796,93.2,656.44,197.98,-0.201,-0.428,0.473
2797,93.233,657.29,197.89,-0.446,-0.33,0.555
2798,93.267,657.22,197.8,-0.435,-0.098,0.446
2799,93.3,657.39,197.87,-0.371,0.263,0.455
2800,93.333,657.64,197.76,-0.449,0.367,0.58
2801,93.367,657.54,197.68,-0.506,0.297,0.587
2802,93.4,656.69,197.69,-0.07,0.304,0.312
2803,93.433,657.07,197.73,0.586,0.333,0.674
2804,93.467,656.88,197.71,1.016,0.349,1.074
2805,93.5,655.62,197.78,1.081,0.102,1.086
2806,93.533,656.94,197.64,1.222,0.137,1.23
2807,93.567,656.9,197.54,1.078,0.353,1.134
2808,93.6,657.38,197.59,1.075,0.345,1.129
2809,93.633,656.84,197.99,1.061,0.341,1.114
2810,93.667,656.54,197.97,0.758,0.334,0.828
2811,93.7,656.85,198.33,0.979,0.236,1.007
2812,93.733,658.13,198.28,1.065,0.088,1.068
2813,93.767,657.64,198.05,0.742,-0.164,0.76
2814,93.8,657.78,197.8,0.611,-0.242,0.657
2815,93.833,657.78,197.67,0.445,-0.453,0.635
2816,93.867,657.89,197.68,-0.027,-0.603,0.603
2817,93.9,657.27,197.65,-0.631,-0.702,0.944
2818,93.933,656.82,197.49,-0.582,-0.697,0.908
2819,93.967,656.99,197.73,-0.822,-0.61,1.024
2820,94.0,656.96,198.11,-0.887,-0.388,0.968
2821,94.033,656.76,197.85,-0.404,-0.302,0.504
2822,94.067,657.1,197.61,-0.5,-0.047,0.503
2823,94.1,657.06,197.72,-0.618,0.367,0.718
2824,94.133,657.16,197.65,-0.43,0.786,0.896
2825,94.167,656.9,197.62,0.023,1.06,1.06
2826,94.2,656.94,197.84,0.619,1.289,1.43
2827,94.233,657.38,197.73,1.311,1.233,1.8
2828,94.267,657.7,198.02,1.489,1.261,1.951
2829,94.3,657.48,197.78,1.694,1.176,2.062
2830,94.333,657.34,198.02,1.686,1.127,2.028
2831,94.367,657.56,198.1,1.385,1.007,1.713
2832,94.4,657.76,198.24,0.943,0.718,1.185
2833,94.433,657.14,198.21,0.689,0.77,1.034
2834,94.467,657.28,198.15,0.544,0.759,0.934
2835,94.5,656.93,197.95,0.484,0.615,0.782
2836,94.533,657.29,198.24,0.27,0.205,0.339
2837,94.567,657.71,198.13,0.189,-0.308,0.362
2838,94.6,658.27,198.03,0.199,-0.603,0.635
2839,94.633,657.36,198.11,-0.173,-0.926,0.942
2840,94.667,657.33,198.07,-0.641,-1.132,1.301
2841,94.7,657.65,198.13,-0.881,-1.163,1.459
2842,94.733,657.54,198.25,-1.121,-1.269,1.693
2843,94.767,657.24,197.79,-1.512,-1.137,1.892
2844,94.8,657.28,197.85,-2.024,-1.109,2.308
2845,94.833,657.26,197.74,-2.323,-0.923,2.5
2846,94.867,657.53,197.85,-2.503,-0.981,2.688
2847,94.9,657.32,198.2,-2.652,-0.993,2.832
2848,94.933,657.13,197.43,-2.508,-0.974,2.691
2849,94.967,657.19,197.57,-2.474,-0.836,2.611
2850,95.0,656.69,197.55,-2.246,-0.721,2.359
2851,95.033,656.83,197.53,-1.763,-0.38,1.803
2852,95.067,656.68,197.89,-1.182,-0.243,1.207
2853,95.1,655.9,197.75,-0.71,-0.077,0.715
2854,95.133,656.49,197.83,-0.609,0.139,0.625
2855,95.167,656.59,197.83,-0.163,0.242,0.291
2856,95.2,656.47,197.68,0.501,0.358,0.616
2857,95.233,656.69,197.78,0.923,0.304,0.972
2858,95.267,656.88,197.52,0.992,0.141,1.002
2859,95.3,657.02,197.49,1.207,0.153,1.216
2860,95.333,656.97,197.45,1.303,0.105,1.307
2861,95.367,657.16,197.91,1.472,0.07,1.473
2862,95.4,657.17,197.98,1.41,0.056,1.411
2863,95.433,656.3,197.92,1.876,-0.125,1.88
2864,95.467,657.22,197.73,1.432,-0.064,1.434
2865,95.5,657.03,197.85,1.324,-0.171,1.335
2866,95.533,657.25,197.61,1.173,-0.197,1.19
2867,95.567,657.11,197.71,0.606,-0.116,0.617
2868,95.6,657.06,197.67,-0.031,-0.176,0.179
2869,95.633,657.12,197.6,-0.43,-0.04,0.432
2870,95.667,657.18,197.67,-1.802,-0.192,1.813
2871,95.7,656.68,197.57,-2.789,-0.125,2.792
2872,95.733,656.58,197.75,-3.34,-0.094,3.341
2873,95.767,657.19,197.7,-3.63,-0.215,3.636
2874,95.8,657.11,197.69,-3.474,-0.332,3.49
2875,95.833,657.3,197.72,-3.613,-0.268,3.622
2876,95.867,657.08,197.82,-3.547,-0.186,3.552
2877,95.9,657.01,197.66,-3.285,-0.147,3.288
2878,95.933,655.35,197.41,-5.08,-0.317,5.09
2879,95.967,656.78,197.49,-6.039,-0.5,6.06
2880,96.0,655.42,197.79,-6.518,-0.552,6.541
2881,96.033,655.19,197.79,-5.802,-0.657,5.839
2882,96.067,655.29,197.75,-3.955,-0.674,4.012
2883,96.1,655.04,197.74,-0.285,-0.209,0.354
2884,96.133,655.11,197.37,3.7,0.394,3.721
2885,96.167,657.07,197.85,8.603,0.965,8.657
2886,96.2,657.0,197.29,13.282,1.407,13.356
2887,96.233,657.0,197.34,17.543,1.693,17.625
2888,96.267,656.96,197.46,22.494,1.606,22.551
2889,96.3,656.25,197.78,27.424,1.363,27.457
2890,96.333,657.08,197.62,32.473,0.854,32.484
2891,96.367,657.23,197.87,36.867,0.83,36.876
2892,96.4,657.04,197.63,40.911,0.976,40.923
2893,96.433,663.01,198.03,44.037,1.338,44.057
2894,96.467,665.74,198.25,47.769,1.688,47.799
2895,96.5,667.97,198.37,49.39,1.965,49.429
2896,96.533,669.76,198.63,51.462,2.019,51.502
2897,96.567,671.07,199.07,51.427,2.098,51.47
2898,96.6,670.42,198.17,49.45,2.007,49.491
2899,96.633,672.26,197.74,45.046,1.809,45.082
2900,96.667,672.23,197.6,39.145,1.57,39.177
2901,96.7,674.13,197.48,31.084,0.881,31.097
2902,96.733,677.44,197.66,22.532,0.415,22.535
2903,96.767,678.13,198.18,13.016,-0.116,13.017
2904,96.8,678.77,198.67,4.447,-0.462,4.47
2905,96.833,678.81,199.7,-2.036,-1.035,2.284
2906,96.867,679.43,199.08,-7.247,-1.549,7.411
2907,96.9,679.04,198.69,-10.467,-1.85,10.629
2908,96.933,678.96,198.19,-10.542,-1.797,10.694
2909,96.967,676.59,198.26,-10.588,-1.744,10.731
2910,97.0,675.99,198.21,-10.705,-1.744,10.846
2911,97.033,671.56,198.15,-10.773,-1.479,10.874
2912,97.067,670.98,197.67,-10.697,-1.53,10.806
2913,97.1,670.11,197.56,-9.432,-2.046,9.651
2914,97.133,671.67,197.25,-6.993,-2.49,7.423
2915,97.167,672.46,197.31,-4.779,-2.824,5.551
2916,97.2,673.57,197.51,-1.554,-2.812,3.213
2917,97.233,673.83,197.47,1.8,-2.475,3.06
2918,97.267,676.53,197.71,4.366,-1.797,4.721
2919,97.3,676.7,197.38,6.56,-1.23,6.674
2920,97.333,675.95,197.71,7.952,-0.806,7.993
2921,97.367,676.14,198.1,9.234,-1.032,9.292
2922,97.4,676.39,197.81,9.073,-1.2,9.152
2923,97.433,675.51,197.62,7.522,-1.29,7.632
2924,97.467,674.11,197.46,4.62,-1.229,4.781
2925,97.5,674.7,197.45,2.181,-1.204,2.491
2926,97.533,675.31,196.58,-1.375,-1.241,1.852
2927,97.567,675.98,196.55,-3.34,-1.28,3.577
2928,97.6,674.28,196.49,-4.121,-1.239,4.303
2929,97.633,674.4,196.88,-3.843,-1.078,3.991
2930,97.667,675.39,197.3,-3.217,-0.824,3.321
2931,97.7,675.84,197.2,-2.204,-0.626,2.291
2932,97.733,676.13,197.24,-0.783,-0.48,0.918
2933,97.767,675.58,196.92,1.113,-0.22,1.135
2934,97.8,675.41,197.03,1.821,-0.135,1.826
2935,97.833,675.63,197.01,2.218,0.139,2.222
2936,97.867,674.23,197.09,2.905,0.21,2.913
2937,97.9,674.24,197.14,3.294,-0.061,3.294
2938,97.933,674.98,197.08,2.847,-0.355,2.869
2939,97.967,675.37,197.11,1.649,-0.691,1.788
2940,98.0,674.34,196.99,1.277,-1.042,1.648
2941,98.033,675.44,196.96,0.607,-1.499,1.617
2942,98.067,676.38,196.72,-0.79,-1.541,1.732
2943,98.1,675.79,196.8,-1.932,-1.325,2.343
2944,98.133,676.35,196.53,-2.791,-1.045,2.981
2945,98.167,676.19,196.59,-3.613,-0.825,3.706
2946,98.2,676.33,196.75,-4.608,-0.939,4.702
2947,98.233,675.64,196.76,-5.889,-0.887,5.956
2948,98.267,675.17,196.58,-7.923,-0.955,7.981
2949,98.3,674.94,196.65,-9.182,-0.854,9.222
2950,98.333,674.47,196.52,-10.167,-0.782,10.198
2951,98.367,673.4,196.54,-11.212,-0.638,11.23
2952,98.4,672.32,196.59,-11.234,-0.473,11.244
2953,98.433,672.01,196.59,-10.48,-0.376,10.487
2954,98.467,673.18,196.6,-9.732,-0.309,9.737
2955,98.5,672.39,196.57,-8.839,-0.346,8.845
2956,98.533,672.18,196.59,-6.877,-0.351,6.886
2957,98.567,672.9,196.58,-4.906,-0.366,4.92
2958,98.6,671.04,196.24,-3.268,-0.308,3.283
2959,98.633,671.62,196.35,-1.505,-0.306,1.536
2960,98.667,671.72,196.26,-0.21,-0.106,0.235
2961,98.7,671.27,196.6,0.833,-0.038,0.834
2962,98.733,671.29,196.33,1.54,0.142,1.547
2963,98.767,672.71,196.5,2.065,0.243,2.079
2964,98.8,672.01,196.52,2.151,0.337,2.177
2965,98.833,671.99,196.6,1.91,0.367,1.945
2966,98.867,672.37,196.55,1.434,0.366,1.48
2967,98.9,672.54,196.43,0.963,0.339,1.02
2968,98.933,672.14,196.45,0.927,0.347,0.99
2969,98.967,672.49,196.48,1.175,0.39,1.238
2970,99.0,672.7,196.6,0.68,0.406,0.792
2971,99.033,672.48,196.59,0.074,0.447,0.453
2972,99.067,672.15,196.56,-0.181,0.407,0.446
2973,99.1,671.96,196.61,-1.142,0.169,1.154
2974,99.133,672.08,196.65,-0.787,0.147,0.801
2975,99.167,672.16,196.51,-0.816,0.045,0.817
2976,99.2,672.23,196.83,-1.045,-0.13,1.053
2977,99.233,671.85,196.43,-0.667,-0.444,0.801
2978,99.267,671.76,196.41,-0.403,-0.338,0.526
2979,99.3,672.12,196.5,-0.546,-0.426,0.693
2980,99.333,672.07,196.49,-0.004,-0.375,0.375
2981,99.367,672.0,196.66,0.186,-0.357,0.403
2982,99.4,672.3,196.77,0.349,-0.52,0.626
2983,99.433,672.2,196.67,0.18,-0.424,0.461
2984,99.467,671.88,196.55,0.119,-0.18,0.215
2985,99.5,671.93,196.48,-0.577,0.085,0.584
2986,99.533,672.66,196.29,-2.145,0.225,2.157
2987,99.567,672.06,196.2,-3.192,0.347,3.211
2988,99.6,672.56,196.45,-4.213,0.518,4.245
2989,99.633,671.5,196.29,-4.31,0.728,4.371
2990,99.667,671.79,196.36,-3.41,0.982,3.549
2991,99.7,672.25,196.76,-1.194,1.137,1.649
2992,99.733,671.67,196.95,1.826,0.933,2.051
2993,99.767,672.37,196.46,5.966,0.754,6.014
2994,99.8,672.05,196.82,9.937,0.792,9.968
2995,99.833,671.05,196.59,12.969,1.432,13.048
2996,99.867,671.7,196.58,15.033,2.336,15.213
2997,99.9,671.3,197.12,16.815,2.048,16.94
2998,99.933,671.62,196.9,17.35,1.441,17.409
2999,99.967,671.79,196.66,17.247,0.064,17.247
3000,100.0,673.12,196.59,16.547,-1.6,16.625
3001,100.033,675.86,196.72,15.0,-3.501,15.403
3002,100.067,676.68,196.76,12.593,-5.88,13.899
3003,100.1,679.2,196.66,9.429,-8.431,12.649
3004,100.133,680.19,196.4,5.221,-11.34,12.484
3005,100.167,680.48,195.96,0.471,-13.099,13.107
3006,100.2,679.28,195.97,-4.414,-13.861,14.547
3007,100.233,678.06,196.09,-8.752,-13.726,16.279
3008,100.267,675.45,196.25,-11.847,-13.223,17.754
3009,100.3,674.37,195.65,-14.753,-11.379,18.632
3010,100.333,674.12,193.53,-15.923,-9.469,18.526
3011,100.367,674.37,191.34,-15.606,-7.341,17.246
3012,100.4,673.07,191.94,-13.414,-5.174,14.377
3013,100.433,673.28,190.96,-8.99,-2.884,9.441
3014,100.467,672.66,191.33,-3.33,-0.33,3.347
3015,100.5,672.29,191.13,3.583,2.332,4.275
3016,100.533,672.36,191.07,10.727,4.888,11.788
3017,100.567,671.74,192.27,17.047,6.857,18.375
3018,100.6,672.54,193.63,22.712,8.165,24.135
3019,100.633,673.6,195.99,26.899,8.751,28.287
3020,100.667,676.47,196.04,29.229,8.717,30.501
3021,100.7,678.61,196.05,29.902,8.315,31.036
3022,100.733,679.62,195.49,29.452,7.214,30.323
3023,100.767,680.45,195.87,27.77,5.297,28.271
3024,100.8,682.7,194.51,25.727,2.445,25.842
3025,100.833,682.84,194.58,23.118,-0.96,23.138
3026,100.867,684.66,194.83,19.602,-4.125,20.031
3027,100.9,684.04,195.35,15.455,-6.193,16.65
3028,100.933,682.96,194.83,11.392,-8.334,14.115
3029,100.967,682.82,194.21,6.923,-9.576,11.816
3030,101.0,682.5,193.57,2.857,-10.486,10.868
3031,101.033,682.75,192.85,-0.758,-10.484,10.511
3032,101.067,682.75,192.65,-4.356,-9.531,10.479
3033,101.1,683.33,192.51,-6.787,-7.979,10.475
3034,101.133,682.7,192.56,-8.299,-6.073,10.283
3035,101.167,682.95,192.58,-8.347,-5.043,9.752
3036,101.2,682.56,192.28,-8.274,-4.027,9.202
3037,101.233,682.03,192.18,-8.174,-3.094,8.74
3038,101.267,681.78,192.06,-7.518,-1.94,7.764
3039,101.3,681.83,191.95,-6.389,-1.279,6.516
3040,101.333,681.68,191.73,-5.8,-0.246,5.805
3041,101.367,681.95,192.03,-4.856,0.836,4.928
3042,101.4,681.25,191.84,-4.501,1.448,4.728
3043,101.433,680.9,191.94,-4.074,1.625,4.386
3044,101.467,680.64,191.95,-3.295,1.24,3.52
3045,101.5,679.88,192.37,-2.066,0.814,2.22
3046,101.533,679.4,192.5,-0.45,0.489,0.665
3047,101.567,680.34,192.86,1.06,0.282,1.097
3048,101.6,680.83,192.69,2.276,0.019,2.276
3049,101.633,681.44,192.23,3.001,-0.207,3.008
3050,101.667,680.95,192.38,3.588,-0.615,3.64
3051,101.7,681.06,192.3,3.765,-1.077,3.916
3052,101.733,681.43,192.19,4.035,-1.467,4.293
3053,101.767,681.47,191.86,4.297,-1.822,4.667
3054,101.8,681.67,191.94,4.126,-2.071,4.617
3055,101.833,682.06,192.09,3.741,-2.156,4.318
3056,101.867,682.15,191.63,3.154,-2.003,3.737
3057,101.9,681.87,191.85,2.572,-1.737,3.103
3058,101.933,682.1,191.31,2.133,-1.36,2.53
3059,101.967,682.61,191.96,1.052,-1.03,1.472
3060,102.0,682.11,191.88,0.24,-0.49,0.545
3061,102.033,681.67,191.63,-0.334,-0.099,0.349
3062,102.067,681.46,191.64,-0.579,0.286,0.645
3063,102.1,681.78,191.71,-0.336,0.42,0.538
3064,102.133,681.75,191.6,0.254,0.42,0.491
3065,102.167,682.13,191.8,0.507,0.664,0.835
3066,102.2,682.28,191.77,1.306,0.745,1.503
3067,102.233,681.78,191.85,1.394,1.17,1.82
3068,102.267,681.59,191.94,1.222,1.451,1.897
3069,102.3,682.25,191.99,0.614,1.587,1.702
3070,102.333,682.3,191.96,-0.944,1.316,1.619
3071,102.367,682.51,191.97,-2.213,0.745,2.335
3072,102.4,681.58,191.63,-3.835,0.201,3.84
3073,102.433,681.0,191.73,-5.265,-0.551,5.294
3074,102.467,682.19,192.02,-6.492,-1.261,6.614
3075,102.5,681.77,191.88,-7.576,-2.388,7.944
3076,102.533,682.22,191.96,-8.196,-3.478,8.904
3077,102.567,682.91,191.85,-8.061,-4.709,9.335
3078,102.6,681.71,191.81,-7.777,-5.776,9.687
3079,102.633,680.39,191.97,-7.74,-6.757,10.274
3080,102.667,679.8,191.7,-7.45,-7.196,10.358
3081,102.7,678.07,191.65,-6.993,-7.615,10.339
3082,102.733,678.47,190.41,-6.259,-7.772,9.978
3083,102.767,677.81,189.88,-5.547,-7.644,9.445
3084,102.8,677.94,189.6,-4.361,-7.165,8.388
3085,102.833,679.66,189.61,-3.862,-6.548,7.603
3086,102.867,678.82,189.34,-3.384,-5.641,6.578
3087,102.9,679.61,189.08,-2.897,-4.914,5.704
3088,102.933,680.04,188.73,-1.861,-3.811,4.241
3089,102.967,680.11,188.8,-0.168,-2.749,2.754
3090,103.0,679.72,188.85,1.931,-1.944,2.74
3091,103.033,679.49,188.61,4.419,-0.973,4.525
3092,103.067,678.55,189.23,6.652,-0.321,6.66
3093,103.1,678.7,189.3,7.922,0.237,7.926
3094,103.133,679.44,189.6,8.83,0.645,8.854
3095,103.167,679.65,189.13,9.579,0.49,9.591
3096,103.2,679.54,189.44,9.966,0.137,9.967
3097,103.233,679.07,189.55,10.731,-0.667,10.751
3098,103.267,680.03,189.47,10.899,-1.175,10.962
3099,103.3,679.93,189.07,11.393,-1.516,11.494
3100,103.333,681.55,188.97,11.547,-1.845,11.693
3101,103.367,682.61,188.46,10.813,-2.203,11.035
3102,103.4,683.47,188.85,10.267,-2.458,10.558
3103,103.433,684.55,188.47,9.201,-2.648,9.574
3104,103.467,685.45,188.49,7.571,-2.444,7.956
3105,103.5,684.41,188.67,5.283,-1.877,5.607
3106,103.533,683.98,188.23,2.747,-1.05,2.941
3107,103.567,683.32,188.47,-0.198,-0.338,0.392
3108,103.6,682.96,188.35,-3.156,0.112,3.158
3109,103.633,682.86,188.14,-4.51,0.003,4.51
3110,103.667,682.77,188.46,-5.43,-0.513,5.455
3111,103.7,682.65,188.38,-5.627,-0.892,5.697
3112,103.733,682.6,188.55,-4.594,-1.338,4.785
3113,103.767,682.94,188.57,-2.11,-1.886,2.83
3114,103.8,682.55,188.47,1.894,-2.823,3.399
3115,103.833,683.08,188.6,6.635,-3.083,7.316
3116,103.867,682.92,188.58,10.425,-2.457,10.711
3117,103.9,682.85,188.59,14.228,-1.165,14.275
3118,103.933,682.7,188.83,17.773,0.101,17.774
3119,103.967,682.76,188.62,20.252,1.546,20.31
3120,104.0,683.53,187.89,21.529,3.155,21.759
3121,104.033,684.42,187.05,22.029,4.287,22.443
3122,104.067,686.36,187.29,21.811,6.517,22.764
3123,104.1,689.7,186.99,21.355,9.52,23.381
3124,104.133,689.26,187.92,20.234,11.686,23.366
3125,104.167,690.43,188.61,19.171,12.879,23.095
3126,104.2,691.57,189.22,18.2,12.851,22.28
3127,104.233,692.01,189.66,17.226,11.569,20.751
3128,104.267,692.4,190.38,15.635,9.287,18.185
3129,104.3,690.49,192.27,14.377,6.063,15.603
3130,104.333,690.45,192.59,13.824,2.182,13.995
3131,104.367,692.21,191.81,13.388,-2.616,13.641
3132,104.4,692.02,191.49,13.28,-7.539,15.271
3133,104.433,691.72,191.46,13.462,-12.618,18.451
3134,104.467,692.15,191.59,14.281,-17.602,22.666
3135,104.5,692.34,191.21,15.929,-22.058,27.209
3136,104.533,693.59,191.9,17.909,-25.378,31.061
3137,104.567,694.71,189.39,20.367,-27.305,34.064
3138,104.6,695.42,185.35,22.498,-28.031,35.943
3139,104.633,697.32,183.99,23.184,-27.261,35.786
3140,104.667,697.8,183.02,23.633,-25.508,34.773
3141,104.7,698.11,182.11,23.143,-22.963,32.602
3142,104.733,698.66,181.95,21.234,-19.863,29.076
3143,104.767,700.95,181.39,18.306,-15.966,24.29
3144,104.8,701.11,181.23,14.727,-11.779,18.858
3145,104.833,701.03,181.1,12.067,-7.876,14.41
3146,104.867,701.07,182.01,9.659,-4.373,10.603
3147,104.9,701.26,182.05,6.365,-0.539,6.388
3148,104.933,701.71,182.67,3.255,3.296,4.632
3149,104.967,701.82,183.0,0.497,6.467,6.486
3150,105.0,701.52,183.23,-1.65,8.586,8.743
3151,105.033,701.61,183.16,-3.112,9.826,10.307
3152,105.067,701.12,183.31,-4.261,9.236,10.171
3153,105.1,700.74,183.18,-5.129,8.143,9.623
3154,105.133,700.04,183.17,-5.397,7.749,9.444
3155,105.167,699.89,183.01,-5.657,7.474,9.374
3156,105.2,699.63,183.21,-5.633,7.135,9.091
3157,105.233,700.2,183.92,-4.981,6.791,8.422
3158,105.267,700.72,184.14,-3.781,6.372,7.409
3159,105.3,700.61,184.88,-3.377,6.188,7.05
3160,105.333,699.94,184.77,-3.289,6.06,6.894
3161,105.367,699.45,185.52,-3.223,6.032,6.839
3162,105.4,699.55,185.5,-2.819,5.549,6.224
3163,105.433,699.42,185.25,-1.922,5.371,5.704
3164,105.467,699.76,185.56,-1.578,4.984,5.228
3165,105.5,699.35,185.98,-2.131,4.391,4.881
3166,105.533,699.35,185.93,-2.691,3.512,4.424
3167,105.567,699.31,185.93,-3.459,2.59,4.321
3168,105.6,699.46,186.02,-3.952,1.791,4.339
3169,105.633,699.38,186.21,-4.411,1.197,4.571
3170,105.667,699.0,185.9,-4.734,0.648,4.778
3171,105.7,699.14,185.9,-4.893,0.341,4.905
3172,105.733,698.77,186.14,-4.548,0.272,4.556
3173,105.767,698.15,186.09,-4.294,0.29,4.303
3174,105.8,697.95,185.92,-3.961,0.582,4.004
3175,105.833,698.44,185.99,-3.785,1.409,4.039
3176,105.867,698.82,186.21,-3.232,2.386,4.017
3177,105.9,698.31,186.68,-2.301,2.952,3.743
3178,105.933,696.78,186.29,-1.009,3.707,3.842
3179,105.967,696.71,186.21,0.14,4.402,4.404
3180,106.0,697.9,186.26,1.017,4.867,4.972
3181,106.033,697.96,186.61,1.876,5.087,5.422
3182,106.067,698.07,186.94,2.692,5.0,5.678
3183,106.1,697.68,186.78,3.072,4.327,5.307
3184,106.133,697.78,186.73,3.073,3.219,4.451
3185,106.167,698.39,187.12,2.75,1.684,3.225
3186,106.2,698.84,187.61,2.429,0.229,2.44
3187,106.233,698.82,188.05,1.662,-1.519,2.251
3188,106.267,699.13,188.3,0.699,-3.601,3.669
3189,106.3,698.68,188.54,-0.314,-5.62,5.629
3190,106.333,699.08,187.17,-1.479,-7.68,7.821
3191,106.367,699.01,186.95,-2.478,-9.602,9.916
3192,106.4,698.87,186.86,-3.752,-11.14,11.755
3193,106.433,697.92,185.93,-4.691,-12.292,13.157
3194,106.467,697.99,185.63,-4.564,-12.93,13.712
3195,106.5,697.74,185.08,-4.211,-13.211,13.866
3196,106.533,697.6,184.09,-4.404,-12.989,13.716
3197,106.567,697.01,183.41,-4.587,-12.278,13.107
3198,106.6,697.2,183.4,-4.49,-11.19,12.057
3199,106.633,697.12,183.21,-3.847,-9.622,10.363
3200,106.667,697.09,183.01,-2.854,-7.953,8.45
3201,106.7,696.68,182.32,-2.083,-5.71,6.078
3202,106.733,696.67,182.34,-1.499,-3.773,4.06
3203,106.767,696.75,182.49,-1.017,-2.039,2.279
3204,106.8,697.19,182.32,-0.96,-0.613,1.139
3205,106.833,697.98,182.89,-0.566,0.321,0.651
3206,106.867,697.38,183.33,-0.642,1.283,1.434
3207,106.9,697.42,183.28,-0.899,2.373,2.537
3208,106.933,696.99,182.78,-0.913,3.394,3.515
3209,106.967,696.33,182.83,-0.481,4.727,4.751
3210,107.0,696.4,183.24,-0.163,5.323,5.326
3211,107.033,696.85,183.44,0.419,5.299,5.316
3212,107.067,697.25,183.29,0.888,4.404,4.492
3213,107.1,697.06,183.14,1.256,3.234,3.47
3214,107.133,696.79,183.14,1.455,1.941,2.426
3215,107.167,696.42,184.02,1.676,0.816,1.865
3216,107.2,696.56,183.29,1.634,-0.376,1.677
3217,107.233,696.58,183.92,1.415,-1.807,2.295
3218,107.267,696.8,184.08,1.159,-2.618,2.863
3219,107.3,697.44,184.23,0.948,-2.942,3.091
3220,107.333,697.24,184.34,0.576,-2.624,2.686
3221,107.367,697.87,185.05,0.124,-1.981,1.985
3222,107.4,698.36,184.44,-0.178,-1.183,1.196
3223,107.433,697.85,183.42,-0.536,-0.377,0.655
3224,107.467,697.61,181.81,-0.919,0.569,1.081
3225,107.5,697.56,181.5,-0.812,1.35,1.576
3226,107.533,696.77,181.23,-0.817,1.752,1.933
3227,107.567,696.45,182.63,-1.201,2.253,2.553
3228,107.6,696.75,183.41,-1.677,2.969,3.41
3229,107.633,696.57,183.6,-1.881,3.903,4.333
3230,107.667,696.11,183.33,-1.515,4.968,5.194
3231,107.7,696.19,183.66,-0.913,5.241,5.32
3232,107.733,696.85,185.61,-0.265,5.478,5.484
3233,107.767,697.21,185.61,0.556,5.304,5.333
3234,107.8,697.46,185.61,1.305,4.241,4.438
3235,107.833,697.8,185.47,1.776,3.075,3.551
3236,107.867,697.13,184.91,2.175,1.539,2.664
3237,107.9,697.06,184.21,2.205,-0.852,2.364
3238,107.933,696.79,183.94,1.595,-3.385,3.742
3239,107.967,697.0,183.94,0.985,-5.818,5.9
3240,108.0,696.63,184.28,0.363,-6.921,6.93
3241,108.033,696.99,184.86,-0.491,-6.886,6.903
3242,108.067,697.73,184.53,-1.121,-5.761,5.869
3243,108.1,697.91,184.08,-1.733,-4.638,4.952
3244,108.133,697.8,183.47,-2.214,-3.219,3.907
3245,108.167,696.97,182.68,-2.587,-1.734,3.114
3246,108.2,696.91,182.66,-2.383,0.5,2.434
3247,108.233,696.83,182.76,-1.913,2.429,3.092
3248,108.267,696.56,182.38,-1.487,3.421,3.73
3249,108.3,696.55,183.57,-1.089,3.913,4.061
3250,108.333,696.38,183.3,-0.803,3.989,4.069
3251,108.367,696.52,183.55,-0.644,3.515,3.574
3252,108.4,696.38,184.18,-0.607,3.805,3.853
3253,108.433,696.68,184.8,-1.207,5.444,5.576
3254,108.467,696.64,186.04,-1.186,7.446,7.539
3255,108.5,696.43,186.18,-0.713,9.625,9.652
3256,108.533,696.5,185.85,-0.078,11.439,11.439
3257,108.567,696.61,185.63,0.762,12.966,12.989
3258,108.6,697.13,185.84,1.151,14.168,14.215
3259,108.633,696.9,185.45,1.188,15.026,15.073
3260,108.667,697.18,185.89,1.088,15.681,15.719
3261,108.7,696.95,185.3,1.461,16.058,16.124
3262,108.733,696.92,186.44,1.911,16.323,16.435
3263,108.767,696.79,187.05,2.431,16.288,16.469
3264,108.8,696.61,188.43,3.223,16.432,16.745
3265,108.833,696.48,189.99,4.083,15.814,16.332
3266,108.867,695.99,192.52,5.05,15.153,15.972
3267,108.9,696.59,193.02,5.599,14.4,15.45
3268,108.933,698.47,191.99,5.938,13.398,14.655
3269,108.967,698.31,192.17,5.994,12.101,13.504
3270,109.0,697.73,192.17,5.93,9.988,11.616
3271,109.033,698.31,192.65,5.877,7.571,9.584
3272,109.067,698.06,192.11,5.915,5.206,7.88
3273,109.1,698.45,191.99,5.851,3.014,6.581
3274,109.133,699.04,191.93,4.963,0.733,5.017
3275,109.167,699.47,191.79,4.088,-0.971,4.202
3276,109.2,699.45,192.41,2.772,-2.407,3.671
3277,109.233,699.54,192.23,1.082,-3.277,3.451
3278,109.267,699.55,192.38,-0.744,-3.093,3.181
3279,109.3,699.21,192.18,-2.052,-2.209,3.015
3280,109.333,698.83,192.36,-3.629,-0.367,3.647
3281,109.367,698.33,192.5,-4.573,1.369,4.773
3282,109.4,698.58,192.48,-4.514,2.046,4.956
3283,109.433,698.84,192.37,-3.535,2.308,4.222
3284,109.467,698.85,192.24,-2.577,2.603,3.663
3285,109.5,698.79,192.33,-1.144,2.808,3.032
3286,109.533,698.67,192.28,0.734,2.807,2.901
3287,109.567,698.01,192.16,2.412,2.268,3.311
3288,109.6,697.49,192.02,4.03,1.743,4.39
3289,109.633,698.08,192.38,5.725,0.9,5.796
3290,109.667,697.78,192.43,7.06,0.372,7.07
3291,109.7,697.98,192.76,8.245,0.018,8.245
3292,109.733,698.93,194.41,8.992,-0.763,9.025
3293,109.767,699.75,193.72,9.477,-1.581,9.608
3294,109.8,699.47,194.09,9.509,-2.413,9.81
3295,109.833,701.39,192.65,9.387,-2.859,9.812
3296,109.867,702.04,192.37,9.382,-3.227,9.921
3297,109.9,702.66,192.12,8.947,-3.594,9.642
3298,109.933,702.3,191.66,8.187,-4.106,9.159
3299,109.967,701.66,191.88,6.902,-4.706,8.354
3300,110.0,701.16,191.4,4.92,-5.121,7.101
3301,110.033,701.09,191.23,2.715,-5.7,6.313
3302,110.067,701.19,191.21,0.138,-6.14,6.142
3303,110.1,701.92,191.14,-2.061,-6.235,6.567
3304,110.133,701.75,191.76,-3.616,-6.076,7.071
3305,110.167,701.99,191.11,-5.015,-5.744,7.625
3306,110.2,701.5,190.76,-5.775,-5.241,7.799
3307,110.233,701.81,190.9,-5.978,-4.594,7.539
3308,110.267,701.51,191.08,-5.762,-4.893,7.56
3309,110.3,701.47,191.01,-5.457,-5.027,7.419
3310,110.333,701.07,190.36,-4.318,-5.66,7.119
3311,110.367,699.95,189.82,-3.559,-5.672,6.696
3312,110.4,700.2,189.26,-2.918,-5.599,6.314
3313,110.433,699.65,189.15,-2.788,-5.289,5.979
3314,110.467,699.35,189.18,-2.613,-4.74,5.412
3315,110.5,699.86,188.8,-1.888,-4.265,4.664
3316,110.533,699.72,189.09,-1.126,-3.549,3.724
3317,110.567,700.28,189.1,-0.171,-2.409,2.415
3318,110.6,700.36,188.85,0.585,-1.26,1.39
3319,110.633,700.25,188.97,0.899,-0.352,0.966
3320,110.667,700.29,188.81,1.109,0.066,1.111
3321,110.7,700.46,188.91,0.852,0.432,0.956
3322,110.733,700.69,188.73,0.656,0.886,1.103
3323,110.767,700.39,189.03,0.062,1.277,1.279
3324,110.8,700.65,189.0,-0.722,1.314,1.499
3325,110.833,700.48,189.32,-1.657,1.043,1.958
3326,110.867,700.26,189.2,-2.886,0.837,3.005
3327,110.9,700.02,189.38,-3.064,0.449,3.097
3328,110.933,700.28,189.2,-3.155,0.057,3.155
3329,110.967,700.24,189.29,-3.026,-0.273,3.038
3330,111.0,699.36,189.34,-2.516,-0.696,2.61
3331,111.033,699.56,189.41,-1.744,-1.029,2.025
3332,111.067,699.13,188.69,-0.609,-1.609,1.72
3333,111.1,699.34,188.43,-0.035,-2.165,2.165
3334,111.133,699.29,188.74,0.372,-2.607,2.633
3335,111.167,699.24,188.76,0.93,-2.951,3.094
3336,111.2,699.54,189.09,1.566,-3.118,3.489
3337,111.233,699.54,189.04,2.116,-3.216,3.85
3338,111.267,699.72,188.66,2.644,-3.105,4.078
3339,111.3,700.1,188.53,2.96,-2.824,4.091
3340,111.333,700.22,188.34,2.976,-2.333,3.781
3341,111.367,701.26,187.87,2.98,-2.137,3.667
3342,111.4,700.5,188.02,2.742,-1.904,3.338
3343,111.433,700.28,188.16,2.718,-1.85,3.288
3344,111.467,700.68,187.89,2.165,-2.048,2.98
3345,111.5,700.81,187.77,1.496,-2.766,3.145
3346,111.533,700.23,187.83,1.223,-3.312,3.53
3347,111.567,699.71,188.08,0.925,-2.604,2.763
3348,111.6,700.41,188.06,1.447,0.395,1.5
3349,111.633,700.86,188.24,2.144,4.497,4.982
3350,111.667,700.9,188.18,2.823,8.007,8.49
3351,111.7,700.87,188.26,3.463,10.559,11.112
3352,111.733,700.93,188.38,3.758,11.592,12.186
3353,111.767,700.54,188.6,4.246,12.161,12.881
3354,111.8,701.03,188.37,4.662,12.105,12.972
3355,111.833,701.24,188.21,4.656,12.092,12.957
3356,111.867,701.16,188.76,4.548,11.612,12.471
3357,111.9,701.74,189.17,3.785,11.404,12.016
3358,111.933,701.46,189.9,4.068,11.611,12.303
3359,111.967,702.27,191.55,4.173,10.267,11.083
3360,112.0,702.61,194.32,4.069,7.689,8.7
3361,112.033,702.96,196.35,3.373,3.863,5.128
3362,112.067,703.34,195.79,2.735,-1.072,2.938
3363,112.1,702.41,192.46,2.102,-6.604,6.931
3364,112.133,701.83,189.58,1.028,-12.265,12.308
3365,112.167,701.75,188.73,0.104,-18.443,18.444
3366,112.2,701.8,188.76,-1.045,-24.176,24.198
3367,112.233,702.28,189.97,-2.232,-30.17,30.252
3368,112.267,701.96,189.47,-2.959,-34.818,34.944
3369,112.3,701.95,189.71,-3.934,-37.98,38.183
3370,112.333,702.53,188.14,-5.021,-38.833,39.156
3371,112.367,702.8,187.37,-6.011,-36.378,36.871
3372,112.4,703.16,184.99,-6.843,-31.546,32.279
3373,112.433,701.18,180.56,-7.806,-24.227,25.453
3374,112.467,701.02,179.6,-8.072,-15.911,17.842
3375,112.5,700.15,178.88,-8.692,-6.097,10.617
3376,112.533,700.19,178.83,-9.002,2.05,9.233
3377,112.567,699.81,179.33,-9.706,8.927,13.187
3378,112.6,699.94,179.42,-10.771,14.992,18.46
3379,112.633,700.1,179.49,-11.337,21.392,24.211
3380,112.667,698.96,181.21,-11.523,28.12,30.389
3381,112.7,698.83,182.32,-10.75,34.592,36.224
3382,112.733,698.54,186.36,-10.452,38.854,40.236
3383,112.767,696.91,188.48,-10.472,40.325,41.663
3384,112.8,697.39,191.06,-10.75,38.744,40.207
3385,112.833,697.1,193.05,-11.363,34.789,36.597
3386,112.867,696.62,192.85,-13.147,29.556,32.349
3387,112.9,696.44,193.23,-15.955,22.223,27.357
3388,112.933,696.31,192.61,-19.534,14.442,24.293
3389,112.967,695.22,194.09,-22.623,7.747,23.913
3390,113.0,695.1,192.16,-26.117,1.843,26.182
3391,113.033,693.66,193.74,-29.085,-3.827,29.335
3392,113.067,693.35,193.19,-32.023,-9.164,33.308
3393,113.1,692.76,192.34,-34.776,-13.292,37.23
3394,113.133,691.63,191.26,-36.63,-16.456,40.157
3395,113.167,690.53,189.97,-37.795,-18.108,41.909
3396,113.2,687.2,187.42,-37.868,-19.863,42.761
3397,113.233,686.25,187.52,-38.338,-20.223,43.345
3398,113.267,684.29,187.12,-37.762,-19.75,42.615
3399,113.3,682.74,188.95,-35.731,-18.679,40.319
3400,113.333,681.02,188.79,-33.121,-17.783,37.593
3401,113.367,680.46,187.9,-29.986,-17.045,34.492
3402,113.4,680.07,188.22,-26.419,-15.834,30.801
3403,113.433,679.11,187.3,-22.882,-14.048,26.85
3404,113.467,678.26,186.82,-19.992,-11.826,23.228
3405,113.5,678.35,184.85,-17.171,-10.552,20.154
3406,113.533,677.79,184.6,-15.108,-8.527,17.348
3407,113.567,677.87,184.64,-13.201,-7.356,15.112
3408,113.6,678.65,182.83,-12.036,-6.37,13.617
3409,113.633,677.58,182.44,-11.865,-4.982,12.868
3410,113.667,676.35,181.92,-12.182,-3.451,12.661
3411,113.7,675.36,184.43,-12.897,-1.146,12.948
3412,113.733,677.05,185.66,-12.934,2.923,13.26
3413,113.767,676.05,184.64,-13.104,6.892,14.806
3414,113.8,675.48,184.76,-13.164,11.033,17.176
3415,113.833,674.41,185.31,-12.87,13.984,19.005
3416,113.867,673.52,185.45,-11.939,16.049,20.003
3417,113.9,672.54,186.01,-11.016,17.574,20.741
3418,113.933,671.76,185.45,-10.038,17.798,20.434
3419,113.967,671.86,185.95,-8.818,17.287,19.406
3420,114.0,671.63,187.06,-7.594,15.508,17.268
3421,114.033,671.72,188.16,-5.955,14.29,15.481
3422,114.067,671.81,189.15,-3.769,13.163,13.692
3423,114.1,671.96,190.4,-1.671,11.515,11.636
3424,114.133,672.72,190.6,-0.158,10.388,10.389
3425,114.167,672.87,191.51,1.28,9.223,9.312
3426,114.2,672.53,191.28,3.058,8.829,9.344
3427,114.233,672.46,190.22,4.819,7.627,9.022
3428,114.267,672.07,190.43,5.105,5.756,7.694
3429,114.3,672.38,190.28,4.97,3.968,6.36
3430,114.333,672.24,189.94,4.164,1.907,4.58
3431,114.367,672.05,190.05,2.926,-0.261,2.937
3432,114.4,672.38,190.07,1.792,-2.063,2.733
3433,114.433,672.44,190.32,0.798,-3.556,3.645
3434,114.467,672.83,190.58,-0.017,-3.769,3.769
3435,114.5,674.2,191.97,-0.991,-3.586,3.72
3436,114.533,673.85,191.61,-1.343,-3.328,3.589
3437,114.567,673.43,190.59,-1.552,-2.489,2.934
3438,114.6,673.37,190.29,-1.279,-1.342,1.854
3439,114.633,672.93,190.11,-0.846,1.247,1.507
3440,114.667,672.84,190.58,-0.71,2.741,2.832
3441,114.7,672.08,190.05,-0.678,2.614,2.701
3442,114.733,671.97,189.42,-0.532,1.975,2.045
3443,114.767,671.85,188.87,-0.738,1.641,1.799
3444,114.8,671.74,189.2,-0.561,0.683,0.884
3445,114.833,671.93,190.03,-0.688,-0.426,0.81
3446,114.867,672.55,190.61,-0.603,-1.485,1.603
3447,114.9,672.31,190.92,-0.437,-2.768,2.803
3448,114.933,672.46,191.14,0.192,-4.132,4.136
3449,114.967,672.9,190.6,0.827,-5.445,5.507
3450,115.0,673.68,191.2,1.206,-6.737,6.845
3451,115.033,673.23,192.08,0.709,-8.796,8.825
3452,115.067,673.44,191.61,-0.009,-10.973,10.973
3453,115.1,672.8,191.13,-0.862,-12.684,12.713
3454,115.133,672.56,186.17,-1.943,-14.109,14.242
3455,115.167,672.37,186.29,-3.298,-14.847,15.208
3456,115.2,672.06,187.07,-4.401,-15.293,15.914
3457,115.233,671.69,186.83,-4.646,-14.779,15.492
3458,115.267,672.28,185.92,-4.05,-13.027,13.642
3459,115.3,671.84,186.0,-2.823,-10.184,10.568
3460,115.333,672.26,185.65,-0.955,-6.852,6.918
3461,115.367,672.16,185.3,1.595,-3.513,3.858
3462,115.4,672.6,185.39,4.557,-0.04,4.558
3463,115.433,671.62,185.59,8.024,2.96,8.553
3464,115.467,671.61,185.48,11.019,5.522,12.326
3465,115.5,671.84,185.46,13.431,8.159,15.715
3466,115.533,672.09,185.72,14.798,9.858,17.781
3467,115.567,672.49,186.34,15.668,9.964,18.568
3468,115.6,673.11,187.01,15.282,8.815,17.642
3469,115.633,673.92,188.01,13.853,6.516,15.309
3470,115.667,675.77,188.4,11.515,5.569,12.791
3471,115.7,676.72,188.93,8.65,4.843,9.913
3472,115.733,677.31,188.96,5.023,3.229,5.972
3473,115.767,677.33,188.47,0.901,1.089,1.413
3474,115.8,677.62,188.15,-4.034,-0.887,4.13
3475,115.833,677.77,188.06,-8.448,-3.001,8.965
3476,115.867,677.15,188.04,-12.926,-4.641,13.734
3477,115.9,675.73,187.29,-16.642,-5.625,17.567
3478,115.933,674.01,187.52,-20.003,-5.727,20.807
3479,115.967,673.44,187.43,-22.26,-5.527,22.936
3480,116.0,672.37,186.61,-23.595,-4.461,24.013
3481,116.033,671.25,186.25,-24.15,-2.572,24.287
3482,116.067,669.65,186.26,-24.043,-0.038,24.043
3483,116.1,668.76,186.59,-23.179,2.823,23.35
3484,116.133,668.47,186.71,-21.723,6.217,22.596
3485,116.167,668.02,187.38,-20.186,9.6,22.353
3486,116.2,666.92,186.47,-19.49,13.112,23.491
3487,116.233,666.83,186.95,-19.601,15.963,25.279
3488,116.267,667.02,187.92,-20.697,17.265,26.953
3489,116.3,667.63,188.8,-21.892,17.547,28.057
3490,116.333,666.85,189.98,-23.431,16.841,28.855
3491,116.367,666.72,190.72,-25.231,15.365,29.542
3492,116.4,665.41,191.48,-27.175,13.244,30.231
3493,116.433,664.24,191.4,-28.493,10.87,30.496
3494,116.467,663.05,192.44,-28.201,7.8,29.26
3495,116.5,661.54,192.73,-27.997,4.832,28.411
3496,116.533,660.05,193.01,-27.142,2.537,27.261
3497,116.567,658.81,193.3,-25.496,0.387,25.499
3498,116.6,657.17,193.64,-23.331,-1.78,23.399
3499,116.633,655.42,192.86,-20.882,-4.739,21.413
3500,116.667,654.33,191.83,-18.569,-8.03,20.231
3501,116.7,653.84,189.87,-16.643,-11.658,20.32
3502,116.733,653.94,188.3,-15.13,-14.694,21.091
3503,116.767,655.04,188.71,-14.164,-16.895,22.046
3504,116.8,655.11,188.9,-14.008,-17.765,22.623
3505,116.833,655.38,189.29,-13.337,-18.243,22.598
3506,116.867,655.36,189.28,-14.038,-18.22,23.001
3507,116.9,655.73,189.0,-16.302,-17.233,23.722
3508,116.933,655.37,188.87,-20.141,-17.051,26.389
3509,116.967,652.99,189.03,-23.636,-17.769,29.57
3510,117.0,652.68,187.73,-28.658,-17.302,33.476
3511,117.033,651.05,185.68,-34.67,-15.261,37.88
3512,117.067,648.62,184.23,-40.261,-10.368,41.575
3513,117.1,646.97,182.81,-45.511,-6.007,45.906
3514,117.133,645.06,183.11,-50.042,-2.737,50.117
3515,117.167,643.08,183.47,-53.805,-0.097,53.805
3516,117.2,641.47,184.0,-56.151,2.272,56.197
3517,117.233,640.82,185.24,-58.2,4.601,58.381
3518,117.267,639.75,185.64,-59.838,7.178,60.267
3519,117.3,638.81,184.39,-61.347,9.305,62.049
3520,117.333,633.15,184.96,-62.807,10.875,63.742
3521,117.367,631.54,184.92,-64.791,11.569,65.816
3522,117.4,629.59,183.76,-66.155,11.638,67.171
3523,117.433,629.16,186.4,-67.362,10.888,68.236
3524,117.467,624.46,191.81,-68.445,9.11,69.048
3525,117.5,623.66,192.48,-67.57,6.218,67.855
3526,117.533,623.17,192.06,-66.187,3.225,66.265
3527,117.567,620.37,186.63,-64.319,0.573,64.321
3528,117.6,617.65,186.26,-60.765,-1.51,60.784
3529,117.633,614.83,186.41,-55.747,-3.166,55.837
3530,117.667,612.79,186.46,-51.199,-4.698,51.415
3531,117.7,609.26,185.94,-46.666,-6.176,47.073
3532,117.733,608.01,186.26,-42.557,-8.068,43.315
3533,117.767,606.62,186.42,-39.578,-10.103,40.847
3534,117.8,604.83,186.22,-37.319,-11.886,39.167
3535,117.833,604.25,186.12,-36.41,-12.248,38.415
3536,117.867,605.37,186.16,-34.641,-11.84,36.608
3537,117.9,604.77,185.68,-32.774,-10.247,34.338
3538,117.933,604.46,185.64,-30.569,-6.841,31.325
3539,117.967,604.68,185.85,-30.436,-3.157,30.599
3540,118.0,602.95,185.8,-28.336,-1.865,28.398
3541,118.033,601.62,184.95,-27.193,-0.631,27.2
3542,118.067,601.1,184.37,-27.771,0.555,27.777
3543,118.1,598.48,183.38,-28.602,3.642,28.833
3544,118.133,594.34,183.53,-30.385,6.686,31.112
3545,118.167,593.89,183.32,-32.185,8.965,33.411
3546,118.2,592.79,183.49,-34.164,10.337,35.693
3547,118.233,592.26,185.11,-36.483,11.502,38.253
3548,118.267,592.15,185.85,-38.31,11.918,40.121
3549,118.3,591.05,186.66,-39.122,12.259,40.998
3550,118.333,590.4,187.28,-39.61,11.753,41.317
3551,118.367,590.55,187.96,-40.036,10.441,41.375
3552,118.4,589.02,188.51,-40.823,8.373,41.673
3553,118.433,586.57,189.53,-41.997,5.929,42.414
3554,118.467,587.21,189.84,-43.647,3.041,43.753
3555,118.5,583.51,190.95,-44.384,-0.055,44.384
3556,118.533,581.69,189.57,-44.053,-3.19,44.169
3557,118.567,580.39,187.56,-43.68,-6.188,44.116
3558,118.6,577.85,186.72,-43.23,-8.877,44.132
3559,118.633,577.12,185.82,-40.848,-10.935,42.286
3560,118.667,575.2,185.75,-35.593,-12.588,37.753
3561,118.7,573.18,186.18,-28.634,-13.395,31.613
3562,118.733,574.44,185.87,-19.948,-13.34,23.997
3563,118.767,573.12,185.91,-10.432,-13.382,16.968
3564,118.8,570.88,184.2,-0.77,-12.994,13.017
3565,118.833,571.13,184.2,8.658,-12.281,15.027
3566,118.867,571.88,184.29,17.19,-11.336,20.591
3567,118.9,572.0,184.33,23.528,-10.25,25.664
3568,118.933,574.17,184.41,30.27,-9.241,31.65
3569,118.967,577.32,184.55,33.605,-9.102,34.816
3570,119.0,576.89,183.92,32.706,-9.238,33.986
3571,119.033,577.49,182.97,30.7,-9.545,32.149
3572,119.067,580.39,182.58,26.963,-8.852,28.379
3573,119.1,582.93,182.05,21.716,-7.194,22.876
3574,119.133,583.77,181.94,15.435,-4.802,16.164
3575,119.167,584.8,181.82,7.992,-1.557,8.143
3576,119.2,584.58,181.57,0.662,1.683,1.808
3577,119.233,583.71,181.31,-5.93,4.91,7.699
3578,119.267,582.89,181.71,-12.861,7.554,14.916
3579,119.3,581.47,181.76,-18.553,10.036,21.094
3580,119.333,580.43,181.84,-22.233,12.981,25.745
3581,119.367,579.2,182.22,-24.614,15.711,29.201
3582,119.4,578.66,182.64,-25.241,18.028,31.018
3583,119.433,572.07,183.58,-23.668,19.865,30.899
3584,119.467,573.78,185.87,-21.53,21.097,30.143
3585,119.5,575.0,187.86,-19.353,21.523,28.944
3586,119.533,574.52,188.3,-14.596,21.133,25.684
3587,119.567,574.49,188.05,-9.392,20.016,22.111
3588,119.6,574.03,188.67,-4.082,18.554,18.998
3589,119.633,574.89,188.86,0.636,16.556,16.568
3590,119.667,575.53,188.73,4.06,14.323,14.887
3591,119.7,575.71,189.43,5.045,11.759,12.796
3592,119.733,576.1,189.15,5.199,9.393,10.736
3593,119.767,576.14,190.5,4.719,7.224,8.629
3594,119.8,575.72,190.44,2.736,4.95,5.656
3595,119.833,575.93,190.75,0.186,3.336,3.342
3596,119.867,576.5,190.88,-3.036,2.198,3.748
3597,119.9,576.0,191.0,-6.196,1.448,6.363
3598,119.933,575.32,190.9,-9.985,0.969,10.032
3599,119.967,576.11,190.56,-10.355,1.07,10.41
3600,120.0,576.37,190.03,-10.529,0.777,10.557
3601,120.033,573.88,190.08,-10.423,-0.622,10.441
3602,120.067,574.71,190.73,-9.513,-1.573,9.643
3603,120.1,573.12,190.38,-7.691,-2.48,8.081
3604,120.133,571.19,190.89,-5.891,-1.431,6.063
3605,120.167,571.07,190.7,-2.608,-0.612,2.679
3606,120.2,572.98,190.97,1.147,-0.178,1.161
3607,120.233,572.57,190.53,6.312,-2.604,6.828
3608,120.267,571.98,190.4,11.082,-3.696,11.682
3609,120.3,573.4,190.63,15.331,-4.841,16.077
3610,120.333,574.08,189.74,19.27,-5.467,20.031
3611,120.367,575.22,189.36,21.683,-5.927,22.478
3612,120.4,575.43,189.19,22.401,-6.088,23.213
3613,120.433,576.76,189.72,21.862,-6.436,22.789
3614,120.467,577.58,189.34,21.055,-6.448,22.02
3615,120.5,578.37,189.23,18.834,-6.577,19.949
3616,120.533,578.85,190.5,15.726,-6.24,16.919
3617,120.567,579.77,189.74,13.188,-5.742,14.384
3618,120.6,580.09,190.66,9.918,-6.362,11.783
3619,120.633,583.5,185.79,7.276,-7.161,10.209
3620,120.667,582.39,184.6,5.303,-7.995,9.594
3621,120.7,582.47,184.18,4.497,-7.891,9.082
3622,120.733,579.64,189.79,3.673,-7.251,8.128
3623,120.767,579.07,188.78,2.576,-5.988,6.518
3624,120.8,578.49,188.55,2.899,-4.155,5.066
3625,120.833,577.46,188.08,3.961,-1.834,4.365
3626,120.867,578.27,187.76,4.924,1.157,5.058
3627,120.9,579.24,187.0,5.544,4.567,7.183
3628,120.933,580.76,187.11,5.206,8.119,9.644
3629,120.967,580.83,186.18,3.176,10.988,11.437
3630,121.0,581.84,186.5,-0.375,13.005,13.011
3631,121.033,581.98,186.07,-4.306,14.186,14.825
3632,121.067,582.17,185.78,-7.6,13.839,15.788
3633,121.1,582.09,187.97,-10.936,12.557,16.652
3634,121.133,581.53,190.12,-14.458,9.579,17.344
3635,121.167,582.27,191.74,-19.708,8.249,21.364
3636,121.2,580.77,191.98,-25.277,7.521,26.372
3637,121.233,578.81,192.22,-31.277,7.265,32.109
3638,121.267,579.51,192.72,-35.653,4.343,35.917
3639,121.3,577.28,192.81,-39.043,1.497,39.071
3640,121.333,573.51,192.04,-41.014,-1.611,41.045
3641,121.367,571.12,191.4,-40.644,-4.53,40.895
3642,121.4,568.11,190.38,-38.723,-7.358,39.416
3643,121.433,567.25,189.13,-35.766,-9.639,37.042
3644,121.467,567.55,188.21,-31.877,-11.54,33.902
3645,121.5,569.03,188.28,-27.056,-12.858,29.956
3646,121.533,568.98,188.2,-22.027,-13.44,25.804
3647,121.567,567.09,187.77,-16.671,-12.937,21.101
3648,121.6,565.81,187.87,-11.675,-11.151,16.144
3649,121.633,565.47,187.83,-6.861,-8.989,11.308
3650,121.667,564.7,187.46,-2.32,-7.239,7.601
3651,121.7,565.28,187.32,0.486,-6.002,6.022
3652,121.733,565.75,187.59,2.473,-5.043,5.616
3653,121.767,565.93,187.57,4.277,-4.3,6.065
3654,121.8,566.54,187.28,3.639,-3.986,5.397
3655,121.833,567.11,187.28,2.176,-3.913,4.477
3656,121.867,566.92,186.76,1.027,-3.925,4.057
3657,121.9,566.67,186.53,-0.268,-4.184,4.193
3658,121.933,567.03,186.18,2.084,-4.606,5.056
3659,121.967,566.25,185.56,2.783,-4.002,4.874
3660,122.0,566.09,186.14,1.587,-3.065,3.451
3661,122.033,565.82,185.79,-3.078,-2.176,3.77
3662,122.067,565.26,185.8,-10.386,-1.314,10.469
3663,122.1,565.4,185.92,-18.479,-0.63,18.49
3664,122.133,564.66,185.29,-27.373,-0.472,27.377
3665,122.167,563.7,185.41,-36.4,-0.415,36.402
3666,122.2,563.55,185.44,-44.777,0.075,44.777
3667,122.233,563.04,185.98,-52.15,1.101,52.162
3668,122.267,561.3,186.31,-57.754,2.384,57.803
3669,122.3,560.9,186.52,-64.233,5.935,64.507
3670,122.333,559.43,186.24,-67.161,7.799,67.612
3671,122.367,557.43,186.21,-66.948,7.722,67.392
3672,122.4,555.64,186.48,-64.068,6.256,64.373
3673,122.433,545.23,187.32,-60.275,0.312,60.275
3674,122.467,542.67,186.08,-53.653,-5.159,53.901
3675,122.5,539.71,186.01,-43.541,-9.269,44.517
3676,122.533,539.06,185.82,-31.519,-12.28,33.827
3677,122.567,539.09,185.53,-17.668,-13.756,22.392
3678,122.6,538.74,186.06,-3.232,-13.781,14.155
3679,122.633,540.09,187.18,10.938,-12.295,16.456
3680,122.667,541.26,187.82,24.528,-9.956,26.472
3681,122.7,543.17,187.67,36.56,-7.681,37.358
3682,122.733,544.53,186.74,46.162,-5.829,46.528
3683,122.767,544.96,185.21,53.459,-4.863,53.68
3684,122.8,553.43,177.36,57.978,-4.318,58.138
3685,122.833,553.64,176.45,59.029,-4.51,59.201
3686,122.867,553.73,176.27,56.483,-5.107,56.714
3687,122.9,554.84,176.13,50.468,-5.955,50.819
3688,122.933,560.34,185.17,40.966,-6.934,41.549
3689,122.967,561.3,186.77,32.705,-9.043,33.932
3690,123.0,560.44,187.35,24.694,-10.365,26.781
3691,123.033,560.7,187.09,17.351,-11.701,20.928
3692,123.067,559.44,186.26,9.331,-13.231,16.191
3693,123.1,559.34,184.5,0.968,-14.433,14.466
3694,123.133,558.7,181.14,-6.322,-15.97,17.176
3695,123.167,557.83,178.83,-13.208,-18.16,22.455
3696,123.2,558.03,177.28,-18.993,-20.595,28.016
3697,123.233,558.21,176.45,-23.393,-23.422,33.103
3698,123.267,556.96,176.22,-26.237,-26.491,37.285
3699,123.3,556.82,175.18,-26.852,-28.919,39.463
3700,123.333,555.86,174.92,-29.034,-26.833,39.534
3701,123.367,555.21,174.84,-29.976,-22.661,37.577
3702,123.4,554.4,174.56,-29.324,-16.666,33.729
3703,123.433,553.16,173.77,-27.695,-8.363,28.93
3704,123.467,553.04,174.49,-27.505,-3.202,27.69
3705,123.5,550.07,173.51,-27.227,1.037,27.247
3706,123.533,547.64,173.29,-27.879,4.078,28.176
3707,123.567,547.37,173.95,-28.492,6.059,29.129
3708,123.6,547.44,174.01,-28.678,7.039,29.529
3709,123.633,546.45,174.86,-28.57,7.227,29.47
3710,123.667,546.4,175.64,-27.81,7.672,28.849
3711,123.7,546.1,175.38,-25.903,8.137,27.151
3712,123.733,545.0,175.65,-22.985,8.651,24.559
3713,123.767,544.49,176.38,-19.499,8.947,21.454
3714,123.8,544.48,176.02,-15.517,8.856,17.866
3715,123.833,543.23,175.73,-11.261,8.639,14.193
3716,123.867,542.63,175.89,-6.133,8.146,10.196
3717,123.9,541.85,176.63,-0.244,7.426,7.43
3718,123.933,541.59,176.87,5.722,6.474,8.64
3719,123.967,540.67,177.32,11.076,5.601,12.412
3720,124.0,539.07,177.42,14.787,4.214,15.376
3721,124.033,541.81,177.9,18.233,3.229,18.517
3722,124.067,542.28,178.05,21.108,2.49,21.255
3723,124.1,543.98,177.91,22.945,1.7,23.007
3724,124.133,545.55,177.92,22.767,1.146,22.796
3725,124.167,547.34,177.76,21.175,0.441,21.18
3726,124.2,548.74,177.87,18.339,-0.488,18.345
3727,124.233,549.06,177.72,14.03,-1.138,14.076
3728,124.267,549.41,177.69,9.223,-1.609,9.362
3729,124.3,551.02,177.4,3.96,-2.221,4.541
3730,124.333,551.77,177.54,-2.057,-2.555,3.28
3731,124.367,551.2,177.51,-7.619,-2.408,7.99
3732,124.4,549.17,177.17,-12.159,-1.833,12.297
3733,124.433,547.11,177.04,-15.637,-1.294,15.69
3734,124.467,545.87,177.15,-18.857,-0.553,18.865
3735,124.5,544.87,177.16,-20.725,0.302,20.727
3736,124.533,543.57,177.18,-20.067,1.404,20.116
3737,124.567,543.12,177.32,-18.955,2.27,19.09
3738,124.6,541.74,177.36,-16.275,2.882,16.529
3739,124.633,541.95,177.46,-12.513,3.552,13.007
3740,124.667,542.52,177.61,-8.114,3.945,9.022
3741,124.7,542.24,177.8,-3.146,4.829,5.764
3742,124.733,543.02,178.02,1.74,5.508,5.776
3743,124.767,543.26,178.09,4.809,6.149,7.806
3744,124.8,543.45,178.21,6.819,6.583,9.478
3745,124.833,544.3,178.6,5.239,6.413,8.281
3746,124.867,544.54,178.85,0.795,5.554,5.611
3747,124.9,543.35,178.92,-4.972,4.716,6.853
3748,124.933,542.34,179.26,-10.889,4.053,11.618
3749,124.967,543.17,179.48,-16.644,3.479,17.004
3750,125.0,543.4,179.47,-22.659,2.25,22.771
3751,125.033,542.95,179.25,-28.416,0.882,28.43
3752,125.067,542.65,179.42,-35.195,-0.09,35.195
3753,125.1,541.69,179.83,-42.201,-1.206,42.219
3754,125.133,539.75,179.83,-48.523,-2.234,48.574
3755,125.167,537.52,180.43,-54.53,-3.138,54.62
3756,125.2,533.3,179.35,-60.146,-4.141,60.288
3757,125.233,528.4,179.05,-64.625,-5.141,64.829
3758,125.267,527.09,178.4,-68.897,-5.979,69.156
3759,125.3,523.71,177.73,-72.527,-6.742,72.839
3760,125.333,524.04,178.3,-76.669,-6.174,76.918
3761,125.367,523.87,179.09,-80.296,-4.755,80.437
3762,125.4,521.71,178.65,-84.246,-1.702,84.263
3763,125.433,518.44,178.11,-87.588,2.84,87.634
3764,125.467,514.68,177.48,-89.711,7.742,90.045
3765,125.5,511.14,178.47,-91.095,12.712,91.978
3766,125.533,506.09,178.94,-92.222,17.042,93.783
3767,125.567,504.66,178.36,-93.694,21.056,96.03
3768,125.6,501.85,178.85,-94.832,23.561,97.715
3769,125.633,498.89,179.21,-95.538,24.548,98.641
3770,125.667,495.83,179.7,-95.464,24.435,98.542
3771,125.7,492.32,181.02,-95.865,22.935,98.57
3772,125.733,487.98,182.68,-95.304,19.973,97.375
3773,125.767,484.42,184.56,-93.28,15.335,94.532
3774,125.8,480.24,187.58,-90.832,9.501,91.327
3775,125.833,478.96,188.25,-86.388,2.979,86.439
3776,125.867,475.02,189.38,-82.51,-3.649,82.59
3777,125.9,473.3,188.16,-79.057,-10.729,79.781
3778,125.933,471.89,185.96,-75.552,-17.001,77.441
3779,125.967,469.87,184.48,-72.543,-21.992,75.803
3780,126.0,466.78,182.55,-69.289,-25.421,73.806
3781,126.033,464.48,181.49,-65.764,-28.209,71.559
3782,126.067,464.02,179.32,-60.995,-29.286,67.661
3783,126.1,461.66,178.89,-56.653,-28.241,63.301
3784,126.133,458.73,178.12,-52.345,-25.585,58.263
3785,126.167,454.98,176.57,-48.623,-21.951,53.348
3786,126.2,453.79,174.4,-45.048,-16.404,47.942
3787,126.233,452.3,174.15,-41.33,-9.965,42.514
3788,126.267,452.07,174.67,-37.054,-2.924,37.169
3789,126.3,451.54,175.82,-32.771,3.534,32.961
3790,126.333,450.0,177.57,-27.623,8.387,28.868
3791,126.367,449.89,177.89,-23.131,12.232,26.166
3792,126.4,448.69,179.15,-17.892,14.004,22.72
3793,126.433,447.19,179.59,-12.833,14.402,19.29
3794,126.467,447.74,179.76,-8.953,14.224,16.807
3795,126.5,447.65,180.11,-5.823,13.342,14.557
3796,126.533,447.56,181.35,-2.59,11.712,11.995
3797,126.567,447.51,180.81,0.603,9.532,9.551
3798,126.6,447.41,180.38,2.502,7.315,7.731
3799,126.633,447.19,179.99,3.608,4.675,5.905
3800,126.667,448.19,181.27,4.342,1.968,4.767
3801,126.7,448.37,180.49,5.597,-0.112,5.598
3802,126.733,448.17,180.45,6.612,-1.088,6.701
3803,126.767,448.03,179.76,7.687,-1.149,7.772
3804,126.8,448.74,180.27,8.533,-1.009,8.592
3805,126.833,448.83,180.38,8.653,-0.581,8.673
3806,126.867,449.21,180.0,8.224,-0.512,8.24
3807,126.9,449.22,180.19,7.486,-0.147,7.488
3808,126.933,448.9,180.63,6.487,-0.28,6.493
3809,126.967,450.0,180.56,5.864,-0.64,5.899
3810,127.0,450.73,180.22,4.863,-0.841,4.935
3811,127.033,450.8,180.84,3.843,-0.986,3.967
3812,127.067,450.4,180.61,2.834,-1.85,3.385
3813,127.1,450.16,180.95,2.427,-2.232,3.297
3814,127.133,450.33,180.93,1.803,-2.182,2.83
3815,127.167,450.63,180.62,0.791,-1.907,2.065
3816,127.2,450.9,180.0,-0.307,-2.297,2.317
3817,127.233,450.91,180.0,-1.622,-2.569,3.039
3818,127.267,450.72,179.3,-2.205,-2.962,3.693
3819,127.3,449.58,179.69,-2.912,-3.132,4.276
3820,127.333,449.35,179.31,-3.387,-3.086,4.582
3821,127.367,450.24,179.26,-3.58,-2.826,4.561
3822,127.4,449.47,178.95,-3.964,-2.347,4.607
3823,127.433,449.83,179.22,-4.14,-1.932,4.569
3824,127.467,449.98,179.71,-3.791,-1.815,4.203
3825,127.5,450.03,179.72,-3.862,-1.399,4.108
3826,127.533,449.89,179.71,-4.127,-0.718,4.189
3827,127.567,449.79,180.18,-4.616,-0.605,4.656
3828,127.6,448.15,179.65,-4.492,-0.215,4.497
3829,127.633,448.16,179.04,-4.241,-0.177,4.245
3830,127.667,449.31,178.91,-3.649,-0.118,3.651
3831,127.7,448.8,178.77,-3.219,-0.201,3.225
3832,127.733,449.27,178.93,-3.275,-0.084,3.276
3833,127.767,448.12,179.19,-2.989,-0.307,3.005
3834,127.8,448.94,179.82,-3.255,-0.183,3.26
3835,127.833,448.26,179.36,-2.667,-0.38,2.694
3836,127.867,447.8,178.93,-1.689,-0.271,1.711
3837,127.9,448.09,178.97,-1.021,0.07,1.023
3838,127.933,448.07,179.19,0.614,0.541,0.819
3839,127.967,447.89,179.67,2.139,0.779,2.276
3840,128.0,448.31,179.27,3.78,1.035,3.919
3841,128.033,448.34,179.13,4.898,1.021,5.003
3842,128.067,449.06,179.82,5.82,1.162,5.935
3843,128.1,448.54,179.48,6.119,0.529,6.141
3844,128.133,448.98,179.72,6.66,0.287,6.666
3845,128.167,448.53,179.29,7.258,0.766,7.299
3846,128.2,448.77,179.38,6.989,1.658,7.183
3847,128.233,449.79,179.16,6.467,2.726,7.018
3848,128.267,449.18,179.64,5.081,3.532,6.188
3849,128.3,450.72,179.61,3.948,3.946,5.581
3850,128.333,450.73,180.04,1.56,3.81,4.118
3851,128.367,451.05,179.93,-1.13,3.655,3.826
3852,128.4,451.51,179.62,-3.851,3.94,5.509
3853,128.433,450.55,179.85,-6.637,4.114,7.809
3854,128.467,450.33,180.47,-9.169,4.159,10.068
3855,128.5,449.26,180.19,-11.477,3.527,12.007
3856,128.533,449.2,180.88,-13.284,3.494,13.736
3857,128.567,448.35,180.7,-14.714,3.054,15.028
3858,128.6,448.16,182.04,-15.714,2.23,15.871
3859,128.633,448.1,182.07,-15.406,1.341,15.465
3860,128.667,447.07,181.43,-14.758,0.592,14.77
3861,128.7,446.3,180.7,-13.086,0.372,13.091
3862,128.733,445.57,180.25,-10.813,0.104,10.813
3863,128.767,445.13,180.37,-7.872,-0.315,7.878
3864,128.8,444.05,180.72,-4.038,-1.071,4.178
3865,128.833,444.46,180.94,-0.572,-1.635,1.732
3866,128.867,444.89,181.18,3.234,-2.139,3.877
3867,128.9,445.35,180.5,6.577,-2.859,7.172
3868,128.933,445.64,180.49,8.948,-3.38,9.566
3869,128.967,445.88,180.28,10.588,-3.753,11.233
3870,129.0,446.89,180.99,12.495,-3.621,13.009
3871,129.033,447.09,179.77,14.148,-3.316,14.531
3872,129.067,448.21,180.51,14.973,-2.966,15.264
3873,129.1,448.7,180.49,15.15,-2.492,15.353
3874,129.133,448.47,180.9,14.721,-2.906,15.005
3875,129.167,449.38,180.3,13.367,-3.217,13.749
3876,129.2,449.93,179.27,11.534,-3.778,12.137
3877,129.233,450.9,178.84,9.87,-5.173,11.144
3878,129.267,450.46,179.13,8.413,-5.879,10.264
3879,129.3,450.68,179.4,7.671,-5.689,9.55
3880,129.333,450.93,179.11,7.353,-4.922,8.848
3881,129.367,450.3,178.49,6.776,-4.044,7.891
3882,129.4,450.41,179.06,6.003,-3.462,6.929
3883,129.433,450.93,179.46,5.324,-2.517,5.889
3884,129.467,452.53,179.76,4.817,-1.359,5.005
3885,129.5,451.06,178.57,5.168,0.036,5.168
3886,129.533,451.04,178.75,5.287,1.472,5.489
3887,129.567,451.21,178.14,5.545,3.669,6.649
3888,129.6,451.89,178.01,5.591,4.91,7.441
3889,129.633,452.01,178.33,4.902,5.685,7.507
3890,129.667,452.64,177.36,3.5,5.25,6.31
3891,129.7,453.72,177.84,1.396,4.914,5.108
3892,129.733,453.65,180.85,0.628,4.478,4.522
3893,129.767,453.67,181.45,-0.019,3.505,3.505
3894,129.8,452.22,180.94,-0.67,2.465,2.554
3895,129.833,452.17,180.29,-1.544,1.36,2.057
3896,129.867,452.58,180.26,-2.153,1.83,2.826
3897,129.9,453.14,180.95,-1.362,3.519,3.773
3898,129.933,453.25,181.32,-0.235,6.153,6.157
3899,129.967,453.46,181.42,1.718,8.962,9.125
3900,130.0,452.11,181.55,3.867,11.017,11.676
3901,130.033,451.86,180.64,6.516,14.024,15.464
3902,130.067,451.52,179.63,9.886,16.024,18.829
3903,130.1,450.72,180.23,13.129,18.357,22.569
3904,130.133,451.59,180.49,16.166,20.293,25.945
3905,130.167,454.19,182.12,19.183,21.551,28.852
3906,130.2,456.86,182.22,21.06,23.608,31.637
3907,130.233,455.41,183.71,21.276,25.846,33.477
3908,130.267,455.14,186.78,19.916,27.646,34.073
3909,130.3,456.57,189.06,18.082,29.266,34.402
3910,130.333,458.54,191.88,16.279,30.649,34.704
3911,130.367,459.84,191.69,13.904,31.682,34.599
3912,130.4,459.64,192.13,10.947,32.233,34.041
3913,130.433,461.04,191.18,7.291,31.684,32.512
3914,130.467,460.78,190.9,3.093,30.16,30.318
3915,130.5,459.47,192.25,-1.128,27.437,27.46
3916,130.533,460.08,191.34,-5.37,24.45,25.033
3917,130.567,458.8,193.32,-8.876,21.842,23.577
3918,130.6,458.64,193.59,-11.462,19.601,22.706
3919,130.633,457.63,195.25,-12.354,17.543,21.457
3920,130.667,455.98,197.67,-12.402,15.455,19.815
3921,130.7,455.69,198.96,-12.046,13.247,17.905
3922,130.733,455.75,200.52,-12.064,11.693,16.801
3923,130.767,456.99,199.68,-10.972,10.85,15.431
3924,130.8,455.99,198.86,-8.65,9.114,12.565
3925,130.833,455.56,198.56,-6.258,7.747,9.959
3926,130.867,455.58,198.64,-4.641,5.51,7.204
3927,130.9,455.35,198.41,-4.097,4.556,6.127
3928,130.933,455.23,198.61,-2.946,3.453,4.538
3929,130.967,455.41,198.73,-2.86,3.89,4.829
3930,131.0,454.44,199.93,-2.548,5.104,5.705
3931,131.033,455.82,199.35,-2.029,6.504,6.813
3932,131.067,455.61,198.59,-0.789,7.479,7.52
3933,131.1,455.69,198.76,-0.129,8.725,8.726
3934,131.133,455.34,198.43,-2.176,10.875,11.091
3935,131.167,455.69,199.62,-4.752,12.36,13.242
3936,131.2,454.72,200.35,-7.724,13.208,15.3
3937,131.233,453.91,201.71,-10.362,13.902,17.339
3938,131.267,453.89,202.23,-12.234,13.258,18.04
3939,131.3,453.02,204.6,-14.264,12.267,18.813
3940,131.333,452.69,204.53,-15.242,10.942,18.763
3941,131.367,453.05,205.5,-14.607,9.496,17.422
3942,131.4,454.42,204.06,-12.912,7.703,15.035
3943,131.433,453.51,204.72,-10.241,5.865,11.802
3944,131.467,453.95,203.19,-7.007,4.08,8.108
3945,131.5,452.59,202.65,-3.256,2.328,4.003
3946,131.533,452.04,201.4,1.013,0.276,1.049
3947,131.567,447.28,204.5,4.81,-1.778,5.128
3948,131.6,445.98,204.01,8.9,-3.489,9.559
3949,131.633,449.17,203.34,13.163,-4.996,14.08
3950,131.667,450.13,204.55,17.474,-5.811,18.414
3951,131.7,453.15,204.34,21.105,-6.55,22.098
3952,131.733,454.87,202.97,24.999,-7.175,26.008
3953,131.767,455.83,202.71,28.371,-7.357,29.309
3954,131.8,457.52,202.47,30.845,-7.495,31.743
3955,131.833,459.12,202.69,32.911,-8.7,34.042
3956,131.867,459.14,202.36,35.406,-9.463,36.649
3957,131.9,459.45,202.32,36.499,-10.858,38.08
3958,131.933,459.8,202.18,34.134,-11.491,36.017
3959,131.967,460.75,201.54,31.069,-12.202,33.38
3960,132.0,461.21,200.98,27.636,-11.403,29.896
3961,132.033,462.91,199.64,23.089,-9.987,25.156
3962,132.067,464.35,199.28,17.517,-7.344,18.994
3963,132.1,465.21,199.12,13.858,-5.605,14.948
3964,132.133,465.48,198.96,11.733,-3.948,12.38
3965,132.167,465.82,198.84,9.031,-1.897,9.228
3966,132.2,466.42,198.88,7.212,-0.916,7.27
3967,132.233,465.7,199.5,4.112,-0.259,4.12
3968,132.267,466.23,198.61,1.829,0.587,1.921
3969,132.3,466.69,199.17,0.027,1.414,1.414
3970,132.333,466.93,200.05,-1.873,2.098,2.813
3971,132.367,464.2,199.76,-3.697,2.265,4.335
3972,132.4,463.7,200.47,-4.74,2.612,5.412
3973,132.433,466.7,200.9,-4.194,2.274,4.771
3974,132.467,466.63,201.18,-3.75,2.298,4.398
3975,132.5,463.8,200.13,-2.994,1.785,3.486
3976,132.533,464.06,200.13,-1.824,1.157,2.16
3977,132.567,464.22,199.98,-0.993,1.125,1.501
3978,132.6,464.36,199.27,-0.723,1.071,1.292
3979,132.633,464.25,199.55,-0.315,0.952,1.003
3980,132.667,464.73,199.13,0.125,0.88,0.889
3981,132.7,464.27,199.68,0.504,0.589,0.775
3982,132.733,466.61,199.74,0.239,0.882,0.913
3983,132.767,465.58,200.15,0.265,0.969,1.005
3984,132.8,465.62,200.21,-0.35,1.709,1.745
3985,132.833,466.13,200.52,-1.306,2.254,2.606
3986,132.867,466.0,201.16,-3.123,2.282,3.868
3987,132.9,465.83,200.68,-3.54,2.601,4.393
3988,132.933,463.25,201.68,-3.113,2.557,4.028
3989,132.967,464.09,200.2,-3.97,1.868,4.387
3990,133.0,463.77,200.86,-4.826,0.979,4.924
3991,133.033,463.76,200.82,-4.575,0.72,4.632
3992,133.067,464.0,200.26,-4.281,0.558,4.317
3993,133.1,464.69,200.28,-4.068,0.375,4.085
3994,133.133,464.03,200.4,-3.105,0.38,3.128
3995,133.167,463.75,200.46,-1.168,-0.1,1.172
3996,133.2,463.32,201.41,0.659,-0.667,0.937
3997,133.233,463.66,200.6,3.04,-1.207,3.271
3998,133.267,463.41,200.52,4.698,-1.665,4.984
3999,133.3,464.01,200.2,5.504,-1.609,5.734
4000,133.333,463.87,200.36,6.199,-1.753,6.442
4001,133.367,465.0,200.75,6.711,-1.977,6.996
4002,133.4,465.15,200.51,6.63,-2.17,6.976
4003,133.433,464.99,200.49,6.093,-2.57,6.613
4004,133.467,465.18,201.22,6.734,-3.508,7.594
4005,133.5,464.73,201.02,7.081,-3.794,8.034
4006,133.533,465.33,200.26,7.031,-4.548,8.374
4007,133.567,466.02,199.45,7.276,-5.348,9.03
4008,133.6,467.41,198.83,5.949,-5.282,7.955
4009,133.633,467.11,198.45,3.779,-4.722,6.048
4010,133.667,466.09,198.84,2.303,-3.999,4.615
4011,133.7,466.38,199.63,0.47,-3.169,3.204
4012,133.733,466.15,199.53,-1.391,-2.467,2.832
4013,133.767,464.86,199.81,-3.498,-1.265,3.72
4014,133.8,466.93,198.57,-5.331,-0.073,5.331
4015,133.833,466.96,198.98,-7.0,1.077,7.082
4016,133.867,466.1,199.04,-8.057,2.054,8.315
4017,133.9,466.27,198.15,-9.38,2.841,9.801
4018,133.933,466.1,198.86,-10.978,3.383,11.487
4019,133.967,465.21,198.9,-11.341,3.754,11.946
4020,134.0,464.01,199.06,-11.878,4.079,12.559
4021,134.033,463.89,199.91,-10.775,3.444,11.312
4022,134.067,461.77,200.79,-9.406,2.899,9.843
4023,134.1,463.5,200.41,-7.613,2.584,8.04
4024,134.133,463.76,200.11,-5.769,2.101,6.14
4025,134.167,461.91,200.26,-4.127,1.732,4.476
4026,134.2,462.0,200.58,-2.435,0.971,2.621
4027,134.233,462.14,200.07,-0.812,-0.446,0.926
4028,134.267,462.46,199.59,0.46,-2.076,2.126
4029,134.3,462.73,199.44,1.886,-3.56,4.029
4030,134.333,462.61,199.69,1.617,-4.501,4.783
4031,134.367,462.34,199.83,0.748,-5.458,5.509
4032,134.4,462.65,199.54,0.35,-6.616,6.625
4033,134.433,464.27,199.89,-0.904,-6.476,6.539
4034,134.467,463.19,199.94,-2.61,-5.755,6.319
4035,134.5,464.91,198.31,-4.302,-4.64,6.327
4036,134.533,463.59,199.13,-5.57,-2.8,6.234
4037,134.567,463.79,198.54,-6.732,-0.978,6.803
4038,134.6,463.12,197.76,-6.863,0.297,6.87
4039,134.633,461.35,197.99,-8.087,2.213,8.384
4040,134.667,460.92,197.81,-9.019,3.717,9.755
4041,134.7,460.92,198.16,-8.824,5.245,10.265
4042,134.733,459.83,198.71,-7.872,6.227,10.038
4043,134.767,459.57,199.42,-6.086,7.173,9.407
4044,134.8,459.82,198.98,-3.916,7.649,8.593
4045,134.833,460.79,199.49,-1.428,8.104,8.229
4046,134.867,461.25,200.0,1.693,8.081,8.256
4047,134.9,460.23,201.63,5.209,7.86,9.43
4048,134.933,460.95,201.55,8.633,7.136,11.201
4049,134.967,461.25,201.22,10.935,5.546,12.261
4050,135.0,461.48,201.73,13.306,3.115,13.665
4051,135.033,461.6,201.25,14.373,1.338,14.435
4052,135.067,461.53,201.14,14.789,-0.668,14.804
4053,135.1,462.12,201.63,13.725,-2.453,13.942
4054,135.133,464.01,200.33,12.416,-4.044,13.058
4055,135.167,464.23,201.07,10.417,-4.833,11.483
4056,135.2,465.21,200.38,8.848,-5.068,10.196
4057,135.233,465.54,200.3,6.787,-4.892,8.367
4058,135.267,465.39,199.78,5.144,-4.584,6.89
4059,135.3,465.64,200.37,3.249,-4.251,5.35
4060,135.333,465.74,199.88,1.337,-3.089,3.366
4061,135.367,465.12,199.78,-0.646,-1.815,1.927
4062,135.4,464.77,198.89,-2.677,-0.509,2.725
4063,135.433,464.56,198.96,-3.889,-0.078,3.89
4064,135.467,464.46,199.36,-5.109,0.201,5.113
4065,135.5,464.06,200.24,-6.23,0.75,6.275
4066,135.533,463.04,200.32,-7.148,1.052,7.225
4067,135.567,463.19,200.0,-7.72,1.332,7.834
4068,135.6,463.92,200.1,-7.464,1.546,7.622
4069,135.633,462.81,201.2,-6.34,1.224,6.457
4070,135.667,464.45,200.32,-5.873,1.524,6.068
4071,135.7,463.0,200.26,-5.187,1.305,5.348
4072,135.733,462.91,200.08,-4.316,0.873,4.404
4073,135.767,462.33,200.2,-3.679,0.303,3.692
4074,135.8,462.98,200.27,-2.781,-0.039,2.781
4075,135.833,463.18,199.71,-2.461,-0.017,2.461
4076,135.867,462.66,199.69,-2.718,-0.144,2.722
4077,135.9,462.31,199.73,-2.412,-0.266,2.427
4078,135.933,461.84,200.17,-2.105,-0.254,2.12
4079,135.967,461.67,200.56,-1.676,-0.021,1.676
4080,136.0,461.78,200.35,-1.576,0.385,1.622
4081,136.033,462.04,200.13,-1.418,0.24,1.438
4082,136.067,462.51,200.28,-0.823,0.028,0.824
4083,136.1,462.53,200.23,-0.429,0.321,0.536
4084,136.133,461.72,200.4,-0.46,0.457,0.648
4085,136.167,462.4,199.95,-0.309,0.22,0.379
4086,136.2,462.69,199.79,-0.877,0.093,0.882
4087,136.233,461.86,200.5,-0.694,-0.214,0.726
4088,136.267,462.0,200.85,-0.697,-0.419,0.813
4089,136.3,461.35,201.09,-0.183,-0.65,0.675
4090,136.333,461.95,199.52,-0.109,-1.002,1.008
4091,136.367,462.86,199.77,-0.386,-0.872,0.953
4092,136.4,462.06,199.48,-0.443,-0.68,0.811
4093,136.433,462.05,200.16,-0.324,-0.259,0.415
4094,136.467,461.54,200.16,-0.051,0.073,0.089
4095,136.5,461.82,199.85,0.412,0.136,0.434
4096,136.533,461.63,200.36,0.961,0.216,0.985
4097,136.567,461.51,200.61,1.217,0.469,1.304
4098,136.6,461.81,199.98,1.076,0.65,1.258
4099,136.633,461.83,200.33,0.854,0.954,1.28
4100,136.667,462.64,199.76,0.631,1.194,1.35
4101,136.7,462.53,199.97,0.124,1.646,1.651
4102,136.733,462.06,200.34,-0.657,2.284,2.377
4103,136.767,462.47,200.4,-1.062,2.526,2.741
4104,136.8,461.99,200.43,-1.337,2.199,2.574
4105,136.833,462.15,200.73,-1.496,1.756,2.306
4106,136.867,462.39,200.49,-1.923,1.841,2.663
4107,136.9,462.13,200.73,-2.279,1.571,2.768
4108,136.933,461.81,200.59,-2.205,1.446,2.637
4109,136.967,461.77,200.56,-2.691,1.535,3.098
4110,137.0,461.48,200.77,-2.463,0.94,2.636
4111,137.033,461.03,200.99,-2.348,0.715,2.454
4112,137.067,461.14,200.99,-2.115,0.455,2.163
4113,137.1,461.17,201.14,-1.625,-0.036,1.625
4114,137.133,460.83,201.0,-0.584,-0.73,0.935
4115,137.167,461.45,200.89,-0.111,-1.022,1.028
4116,137.2,461.42,200.82,0.095,-1.082,1.086
4117,137.233,461.5,200.57,-0.015,-1.094,1.094
4118,137.267,461.47,200.48,0.4,-1.179,1.245
4119,137.3,461.07,200.94,0.216,-1.138,1.159
4120,137.333,461.73,200.28,0.196,-1.024,1.043
4121,137.367,462.29,200.21,0.16,-0.998,1.011
4122,137.4,461.28,200.69,-0.124,-0.843,0.852
4123,137.433,460.8,200.88,0.043,-0.827,0.828
4124,137.467,462.01,199.67,0.213,-0.847,0.873
4125,137.5,461.26,200.92,0.021,-0.616,0.617
4126,137.533,461.4,200.65,-0.238,-0.37,0.44
4127,137.567,461.61,200.19,-0.068,-0.188,0.2
4128,137.6,461.6,200.12,-0.15,0.431,0.456
4129,137.633,460.18,201.27,-0.192,0.377,0.423
4130,137.667,461.31,200.3,-0.051,0.507,0.51
4131,137.7,461.04,200.5,-0.07,0.852,0.855
4132,137.733,461.67,200.53,-0.075,0.702,0.706
4133,137.767,460.94,200.58,0.055,0.666,0.669
4134,137.8,461.68,200.44,0.08,0.629,0.634
4135,137.833,461.89,200.38,0.201,0.307,0.367
4136,137.867,461.87,200.33,0.842,0.0,0.842
4137,137.9,462.12,200.35,0.83,-0.078,0.834
4138,137.933,461.09,200.53,0.798,-0.279,0.845
4139,137.967,460.84,201.01,1.573,-0.372,1.617
4140,138.0,461.21,200.89,0.471,-0.237,0.527
4141,138.033,461.43,200.93,-1.011,-0.498,1.127
4142,138.067,460.87,201.02,-2.706,-0.517,2.755
4143,138.1,461.28,199.91,-3.686,-0.482,3.717
4144,138.133,461.23,200.9,-4.853,-0.229,4.858
4145,138.167,461.41,200.48,-3.774,-0.355,3.791
4146,138.2,461.33,199.7,-4.812,-0.321,4.822
4147,138.233,461.4,200.43,-4.368,-0.172,4.372
4148,138.267,460.99,200.28,-5.118,-0.206,5.122
4149,138.3,461.14,200.27,-5.846,-0.132,5.847
4150,138.333,461.48,200.22,-6.423,0.023,6.423
4151,138.367,459.39,200.83,-7.001,0.199,7.004
4152,138.4,459.03,200.72,-7.25,0.29,7.256
4153,138.433,459.06,200.65,-7.196,0.318,7.203
4154,138.467,456.84,200.0,-6.369,0.415,6.382
4155,138.5,458.56,200.82,-5.342,0.307,5.351
4156,138.533,459.9,200.67,-3.912,0.038,3.912
4157,138.567,460.78,200.3,-2.463,-0.538,2.521
4158,138.6,459.41,200.71,-0.276,-1.099,1.133
4159,138.633,459.88,200.6,1.936,-1.356,2.363
4160,138.667,456.31,200.11,3.932,-2.274,4.542
4161,138.7,459.63,200.55,5.687,-2.946,6.405
4162,138.733,456.82,200.11,6.825,-3.159,7.521
4163,138.767,458.56,200.4,7.245,-3.358,7.986
4164,138.8,459.99,200.02,7.212,-3.266,7.917
4165,138.833,460.03,199.79,6.149,-2.967,6.827
4166,138.867,460.76,199.62,4.417,-2.417,5.035
4167,138.9,461.04,199.74,3.092,-1.868,3.613
4168,138.933,460.84,199.88,2.115,-1.587,2.645
4169,138.967,460.87,199.54,1.17,-1.389,1.816
4170,139.0,461.68,199.18,1.472,-0.685,1.624
4171,139.033,461.35,199.18,1.496,-0.387,1.545
4172,139.067,461.58,199.46,0.936,-0.025,0.936
4173,139.1,460.82,198.93,-1.11,0.692,1.308
4174,139.133,460.11,199.25,-1.944,0.809,2.105
4175,139.167,459.92,199.8,-2.813,1.304,3.101
4176,139.2,459.21,199.84,-1.207,1.218,1.714
4177,139.233,459.3,200.19,-0.815,0.757,1.112
4178,139.267,459.45,200.03,1.181,0.335,1.227
4179,139.3,459.59,199.94,2.171,0.146,2.176
4180,139.333,460.66,199.88,3.105,-0.157,3.109
4181,139.367,460.77,199.72,4.172,-0.66,4.223
4182,139.4,461.5,199.08,6.211,-1.176,6.322
4183,139.433,461.26,199.55,7.698,-2.028,7.961
4184,139.467,461.26,199.79,8.263,-2.893,8.754
4185,139.5,461.58,199.51,8.808,-3.679,9.546
4186,139.533,461.44,199.57,8.613,-4.022,9.506
4187,139.567,461.55,199.37,8.527,-4.692,9.733
4188,139.6,463.98,198.64,7.997,-5.345,9.619
4189,139.633,463.3,199.08,8.29,-5.46,9.927
4190,139.667,463.24,197.66,8.306,-5.699,10.073
4191,139.7,462.41,198.75,7.673,-5.813,9.626
4192,139.733,462.4,198.82,6.685,-5.456,8.629
4193,139.767,462.57,198.93,6.622,-4.888,8.231
4194,139.8,464.65,197.64,6.539,-4.292,7.822
4195,139.833,464.74,197.47,6.076,-3.597,7.061
4196,139.867,465.5,197.54,4.44,-2.347,5.023
4197,139.9,462.98,197.36,2.894,-0.907,3.033
4198,139.933,463.18,197.71,1.727,0.715,1.869
4199,139.967,465.04,197.39,0.512,2.254,2.311
4200,140.0,465.17,197.39,-0.649,3.371,3.433
4201,140.033,465.81,196.77,-2.011,4.515,4.942
4202,140.067,465.5,197.7,-2.556,4.885,5.513
4203,140.1,465.52,197.94,-3.225,5.255,6.166
4204,140.133,463.27,198.07,-4.612,5.727,7.353
4205,140.167,463.08,199.12,-5.165,5.355,7.44
4206,140.2,463.59,199.48,-4.805,5.109,7.014
4207,140.233,464.84,199.39,-4.608,4.728,6.602
4208,140.267,462.71,199.21,-3.236,3.848,5.028
4209,140.3,462.03,199.8,-1.729,2.747,3.246
4210,140.333,462.33,200.28,-1.737,2.379,2.945
4211,140.367,463.86,199.52,-0.968,2.004,2.226
4212,140.4,464.05,199.21,-0.616,1.125,1.283
4213,140.433,462.64,199.46,0.532,0.588,0.792
4214,140.467,462.89,199.02,1.652,-0.001,1.652
4215,140.5,463.12,199.14,2.005,-0.186,2.014
4216,140.533,463.95,198.61,2.349,-0.595,2.423
4217,140.567,463.27,199.47,1.972,-0.154,1.978
4218,140.6,464.7,198.94,0.75,0.704,1.029
4219,140.633,464.91,198.66,-0.514,1.23,1.333
4220,140.667,464.37,199.32,-1.667,2.128,2.703
4221,140.7,462.66,200.43,-2.125,2.734,3.463
4222,140.733,464.31,199.66,-2.153,3.019,3.708
4223,140.767,462.67,200.23,-3.197,2.848,4.281
4224,140.8,462.79,200.12,-1.685,2.298,2.849
4225,140.833,464.53,199.38,-0.375,1.314,1.366
4226,140.867,462.86,199.26,2.032,-0.88,2.214
4227,140.9,462.19,200.25,2.635,-2.971,3.971
4228,140.933,462.67,199.97,3.597,-4.825,6.018
4229,140.967,463.11,199.88,4.323,-6.152,7.519
4230,141.0,463.1,199.45,3.636,-7.174,8.043
4231,141.033,462.52,200.29,1.792,-7.725,7.93
4232,141.067,462.52,199.88,-1.715,-7.765,7.952
4233,141.1,463.88,198.43,-4.531,-7.875,9.086
4234,141.133,463.28,198.91,-8.639,-7.645,11.536
4235,141.167,465.42,198.02,-13.247,-6.611,14.805
4236,141.2,465.23,197.06,-17.203,-5.938,18.199
4237,141.233,464.44,196.28,-19.298,-5.965,20.199
4238,141.267,465.39,196.17,-21.089,-6.158,21.97
4239,141.3,461.55,196.33,-20.336,-6.516,21.354
4240,141.333,462.06,195.88,-17.31,-6.94,18.65
4241,141.367,458.46,197.33,-13.368,-6.945,15.064
4242,141.4,458.88,197.91,-9.193,-5.114,10.52
4243,141.433,455.24,198.29,-4.299,-3.228,5.376
4244,141.467,454.1,197.43,-0.107,-0.064,0.124
4245,141.5,454.62,197.63,2.957,3.751,4.777
4246,141.533,455.51,196.97,4.961,8.119,9.514
4247,141.567,457.92,196.87,6.724,11.891,13.66
4248,141.6,457.65,196.54,9.022,14.822,17.352
4249,141.633,459.91,196.71,11.587,17.009,20.581
4250,141.667,462.47,195.79,14.564,17.612,22.854
4251,141.7,464.18,196.33,16.365,17.148,23.704
4252,141.733,465.38,197.06,16.789,15.944,23.154
4253,141.767,466.67,199.07,15.297,14.316,20.951
4254,141.8,466.16,200.42,10.995,12.647,16.759
4255,141.833,463.57,202.65,6.45,11.533,13.214
4256,141.867,459.86,205.43,0.084,10.226,10.226
4257,141.9,459.96,204.69,-5.939,8.009,9.971
4258,141.933,458.27,205.76,-13.03,5.72,14.23
4259,141.967,458.19,204.63,-18.012,2.737,18.219
4260,142.0,459.18,203.52,-21.191,0.311,21.193
4261,142.033,461.15,201.93,-22.554,-3.84,22.878
4262,142.067,462.89,200.2,-23.776,-6.05,24.533
4263,142.1,462.72,199.24,-25.133,-6.881,26.058
4264,142.133,460.56,199.26,-25.257,-5.987,25.957
4265,142.167,458.61,199.41,-25.692,-3.242,25.896
4266,142.2,455.55,200.16,-26.334,1.249,26.363
4267,142.233,453.46,201.25,-27.725,7.175,28.639
4268,142.267,452.83,202.56,-29.462,13.928,32.589
4269,142.3,452.15,203.09,-32.201,20.516,38.182
4270,142.333,451.49,201.94,-34.82,26.58,43.806
4271,142.367,450.66,203.13,-36.294,31.487,48.049
4272,142.4,450.38,204.37,-35.661,34.432,49.57
4273,142.433,450.48,204.43,-34.409,36.302,50.018
4274,142.467,449.2,206.05,-31.053,36.131,47.642
4275,142.5,447.49,206.77,-26.755,34.8,43.896
4276,142.533,444.2,212.83,-22.417,32.797,39.726
4277,142.567,444.18,213.29,-18.566,30.094,35.36
4278,142.6,443.47,214.37,-15.824,27.086,31.369
4279,142.633,442.73,214.91,-13.773,23.905,27.589
4280,142.667,443.1,214.24,-11.916,20.442,23.662
4281,142.7,442.39,214.68,-10.352,17.162,20.042
4282,142.733,443.04,214.2,-8.398,13.733,16.097
4283,142.767,442.89,214.26,-5.636,9.611,11.142
4284,142.8,443.44,214.38,-3.156,5.495,6.336
4285,142.833,442.95,215.11,-1.367,2.137,2.537
4286,142.867,442.63,215.36,0.383,-0.392,0.548
4287,142.9,442.71,215.07,1.477,-2.023,2.505
4288,142.933,443.04,215.42,1.806,-2.915,3.429
4289,142.967,442.17,215.55,1.14,-2.766,2.992
4290,143.0,442.31,215.62,0.055,-2.03,2.031
4291,143.033,443.1,214.67,-1.02,-0.027,1.02
4292,143.067,443.08,214.55,-1.431,0.294,1.461
4293,143.1,442.92,214.71,-2.185,1.015,2.409
4294,143.133,442.37,214.91,-2.717,1.084,2.925
4295,143.167,442.26,215.17,-2.903,0.813,3.015
4296,143.2,442.33,214.81,-3.483,1.495,3.79
4297,143.233,442.69,214.83,-3.478,2.054,4.039
4298,143.267,441.73,216.18,-3.17,2.835,4.253
4299,143.3,441.54,216.08,-2.399,3.758,4.459
4300,143.333,442.28,214.92,-1.787,4.749,5.074
4301,143.367,441.48,216.06,-0.238,4.768,4.774
4302,143.4,442.02,215.55,2.273,3.905,4.518
4303,143.433,442.25,215.21,4.595,3.111,5.549
4304,143.467,442.17,215.84,6.762,2.01,7.054
4305,143.5,441.98,216.46,8.981,0.805,9.017
4306,143.533,441.43,216.75,10.88,-0.47,10.89
4307,143.567,442.12,216.68,11.503,-0.744,11.527
4308,143.6,442.66,216.16,11.674,-0.727,11.697
4309,143.633,442.98,216.97,11.468,-0.774,11.494
4310,143.667,443.53,217.53,10.604,-0.353,10.61
4311,143.7,444.99,216.38,9.163,0.439,9.173
4312,143.733,445.95,216.05,7.42,1.537,7.577
4313,143.767,446.19,215.81,5.227,3.088,6.071
4314,143.8,446.61,215.18,3.331,3.972,5.184
4315,143.833,447.53,214.38,1.486,4.432,4.675
4316,143.867,446.84,215.1,-0.848,5.501,5.566
4317,143.9,445.26,216.48,-2.63,5.828,6.394
4318,143.933,445.14,216.85,-4.265,6.241,7.559
4319,143.967,444.24,217.55,-5.85,7.246,9.313
4320,144.0,443.88,218.14,-7.282,7.918,10.757
4321,144.033,443.27,218.79,-8.134,7.911,11.347
4322,144.067,443.86,218.31,-8.274,7.818,11.383
4323,144.1,443.39,218.6,-8.014,7.752,11.15
4324,144.133,442.69,219.58,-7.752,8.104,11.215
4325,144.167,443.22,219.39,-6.788,7.753,10.305
4326,144.2,443.68,218.93,-5.261,6.392,8.279
4327,144.233,443.59,219.09,-3.874,4.951,6.286
4328,144.267,443.45,218.51,-2.687,3.399,4.333
4329,144.3,443.23,218.42,-1.225,1.605,2.019
4330,144.333,443.18,219.04,0.176,-0.183,0.254
4331,144.367,443.46,218.92,1.28,-1.321,1.839
4332,144.4,443.32,219.45,2.398,-2.037,3.147
4333,144.433,442.82,219.91,3.787,-2.94,4.794
4334,144.467,442.72,219.28,4.925,-3.767,6.2
4335,144.5,442.95,219.41,5.935,-4.529,7.465
4336,144.533,442.69,220.21,6.813,-5.331,8.65
4337,144.567,442.98,219.88,7.719,-6.098,9.837
4338,144.6,443.02,219.33,7.933,-6.045,9.973
4339,144.633,444.29,218.11,7.599,-5.447,9.35
4340,144.667,444.61,217.48,7.552,-5.279,9.214
4341,144.7,444.98,217.35,7.143,-5.044,8.745
4342,144.733,445.62,217.19,6.721,-4.803,8.26
4343,144.767,446.44,216.69,5.932,-4.357,7.36
4344,144.8,446.59,216.7,4.689,-3.653,5.944
4345,144.833,446.8,217.27,3.084,-2.222,3.8
4346,144.867,446.09,217.6,1.126,-0.761,1.359
4347,144.9,445.52,217.3,-1.557,1.499,2.161
4348,144.933,445.35,217.38,-4.827,4.571,6.647
4349,144.967,444.84,217.88,-7.25,6.324,9.62
4350,145.0,444.84,218.19,-9.35,8.219,12.449
4351,145.033,444.45,218.85,-11.331,10.266,15.29
4352,145.067,443.99,219.22,-12.79,11.8,17.402
4353,145.1,443.75,219.03,-13.802,12.914,18.901
4354,145.133,444.4,218.46,-14.175,13.776,19.766
4355,145.167,443.94,218.84,-14.42,14.697,20.59
4356,145.2,443.58,219.25,-14.045,15.319,20.783
4357,145.233,441.96,220.49,-13.224,15.402,20.3
4358,145.267,441.16,221.01,-12.231,15.065,19.405
4359,145.3,440.58,222.54,-11.37,14.919,18.757
4360,145.333,440.07,222.96,-10.639,14.798,18.226
4361,145.367,439.57,224.04,-9.84,13.707,16.873
4362,145.4,439.81,223.93,-8.678,12.313,15.064
4363,145.433,440.82,222.18,-7.465,11.027,13.316
4364,145.467,439.62,224.54,-6.497,10.039,11.957
4365,145.5,439.24,225.32,-5.211,8.26,9.766
4366,145.533,439.26,225.12,-3.545,5.81,6.806
4367,145.567,439.33,224.83,-1.19,2.455,2.728
4368,145.6,439.41,224.83,1.227,-1.263,1.76
4369,145.633,439.68,224.44,3.66,-4.968,6.171
4370,145.667,439.83,224.03,5.388,-7.861,9.53
4371,145.7,439.64,224.01,6.774,-10.166,12.217
4372,145.733,439.62,224.2,7.676,-12.225,14.435
4373,145.767,439.7,224.34,8.239,-13.416,15.744
4374,145.8,439.87,223.61,8.248,-13.396,15.731
4375,145.833,440.48,222.58,7.839,-12.957,15.144
4376,145.867,440.4,223.08,7.0,-11.757,13.683
4377,145.9,440.41,222.44,6.237,-11.344,12.946
4378,145.933,441.15,221.45,5.21,-9.711,11.02
4379,145.967,442.49,219.45,2.881,-5.902,6.568
4380,146.0,443.25,219.17,0.994,-2.81,2.981
4381,146.033,443.2,219.17,-0.99,0.045,0.991
4382,146.067,442.25,219.83,-3.0,3.234,4.411
4383,146.1,442.24,220.12,-5.075,6.507,8.252
4384,146.133,441.81,220.86,-7.02,9.673,11.951
4385,146.167,441.37,221.17,-8.698,12.4,15.147
4386,146.2,440.55,221.69,-9.878,14.654,17.672
4387,146.233,439.4,223.69,-10.557,16.004,19.173
4388,146.267,439.22,223.91,-10.112,15.277,18.321
4389,146.3,439.24,223.79,-8.789,12.978,15.674
4390,146.333,439.11,223.83,-6.584,9.667,11.697
4391,146.367,439.35,223.69,-4.079,5.817,7.105
4392,146.4,438.84,226.25,-1.165,0.924,1.487
4393,146.433,438.27,225.74,2.087,-4.308,4.786
4394,146.467,439.03,224.64,5.383,-9.842,11.218
4395,146.5,438.58,225.01,7.967,-14.061,16.162
4396,146.533,439.01,224.96,9.925,-17.83,20.406
4397,146.567,439.37,223.97,10.999,-20.081,22.896
4398,146.6,440.19,222.92,11.401,-21.018,23.911
4399,146.633,441.05,221.21,10.917,-19.872,22.673
4400,146.667,441.76,219.9,9.523,-17.579,19.993
4401,146.7,442.22,218.24,7.336,-15.345,17.009
4402,146.733,443.33,216.62,4.86,-12.333,13.256
4403,146.767,443.06,217.28,2.487,-9.733,10.046
4404,146.8,442.96,217.29,-0.14,-7.625,7.627
4405,146.833,442.46,217.38,-2.718,-5.585,6.211
4406,146.867,442.26,217.51,-4.62,-4.412,6.388
4407,146.9,442.28,217.61,-5.398,-3.191,6.271
4408,146.933,442.31,217.65,-4.872,-4.079,6.354
4409,146.967,441.84,218.89,-1.451,-5.362,5.554
4410,147.0,441.56,219.1,3.458,-7.043,7.847
4411,147.033,440.67,220.73,10.111,-9.825,14.098
4412,147.067,440.5,220.48,17.601,-13.762,22.342
4413,147.1,440.98,219.82,25.065,-17.165,30.38
4414,147.133,441.24,217.06,31.888,-20.709,38.022
4415,147.167,442.22,214.65,37.869,-23.638,44.641
4416,147.2,443.6,214.9,42.112,-25.877,49.427
4417,147.233,445.05,213.06,43.989,-26.162,51.181
4418,147.267,447.08,211.15,43.739,-25.234,50.497
4419,147.3,450.16,210.45,42.203,-24.677,48.888
4420,147.333,453.52,209.08,41.697,-24.493,48.359
4421,147.367,456.61,209.49,41.479,-23.427,47.638
4422,147.4,458.76,208.42,41.86,-21.846,47.217
4423,147.433,461.57,208.67,42.007,-19.629,46.367
4424,147.467,460.8,207.85,41.269,-16.323,44.38
4425,147.5,460.38,207.93,39.955,-13.491,42.171
4426,147.533,459.42,208.38,37.873,-9.927,39.152
4427,147.567,458.39,209.61,34.629,-6.599,35.252
4428,147.6,458.34,208.25,31.005,-3.87,31.246
4429,147.633,458.53,208.37,24.487,-1.52,24.534
4430,147.667,458.37,208.09,17.181,2.402,17.348
4431,147.7,459.91,207.78,9.046,6.815,11.326
4432,147.733,463.67,205.23,1.062,10.808,10.86
4433,147.767,467.13,204.46,-6.084,14.772,15.976
4434,147.8,471.0,205.37,-13.478,18.277,22.709
4435,147.833,469.56,207.85,-20.661,23.552,31.33
4436,147.867,468.94,208.31,-26.892,29.391,39.838
4437,147.9,466.18,209.78,-33.748,34.924,48.565
4438,147.933,463.45,211.42,-40.552,38.152,55.678
4439,147.967,460.97,212.26,-46.799,38.335,60.496
4440,148.0,457.49,215.09,-50.153,36.948,62.294
4441,148.033,453.52,216.07,-50.993,32.746,60.602
4442,148.067,451.06,216.35,-49.438,24.556,55.2
4443,148.1,446.54,218.12,-45.264,12.725,47.019
4444,148.133,447.93,219.4,-38.744,-0.285,38.745
4445,148.167,447.28,218.08,-29.489,-15.247,33.198
4446,148.2,447.81,218.57,-17.822,-31.903,36.544
4447,148.233,447.45,217.77,-4.718,-49.187,49.413
4448,148.267,446.57,217.43,7.599,-64.714,65.159
4449,148.3,448.77,218.47,18.243,-77.997,80.102
4450,148.333,450.23,212.5,25.543,-88.827,92.427
4451,148.367,449.75,207.38,31.035,-97.71,102.521
4452,148.4,452.77,199.88,33.619,-103.368,108.698
4453,148.433,456.06,196.53,34.34,-105.775,111.21
4454,148.467,457.54,193.4,33.237,-105.055,110.187
4455,148.5,457.07,187.83,29.935,-100.902,105.249
4456,148.533,456.8,183.74,25.826,-94.545,98.009
4457,148.567,457.48,182.52,21.253,-85.684,88.28
4458,148.6,458.34,180.83,16.293,-74.573,76.332
4459,148.633,459.2,177.51,13.079,-62.702,64.052
4460,148.667,458.73,175.64,8.645,-50.763,51.494
4461,148.7,458.86,175.49,5.273,-37.615,37.983
4462,148.733,458.57,175.41,2.025,-25.138,25.22
4463,148.767,458.89,175.34,-0.08,-13.625,13.625
4464,148.8,458.76,175.41,-0.596,-4.388,4.429
4465,148.833,458.64,175.27,-1.159,0.483,1.256
4466,148.867,458.45,175.53,-1.66,4.066,4.392
4467,148.9,458.85,175.9,-0.185,6.23,6.233
4468,148.933,458.69,175.92,1.183,8.295,8.379
4469,148.967,458.43,176.03,1.795,8.943,9.122
4470,149.0,459.09,176.17,1.764,8.255,8.441
4471,149.033,458.46,176.1,1.968,7.435,7.691
4472,149.067,458.9,175.96,2.832,6.634,7.214
4473,149.1,459.25,176.14,3.807,5.01,6.292
4474,149.133,459.04,176.73,4.008,2.552,4.752
4475,149.167,460.65,177.56,4.001,0.869,4.094
4476,149.2,459.84,177.04,4.142,0.033,4.142
4477,149.233,460.14,176.87,-3.676,-5.398,6.531
4478,149.267,459.57,176.55,-7.605,-7.61,10.758
4479,149.3,459.28,176.52,-1.221,-7.939,8.032
4480,149.333,459.78,177.04,3.896,-9.314,10.096
4481,149.367,460.85,176.84,6.744,-8.261,10.664
4482,149.4,460.22,176.29,8.897,-4.708,10.066
4483,149.433,460.16,176.39,10.006,1.338,10.095
4484,149.467,459.9,176.19,11.239,9.893,14.973
4485,149.5,460.16,175.63,12.851,19.812,23.615
4486,149.533,460.46,175.95,13.747,30.146,33.133
4487,149.567,459.87,176.24,14.781,40.709,43.309
4488,149.6,459.19,176.27,15.17,50.941,53.152
4489,149.633,459.95,177.27,15.022,61.443,63.253
4490,149.667,459.12,177.74,14.623,69.775,71.291
4491,149.7,458.44,177.84,12.66,76.359,77.402
4492,149.733,479.26,191.35,11.498,81.001,81.813
4493,149.767,479.85,190.81,9.656,83.198,83.756
4494,149.8,460.2,192.25,8.125,82.873,83.27
4495,149.833,460.09,201.17,6.194,80.065,80.304
4496,149.867,463.07,204.51,3.785,75.559,75.654
4497,149.9,463.92,206.9,-0.556,69.461,69.463
4498,149.933,465.4,208.02,-2.871,60.782,60.85
4499,149.967,465.12,207.73,-5.121,51.325,51.58
4500,150.0,464.1,208.04,-6.763,41.628,42.174
4501,150.033,464.16,209.02,-8.303,32.046,33.104
4502,150.067,463.65,209.55,-9.805,22.477,24.522
4503,150.1,463.8,210.44,-10.223,13.57,16.989
4504,150.133,463.77,208.27,-9.577,5.58,11.084
4505,150.167,463.82,209.5,-8.888,-0.883,8.932
4506,150.2,464.85,208.54,-5.878,-4.457,7.377
4507,150.233,462.97,208.38,0.197,-4.632,4.636
4508,150.267,462.89,208.78,-4.105,-7.733,8.755
4509,150.3,461.58,209.76,-12.69,-7.497,14.74
4510,150.333,461.76,210.92,-12.178,-5.321,13.29
4511,150.367,461.73,209.79,-9.794,-4.82,10.916
4512,150.4,464.91,208.78,-8.245,-4.443,9.366
4513,150.433,461.47,211.26,-6.427,-5.044,8.17
4514,150.467,461.14,210.43,-6.044,-5.473,8.154
4515,150.5,460.05,209.06,-5.443,-5.39,7.66
4516,150.533,459.69,208.02,-4.595,-5.568,7.219
4517,150.567,459.75,207.38,-3.843,-5.553,6.753
4518,150.6,459.0,206.53,-2.744,-5.405,6.062
4519,150.633,459.18,207.14,-1.164,-5.132,5.263
4520,150.667,461.29,207.47,0.083,-3.585,3.586
4521,150.7,461.26,207.16,1.752,-2.629,3.159
4522,150.733,460.15,208.46,2.886,-1.265,3.151
4523,150.767,460.83,208.55,3.892,0.365,3.909
4524,150.8,463.32,207.38,4.758,2.641,5.442
4525,150.833,461.93,208.25,5.005,4.697,6.864
4526,150.867,460.41,207.95,4.514,6.149,7.628
4527,150.9,460.71,207.32,4.91,7.64,9.082
4528,150.933,459.79,208.56,3.004,8.869,9.364
4529,150.967,461.4,208.15,1.248,8.407,8.499
4530,151.0,461.16,208.26,-0.077,7.628,7.628
4531,151.033,461.82,209.91,0.025,6.394,6.394
4532,151.067,462.48,210.0,0.999,5.28,5.374
4533,151.1,462.92,210.24,2.864,3.994,4.915
4534,151.133,462.16,209.43,5.442,1.785,5.727
4535,151.167,463.01,209.13,8.329,-0.953,8.384
4536,151.2,461.86,209.56,9.432,-4.369,10.395
4537,151.233,460.57,210.18,9.849,-7.093,12.137
4538,151.267,461.19,210.77,10.048,-10.462,14.505
4539,151.3,460.36,209.72,9.328,-14.052,16.867
4540,151.333,462.34,209.01,6.688,-16.915,18.189
4541,151.367,464.21,207.81,3.524,-19.763,20.075
4542,151.4,462.71,206.94,0.232,-22.097,22.099
4543,151.433,463.45,206.95,-3.784,-24.089,24.385
4544,151.467,466.22,205.94,-7.411,-25.927,26.965
4545,151.5,466.65,204.3,-11.988,-26.44,29.031
4546,151.533,465.58,203.61,-16.048,-26.976,31.388
4547,151.567,464.59,201.67,-20.861,-28.02,34.932
4548,151.6,462.36,199.96,-25.183,-28.076,37.715
4549,151.633,460.68,200.89,-30.16,-27.312,40.689
4550,151.667,458.42,200.36,-33.109,-25.109,41.553
4551,151.7,457.86,200.77,-33.707,-21.05,39.74
4552,151.733,456.59,199.2,-31.382,-14.77,34.684
4553,151.767,455.68,198.61,-27.278,-7.894,28.398
4554,151.8,454.74,198.31,-21.702,0.288,21.704
4555,151.833,453.31,197.87,-14.723,8.639,17.07
4556,151.867,452.58,197.26,-7.691,15.282,17.108
4557,151.9,452.29,196.88,-2.143,21.222,21.33
4558,151.933,452.43,198.11,3.26,26.706,26.904
4559,151.967,452.33,198.51,8.22,30.084,31.187
4560,152.0,453.21,198.11,12.601,31.309,33.75
4561,152.033,453.25,200.85,15.486,30.906,34.568
4562,152.067,456.08,204.0,17.147,29.448,34.077
4563,152.1,457.06,205.93,18.203,27.074,32.624
4564,152.133,461.7,208.32,19.142,23.586,30.376
4565,152.167,463.08,210.91,19.49,18.372,26.784
4566,152.2,461.51,212.28,20.17,12.658,23.813
4567,152.233,459.4,210.91,19.632,5.716,20.447
4568,152.267,459.69,211.0,19.066,-0.903,19.087
4569,152.3,458.46,207.23,18.635,-6.865,19.859
4570,152.333,458.42,205.2,19.278,-11.9,22.655
4571,152.367,457.84,206.22,20.346,-16.224,26.022
4572,152.4,459.68,205.5,21.057,-19.132,28.451
4573,152.433,462.71,203.11,22.024,-20.442,30.049
4574,152.467,464.93,202.37,23.343,-20.366,30.979
4575,152.5,463.87,202.6,25.45,-19.089,31.813
4576,152.533,465.2,202.99,27.45,-15.636,31.591
4577,152.567,467.24,201.4,29.482,-11.324,31.582
4578,152.6,467.73,201.0,30.362,-6.818,31.118
4579,152.633,468.24,202.13,30.997,-2.148,31.071
4580,152.667,469.51,202.88,28.348,1.875,28.41
4581,152.7,469.81,202.79,23.82,4.344,24.213
4582,152.733,472.22,203.74,18.307,5.04,18.988
4583,152.767,473.32,204.3,13.651,5.25,14.626
4584,152.8,473.9,204.04,9.195,4.131,10.08
4585,152.833,472.05,203.25,6.128,3.967,7.3
4586,152.867,471.74,203.57,4.102,3.688,5.516
4587,152.9,473.07,203.44,3.363,2.194,4.015
4588,152.933,473.33,203.56,3.071,0.563,3.122
4589,152.967,473.07,202.78,3.158,0.008,3.158
4590,153.0,472.03,203.42,0.682,1.611,1.75
4591,153.033,471.74,203.67,2.355,2.412,3.371
4592,153.067,472.32,203.59,6.047,2.018,6.375
4593,153.1,472.56,203.31,10.972,1.947,11.143
4594,153.133,472.12,203.11,16.57,1.45,16.634
4595,153.167,473.53,202.97,23.448,-0.263,23.45
4596,153.2,474.28,203.05,30.631,-2.603,30.741
4597,153.233,476.85,203.48,37.737,-5.055,38.074
4598,153.267,477.81,203.43,43.037,-7.515,43.688
4599,153.3,478.66,203.4,46.098,-9.487,47.064
4600,153.333,479.19,202.61,47.307,-12.097,48.829
4601,153.367,480.13,203.55,47.946,-14.685,50.145
4602,153.4,482.28,204.18,47.619,-17.917,50.878
4603,153.433,484.85,204.02,45.999,-21.504,50.777
4604,153.467,486.09,203.33,43.793,-24.96,50.407
4605,153.5,495.29,198.0,41.919,-27.215,49.979
4606,153.533,494.71,196.81,42.371,-28.472,51.049
4607,153.567,495.3,196.2,44.561,-28.646,52.974
4608,153.6,495.37,194.76,49.479,-27.584,56.649
4609,153.633,497.21,194.5,56.646,-24.938,61.893
4610,153.667,497.15,195.0,65.872,-21.735,69.365
4611,153.7,497.19,194.89,76.515,-18.691,78.764
4612,153.733,498.19,194.86,89.4,-16.105,90.839
4613,153.767,500.11,193.46,102.805,-14.704,103.851
4614,153.8,503.98,190.37,116.818,-14.439,117.707
4615,153.833,508.06,190.1,132.081,-14.368,132.86
4616,153.867,513.3,189.67,149.655,-15.438,150.449
4617,153.9,519.99,190.27,167.942,-17.293,168.83
4618,153.933,527.32,191.62,186.504,-19.617,187.533
4619,153.967,535.68,192.59,203.303,-21.979,204.488
4620,154.0,544.43,192.85,218.704,-24.748,220.1
4621,154.033,551.17,192.13,228.245,-24.212,229.525
4622,154.067,559.54,191.0,235.225,-21.502,236.206
4623,154.1,565.25,189.14,239.05,-17.455,239.686
4624,154.133,571.98,185.65,239.644,-13.623,240.031
4625,154.167,580.3,183.23,236.795,-10.509,237.028
4626,154.2,588.66,181.86,230.744,-8.636,230.905
4627,154.233,595.65,180.83,222.295,-7.35,222.417
4628,154.267,603.67,181.13,212.112,-6.574,212.214
4629,154.3,612.66,182.42,200.785,-5.588,200.863
4630,154.333,620.13,182.08,188.398,-2.643,188.416
4631,154.367,624.38,185.41,174.657,0.83,174.659
4632,154.4,630.09,187.22,159.776,4.522,159.84
4633,154.433,633.75,188.38,143.487,7.677,143.692
4634,154.467,639.36,188.82,127.169,9.449,127.519
4635,154.5,644.43,190.23,109.986,9.12,110.364
4636,154.533,647.72,189.02,91.708,6.225,91.919
4637,154.567,650.59,185.94,76.917,0.432,76.918
4638,154.6,652.7,182.46,65.098,-6.175,65.39
4639,154.633,654.96,182.64,57.842,-12.444,59.166
4640,154.667,655.3,183.3,54.428,-17.344,57.125
4641,154.7,657.02,184.6,54.244,-20.482,57.982
4642,154.733,658.45,185.21,55.678,-21.22,59.584
4643,154.767,659.25,185.37,59.159,-19.614,62.326
4644,154.8,659.62,185.32,64.02,-16.11,66.016
4645,154.833,659.24,183.6,68.416,-11.36,69.352
4646,154.867,660.99,181.98,72.534,-5.052,72.71
4647,154.9,663.67,180.66,77.145,0.589,77.147
4648,154.933,668.16,179.33,80.517,4.971,80.67
4649,154.967,671.36,178.02,83.664,8.143,84.06
4650,155.0,677.27,177.67,85.16,10.055,85.751
4651,155.033,685.88,178.88,84.483,9.657,85.033
4652,155.067,688.51,183.0,81.221,7.897,81.604
4653,155.1,690.43,184.53,75.92,6.134,76.168
4654,155.133,691.2,185.03,68.83,5.397,69.041
4655,155.167,692.33,186.21,59.988,4.399,60.149
4656,155.2,692.08,187.2,50.306,2.86,50.387
4657,155.233,693.76,186.62,39.817,0.394,39.819
4658,155.267,695.02,186.09,28.521,-3.07,28.685
4659,155.3,695.3,185.02,18.601,-7.045,19.89
4660,155.333,696.38,183.44,10.043,-11.67,15.396
4661,155.367,696.17,182.08,4.571,-16.172,16.805
4662,155.4,695.84,180.55,1.842,-19.957,20.042
4663,155.433,696.66,180.19,2.007,-22.51,22.599
4664,155.467,696.45,179.4,4.23,-23.641,24.016
4665,155.5,696.04,178.6,8.34,-23.011,24.475
4666,155.533,695.49,178.18,12.788,-20.866,24.473
4667,155.567,696.75,178.02,15.488,-17.406,23.299
4668,155.6,697.14,177.79,17.83,-14.42,22.932
4669,155.633,697.74,177.44,20.761,-12.861,24.422
4670,155.667,698.29,177.15,23.802,-11.778,26.557
4671,155.7,699.73,177.0,26.648,-11.773,29.133
4672,155.733,700.94,176.7,30.133,-12.123,32.48
4673,155.767,703.76,176.88,33.551,-11.927,35.608
4674,155.8,703.83,176.25,36.179,-11.122,37.85
4675,155.833,705.67,175.88,38.559,-9.99,39.832
4676,155.867,706.63,175.98,39.846,-8.344,40.71
4677,155.9,707.74,175.69,40.276,-6.402,40.781
4678,155.933,708.34,174.7,40.196,-4.04,40.398
4679,155.967,708.67,173.97,38.915,-1.812,38.957
4680,156.0,710.46,173.42,37.038,0.284,37.039
4681,156.033,712.38,173.38,34.667,2.328,34.746
4682,156.067,713.57,172.41,33.278,4.353,33.562
4683,156.1,715.74,170.91,31.304,6.356,31.943
4684,156.133,715.67,173.08,28.699,8.141,29.831
4685,156.167,716.96,174.76,25.679,9.364,27.333
4686,156.2,718.29,177.41,22.335,10.345,24.614
4687,156.233,719.08,178.53,18.378,10.98,21.408
4688,156.267,718.76,178.71,13.567,11.017,17.476
4689,156.3,719.29,177.98,7.995,10.63,13.301
4690,156.333,718.96,177.71,3.433,9.733,10.321
4691,156.367,718.88,177.32,-1.46,8.134,8.264
4692,156.4,719.24,177.15,-6.966,5.98,9.18
4693,156.433,719.09,177.06,-12.83,3.612,13.329
4694,156.467,719.15,176.97,-17.636,1.163,17.674
4695,156.5,718.91,177.28,-20.007,-1.361,20.054
4696,156.533,719.09,177.68,-22.654,-3.741,22.961
4697,156.567,716.4,177.72,-24.618,-5.875,25.31
4698,156.6,714.67,177.25,-25.042,-7.024,26.008
4699,156.633,713.81,176.91,-25.43,-6.104,26.153
4700,156.667,712.63,177.37,-24.807,-5.133,25.333
4701,156.7,711.77,177.11,-23.789,-3.866,24.101
4702,156.733,711.07,176.7,-22.52,-3.252,22.753
4703,156.767,711.79,176.92,-20.844,-3.072,21.07
4704,156.8,710.9,176.04,-18.92,-2.442,19.077
4705,156.833,708.76,175.99,-16.797,-1.896,16.903
4706,156.867,707.64,176.41,-14.92,-2.435,15.118
4707,156.9,708.54,176.18,-12.549,-3.962,13.16
4708,156.933,710.0,175.45,-10.297,-4.642,11.295
4709,156.967,709.9,175.35,-7.824,-3.646,8.632
4710,157.0,707.21,175.68,-6.213,-1.483,6.388
4711,157.033,709.02,176.12,-5.849,1.409,6.016
4712,157.067,709.04,176.45,-6.252,4.356,7.62
4713,157.1,707.48,176.85,-5.331,7.164,8.93
4714,157.133,707.42,176.51,-3.547,10.229,10.827
4715,157.167,707.46,177.06,-2.17,13.263,13.44
4716,157.2,707.49,177.04,-0.198,15.384,15.385
4717,157.233,707.28,177.1,2.081,16.477,16.608
4718,157.267,706.56,177.29,4.072,17.193,17.669
4719,157.3,707.1,175.75,4.022,13.492,14.078
4720,157.333,706.79,175.95,5.367,11.251,12.465
4721,157.367,708.35,178.74,7.213,8.517,11.161
4722,157.4,708.23,183.2,10.328,3.807,11.007
4723,157.433,708.52,184.72,13.128,2.299,13.328
4724,157.467,707.99,184.06,15.568,3.767,16.017
4725,157.5,709.16,183.68,18.039,7.114,19.391
4726,157.533,711.73,182.99,21.294,13.354,25.135
4727,157.567,712.94,182.8,23.447,22.121,32.235
4728,157.6,712.44,182.8,25.248,30.584,39.659
4729,157.633,711.96,182.05,27.592,39.037,47.803
4730,157.667,713.49,181.35,29.576,49.619,57.765
4731,157.7,713.42,181.33,31.3,61.338,68.863
4732,157.733,713.55,182.31,33.16,73.231,80.389
4733,157.767,714.97,182.34,35.081,83.93,90.967
4734,157.8,719.5,192.66,35.655,93.596,100.157
4735,157.833,718.44,194.08,33.326,104.549,109.732
4736,157.867,720.78,199.88,28.888,115.837,119.384
4737,157.9,721.27,211.22,23.178,124.815,126.949
4738,157.933,722.97,213.87,17.062,129.549,130.668
4739,157.967,723.35,217.07,12.029,130.819,131.371
4740,158.0,723.37,222.03,8.725,128.099,128.395
4741,158.033,724.67,223.83,6.654,122.402,122.583
4742,158.067,725.57,224.46,5.414,116.344,116.47
4743,158.1,725.79,230.51,5.277,109.427,109.554
4744,158.133,725.46,236.38,5.655,99.24,99.401
4745,158.167,725.41,237.89,7.712,89.926,90.256
4746,158.2,724.53,238.82,9.524,81.533,82.087
4747,158.233,721.81,240.83,11.397,75.96,76.811
4748,158.267,718.09,245.3,13.184,73.681,74.851
4749,158.3,717.56,249.49,14.677,73.986,75.428
4750,158.333,720.38,250.3,14.245,73.091,74.466
4751,158.367,724.71,250.47,14.284,74.298,75.658
4752,158.4,727.14,252.13,13.381,75.768,76.94
4753,158.433,730.64,254.2,12.429,73.533,74.576
4754,158.467,731.63,255.78,10.761,71.053,71.863
4755,158.5,732.54,261.06,8.636,67.796,68.344
4756,158.533,732.94,265.67,6.417,62.733,63.061
4757,158.567,731.58,265.6,3.422,58.048,58.149
4758,158.6,729.07,265.86,-0.218,54.937,54.937
4759,158.633,728.85,272.74,-4.21,50.631,50.805
4760,158.667,726.06,273.91,-8.51,43.91,44.727
4761,158.7,724.62,276.61,-12.958,36.802,39.016
4762,158.733,724.09,276.13,-16.851,29.806,34.24
4763,158.767,724.54,274.0,-19.006,23.369,30.122
4764,158.8,724.84,275.81,-17.981,16.484,24.393
4765,158.833,724.8,275.02,-14.736,8.526,17.025
4766,158.867,725.05,274.99,-10.288,1.857,10.454
4767,158.9,725.19,274.68,-5.743,-3.281,6.614
4768,158.933,725.01,274.84,-0.939,-5.949,6.023
4769,158.967,724.74,274.52,2.643,-7.214,7.683
4770,159.0,725.02,275.04,6.024,-6.65,8.973
4771,159.033,725.17,275.93,7.777,-6.395,10.069
4772,159.067,725.47,275.38,8.051,-6.414,10.294
4773,159.1,725.56,274.18,7.603,-4.669,8.922
4774,159.133,725.47,273.06,7.03,-0.603,7.056
4775,159.167,726.0,273.27,5.854,1.189,5.973
4776,159.2,726.2,273.45,5.379,3.521,6.429
4777,159.233,726.01,274.5,6.47,4.236,7.733
4778,159.267,726.23,274.82,7.973,4.717,9.264
4779,159.3,726.56,274.87,9.259,6.206,11.147
4780,159.333,727.82,276.03,10.498,6.827,12.523
4781,159.367,728.33,275.8,11.674,7.353,13.797
4782,159.4,728.34,276.93,12.749,7.822,14.957
4783,159.433,728.25,275.29,13.431,7.9,15.582
4784,159.467,728.58,275.57,13.921,7.118,15.635
4785,159.5,727.54,276.04,14.364,6.423,15.735
4786,159.533,728.58,277.16,14.222,5.886,15.392
4787,159.567,729.26,277.57,13.248,5.028,14.17
4788,159.6,729.99,277.96,11.099,4.856,12.114
4789,159.633,731.41,277.24,8.167,5.597,9.901
4790,159.667,732.13,278.28,4.909,7.048,8.589
4791,159.7,733.32,277.11,0.97,9.206,9.257
4792,159.733,731.85,277.76,-2.976,11.314,11.699
4793,159.767,731.77,278.15,-6.913,13.196,14.897
4794,159.8,731.93,278.11,-10.272,14.65,17.893
4795,159.833,731.52,277.99,-13.325,16.279,21.037
4796,159.867,731.14,278.54,-16.431,16.958,23.612
4797,159.9,730.14,278.43,-19.152,17.177,25.726
4798,159.933,729.4,279.49,-20.153,15.657,25.521
4799,159.967,728.26,281.79,-20.163,14.019,24.558
4800,160.0,726.64,283.25,-19.118,11.642,22.384
4801,160.033,725.31,283.82,-16.165,8.744,18.378
4802,160.067,724.56,284.52,-11.688,4.734,12.61
4803,160.1,724.73,284.03,-6.321,0.051,6.322
4804,160.133,724.87,283.51,-0.494,-4.878,4.903
4805,160.167,724.81,283.63,4.996,-9.046,10.334
4806,160.2,725.47,282.31,10.015,-13.811,17.06
4807,160.233,725.53,282.23,14.156,-17.781,22.728
4808,160.267,726.68,281.17,18.267,-21.081,27.894
4809,160.3,726.96,280.73,21.656,-23.681,32.09
4810,160.333,728.26,278.86,23.877,-25.423,34.878
4811,160.367,729.91,277.48,25.03,-25.735,35.899
4812,160.4,731.78,275.96,24.897,-24.908,35.217
4813,160.433,731.39,275.61,23.443,-22.317,32.367
4814,160.467,732.64,275.15,21.046,-18.667,28.131
4815,160.5,733.57,274.91,17.848,-14.878,23.236
4816,160.533,734.37,274.35,14.169,-10.854,17.848
4817,160.567,733.58,274.57,10.709,-6.543,12.55
4818,160.6,733.5,274.92,7.015,-2.433,7.425
4819,160.633,733.59,274.75,3.139,1.058,3.313
4820,160.667,733.82,273.89,-0.537,4.342,4.375
4821,160.7,734.12,274.5,-3.416,6.644,7.471
4822,160.733,733.72,275.25,-6.167,8.934,10.856
4823,160.767,733.52,275.18,-8.403,10.533,13.474
4824,160.8,733.12,275.46,-10.408,11.624,15.603
4825,160.833,732.74,276.37,-11.879,11.551,16.569
4826,160.867,732.17,276.76,-12.677,11.252,16.951
4827,160.9,731.6,277.42,-13.046,10.695,16.869
4828,160.933,731.73,277.63,-13.81,10.39,17.282
4829,160.967,730.95,278.12,-13.496,9.722,16.633
4830,161.0,730.4,278.61,-12.912,8.836,15.646
4831,161.033,730.35,278.55,-12.002,7.542,14.175
4832,161.067,729.34,278.2,-10.949,6.137,12.551
4833,161.1,729.55,277.64,-9.288,4.27,10.223
4834,161.133,729.49,278.65,-7.299,2.184,7.619
4835,161.167,729.12,278.69,-5.036,0.053,5.036
4836,161.2,727.96,279.36,-2.929,-1.291,3.201
4837,161.233,727.72,279.17,-1.146,-2.258,2.532
4838,161.267,727.84,278.71,0.889,-3.304,3.421
4839,161.3,727.97,278.34,2.557,-3.966,4.718
4840,161.333,728.91,278.59,3.842,-4.259,5.736
4841,161.367,728.95,278.46,4.369,-4.498,6.27
4842,161.4,728.84,278.34,4.786,-4.603,6.64
4843,161.433,729.89,277.67,5.113,-4.71,6.952
4844,161.467,730.17,277.31,4.881,-4.693,6.771
4845,161.5,730.46,276.85,4.587,-4.621,6.511
4846,161.533,730.4,276.75,4.237,-4.783,6.39
4847,161.567,730.16,276.76,3.605,-4.774,5.982
4848,161.6,730.3,277.15,3.172,-4.361,5.393
4849,161.633,730.37,277.09,2.422,-3.383,4.161
4850,161.667,730.11,277.42,1.414,-2.541,2.908
4851,161.7,730.29,277.25,0.3,-1.978,2.001
4852,161.733,730.42,276.61,-0.432,-1.805,1.856
4853,161.767,729.55,276.64,-1.168,-1.609,1.988
4854,161.8,729.42,276.63,-1.916,-1.595,2.492
4855,161.833,729.41,276.51,-2.214,-1.753,2.824
4856,161.867,730.34,276.32,-2.502,-1.664,3.005
4857,161.9,730.33,276.35,-2.047,-1.613,2.606
4858,161.933,730.28,276.32,-0.811,-1.612,1.804
4859,161.967,730.44,276.41,0.52,-1.373,1.469
4860,162.0,730.45,276.25,2.385,-1.105,2.629
4861,162.033,730.36,276.56,4.21,-0.692,4.267
4862,162.067,730.2,276.52,5.655,-0.366,5.667
4863,162.1,730.09,276.33,6.984,0.211,6.987
4864,162.133,729.98,276.16,7.764,0.593,7.787
4865,162.167,729.91,275.67,7.814,0.931,7.87
4866,162.2,729.93,276.19,8.022,1.088,8.095
4867,162.233,730.24,276.24,8.405,1.454,8.529
4868,162.267,731.22,276.0,8.68,2.085,8.927
4869,162.3,732.53,276.59,9.673,2.913,10.103
4870,162.333,733.31,277.54,10.428,3.559,11.019
4871,162.367,734.27,276.93,11.131,4.038,11.841
4872,162.4,734.43,276.96,11.263,4.893,12.28
4873,162.433,734.54,276.88,11.047,5.397,12.295
4874,162.467,734.55,276.75,10.828,5.579,12.18
4875,162.5,733.59,276.91,10.475,5.751,11.95
4876,162.533,733.15,277.16,9.522,5.711,11.104
4877,162.567,733.6,277.85,8.391,5.17,9.855
4878,162.6,733.76,277.81,6.989,4.722,8.435
4879,162.633,734.59,278.19,5.551,4.073,6.885
4880,162.667,736.27,278.69,4.478,3.464,5.661
4881,162.7,736.74,279.03,3.909,3.115,4.998
4882,162.733,736.53,278.84,3.643,2.559,4.452
4883,162.767,736.61,278.96,3.791,1.94,4.258
4884,162.8,735.74,278.5,4.007,1.849,4.413
4885,162.833,736.2,278.68,3.939,1.717,4.297
4886,162.867,736.31,279.0,4.335,1.064,4.463
4887,162.9,736.33,278.09,5.453,0.369,5.465
4888,162.933,736.63,278.33,4.736,0.317,4.747
4889,162.967,736.2,278.72,2.718,0.469,2.758
4890,163.0,735.55,278.3,-0.122,1.103,1.11
4891,163.033,736.03,278.51,-2.834,1.631,3.269
4892,163.067,735.95,279.01,-5.042,1.697,5.32
4893,163.1,736.43,278.52,-7.306,1.471,7.453
4894,163.133,736.8,278.84,-8.962,1.348,9.062
4895,163.167,736.58,278.81,-10.396,1.342,10.483
4896,163.2,736.14,278.86,-11.975,0.654,11.992
4897,163.233,736.25,279.03,-13.189,-0.837,13.216
4898,163.267,736.05,279.45,-13.99,-2.745,14.256
4899,163.3,735.8,279.0,-14.584,-4.892,15.383
4900,163.333,735.56,278.75,-14.473,-6.852,16.013
4901,163.367,733.41,278.79,-13.913,-9.083,16.616
4902,163.4,728.74,279.52,-12.685,-11.748,17.29
4903,163.433,729.57,278.24,-11.216,-13.765,17.756
4904,163.467,730.21,277.66,-9.736,-15.156,18.013
4905,163.5,730.68,276.33,-8.037,-16.038,17.939
4906,163.533,730.99,275.78,-5.738,-16.055,17.049
4907,163.567,730.84,276.04,-3.463,-15.347,15.732
4908,163.6,731.59,275.53,-1.162,-14.462,14.508
4909,163.633,731.68,274.71,0.727,-12.716,12.737
4910,163.667,732.09,273.09,1.995,-10.386,10.576
4911,163.7,732.1,272.68,2.904,-7.892,8.409
4912,163.733,731.66,272.78,3.335,-5.033,6.038
4913,163.767,731.63,272.98,3.28,-2.362,4.042
4914,163.8,731.83,272.8,2.466,-0.111,2.468
4915,163.833,732.29,272.55,0.824,2.106,2.262
4916,163.867,732.07,273.01,-1.609,4.352,4.64
4917,163.9,731.29,274.14,-3.777,6.176,7.239
4918,163.933,731.19,274.95,-3.638,6.514,7.461
4919,163.967,731.09,275.09,-3.51,6.771,7.626
4920,164.0,731.25,275.2,-3.144,6.48,7.203
4921,164.033,730.98,275.4,-2.892,6.588,7.194
4922,164.067,730.7,275.23,-2.349,6.288,6.712
4923,164.1,730.59,275.71,-1.563,5.346,5.569
4924,164.133,730.57,275.65,-1.083,4.071,4.212
4925,164.167,730.74,275.06,-0.768,2.694,2.801
4926,164.2,730.67,275.38,-0.265,1.664,1.685
4927,164.233,731.05,274.95,0.102,1.037,1.042
4928,164.267,730.69,275.26,0.541,0.35,0.645
4929,164.3,730.87,275.55,0.81,-0.355,0.884
4930,164.333,731.14,275.66,1.107,-0.768,1.347
4931,164.367,731.17,275.19,0.974,-0.427,1.064
4932,164.4,731.16,274.95,0.556,0.296,0.63
4933,164.433,730.91,275.89,0.39,0.83,0.917
4934,164.467,731.13,275.84,0.122,1.201,1.207
4935,164.5,730.76,276.25,-0.117,1.415,1.42
4936,164.533,731.12,275.5,-0.792,1.674,1.852
4937,164.567,730.63,275.8,-1.676,1.859,2.503
4938,164.6,730.6,275.75,-2.652,2.273,3.493
4939,164.633,730.77,275.68,-3.455,2.632,4.343
4940,164.667,731.27,275.59,-4.0,3.106,5.065
4941,164.7,730.44,276.02,-4.715,3.96,6.158
4942,164.733,730.34,275.72,-5.036,4.446,6.718
4943,164.767,730.29,276.11,-5.429,5.063,7.424
4944,164.8,730.51,276.55,-5.637,5.688,8.008
4945,164.833,729.93,277.03,-5.645,5.957,8.207
4946,164.867,729.69,276.89,-6.023,5.677,8.276
4947,164.9,729.67,276.83,-5.955,5.284,7.961
4948,164.933,729.23,277.03,-5.132,4.697,6.957
4949,164.967,728.96,277.08,-3.513,3.424,4.905
4950,165.0,728.33,277.66,-1.666,1.962,2.574
4951,165.033,728.41,277.9,0.483,0.31,0.574
4952,165.067,728.67,278.27,2.718,-1.09,2.928
4953,165.1,729.1,278.36,4.991,-2.226,5.465
4954,165.133,729.11,278.17,6.771,-3.009,7.409
4955,165.167,728.9,277.78,7.649,-3.068,8.242
4956,165.2,729.55,277.22,7.559,-2.394,7.929
4957,165.233,729.38,277.28,7.562,-1.818,7.777
4958,165.267,729.69,277.05,7.709,-0.934,7.765
4959,165.3,730.43,276.17,7.715,-0.575,7.736
4960,165.333,730.85,275.71,7.248,-0.589,7.272
4961,165.367,732.68,275.78,6.79,-0.674,6.823
4962,165.4,733.31,275.79,6.54,-1.194,6.648
4963,165.433,733.05,276.21,6.018,-1.774,6.274
4964,165.467,732.5,276.69,6.083,-2.659,6.639
4965,165.5,732.2,277.21,6.47,-3.628,7.418
4966,165.533,732.03,277.38,7.242,-4.525,8.54
4967,165.567,731.1,278.1,8.147,-5.57,9.869
4968,165.6,730.71,277.99,9.055,-6.86,11.36
4969,165.633,731.02,277.93,9.661,-8.117,12.618
4970,165.667,732.24,276.91,9.881,-8.69,13.159
4971,165.7,733.57,275.39,10.324,-9.283,13.884
4972,165.733,734.3,274.67,10.55,-9.15,13.965
4973,165.767,734.31,273.64,10.885,-8.742,13.961
4974,165.8,734.74,273.78,11.061,-8.058,13.685
4975,165.833,735.56,273.67,10.62,-6.483,12.443
4976,165.867,736.34,272.65,10.111,-4.43,11.039
4977,165.9,736.48,273.08,8.655,-1.624,8.806
4978,165.933,737.42,273.06,6.628,1.531,6.802
4979,165.967,736.92,273.65,4.031,4.657,6.159
4980,166.0,736.55,274.35,1.468,7.304,7.45
4981,166.033,736.39,274.27,-0.931,9.382,9.428
4982,166.067,736.06,274.94,-2.98,10.805,11.209
4983,166.1,735.61,275.85,-4.297,11.112,11.914
4984,166.133,735.38,276.54,-4.868,10.681,11.738
4985,166.167,735.84,275.94,-5.139,9.323,10.646
4986,166.2,735.47,277.04,-4.353,7.658,8.809
4987,166.233,735.06,276.98,-4.073,6.082,7.32
4988,166.267,734.74,277.14,-3.589,4.354,5.643
4989,166.3,734.66,277.48,-2.761,3.008,4.083
4990,166.333,735.29,277.25,-1.898,1.659,2.521
4991,166.367,735.16,277.66,-1.045,0.388,1.114
4992,166.4,735.04,276.79,-0.706,-0.205,0.735
4993,166.433,734.71,276.4,-0.607,-0.569,0.832
4994,166.467,735.32,276.02,-0.997,-0.474,1.104
4995,166.5,735.43,276.18,-1.393,-0.167,1.403
4996,166.533,735.36,276.17,-1.964,0.043,1.964
4997,166.567,734.95,276.41,-2.887,0.843,3.007
4998,166.6,734.88,276.8,-3.349,1.391,3.626
4999,166.633,734.93,276.91,-3.238,1.736,3.674
5000,166.667,735.84,277.19,-2.742,1.749,3.253
5001,166.7,733.95,277.17,-2.139,2.133,3.021
5002,166.733,734.61,277.24,-1.055,2.007,2.268
5003,166.767,734.15,277.57,0.328,1.712,1.744
5004,166.8,733.97,277.58,1.89,0.989,2.134
5005,166.833,734.12,277.45,3.492,-0.584,3.541
5006,166.867,733.73,277.42,4.992,-1.981,5.371
5007,166.9,734.15,277.42,6.163,-3.849,7.266
5008,166.933,734.66,277.23,7.21,-5.197,8.888
5009,166.967,734.67,276.99,8.421,-5.778,10.213
5010,167.0,734.92,276.63,8.723,-6.295,10.757
5011,167.033,735.73,276.63,8.661,-6.834,11.033
5012,167.067,737.23,275.83,8.637,-7.208,11.25
5013,167.1,737.46,276.03,8.783,-7.67,11.661
5014,167.133,737.58,275.68,8.451,-7.965,11.613
5015,167.167,737.89,275.43,8.514,-8.481,12.017
5016,167.2,737.84,274.95,7.452,-8.087,10.997
5017,167.233,737.44,274.45,6.681,-7.005,9.68
5018,167.267,737.31,274.1,5.103,-5.474,7.483
5019,167.3,737.38,274.15,2.031,-3.428,3.984
5020,167.333,737.55,275.19,-1.657,-1.01,1.94
5021,167.367,736.97,274.84,-4.742,1.747,5.053
5022,167.4,737.35,275.22,-8.244,4.442,9.364
5023,167.433,737.35,274.95,-11.12,7.152,13.221
5024,167.467,736.9,273.67,-13.063,9.224,15.992
5025,167.5,737.76,273.98,-13.572,11.355,17.695
5026,167.533,737.97,274.33,-12.852,12.85,18.174
5027,167.567,737.28,274.76,-11.254,13.595,17.648
5028,167.6,736.31,275.87,-9.697,14.715,17.623
5029,167.633,736.29,276.58,-7.078,14.547,16.178
5030,167.667,733.82,278.88,-5.019,13.049,13.981
5031,167.7,732.81,278.79,-2.878,10.428,10.818
5032,167.733,731.68,279.11,-0.54,7.744,7.762
5033,167.767,730.56,279.69,2.106,3.535,4.114
5034,167.8,732.77,279.48,5.236,-1.016,5.334
5035,167.833,734.42,279.29,8.341,-5.818,10.17
5036,167.867,733.77,278.81,10.954,-10.778,15.367
5037,167.9,736.72,278.61,13.236,-14.917,19.943
5038,167.933,737.83,277.64,14.177,-18.398,23.227
5039,167.967,738.39,277.88,14.235,-20.91,25.296
5040,168.0,738.35,276.3,13.818,-21.657,25.69
5041,168.033,738.35,275.87,11.909,-20.843,24.006
5042,168.067,738.14,275.16,8.506,-18.609,20.461
5043,168.1,738.5,272.26,4.368,-15.129,15.747
5044,168.133,736.85,271.38,-0.092,-10.798,10.799
5045,168.167,738.43,271.37,-5.016,-5.781,7.654
5046,168.2,738.56,271.4,-9.018,-1.505,9.142
5047,168.233,738.45,269.64,-12.327,3.135,12.72
5048,168.267,738.22,271.85,-14.545,7.472,16.352
5049,168.3,736.86,272.95,-14.975,10.981,18.57
5050,168.333,735.61,274.54,-15.196,13.908,20.599
5051,168.367,734.59,275.53,-15.119,16.252,22.197
5052,168.4,733.66,276.14,-13.753,17.87,22.549
5053,168.433,733.93,276.63,-13.097,18.413,22.595
5054,168.467,733.61,277.35,-12.368,18.315,22.1
5055,168.5,732.84,278.1,-11.506,17.132,20.637
5056,168.533,732.73,278.1,-10.416,15.47,18.649
5057,168.567,733.18,278.17,-9.071,12.79,15.68
5058,168.6,733.25,278.36,-7.145,9.292,11.722
5059,168.633,733.2,278.22,-5.515,6.621,8.617
5060,168.667,732.73,278.17,-3.021,4.241,5.207
5061,168.7,732.42,278.66,-1.239,2.161,2.491
5062,168.733,732.24,278.29,-0.092,0.321,0.334
5063,168.767,732.32,278.39,0.495,-0.09,0.503
5064,168.8,732.03,278.77,0.588,-0.527,0.789
5065,168.833,731.99,278.99,0.641,-0.831,1.05
5066,168.867,731.78,278.76,0.505,-1.291,1.387
5067,168.9,731.88,278.76,0.371,-1.724,1.763
5068,168.933,732.52,278.99,0.514,-2.018,2.083
5069,168.967,732.61,279.01,0.439,-2.311,2.352
5070,169.0,732.66,278.41,0.143,-2.469,2.473
5071,169.033,732.95,278.19,-0.184,-2.598,2.605
5072,169.067,733.04,278.23,-0.596,-2.427,2.5
5073,169.1,732.33,278.38,-1.204,-2.356,2.646
5074,169.133,732.5,278.14,-2.013,-2.371,3.11
5075,169.167,732.36,278.12,-2.72,-2.09,3.43
5076,169.2,732.0,277.68,-3.401,-1.667,3.787
5077,169.233,732.18,277.61,-3.739,-1.109,3.9
5078,169.267,732.14,277.82,-3.838,0.208,3.844
5079,169.3,731.67,277.58,-3.682,1.223,3.88
5080,169.333,731.26,277.8,-3.724,1.893,4.177
5081,169.367,731.42,277.95,-3.791,1.908,4.244
5082,169.4,731.42,278.01,-3.779,1.728,4.155
5083,169.433,731.1,278.1,-3.807,1.709,4.173
5084,169.467,730.57,278.64,-3.579,1.126,3.752
5085,169.5,730.5,278.61,-3.153,-0.094,3.154
5086,169.533,730.88,278.36,-2.878,-0.997,3.046
5087,169.567,731.15,277.95,-2.855,-1.671,3.308
5088,169.6,731.06,278.32,-2.906,-2.459,3.807
5089,169.633,731.27,278.68,-2.509,-3.387,4.215
5090,169.667,730.86,278.59,-2.238,-4.097,4.669
5091,169.7,731.08,278.78,-2.078,-4.68,5.121
5092,169.733,730.63,278.23,-1.775,-4.901,5.212
5093,169.767,730.2,276.65,-1.937,-4.771,5.15
5094,169.8,729.22,276.61,-2.117,-4.59,5.055
5095,169.833,729.61,276.28,-2.263,-4.035,4.626
5096,169.867,729.73,276.75,-2.279,-3.399,4.092
5097,169.9,730.1,276.92,-2.145,-2.942,3.641
5098,169.933,730.77,276.03,-2.322,-2.068,3.109
5099,169.967,730.13,276.29,-2.327,-1.137,2.59
5100,170.0,729.69,277.18,-1.959,-0.637,2.06
5101,170.033,729.94,277.0,-1.554,-0.003,1.554
5102,170.067,730.17,276.7,-1.246,0.572,1.37
5103,170.1,730.09,276.92,-0.955,1.169,1.509
5104,170.133,729.63,277.19,-0.686,1.734,1.865
5105,170.167,729.44,277.16,-0.608,1.969,2.061
5106,170.2,729.44,277.13,-0.138,1.842,1.847
5107,170.233,729.14,277.14,-0.127,1.115,1.122
5108,170.267,729.66,276.88,-0.203,0.053,0.21
5109,170.3,729.45,276.91,-0.537,-0.633,0.83
5110,170.333,729.6,276.72,-0.757,-1.235,1.449
5111,170.367,729.75,276.66,-0.575,-1.568,1.67
5112,170.4,729.21,277.3,-0.466,-2.047,2.099
5113,170.433,729.7,276.7,-0.743,-2.529,2.636
5114,170.467,729.64,276.61,-1.314,-2.83,3.121
5115,170.5,729.5,276.97,-1.708,-2.77,3.254
5116,170.533,729.77,276.51,-1.773,-3.162,3.625
5117,170.567,729.88,276.55,-1.77,-3.599,4.011
5118,170.6,729.68,276.76,-1.708,-3.922,4.277
5119,170.633,729.66,276.17,-1.595,-4.263,4.552
5120,170.667,729.56,275.74,-1.113,-4.348,4.489
5121,170.7,728.56,275.54,-0.886,-4.522,4.608
5122,170.733,728.45,275.42,-0.027,-4.633,4.633
5123,170.767,728.23,275.51,0.199,-4.434,4.438
5124,170.8,728.64,275.74,0.199,-4.083,4.088
5125,170.833,729.56,275.52,0.686,-3.58,3.645
5126,170.867,728.69,275.26,0.701,-3.018,3.098
5127,170.9,728.85,275.03,0.694,-2.388,2.486
5128,170.933,729.51,274.58,0.982,-2.256,2.461
5129,170.967,729.55,275.13,1.027,-1.848,2.115
5130,171.0,729.9,274.4,1.238,-1.362,1.841
5131,171.033,730.02,274.42,1.362,-1.259,1.855
5132,171.067,730.0,274.63,1.31,-0.982,1.637
5133,171.1,729.73,274.94,1.381,-0.574,1.496
5134,171.133,729.57,275.2,1.129,-0.684,1.32
5135,171.167,728.99,274.66,0.906,-0.612,1.093
5136,171.2,729.64,275.04,0.343,-0.376,0.508
5137,171.233,728.05,275.22,0.168,-0.218,0.275
5138,171.267,729.54,274.73,0.056,-0.143,0.153
5139,171.3,729.74,274.73,-0.013,0.151,0.152
5140,171.333,728.89,274.41,-0.05,0.234,0.239
5141,171.367,729.72,274.47,-0.676,0.327,0.751
5142,171.4,729.69,274.42,-0.795,0.647,1.025
5143,171.433,729.74,274.78,-0.886,0.853,1.23
5144,171.467,729.92,274.73,-1.116,1.433,1.817
5145,171.5,729.58,274.66,-1.236,1.184,1.711
5146,171.533,729.84,275.02,-1.507,1.097,1.864
5147,171.567,729.85,275.05,-1.92,0.866,2.106
5148,171.6,729.04,274.53,-2.397,0.709,2.5
5149,171.633,729.34,275.05,-2.851,0.712,2.939
5150,171.667,728.67,274.96,-3.318,0.143,3.321
5151,171.7,728.76,274.87,-3.33,-0.072,3.33
5152,171.733,728.5,275.2,-3.384,-0.349,3.402
5153,171.767,728.32,275.67,-2.544,-0.928,2.708
5154,171.8,728.55,275.22,-2.546,-1.178,2.806
5155,171.833,728.26,275.25,-2.652,-1.435,3.015
5156,171.867,728.57,275.14,-2.179,-1.456,2.621
5157,171.9,728.46,274.48,-1.909,-1.438,2.39
5158,171.933,728.64,274.43,-1.707,-1.358,2.181
5159,171.967,728.55,273.56,-1.599,-1.381,2.113
5160,172.0,728.37,274.24,-1.572,-1.295,2.037
5161,172.033,728.29,274.42,-1.415,-0.993,1.729
5162,172.067,728.28,274.89,-1.373,-1.102,1.76
5163,172.1,728.21,274.78,-1.09,-1.022,1.494
5164,172.133,728.24,274.08,-0.328,-0.702,0.775
5165,172.167,728.42,274.84,0.027,-0.295,0.296
5166,172.2,728.21,274.69,0.758,-0.034,0.759
5167,172.233,727.65,274.41,1.823,0.315,1.85
5168,172.267,727.48,274.7,2.977,0.703,3.059
5169,172.3,728.14,274.38,4.24,0.275,4.249
5170,172.333,728.37,274.32,5.264,-0.727,5.314
5171,172.367,728.4,274.14,6.37,-2.429,6.818
5172,172.4,728.4,274.05,7.168,-4.769,8.61
5173,172.433,728.83,274.07,7.909,-7.061,10.602
5174,172.467,729.36,274.01,8.206,-9.377,12.461
5175,172.5,729.75,273.81,8.066,-10.973,13.618
5176,172.533,730.31,273.35,7.809,-12.347,14.609
5177,172.567,730.83,273.75,7.275,-13.18,15.054
5178,172.6,730.59,273.13,6.572,-13.888,15.365
5179,172.633,730.54,272.93,5.496,-14.04,15.078
5180,172.667,731.35,271.79,4.288,-13.518,14.182
5181,172.7,731.61,271.42,3.153,-13.026,13.402
5182,172.733,731.06,270.44,2.032,-12.363,12.529
5183,172.767,731.11,268.64,1.075,-11.266,11.317
5184,172.8,731.0,267.97,0.234,-10.042,10.045
5185,172.833,731.09,267.85,-0.71,-8.466,8.496
5186,172.867,730.93,267.95,-1.782,-6.79,7.02
5187,172.9,730.86,268.52,-2.447,-4.976,5.545
5188,172.933,730.46,268.86,-2.975,-3.16,4.34
5189,172.967,730.44,269.31,-3.348,-1.435,3.642
5190,173.0,730.71,269.59,-3.703,0.208,3.709
5191,173.033,730.46,269.64,-3.987,1.413,4.229
5192,173.067,730.5,269.32,-4.055,2.579,4.805
5193,173.1,730.27,269.39,-4.469,3.031,5.4
5194,173.133,730.67,268.94,-4.672,3.169,5.645
5195,173.167,730.63,268.94,-4.335,2.582,5.045
5196,173.2,729.84,268.93,-4.444,2.349,5.027
5197,173.233,729.4,269.29,-4.31,1.345,4.515
5198,173.267,729.26,269.31,-4.204,0.362,4.22
5199,173.3,729.25,269.29,-4.116,0.229,4.122
5200,173.333,728.96,269.21,-4.032,0.378,4.05
5201,173.367,729.2,269.32,-3.925,0.99,4.048
5202,173.4,728.6,269.38,-3.858,2.032,4.36
5203,173.433,728.77,269.53,-3.68,3.135,4.834
5204,173.467,728.64,269.58,-3.172,3.988,5.096
5205,173.5,728.71,269.38,-2.67,4.517,5.247
5206,173.533,728.79,269.92,-2.29,4.924,5.43
5207,173.567,728.22,269.86,-2.112,5.129,5.547
5208,173.6,728.67,270.06,-1.926,5.296,5.635
5209,173.633,728.89,270.23,-1.708,5.305,5.573
5210,173.667,728.24,270.88,-1.796,5.486,5.773
5211,173.7,728.62,270.12,-2.05,5.501,5.871
5212,173.733,727.66,271.11,-2.068,5.32,5.708
5213,173.767,728.02,271.41,-1.893,4.847,5.204
5214,173.8,727.98,271.32,-1.61,4.212,4.509
5215,173.833,728.1,271.94,-1.47,3.586,3.876
5216,173.867,727.93,271.9,-1.189,3.031,3.256
5217,173.9,728.16,271.62,-1.057,2.457,2.675
5218,173.933,728.0,271.31,-0.607,1.828,1.926
5219,173.967,727.66,271.65,-0.313,1.102,1.145
5220,174.0,727.65,271.96,0.188,0.349,0.396
5221,174.033,727.48,271.78,0.447,-0.059,0.451
5222,174.067,728.03,271.78,0.88,-0.439,0.983
5223,174.1,727.96,271.79,1.61,-0.702,1.756
5224,174.133,728.08,271.66,2.032,-0.962,2.248
5225,174.167,728.18,271.32,2.161,-1.072,2.413
5226,174.2,728.24,271.32,2.39,-1.313,2.727
5227,174.233,728.28,271.52,2.403,-1.031,2.615
5228,174.267,728.26,271.58,2.431,-1.151,2.69
5229,174.3,728.16,271.72,2.417,-1.253,2.723
5230,174.333,728.46,271.59,2.36,-1.338,2.713
5231,174.367,728.53,271.42,2.259,-1.406,2.661
5232,174.4,728.66,271.26,2.116,-1.458,2.569
5233,174.433,728.66,271.26,1.929,-1.492,2.439
5234,174.467,729.01,271.36,1.7,-1.509,2.273
5235,174.5,728.82,271.54,1.427,-1.509,2.077
5236,174.533,729.4,271.35,1.112,-1.491,1.86
5237,174.567,728.97,271.0,0.753,-1.457,1.64
5238,174.6,728.83,271.0,0.351,-1.406,1.449
5239,174.633,728.88,271.13,-0.094,-1.338,1.341
5240,174.667,728.88,271.02,-0.582,-1.252,1.381
5241,174.7,728.99,270.89,-1.113,-1.15,1.6
5242,174.733,728.7,270.89,-1.687,-1.03,1.977
