frame,t_s,x_px,y_px,vx_px_s,vy_px_s,speed_px_s
0,0.0,626.36,375.75,-180.384,382.384,422.796
1,0.033,621.25,375.41,-144.938,312.667,344.627
2,0.067,630.67,372.07,-112.257,247.492,271.761
3,0.1,629.83,369.4,-82.341,186.859,204.197
4,0.133,646.83,372.89,-55.192,130.768,141.938
5,0.167,626.59,368.0,-30.809,79.218,84.998
6,0.2,644.56,371.65,-9.192,32.211,33.496
7,0.233,643.25,371.49,9.66,-10.255,14.088
8,0.267,642.0,371.55,25.745,-48.179,54.627
9,0.3,640.52,371.51,39.065,-81.561,90.434
10,0.333,620.96,368.68,49.619,-110.402,121.04
11,0.367,619.36,368.83,57.407,-134.7,146.423
12,0.4,618.03,369.68,62.429,-154.457,166.596
13,0.433,634.46,371.05,64.685,-169.672,181.583
14,0.467,632.51,370.55,64.175,-180.345,191.422
15,0.5,630.55,370.06,60.899,-186.476,196.168
16,0.533,628.95,369.63,65.161,-213.04,222.782
17,0.567,627.31,369.19,66.059,-226.191,235.64
18,0.6,626.02,368.99,58.112,-225.705,233.066
19,0.633,624.64,369.03,46.891,-212.761,217.867
20,0.667,623.28,369.18,23.158,-191.984,193.376
21,0.7,630.71,347.42,5.849,-160.926,161.033
22,0.733,628.39,349.94,-21.839,-125.096,126.988
23,0.767,615.52,369.3,-52.083,-84.75,99.474
24,0.8,719.8,181.2,-118.526,19.658,120.146
25,0.833,707.17,180.99,-132.17,29.042,135.323
26,0.867,697.95,182.35,-138.534,45.797,145.907
27,0.9,594.75,367.29,-142.497,66.708,157.339
28,0.933,569.63,373.28,-145.147,87.074,169.262
29,0.967,596.83,355.49,-154.282,107.385,187.974
30,1.0,586.54,366.98,-158.082,126.168,202.258
31,1.033,585.27,367.17,-156.115,140.97,210.344
32,1.067,584.39,367.38,-148.557,150.018,211.126
33,1.1,583.36,367.45,-134.569,151.932,202.958
34,1.133,581.97,367.36,-113.851,144.779,184.182
35,1.167,580.68,367.16,-86.272,125.959,152.672
36,1.2,579.67,367.04,-42.353,93.976,103.078
37,1.233,578.71,366.9,-0.088,57.761,57.761
38,1.267,577.89,366.69,44.252,6.214,44.686
39,1.3,672.45,196.62,97.548,-72.783,121.709
40,1.333,577.19,366.01,92.004,-60.261,109.982
41,1.367,576.83,365.68,68.376,-18.519,70.839
42,1.4,576.91,365.42,23.534,58.133,62.716
43,1.433,584.6,371.22,12.68,64.657,65.889
44,1.467,593.07,371.85,14.252,64.277,65.838
45,1.5,594.03,372.66,3.391,69.483,69.566
46,1.533,595.38,374.62,-4.108,67.432,67.557
47,1.567,598.21,376.34,-10.658,62.055,62.963
48,1.6,600.79,376.58,-15.827,53.004,55.316
49,1.633,603.48,375.5,-19.264,39.838,44.251
50,1.667,606.99,374.1,-20.288,22.032,29.951
51,1.7,585.48,369.38,-18.073,-0.354,18.077
52,1.733,585.71,367.61,-11.823,-28.326,30.694
53,1.767,586.26,366.38,-1.229,-61.623,61.635
54,1.8,586.48,364.88,14.432,-99.193,100.237
55,1.833,586.88,363.04,-21.822,-38.37,44.141
56,1.867,587.82,362.12,-21.439,-36.404,42.248
57,1.9,588.93,361.23,-18.133,-31.769,36.58
58,1.933,590.1,361.67,-11.55,-24.367,26.966
59,1.967,590.14,361.81,-5.58,-17.733,18.59
60,2.0,590.57,362.09,-1.938,-10.226,10.408
61,2.033,591.28,361.84,-1.672,3.47,3.852
62,2.067,591.3,361.18,0.588,12.877,12.891
63,2.1,590.85,360.39,3.059,18.104,18.361
64,2.133,590.67,359.9,4.568,19.636,20.161
65,2.167,590.67,360.29,3.572,17.97,18.322
66,2.2,590.27,360.43,-1.964,13.769,13.909
67,2.233,589.17,362.85,4.546,3.881,5.977
68,2.267,588.75,365.38,9.691,-3.944,10.462
69,2.3,588.38,365.73,13.451,-10.146,16.849
70,2.333,588.11,366.06,16.307,-14.643,21.916
71,2.367,587.97,366.47,18.342,-17.179,25.131
72,2.4,588.13,366.77,19.464,-18.064,26.554
73,2.433,588.74,367.11,19.728,-17.323,26.255
74,2.467,589.53,367.5,19.167,-15.62,24.726
75,2.5,589.97,367.66,18.072,-13.134,22.34
76,2.533,600.37,351.65,16.205,-10.114,19.102
77,2.567,600.25,352.14,13.356,-6.461,14.837
78,2.6,600.09,352.12,9.731,-1.972,9.929
79,2.633,599.79,352.1,2.176,9.853,10.091
80,2.667,599.59,352.53,-4.512,19.581,20.094
81,2.7,599.34,352.42,-10.648,26.983,29.007
82,2.733,589.85,367.2,-16.034,32.229,35.997
83,2.767,589.94,367.29,-20.327,34.452,40.002
84,2.8,590.24,367.61,-23.79,33.668,41.225
85,2.833,590.31,367.98,-26.51,30.945,40.748
86,2.867,590.46,368.4,-28.247,26.196,38.524
87,2.9,590.46,368.77,-28.864,19.389,34.772
88,2.933,589.95,369.27,-28.115,10.545,30.028
89,2.967,588.7,369.63,-26.163,-0.451,26.167
90,3.0,587.45,370.21,-23.076,-13.749,26.862
91,3.033,585.98,370.82,-18.751,-29.244,34.739
92,3.067,584.09,371.5,-15.395,-45.585,48.115
93,3.1,581.88,372.15,-15.765,-56.022,58.198
94,3.133,588.71,355.25,-19.434,-60.526,63.569
95,3.167,587.01,354.4,-30.147,-51.194,59.412
96,3.2,585.31,353.97,-41.014,-40.916,57.934
97,3.233,583.2,354.36,-52.397,-28.389,59.593
98,3.267,581.03,354.84,-58.998,-21.8,62.896
99,3.3,578.88,354.73,-64.304,-15.62,66.174
100,3.333,577.13,354.13,-68.264,-9.816,68.966
101,3.367,575.19,353.73,-70.882,-4.451,71.022
102,3.4,573.26,353.25,-72.365,0.646,72.368
103,3.433,570.79,352.68,-72.857,5.664,73.077
104,3.467,568.26,352.09,-66.948,4.108,67.073
105,3.5,565.59,351.45,-68.371,11.211,69.284
106,3.533,563.02,350.35,-67.59,16.269,69.52
107,3.567,550.01,371.95,-64.364,18.475,66.964
108,3.6,548.63,372.16,-57.971,16.577,60.295
109,3.633,547.28,372.55,-48.474,10.472,49.592
110,3.667,557.55,351.03,-41.265,10.161,42.497
111,3.7,556.05,352.07,-33.057,10.117,34.57
112,3.733,554.93,352.87,-24.66,10.5,26.802
113,3.767,554.08,353.95,-16.119,11.12,19.583
114,3.8,553.57,355.17,-7.601,11.774,14.014
115,3.833,552.85,356.55,0.098,12.249,12.249
116,3.867,552.29,358.31,6.777,12.507,14.225
117,3.9,551.99,359.73,13.15,12.204,17.941
118,3.933,552.0,360.35,18.144,12.249,21.892
119,3.967,537.59,377.73,21.908,12.978,25.463
120,4.0,554.07,361.37,23.736,15.145,28.156
121,4.033,555.17,361.51,23.678,19.293,30.543
122,4.067,556.34,361.99,29.951,24.899,38.949
123,4.1,556.57,363.98,36.079,21.646,42.074
124,4.133,557.49,365.08,39.144,16.367,42.427
125,4.167,558.81,365.89,40.432,8.064,41.229
126,4.2,558.96,366.56,34.235,9.03,35.406
127,4.233,559.94,366.72,25.735,10.899,27.947
128,4.267,560.76,366.14,15.438,13.602,20.576
129,4.3,561.35,365.15,3.896,16.869,17.313
130,4.333,563.16,364.72,-8.273,20.402,22.016
131,4.367,564.68,365.1,-20.585,24.086,31.684
132,4.4,563.8,366.98,-32.486,27.202,42.371
133,4.433,563.88,368.16,-43.466,29.2,52.363
134,4.467,563.21,369.83,-53.147,30.054,61.057
135,4.5,563.54,371.12,-52.26,22.635,56.951
136,4.533,563.82,372.48,-55.009,22.042,59.26
137,4.567,541.36,377.66,-55.756,21.698,59.829
138,4.6,541.81,377.57,-54.564,21.736,58.734
139,4.633,542.24,377.35,-51.002,21.498,55.348
140,4.667,542.59,376.99,-45.493,20.489,49.894
141,4.7,542.84,376.56,-38.667,18.197,42.734
142,4.733,542.82,376.08,-30.339,15.364,34.007
143,4.767,542.97,375.6,-21.479,12.147,24.676
144,4.8,543.22,375.15,-12.524,8.956,15.397
145,4.833,543.14,374.9,-3.811,5.923,7.043
146,4.867,543.56,374.44,3.607,3.089,4.748
147,4.9,544.11,374.83,9.25,0.604,9.269
148,4.933,544.65,377.03,13.742,-2.025,13.89
149,4.967,545.21,381.51,16.222,-4.325,16.788
150,5.0,545.57,380.12,16.528,-6.467,17.749
151,5.033,545.94,378.98,13.219,-8.133,15.52
152,5.067,546.16,378.92,5.68,-9.384,10.969
153,5.1,546.19,378.13,6.587,-12.619,14.235
154,5.133,545.99,376.29,7.664,-15.856,17.611
155,5.167,545.56,375.32,8.78,-18.917,20.856
156,5.2,545.24,375.52,9.864,-21.6,23.746
157,5.233,544.98,374.13,10.973,-23.681,26.1
158,5.267,545.35,372.52,12.315,-24.988,27.858
159,5.3,546.16,370.83,13.884,-25.287,28.848
160,5.333,547.37,369.99,15.792,-24.48,29.131
161,5.367,548.62,369.73,17.932,-22.527,28.793
162,5.4,549.61,369.48,20.03,-19.17,27.725
163,5.433,550.46,369.31,21.863,-14.731,26.363
164,5.467,551.07,369.12,23.187,-10.345,25.39
165,5.5,551.36,369.05,23.693,-7.955,24.993
166,5.533,552.22,368.77,23.325,-5.415,23.945
167,5.567,552.57,368.58,22.071,-2.873,22.257
168,5.6,553.25,368.49,19.891,-0.991,19.915
169,5.633,553.79,368.49,17.267,0.337,17.27
170,5.667,554.49,368.51,14.453,1.636,14.546
171,5.7,555.33,368.57,11.799,2.581,12.078
172,5.733,556.11,368.59,9.588,2.502,9.91
173,5.767,556.7,368.67,7.777,2.135,8.065
174,5.8,557.06,368.63,6.012,1.769,6.267
175,5.833,556.73,368.73,4.173,1.724,4.516
176,5.867,556.62,368.89,2.343,1.824,2.97
177,5.9,556.31,369.07,0.754,1.85,1.997
178,5.933,555.88,369.24,-0.576,1.823,1.911
179,5.967,555.51,369.37,-1.603,1.733,2.361
180,6.0,555.47,369.32,-2.089,1.562,2.609
181,6.033,555.65,369.2,-2.162,1.264,2.504
182,6.067,555.87,369.12,-2.126,0.901,2.309
183,6.1,556.5,369.02,-1.892,0.581,1.979
184,6.133,556.53,369.0,-1.411,0.302,1.443
185,6.167,556.43,369.04,-0.608,0.062,0.611
186,6.2,556.14,369.15,0.452,-0.101,0.463
187,6.233,555.44,369.29,1.64,-0.13,1.645
188,6.267,555.18,369.35,2.889,-0.018,2.889
189,6.3,555.63,369.38,4.055,0.283,4.065
190,6.333,556.5,369.38,5.649,0.685,5.691
191,6.367,557.2,369.35,8.082,1.23,8.175
192,6.4,557.36,369.33,11.332,1.869,11.485
193,6.433,557.58,369.31,15.15,2.389,15.337
194,6.467,557.75,369.24,18.944,2.629,19.126
195,6.5,557.5,369.25,22.193,2.718,22.359
196,6.533,557.85,369.31,24.245,2.945,24.423
197,6.567,558.41,369.57,24.624,4.679,25.065
198,6.6,559.52,369.73,23.636,6.548,24.526
199,6.633,560.51,369.95,21.246,7.803,22.633
200,6.667,561.63,370.2,17.934,6.087,18.938
201,6.7,562.82,370.45,13.834,2.847,14.124
202,6.733,564.09,370.55,9.112,-1.483,9.232
203,6.767,565.36,370.67,4.415,-4.916,6.608
204,6.8,566.94,370.57,0.035,-7.385,7.385
205,6.833,567.26,370.73,-4.112,-8.875,9.781
206,6.867,566.64,370.63,-8.228,-9.426,12.512
207,6.9,564.78,370.4,-12.299,-9.046,15.267
208,6.933,562.33,370.46,-15.882,-7.754,17.674
209,6.967,560.2,370.84,-18.992,-5.959,19.905
210,7.0,558.52,371.03,-21.63,-3.817,21.965
211,7.033,557.7,370.64,-23.278,-1.683,23.339
212,7.067,557.96,366.3,-23.852,0.323,23.854
213,7.1,557.96,363.3,-23.198,1.957,23.28
214,7.133,557.82,361.2,-21.575,3.423,21.845
215,7.167,557.4,365.13,-18.962,4.662,19.527
216,7.2,557.1,368.12,-15.495,5.539,16.456
217,7.233,557.22,371.91,-11.521,5.911,12.949
218,7.267,557.17,372.35,-7.467,5.839,9.479
219,7.3,556.81,372.58,-3.777,5.304,6.511
220,7.333,556.29,372.56,-1.175,4.443,4.596
221,7.367,555.83,372.32,0.49,3.13,3.168
222,7.4,555.56,371.72,1.434,1.488,2.066
223,7.433,555.1,370.53,1.002,5.73,5.817
224,7.467,554.93,369.66,1.178,6.125,6.238
225,7.5,555.37,368.77,2.433,2.988,3.854
226,7.533,555.96,368.34,4.535,-2.641,5.248
227,7.567,556.5,368.08,7.086,-10.306,12.507
228,7.6,556.91,368.14,9.512,-17.537,19.95
229,7.633,557.4,367.87,11.756,-23.807,26.551
230,7.667,557.82,367.54,14.007,-27.435,30.803
231,7.7,558.04,367.33,15.85,-36.489,39.783
232,7.733,558.31,367.38,16.931,-41.528,44.846
233,7.767,558.66,367.44,17.24,-44.095,47.345
234,7.8,559.04,367.56,16.813,-43.476,46.613
235,7.833,559.49,367.67,16.134,-40.27,43.381
236,7.867,559.78,367.83,15.172,-34.996,38.144
237,7.9,559.8,367.99,14.043,-28.066,31.383
238,7.933,562.95,351.24,12.691,-19.746,23.473
239,7.967,563.6,351.5,11.587,-10.047,15.337
240,8.0,563.35,352.06,10.709,0.63,10.728
241,8.033,563.37,351.53,9.913,12.073,15.622
242,8.067,563.53,351.46,8.962,23.907,25.532
243,8.1,563.58,352.53,7.784,35.716,36.554
244,8.133,563.51,354.97,5.989,46.777,47.159
245,8.167,562.64,356.31,3.629,56.701,56.817
246,8.2,562.53,373.62,0.855,65.059,65.065
247,8.233,563.16,374.44,-1.857,71.318,71.342
248,8.267,563.51,375.33,-4.241,74.971,75.091
249,8.3,563.95,376.0,-6.075,75.594,75.838
250,8.333,563.66,376.85,-7.271,72.783,73.145
251,8.367,563.64,377.89,-7.787,66.303,66.758
252,8.4,563.54,378.99,-7.553,55.776,56.285
253,8.433,563.61,380.14,-6.332,40.96,41.447
254,8.467,563.14,381.24,-5.845,31.802,32.335
255,8.5,562.59,382.34,-5.213,22.795,23.384
256,8.533,561.65,383.3,-4.044,14.375,14.933
257,8.567,560.79,383.8,-2.63,7.765,8.198
258,8.6,559.92,383.9,-1.148,3.631,3.808
259,8.633,560.13,383.95,0.207,2.027,2.038
260,8.667,560.63,383.97,1.328,3.029,3.307
261,8.7,561.45,383.97,2.679,7.765,8.214
262,8.733,562.07,384.12,4.024,7.294,8.33
263,8.767,562.55,384.28,5.304,7.489,9.177
264,8.8,562.8,384.52,6.482,8.285,10.519
265,8.833,563.02,384.9,7.171,9.842,12.177
266,8.867,563.2,385.16,7.558,12.305,14.441
267,8.9,563.53,385.63,7.289,14.962,16.643
268,8.933,563.88,386.15,6.541,17.727,18.895
269,8.967,564.17,387.01,5.251,20.679,21.335
270,9.0,564.1,387.78,3.723,23.884,24.173
271,9.033,563.74,388.6,2.24,27.29,27.382
272,9.067,563.47,389.56,0.952,31.189,31.203
273,9.1,563.13,390.68,-0.218,35.653,35.654
274,9.133,563.06,392.45,-1.087,40.668,40.683
275,9.167,563.29,394.06,-1.962,45.693,45.735
276,9.2,563.66,395.57,-2.74,50.731,50.805
277,9.233,564.15,396.79,-3.509,55.458,55.569
278,9.267,563.85,398.32,-4.209,59.327,59.476
279,9.3,563.37,400.07,-4.496,62.463,62.624
280,9.333,563.1,401.9,-4.623,64.413,64.578
281,9.367,562.93,403.26,-4.7,64.855,65.025
282,9.4,563.25,406.03,-4.617,63.861,64.028
283,9.433,563.33,409.27,-4.303,62.571,62.719
284,9.467,563.25,412.57,-3.684,61.615,61.725
285,9.5,563.01,415.81,-2.73,61.624,61.685
286,9.533,562.23,419.03,-1.274,62.363,62.376
287,9.567,561.61,421.22,1.099,66.126,66.135
288,9.6,561.54,422.87,4.092,73.959,74.073
289,9.633,561.91,424.08,7.661,84.33,84.677
290,9.667,562.6,425.87,11.696,94.431,95.152
291,9.7,563.19,427.18,16.027,102.35,103.597
292,9.733,563.82,428.77,20.468,107.78,109.706
293,9.767,564.58,431.33,24.639,110.585,113.296
294,9.8,564.68,433.82,28.706,110.864,114.52
295,9.833,565.53,437.7,32.595,111.645,116.306
296,9.867,566.94,443.31,35.999,114.088,119.633
297,9.9,568.56,450.83,38.387,117.633,123.738
298,9.933,570.19,457.67,39.253,121.335,127.526
299,9.967,571.75,464.57,38.527,125.0,130.802
300,10.0,573.26,470.76,36.326,128.788,133.813
301,10.033,574.73,478.45,32.946,131.836,135.89
302,10.067,575.49,481.13,29.1,134.282,137.399
303,10.1,576.61,478.97,25.137,136.018,138.321
304,10.133,577.82,476.52,21.303,136.832,138.48
305,10.167,578.86,476.95,17.737,136.929,138.073
306,10.2,579.57,481.04,14.513,136.104,136.876
307,10.233,579.82,486.85,11.742,135.371,135.879
308,10.267,579.83,495.23,9.504,135.579,135.912
309,10.3,579.43,506.1,7.749,136.847,137.066
310,10.333,578.71,512.3,6.807,139.757,139.923
311,10.367,577.82,515.85,6.262,144.259,144.395
312,10.4,577.58,520.77,5.78,149.227,149.339
313,10.433,577.74,526.39,5.234,153.112,153.202
314,10.467,578.35,531.59,4.528,155.981,156.047
315,10.5,579.24,535.47,3.766,156.987,157.033
316,10.533,580.24,540.15,3.017,156.036,156.065
317,10.567,581.07,543.43,2.397,151.424,151.443
318,10.6,581.91,546.89,2.413,144.907,144.927
319,10.633,582.42,551.12,2.921,139.6,139.631
320,10.667,582.58,555.94,3.697,137.335,137.385
321,10.7,582.37,561.73,4.552,137.901,137.976
322,10.733,581.94,567.32,5.291,140.811,140.91
323,10.767,581.27,572.25,5.786,145.006,145.121
324,10.8,580.45,577.1,5.868,148.968,149.084
325,10.833,579.74,581.82,5.561,149.446,149.549
326,10.867,579.51,585.94,5.085,148.095,148.182
327,10.9,579.73,590.66,4.797,145.486,145.565
328,10.933,580.24,596.04,4.602,140.661,140.736
329,10.967,581.19,600.67,4.485,133.064,133.139
330,11.0,582.26,605.58,4.307,123.299,123.374
331,11.033,583.39,609.8,3.948,111.534,111.604
332,11.067,584.3,613.93,3.306,97.715,97.771
333,11.1,584.7,617.88,2.294,82.956,82.988
334,11.133,584.68,621.18,0.787,68.401,68.406
335,11.167,584.3,623.45,-1.061,54.135,54.145
336,11.2,583.59,625.62,-3.184,40.476,40.601
337,11.233,582.7,625.92,-5.413,27.442,27.971
338,11.267,581.82,626.03,-7.629,15.525,17.298
339,11.3,581.11,624.86,-9.575,6.513,11.58
340,11.333,580.7,624.9,-10.835,-0.91,10.873
341,11.367,580.45,623.37,-11.103,-7.219,13.243
342,11.4,580.21,622.33,-10.359,-11.903,15.779
343,11.433,580.13,621.89,-8.645,-13.673,16.177
344,11.467,580.09,621.82,-6.156,-12.081,13.559
345,11.5,580.12,620.61,-3.38,-6.926,7.707
346,11.533,580.16,620.76,-0.679,1.321,1.485
347,11.567,580.14,621.29,1.609,12.382,12.486
348,11.6,580.28,622.41,3.42,22.699,22.955
349,11.633,580.5,622.83,4.74,30.559,30.924
350,11.667,580.5,624.0,5.537,34.506,34.947
351,11.7,580.55,625.53,5.876,35.73,36.21
352,11.733,580.67,627.21,5.825,34.063,34.558
353,11.767,580.99,628.83,5.376,30.556,31.025
354,11.8,581.5,627.27,4.7,25.411,25.842
355,11.833,581.88,628.49,3.955,19.24,19.642
356,11.867,582.09,631.91,3.171,11.865,12.282
357,11.9,582.17,636.59,2.345,4.864,5.4
358,11.933,581.97,638.99,1.628,-1.724,2.371
359,11.967,581.7,638.94,1.007,-7.858,7.922
360,12.0,581.65,637.08,0.524,-13.762,13.772
361,12.033,581.79,632.85,0.127,-18.535,18.535
362,12.067,582.03,625.65,-0.052,-22.872,22.872
363,12.1,581.99,622.55,-0.042,-26.416,26.416
364,12.133,581.82,621.38,0.062,-28.644,28.644
365,12.167,581.64,623.39,0.092,-28.645,28.645
366,12.2,581.37,623.89,0.664,-28.836,28.844
367,12.233,581.19,624.46,1.397,-27.991,28.026
368,12.267,581.42,624.48,2.106,-25.996,26.081
369,12.3,581.71,624.35,2.548,-22.86,23.002
370,12.333,581.92,624.76,2.563,-17.037,17.228
371,12.367,582.07,625.04,1.962,-9.115,9.324
372,12.4,582.3,624.05,0.81,-0.689,1.064
373,12.433,582.37,623.1,-0.782,5.961,6.013
374,12.467,582.43,621.9,-2.142,8.309,8.581
375,12.5,582.42,621.22,-3.464,8.069,8.782
376,12.533,582.48,620.65,-4.756,5.606,7.352
377,12.567,582.24,621.45,-6.015,2.382,6.47
378,12.6,582.07,622.27,-7.275,0.792,7.318
379,12.633,581.89,621.88,-8.26,0.08,8.26
380,12.667,582.0,620.11,-8.697,-0.251,8.7
381,12.7,580.8,623.39,-8.695,-1.49,8.822
382,12.733,580.01,624.69,-8.188,-3.206,8.793
383,12.767,579.4,625.51,-7.167,-5.498,9.032
384,12.8,579.01,625.85,-5.87,-8.571,10.389
385,12.833,578.66,626.1,-4.432,-11.738,12.546
386,12.867,578.81,624.39,-2.92,-15.388,15.662
387,12.9,579.18,621.31,-1.243,-19.369,19.409
388,12.933,579.75,617.8,0.524,-22.959,22.965
389,12.967,579.34,619.12,2.262,-25.281,25.382
390,13.0,579.59,618.07,3.946,-26.609,26.9
391,13.033,579.95,617.3,5.429,-28.469,28.982
392,13.067,580.35,616.35,6.519,-28.659,29.392
393,13.1,580.84,615.51,7.29,-27.827,28.766
394,13.133,581.13,614.62,7.598,-26.908,27.96
395,13.167,580.96,614.14,7.411,-25.334,26.396
396,13.2,581.0,613.28,6.463,-20.813,21.794
397,13.233,581.08,612.55,5.53,-17.086,17.958
398,13.267,581.15,611.8,4.727,-14.537,15.287
399,13.3,581.31,612.25,4.101,-13.035,13.665
400,13.333,581.58,611.8,3.689,-12.779,13.301
401,13.367,581.99,611.73,3.552,-13.885,14.332
402,13.4,582.14,611.42,3.393,-15.641,16.005
403,13.433,582.1,611.05,2.931,-16.582,16.839
404,13.467,582.17,608.88,1.97,-15.514,15.639
405,13.5,582.02,607.56,0.997,-14.707,14.741
406,13.533,581.95,610.22,-0.099,-13.509,13.51
407,13.567,581.94,609.24,-1.267,-11.49,11.56
408,13.6,581.88,607.95,-2.44,-8.982,9.307
409,13.633,581.94,608.24,-3.715,-6.215,7.241
410,13.667,581.98,608.83,-5.03,-2.55,5.64
411,13.7,582.19,606.14,-6.185,1.283,6.317
412,13.733,582.22,605.21,-6.964,5.747,9.029
413,13.767,581.93,605.93,-7.391,10.996,13.249
414,13.8,581.54,606.42,-7.36,16.56,18.122
415,13.833,580.94,607.5,-6.898,21.621,22.695
416,13.867,580.22,608.7,-6.062,26.287,26.977
417,13.9,579.61,610.71,-5.096,29.972,30.403
418,13.933,579.34,612.21,-3.961,32.624,32.864
419,13.967,579.27,613.02,-2.593,34.012,34.11
420,14.0,579.45,613.98,-1.008,34.666,34.681
421,14.033,579.63,615.65,0.729,34.984,34.991
422,14.067,579.78,616.15,2.5,32.853,32.948
423,14.1,579.85,617.41,4.168,30.261,30.546
424,14.133,580.04,619.26,5.646,27.817,28.384
425,14.167,580.36,619.8,6.762,24.864,25.767
426,14.2,580.99,621.24,7.413,20.672,21.961
427,14.233,581.23,621.9,7.571,16.756,18.387
428,14.267,581.6,621.59,7.276,13.543,15.373
429,14.3,581.84,621.7,6.635,11.209,13.026
430,14.333,582.04,621.61,5.829,9.362,11.028
431,14.367,582.11,621.36,5.072,7.354,8.933
432,14.4,582.32,621.36,4.36,6.268,7.635
433,14.433,582.5,621.18,3.968,4.851,6.267
434,14.467,582.59,621.17,3.511,4.295,5.548
435,14.5,582.36,622.43,3.364,4.589,5.69
436,14.533,582.24,623.15,3.514,6.336,7.245
437,14.567,582.12,624.25,3.754,9.641,10.346
438,14.6,582.07,624.41,4.286,12.504,13.218
439,14.633,582.12,623.89,4.773,14.309,15.084
440,14.667,582.36,623.1,4.743,15.271,15.99
441,14.7,582.82,623.3,4.076,14.482,15.045
442,14.733,583.11,624.77,2.264,12.712,12.912
443,14.767,583.33,625.41,-0.125,10.029,10.03
444,14.8,583.58,624.54,-3.068,6.931,7.58
445,14.833,583.55,624.88,-6.326,3.318,7.144
446,14.867,583.27,626.79,-9.472,-1.727,9.628
447,14.9,583.28,626.73,-12.61,-7.342,14.592
448,14.933,582.81,628.58,-15.748,-13.357,20.65
449,14.967,583.04,628.25,-18.877,-19.228,26.945
450,15.0,582.37,628.22,-21.588,-24.574,32.71
451,15.033,581.16,626.07,-24.317,-29.835,38.49
452,15.067,579.97,620.95,-26.633,-34.698,43.741
453,15.1,577.83,619.82,-28.052,-39.501,48.448
454,15.133,575.96,619.17,-28.197,-43.73,52.032
455,15.167,574.79,616.79,-27.605,-46.892,54.414
456,15.2,573.81,617.43,-26.61,-48.409,55.241
457,15.233,573.86,615.53,-25.498,-48.301,54.617
458,15.267,573.48,613.55,-24.085,-47.319,53.096
459,15.3,573.27,611.2,-22.851,-45.432,50.855
460,15.333,573.01,608.43,-21.179,-42.107,47.134
461,15.367,572.02,608.18,-18.612,-38.172,42.468
462,15.4,571.46,607.27,-14.749,-34.99,37.972
463,15.433,570.98,606.59,-10.375,-32.15,33.783
464,15.467,570.73,605.81,-5.609,-30.879,31.384
465,15.5,569.79,604.83,-1.268,-30.515,30.541
466,15.533,570.51,603.84,2.733,-31.581,31.699
467,15.567,570.95,602.75,6.503,-33.067,33.7
468,15.6,570.74,602.02,9.832,-32.967,34.402
469,15.633,569.62,601.28,13.215,-32.624,35.199
470,15.667,569.4,600.7,16.746,-32.473,36.537
471,15.7,569.87,599.88,20.029,-31.621,37.43
472,15.733,570.99,598.38,16.354,-28.927,33.229
473,15.767,572.17,596.6,14.983,-27.727,31.516
474,15.8,574.94,594.68,15.04,-27.405,31.26
475,15.833,576.83,592.8,15.505,-27.554,31.617
476,15.867,577.87,591.25,15.729,-28.089,32.193
477,15.9,577.63,590.24,15.741,-30.071,33.942
478,15.933,577.8,589.73,15.403,-33.033,36.448
479,15.967,577.84,589.22,14.936,-37.129,40.02
480,16.0,577.98,588.59,14.483,-42.257,44.67
481,16.033,577.9,588.19,14.74,-48.101,50.309
482,16.067,577.43,587.54,15.193,-54.337,56.421
483,16.1,576.81,586.61,15.927,-60.729,62.783
484,16.133,575.73,585.25,17.082,-67.337,69.47
485,16.167,573.99,583.85,19.142,-74.106,76.538
486,16.2,571.96,582.07,21.967,-81.262,84.179
487,16.233,587.68,572.41,25.284,-88.617,92.153
488,16.267,585.76,569.9,34.249,-98.909,104.671
489,16.3,584.37,566.25,39.371,-107.028,114.04
490,16.333,583.83,562.09,40.063,-113.095,119.982
491,16.367,584.14,558.7,36.867,-116.873,122.55
492,16.4,585.22,555.44,30.499,-118.386,122.252
493,16.433,586.69,551.86,22.161,-117.814,119.88
494,16.467,588.12,548.51,12.283,-115.605,116.256
495,16.5,589.41,545.28,1.548,-112.019,112.029
496,16.533,590.32,541.9,-9.644,-107.543,107.974
497,16.567,590.63,538.13,-20.612,-102.348,104.403
498,16.6,590.43,534.17,-30.677,-96.852,101.594
499,16.633,590.13,530.09,-39.123,-91.227,99.262
500,16.667,589.84,525.88,-45.756,-85.759,97.202
501,16.7,589.14,522.0,-49.847,-81.0,95.109
502,16.733,588.12,518.02,-49.227,-77.233,91.587
503,16.767,571.34,522.83,-52.092,-70.372,87.554
504,16.8,571.1,519.48,-51.206,-63.295,81.415
505,16.833,571.2,516.92,-46.535,-55.969,72.788
506,16.867,571.52,514.42,-38.585,-48.799,62.21
507,16.9,571.95,512.15,-28.053,-42.906,51.263
508,16.933,572.33,509.98,-15.766,-39.138,42.194
509,16.967,572.69,508.2,-3.222,-37.762,37.899
510,17.0,572.9,506.72,8.847,-38.77,39.767
511,17.033,573.25,506.17,20.588,-41.837,46.628
512,17.067,573.45,505.36,31.152,-46.241,55.756
513,17.1,573.77,504.94,40.096,-51.116,64.965
514,17.133,574.07,504.25,47.333,-55.697,73.092
515,17.167,576.38,503.44,53.205,-59.246,79.63
516,17.2,581.11,502.43,56.232,-60.948,82.926
517,17.233,585.4,500.6,56.264,-60.336,82.499
518,17.267,587.41,497.99,52.292,-57.012,77.361
519,17.3,588.23,494.26,52.529,-55.812,76.644
520,17.333,588.6,489.86,51.07,-53.973,74.305
521,17.367,588.94,485.59,47.561,-51.999,70.469
522,17.4,589.26,482.14,42.349,-50.133,65.626
523,17.433,589.41,480.05,35.318,-48.662,60.128
524,17.467,591.17,479.38,27.068,-47.407,54.591
525,17.5,593.59,479.57,18.16,-46.397,49.824
526,17.533,594.49,480.17,9.508,-45.534,46.516
527,17.567,595.9,480.55,1.339,-45.308,45.328
528,17.6,597.45,480.54,-5.773,-45.681,46.044
529,17.633,598.29,480.08,-11.302,-46.985,48.325
530,17.667,596.42,479.06,-14.782,-49.273,51.443
531,17.7,595.25,477.14,-17.027,-52.643,55.328
532,17.733,592.44,474.37,-18.601,-57.041,59.998
533,17.767,589.84,471.23,-19.868,-62.174,65.271
534,17.8,588.61,467.62,-21.553,-67.628,70.979
535,17.833,587.41,464.1,-23.373,-72.547,76.219
536,17.867,587.12,460.7,-24.399,-75.928,79.752
537,17.9,586.56,457.73,-24.324,-77.142,80.886
538,17.933,586.98,455.48,-22.997,-75.929,79.335
539,17.967,587.29,453.33,-20.448,-72.406,75.238
540,18.0,587.51,451.43,-17.291,-66.973,69.169
541,18.033,586.92,449.49,-20.388,-64.582,67.724
542,18.067,586.6,447.83,-19.947,-59.082,62.358
543,18.1,586.28,446.36,-11.043,-47.237,48.511
544,18.133,585.84,445.13,-4.555,-36.107,36.394
545,18.167,585.63,444.16,-0.588,-26.23,26.236
546,18.2,586.04,443.41,2.034,-18.097,18.211
547,18.233,584.52,442.55,3.146,-11.758,12.171
548,18.267,582.01,441.81,3.812,-7.186,8.134
549,18.3,582.06,441.26,4.452,-4.677,6.457
550,18.333,583.05,440.84,4.784,-3.936,6.195
551,18.367,583.14,440.32,4.996,-4.546,6.755
552,18.4,582.96,439.97,4.81,-5.887,7.602
553,18.433,582.7,439.84,4.446,-7.739,8.925
554,18.467,583.01,439.75,3.5,-10.019,10.612
555,18.5,582.93,439.43,2.047,-12.477,12.644
556,18.533,599.76,451.14,0.15,-15.201,15.202
557,18.567,599.83,450.82,-1.705,-18.183,18.263
558,18.6,582.81,438.95,-3.573,-21.215,21.514
559,18.633,582.93,437.66,-5.46,-24.11,24.72
560,18.667,582.97,436.27,-7.189,-26.513,27.471
561,18.7,583.0,434.99,-8.863,-27.972,29.342
562,18.733,582.95,433.55,-10.807,-28.278,30.273
563,18.767,582.82,432.22,-11.964,-27.421,29.918
564,18.8,582.64,431.87,-11.409,-25.465,27.903
565,18.833,582.47,432.1,-9.997,-22.555,24.671
566,18.867,582.44,432.39,-8.243,-18.813,20.54
567,18.9,582.54,432.27,-5.788,-14.169,15.305
568,18.933,582.86,432.14,-2.385,-8.444,8.775
569,18.967,583.32,431.74,2.113,-1.605,2.653
570,19.0,583.73,431.11,7.573,6.141,9.75
571,19.033,584.04,430.86,14.253,14.477,20.316
572,19.067,584.19,431.38,11.969,15.99,19.973
573,19.1,584.31,432.15,6.158,14.032,15.323
574,19.133,584.57,433.34,6.523,14.761,16.138
575,19.167,584.69,434.47,6.859,14.375,15.928
576,19.2,584.91,434.96,7.073,13.063,14.855
577,19.233,585.08,434.95,7.13,11.233,13.305
578,19.267,585.13,435.04,7.057,9.291,11.667
579,19.3,585.23,435.26,6.923,7.708,10.361
580,19.333,585.37,435.7,6.835,6.324,9.312
581,19.367,585.62,436.38,6.822,4.724,8.298
582,19.4,585.94,437.18,6.937,3.076,7.589
583,19.433,586.24,437.44,7.143,1.637,7.328
584,19.467,586.63,436.97,7.352,0.395,7.363
585,19.5,586.94,436.16,7.371,-0.258,7.376
586,19.533,587.19,435.56,7.134,-0.103,7.135
587,19.567,587.53,434.65,6.628,0.875,6.686
588,19.6,587.8,434.29,5.905,2.024,6.242
589,19.633,587.9,434.43,4.935,2.963,5.756
590,19.667,587.87,434.92,3.743,3.709,5.269
591,19.7,587.96,435.76,2.443,4.155,4.82
592,19.733,588.06,436.35,1.092,4.546,4.675
593,19.767,588.17,437.01,-0.229,5.195,5.2
594,19.8,588.23,437.34,-1.397,6.069,6.228
595,19.833,588.19,437.48,-2.411,7.028,7.43
596,19.867,588.19,438.11,-3.267,7.708,8.372
597,19.9,588.01,438.32,-3.996,7.669,8.648
598,19.933,587.76,438.36,-4.6,6.772,8.187
599,19.967,587.4,438.49,-5.092,5.14,7.236
600,20.0,587.11,438.14,-5.479,3.249,6.37
601,20.033,586.84,437.73,-5.621,1.331,5.776
602,20.067,586.61,437.08,-5.55,-0.585,5.581
603,20.1,586.43,437.12,-5.312,-2.152,5.732
604,20.133,586.45,437.87,-4.927,-3.307,5.934
605,20.167,586.43,438.15,-4.377,-4.146,6.029
606,20.2,586.43,438.37,-3.631,-4.687,5.929
607,20.233,586.34,438.38,-2.831,-5.15,5.876
608,20.267,586.18,438.07,-1.991,-5.475,5.826
609,20.3,585.96,437.53,-0.568,-5.836,5.864
610,20.333,585.8,436.87,1.066,-6.044,6.137
611,20.367,585.73,436.46,2.447,-5.98,6.461
612,20.4,585.75,436.49,3.39,-5.9,6.805
613,20.433,585.82,436.4,3.05,-5.751,6.51
614,20.467,586.05,436.31,1.967,-5.453,5.797
615,20.5,586.31,435.91,0.765,-5.256,5.311
616,20.533,586.35,435.61,-0.525,-5.033,5.061
617,20.567,586.47,435.44,-1.593,-4.658,4.923
618,20.6,586.52,435.44,-3.174,-3.808,4.957
619,20.633,586.54,435.39,-5.384,-2.624,5.989
620,20.667,586.56,435.46,-7.812,-1.573,7.969
621,20.7,586.59,435.4,-10.329,-0.564,10.345
622,20.733,586.75,435.41,-12.588,0.387,12.594
623,20.767,586.85,435.43,-13.911,1.278,13.97
624,20.8,585.27,435.68,-14.335,2.102,14.488
625,20.833,583.65,435.82,-13.86,2.864,14.152
626,20.867,582.48,435.88,-12.537,3.702,13.072
627,20.9,581.25,435.82,-10.468,4.643,11.451
628,20.933,582.16,435.79,-7.795,5.282,9.416
629,20.967,582.62,435.59,-4.653,5.508,7.21
630,21.0,582.19,435.68,-2.064,5.306,5.693
631,21.033,581.7,436.07,0.999,4.852,4.954
632,21.067,580.42,436.56,4.259,4.228,6.001
633,21.1,580.81,437.01,7.866,3.506,8.612
634,21.133,582.17,437.27,11.181,2.914,11.554
635,21.167,583.24,437.6,13.698,2.726,13.967
636,21.2,584.73,437.86,15.371,2.786,15.621
637,21.233,586.05,437.87,15.943,3.106,16.243
638,21.267,586.18,437.69,15.335,3.618,15.756
639,21.3,586.33,437.56,13.396,4.264,14.058
640,21.333,586.42,437.57,10.921,4.868,11.957
641,21.367,586.43,437.48,8.277,5.432,9.9
642,21.4,586.36,437.08,5.625,5.835,8.105
643,21.433,586.23,436.98,3.47,6.005,6.935
644,21.467,586.01,437.21,1.022,5.809,5.898
645,21.5,587.88,437.59,-1.58,5.476,5.699
646,21.533,587.48,438.21,-3.855,5.163,6.443
647,21.567,587.29,438.99,-5.617,5.016,7.531
648,21.6,585.94,439.91,-6.287,5.007,8.037
649,21.633,585.19,440.42,-6.827,5.163,8.559
650,21.667,585.1,440.35,-7.345,5.238,9.021
651,21.7,584.85,440.31,-7.609,4.878,9.038
652,21.733,584.89,440.18,-7.243,3.834,8.196
653,21.767,584.71,440.0,-6.552,2.209,6.915
654,21.8,584.54,439.75,-5.829,0.299,5.836
655,21.833,584.57,439.42,-5.145,-1.681,5.413
656,21.867,584.65,438.94,-4.101,-3.751,5.558
657,21.9,584.76,438.6,-3.025,-5.517,6.292
658,21.933,584.67,438.56,-2.299,-6.791,7.169
659,21.967,584.34,439.03,-2.04,-7.378,7.655
660,22.0,583.89,439.66,-1.683,-7.21,7.404
661,22.033,583.33,440.06,-2.712,-6.546,7.086
662,22.067,582.76,439.89,-4.206,-5.157,6.655
663,22.1,582.46,439.37,-6.363,-3.349,7.191
664,22.133,583.51,438.3,-8.264,-1.424,8.386
665,22.167,584.31,437.44,-9.919,0.946,9.964
666,22.2,585.01,436.99,-10.953,3.465,11.488
667,22.233,583.97,437.14,-11.342,5.92,12.794
668,22.267,582.51,437.61,-11.369,8.413,14.144
669,22.3,582.16,438.11,-11.438,10.495,15.523
670,22.333,581.85,438.57,-11.211,12.344,16.675
671,22.367,580.39,439.38,-11.342,13.613,17.718
672,22.4,579.21,439.89,-11.9,14.641,18.868
673,22.433,578.79,440.81,-12.419,15.521,19.878
674,22.467,578.95,441.59,-13.29,15.979,20.784
675,22.5,578.2,442.16,-14.095,15.891,21.242
676,22.533,578.07,443.3,-14.98,14.858,21.099
677,22.567,577.96,443.68,-15.972,12.527,20.299
678,22.6,578.34,444.16,-16.854,9.126,19.166
679,22.633,578.51,444.6,-17.505,4.563,18.09
680,22.667,578.82,443.95,-18.425,-0.216,18.426
681,22.7,577.79,443.81,-19.387,-4.809,19.974
682,22.733,576.47,443.7,-20.105,-8.386,21.784
683,22.767,575.02,443.01,-19.472,-10.7,22.218
684,22.8,574.42,442.97,-17.919,-11.819,21.466
685,22.833,572.96,442.42,-15.773,-10.996,19.227
686,22.867,572.61,442.61,-12.916,-8.135,15.265
687,22.9,572.56,442.37,-8.906,-3.856,9.705
688,22.933,571.42,441.83,-3.061,2.062,3.69
689,22.967,571.24,441.54,3.877,8.589,9.423
690,23.0,570.55,440.77,10.81,15.226,18.673
691,23.033,570.55,440.24,17.06,21.706,27.608
692,23.067,571.4,440.53,22.185,27.627,35.432
693,23.1,572.76,441.25,26.351,33.524,42.64
694,23.133,574.62,443.55,29.067,39.009,48.648
695,23.167,576.82,445.96,30.245,43.619,53.08
696,23.2,578.88,449.13,29.998,48.359,56.907
697,23.233,580.11,451.65,28.869,52.204,59.654
698,23.267,580.23,453.99,26.835,54.605,60.843
699,23.3,581.79,456.8,24.353,55.878,60.954
700,23.333,583.15,458.14,20.686,55.711,59.427
701,23.367,583.89,458.88,15.758,54.379,56.616
702,23.4,584.62,459.94,9.495,51.668,52.534
703,23.433,583.14,460.05,2.692,47.796,47.872
704,23.467,581.26,461.06,-3.454,43.649,43.785
705,23.5,579.75,462.74,-8.884,38.822,39.826
706,23.533,579.98,464.95,-12.876,34.233,36.575
707,23.567,580.57,467.12,-15.497,30.493,34.205
708,23.6,580.67,468.25,-16.594,27.932,32.489
709,23.633,580.97,469.28,-16.184,26.865,31.363
710,23.667,581.27,470.52,-14.631,26.375,30.161
711,23.7,580.52,469.84,-12.537,26.006,28.87
712,23.733,579.3,469.96,-10.211,25.113,27.11
713,23.767,578.26,470.74,-7.544,23.567,24.745
714,23.8,576.41,471.39,-4.118,21.434,21.826
715,23.833,575.33,472.06,-0.667,18.125,18.137
716,23.867,576.23,472.81,2.16,14.077,14.241
717,23.9,577.79,473.49,4.221,9.661,10.543
718,23.933,578.54,474.43,5.462,4.64,7.167
719,23.967,578.92,474.21,6.662,-0.184,6.665
720,24.0,579.26,475.2,8.266,-4.656,9.487
721,24.033,579.56,475.79,10.406,-8.635,13.522
722,24.067,580.41,475.95,11.998,-12.098,17.038
723,24.1,580.82,475.31,12.717,-15.144,19.775
724,24.133,580.88,473.8,12.699,-17.51,21.63
725,24.167,580.86,472.36,11.641,-19.092,22.361
726,24.2,581.17,471.26,9.778,-20.127,22.376
727,24.233,581.53,470.15,7.328,-19.695,21.014
728,24.267,581.83,469.39,4.653,-18.023,18.614
729,24.3,582.04,468.25,1.712,-15.541,15.635
730,24.333,581.75,467.32,-0.389,-12.115,12.121
731,24.367,581.99,466.69,-1.403,-8.028,8.149
732,24.4,582.4,466.3,-1.946,-3.744,4.22
733,24.433,582.09,466.87,-2.469,0.414,2.503
734,24.467,581.91,467.95,-2.78,3.902,4.791
735,24.5,581.51,469.12,-2.781,7.07,7.597
736,24.533,580.84,470.1,-3.037,9.428,9.905
737,24.567,580.81,470.58,-3.248,10.93,11.402
738,24.6,580.83,470.93,-3.263,12.076,12.509
739,24.633,580.79,471.5,-3.464,13.236,13.681
740,24.667,581.06,471.82,-3.759,14.552,15.03
741,24.7,580.48,472.11,-3.567,16.121,16.511
742,24.733,580.3,472.39,-3.375,18.074,18.387
743,24.767,580.24,472.64,-2.974,20.388,20.604
744,24.8,580.89,473.07,-2.319,23.029,23.145
745,24.833,581.13,473.0,-1.443,26.033,26.073
746,24.867,581.19,473.04,-0.527,29.459,29.463
747,24.9,580.92,473.55,0.208,32.194,32.194
748,24.933,580.5,474.55,0.333,35.739,35.74
749,24.967,579.95,476.26,-0.074,40.514,40.514
750,25.0,579.26,478.63,-0.855,46.096,46.104
751,25.033,579.88,481.02,-1.862,51.448,51.482
752,25.067,580.24,483.73,-2.817,55.335,55.406
753,25.1,579.56,485.45,-3.909,56.488,56.623
754,25.133,579.86,486.65,-5.106,53.813,54.055
755,25.167,580.57,488.27,-6.038,47.207,47.592
756,25.2,580.28,489.81,-6.661,36.823,37.42
757,25.233,580.68,490.76,-6.826,22.745,23.747
758,25.267,580.46,491.61,-6.6,5.933,8.874
759,25.3,579.8,491.95,-6.129,-12.002,13.476
760,25.333,578.74,492.4,-6.178,-29.424,30.066
761,25.367,578.23,492.52,-6.064,-42.722,43.151
762,25.4,577.43,495.3,-5.447,-51.725,52.011
763,25.433,577.02,495.15,-4.755,-53.763,53.973
764,25.467,577.17,492.0,-3.681,-50.605,50.739
765,25.5,577.11,486.74,-2.668,-42.874,42.957
766,25.533,577.2,480.62,-1.425,-31.888,31.92
767,25.567,577.41,474.73,-1.412,-19.011,19.063
768,25.6,577.83,470.55,-2.388,-5.799,6.272
769,25.633,578.45,468.95,-2.909,7.666,8.2
770,25.667,578.51,468.55,-3.276,19.539,19.812
771,25.7,577.97,470.07,-3.881,30.285,30.533
772,25.733,577.86,474.58,-4.218,39.241,39.467
773,25.767,577.61,481.12,-4.495,46.402,46.619
774,25.8,577.56,488.55,-4.548,51.05,51.253
775,25.833,578.5,496.29,-4.216,52.987,53.155
776,25.867,578.29,499.31,-2.585,51.852,51.917
777,25.9,576.97,503.1,-0.674,47.458,47.463
778,25.933,576.38,500.34,1.444,38.58,38.607
779,25.967,574.99,499.0,3.509,25.607,25.847
780,26.0,574.57,496.39,5.716,10.087,11.594
781,26.033,573.92,493.46,7.851,-6.129,9.96
782,26.067,575.5,490.93,8.686,-21.373,23.071
783,26.1,577.58,489.2,9.313,-33.841,35.099
784,26.133,578.35,486.63,9.906,-42.364,43.507
785,26.167,579.03,487.58,9.866,-46.839,47.867
786,26.2,580.0,486.55,9.681,-46.741,47.733
787,26.233,580.86,485.8,9.645,-42.363,43.447
788,26.267,581.27,484.52,8.962,-35.161,36.285
789,26.3,581.55,483.87,8.357,-26.811,28.083
790,26.333,581.74,483.55,7.232,-18.707,20.056
791,26.367,579.98,483.46,4.872,-12.422,13.343
792,26.4,579.33,483.85,1.671,-6.97,7.168
793,26.433,579.08,482.98,-1.64,-3.975,4.3
794,26.467,579.22,482.82,-5.103,-1.154,5.232
795,26.5,578.25,482.69,-7.885,0.622,7.91
796,26.533,577.56,482.6,-9.872,1.538,9.991
797,26.567,579.77,483.01,-10.556,2.464,10.84
798,26.6,580.14,483.26,-10.735,3.591,11.319
799,26.633,579.68,483.04,-10.847,4.93,11.915
800,26.667,579.86,482.98,-10.481,7.31,12.778
801,26.7,579.15,482.82,-9.514,8.966,13.074
802,26.733,578.03,482.96,-8.04,10.419,13.16
803,26.767,578.12,483.6,-6.427,11.424,13.108
804,26.8,576.67,484.77,-4.788,12.244,13.147
805,26.833,576.02,485.76,-3.186,13.268,13.645
806,26.867,575.67,486.33,-1.814,14.158,14.274
807,26.9,575.57,486.36,0.147,15.025,15.026
808,26.933,575.69,486.24,2.262,15.639,15.802
809,26.967,576.11,486.31,4.365,16.382,16.954
810,27.0,576.69,486.67,6.241,16.96,18.071
811,27.033,577.21,488.18,8.439,17.342,19.286
812,27.067,577.9,489.02,10.957,17.534,20.676
813,27.1,578.5,489.82,12.251,17.225,21.137
814,27.133,579.19,490.31,12.852,16.66,21.041
815,27.167,580.01,490.34,13.052,16.011,20.657
816,27.2,580.56,490.35,12.442,15.399,19.798
817,27.233,580.51,490.77,11.869,14.898,19.048
818,27.267,580.64,491.62,11.521,14.831,18.78
819,27.3,580.88,493.0,10.103,15.142,18.202
820,27.333,580.83,493.35,8.433,15.484,17.631
821,27.367,580.68,494.19,6.507,15.744,17.035
822,27.4,580.71,494.55,4.642,16.132,16.786
823,27.433,580.91,494.53,2.862,16.602,16.847
824,27.467,581.13,494.8,1.313,17.287,17.337
825,27.5,581.3,495.15,-0.355,18.114,18.118
826,27.533,581.49,495.61,-1.844,19.142,19.23
827,27.567,581.8,496.18,-3.007,19.838,20.065
828,27.6,582.03,497.08,-3.84,20.304,20.664
829,27.633,582.12,497.67,-4.652,19.859,20.397
830,27.667,582.16,498.59,-5.204,20.293,20.949
831,27.7,582.22,499.54,-5.731,21.293,22.051
832,27.733,580.96,500.96,-6.676,22.524,23.493
833,27.767,579.33,501.89,-7.752,23.523,24.768
834,27.8,579.11,502.53,-8.496,23.913,25.378
835,27.833,579.18,503.05,-8.844,23.246,24.871
836,27.867,579.33,503.54,-8.542,21.694,23.315
837,27.9,579.08,503.57,-7.543,19.005,20.447
838,27.933,578.97,504.06,-5.674,17.143,18.058
839,27.967,578.66,504.61,-3.326,15.5,15.853
840,28.0,579.18,505.47,-0.734,13.855,13.874
841,28.033,579.22,506.2,1.858,12.035,12.178
842,28.067,579.07,506.76,4.232,10.73,11.535
843,28.1,578.68,507.41,6.096,10.024,11.732
844,28.133,578.98,509.75,7.285,9.556,12.016
845,28.167,578.65,508.39,7.68,9.215,11.996
846,28.2,578.35,507.3,7.183,8.371,11.031
847,28.233,579.23,506.55,5.671,6.614,8.713
848,28.267,580.59,506.25,3.947,3.431,5.23
849,28.3,581.25,506.25,2.485,-1.785,3.06
850,28.333,581.74,506.51,0.996,-8.612,8.67
851,28.367,581.91,507.63,-0.451,-16.084,16.09
852,28.4,582.03,509.5,-1.772,-23.394,23.461
853,28.433,581.31,507.56,-2.803,-29.676,29.808
854,28.467,580.71,506.78,-3.511,-34.241,34.421
855,28.5,580.08,506.22,-3.738,-36.999,37.187
856,28.533,579.55,506.14,-3.865,-38.148,38.344
857,28.567,579.07,504.45,-3.835,-38.726,38.915
858,28.6,578.73,501.88,-3.576,-39.028,39.191
859,28.633,578.51,498.89,-2.811,-38.654,38.757
860,28.667,578.48,495.62,-1.883,-38.87,38.916
861,28.7,578.62,492.76,-0.443,-38.001,38.004
862,28.733,578.98,490.47,1.695,-35.7,35.741
863,28.767,579.33,488.73,3.844,-32.298,32.526
864,28.8,579.95,489.45,5.566,-27.854,28.404
865,28.833,580.52,491.16,6.92,-22.562,23.6
866,28.867,580.88,492.57,7.715,-16.635,18.337
867,28.9,581.0,493.54,7.931,-10.794,13.395
868,28.933,581.18,494.15,7.47,-6.229,9.727
869,28.967,581.25,493.21,6.709,-1.629,6.904
870,29.0,581.28,491.69,5.678,2.179,6.082
871,29.033,581.19,489.56,4.487,4.72,6.512
872,29.067,581.28,489.3,3.252,5.381,6.287
873,29.1,581.48,490.1,2.111,4.679,5.133
874,29.133,581.52,490.15,1.101,3.08,3.271
875,29.167,581.66,490.58,0.325,1.224,1.266
876,29.2,581.78,491.0,-0.134,-0.113,0.176
877,29.233,581.67,490.87,-0.344,-0.612,0.702
878,29.267,581.73,491.41,-0.902,0.024,0.902
879,29.3,581.66,491.81,-2.122,1.916,2.859
880,29.333,581.53,492.18,-3.239,4.022,5.164
881,29.367,581.5,492.28,-3.316,5.591,6.5
882,29.4,581.48,491.98,-2.4,6.339,6.778
883,29.433,581.46,491.71,-0.595,6.046,6.075
884,29.467,581.45,491.43,2.547,4.689,5.336
885,29.5,581.46,491.38,6.054,2.916,6.72
886,29.533,581.54,491.55,8.645,1.196,8.727
887,29.567,581.58,491.79,11.017,0.187,11.018
888,29.6,581.57,492.1,12.778,-0.59,12.792
889,29.633,581.67,492.58,13.521,-1.595,13.615
890,29.667,581.73,492.85,13.387,-2.453,13.61
891,29.7,581.64,492.7,12.373,-3.489,12.855
892,29.733,581.65,492.51,10.626,-4.705,11.621
893,29.767,583.08,492.09,8.395,-5.72,10.159
894,29.8,586.19,491.73,5.723,-6.705,8.815
895,29.833,588.32,491.38,2.786,-7.56,8.057
896,29.867,588.42,491.02,-0.251,-8.231,8.235
897,29.9,588.1,490.7,-3.225,-8.44,9.035
898,29.933,587.51,490.56,-5.979,-7.835,9.856
899,29.967,584.67,490.23,-8.421,-6.561,10.675
900,30.0,582.59,489.9,-10.384,-4.676,11.388
901,30.033,582.85,489.64,-11.786,-2.279,12.004
902,30.067,581.69,489.56,-12.611,0.47,12.619
903,30.1,580.89,489.46,-12.79,3.467,13.251
904,30.133,580.84,489.39,-12.189,6.664,13.891
905,30.167,580.84,489.31,-10.774,9.081,14.09
906,30.2,581.03,489.73,-8.471,11.102,13.965
907,30.233,581.2,490.42,-5.178,13.048,14.038
908,30.267,581.36,491.25,-0.548,14.767,14.777
909,30.3,581.58,492.12,4.629,15.925,16.585
910,30.333,581.86,493.04,8.918,16.507,18.762
911,30.367,582.26,493.93,11.827,16.502,20.303
912,30.4,582.57,494.45,13.656,15.659,20.777
913,30.433,582.82,494.5,14.037,13.035,19.156
914,30.467,583.15,494.69,12.267,9.234,15.355
915,30.5,583.35,495.01,9.753,4.802,10.871
916,30.533,583.52,495.25,6.57,0.091,6.571
917,30.567,583.75,495.39,1.98,-4.632,5.038
918,30.6,584.05,495.31,-2.971,-8.739,9.23
919,30.633,584.3,494.67,-7.774,-11.644,14.001
920,30.667,584.5,495.5,-12.22,-12.881,17.755
921,30.7,584.65,495.42,-15.974,-12.462,20.261
922,30.733,584.88,494.49,-19.112,-10.566,21.838
923,30.767,584.26,493.24,-21.114,-7.348,22.356
924,30.8,583.13,492.45,-22.278,-3.081,22.49
925,30.833,581.53,491.39,-22.431,1.84,22.506
926,30.867,579.65,490.03,-21.715,7.022,22.822
927,30.9,577.49,489.07,-20.214,12.274,23.648
928,30.933,575.51,490.78,-18.08,17.731,25.323
929,30.967,574.99,492.24,-15.3,23.316,27.888
930,31.0,574.61,493.8,-12.06,28.709,31.14
931,31.033,574.93,495.74,-8.48,33.642,34.694
932,31.067,575.62,498.31,-4.687,37.956,38.244
933,31.1,576.57,500.47,-0.853,41.433,41.442
934,31.133,577.39,502.12,2.565,43.908,43.983
935,31.167,577.91,503.07,5.246,45.572,45.873
936,31.2,578.12,504.24,6.961,45.875,46.4
937,31.233,578.66,505.35,7.568,45.088,45.719
938,31.267,578.25,506.29,6.863,43.693,44.229
939,31.3,578.47,507.21,5.089,42.289,42.595
940,31.333,578.29,508.47,2.708,41.074,41.164
941,31.367,578.23,510.08,0.098,40.436,40.436
942,31.4,578.04,511.69,-2.379,40.938,41.007
943,31.433,578.02,512.8,-4.272,42.721,42.934
944,31.467,577.79,514.05,-5.081,44.78,45.068
945,31.5,577.51,515.45,-5.094,46.899,47.175
946,31.533,577.24,516.9,-3.961,48.927,49.087
947,31.567,576.85,518.32,-2.012,50.484,50.524
948,31.6,576.25,519.92,0.467,51.179,51.181
949,31.633,576.04,521.94,2.913,51.139,51.222
950,31.667,576.18,524.35,4.88,50.745,50.979
951,31.7,576.57,526.44,6.106,50.368,50.737
952,31.733,577.05,528.61,6.475,50.513,50.926
953,31.767,577.55,530.85,5.731,53.1,53.409
954,31.8,578.22,532.66,4.572,56.421,56.606
955,31.833,578.49,534.01,2.814,56.907,56.977
956,31.867,578.69,535.2,0.773,56.909,56.914
957,31.9,578.93,536.17,-1.6,54.857,54.881
958,31.933,579.36,537.33,-4.147,52.795,52.958
959,31.967,579.61,538.25,-6.819,51.064,51.517
960,32.0,579.66,539.71,-9.431,47.032,47.969
961,32.033,578.93,541.5,-11.726,42.188,43.788
962,32.067,577.93,543.92,-13.445,37.345,39.691
963,32.1,576.48,546.58,-14.458,31.137,34.33
964,32.133,575.14,549.3,-14.321,25.501,29.247
965,32.167,574.12,551.67,-12.995,19.247,23.223
966,32.2,573.57,554.03,-10.453,13.673,17.211
967,32.233,573.55,554.94,-6.96,9.248,11.574
968,32.267,573.9,549.95,-2.663,9.352,9.724
969,32.3,574.05,546.12,2.108,11.678,11.866
970,32.333,574.25,549.91,6.743,16.504,17.828
971,32.367,574.39,549.26,10.893,20.076,22.841
972,32.4,574.82,552.0,14.384,23.909,27.903
973,32.433,575.44,550.61,16.941,30.499,34.888
974,32.467,576.16,548.1,18.182,39.209,43.22
975,32.5,577.12,551.62,17.917,50.767,53.836
976,32.533,578.07,553.5,16.139,64.845,66.824
977,32.567,578.85,554.45,13.208,80.69,81.764
978,32.6,579.85,559.97,10.322,103.973,104.484
979,32.633,580.54,563.18,6.438,122.079,122.248
980,32.667,580.99,570.43,2.132,134.615,134.632
981,32.7,580.86,576.6,-2.357,133.66,133.681
982,32.733,580.54,583.56,-5.786,129.962,130.091
983,32.767,579.69,582.71,-8.666,123.416,123.72
984,32.8,578.6,584.72,-10.813,117.137,117.635
985,32.833,577.69,585.07,-11.331,111.845,112.418
986,32.867,577.22,594.29,-10.21,104.148,104.647
987,32.9,576.74,602.81,-7.289,96.252,96.527
988,32.933,576.42,607.03,-2.696,86.524,86.566
989,32.967,576.36,612.07,3.33,77.174,77.246
990,33.0,576.65,615.14,10.348,69.596,70.361
991,33.033,577.08,616.76,17.519,61.653,64.093
992,33.067,577.77,617.35,24.254,54.375,59.538
993,33.1,576.24,597.99,30.452,48.849,57.563
994,33.133,577.95,598.39,35.156,43.244,55.731
995,33.167,579.96,598.33,38.162,39.0,54.565
996,33.2,582.9,619.06,39.457,34.221,52.23
997,33.233,584.02,620.42,39.13,29.295,48.881
998,33.267,586.51,621.82,36.783,23.302,43.543
999,33.3,589.07,623.07,32.737,20.387,38.566
1000,33.333,590.28,623.76,27.456,20.189,34.079
1001,33.367,591.33,624.24,21.18,24.322,32.251
1002,33.4,591.84,623.96,14.275,27.207,30.724
1003,33.433,591.74,623.58,6.575,30.566,31.265
1004,33.467,591.0,622.99,-1.273,34.925,34.948
1005,33.5,589.89,622.83,-8.344,36.186,37.135
1006,33.533,589.09,622.73,-14.26,33.039,35.985
1007,33.567,588.5,622.95,-18.825,25.522,31.713
1008,33.6,587.18,623.71,-21.737,14.378,26.062
1009,33.633,586.63,625.19,-21.703,12.616,25.103
1010,33.667,586.02,626.94,-20.41,14.235,24.884
1011,33.7,584.92,629.23,-19.351,26.281,32.637
1012,33.733,583.54,631.31,-19.305,36.738,41.501
1013,33.767,582.99,633.7,-18.75,49.84,53.25
1014,33.8,582.64,635.83,-17.898,63.291,65.773
1015,33.833,582.28,637.6,-17.919,74.942,77.055
1016,33.867,582.17,638.93,-18.234,83.152,85.128
1017,33.9,581.72,643.06,-18.722,86.468,88.472
1018,33.933,582.75,640.59,-19.135,84.05,86.201
1019,33.967,583.72,636.49,-19.624,77.847,80.283
1020,34.0,583.55,637.01,-19.856,68.763,71.573
1021,34.033,582.67,641.27,-19.502,57.152,60.388
1022,34.067,581.39,647.87,-18.529,43.525,47.305
1023,34.1,578.96,656.01,-17.366,29.06,33.853
1024,34.133,576.07,664.48,-15.28,14.506,21.069
1025,34.167,573.51,674.66,-12.458,0.452,12.466
1026,34.2,573.76,671.42,-8.934,-12.921,15.709
1027,34.233,575.22,664.03,-4.913,-25.494,25.963
1028,34.267,575.77,656.88,-0.167,-36.878,36.878
1029,34.3,575.2,649.72,4.88,-47.679,47.928
1030,34.333,576.39,643.38,9.9,-57.799,58.64
1031,34.367,577.49,638.5,14.577,-66.787,68.359
1032,34.4,578.26,636.0,18.528,-73.963,76.248
1033,34.433,578.59,637.18,21.796,-80.422,83.323
1034,34.467,579.55,636.19,23.287,-82.478,85.702
1035,34.5,580.53,634.98,22.705,-77.963,81.202
1036,34.533,581.39,634.29,20.355,-68.012,70.993
1037,34.567,581.97,634.54,16.437,-54.884,57.293
1038,34.6,583.26,634.12,11.391,-40.746,42.308
1039,34.633,583.82,633.28,6.115,-27.935,28.596
1040,34.667,583.77,631.61,1.685,-18.982,19.057
1041,34.7,583.18,630.0,-0.836,-18.111,18.13
1042,34.733,583.02,628.06,-3.011,-20.346,20.568
1043,34.767,582.5,625.67,-5.978,-23.743,24.484
1044,34.8,581.73,624.57,-9.495,-27.577,29.166
1045,34.833,580.89,624.22,-11.941,-31.017,33.236
1046,34.867,580.24,624.23,-13.597,-32.854,35.556
1047,34.9,579.78,624.28,-14.49,-32.627,35.7
1048,34.933,579.33,623.89,-14.471,-31.13,34.329
1049,34.967,579.3,622.9,-13.4,-30.315,33.144
1050,35.0,579.2,621.46,-11.695,-29.208,31.462
1051,35.033,579.06,619.55,-9.539,-27.646,29.245
1052,35.067,579.19,618.34,-7.089,-25.852,26.806
1053,35.1,579.13,617.38,-4.523,-24.313,24.73
1054,35.133,579.12,616.2,-2.53,-22.639,22.78
1055,35.167,578.65,615.13,-0.847,-20.865,20.883
1056,35.2,576.79,615.21,1.202,-18.648,18.687
1057,35.233,575.99,614.4,2.311,-16.006,16.172
1058,35.267,576.69,614.07,2.221,-12.97,13.159
1059,35.3,578.59,613.87,1.502,-8.894,9.02
1060,35.333,579.36,614.33,0.86,-4.4,4.483
1061,35.367,579.46,613.96,0.351,-0.016,0.351
1062,35.4,579.51,613.16,-0.418,4.023,4.045
1063,35.433,579.34,613.03,-1.343,7.35,7.472
1064,35.467,579.18,613.56,-1.738,9.835,9.988
1065,35.5,579.05,614.03,-1.716,11.555,11.681
1066,35.533,578.86,614.76,-1.146,12.665,12.717
1067,35.567,578.58,615.79,-0.366,13.413,13.418
1068,35.6,578.5,616.82,0.241,13.845,13.847
1069,35.633,578.62,617.18,0.635,13.757,13.771
1070,35.667,578.16,617.54,0.504,13.494,13.504
1071,35.7,575.84,617.75,0.179,13.464,13.465
1072,35.733,576.42,617.84,0.554,13.094,13.105
1073,35.767,577.63,618.44,2.217,12.824,13.014
1074,35.8,578.47,618.51,3.073,12.388,12.763
1075,35.833,578.32,618.84,2.599,11.478,11.769
1076,35.867,578.25,619.36,1.546,10.316,10.432
1077,35.9,579.24,619.51,0.148,8.723,8.724
1078,35.933,580.45,619.64,-1.451,7.021,7.169
1079,35.967,580.51,619.79,-3.009,5.488,6.258
1080,36.0,580.21,619.98,-4.473,4.048,6.032
1081,36.033,579.22,620.22,-5.779,2.871,6.453
1082,36.067,578.47,620.77,-7.103,2.133,7.416
1083,36.1,577.88,620.9,-8.211,1.585,8.362
1084,36.133,577.24,621.44,-8.834,1.499,8.96
1085,36.167,577.05,621.81,-9.326,1.7,9.48
1086,36.2,576.68,621.51,-9.142,1.618,9.284
1087,36.233,576.41,621.12,-7.117,1.359,7.246
1088,36.267,574.19,620.52,-4.314,1.021,4.433
1089,36.3,575.03,620.05,-1.169,0.414,1.24
1090,36.333,575.95,620.29,2.344,0.651,2.433
1091,36.367,576.23,619.33,6.164,0.902,6.23
1092,36.4,576.72,619.62,9.737,1.045,9.793
1093,36.433,577.14,620.55,12.1,1.0,12.141
1094,36.467,577.4,621.16,12.834,1.222,12.892
1095,36.5,577.68,621.78,12.127,2.353,12.354
1096,36.533,577.87,622.43,10.434,4.156,11.231
1097,36.567,578.72,622.53,8.257,6.648,10.601
1098,36.6,579.51,622.64,5.368,9.699,11.085
1099,36.633,579.65,621.51,2.105,12.147,12.328
1100,36.667,580.29,620.73,-1.306,13.05,13.115
1101,36.7,580.35,621.05,-4.914,11.838,12.818
1102,36.733,580.36,621.53,-8.636,9.48,12.823
1103,36.767,579.99,622.32,-12.795,6.174,14.206
1104,36.8,579.11,623.37,-16.195,1.957,16.313
1105,36.833,577.31,622.46,-19.326,-2.85,19.535
1106,36.867,575.62,622.86,-21.858,-8.55,23.471
1107,36.9,574.55,623.35,-23.171,-14.34,27.249
1108,36.933,574.06,624.6,-23.335,-20.616,31.137
1109,36.967,573.64,625.2,-22.38,-27.473,35.435
1110,37.0,573.68,624.08,-20.037,-34.728,40.093
1111,37.033,573.14,622.62,-17.024,-42.096,45.408
1112,37.067,572.33,619.99,-13.958,-49.315,51.252
1113,37.1,572.15,615.63,-10.744,-55.598,56.626
1114,37.133,571.51,612.67,-8.588,-60.617,61.222
1115,37.167,570.73,610.6,-7.046,-63.073,63.466
1116,37.2,569.78,609.77,-6.95,-62.737,63.121
1117,37.233,569.03,607.75,-8.011,-60.045,60.577
1118,37.267,569.45,605.46,-10.012,-55.551,56.447
1119,37.3,570.95,603.63,-12.784,-49.747,51.363
1120,37.333,571.85,601.55,-15.096,-43.212,45.773
1121,37.367,572.21,599.85,-15.789,-35.043,38.436
1122,37.4,571.83,598.47,-15.033,-25.903,29.949
1123,37.433,571.11,597.79,-12.859,-15.998,20.525
1124,37.467,570.03,597.5,-10.308,-6.42,12.143
1125,37.5,567.74,598.02,-7.639,2.269,7.969
1126,37.533,566.11,598.99,-5.68,10.01,11.51
1127,37.567,565.59,600.39,-4.313,16.486,17.041
1128,37.6,563.71,601.6,-2.479,22.064,22.203
1129,37.633,563.89,602.91,-0.352,27.761,27.763
1130,37.667,563.8,603.44,2.406,33.227,33.314
1131,37.7,565.16,603.76,5.497,38.115,38.509
1132,37.733,567.0,603.98,9.009,41.623,42.587
1133,37.767,569.01,604.99,12.945,44.147,46.006
1134,37.8,571.71,606.51,16.699,45.665,48.623
1135,37.833,572.76,608.64,19.488,45.896,49.862
1136,37.867,572.2,610.73,21.176,45.127,49.848
1137,37.9,571.75,612.7,21.601,43.497,48.565
1138,37.933,570.36,614.02,20.898,41.224,46.218
1139,37.967,570.11,615.23,19.154,38.418,42.928
1140,38.0,570.12,616.3,16.513,35.328,38.997
1141,38.033,571.45,617.7,13.794,32.016,34.861
1142,38.067,573.64,619.16,11.08,28.354,30.442
1143,38.1,574.34,620.37,8.233,24.045,25.415
1144,38.133,574.64,621.29,6.422,19.285,20.326
1145,38.167,574.28,621.82,5.13,14.149,15.05
1146,38.2,574.48,621.93,4.876,9.086,10.312
1147,38.233,574.75,621.7,5.135,4.682,6.949
1148,38.267,575.02,621.05,5.569,1.38,5.737
1149,38.3,575.27,620.5,5.877,-0.895,5.945
1150,38.333,575.35,620.21,5.284,-2.32,5.771
1151,38.367,575.26,620.05,4.166,-3.25,5.284
1152,38.4,575.19,619.99,3.167,-3.822,4.964
1153,38.433,575.06,620.09,2.367,-4.214,4.834
1154,38.467,574.85,620.19,2.468,-4.625,5.242
1155,38.5,574.74,620.19,3.178,-5.217,6.108
1156,38.533,574.8,619.76,4.417,-6.132,7.557
1157,38.567,575.12,619.36,5.484,-7.896,9.614
1158,38.6,575.53,619.27,5.462,-10.91,12.201
1159,38.633,575.94,619.1,4.691,-15.279,15.983
1160,38.667,576.44,618.77,3.32,-20.873,21.136
1161,38.7,576.75,618.59,1.844,-27.797,27.858
1162,38.733,577.01,617.89,0.326,-35.966,35.967
1163,38.767,577.22,616.87,-1.066,-45.055,45.068
1164,38.8,577.26,615.46,-2.198,-54.11,54.155
1165,38.833,577.2,613.76,-2.963,-62.593,62.663
1166,38.867,576.98,611.67,-3.286,-70.089,70.166
1167,38.9,576.74,609.0,-2.76,-76.253,76.303
1168,38.933,576.36,605.72,-1.928,-80.888,80.911
1169,38.967,575.84,602.53,-0.622,-84.146,84.148
1170,39.0,575.25,599.12,1.411,-86.07,86.081
1171,39.033,574.79,595.53,3.762,-86.736,86.817
1172,39.067,574.38,592.16,6.282,-85.824,86.054
1173,39.1,574.48,589.1,8.618,-83.258,83.703
1174,39.133,575.05,586.2,10.219,-79.304,79.959
1175,39.167,575.98,583.12,11.134,-74.198,75.028
1176,39.2,577.14,580.73,11.829,-68.373,69.389
1177,39.233,578.2,579.19,11.524,-62.245,63.302
1178,39.267,579.13,578.43,10.35,-56.069,57.016
1179,39.3,579.88,577.38,8.584,-49.997,50.728
1180,39.333,580.37,576.32,6.086,-44.14,44.557
1181,39.367,580.72,575.08,3.126,-38.451,38.578
1182,39.4,580.05,573.62,0.071,-33.183,33.183
1183,39.433,580.16,571.99,-3.28,-28.46,28.648
1184,39.467,579.82,570.77,-7.224,-24.392,25.439
1185,39.5,578.63,569.82,-10.982,-21.062,23.753
1186,39.533,577.79,569.32,-14.112,-18.403,23.191
1187,39.567,576.77,568.79,-16.15,-16.253,22.913
1188,39.6,575.87,568.14,-17.259,-14.339,22.439
1189,39.633,575.91,567.48,-16.754,-12.305,20.787
1190,39.667,575.92,566.88,-15.576,-10.057,18.541
1191,39.7,574.5,566.79,-13.697,-7.462,15.598
1192,39.733,574.65,566.81,-11.244,-5.381,12.466
1193,39.767,574.75,567.17,-8.535,-1.832,8.729
1194,39.8,574.34,567.53,-5.694,1.496,5.887
1195,39.833,574.44,567.82,-2.845,3.749,4.706
1196,39.867,574.25,567.38,0.052,4.374,4.374
1197,39.9,573.46,566.85,2.275,3.344,4.045
1198,39.933,573.22,566.34,4.32,0.84,4.401
1199,39.967,574.39,566.32,5.583,-3.157,6.413
1200,40.0,574.96,566.34,6.162,-8.411,10.426
1201,40.033,575.4,566.58,6.366,-12.373,13.915
1202,40.067,575.29,567.1,6.203,-16.355,17.491
1203,40.1,576.09,567.37,5.756,-20.139,20.946
1204,40.133,575.26,566.84,5.468,-23.65,24.274
1205,40.167,575.99,565.98,5.166,-26.792,27.286
1206,40.2,576.37,565.19,4.547,-28.965,29.32
1207,40.233,576.45,566.23,4.639,-30.705,31.053
1208,40.267,576.77,561.8,4.785,-31.548,31.909
1209,40.3,576.96,558.42,4.847,-31.932,32.298
1210,40.333,576.91,556.09,5.062,-32.089,32.486
1211,40.367,576.18,554.68,5.245,-31.882,32.31
1212,40.4,576.41,553.77,5.354,-31.244,31.699
1213,40.433,576.34,553.4,5.863,-30.093,30.658
1214,40.467,576.52,554.59,6.752,-27.961,28.765
1215,40.5,576.68,556.78,7.241,-25.413,26.425
1216,40.533,577.17,553.94,7.528,-22.183,23.426
1217,40.567,577.7,553.2,7.588,-18.909,20.375
1218,40.6,578.76,552.28,7.917,-16.28,18.103
1219,40.633,579.32,551.66,8.043,-14.456,16.543
1220,40.667,579.37,551.41,8.688,-13.643,16.174
1221,40.7,579.91,550.27,9.115,-14.058,16.755
1222,40.733,579.93,550.03,9.44,-15.528,18.172
1223,40.767,579.88,548.83,9.601,-19.534,21.766
1224,40.8,579.94,548.0,9.197,-23.549,25.281
1225,40.833,579.99,547.51,8.403,-27.502,28.757
1226,40.867,579.89,546.56,7.461,-31.4,32.274
1227,40.9,580.2,546.09,6.614,-35.101,35.719
1228,40.933,580.51,545.76,5.528,-38.489,38.884
1229,40.967,580.75,544.43,4.46,-41.574,41.812
1230,41.0,581.23,543.51,3.518,-44.413,44.552
1231,41.033,581.68,541.36,3.219,-48.119,48.226
1232,41.067,582.27,539.37,2.601,-50.29,50.357
1233,41.1,582.35,537.55,1.703,-51.756,51.784
1234,41.133,582.23,535.2,0.415,-53.034,53.036
1235,41.167,582.1,533.18,-1.196,-52.533,52.546
1236,41.2,581.91,531.57,-2.742,-49.526,49.602
1237,41.233,581.36,529.11,-4.3,-45.463,45.665
1238,41.267,580.95,526.95,-5.813,-42.055,42.455
1239,41.3,581.05,525.05,-6.781,-39.804,40.377
1240,41.333,580.88,523.6,-7.509,-39.194,39.907
1241,41.367,580.36,522.68,-8.088,-41.026,41.815
1242,41.4,580.23,521.87,-8.305,-44.785,45.549
1243,41.433,580.21,521.41,-8.036,-48.005,48.673
1244,41.467,580.21,521.4,-7.284,-50.075,50.602
1245,41.5,579.95,520.02,-6.125,-51.818,52.178
1246,41.533,578.46,518.89,-4.732,-54.505,54.71
1247,41.567,578.57,517.51,-3.212,-55.025,55.118
1248,41.6,578.84,516.32,-1.787,-54.626,54.655
1249,41.633,578.83,516.92,-0.33,-54.259,54.26
1250,41.667,579.13,513.8,1.055,-53.899,53.909
1251,41.7,579.31,506.64,2.291,-54.061,54.109
1252,41.733,579.21,501.16,3.296,-55.296,55.394
1253,41.767,579.6,497.19,4.197,-56.752,56.907
1254,41.8,579.11,495.07,4.889,-57.971,58.177
1255,41.833,579.19,494.39,5.149,-55.954,56.19
1256,41.867,579.72,496.58,5.064,-52.003,52.249
1257,41.9,580.36,500.48,4.81,-46.352,46.601
1258,41.933,580.51,499.88,4.13,-39.526,39.741
1259,41.967,580.57,496.89,3.011,-32.135,32.275
1260,42.0,580.73,495.7,1.635,-25.445,25.497
1261,42.033,580.84,497.03,0.024,-19.3,19.3
1262,42.067,580.88,492.51,-1.143,-14.159,14.205
1263,42.1,580.81,489.17,-2.29,-10.249,10.502
1264,42.133,580.52,487.1,-3.488,-7.811,8.554
1265,42.167,580.32,485.6,-4.59,-8.335,9.516
1266,42.2,580.03,485.53,-5.416,-10.228,11.573
1267,42.233,579.77,487.5,-5.572,-10.836,12.185
1268,42.267,579.51,490.43,-4.884,-9.836,10.982
1269,42.3,579.42,494.38,-3.802,-6.936,7.909
1270,42.333,579.23,492.38,-2.009,-2.581,3.271
1271,42.367,579.01,492.05,0.028,2.777,2.777
1272,42.4,578.82,491.05,1.819,7.254,7.479
1273,42.433,578.96,490.07,3.168,8.906,9.453
1274,42.467,579.15,488.87,4.208,8.941,9.882
1275,42.5,578.96,488.66,4.95,8.416,9.764
1276,42.533,579.03,488.7,5.389,6.895,8.751
1277,42.567,579.52,489.0,5.536,2.834,6.219
1278,42.6,579.99,489.62,5.371,-0.922,5.449
1279,42.633,580.72,490.13,4.512,-3.746,5.864
1280,42.667,581.8,490.96,3.44,-5.377,6.383
1281,42.7,582.5,491.48,2.394,-5.566,6.059
1282,42.733,582.34,491.73,1.51,-4.658,4.897
1283,42.767,581.76,491.78,0.933,-3.845,3.956
1284,42.8,581.19,491.23,0.71,-3.755,3.822
1285,42.833,580.5,490.6,0.661,-6.326,6.36
1286,42.867,580.09,489.57,0.827,-8.872,8.91
1287,42.9,580.1,488.6,1.3,-11.51,11.584
1288,42.933,580.19,487.72,2.166,-13.789,13.958
1289,42.967,580.37,487.12,3.061,-15.569,15.867
1290,43.0,580.63,486.94,4.234,-16.224,16.767
1291,43.033,580.79,486.46,6.218,-16.265,17.413
1292,43.067,580.89,486.28,8.569,-15.42,17.641
1293,43.1,581.02,486.53,10.881,-14.335,17.997
1294,43.133,582.29,486.26,13.185,-12.971,18.495
1295,43.167,583.21,485.57,14.816,-11.987,19.057
1296,43.2,583.8,484.81,15.377,-10.311,18.514
1297,43.233,584.32,484.01,14.795,-9.002,17.318
1298,43.267,584.59,483.57,13.594,-9.545,16.61
1299,43.3,584.73,482.43,12.466,-10.587,16.355
1300,43.333,585.08,482.71,11.421,-13.148,17.416
1301,43.367,585.51,483.04,10.273,-17.621,20.397
1302,43.4,585.9,482.57,9.265,-23.982,25.709
1303,43.433,586.19,482.0,8.043,-30.201,31.254
1304,43.467,587.06,481.52,6.85,-34.555,35.227
1305,43.5,587.41,480.37,5.934,-38.603,39.056
1306,43.533,586.79,479.54,5.083,-42.848,43.148
1307,43.567,586.58,477.69,4.391,-45.098,45.312
1308,43.6,586.57,476.66,4.109,-46.928,47.108
1309,43.633,586.15,474.8,4.737,-48.745,48.974
1310,43.667,586.56,474.04,5.324,-50.296,50.577
1311,43.7,587.17,469.59,5.952,-49.68,50.035
1312,43.733,588.12,465.97,6.788,-47.358,47.842
1313,43.767,588.84,465.24,8.057,-43.576,44.314
1314,43.8,588.57,461.45,9.641,-38.518,39.707
1315,43.833,588.24,460.09,11.329,-31.838,33.794
1316,43.867,588.69,460.63,13.408,-24.589,28.007
1317,43.9,588.76,463.55,14.745,-17.54,22.915
1318,43.933,589.55,464.02,15.251,-11.015,18.813
1319,43.967,590.12,460.97,15.252,-5.186,16.109
1320,44.0,590.27,461.0,14.301,-0.412,14.307
1321,44.033,590.96,462.73,12.876,3.182,13.263
1322,44.067,591.91,460.39,11.539,5.328,12.709
1323,44.1,592.82,461.0,10.286,6.4,12.115
1324,44.133,592.86,462.65,9.107,5.967,10.887
1325,44.167,593.61,465.14,8.649,4.403,9.705
1326,44.2,594.28,464.23,8.519,1.106,8.591
1327,44.233,594.7,463.87,7.638,-1.8,7.847
1328,44.267,594.28,463.82,6.352,-3.973,7.492
1329,44.3,593.83,463.41,4.294,-6.512,7.8
1330,44.333,593.62,462.42,2.472,-7.582,7.974
1331,44.367,592.04,461.34,0.633,-7.645,7.671
1332,44.4,592.36,460.6,-0.666,-7.28,7.31
1333,44.433,593.12,460.46,-2.268,-7.864,8.184
1334,44.467,593.49,460.21,-3.495,-8.487,9.178
1335,44.5,594.25,459.93,-4.593,-6.913,8.3
1336,44.533,594.43,460.14,-4.294,-4.23,6.027
1337,44.567,594.51,460.28,-4.272,-1.473,4.519
1338,44.6,594.44,460.5,-3.359,3.064,4.547
1339,44.633,594.3,460.74,-2.728,8.01,8.462
1340,44.667,593.19,460.97,-1.897,12.331,12.476
1341,44.7,591.76,461.28,-0.664,14.812,14.827
1342,44.733,592.33,461.42,1.045,16.909,16.941
1343,44.767,591.87,461.56,1.987,18.347,18.454
1344,44.8,592.34,462.0,1.921,18.585,18.684
1345,44.833,591.89,462.88,0.929,17.821,17.845
1346,44.867,592.62,464.01,-0.943,16.169,16.197
1347,44.9,591.68,465.21,-2.612,13.921,14.164
1348,44.933,593.32,466.43,-4.55,11.336,12.216
1349,44.967,593.33,467.43,-6.855,8.463,10.891
1350,45.0,594.18,467.7,-9.25,5.804,10.92
1351,45.033,592.62,467.58,-11.935,3.439,12.42
1352,45.067,594.01,466.99,-14.627,1.211,14.677
1353,45.1,592.35,466.44,-17.266,-0.907,17.289
1354,45.133,592.48,465.85,-19.708,-2.756,19.9
1355,45.167,592.36,465.45,-21.897,-4.214,22.298
1356,45.2,590.49,465.43,-23.266,-5.373,23.878
1357,45.233,587.05,464.92,-23.346,-5.909,24.082
1358,45.267,585.22,464.2,-22.983,-5.847,23.715
1359,45.3,584.56,464.05,-21.745,-5.215,22.361
1360,45.333,584.26,463.73,-20.086,-4.238,20.528
1361,45.367,584.23,464.07,-17.614,-3.169,17.897
1362,45.4,584.29,464.67,-14.888,-1.939,15.014
1363,45.433,584.33,465.21,-11.177,-0.91,11.214
1364,45.467,584.41,465.63,-7.908,-0.463,7.922
1365,45.5,584.41,465.37,-4.631,-0.526,4.661
1366,45.533,584.47,465.16,-2.079,-0.994,2.304
1367,45.567,584.48,464.96,0.703,-1.895,2.021
1368,45.6,584.53,465.06,2.08,-3.046,3.688
1369,45.633,584.47,464.93,3.289,-4.134,5.283
1370,45.667,584.36,464.59,3.423,-5.037,6.09
1371,45.7,584.31,464.6,2.338,-5.72,6.179
1372,45.733,584.21,463.86,0.841,-6.323,6.378
1373,45.767,584.14,463.29,0.108,-6.632,6.632
1374,45.8,584.18,462.9,-0.099,-6.242,6.243
1375,45.833,584.26,462.9,-0.094,-5.378,5.379
1376,45.867,584.41,463.14,0.048,-3.973,3.974
1377,45.9,584.41,462.8,0.475,-2.17,2.221
1378,45.933,584.41,462.72,1.324,-0.342,1.367
1379,45.967,584.42,463.02,2.072,1.475,2.543
1380,46.0,584.35,462.89,2.388,3.308,4.08
1381,46.033,584.29,462.83,2.194,5.26,5.699
1382,46.067,584.32,463.12,1.484,7.279,7.429
1383,46.1,584.43,463.75,0.609,9.184,9.204
1384,46.133,584.52,464.02,-0.727,10.403,10.429
1385,46.167,584.6,464.35,-2.077,11.11,11.302
1386,46.2,584.67,464.67,-3.25,11.393,11.847
1387,46.233,584.7,465.01,-4.417,11.139,11.983
1388,46.267,584.72,465.56,-5.245,10.618,11.843
1389,46.3,584.73,465.8,-5.655,9.869,11.374
1390,46.333,584.76,466.15,-5.589,9.098,10.677
1391,46.367,584.81,466.73,-5.447,8.089,9.752
1392,46.4,584.21,467.0,-5.229,6.718,8.514
1393,46.433,582.75,467.54,-4.629,5.424,7.131
1394,46.467,581.93,467.86,-4.029,4.135,5.773
1395,46.5,581.67,467.71,-3.522,2.817,4.51
1396,46.533,581.8,467.55,-3.138,1.532,3.492
1397,46.567,582.19,467.11,-2.693,0.406,2.724
1398,46.6,582.09,466.69,-2.564,-0.628,2.64
1399,46.633,582.84,466.97,-2.183,-1.94,2.92
1400,46.667,583.07,467.01,-1.534,-3.279,3.62
1401,46.7,583.08,467.04,-0.539,-4.592,4.624
1402,46.733,583.59,466.86,0.533,-5.751,5.776
1403,46.767,583.61,466.91,1.468,-6.355,6.522
1404,46.8,583.42,467.07,2.249,-6.292,6.682
1405,46.833,582.81,466.85,2.693,-5.37,6.008
1406,46.867,582.86,466.84,2.567,-3.186,4.091
1407,46.9,582.8,466.9,1.884,0.096,1.886
1408,46.933,582.02,466.75,0.735,4.546,4.605
1409,46.967,581.87,466.71,-0.107,10.112,10.113
1410,47.0,581.93,466.44,-0.807,16.552,16.572
1411,47.033,582.32,466.63,-1.731,23.437,23.501
1412,47.067,582.49,466.88,-2.587,30.414,30.524
1413,47.1,583.68,467.27,-3.679,37.251,37.432
1414,47.133,583.8,468.47,-4.437,43.97,44.194
1415,47.167,583.7,470.05,-5.193,49.74,50.01
1416,47.2,583.08,472.21,-5.782,54.308,54.615
1417,47.233,582.61,474.96,-6.082,57.651,57.971
1418,47.267,582.3,477.64,-6.428,59.777,60.121
1419,47.3,581.73,480.38,-6.691,60.187,60.558
1420,47.333,581.22,483.47,-6.798,58.946,59.337
1421,47.367,580.92,485.78,-6.536,56.405,56.783
1422,47.4,580.34,487.96,-6.21,52.566,52.932
1423,47.433,580.16,489.82,-5.729,47.42,47.765
1424,47.467,579.64,490.65,-4.679,41.147,41.413
1425,47.5,579.4,490.92,-3.263,33.842,33.999
1426,47.533,580.01,491.45,-1.616,26.206,26.256
1427,47.567,580.04,491.86,0.025,18.527,18.527
1428,47.6,580.7,492.37,1.625,11.498,11.613
1429,47.633,580.95,492.2,2.44,5.466,5.986
1430,47.667,581.03,492.33,2.687,0.44,2.723
1431,47.7,581.1,492.64,2.437,-4.205,4.86
1432,47.733,581.06,492.53,1.942,-8.819,9.03
1433,47.767,581.02,492.16,1.219,-12.34,12.4
1434,47.8,580.96,492.41,0.283,-13.818,13.821
1435,47.833,580.87,492.35,-0.65,-12.884,12.901
1436,47.867,580.85,491.89,-1.538,-9.052,9.181
1437,47.9,580.9,491.27,-2.328,-3.995,4.624
1438,47.933,580.8,490.76,-2.833,2.048,3.496
1439,47.967,580.64,490.54,-3.11,11.718,12.124
1440,48.0,580.42,490.9,0.288,24.779,24.78
1441,48.033,580.22,491.17,1.66,35.824,35.862
1442,48.067,580.0,491.62,1.739,44.3,44.334
1443,48.1,579.85,491.73,-0.842,53.597,53.604
1444,48.133,579.81,492.16,-0.883,55.953,55.96
1445,48.167,579.98,492.98,-1.349,56.805,56.821
1446,48.2,580.12,496.28,-2.105,56.419,56.458
1447,48.233,580.33,502.08,-3.274,54.058,54.157
1448,48.267,580.59,507.0,-4.364,48.945,49.139
1449,48.3,580.81,510.82,-5.028,44.387,44.671
1450,48.333,580.99,513.76,-5.501,39.301,39.685
1451,48.367,581.28,513.92,-5.693,33.267,33.75
1452,48.4,581.43,516.93,-5.299,25.374,25.921
1453,48.433,581.69,519.83,-4.238,18.111,18.6
1454,48.467,581.91,514.6,-2.521,10.616,10.911
1455,48.5,573.32,505.72,-0.431,2.74,2.774
1456,48.533,575.49,505.99,1.731,-5.872,6.122
1457,48.567,576.52,507.24,4.241,-12.184,12.901
1458,48.6,583.04,499.6,6.87,-17.238,18.557
1459,48.633,578.2,508.53,9.182,-12.392,15.423
1460,48.667,578.73,508.98,10.913,-17.845,20.918
1461,48.7,579.41,508.41,12.621,-10.82,16.624
1462,48.733,580.85,509.08,13.692,-5.521,14.764
1463,48.767,581.82,512.85,14.139,-2.624,14.381
1464,48.8,582.22,510.24,13.971,-1.904,14.101
1465,48.833,583.23,508.25,13.159,-2.965,13.489
1466,48.867,584.34,506.94,11.699,-5.403,12.886
1467,48.9,584.76,508.75,9.438,-7.832,12.265
1468,48.933,584.58,506.23,6.411,-12.311,13.88
1469,48.967,584.02,505.85,2.338,-19.696,19.834
1470,49.0,583.62,506.89,-2.879,-26.432,26.588
1471,49.033,583.66,510.29,-3.993,-28.963,29.237
1472,49.067,582.79,508.63,-5.003,-30.451,30.859
1473,49.1,582.01,509.7,-5.451,-31.167,31.64
1474,49.133,581.93,489.26,-8.641,-25.98,27.379
1475,49.167,582.47,514.06,-9.256,-22.728,24.54
1476,49.2,581.51,492.66,-8.962,-18.741,20.773
1477,49.233,581.64,494.75,-8.286,-13.584,15.912
1478,49.267,581.67,496.51,-7.899,-8.064,11.288
1479,49.3,581.56,498.29,-8.123,-4.533,9.302
1480,49.333,581.4,499.75,-7.994,-0.456,8.007
1481,49.367,581.11,500.37,-7.868,4.2,8.919
1482,49.4,580.81,500.16,-7.977,9.053,12.066
1483,49.433,580.32,500.42,-8.167,12.248,14.721
1484,49.467,580.09,500.69,-8.232,15.783,17.801
1485,49.5,579.96,501.8,-7.94,17.96,19.637
1486,49.533,579.92,502.67,-7.662,20.071,21.484
1487,49.567,579.76,503.59,-7.49,18.507,19.965
1488,49.6,579.56,503.94,-6.788,16.633,17.965
1489,49.633,579.26,504.09,-5.012,11.007,12.094
1490,49.667,578.79,503.93,-2.376,12.937,13.154
1491,49.7,577.59,504.0,0.191,-0.041,0.195
1492,49.733,577.17,503.75,2.75,-6.721,7.261
1493,49.767,577.34,503.36,4.916,-15.619,16.374
1494,49.8,578.83,502.99,6.769,-24.114,25.046
1495,49.833,579.2,502.49,8.612,-33.034,34.138
1496,49.867,579.6,501.56,10.129,-40.021,41.283
1497,49.9,579.99,500.82,11.359,-45.994,47.376
1498,49.933,580.34,500.09,11.723,-50.057,51.412
1499,49.967,580.67,498.96,11.507,-52.25,53.502
1500,50.0,580.89,499.8,10.971,-52.566,53.699
1501,50.033,581.98,495.3,10.356,-51.277,52.312
1502,50.067,583.04,493.26,9.549,-48.817,49.742
1503,50.1,583.89,486.59,8.283,-45.613,46.359
1504,50.133,583.61,482.15,6.731,-41.781,42.32
1505,50.167,582.54,479.68,4.873,-37.392,37.708
1506,50.2,581.94,479.07,3.382,-32.551,32.726
1507,50.233,582.52,480.51,3.365,-27.783,27.986
1508,50.267,583.05,484.14,4.792,-23.093,23.585
1509,50.3,583.37,483.96,6.728,-18.393,19.585
1510,50.333,582.87,486.29,7.996,-14.325,16.406
1511,50.367,582.71,483.99,9.074,-10.895,14.179
1512,50.4,582.35,484.09,9.923,-8.142,12.836
1513,50.433,583.33,483.54,10.537,-6.4,12.329
1514,50.467,584.42,482.85,10.903,-5.977,12.434
1515,50.5,585.1,482.17,11.072,-7.038,13.12
1516,50.533,585.21,480.76,11.128,-10.765,15.483
1517,50.567,585.33,479.74,10.672,-14.778,18.229
1518,50.6,586.21,478.86,9.782,-20.049,22.307
1519,50.633,587.09,478.2,8.294,-23.632,25.045
1520,50.667,588.56,477.4,5.915,-25.549,26.225
1521,50.7,589.24,476.64,3.929,-25.822,26.119
1522,50.733,588.51,476.35,2.327,-24.675,24.785
1523,50.767,586.78,475.96,0.649,-22.911,22.92
1524,50.8,586.03,474.97,-1.191,-21.89,21.923
1525,50.833,586.08,474.72,-3.078,-20.204,20.437
1526,50.867,585.99,474.1,-4.478,-19.324,19.836
1527,50.9,585.94,473.44,-5.274,-17.337,18.122
1528,50.933,585.91,472.76,-5.137,-16.204,16.998
1529,50.967,586.0,472.08,-4.654,-14.025,14.777
1530,51.0,586.1,471.67,-4.041,-11.738,12.414
1531,51.033,586.28,470.78,-3.274,-9.767,10.301
1532,51.067,586.38,469.94,-2.11,-7.938,8.213
1533,51.1,585.81,469.43,-0.568,-6.775,6.798
1534,51.133,585.09,468.97,0.918,-6.593,6.656
1535,51.167,586.17,469.07,2.058,-7.289,7.574
1536,51.2,586.02,469.45,2.313,-8.845,9.143
1537,51.233,585.98,469.85,1.771,-9.272,9.44
1538,51.267,585.93,470.27,1.269,-9.71,9.793
1539,51.3,586.09,470.33,1.326,-9.721,9.811
1540,51.333,586.28,470.21,1.594,-8.938,9.079
1541,51.367,586.48,469.68,1.728,-7.856,8.044
1542,51.4,586.55,469.01,1.77,-6.748,6.977
1543,51.433,586.5,470.46,1.729,-5.718,5.974
1544,51.467,586.43,467.93,1.539,-4.939,5.173
1545,51.5,586.37,466.43,1.289,-4.45,4.633
1546,51.533,586.35,465.22,0.947,-4.107,4.215
1547,51.567,586.29,464.16,0.332,-3.578,3.593
1548,51.6,586.3,464.06,-0.502,-2.488,2.538
1549,51.633,586.29,465.16,-0.347,-0.721,0.8
1550,51.667,586.54,466.75,-0.427,1.557,1.615
1551,51.7,586.77,469.66,-1.476,3.952,4.219
1552,51.733,586.94,468.79,-2.998,6.048,6.75
1553,51.767,586.43,469.64,-4.639,7.532,8.846
1554,51.8,586.03,469.51,-6.184,8.11,10.198
1555,51.833,585.81,468.86,-7.624,7.585,10.755
1556,51.867,585.61,468.02,-8.81,6.166,10.754
1557,51.9,585.44,467.71,-9.533,4.182,10.41
1558,51.933,585.24,467.53,-9.917,1.996,10.116
1559,51.967,585.23,467.84,-9.826,-1.321,9.914
1560,52.0,584.9,468.57,-9.207,-3.849,9.979
1561,52.033,584.5,469.0,-8.15,-5.574,9.873
1562,52.067,584.3,469.48,-6.845,-6.664,9.553
1563,52.1,584.0,469.37,-5.179,-6.661,8.438
1564,52.133,581.38,468.61,-3.348,-5.622,6.544
1565,52.167,581.51,467.89,-1.47,-4.065,4.322
1566,52.2,581.78,467.14,0.071,-2.253,2.254
1567,52.233,582.55,466.54,1.237,-1.204,1.726
1568,52.267,583.07,466.16,1.638,0.327,1.67
1569,52.3,583.55,466.05,2.015,1.416,2.463
1570,52.333,584.14,466.7,2.243,1.997,3.003
1571,52.367,584.57,467.32,1.289,2.557,2.864
1572,52.4,584.49,468.0,0.663,3.47,3.533
1573,52.433,584.7,468.46,0.458,4.582,4.605
1574,52.467,584.67,468.47,0.82,6.19,6.245
1575,52.5,584.41,468.42,1.545,7.666,7.821
1576,52.533,584.12,468.17,2.187,8.305,8.588
1577,52.567,584.04,468.8,2.257,8.152,8.459
1578,52.6,583.55,469.34,1.773,7.166,7.382
1579,52.633,583.14,469.74,0.847,5.732,5.794
1580,52.667,582.77,470.18,0.996,4.326,4.439
1581,52.7,582.78,470.18,1.341,3.301,3.563
1582,52.733,582.67,469.7,1.906,2.908,3.477
1583,52.767,583.39,469.51,2.375,2.899,3.747
1584,52.8,583.32,469.28,2.741,3.207,4.219
1585,52.833,583.52,469.92,2.929,3.801,4.798
1586,52.867,586.48,470.28,2.817,4.39,5.216
1587,52.9,586.85,470.36,2.335,4.764,5.306
1588,52.933,586.76,470.45,1.668,4.723,5.009
1589,52.967,585.87,469.65,0.67,4.215,4.267
1590,53.0,584.4,469.38,-0.543,3.417,3.46
1591,53.033,583.52,469.97,-1.813,2.428,3.031
1592,53.067,583.66,470.72,-3.064,1.493,3.408
1593,53.1,583.73,471.5,-4.297,0.755,4.363
1594,53.133,583.82,472.02,-5.247,0.021,5.247
1595,53.167,583.85,472.36,-5.813,-0.712,5.856
1596,53.2,583.78,472.06,-5.912,-1.453,6.088
1597,53.233,583.59,471.22,-5.609,-2.013,5.959
1598,53.267,583.41,470.8,-4.73,-2.494,5.347
1599,53.3,583.29,470.49,-3.735,-3.217,4.929
1600,53.333,583.23,470.14,-2.353,-4.08,4.71
1601,53.367,583.1,469.54,-0.746,-4.959,5.015
1602,53.4,583.04,469.11,-0.122,-6.299,6.3
1603,53.433,583.05,468.82,-0.345,-8.058,8.065
1604,53.467,583.09,468.74,-1.041,-10.678,10.729
1605,53.5,583.1,468.88,-1.839,-11.618,11.762
1606,53.533,583.07,469.22,-2.281,-11.615,11.837
1607,53.567,583.07,469.76,-2.475,-11.399,11.665
1608,53.6,582.96,469.21,-2.814,-11.414,11.755
1609,53.633,582.84,468.8,-3.231,-11.786,12.221
1610,53.667,582.68,468.21,-3.844,-13.115,13.667
1611,53.7,582.57,467.16,-4.591,-15.829,16.482
1612,53.733,582.43,465.59,-5.412,-19.554,20.289
1613,53.767,582.14,464.51,-5.995,-21.819,22.628
1614,53.8,581.91,464.01,-6.401,-23.076,23.948
1615,53.833,581.82,463.71,-6.561,-23.331,24.236
1616,53.867,581.97,462.23,-6.5,-22.365,23.29
1617,53.9,580.97,461.69,-6.152,-21.899,22.746
1618,53.933,581.19,461.56,-5.644,-23.117,23.796
1619,53.967,580.87,463.1,-5.045,-26.887,27.356
1620,54.0,580.54,460.43,-4.435,-30.75,31.068
1621,54.033,580.21,458.34,-3.896,-35.939,36.15
1622,54.067,580.06,456.48,-3.455,-41.423,41.567
1623,54.1,579.98,454.85,-3.076,-46.483,46.585
1624,54.133,579.82,452.85,-2.788,-53.336,53.409
1625,54.167,579.95,452.0,-2.606,-62.05,62.105
1626,54.2,580.12,452.54,-2.593,-71.667,71.714
1627,54.233,580.39,453.86,-2.784,-81.315,81.363
1628,54.267,580.24,450.67,-3.158,-89.519,89.574
1629,54.3,580.25,447.09,-3.614,-92.918,92.988
1630,54.333,580.09,442.15,-4.079,-90.904,90.995
1631,54.367,579.88,434.88,-4.56,-84.384,84.508
1632,54.4,579.5,430.1,-5.042,-73.721,73.893
1633,54.433,579.22,427.81,-4.789,-60.055,60.246
1634,54.467,578.91,428.78,-4.411,-44.525,44.743
1635,54.5,578.63,425.42,-3.895,-29.249,29.507
1636,54.533,578.45,424.95,-3.352,-13.497,13.907
1637,54.567,578.32,422.63,-3.366,1.58,3.718
1638,54.6,578.01,417.84,-3.816,15.633,16.092
1639,54.633,577.74,419.19,-5.041,28.145,28.593
1640,54.667,577.47,423.1,-8.0,38.933,39.746
1641,54.7,577.37,428.16,-11.874,47.191,48.662
1642,54.733,577.34,435.16,-15.821,51.87,54.229
1643,54.767,577.37,443.17,-18.99,51.756,55.13
1644,54.8,577.44,445.41,-21.038,48.386,52.762
1645,54.833,577.42,444.8,-21.764,42.147,47.435
1646,54.867,577.28,443.83,-21.337,34.153,40.27
1647,54.9,576.62,442.95,-19.935,26.434,33.108
1648,54.933,575.27,441.71,-17.66,18.911,25.875
1649,54.967,573.52,440.19,-14.665,11.418,18.586
1650,55.0,571.64,438.56,-11.078,2.577,11.374
1651,55.033,569.54,437.43,-7.029,-5.045,8.653
1652,55.067,568.57,437.42,-2.695,-12.296,12.588
1653,55.1,567.31,437.34,1.742,-17.336,17.424
1654,55.133,566.99,437.54,6.193,-17.52,18.582
1655,55.167,570.1,438.15,10.506,-14.625,18.007
1656,55.2,573.05,438.92,14.562,-9.528,17.403
1657,55.233,575.5,439.36,18.09,-3.147,18.362
1658,55.267,576.57,439.56,20.862,2.519,21.014
1659,55.3,577.41,439.84,22.512,5.382,23.146
1660,55.333,577.42,439.79,23.211,6.554,24.118
1661,55.367,577.52,439.44,22.908,7.03,23.962
1662,55.4,577.66,439.17,21.361,6.953,22.464
1663,55.433,577.89,439.21,18.466,6.059,19.435
1664,55.467,578.1,438.95,14.608,4.535,15.296
1665,55.5,578.34,438.9,10.506,2.663,10.838
1666,55.533,578.55,438.79,6.61,0.677,6.644
1667,55.567,578.71,439.36,3.897,-1.162,4.067
1668,55.6,578.84,439.69,2.008,-3.118,3.709
1669,55.633,579.0,440.03,1.592,-4.834,5.089
1670,55.667,579.15,440.52,3.489,-6.074,7.005
1671,55.7,579.28,440.55,5.974,-6.807,9.057
1672,55.733,579.51,440.24,8.46,-7.288,11.166
1673,55.767,579.86,439.86,10.38,-7.276,12.676
1674,55.8,580.75,439.09,12.019,-7.08,13.949
1675,55.833,580.96,438.7,13.182,-6.627,14.754
1676,55.867,580.81,438.04,13.976,-5.814,15.137
1677,55.9,580.78,437.12,14.196,-4.737,14.965
1678,55.933,581.33,436.56,13.781,-3.156,14.137
1679,55.967,582.22,436.16,12.734,-1.148,12.786
1680,56.0,582.78,436.02,11.269,1.137,11.326
1681,56.033,583.6,436.51,9.852,3.736,10.537
1682,56.067,583.8,437.14,8.506,6.776,10.875
1683,56.1,584.87,438.13,7.216,9.772,12.148
1684,56.133,586.31,439.13,6.086,12.504,13.907
1685,56.167,586.12,439.86,5.458,14.509,15.502
1686,56.2,585.66,440.16,5.653,15.416,16.42
1687,56.233,585.12,440.63,6.453,15.516,16.804
1688,56.267,584.9,440.59,7.739,14.539,16.471
1689,56.3,584.46,441.23,9.18,12.608,15.596
1690,56.333,584.03,441.51,10.126,10.31,14.451
1691,56.367,583.92,441.7,10.525,7.705,13.044
1692,56.4,584.31,442.42,10.489,5.403,11.798
1693,56.433,585.14,442.68,10.388,3.665,11.016
1694,56.467,586.36,442.6,10.348,2.523,10.651
1695,56.5,587.68,443.03,10.496,2.35,10.756
1696,56.533,588.29,443.12,11.251,2.719,11.575
1697,56.567,588.98,442.75,11.911,3.312,12.363
1698,56.6,589.93,442.17,12.389,3.969,13.01
1699,56.633,590.97,441.63,11.964,4.77,12.88
1700,56.667,591.34,441.6,10.025,5.67,11.518
1701,56.7,590.74,441.92,7.996,6.447,10.272
1702,56.733,590.17,441.82,6.227,7.148,9.48
1703,56.767,589.31,442.69,4.958,7.764,9.212
1704,56.8,588.6,443.87,4.114,8.745,9.664
1705,56.833,588.35,444.75,4.226,9.399,10.305
1706,56.867,588.89,445.63,5.045,9.626,10.868
1707,56.9,590.19,445.76,6.659,9.541,11.635
1708,56.933,591.42,445.92,8.994,8.878,12.637
1709,56.967,592.3,446.02,11.653,7.836,14.042
1710,57.0,592.52,445.3,14.272,6.516,15.689
1711,57.033,591.65,445.35,16.42,5.122,17.2
1712,57.067,591.41,445.64,18.185,3.798,18.578
1713,57.1,591.81,446.3,19.55,2.466,19.705
1714,57.133,592.96,446.37,20.153,1.303,20.195
1715,57.167,595.11,446.07,19.697,0.45,19.702
1716,57.2,596.06,446.09,18.333,-0.025,18.333
1717,57.233,596.78,446.29,16.548,-0.259,16.55
1718,57.267,597.32,446.24,14.403,-0.103,14.403
1719,57.3,597.93,445.53,12.16,0.235,12.162
1720,57.333,597.69,445.34,10.194,0.383,10.201
1721,57.367,598.11,445.63,8.859,0.435,8.87
1722,57.4,598.31,445.92,7.723,0.207,7.725
1723,57.433,598.15,446.25,6.617,0.012,6.617
1724,57.467,598.11,446.56,5.306,-0.062,5.306
1725,57.5,598.0,447.18,3.778,-0.281,3.789
1726,57.533,598.13,446.82,2.394,-0.594,2.467
1727,57.567,598.42,446.08,1.828,-1.026,2.096
1728,57.6,598.42,445.86,2.227,-1.537,2.706
1729,57.633,598.5,445.77,3.18,-2.139,3.832
1730,57.667,598.62,445.83,4.322,-2.588,5.037
1731,57.7,598.7,445.61,5.181,-2.556,5.777
1732,57.733,598.72,445.47,5.817,-2.278,6.247
1733,57.767,598.96,445.75,5.989,-2.171,6.37
1734,57.8,599.61,445.66,5.988,-2.431,6.463
1735,57.833,600.18,445.79,5.621,-2.281,6.066
1736,57.867,600.16,445.7,5.345,-1.731,5.618
1737,57.9,600.57,445.62,4.398,-1.008,4.512
1738,57.933,600.49,445.34,3.363,-0.494,3.399
1739,57.967,600.55,444.59,1.955,-0.259,1.973
1740,58.0,600.71,444.2,0.676,-0.363,0.767
1741,58.033,600.68,444.87,-0.754,-0.976,1.234
1742,58.067,600.68,445.43,-2.297,-1.397,2.688
1743,58.1,600.21,445.91,-4.114,-1.829,4.502
1744,58.133,600.2,445.95,-5.475,-2.361,5.962
1745,58.167,600.22,445.8,-6.286,-3.341,7.118
1746,58.2,599.6,445.15,-6.542,-5.073,8.278
1747,58.233,599.3,444.42,-6.392,-6.984,9.467
1748,58.267,599.54,444.14,-6.007,-8.613,10.501
1749,58.3,599.14,444.59,-5.628,-9.746,11.254
1750,58.333,598.78,444.38,-5.339,-10.291,11.593
1751,58.367,598.12,443.8,-5.009,-10.673,11.79
1752,58.4,598.48,443.0,-4.463,-10.87,11.751
1753,58.433,597.79,442.76,-3.895,-11.288,11.942
1754,58.467,598.18,442.54,-2.891,-11.956,12.301
1755,58.5,597.6,442.33,-2.013,-12.367,12.53
1756,58.533,597.87,441.87,-0.929,-12.282,12.317
1757,58.567,598.21,440.48,-0.58,-12.066,12.08
1758,58.6,599.12,439.85,-0.289,-11.974,11.977
1759,58.633,599.03,439.04,0.144,-11.628,11.629
1760,58.667,598.6,439.0,0.314,-11.037,11.041
1761,58.7,597.93,440.0,-0.055,-10.264,10.264
1762,58.733,597.44,440.76,-0.394,-8.867,8.876
1763,58.767,597.4,440.88,-1.142,-6.944,7.037
1764,58.8,597.89,440.01,-2.305,-4.711,5.244
1765,58.833,598.28,438.84,-3.505,-2.942,4.576
1766,58.867,598.31,437.97,-4.203,-1.697,4.533
1767,58.9,598.43,436.99,-4.39,-1.096,4.525
1768,58.933,598.42,436.83,-4.46,-0.751,4.523
1769,58.967,597.67,437.32,-3.262,-1.009,3.414
1770,59.0,597.74,437.91,-1.776,-1.545,2.354
1771,59.033,596.65,438.31,0.247,-2.526,2.538
1772,59.067,597.66,438.59,2.452,-3.661,4.406
1773,59.1,597.3,439.44,5.254,-4.499,6.917
1774,59.133,596.81,439.33,6.872,-5.214,8.626
1775,59.167,596.64,439.25,8.128,-5.584,9.862
1776,59.2,597.04,439.19,9.111,-5.609,10.699
1777,59.233,597.07,438.4,9.852,-6.018,11.544
1778,59.267,598.16,437.64,10.303,-6.728,12.305
1779,59.3,599.14,436.53,10.515,-7.614,12.983
1780,59.333,600.32,435.7,10.655,-8.082,13.373
1781,59.367,600.62,435.21,9.819,-8.058,12.702
1782,59.4,601.48,435.39,8.983,-7.706,11.835
1783,59.433,602.34,435.32,7.892,-6.75,10.385
1784,59.467,601.63,435.7,6.679,-5.435,8.61
1785,59.5,601.49,435.46,4.767,-4.303,6.422
1786,59.533,601.62,435.53,2.396,-3.374,4.138
1787,59.567,601.55,435.25,0.882,-2.417,2.573
1788,59.6,599.75,435.29,-1.311,-1.234,1.8
1789,59.633,600.44,435.5,-3.085,-0.399,3.111
1790,59.667,600.17,435.97,-4.471,0.522,4.502
1791,59.7,599.92,436.02,-5.13,1.369,5.309
1792,59.733,600.06,436.41,-5.24,1.991,5.605
1793,59.767,600.56,436.38,-4.835,2.4,5.398
1794,59.8,600.85,436.23,-4.388,2.666,5.135
1795,59.833,600.03,435.58,-3.708,3.318,4.976
1796,59.867,601.05,435.18,-2.898,4.423,5.288
1797,59.9,600.34,435.23,-2.415,6.203,6.657
1798,59.933,599.68,435.34,-2.357,8.589,8.907
1799,59.967,598.46,435.6,-3.037,11.588,11.979
1800,60.0,599.5,436.65,-3.538,14.903,15.317
1801,60.033,599.92,437.87,-4.171,18.783,19.24
1802,60.067,599.04,438.9,-5.149,22.947,23.518
1803,60.1,599.47,439.53,-6.365,27.643,28.367
1804,60.133,599.02,440.48,-6.711,32.632,33.315
1805,60.167,599.19,441.14,-7.304,37.714,38.415
1806,60.2,598.74,441.9,-7.616,42.492,43.169
1807,60.233,598.18,442.73,-7.508,46.786,47.385
1808,60.267,598.2,444.42,-7.036,50.095,50.586
1809,60.3,598.31,446.54,-6.683,52.311,52.736
1810,60.333,597.8,448.62,-6.179,53.696,54.05
1811,60.367,596.6,451.05,-5.017,54.513,54.743
1812,60.4,596.86,453.3,-4.152,54.956,55.113
1813,60.433,596.67,455.15,-2.64,54.985,55.048
1814,60.467,596.77,457.15,-0.617,54.955,54.958
1815,60.5,596.44,459.15,1.778,54.905,54.934
1816,60.533,596.33,461.02,2.811,54.526,54.599
1817,60.567,596.45,463.01,2.542,53.664,53.724
1818,60.6,596.6,464.6,1.773,52.711,52.741
1819,60.633,596.66,466.01,-0.367,51.733,51.734
1820,60.667,597.03,467.13,-3.641,50.843,50.974
1821,60.7,597.29,468.1,-8.25,50.099,50.774
1822,60.733,597.43,469.25,-13.141,49.501,51.216
1823,60.767,597.28,470.73,-17.737,48.968,52.081
1824,60.8,597.6,472.72,-21.661,48.016,52.676
1825,60.833,597.19,474.41,-24.844,46.338,52.578
1826,60.867,596.58,476.35,-26.833,43.987,51.525
1827,60.9,595.58,478.18,-27.063,41.011,49.136
1828,60.933,593.42,480.08,-26.168,37.641,45.844
1829,60.967,590.74,481.47,-24.083,34.1,41.747
1830,61.0,588.51,482.85,-21.257,30.447,37.133
1831,61.033,587.45,484.15,-17.725,26.911,32.224
1832,61.067,586.58,485.49,-13.366,23.403,26.951
1833,61.1,585.5,485.92,-8.452,19.864,21.587
1834,61.133,585.34,486.37,-3.193,16.406,16.714
1835,61.167,586.31,486.05,2.048,13.322,13.478
1836,61.2,588.31,485.64,6.808,10.991,12.929
1837,61.233,589.87,485.09,10.968,9.8,14.708
1838,61.267,591.39,484.82,14.362,9.658,17.307
1839,61.3,592.14,485.0,16.851,10.508,19.859
1840,61.333,592.75,485.7,17.919,11.58,21.335
1841,61.367,593.05,486.72,17.573,12.909,21.805
1842,61.4,593.07,487.6,15.993,13.871,21.17
1843,61.433,592.89,488.29,13.142,14.406,19.5
1844,61.467,592.6,489.1,9.427,14.47,17.27
1845,61.5,592.68,489.85,5.599,14.362,15.415
1846,61.533,593.15,490.16,2.233,13.699,13.88
1847,61.567,593.02,490.73,-0.419,12.464,12.471
1848,61.6,592.81,491.31,-2.124,10.389,10.604
1849,61.633,592.47,492.15,-2.234,7.892,8.202
1850,61.667,592.48,492.73,-1.314,4.935,5.107
1851,61.7,592.74,492.93,-0.507,2.181,2.24
1852,61.733,592.82,492.47,-0.447,-0.048,0.45
1853,61.767,592.78,491.91,-0.637,-1.325,1.47
1854,61.8,592.76,490.81,-1.165,-1.916,2.242
1855,61.833,592.76,490.35,-1.611,-2.103,2.649
1856,61.867,592.92,489.76,-1.901,-2.096,2.83
1857,61.9,592.51,490.01,-2.114,-2.261,3.095
1858,61.933,592.26,490.41,-2.179,-2.513,3.326
1859,61.967,592.75,490.65,-2.006,-2.725,3.384
1860,62.0,593.4,490.4,-1.608,-2.789,3.219
1861,62.033,593.78,490.69,-1.365,-2.581,2.92
1862,62.067,593.32,490.86,-1.714,-1.916,2.571
1863,62.1,592.56,491.28,-2.563,-1.129,2.801
1864,62.133,590.93,491.6,-3.69,-0.131,3.692
1865,62.167,589.81,492.04,-4.65,0.448,4.671
1866,62.2,590.34,492.0,-5.439,0.383,5.452
1867,62.233,591.49,491.57,-6.116,-0.115,6.117
1868,62.267,592.0,490.46,-6.637,-0.726,6.677
1869,62.3,592.43,489.77,-6.672,-1.293,6.796
1870,62.333,592.41,489.48,-6.328,-1.387,6.478
1871,62.367,591.92,489.31,-5.771,-1.295,5.915
1872,62.4,591.48,489.7,-5.48,-0.583,5.511
1873,62.433,590.85,490.22,-5.453,0.379,5.466
1874,62.467,589.97,490.87,-5.983,1.162,6.095
1875,62.5,589.03,491.28,-7.192,1.75,7.402
1876,62.533,588.4,491.31,-8.614,2.438,8.953
1877,62.567,588.19,491.17,-10.315,3.096,10.77
1878,62.6,588.58,491.29,-12.207,3.802,12.785
1879,62.633,589.05,490.81,-13.849,4.469,14.552
1880,62.667,589.14,490.92,-14.634,5.375,15.59
1881,62.7,589.08,491.46,-14.249,6.39,15.616
1882,62.733,588.88,491.75,-12.931,7.166,14.784
1883,62.767,588.66,491.98,-10.706,7.449,13.042
1884,62.8,587.61,492.12,-7.78,7.855,11.055
1885,62.833,586.34,492.18,-4.834,8.33,9.631
1886,62.867,584.95,492.59,-2.31,8.798,9.096
1887,62.9,584.07,492.48,-0.182,9.17,9.172
1888,62.933,583.86,492.31,1.313,9.253,9.346
1889,62.967,584.75,492.75,2.305,9.056,9.345
1890,63.0,585.8,493.45,3.125,8.485,9.042
1891,63.033,585.76,494.28,3.865,7.509,8.445
1892,63.067,585.82,495.07,4.759,6.392,7.97
1893,63.1,586.68,495.86,5.599,5.33,7.73
1894,63.133,587.43,496.51,5.875,4.384,7.331
1895,63.167,588.68,496.23,5.473,3.941,6.744
1896,63.2,589.88,495.26,4.297,3.895,5.8
1897,63.233,590.24,494.72,2.455,3.938,4.641
1898,63.267,589.09,494.95,-0.203,4.307,4.311
1899,63.3,587.61,494.84,-3.822,4.806,6.14
1900,63.333,586.45,494.78,-8.113,5.202,9.637
1901,63.367,585.92,494.78,-12.015,5.637,13.272
1902,63.4,585.48,495.15,-15.061,5.691,16.1
1903,63.433,585.44,495.62,-16.882,6.357,18.039
1904,63.467,585.41,496.01,-17.343,7.923,19.067
1905,63.5,585.14,496.4,-16.624,9.567,19.18
1906,63.533,585.05,497.07,-15.159,10.945,18.698
1907,63.567,584.37,497.68,-12.598,11.77,17.241
1908,63.6,583.66,498.29,-9.04,11.749,14.824
1909,63.633,583.22,498.67,-4.813,10.683,11.717
1910,63.667,582.57,498.98,-0.587,8.248,8.268
1911,63.7,582.21,499.06,3.172,5.74,6.559
1912,63.733,581.64,499.22,6.119,3.415,7.008
1913,63.767,581.5,498.81,7.96,1.009,8.023
1914,63.8,582.0,498.56,9.127,-1.705,9.285
1915,63.833,583.6,498.86,10.088,-4.159,10.912
1916,63.867,584.41,499.07,10.38,-6.16,12.07
1917,63.9,585.49,500.04,9.966,-7.658,12.569
1918,63.933,586.39,499.46,8.948,-8.586,12.401
1919,63.967,587.02,497.99,7.24,-8.984,11.538
1920,64.0,586.85,497.23,4.857,-8.945,10.178
1921,64.033,586.82,496.58,1.925,-8.222,8.445
1922,64.067,586.74,496.04,-1.511,-6.958,7.12
1923,64.1,586.57,495.85,-4.976,-5.221,7.213
1924,64.133,585.69,495.91,-8.223,-3.377,8.89
1925,64.167,585.52,496.88,-11.172,-2.532,11.455
1926,64.2,584.96,496.12,-12.835,-0.135,12.836
1927,64.233,583.9,495.7,-14.313,2.36,14.506
1928,64.267,583.16,496.01,-14.811,3.118,15.136
1929,64.3,582.65,496.64,-14.035,4.729,14.81
1930,64.333,581.59,496.85,-12.299,5.827,13.609
1931,64.367,581.58,496.96,-10.359,5.337,11.653
1932,64.4,581.49,497.29,-8.22,2.542,8.604
1933,64.433,581.44,497.33,-6.271,-3.31,7.091
1934,64.467,581.36,497.34,-4.532,-8.845,9.938
1935,64.5,581.35,497.67,-3.342,-14.79,15.163
1936,64.533,581.55,497.45,-2.558,-21.162,21.316
1937,64.567,581.73,496.89,-1.934,-24.916,24.991
1938,64.6,581.85,495.91,-1.714,-27.42,27.474
1939,64.633,582.0,495.05,-2.059,-28.887,28.96
1940,64.667,582.21,496.83,-2.476,-28.926,29.032
1941,64.7,580.65,492.52,-3.104,-28.109,28.28
1942,64.733,581.46,489.86,-3.954,-25.872,26.172
1943,64.767,581.59,490.87,-4.628,-22.153,22.631
1944,64.8,581.06,486.62,-5.021,-17.248,17.964
1945,64.833,580.54,484.12,-5.111,-11.671,12.741
1946,64.867,580.05,483.22,-4.614,-5.672,7.312
1947,64.9,579.82,484.66,-4.07,0.72,4.133
1948,64.933,579.74,488.46,-3.425,7.369,8.126
1949,64.967,579.32,487.51,-2.597,13.857,14.098
1950,65.0,579.37,489.99,-1.986,18.902,19.006
1951,65.033,579.83,493.97,-1.046,23.959,23.982
1952,65.067,579.55,492.12,0.412,29.679,29.682
1953,65.1,579.61,492.9,2.255,35.503,35.574
1954,65.133,580.04,494.33,4.087,40.739,40.944
1955,65.167,580.33,494.97,5.49,44.26,44.599
1956,65.2,580.23,495.57,5.746,42.871,43.255
1957,65.233,580.5,496.58,5.343,38.49,38.859
1958,65.267,580.69,497.37,2.835,30.263,30.396
1959,65.3,580.59,497.82,-0.91,18.726,18.748
1960,65.333,580.25,498.45,-5.355,7.378,9.117
1961,65.367,580.01,499.53,-9.97,-3.169,10.462
1962,65.4,580.04,500.37,-14.012,-11.508,18.132
1963,65.433,580.06,500.57,-17.81,-20.205,26.934
1964,65.467,579.83,501.12,-21.459,-30.868,37.594
1965,65.5,580.61,504.36,-24.593,-40.544,47.42
1966,65.533,580.25,503.67,-27.12,-49.921,56.812
1967,65.567,578.71,499.93,-28.74,-58.626,65.292
1968,65.6,576.47,494.93,-29.196,-63.687,70.06
1969,65.633,574.07,489.17,-27.353,-62.446,68.174
1970,65.667,571.55,483.49,-23.738,-56.08,60.898
1971,65.7,569.81,480.0,-18.75,-45.924,49.604
1972,65.733,569.14,479.01,-12.13,-32.41,34.605
1973,65.767,570.06,481.54,-4.993,-17.055,17.771
1974,65.8,570.47,481.52,0.921,-1.231,1.537
1975,65.833,571.23,481.36,5.868,13.968,15.151
1976,65.867,571.79,481.2,11.097,26.866,29.068
1977,65.9,571.33,478.18,16.296,37.727,41.096
1978,65.933,571.75,479.47,19.809,43.057,47.396
1979,65.967,572.93,483.34,21.84,43.331,48.524
1980,66.0,574.67,488.35,22.268,37.579,43.681
1981,66.033,576.76,494.36,19.817,24.053,31.165
1982,66.067,578.37,499.04,15.26,5.552,16.239
1983,66.1,580.71,504.67,9.944,-14.68,17.731
1984,66.133,580.28,502.12,4.694,-33.978,34.301
1985,66.167,579.58,498.3,0.582,-48.07,48.074
1986,66.2,578.71,495.05,-1.85,-56.514,56.544
1987,66.233,576.3,489.89,-2.403,-60.374,60.422
1988,66.267,574.38,484.26,-1.675,-61.269,61.292
1989,66.3,575.64,478.72,-0.681,-61.451,61.455
1990,66.333,576.94,473.31,0.813,-59.978,59.983
1991,66.367,575.49,469.53,2.739,-56.734,56.8
1992,66.4,573.5,462.68,5.053,-51.373,51.621
1993,66.433,574.21,462.36,8.128,-39.646,40.47
1994,66.467,574.45,462.51,11.564,-24.536,27.124
1995,66.5,575.13,465.9,15.013,-8.016,17.019
1996,66.533,577.7,471.99,18.045,8.348,19.882
1997,66.567,580.32,478.0,20.194,22.477,30.216
1998,66.6,581.96,482.99,21.243,33.282,39.483
1999,66.633,583.42,486.64,20.3,38.231,43.286
2000,66.667,583.6,483.68,18.314,39.807,43.818
2001,66.7,583.44,480.28,15.434,38.441,41.424
2002,66.733,582.62,477.71,11.862,33.681,35.709
2003,66.767,582.26,476.76,8.698,26.654,28.038
2004,66.8,582.45,477.07,6.24,18.379,19.409
2005,66.833,582.52,478.1,3.212,9.612,10.135
2006,66.867,582.17,480.18,-0.585,1.605,1.709
2007,66.9,581.75,482.98,-3.692,-5.205,6.382
2008,66.933,581.66,480.69,-5.204,-7.832,9.404
2009,66.967,581.87,480.43,-5.95,-8.099,10.049
2010,67.0,582.07,480.64,-5.48,-5.63,7.857
2011,67.033,582.22,480.71,-3.799,-1.806,4.207
2012,67.067,582.2,480.8,-2.019,1.454,2.488
2013,67.1,582.14,480.63,-0.668,2.934,3.009
2014,67.133,582.08,480.48,0.289,2.159,2.178
2015,67.167,582.02,480.35,0.519,-1.371,1.466
2016,67.2,581.96,480.04,0.396,-4.749,4.765
2017,67.233,581.84,479.96,0.05,-7.096,7.097
2018,67.267,581.7,479.94,-0.109,-7.899,7.9
2019,67.3,581.7,479.7,-0.183,-7.542,7.544
2020,67.333,581.72,479.8,-0.464,-6.516,6.533
2021,67.367,581.81,479.6,-0.935,-5.346,5.427
2022,67.4,581.96,479.21,-1.289,-4.524,4.704
2023,67.433,582.07,478.75,-1.413,-5.112,5.303
2024,67.467,582.15,478.42,-1.4,-4.79,4.99
2025,67.5,582.07,478.14,-1.392,-4.146,4.374
2026,67.533,581.85,477.95,-1.379,-3.306,3.582
2027,67.567,581.66,477.89,-1.43,-2.498,2.878
2028,67.6,581.56,478.28,-1.491,-1.794,2.333
2029,67.633,581.41,478.3,-1.504,-1.251,1.957
2030,67.667,581.38,478.41,-1.377,-0.581,1.495
2031,67.7,581.37,478.5,-1.072,0.203,1.091
2032,67.733,581.35,478.61,-0.615,1.212,1.359
2033,67.767,581.3,478.26,-0.015,2.404,2.404
2034,67.8,581.25,478.06,0.705,3.293,3.368
2035,67.833,581.34,478.06,1.398,3.768,4.019
2036,67.867,581.5,478.52,1.995,3.687,4.192
2037,67.9,581.52,478.46,2.447,3.155,3.993
2038,67.933,581.58,478.68,2.725,2.302,3.567
2039,67.967,581.69,478.93,2.877,1.321,3.166
2040,68.0,581.84,478.99,2.898,0.333,2.917
2041,68.033,581.91,478.69,2.856,-0.607,2.92
2042,68.067,582.12,478.78,2.849,-1.599,3.267
2043,68.1,582.41,478.89,2.913,-2.763,4.015
2044,68.133,582.68,479.41,3.029,-4.06,5.065
2045,68.167,582.78,479.32,3.214,-5.664,6.512
2046,68.2,582.73,479.04,3.448,-7.563,8.311
2047,68.233,582.63,478.44,3.74,-9.778,10.468
2048,68.267,582.52,477.29,4.054,-12.113,12.773
2049,68.3,582.43,476.68,4.389,-14.343,15.0
2050,68.333,582.5,476.41,4.735,-16.19,16.868
2051,68.367,582.73,476.07,5.031,-17.59,18.295
2052,68.4,583.06,475.75,5.192,-18.598,19.309
2053,68.433,583.42,475.44,5.267,-18.924,19.643
2054,68.467,583.7,474.96,5.27,-18.48,19.217
2055,68.5,583.97,474.19,5.187,-17.449,18.203
2056,68.533,584.21,473.27,4.984,-15.78,16.548
2057,68.567,584.43,472.49,4.674,-13.584,14.366
2058,68.6,584.58,472.0,4.229,-11.198,11.97
2059,68.633,584.69,470.91,3.637,-8.851,9.569
2060,68.667,584.82,470.52,2.841,-7.078,7.627
2061,68.7,584.88,470.26,1.929,-5.55,5.875
2062,68.733,584.82,470.36,0.952,-4.418,4.52
2063,68.767,584.76,470.38,-0.003,-3.603,3.603
2064,68.8,584.68,470.88,-0.862,-2.761,2.893
2065,68.833,584.61,471.22,-1.542,-1.837,2.398
2066,68.867,584.5,471.68,-2.051,-1.025,2.293
2067,68.9,584.45,471.96,-2.362,-0.138,2.366
2068,68.933,584.41,472.21,-2.573,0.82,2.7
2069,68.967,584.33,471.87,-2.702,1.345,3.018
2070,69.0,584.23,471.53,-2.791,0.961,2.952
2071,69.033,584.16,470.83,-2.795,-0.393,2.822
2072,69.067,584.17,470.41,-2.658,-2.12,3.4
2073,69.1,584.15,470.07,-2.397,-3.538,4.273
2074,69.133,584.02,469.91,-2.029,-4.407,4.852
2075,69.167,583.94,470.18,-1.52,-4.179,4.447
2076,69.2,583.79,470.03,-0.946,-3.355,3.485
2077,69.233,583.74,470.2,-0.303,-2.248,2.269
2078,69.267,583.7,470.52,0.366,-1.432,1.478
2079,69.3,583.71,470.97,1.039,-0.478,1.143
2080,69.333,583.73,471.0,1.713,0.412,1.762
2081,69.367,583.81,471.0,2.302,1.166,2.58
2082,69.4,583.78,470.35,2.773,1.661,3.233
2083,69.433,583.88,469.11,3.118,1.597,3.503
2084,69.467,583.99,468.38,3.274,0.966,3.414
2085,69.5,584.3,468.81,3.247,0.135,3.25
2086,69.533,584.57,470.31,3.026,-1.001,3.187
2087,69.567,584.73,471.62,2.627,-2.182,3.415
2088,69.6,584.86,471.91,2.077,-3.807,4.337
2089,69.633,585.03,471.45,1.391,-5.555,5.726
2090,69.667,585.03,470.27,0.612,-7.505,7.53
2091,69.7,585.03,469.23,-0.169,-9.801,9.802
2092,69.733,584.91,468.6,-0.909,-12.117,12.151
2093,69.767,584.86,468.94,-1.596,-14.6,14.687
2094,69.8,584.75,468.6,-2.178,-17.133,17.271
2095,69.833,584.53,468.01,-2.502,-19.806,19.963
2096,69.867,584.39,467.35,-2.429,-22.467,22.598
2097,69.9,584.31,466.41,-1.978,-24.674,24.754
2098,69.933,584.17,465.89,-1.12,-26.042,26.066
2099,69.967,584.1,465.14,0.119,-26.0,26.001
2100,70.0,584.06,463.93,1.599,-24.917,24.968
2101,70.033,584.15,462.79,3.12,-21.432,21.658
2102,70.067,584.28,461.48,4.53,-17.236,17.821
2103,70.1,584.35,461.03,5.769,-13.451,14.636
2104,70.133,584.48,460.21,6.779,-10.706,12.672
2105,70.167,584.77,459.7,7.417,-9.148,11.777
2106,70.2,584.99,459.38,7.638,-8.609,11.509
2107,70.233,585.36,459.12,7.381,-8.848,11.522
2108,70.267,585.86,459.3,6.641,-9.423,11.528
2109,70.3,586.48,459.41,5.445,-8.677,10.244
2110,70.333,586.91,459.8,3.854,-7.444,8.382
2111,70.367,587.07,460.61,2.062,-5.646,6.011
2112,70.4,587.1,460.83,0.266,-3.57,3.58
2113,70.433,587.06,461.13,-1.403,-1.266,1.89
2114,70.467,586.76,461.38,-2.854,0.764,2.955
2115,70.5,586.49,462.75,-4.062,2.585,4.815
2116,70.533,586.15,459.66,-4.986,4.427,6.668
2117,70.567,585.85,457.13,-5.66,6.132,8.345
2118,70.6,585.51,455.39,-6.059,7.862,9.926
2119,70.633,585.09,455.09,-6.093,9.212,11.045
2120,70.667,584.69,455.97,-5.758,10.284,11.787
2121,70.7,584.4,458.28,-5.1,11.084,12.201
2122,70.733,584.22,461.55,-4.127,11.506,12.224
2123,70.767,584.26,465.07,-2.97,11.693,12.065
2124,70.8,584.39,463.99,-1.784,11.431,11.569
2125,70.833,584.68,464.27,-0.75,10.9,10.925
2126,70.867,585.01,464.04,0.056,10.004,10.005
2127,70.9,585.12,463.88,0.65,8.493,8.518
2128,70.933,585.05,463.65,0.965,6.576,6.646
2129,70.967,584.97,463.66,0.995,3.519,3.657
2130,71.0,584.9,463.39,0.947,0.945,1.338
2131,71.033,584.84,462.8,0.753,-2.67,2.774
2132,71.067,584.86,462.38,0.438,-5.672,5.689
2133,71.1,584.88,461.9,0.002,-7.89,7.89
2134,71.133,584.85,461.46,-0.529,-9.114,9.129
2135,71.167,584.83,461.29,-1.023,-9.776,9.829
2136,71.2,584.72,461.05,-1.359,-9.984,10.076
2137,71.233,584.65,461.1,-1.457,-10.452,10.553
2138,71.267,584.6,461.07,-1.244,-10.356,10.43
2139,71.3,584.58,461.27,-0.873,-11.294,11.327
2140,71.333,584.54,461.29,-0.383,-11.431,11.437
2141,71.367,584.52,461.23,0.064,-11.297,11.298
2142,71.4,584.51,461.01,0.362,-10.618,10.624
2143,71.433,584.62,460.62,0.516,-9.866,9.88
2144,71.467,584.73,461.83,0.622,-8.969,8.99
2145,71.5,584.61,459.18,0.67,-8.54,8.566
2146,71.533,584.57,457.13,0.636,-8.279,8.304
2147,71.567,584.58,455.95,0.593,-7.912,7.934
2148,71.6,584.62,455.37,0.526,-7.487,7.505
2149,71.633,584.77,455.24,0.409,-6.35,6.363
2150,71.667,584.93,456.29,0.272,-5.03,5.038
2151,71.7,585.04,457.74,0.118,-2.755,2.758
2152,71.733,585.06,460.09,0.018,0.646,0.646
2153,71.767,584.9,458.96,-0.022,4.723,4.723
2154,71.8,584.83,459.04,-0.029,9.91,9.91
2155,71.833,584.71,459.12,0.088,12.931,12.931
2156,71.867,584.64,458.97,0.254,14.668,14.67
2157,71.9,584.59,458.36,0.434,15.77,15.776
2158,71.933,584.62,458.48,0.634,17.338,17.35
2159,71.967,584.61,458.45,0.783,19.555,19.57
2160,72.0,584.66,459.61,0.834,21.061,21.077
2161,72.033,584.83,460.77,0.918,23.898,23.915
2162,72.067,584.91,462.11,1.05,28.032,28.052
2163,72.1,584.95,463.98,1.334,30.051,30.08
2164,72.133,585.05,464.87,1.645,31.814,31.857
2165,72.167,585.15,467.26,1.915,33.333,33.388
2166,72.2,585.24,467.95,2.082,34.361,34.424
2167,72.233,585.29,467.8,2.058,35.308,35.368
2168,72.267,585.33,467.54,1.818,34.245,34.294
2169,72.3,585.42,465.13,1.47,32.378,32.412
2170,72.333,585.26,469.22,1.027,28.434,28.452
2171,72.367,585.23,472.81,0.588,22.467,22.474
2172,72.4,585.25,475.79,0.132,15.192,15.193
2173,72.433,585.28,476.48,-0.298,7.573,7.579
2174,72.467,585.33,476.05,-0.691,-0.523,0.867
2175,72.5,585.44,475.34,-0.938,-6.972,7.035
2176,72.533,585.55,472.88,-1.092,-12.659,12.706
2177,72.567,585.62,469.05,-1.283,-17.729,17.776
2178,72.6,585.38,472.18,-1.494,-22.378,22.428
2179,72.633,585.27,472.16,-1.673,-26.976,27.028
2180,72.667,585.1,471.96,-1.854,-31.047,31.102
2181,72.7,584.87,470.86,-2.016,-35.357,35.414
2182,72.733,584.76,467.03,-2.121,-39.1,39.158
2183,72.767,584.76,464.35,-2.016,-40.034,40.085
2184,72.8,584.79,461.73,-1.743,-38.752,38.791
2185,72.833,584.81,461.05,-1.397,-33.769,33.798
2186,72.867,584.75,461.23,-0.919,-28.137,28.152
2187,72.9,584.79,461.41,-0.376,-22.688,22.691
2188,72.933,584.82,461.45,0.151,-18.511,18.512
2189,72.967,584.83,462.69,0.69,-13.734,13.751
2190,73.0,584.67,460.53,1.185,-8.873,8.952
2191,73.033,584.55,459.17,1.569,-4.489,4.756
2192,73.067,584.57,458.27,1.773,-0.07,1.774
2193,73.1,584.71,457.97,1.758,5.14,5.433
2194,73.133,584.84,458.3,1.636,7.712,7.884
2195,73.167,585.07,459.22,1.379,8.287,8.401
2196,73.2,585.33,460.84,1.077,6.743,6.829
2197,73.233,585.57,463.13,0.882,4.908,4.986
2198,73.267,585.48,461.87,0.749,3.507,3.586
2199,73.3,585.36,461.99,0.62,2.484,2.56
2200,73.333,585.24,462.14,0.473,2.25,2.299
2201,73.367,585.18,462.08,0.284,2.242,2.26
2202,73.4,585.13,462.35,0.16,2.382,2.387
2203,73.433,585.16,463.89,-0.03,2.398,2.398
2204,73.467,585.09,462.01,-0.287,2.258,2.277
2205,73.5,585.04,460.63,-0.597,1.172,1.315
2206,73.533,584.97,459.66,-0.913,0.041,0.913
2207,73.567,584.94,459.14,-1.027,1.226,1.599
2208,73.6,584.93,459.5,-1.007,3.719,3.853
2209,73.633,585.03,460.13,-0.97,6.81,6.879
2210,73.667,585.15,461.75,-0.907,9.891,9.932
2211,73.7,585.25,463.97,-0.979,12.18,12.219
2212,73.733,585.14,462.87,-1.222,12.921,12.979
2213,73.767,585.05,463.12,-1.668,11.186,11.31
2214,73.8,584.96,463.5,-2.162,8.731,8.994
2215,73.833,584.86,464.08,-2.496,7.552,7.953
2216,73.867,584.79,464.76,-2.688,6.36,6.905
2217,73.9,584.54,464.79,-2.797,5.085,5.803
2218,73.933,584.45,465.11,-2.825,3.456,4.464
2219,73.967,584.37,465.45,-2.759,0.751,2.859
2220,74.0,584.3,465.79,-2.551,-1.499,2.959
2221,74.033,584.43,468.17,-2.224,-3.199,3.896
2222,74.067,584.21,465.21,-1.768,-4.028,4.399
2223,74.1,583.98,463.18,-1.207,-4.011,4.188
2224,74.133,583.88,461.73,-0.544,-3.286,3.331
2225,74.167,583.74,460.75,0.132,-2.015,2.02
2226,74.2,583.84,460.75,0.754,-0.777,1.083
2227,74.233,583.97,461.68,1.283,-0.196,1.298
2228,74.267,584.17,463.92,1.746,1.059,2.042
2229,74.3,584.45,467.05,2.092,2.479,3.244
2230,74.333,584.4,464.95,2.308,3.949,4.574
2231,74.367,584.41,464.74,2.386,5.13,5.658
2232,74.4,584.51,464.75,2.294,5.931,6.359
2233,74.433,584.66,464.96,2.169,6.588,6.936
2234,74.467,584.72,464.89,1.972,6.883,7.16
2235,74.5,584.76,464.99,1.872,6.691,6.948
2236,74.533,584.81,465.29,1.794,5.934,6.199
2237,74.567,584.86,465.28,1.85,3.249,3.739
2238,74.6,584.92,465.51,2.376,1.211,2.666
2239,74.633,584.91,465.52,2.109,-0.108,2.112
2240,74.667,584.91,465.62,1.439,-0.573,1.549
2241,74.7,584.88,465.62,0.347,-0.034,0.348
2242,74.733,584.79,465.41,-1.306,1.228,1.793
2243,74.767,584.74,465.37,-3.039,2.619,4.012
2244,74.8,584.74,465.32,-4.335,3.209,5.394
2245,74.833,584.75,465.24,-5.28,1.906,5.613
2246,74.867,584.8,465.52,-5.717,1.134,5.828
2247,74.9,584.9,465.66,-5.732,0.437,5.749
2248,74.933,584.98,465.78,-5.424,-0.187,5.428
2249,74.967,585.05,465.96,-4.873,-0.703,4.923
2250,75.0,584.7,466.19,-4.102,-0.906,4.2
2251,75.033,584.38,466.34,-3.174,-0.881,3.294
2252,75.067,583.27,466.46,-2.139,-0.773,2.274
2253,75.1,581.15,466.29,-1.028,-0.461,1.126
2254,75.133,581.65,466.06,0.076,-0.211,0.224
2255,75.167,581.72,465.75,1.093,0.088,1.097
2256,75.2,582.36,465.33,2.011,0.271,2.029
2257,75.233,583.8,464.88,2.804,0.312,2.821
2258,75.267,584.85,464.8,3.525,0.535,3.566
2259,75.3,584.94,464.91,4.196,0.982,4.31
2260,75.333,584.99,465.34,4.755,1.588,5.013
2261,75.367,584.91,465.84,5.169,2.547,5.762
2262,75.4,584.87,466.22,5.328,3.617,6.44
2263,75.433,584.85,466.62,5.099,4.792,6.997
2264,75.467,584.79,466.83,4.408,5.797,7.283
2265,75.5,584.72,466.88,3.164,6.585,7.305
2266,75.533,584.7,466.92,1.523,7.047,7.21
2267,75.567,584.66,466.92,-0.5,7.062,7.08
2268,75.6,584.55,466.83,-2.372,6.468,6.889
2269,75.633,584.47,466.98,-3.091,5.663,6.451
2270,75.667,584.54,467.06,-3.513,4.8,5.948
2271,75.7,584.59,467.4,-3.409,4.069,5.308
2272,75.733,584.7,468.03,-3.003,3.557,4.655
2273,75.767,584.72,468.38,-2.886,3.473,4.515
2274,75.8,584.62,468.51,-3.205,3.635,4.846
2275,75.833,584.45,468.82,-3.444,4.142,5.387
2276,75.867,584.18,468.71,-3.471,4.858,5.971
2277,75.9,583.92,468.53,-3.268,5.568,6.456
2278,75.933,583.68,468.19,-2.88,6.017,6.671
2279,75.967,583.45,468.25,-2.425,6.035,6.504
2280,76.0,583.25,468.25,-2.223,5.252,5.703
2281,76.033,583.13,468.26,-2.5,3.571,4.359
2282,76.067,583.13,468.52,-3.293,1.085,3.468
2283,76.1,583.24,469.27,-4.279,-1.699,4.604
2284,76.133,583.26,469.62,-5.225,-4.424,6.846
2285,76.167,583.12,469.81,-6.016,-6.897,9.152
2286,76.2,583.03,469.75,-6.513,-8.801,10.949
2287,76.233,582.89,469.71,-6.601,-10.118,12.081
2288,76.267,582.88,469.39,-6.504,-11.175,12.93
2289,76.3,583.12,469.17,-6.242,-11.912,13.449
2290,76.333,583.02,468.46,-5.819,-12.341,13.644
2291,76.367,582.51,467.29,-5.221,-12.616,13.654
2292,76.4,581.84,465.92,-4.448,-12.714,13.47
2293,76.433,580.95,464.68,-3.567,-12.539,13.037
2294,76.467,579.97,463.37,-2.406,-11.689,11.934
2295,76.5,579.56,462.91,-0.855,-9.707,9.745
2296,76.533,579.86,463.22,0.501,-8.833,8.847
2297,76.567,580.67,464.08,1.679,-8.219,8.389
2298,76.6,581.29,464.64,2.682,-7.43,7.899
2299,76.633,581.83,465.14,3.493,-6.251,7.161
2300,76.667,582.4,465.44,4.138,-4.436,6.066
2301,76.7,582.64,465.36,4.724,-1.903,5.093
2302,76.733,582.53,464.95,5.358,1.342,5.524
2303,76.767,582.64,464.69,6.11,5.086,7.95
2304,76.8,582.72,464.33,6.452,6.882,9.433
2305,76.833,582.82,464.06,6.381,7.679,9.984
2306,76.867,582.84,463.79,5.874,7.493,9.521
2307,76.9,582.89,463.88,5.098,6.645,8.376
2308,76.933,583.1,464.02,0.085,-2.497,2.498
2309,76.967,582.85,463.59,-3.344,-8.33,8.976
2310,77.0,582.08,461.26,-5.199,-11.268,12.41
2311,77.033,582.41,463.94,-1.812,-4.401,4.759
2312,77.067,582.79,466.02,0.891,0.404,0.978
2313,77.1,583.15,467.59,2.877,3.28,4.363
2314,77.133,583.44,468.13,4.308,4.577,6.286
2315,77.167,583.69,467.84,5.195,4.473,6.855
2316,77.2,583.78,466.45,5.209,2.903,5.964
2317,77.233,583.39,463.86,4.286,0.108,4.288
2318,77.267,582.49,459.81,2.607,-3.6,4.445
2319,77.3,582.24,460.39,0.293,-7.955,7.96
2320,77.333,581.35,458.8,-2.413,-12.475,12.706
2321,77.367,580.34,457.21,-5.203,-16.805,17.592
2322,77.4,579.06,455.21,-7.733,-20.477,21.888
2323,77.433,588.81,474.75,-9.732,-23.285,25.237
2324,77.467,589.17,474.62,-11.041,-24.959,27.292
2325,77.5,589.96,475.26,-11.706,-25.469,28.03
2326,77.533,580.28,455.54,-11.379,-23.52,26.128
2327,77.567,580.23,455.55,-10.615,-21.443,23.926
2328,77.6,579.83,455.2,-9.569,-19.525,21.744
2329,77.633,579.09,454.58,-8.331,-18.07,19.898
2330,77.667,578.12,453.72,-7.037,-17.037,18.433
2331,77.7,577.64,453.35,-5.781,-16.387,17.377
2332,77.733,577.75,453.33,-4.596,-15.743,16.4
2333,77.767,578.4,453.81,-3.303,-14.33,14.706
2334,77.8,579.27,454.56,-1.577,-10.892,11.006
2335,77.833,580.31,455.34,0.367,-7.216,7.226
2336,77.867,581.26,456.2,2.988,-2.062,3.631
2337,77.9,581.97,456.78,6.593,5.104,8.338
2338,77.933,582.23,456.97,11.644,15.019,19.004
2339,77.967,581.79,456.49,11.836,15.178,19.248
2340,78.0,581.69,456.54,10.13,11.946,15.663
2341,78.033,581.53,456.61,5.81,4.237,7.191
2342,78.067,581.48,456.65,4.602,3.338,5.685
2343,78.1,581.49,456.64,3.006,2.076,3.653
2344,78.133,581.45,456.54,1.266,0.613,1.406
2345,78.167,581.51,456.32,-0.262,-0.685,0.734
2346,78.2,581.57,456.15,-1.086,-1.234,1.644
2347,78.233,581.62,456.1,-1.141,-0.88,1.441
2348,78.267,581.7,456.15,-0.541,0.423,0.686
2349,78.3,581.82,456.5,0.47,2.641,2.682
2350,78.333,581.97,456.96,1.681,5.494,5.746
2351,78.367,582.05,457.33,2.761,8.552,8.987
2352,78.4,582.07,457.46,3.527,11.274,11.812
2353,78.433,582.05,457.47,3.895,13.565,14.113
2354,78.467,582.03,457.64,3.962,15.549,16.046
2355,78.5,582.07,458.03,4.037,17.424,17.885
2356,78.533,582.16,458.34,4.036,18.988,19.412
2357,78.567,582.33,458.94,4.04,20.415,20.811
2358,78.6,582.63,459.82,4.05,21.687,22.062
2359,78.633,582.99,461.14,4.03,22.763,23.117
2360,78.667,583.39,462.63,4.052,23.591,23.936
2361,78.7,583.57,463.89,4.078,24.249,24.589
2362,78.733,583.66,464.91,4.048,24.629,24.96
2363,78.767,583.67,465.75,3.973,24.634,24.952
2364,78.8,583.63,465.99,3.827,24.236,24.536
2365,78.833,583.54,465.99,3.64,23.45,23.731
2366,78.867,583.6,466.19,3.41,22.166,22.427
2367,78.9,583.7,466.94,3.156,20.424,20.666
2368,78.933,583.85,467.77,2.889,18.344,18.57
2369,78.967,583.97,468.47,2.66,16.262,16.478
2370,79.0,584.16,469.44,2.499,14.325,14.541
2371,79.033,584.32,470.43,2.443,12.582,12.817
2372,79.067,584.46,470.94,2.453,11.03,11.3
2373,79.1,584.54,471.22,2.545,9.74,10.067
2374,79.133,584.64,471.36,2.625,8.647,9.036
2375,79.167,584.65,471.45,2.608,7.456,7.899
2376,79.2,584.62,471.33,2.411,6.022,6.487
2377,79.233,584.7,471.32,2.088,4.513,4.972
2378,79.267,584.78,471.46,1.676,2.99,3.428
2379,79.3,584.92,471.69,1.221,1.465,1.907
2380,79.333,584.98,471.64,0.734,0.096,0.74
2381,79.367,584.96,471.66,0.236,-0.891,0.922
2382,79.4,584.93,471.7,-0.275,-1.409,1.435
2383,79.433,584.94,471.93,-0.782,-1.764,1.929
2384,79.467,584.93,471.91,-1.237,-1.894,2.262
2385,79.5,584.91,471.7,-1.893,-1.848,2.645
2386,79.533,584.82,471.35,-3.022,-1.718,3.477
2387,79.567,584.8,471.37,-4.654,-1.569,4.911
2388,79.6,584.68,471.28,-5.87,-1.201,5.992
2389,79.633,584.56,471.24,-6.51,-0.548,6.533
2390,79.667,584.45,471.47,-6.556,0.531,6.578
2391,79.7,584.34,471.79,-5.324,2.02,5.694
2392,79.733,584.21,471.81,-3.202,3.95,5.085
2393,79.767,584.04,471.7,-0.003,6.061,6.061
2394,79.8,583.83,471.53,3.829,8.183,9.034
2395,79.833,583.69,471.66,7.817,10.185,12.839
2396,79.867,583.66,471.91,11.86,11.992,16.866
2397,79.9,583.65,472.16,15.628,13.484,20.641
2398,79.933,583.64,472.8,18.909,14.659,23.926
2399,79.967,583.53,473.37,21.773,15.287,26.603
2400,80.0,584.16,474.28,24.049,15.387,28.55
2401,80.033,585.86,475.18,25.586,15.069,29.694
2402,80.067,588.59,476.03,26.557,14.353,30.187
2403,80.1,590.12,476.76,26.456,12.635,29.318
2404,80.133,591.66,477.43,26.099,11.974,28.715
2405,80.167,593.38,477.75,25.348,11.724,27.928
2406,80.2,593.57,477.84,23.656,11.277,26.206
2407,80.233,594.2,477.75,20.258,10.177,22.671
2408,80.267,593.73,477.86,16.708,8.54,18.764
2409,80.3,593.41,477.92,11.668,6.502,13.357
2410,80.333,593.38,477.83,5.461,4.143,6.855
2411,80.367,593.08,477.92,-1.341,1.733,2.191
2412,80.4,593.1,478.08,-8.005,1.517,8.147
2413,80.433,593.31,478.08,-14.186,2.382,14.384
2414,80.467,593.04,478.21,-19.764,3.921,20.149
2415,80.5,592.79,478.48,-23.735,5.933,24.465
2416,80.533,592.59,478.81,-25.809,8.056,27.037
2417,80.567,591.79,479.56,-26.759,9.956,28.552
2418,80.6,591.83,482.04,-27.436,11.414,29.716
2419,80.633,589.87,480.33,-27.499,12.421,30.174
2420,80.667,587.43,479.2,-27.104,12.914,30.024
2421,80.7,585.58,478.72,-26.621,12.92,29.59
2422,80.733,585.61,479.12,-25.511,12.619,28.461
2423,80.767,582.4,479.97,-24.12,12.162,27.013
2424,80.8,582.21,481.41,-22.083,11.52,24.907
2425,80.833,582.51,483.84,-19.458,10.652,22.183
2426,80.867,582.8,486.72,-16.561,9.674,19.179
2427,80.9,582.47,484.71,-13.544,8.519,16.0
2428,80.933,582.29,484.21,-10.597,7.074,12.742
2429,80.967,583.01,483.76,-7.379,5.537,9.226
2430,81.0,582.88,483.43,-3.762,4.014,5.501
2431,81.033,581.96,483.1,-0.124,2.558,2.561
2432,81.067,581.65,483.09,2.579,1.246,2.864
2433,81.1,581.74,483.33,4.489,-0.208,4.494
2434,81.133,581.85,483.47,4.981,-2.943,5.785
2435,81.167,581.94,483.54,4.865,-5.077,7.031
2436,81.2,582.02,483.73,4.648,-6.406,7.915
2437,81.233,582.05,483.72,4.415,-6.779,8.09
2438,81.267,582.07,483.56,3.382,-6.403,7.241
2439,81.3,582.19,483.21,3.355,-5.387,6.347
2440,81.333,582.3,482.91,2.735,-4.132,4.956
2441,81.367,582.68,482.56,2.516,-3.461,4.279
2442,81.4,583.69,482.23,2.688,-4.255,5.033
2443,81.433,584.9,482.2,2.881,-4.389,5.25
2444,81.467,584.78,482.18,2.97,-4.402,5.311
2445,81.5,583.92,482.06,2.46,-4.276,4.933
2446,81.533,582.78,481.86,1.656,-4.066,4.39
2447,81.567,582.8,481.52,1.045,-3.737,3.88
2448,81.6,582.72,481.31,0.498,-3.426,3.462
2449,81.633,582.64,481.17,-0.071,-3.201,3.202
2450,81.667,582.69,481.27,-0.652,-3.042,3.111
2451,81.7,582.78,481.44,-1.203,-2.874,3.116
2452,81.733,582.86,481.49,-1.672,-2.846,3.301
2453,81.767,582.94,481.57,-2.063,-2.83,3.502
2454,81.8,583.12,481.52,-2.338,-2.791,3.641
2455,81.833,584.95,481.45,-2.289,-2.629,3.486
2456,81.867,584.38,481.25,-1.724,-2.293,2.869
2457,81.9,583.11,481.03,-0.916,-1.72,1.949
2458,81.933,582.82,480.71,-0.528,-1.0,1.131
2459,81.967,582.71,480.46,-0.857,-0.379,0.937
2460,82.0,582.58,480.22,-1.415,0.054,1.416
2461,82.033,582.48,480.15,-1.745,0.295,1.77
2462,82.067,582.41,480.2,-1.649,0.393,1.695
2463,82.1,582.4,480.44,-1.535,0.488,1.611
2464,82.133,582.37,480.66,-1.322,0.699,1.496
2465,82.167,582.36,480.92,-0.971,1.004,1.397
2466,82.2,582.4,481.09,-0.528,1.209,1.32
2467,82.233,582.43,481.36,0.031,1.274,1.274
2468,82.267,582.69,481.46,0.704,1.226,1.414
2469,82.3,583.17,481.55,1.458,1.092,1.822
2470,82.333,583.28,481.58,2.462,0.923,2.63
2471,82.367,582.94,481.41,2.755,0.699,2.843
2472,82.4,582.69,481.05,2.981,0.438,3.013
2473,82.433,582.89,480.77,3.201,0.165,3.206
2474,82.467,582.95,480.64,2.827,-0.054,2.827
2475,82.5,582.91,480.63,1.786,-0.15,1.793
2476,82.533,582.71,480.72,0.135,-0.098,0.166
2477,82.567,582.76,480.9,-1.839,0.117,1.843
2478,82.6,582.84,481.1,-3.683,0.399,3.705
2479,82.633,582.9,481.06,-5.686,0.63,5.721
2480,82.667,582.96,481.04,-7.617,0.827,7.662
2481,82.7,583.06,481.21,-9.113,0.997,9.167
2482,82.733,583.04,481.37,-10.303,1.107,10.362
2483,82.767,583.0,481.54,-11.156,1.081,11.209
2484,82.8,582.94,481.57,-11.511,0.946,11.549
2485,82.833,582.15,481.5,-11.799,0.64,11.817
2486,82.867,580.64,481.4,-11.906,0.146,11.907
2487,82.9,579.13,481.34,-11.747,-0.426,11.755
2488,82.933,578.19,481.28,-11.481,-0.881,11.515
2489,82.967,577.88,481.26,-10.76,-1.175,10.824
2490,83.0,577.9,481.16,-9.619,-1.22,9.696
2491,83.033,578.33,481.11,-8.022,-1.015,8.086
2492,83.067,578.64,480.98,-6.013,-0.698,6.053
2493,83.1,578.25,480.98,-3.755,-0.263,3.764
2494,83.133,578.66,481.09,-1.312,0.201,1.328
2495,83.167,579.01,481.18,1.016,0.709,1.239
2496,83.2,578.76,481.13,3.126,1.236,3.362
2497,83.233,578.83,481.17,4.92,1.622,5.18
2498,83.267,579.01,481.16,6.161,1.99,6.475
2499,83.3,578.56,481.15,6.513,2.172,6.866
2500,83.333,578.56,481.23,6.083,2.187,6.465
2501,83.367,578.54,481.4,5.276,2.197,5.715
2502,83.4,578.94,481.62,4.433,2.164,4.933
2503,83.433,580.04,481.8,3.323,2.048,3.903
2504,83.467,580.17,482.02,1.749,1.756,2.478
2505,83.5,580.3,482.05,0.808,1.241,1.48
2506,83.533,580.27,481.95,0.375,0.139,0.4
2507,83.567,580.35,482.01,0.351,-0.114,0.369
2508,83.6,580.32,481.87,0.753,1.701,1.86
2509,83.633,580.06,481.72,1.47,3.858,4.128
2510,83.667,580.08,481.68,2.337,5.212,5.712
2511,83.7,580.0,481.69,3.367,4.967,6.001
2512,83.733,579.68,481.88,4.138,2.819,5.007
2513,83.767,579.53,481.71,4.068,-1.244,4.254
2514,83.8,579.89,481.76,3.514,-6.795,7.65
2515,83.833,579.83,481.87,3.045,-11.299,11.702
2516,83.867,579.41,481.69,2.846,-13.524,13.821
2517,83.9,579.17,481.57,3.569,-14.628,15.057
2518,83.933,580.28,481.5,4.732,-14.71,15.452
2519,83.967,582.66,481.69,5.81,-13.991,15.15
2520,84.0,582.95,482.12,6.925,-12.685,14.452
2521,84.033,583.22,483.96,8.084,-10.892,13.564
2522,84.067,583.05,482.82,9.742,-8.616,13.005
2523,84.1,582.43,477.64,10.73,-6.123,12.354
2524,84.133,582.52,474.13,11.287,-3.315,11.764
2525,84.167,582.0,472.13,11.143,-0.296,11.147
2526,84.2,580.88,471.99,10.672,2.761,11.024
2527,84.233,581.01,473.76,10.407,5.64,11.836
2528,84.267,582.59,477.39,10.734,8.086,13.439
2529,84.3,583.97,482.63,11.316,10.22,15.248
2530,84.333,585.45,484.08,12.317,11.957,17.166
2531,84.367,586.68,482.48,13.014,13.093,18.461
2532,84.4,586.61,482.5,13.725,13.785,19.453
2533,84.433,586.84,482.3,14.494,13.894,20.078
2534,84.467,586.94,482.2,14.6,13.427,19.835
2535,84.5,587.27,482.12,13.355,12.186,18.079
2536,84.533,587.3,482.12,11.14,9.855,14.873
2537,84.567,585.94,482.0,8.125,5.347,9.727
2538,84.6,586.57,482.04,4.881,-0.319,4.891
2539,84.633,586.91,481.82,1.141,-4.57,4.71
2540,84.667,588.47,481.58,-2.293,-7.007,7.373
2541,84.7,589.47,481.35,-5.28,-7.398,9.089
2542,84.733,589.52,481.32,-7.284,-5.932,9.394
2543,84.767,588.74,481.47,-8.813,-3.4,9.446
2544,84.8,588.25,481.61,-10.53,-0.826,10.563
2545,84.833,586.3,481.62,-11.99,0.177,11.991
2546,84.867,585.83,481.8,-13.395,0.517,13.405
2547,84.9,585.23,481.8,-14.847,1.642,14.938
2548,84.933,584.68,481.96,-15.755,2.952,16.03
2549,84.967,584.38,481.95,-16.212,4.498,16.824
2550,85.0,583.55,481.84,-16.208,6.073,17.308
2551,85.033,583.51,481.74,-15.844,7.442,17.504
2552,85.067,583.3,481.64,-15.003,8.591,17.288
2553,85.1,582.4,481.9,-12.868,9.485,15.986
2554,85.133,583.11,482.35,-10.202,10.014,14.296
2555,85.167,581.89,482.87,-7.217,10.231,12.52
2556,85.2,581.15,483.47,-4.802,10.148,11.227
2557,85.233,580.64,484.01,-3.024,9.723,10.183
2558,85.267,580.88,484.81,-1.627,8.935,9.082
2559,85.3,581.62,485.27,-0.619,7.663,7.688
2560,85.333,581.61,485.54,-0.697,6.04,6.08
2561,85.367,581.62,485.89,-0.626,4.386,4.431
2562,85.4,581.7,486.04,-0.875,2.931,3.059
2563,85.433,581.72,485.93,-1.119,1.141,1.598
2564,85.467,581.7,485.59,-1.068,1.002,1.464
2565,85.5,581.82,485.31,-0.668,1.609,1.742
2566,85.533,581.86,485.31,-0.183,2.342,2.349
2567,85.567,581.82,485.09,0.078,2.733,2.734
2568,85.6,581.73,484.92,0.129,2.634,2.637
2569,85.633,581.3,484.68,0.312,1.899,1.925
2570,85.667,581.21,484.52,-0.673,0.537,0.861
2571,85.7,581.16,484.42,-1.739,-1.475,2.28
2572,85.733,580.82,484.64,-2.422,-1.871,3.06
2573,85.767,580.02,485.01,-2.882,-2.102,3.567
2574,85.8,579.63,485.78,-3.388,-2.401,4.153
2575,85.833,580.58,486.67,-4.823,-2.596,5.478
2576,85.867,581.08,487.36,-6.439,-2.471,6.897
2577,85.9,581.69,487.48,-7.046,-2.123,7.359
2578,85.933,581.94,489.26,-6.862,-1.54,7.033
2579,85.967,581.49,486.25,-6.729,-0.523,6.75
2580,86.0,580.23,484.03,-7.134,1.219,7.237
2581,86.033,579.78,482.6,-7.97,3.295,8.624
2582,86.067,579.1,482.14,-9.263,5.687,10.87
2583,86.1,578.23,482.52,-10.441,8.278,13.324
2584,86.133,577.24,483.67,-11.718,10.863,15.979
2585,86.167,577.38,485.58,-12.739,12.977,18.185
2586,86.2,577.49,488.66,-14.258,14.301,20.194
2587,86.233,576.68,486.91,-16.212,14.987,22.078
2588,86.267,576.24,487.73,-18.69,14.236,23.494
2589,86.3,575.78,488.83,-20.176,12.604,23.79
2590,86.333,576.92,489.93,-20.121,10.827,22.849
2591,86.367,577.71,490.76,-19.66,10.917,22.488
2592,86.4,575.79,491.57,-19.07,12.472,22.786
2593,86.433,573.3,492.36,-18.393,15.476,24.038
2594,86.467,571.98,492.8,-17.909,17.609,25.116
2595,86.5,571.73,492.49,-17.352,21.412,27.56
2596,86.533,571.33,492.66,-16.213,27.166,31.636
2597,86.567,571.26,492.22,-14.694,34.903,37.87
2598,86.6,570.06,491.78,-12.642,44.155,45.929
2599,86.633,569.21,491.44,-6.908,56.622,57.042
2600,86.667,567.92,492.22,-2.711,67.477,67.532
2601,86.7,568.14,494.29,0.075,76.006,76.006
2602,86.733,568.81,497.03,1.476,81.503,81.516
2603,86.767,570.99,502.86,1.995,85.8,85.823
2604,86.8,571.48,509.58,2.205,88.49,88.518
2605,86.833,570.61,516.12,1.569,89.883,89.896
2606,86.867,570.36,518.4,-1.02,89.12,89.126
2607,86.9,570.74,520.56,-5.036,86.238,86.385
2608,86.933,570.7,522.07,-8.58,81.256,81.708
2609,86.967,571.18,525.61,-10.841,74.499,75.283
2610,87.0,571.68,528.42,-11.787,66.201,67.242
2611,87.033,572.11,530.5,-11.897,57.11,58.336
2612,87.067,572.25,531.84,-11.062,56.198,57.276
2613,87.1,572.11,532.82,-9.562,50.633,51.528
2614,87.133,563.32,527.09,-7.171,42.049,42.656
2615,87.167,564.21,528.68,-3.358,32.524,32.697
2616,87.2,564.47,530.69,1.824,22.728,22.801
2617,87.233,564.95,532.03,7.617,13.71,15.684
2618,87.267,565.87,534.33,12.732,5.652,13.93
2619,87.3,565.68,535.59,16.282,-2.397,16.458
2620,87.333,567.07,535.32,18.642,-11.026,21.659
2621,87.367,569.84,536.22,20.603,-20.487,29.055
2622,87.4,572.09,537.24,22.053,-28.805,36.278
2623,87.433,573.43,538.35,22.53,-35.793,42.293
2624,87.467,574.56,538.92,21.835,-41.177,46.608
2625,87.5,575.13,539.6,19.844,-45.721,49.842
2626,87.533,575.63,540.14,16.236,-49.56,52.152
2627,87.567,575.7,516.48,11.58,-52.35,53.615
2628,87.6,575.52,517.0,4.73,-54.211,54.417
2629,87.633,575.77,517.64,-3.184,-54.775,54.867
2630,87.667,574.34,517.24,-6.872,-50.165,50.633
2631,87.7,573.11,517.48,-9.622,-43.368,44.423
2632,87.733,571.5,516.77,-11.904,-34.653,36.641
2633,87.767,571.69,517.06,-13.222,-24.038,27.434
2634,87.8,571.6,517.47,-13.712,-12.406,18.492
2635,87.833,571.7,518.07,-12.683,-0.04,12.683
2636,87.867,571.45,518.51,-10.821,13.117,17.004
2637,87.9,570.89,518.7,-9.074,25.999,27.537
2638,87.933,570.41,519.11,-8.224,37.478,38.37
2639,87.967,570.7,520.31,-7.262,46.56,47.123
2640,88.0,570.74,521.35,-5.69,52.598,52.905
2641,88.033,571.35,523.04,-3.393,54.45,54.556
2642,88.067,570.43,524.49,-0.686,51.002,51.007
2643,88.1,572.19,526.87,2.428,55.665,55.718
2644,88.133,572.07,528.84,5.684,59.531,59.802
2645,88.167,571.57,530.96,8.57,62.223,62.81
2646,88.2,570.35,533.75,11.793,64.23,65.304
2647,88.233,570.99,536.27,15.461,65.279,67.085
2648,88.267,570.99,538.72,20.089,66.734,69.692
2649,88.3,571.15,540.77,24.768,66.07,70.56
2650,88.333,571.51,542.74,28.916,64.529,70.711
2651,88.367,572.27,544.86,31.621,62.744,70.262
2652,88.4,573.48,546.66,32.583,61.262,69.388
2653,88.433,576.86,548.88,32.303,60.854,68.896
2654,88.467,579.25,551.07,31.022,61.902,69.24
2655,88.5,580.49,552.97,28.541,64.148,70.211
2656,88.533,581.34,554.84,25.146,67.882,72.39
2657,88.567,582.19,556.75,20.773,70.752,73.739
2658,88.6,582.7,558.84,16.328,74.432,76.202
2659,88.633,583.35,560.91,10.504,78.29,78.991
2660,88.667,583.93,563.35,4.154,82.083,82.188
2661,88.7,584.24,565.82,-1.919,85.693,85.715
2662,88.733,583.95,568.49,-6.933,88.522,88.793
2663,88.767,582.6,569.22,-11.424,90.369,91.088
2664,88.8,580.43,575.18,-14.576,91.255,92.411
2665,88.833,578.56,580.03,-16.374,91.571,93.023
2666,88.867,577.79,584.32,-16.491,91.434,92.91
2667,88.9,578.06,588.3,-14.776,90.733,91.929
2668,88.933,578.11,591.36,-11.43,89.486,90.213
2669,88.967,578.12,593.52,-7.669,87.521,87.856
2670,89.0,578.21,595.08,-3.801,84.954,85.039
2671,89.033,578.3,595.4,0.149,81.762,81.762
2672,89.067,578.18,600.1,3.781,78.042,78.133
2673,89.1,578.16,601.89,6.668,73.99,74.289
2674,89.133,578.57,603.58,8.647,69.537,70.073
2675,89.167,579.37,605.73,9.423,64.929,65.61
2676,89.2,579.67,607.76,9.024,60.301,60.973
2677,89.233,580.11,610.03,7.552,56.001,56.508
2678,89.267,580.75,612.71,5.096,52.355,52.602
2679,89.3,580.85,615.28,2.276,50.705,50.756
2680,89.333,581.4,617.23,-0.512,48.61,48.612
2681,89.367,581.66,618.74,-3.072,46.23,46.332
2682,89.4,581.45,619.98,-5.628,43.416,43.779
2683,89.433,581.09,621.26,-8.062,40.094,40.896
2684,89.467,580.06,622.34,-10.259,36.434,37.851
2685,89.5,578.99,622.89,-12.14,32.752,34.929
2686,89.533,577.87,623.64,-13.565,29.455,32.428
2687,89.567,577.17,624.35,-14.117,27.401,30.824
2688,89.6,576.84,624.86,-13.671,24.335,27.912
2689,89.633,576.87,625.75,-12.62,21.483,24.915
2690,89.667,577.18,626.77,-10.887,19.092,21.978
2691,89.7,577.19,627.81,-8.992,17.146,19.36
2692,89.733,576.73,628.68,-6.949,15.674,17.145
2693,89.767,576.24,629.12,-4.558,14.448,15.15
2694,89.8,575.45,629.6,-2.134,13.142,13.314
2695,89.833,575.25,630.17,0.251,11.59,11.593
2696,89.867,575.53,630.5,2.855,9.79,10.197
2697,89.9,576.36,630.9,5.179,7.94,9.48
2698,89.933,576.51,630.98,7.214,6.066,9.425
2699,89.967,576.88,630.96,8.871,4.17,9.802
2700,90.0,577.5,630.89,10.158,2.284,10.412
2701,90.033,578.12,630.67,10.73,0.666,10.751
2702,90.067,577.97,630.51,11.749,-0.602,11.765
2703,90.1,577.7,630.76,12.922,-1.365,12.994
2704,90.133,578.31,630.96,14.294,-1.601,14.383
2705,90.167,578.41,631.07,15.527,-1.459,15.596
2706,90.2,579.05,630.88,15.99,-1.216,16.036
2707,90.233,580.21,630.67,15.935,-0.849,15.958
2708,90.267,580.77,630.61,15.563,-0.511,15.571
2709,90.3,581.47,630.54,14.772,-0.122,14.773
2710,90.333,582.66,630.43,13.956,0.401,13.961
2711,90.367,582.34,630.56,12.641,0.887,12.672
2712,90.4,582.48,630.55,10.809,1.277,10.885
2713,90.433,582.5,630.7,8.315,1.408,8.433
2714,90.467,582.39,630.76,5.644,1.228,5.776
2715,90.5,582.78,630.92,2.571,0.843,2.706
2716,90.533,584.5,631.19,-0.562,0.254,0.617
2717,90.567,584.27,631.27,-3.904,-0.407,3.925
2718,90.6,584.24,631.05,-6.761,-1.078,6.847
2719,90.633,583.56,630.97,-8.967,-1.91,9.168
2720,90.667,582.74,630.79,-10.736,-2.904,11.121
2721,90.7,582.56,630.89,-11.742,-4.031,12.415
2722,90.733,581.81,630.66,-12.346,-5.078,13.349
2723,90.767,580.86,630.58,-12.477,-5.932,13.815
2724,90.8,580.16,630.57,-12.077,-6.56,13.744
2725,90.833,579.2,630.17,-11.524,-6.89,13.426
2726,90.867,579.09,629.69,-11.166,-6.973,13.165
2727,90.9,579.02,629.25,-9.979,-6.888,12.126
2728,90.933,578.93,628.8,-8.628,-6.658,10.898
2729,90.967,578.7,628.65,-6.855,-6.287,9.302
2730,91.0,579.13,628.39,-4.979,-5.742,7.6
2731,91.033,578.88,628.25,-3.318,-5.146,6.122
2732,91.067,579.04,628.14,-2.852,-4.692,5.491
2733,91.1,578.76,628.03,-2.785,-4.472,5.268
2734,91.133,578.73,627.94,-3.129,-4.487,5.471
2735,91.167,578.56,627.88,-3.678,-5.008,6.213
2736,91.2,578.39,627.86,-4.36,-6.104,7.501
2737,91.233,578.72,627.79,-5.498,-8.005,9.711
2738,91.267,578.21,627.64,-6.682,-10.347,12.317
2739,91.3,577.78,627.33,-7.579,-12.847,14.916
2740,91.333,577.86,626.83,-8.084,-15.367,17.364
2741,91.367,577.87,626.47,-7.86,-17.616,19.29
2742,91.4,576.85,625.95,-7.018,-19.421,20.651
2743,91.433,576.61,625.54,-5.632,-20.757,21.507
2744,91.467,575.72,624.85,-4.182,-21.558,21.96
2745,91.5,575.54,623.94,-2.839,-21.786,21.97
2746,91.533,575.51,622.85,-2.163,-21.083,21.194
2747,91.567,575.78,621.65,-1.602,-19.349,19.415
2748,91.6,575.93,620.43,-1.342,-16.618,16.672
2749,91.633,575.78,619.32,-1.003,-13.094,13.133
2750,91.667,575.79,618.66,-0.719,-8.999,9.028
2751,91.7,576.01,618.5,-0.565,-4.648,4.682
2752,91.733,576.5,618.99,-0.373,-0.335,0.501
2753,91.767,576.92,619.65,-0.38,3.817,3.836
2754,91.8,577.2,620.06,-0.312,7.559,7.565
2755,91.833,577.3,620.37,-0.268,10.763,10.766
2756,91.867,577.19,620.72,-0.577,13.359,13.372
2757,91.9,576.39,621.14,-1.264,15.145,15.197
2758,91.933,575.17,621.87,-1.734,16.167,16.26
2759,91.967,574.61,622.96,-2.205,16.262,16.411
2760,92.0,574.55,624.14,-2.224,15.523,15.681
2761,92.033,575.13,624.85,-1.99,14.168,14.307
2762,92.067,575.4,625.16,-1.59,12.509,12.609
2763,92.1,575.76,625.14,-1.161,10.832,10.894
2764,92.133,575.78,625.09,-0.628,9.129,9.15
2765,92.167,575.82,624.99,0.162,7.714,7.716
2766,92.2,576.17,625.04,1.2,6.705,6.812
2767,92.233,576.2,625.23,2.3,6.29,6.698
2768,92.267,575.97,625.24,3.131,6.277,7.015
2769,92.3,575.76,625.41,3.517,6.838,7.689
2770,92.333,575.71,625.63,3.306,8.144,8.789
2771,92.367,575.85,625.97,2.436,10.335,10.619
2772,92.4,576.0,626.47,1.069,13.051,13.095
2773,92.433,576.13,626.89,-0.369,16.356,16.36
2774,92.467,576.22,627.47,-1.272,19.703,19.744
2775,92.5,576.25,628.15,-1.661,22.433,22.495
2776,92.533,576.25,628.79,-1.6,24.012,24.066
2777,92.567,576.37,629.23,-1.334,24.233,24.27
2778,92.6,576.49,629.52,-0.766,22.691,22.704
2779,92.633,576.47,630.47,-0.002,19.411,19.411
2780,92.667,576.38,631.51,1.069,14.396,14.435
2781,92.7,576.07,632.73,2.324,8.113,8.44
2782,92.733,575.74,633.65,3.561,0.832,3.657
2783,92.767,575.54,634.56,4.89,-7.393,8.863
2784,92.8,575.49,634.8,6.267,-15.552,16.767
2785,92.833,575.71,634.47,7.671,-23.266,24.498
2786,92.867,576.27,633.31,9.028,-30.146,31.468
2787,92.9,576.83,632.18,10.237,-35.947,37.376
2788,92.933,577.58,630.03,11.166,-40.528,42.038
2789,92.967,578.15,627.66,11.74,-43.615,45.167
2790,93.0,578.73,625.18,11.95,-45.075,46.633
2791,93.033,579.3,622.61,11.87,-45.134,46.669
2792,93.067,579.73,619.98,11.515,-43.677,45.169
2793,93.1,580.08,618.21,10.83,-40.734,42.149
2794,93.133,580.35,616.97,9.893,-36.257,37.583
2795,93.167,580.49,616.49,8.586,-30.635,31.815
2796,93.2,580.73,616.05,7.068,-24.411,25.414
2797,93.233,580.85,615.93,5.484,-18.09,18.903
2798,93.267,580.73,616.78,3.964,-11.975,12.614
2799,93.3,580.8,616.89,2.698,-6.679,7.203
2800,93.333,580.87,616.98,1.636,-2.245,2.778
2801,93.367,580.91,616.97,0.699,1.137,1.335
2802,93.4,580.85,616.97,-0.104,3.42,3.422
2803,93.433,580.9,617.02,-0.936,4.632,4.725
2804,93.467,581.04,616.95,-1.494,4.728,4.958
2805,93.5,581.22,616.61,-1.556,3.731,4.043
2806,93.533,581.27,616.69,-0.979,1.754,2.009
2807,93.567,581.3,616.52,0.302,-0.928,0.976
2808,93.6,581.29,616.52,1.917,-3.408,3.91
2809,93.633,580.99,616.47,3.6,-5.483,6.559
2810,93.667,581.03,616.16,5.03,-6.852,8.5
2811,93.7,580.91,616.19,5.94,-7.351,9.451
2812,93.733,580.87,616.26,6.247,-6.902,9.309
2813,93.767,580.94,616.21,6.003,-5.733,8.301
2814,93.8,580.84,616.35,5.392,-4.494,7.019
2815,93.833,581.07,616.06,4.441,-2.922,5.316
2816,93.867,581.63,615.63,3.151,-0.91,3.28
2817,93.9,582.18,615.33,1.573,1.612,2.252
2818,93.933,583.44,614.2,-0.257,4.559,4.567
2819,93.967,584.12,613.76,-2.129,7.455,7.753
2820,94.0,584.42,613.77,-4.033,10.262,11.026
2821,94.033,584.06,614.44,-5.897,12.947,14.227
2822,94.067,582.86,615.93,-7.632,15.206,17.014
2823,94.1,581.75,617.11,-9.097,17.268,19.518
2824,94.133,580.63,618.33,-10.274,18.971,21.575
2825,94.167,579.8,619.39,-10.964,20.229,23.009
2826,94.2,579.49,619.83,-11.344,21.106,23.961
2827,94.233,579.25,620.2,-11.13,21.14,23.891
2828,94.267,579.09,620.84,-10.399,20.513,22.998
2829,94.3,578.93,621.74,-9.154,19.243,21.31
2830,94.333,578.69,622.64,-7.304,17.254,18.736
2831,94.367,578.57,623.15,-4.989,14.94,15.751
2832,94.4,578.56,623.26,-2.584,12.483,12.747
2833,94.433,578.89,623.02,-0.219,9.96,9.963
2834,94.467,578.98,623.29,1.464,8.034,8.167
2835,94.5,579.13,623.46,2.364,6.954,7.345
2836,94.533,579.22,623.82,2.416,6.767,7.185
2837,94.567,579.35,624.33,1.815,7.208,7.433
2838,94.6,579.28,624.41,1.01,7.594,7.661
2839,94.633,579.25,624.42,0.125,8.013,8.014
2840,94.667,579.23,624.41,-0.549,7.97,7.989
2841,94.7,579.41,624.37,-0.904,7.364,7.42
2842,94.733,579.24,625.03,-1.135,6.628,6.724
2843,94.767,579.19,625.36,-1.27,5.901,6.036
2844,94.8,579.05,625.8,-1.32,5.402,5.561
2845,94.833,578.88,626.32,-1.282,4.254,4.443
2846,94.867,578.6,626.55,-1.034,1.663,1.959
2847,94.9,578.54,626.79,-0.748,-0.789,1.087
2848,94.933,578.43,627.06,-0.377,-2.427,2.456
2849,94.967,578.41,627.37,-0.161,-2.497,2.502
2850,95.0,578.52,627.13,0.099,-1.104,1.108
2851,95.033,578.68,626.57,0.457,1.587,1.651
2852,95.067,578.86,625.9,0.85,5.126,5.196
2853,95.1,579.08,625.54,1.307,7.728,7.838
2854,95.133,579.37,624.87,1.946,8.714,8.929
2855,95.167,579.47,624.93,2.549,9.022,9.375
2856,95.2,579.38,625.32,3.132,8.699,9.246
2857,95.233,579.34,625.55,3.59,7.672,8.471
2858,95.267,579.32,625.8,4.141,5.602,6.966
2859,95.3,579.3,625.3,4.623,3.036,5.531
2860,95.333,579.31,626.43,4.98,0.08,4.981
2861,95.367,579.21,630.13,5.066,-3.198,5.991
2862,95.4,579.51,631.75,5.359,-6.487,8.415
2863,95.433,579.77,632.47,6.14,-10.755,12.384
2864,95.467,580.28,631.61,7.24,-15.556,17.159
2865,95.5,580.68,629.49,8.356,-20.572,22.204
2866,95.533,580.89,626.35,9.039,-25.234,26.804
2867,95.567,581.21,622.24,8.867,-28.993,30.319
2868,95.6,581.36,620.58,7.515,-31.287,32.177
2869,95.633,581.28,620.95,4.716,-31.871,32.218
2870,95.667,581.53,619.85,0.979,-30.5,30.516
2871,95.7,581.72,618.83,-3.228,-28.47,28.652
2872,95.733,581.8,618.37,-7.79,-25.53,26.692
2873,95.767,581.56,618.39,-12.49,-21.779,25.106
2874,95.8,581.38,617.92,-16.823,-17.664,24.393
2875,95.833,581.3,617.27,-21.034,-13.039,24.748
2876,95.867,581.64,616.36,-25.158,-9.012,26.723
2877,95.9,581.11,614.92,-28.812,-7.568,29.789
2878,95.933,579.31,615.86,-31.736,-8.273,32.796
2879,95.967,577.15,616.62,-33.632,-10.958,35.372
2880,96.0,574.8,617.18,-33.975,-15.756,37.451
2881,96.033,572.69,617.55,-32.753,-21.761,39.323
2882,96.067,571.11,617.51,-29.253,-27.727,40.305
2883,96.1,570.32,616.62,-24.117,-32.111,40.159
2884,96.133,570.64,614.67,-17.364,-35.466,39.489
2885,96.167,570.46,611.95,-10.297,-38.436,39.791
2886,96.2,569.9,610.98,-3.892,-40.078,40.266
2887,96.233,569.75,608.84,1.161,-40.427,40.444
2888,96.267,569.72,606.39,5.065,-40.338,40.655
2889,96.3,569.04,604.32,7.67,-39.78,40.513
2890,96.333,569.37,602.57,9.61,-38.309,39.496
2891,96.367,570.65,601.45,11.049,-35.546,37.223
2892,96.4,572.36,600.94,11.739,-31.289,33.419
2893,96.433,574.14,600.28,11.128,-25.049,27.41
2894,96.467,576.08,599.17,9.764,-17.917,20.404
2895,96.5,576.92,599.7,7.94,-10.315,13.017
2896,96.533,577.59,600.46,5.775,-2.49,6.289
2897,96.567,576.11,601.02,4.211,5.156,6.657
2898,96.6,574.51,601.15,3.054,12.226,12.602
2899,96.633,571.48,601.54,1.735,18.569,18.65
2900,96.667,570.07,601.67,0.416,24.152,24.156
2901,96.7,569.81,601.27,-0.232,29.319,29.32
2902,96.733,571.03,601.12,-0.608,32.974,32.98
2903,96.767,572.15,602.78,-1.117,35.259,35.277
2904,96.8,574.26,604.53,-1.883,36.41,36.459
2905,96.833,575.2,606.3,-2.024,36.376,36.432
2906,96.867,575.22,607.82,-1.961,35.1,35.155
2907,96.9,574.19,609.49,-2.0,32.624,32.685
2908,96.933,574.15,611.12,-1.686,28.997,29.046
2909,96.967,573.99,612.46,-1.061,24.822,24.845
2910,97.0,573.87,613.86,-1.074,20.761,20.789
2911,97.033,574.47,614.74,-1.743,16.417,16.509
2912,97.067,573.59,615.13,-3.361,11.857,12.324
2913,97.1,573.08,615.1,-5.022,7.408,8.949
2914,97.133,573.68,614.64,-6.054,3.359,6.924
2915,97.167,573.11,614.23,-5.226,-0.018,5.226
2916,97.2,571.12,613.36,-3.623,-2.593,4.455
2917,97.233,570.14,612.4,-1.657,-3.813,4.157
2918,97.267,569.97,611.81,-0.183,-3.578,3.583
2919,97.3,570.63,611.26,1.022,-2.748,2.932
2920,97.333,571.06,611.0,1.077,-1.462,1.816
2921,97.367,572.37,611.39,0.17,0.173,0.242
2922,97.4,574.12,612.07,-0.957,2.054,2.266
2923,97.433,574.39,612.95,-1.863,3.989,4.402
2924,97.467,573.65,613.54,-3.21,5.655,6.503
2925,97.5,573.43,614.19,-4.145,7.124,8.242
2926,97.533,573.3,614.81,-5.363,8.038,9.663
2927,97.567,573.15,615.35,-7.133,8.496,11.093
2928,97.6,573.0,615.54,-8.397,8.687,12.082
2929,97.633,571.73,615.82,-9.541,8.525,12.795
2930,97.667,569.59,615.47,-11.049,8.026,13.657
2931,97.7,568.83,615.26,-12.253,6.97,14.097
2932,97.733,568.47,614.86,-12.56,5.571,13.74
2933,97.767,568.73,614.64,-12.398,4.088,13.054
2934,97.8,568.51,614.71,-11.731,2.492,11.992
2935,97.833,568.63,614.85,-10.638,0.997,10.684
2936,97.867,569.07,614.94,-8.686,-0.302,8.692
2937,97.9,568.66,615.22,-6.731,-1.709,6.945
2938,97.933,568.48,615.44,-5.215,-3.277,6.159
2939,97.967,569.16,615.94,-3.816,-5.159,6.417
2940,98.0,568.13,616.07,-2.382,-7.422,7.795
2941,98.033,568.46,616.25,-1.148,-9.9,9.967
2942,98.067,568.64,616.03,0.013,-12.697,12.697
2943,98.1,567.95,615.09,0.789,-15.779,15.799
2944,98.133,567.86,614.03,1.143,-19.154,19.188
2945,98.167,567.58,612.88,1.276,-22.683,22.719
2946,98.2,566.79,611.91,2.338,-25.922,26.027
2947,98.233,566.67,611.0,3.923,-27.991,28.265
2948,98.267,567.59,609.94,5.075,-30.231,30.654
2949,98.3,568.58,608.93,6.455,-32.142,32.783
2950,98.333,569.34,607.8,8.145,-34.132,35.091
2951,98.367,569.35,606.52,10.1,-35.672,37.074
2952,98.4,569.86,605.44,11.614,-36.815,38.603
2953,98.433,570.01,604.21,13.731,-37.799,40.216
2954,98.467,570.13,602.96,15.834,-38.323,41.465
2955,98.5,570.78,602.09,17.251,-38.553,42.236
2956,98.533,571.51,600.82,18.47,-38.599,42.791
2957,98.567,571.68,599.68,19.037,-38.532,42.978
2958,98.6,572.2,598.43,18.69,-38.297,42.614
2959,98.633,572.49,597.6,17.848,-38.497,42.434
2960,98.667,573.6,596.51,16.381,-38.17,41.537
2961,98.7,573.82,595.22,14.608,-37.022,39.8
2962,98.733,573.89,591.61,13.281,-35.557,37.956
2963,98.767,576.07,590.93,11.762,-33.658,35.654
2964,98.8,576.53,589.58,9.574,-32.169,33.563
2965,98.833,577.08,589.28,7.047,-30.177,30.989
2966,98.867,577.09,588.17,4.632,-27.73,28.114
2967,98.9,577.91,587.38,2.698,-25.559,25.701
2968,98.933,576.91,587.15,0.987,-23.354,23.375
2969,98.967,576.41,586.46,-0.436,-21.47,21.474
2970,99.0,575.86,585.59,-1.426,-19.856,19.907
2971,99.033,575.75,584.97,-2.172,-19.299,19.421
2972,99.067,575.23,584.07,-2.981,-19.024,19.256
2973,99.1,575.12,582.93,-3.389,-19.261,19.557
2974,99.133,575.2,583.89,-3.455,-19.623,19.924
2975,99.167,575.34,583.3,-3.02,-20.478,20.699
2976,99.2,575.32,581.95,-2.525,-22.648,22.788
2977,99.233,574.58,581.2,-1.618,-26.565,26.614
2978,99.267,575.1,579.8,-0.199,-30.322,30.323
2979,99.3,576.21,580.3,0.714,-33.499,33.507
2980,99.333,576.81,578.74,1.705,-36.278,36.318
2981,99.367,576.59,576.7,2.628,-39.668,39.755
2982,99.4,576.23,576.02,3.832,-40.588,40.768
2983,99.433,575.88,574.23,3.433,-39.4,39.549
2984,99.467,575.77,573.01,2.507,-36.668,36.754
2985,99.5,575.59,571.53,1.036,-32.429,32.445
2986,99.533,575.33,571.36,-1.258,-26.811,26.84
2987,99.567,575.66,570.0,-3.597,-20.154,20.473
2988,99.6,575.77,568.91,-5.398,-12.691,13.791
2989,99.633,575.82,566.85,-6.488,-4.457,7.872
2990,99.667,575.84,564.66,-6.845,3.249,7.577
2991,99.7,575.89,564.42,-6.571,10.645,12.51
2992,99.733,575.98,566.37,-5.593,17.722,18.583
2993,99.767,576.18,568.93,-3.925,23.914,24.234
2994,99.8,575.93,569.3,-2.047,29.293,29.364
2995,99.833,575.31,571.62,-0.508,32.533,32.537
2996,99.867,574.22,576.77,0.651,34.268,34.274
2997,99.9,572.01,577.11,1.713,34.743,34.786
2998,99.933,572.42,577.57,2.799,33.534,33.65
2999,99.967,572.72,578.13,3.953,31.211,31.461
3000,100.0,573.27,578.6,5.01,27.572,28.023
3001,100.033,575.48,579.01,5.953,22.987,23.746
3002,100.067,576.56,579.26,6.78,16.972,18.276
3003,100.1,577.34,579.7,7.086,10.432,12.611
3004,100.133,577.59,580.05,6.903,3.809,7.884
3005,100.167,577.49,580.02,6.522,-1.612,6.718
3006,100.2,577.24,579.75,6.088,-4.745,7.719
3007,100.233,576.63,579.49,5.706,-5.847,8.17
3008,100.267,576.75,579.17,5.058,-5.582,7.533
3009,100.3,576.69,578.81,3.808,-4.496,5.892
3010,100.333,576.71,578.58,2.218,-1.823,2.872
3011,100.367,576.78,578.48,0.482,1.401,1.482
3012,100.4,576.84,578.58,-0.879,2.926,3.055
3013,100.433,576.76,578.37,-0.899,4.44,4.53
3014,100.467,576.58,578.17,-0.473,5.916,5.935
3015,100.5,576.45,578.37,0.557,7.196,7.217
3016,100.533,576.4,578.77,1.993,8.563,8.792
3017,100.567,576.53,579.62,2.921,9.941,10.361
3018,100.6,577.06,580.63,3.488,10.978,11.518
3019,100.633,577.87,581.69,3.571,11.384,11.931
3020,100.667,578.26,582.45,3.312,11.109,11.592
3021,100.7,578.3,582.81,2.85,10.411,10.794
3022,100.733,577.78,583.1,2.325,9.627,9.904
3023,100.767,577.54,582.84,1.921,8.353,8.571
3024,100.8,577.7,582.41,1.429,6.866,7.013
3025,100.833,577.71,582.22,0.984,5.421,5.51
3026,100.867,577.85,582.06,0.529,3.867,3.903
3027,100.9,577.83,582.3,0.099,2.285,2.287
3028,100.933,577.84,582.69,-0.308,0.768,0.827
3029,100.967,577.83,583.02,-0.647,-0.369,0.745
3030,101.0,577.66,583.51,-0.843,-0.968,1.283
3031,101.033,577.75,583.21,-0.936,-1.504,1.771
3032,101.067,577.62,582.64,-0.785,-1.689,1.862
3033,101.1,577.56,582.59,-0.388,-1.576,1.623
3034,101.133,577.64,582.79,0.061,-1.294,1.295
3035,101.167,577.69,583.06,0.304,-1.064,1.106
3036,101.2,577.74,583.04,0.36,-0.91,0.979
3037,101.233,577.68,582.41,0.28,-0.822,0.868
3038,101.267,577.84,582.67,0.357,-0.928,0.994
3039,101.3,577.89,582.64,0.554,-0.806,0.979
3040,101.333,577.85,582.29,0.629,-0.672,0.921
3041,101.367,577.89,582.35,0.643,-0.535,0.837
3042,101.4,577.8,582.44,0.528,-0.463,0.702
3043,101.433,577.69,582.35,0.372,-0.526,0.644
3044,101.467,577.62,582.11,0.189,-0.763,0.786
3045,101.5,577.62,581.78,0.024,-1.111,1.111
3046,101.533,577.89,582.5,-0.023,-1.795,1.795
3047,101.567,578.02,582.86,0.274,-2.041,2.059
3048,101.6,578.07,582.93,1.303,-2.328,2.668
3049,101.633,578.04,582.83,1.768,-2.574,3.123
3050,101.667,577.92,582.7,1.592,-2.774,3.199
3051,101.7,577.8,582.43,0.812,-2.903,3.015
3052,101.733,577.73,582.15,-0.347,-2.644,2.666
3053,101.767,577.66,581.93,-1.914,-1.905,2.701
3054,101.8,577.56,581.15,-3.79,-1.268,3.997
3055,101.833,577.58,581.02,-5.545,-0.553,5.572
3056,101.867,577.64,580.88,-7.265,-0.602,7.29
3057,101.9,577.72,581.15,-8.916,-1.13,8.987
3058,101.933,577.77,581.39,-10.137,-1.865,10.307
3059,101.967,577.79,581.63,-10.677,-2.204,10.902
3060,102.0,577.69,581.74,-10.633,-1.535,10.743
3061,102.033,577.52,582.04,-10.196,-0.021,10.196
3062,102.067,576.34,581.26,-9.271,1.61,9.409
3063,102.1,573.74,581.95,-8.123,3.009,8.663
3064,102.133,573.38,582.36,-7.045,3.437,7.839
3065,102.167,573.28,582.57,-5.832,3.012,6.564
3066,102.2,573.44,582.5,-4.292,1.678,4.609
3067,102.233,573.43,581.63,-2.333,-0.19,2.341
3068,102.267,574.0,580.92,-0.114,-2.53,2.533
3069,102.3,574.61,580.37,2.223,-5.204,5.659
3070,102.333,574.66,579.35,4.595,-7.528,8.819
3071,102.367,575.21,580.75,6.814,-9.5,11.691
3072,102.4,575.97,581.93,8.69,-11.184,14.163
3073,102.433,576.34,582.98,10.097,-12.57,16.124
3074,102.467,576.25,583.12,10.911,-13.706,17.518
3075,102.5,576.26,581.75,11.19,-14.652,18.436
3076,102.533,576.62,580.2,10.804,-15.362,18.781
3077,102.567,576.34,578.25,9.708,-15.726,18.482
3078,102.6,576.49,576.38,8.609,-14.985,17.282
3079,102.633,577.38,575.97,8.738,-13.88,16.402
3080,102.667,578.08,575.61,8.872,-12.553,15.372
3081,102.7,578.48,575.71,8.972,-10.959,14.163
3082,102.733,578.53,575.55,8.857,-9.279,12.827
3083,102.767,578.63,575.67,9.062,-7.319,11.649
3084,102.8,578.8,575.94,9.33,-5.187,10.675
3085,102.833,578.99,575.88,9.779,-2.923,10.207
3086,102.867,579.26,575.56,10.679,-0.169,10.681
3087,102.9,579.71,575.65,12.084,1.708,12.205
3088,102.933,580.25,575.53,13.415,2.234,13.6
3089,102.967,580.93,575.59,14.197,1.3,14.256
3090,103.0,581.32,575.88,14.762,-1.203,14.811
3091,103.033,581.88,576.38,15.394,-4.97,16.176
3092,103.067,582.48,576.53,15.562,-10.392,18.713
3093,103.1,582.65,576.14,15.287,-14.53,21.091
3094,103.133,582.21,575.6,14.5,-17.685,22.869
3095,103.167,582.73,575.0,12.886,-20.787,24.458
3096,103.2,583.45,573.81,10.503,-24.056,26.249
3097,103.233,584.72,572.61,7.753,-27.218,28.301
3098,103.267,585.41,571.46,4.718,-30.568,30.93
3099,103.3,586.17,570.33,1.745,-34.349,34.394
3100,103.333,586.45,569.07,-1.619,-38.418,38.452
3101,103.367,586.48,567.57,-4.502,-40.325,40.576
3102,103.4,585.36,566.1,-7.43,-41.672,42.329
3103,103.433,584.38,564.94,-9.77,-40.803,41.957
3104,103.467,584.29,563.13,-11.803,-38.256,40.036
3105,103.5,583.85,561.6,-13.328,-34.503,36.987
3106,103.533,582.47,561.02,-13.638,-30.584,33.487
3107,103.567,581.49,562.82,-12.957,-27.419,30.326
3108,103.6,581.18,559.71,-12.092,-25.538,28.256
3109,103.633,580.99,557.25,-10.474,-25.363,27.441
3110,103.667,580.91,555.63,-8.217,-26.896,28.123
3111,103.7,580.97,554.87,-6.302,-28.395,29.086
3112,103.733,580.58,553.48,-4.109,-30.242,30.52
3113,103.767,580.6,553.48,-2.189,-31.967,32.042
3114,103.8,580.17,554.78,0.25,-34.139,34.14
3115,103.833,581.17,556.92,3.783,-34.534,34.741
3116,103.867,580.83,554.36,7.226,-32.312,33.11
3117,103.9,582.02,555.37,9.715,-29.652,31.203
3118,103.933,582.2,552.19,11.807,-27.312,29.755
3119,103.967,583.2,548.99,13.53,-26.673,29.909
3120,104.0,583.93,545.28,14.445,-28.792,32.212
3121,104.033,583.29,542.27,14.706,-31.807,35.042
3122,104.067,582.39,540.06,14.798,-38.006,40.785
3123,104.1,582.86,538.85,14.67,-45.768,48.062
3124,104.133,582.42,539.41,14.039,-53.522,55.333
3125,104.167,582.99,541.22,12.837,-60.539,61.885
3126,104.2,585.42,539.83,11.02,-68.033,68.92
3127,104.233,586.84,539.83,8.573,-75.373,75.859
3128,104.267,588.83,539.15,5.834,-81.578,81.787
3129,104.3,589.29,540.05,2.909,-86.724,86.773
3130,104.333,586.94,535.68,0.218,-92.058,92.059
3131,104.367,585.84,526.92,-2.762,-97.476,97.515
3132,104.4,585.97,520.32,-5.304,-101.877,102.015
3133,104.433,585.89,513.67,-8.039,-105.438,105.744
3134,104.467,585.68,508.75,-10.459,-108.063,108.568
3135,104.5,585.36,507.55,-12.935,-108.094,108.865
3136,104.533,584.71,503.3,-15.421,-105.453,106.575
3137,104.567,583.96,504.36,-17.146,-98.559,100.039
3138,104.6,583.18,500.0,-17.715,-87.531,89.306
3139,104.633,582.46,497.12,-21.387,-74.128,77.152
3140,104.667,581.86,493.3,-22.003,-58.624,62.617
3141,104.7,581.42,492.77,-15.736,-42.803,45.604
3142,104.733,581.11,491.82,-10.491,-28.846,30.695
3143,104.767,580.97,490.86,-6.157,-20.523,21.427
3144,104.8,580.69,489.64,-3.333,-18.949,19.24
3145,104.833,580.48,490.11,-1.665,-23.414,23.473
3146,104.867,580.23,488.87,0.307,-30.402,30.403
3147,104.9,580.07,490.16,2.307,-36.277,36.35
3148,104.933,579.94,488.18,3.806,-38.879,39.064
3149,104.967,579.79,490.2,4.754,-36.775,37.081
3150,105.0,579.66,490.1,5.161,-30.08,30.52
3151,105.033,579.54,491.58,5.592,-21.629,22.341
3152,105.067,579.38,489.71,5.702,-11.269,12.63
3153,105.1,579.29,486.45,4.79,4.449,6.538
3154,105.133,589.76,484.74,3.668,10.213,10.852
3155,105.167,590.75,479.5,2.111,16.868,16.999
3156,105.2,579.68,472.29,-0.032,25.005,25.005
3157,105.233,579.96,469.66,-1.791,32.736,32.785
3158,105.267,580.32,473.5,-2.923,39.202,39.311
3159,105.3,580.54,482.45,-3.731,51.231,51.366
3160,105.333,580.73,490.19,-3.779,58.115,58.238
3161,105.367,580.87,497.15,-3.764,60.031,60.149
3162,105.4,581.01,503.97,-4.097,52.111,52.272
3163,105.433,581.11,506.63,-3.945,44.084,44.26
3164,105.467,581.32,506.85,-3.822,37.227,37.422
3165,105.5,581.51,504.97,-3.47,29.355,29.559
3166,105.533,580.19,503.34,-2.891,20.683,20.884
3167,105.567,579.4,502.97,-1.221,10.231,10.303
3168,105.6,580.49,484.16,2.191,-0.725,2.308
3169,105.633,580.42,502.7,7.472,-10.888,13.205
3170,105.667,581.21,501.94,8.667,-20.167,21.951
3171,105.7,583.07,500.65,7.889,-25.959,27.132
3172,105.733,583.32,499.51,10.963,-25.819,28.05
3173,105.767,582.88,500.0,13.879,-19.939,24.294
3174,105.8,582.73,481.67,16.361,-10.803,19.606
3175,105.833,581.47,482.93,17.978,-1.327,18.027
3176,105.867,581.4,483.77,18.478,7.374,19.895
3177,105.9,582.73,502.23,17.913,14.281,22.909
3178,105.933,582.65,501.96,16.597,17.833,24.361
3179,105.967,584.03,501.63,14.929,18.787,23.997
3180,106.0,585.66,501.16,12.87,17.508,21.73
3181,106.033,588.24,501.3,10.113,14.766,17.897
3182,106.067,589.8,501.07,7.498,10.498,12.901
3183,106.1,590.23,501.1,5.184,3.903,6.489
3184,106.133,590.08,500.79,2.551,5.865,6.396
3185,106.167,588.26,499.74,0.097,-1.466,1.469
3186,106.2,586.81,498.43,-2.466,-11.044,11.316
3187,106.233,586.51,497.74,-5.713,-22.096,22.822
3188,106.267,585.56,496.83,-8.736,-34.048,35.151
3189,106.3,584.53,496.21,-10.832,-47.553,48.771
3190,106.333,584.21,494.97,-12.195,-50.891,52.332
3191,106.367,584.55,494.1,-12.294,-50.522,51.996
3192,106.4,585.17,492.95,-10.799,-45.327,46.596
3193,106.433,585.42,491.62,-8.624,-45.729,46.535
3194,106.467,584.9,489.73,-5.416,-44.984,45.309
3195,106.5,584.12,487.72,-1.923,-43.068,43.111
3196,106.533,583.89,485.54,1.484,-40.096,40.124
3197,106.567,583.96,483.2,3.813,-36.698,36.896
3198,106.6,584.14,481.05,4.962,-32.889,33.261
3199,106.633,584.19,479.24,5.08,-28.969,29.411
3200,106.667,584.63,478.66,4.27,-25.177,25.536
3201,106.7,585.3,478.82,3.437,-21.296,21.572
3202,106.733,586.07,479.06,2.706,-17.238,17.449
3203,106.767,586.37,479.19,1.721,-13.384,13.494
3204,106.8,585.98,479.84,0.915,-9.829,9.871
3205,106.833,585.89,480.11,0.588,-6.869,6.895
3206,106.867,586.44,480.34,0.592,-4.564,4.602
3207,106.9,585.65,479.63,0.64,-3.175,3.238
3208,106.933,585.05,479.25,0.45,-2.594,2.633
3209,106.967,584.94,478.8,-0.001,-3.022,3.022
3210,107.0,584.89,478.12,-0.389,-4.181,4.199
3211,107.033,584.79,477.53,-0.442,-5.7,5.717
3212,107.067,584.8,477.32,-0.342,-7.078,7.086
3213,107.1,584.89,477.13,-0.458,-7.868,7.881
3214,107.133,585.09,476.78,-0.224,-7.982,7.985
3215,107.167,585.31,476.72,0.462,-7.377,7.391
3216,107.2,585.53,476.62,1.372,-6.272,6.42
3217,107.233,585.78,476.49,2.021,-5.313,5.685
3218,107.267,585.97,476.29,2.242,-4.612,5.128
3219,107.3,586.12,476.11,2.547,-3.978,4.724
3220,107.333,586.15,475.79,2.991,-3.742,4.79
3221,107.367,586.09,475.88,2.968,-3.486,4.579
3222,107.4,585.9,475.93,2.1,-3.385,3.983
3223,107.433,585.66,475.72,0.824,-3.037,3.147
3224,107.467,585.47,475.94,-0.606,-2.358,2.434
3225,107.5,585.37,476.35,-1.969,-1.424,2.43
3226,107.533,585.26,476.52,-2.975,-0.222,2.983
3227,107.567,585.35,476.19,-3.59,1.037,3.737
3228,107.6,586.34,475.51,-3.856,2.067,4.375
3229,107.633,586.25,475.02,-3.814,2.868,4.772
3230,107.667,586.0,474.86,-3.54,3.484,4.967
3231,107.7,585.61,474.44,-3.07,4.063,5.092
3232,107.733,585.73,474.83,-2.455,4.663,5.27
3233,107.767,585.82,475.62,-1.817,5.172,5.482
3234,107.8,584.73,476.36,-1.2,5.585,5.712
3235,107.833,583.7,477.33,-0.646,5.825,5.861
3236,107.867,583.6,477.62,-0.134,5.945,5.947
3237,107.9,583.61,477.97,0.35,5.646,5.657
3238,107.933,584.38,478.29,0.876,4.989,5.065
3239,107.967,585.26,477.96,1.471,4.239,4.486
3240,108.0,585.75,477.54,2.137,3.233,3.875
3241,108.033,585.73,477.1,2.856,1.844,3.399
3242,108.067,585.73,476.99,3.614,0.354,3.631
3243,108.1,585.75,477.17,4.307,-1.06,4.435
3244,108.133,585.79,477.4,4.332,-2.175,4.848
3245,108.167,585.83,477.86,4.057,-2.989,5.039
3246,108.2,585.83,477.78,3.618,-3.261,4.871
3247,108.233,585.82,477.42,3.085,-3.187,4.436
3248,108.267,585.88,477.12,2.264,-2.803,3.604
3249,108.3,585.97,476.77,1.146,-1.935,2.249
3250,108.333,586.06,476.51,0.301,-0.956,1.002
3251,108.367,586.1,476.34,-0.012,-0.002,0.012
3252,108.4,586.15,476.54,-0.096,0.722,0.728
3253,108.433,586.14,476.79,0.074,0.828,0.832
3254,108.467,586.15,476.94,0.166,0.312,0.354
3255,108.5,586.12,477.15,-0.028,-0.869,0.869
3256,108.533,586.07,477.41,-0.357,-2.06,2.09
3257,108.567,586.05,477.17,-0.603,-2.733,2.799
3258,108.6,586.04,476.97,-0.766,-3.249,3.338
3259,108.633,586.1,476.89,-0.765,-2.91,3.009
3260,108.667,586.18,477.02,-0.661,-2.19,2.288
3261,108.7,586.12,476.55,-0.485,-1.375,1.458
3262,108.733,586.14,477.13,-0.001,-0.553,0.553
3263,108.767,586.04,477.4,0.428,0.303,0.525
3264,108.8,585.83,476.68,0.776,1.136,1.375
3265,108.833,585.76,476.28,0.881,1.636,1.859
3266,108.867,585.66,475.27,0.723,1.782,1.923
3267,108.9,585.71,474.84,0.356,1.923,1.955
3268,108.933,585.84,475.08,-0.042,1.877,1.878
3269,108.967,585.97,475.4,-0.644,1.723,1.839
3270,109.0,586.21,476.93,-1.142,1.383,1.794
3271,109.033,586.31,477.92,-1.539,1.005,1.838
3272,109.067,586.37,478.22,-1.895,0.488,1.957
3273,109.1,586.45,479.27,-2.504,-0.298,2.521
3274,109.133,586.29,478.41,-3.028,-1.151,3.239
3275,109.167,586.16,477.88,-3.265,-2.037,3.848
3276,109.2,586.01,477.07,-3.398,-3.099,4.598
3277,109.233,585.17,476.43,-2.813,-3.779,4.711
3278,109.267,584.91,475.78,-2.476,-4.599,5.223
3279,109.3,584.58,475.04,-2.97,-5.442,6.2
3280,109.333,584.55,475.11,-3.839,-5.903,7.041
3281,109.367,584.67,475.56,-4.641,-6.183,7.731
3282,109.4,584.83,475.54,-4.899,-5.726,7.536
3283,109.433,584.67,475.66,-4.669,-4.601,6.555
3284,109.467,585.04,475.56,-4.032,-3.053,5.058
3285,109.5,584.82,475.69,-3.053,-1.138,3.258
3286,109.533,584.55,475.37,-1.886,0.519,1.956
3287,109.567,584.42,474.94,-0.622,1.763,1.87
3288,109.6,585.09,475.32,0.285,2.854,2.868
3289,109.633,585.26,475.52,0.659,3.186,3.254
3290,109.667,584.86,475.72,1.565,3.556,3.885
3291,109.7,584.63,476.15,2.639,3.556,4.428
3292,109.733,582.74,476.18,3.58,3.137,4.76
3293,109.767,582.38,476.19,5.059,2.079,5.469
3294,109.8,583.79,475.9,6.724,0.656,6.756
3295,109.833,585.22,475.67,8.517,-1.093,8.587
3296,109.867,586.22,475.8,10.179,-3.242,10.683
3297,109.9,586.48,475.78,11.471,-5.48,12.713
3298,109.933,586.67,475.79,12.67,-7.266,14.606
3299,109.967,586.81,475.85,13.373,-8.634,15.918
3300,110.0,586.89,475.96,13.154,-9.371,16.151
3301,110.033,586.9,475.74,12.302,-9.629,15.622
3302,110.067,586.95,475.64,11.031,-9.215,14.374
3303,110.1,587.98,475.1,9.427,-8.305,12.563
3304,110.133,589.71,474.24,7.143,-7.454,10.324
3305,110.167,589.39,472.91,4.411,-6.727,8.044
3306,110.2,589.38,471.85,1.642,-5.978,6.2
3307,110.233,589.82,471.19,-1.071,-5.428,5.533
3308,110.267,589.48,471.24,-2.609,-4.982,5.624
3309,110.3,589.12,471.32,-3.312,-4.712,5.759
3310,110.333,588.75,472.27,-3.966,-4.259,5.819
3311,110.367,588.43,473.52,-4.766,-3.521,5.926
3312,110.4,588.29,474.17,-5.65,-2.58,6.212
3313,110.433,587.1,474.24,-6.299,-1.589,6.496
3314,110.467,586.78,474.2,-6.649,-0.344,6.658
3315,110.5,586.82,473.77,-6.63,0.702,6.667
3316,110.533,586.98,473.16,-6.176,1.593,6.378
3317,110.567,587.05,472.3,-5.206,2.588,5.814
3318,110.6,587.12,471.88,-3.705,3.674,5.218
3319,110.633,587.19,471.88,-2.208,5.199,5.649
3320,110.667,587.21,472.28,-1.357,7.537,7.658
3321,110.7,587.12,472.45,-0.396,11.035,11.042
3322,110.733,586.93,472.83,0.426,15.547,15.553
3323,110.767,586.78,473.47,0.718,20.377,20.39
3324,110.8,586.74,474.53,0.753,25.084,25.095
3325,110.833,586.76,475.45,0.573,29.265,29.271
3326,110.867,586.84,476.38,0.184,32.085,32.086
3327,110.9,586.91,477.2,-0.371,32.989,32.991
3328,110.933,586.96,478.54,-1.116,32.153,32.173
3329,110.967,586.99,479.43,-1.315,30.18,30.208
3330,111.0,586.98,481.27,-1.223,27.348,27.375
3331,111.033,586.96,483.09,-0.989,23.89,23.91
3332,111.067,586.91,484.69,-0.806,20.155,20.171
3333,111.1,586.89,486.08,-0.694,16.688,16.702
3334,111.133,586.82,486.89,-0.759,11.15,11.176
3335,111.167,586.65,486.8,-1.0,5.291,5.385
3336,111.2,586.4,485.94,-1.431,1.128,1.822
3337,111.233,586.26,484.57,-1.805,-2.107,2.775
3338,111.267,586.24,483.86,-1.906,-3.457,3.948
3339,111.3,586.29,483.01,-1.605,-3.676,4.011
3340,111.333,586.33,482.62,-0.981,-0.949,1.364
3341,111.367,586.49,482.93,-0.142,6.925,6.926
3342,111.4,586.65,483.95,0.602,17.198,17.208
3343,111.433,586.75,485.22,1.028,29.613,29.631
3344,111.467,586.58,486.0,0.915,41.865,41.875
3345,111.5,586.35,486.41,0.285,53.63,53.631
3346,111.533,586.03,486.95,-0.756,62.765,62.77
3347,111.567,585.87,487.37,-1.898,71.146,71.171
3348,111.6,585.77,487.41,-3.037,77.91,77.969
3349,111.633,585.92,494.0,-4.197,80.509,80.618
3350,111.667,586.15,499.43,-5.37,78.06,78.245
3351,111.7,586.59,501.51,-6.574,71.261,71.564
3352,111.733,586.76,506.35,-7.888,62.748,63.242
3353,111.767,586.58,510.15,-9.305,53.092,53.902
3354,111.8,585.94,516.49,-10.656,40.708,42.079
3355,111.833,585.03,519.02,-11.691,28.499,30.803
3356,111.867,583.9,514.68,-12.333,14.446,18.995
3357,111.9,582.97,513.03,-12.692,-0.936,12.727
3358,111.933,582.32,509.58,-12.892,-17.15,21.455
3359,111.967,582.2,508.35,-13.29,-31.224,33.935
3360,112.0,582.26,506.83,-13.795,-40.407,42.697
3361,112.033,582.41,508.13,-14.159,-45.139,47.308
3362,112.067,582.05,503.84,-13.979,-47.201,49.227
3363,112.1,581.47,498.55,-13.193,-46.988,48.805
3364,112.133,580.83,496.97,-11.722,-44.507,46.025
3365,112.167,580.14,497.84,-9.814,-42.897,44.006
3366,112.2,579.59,499.3,-8.124,-41.801,42.583
3367,112.233,579.53,496.69,-6.503,-39.25,39.785
3368,112.267,579.77,493.51,-5.295,-37.123,37.498
3369,112.3,579.91,494.37,-4.515,-34.817,35.108
3370,112.333,579.58,490.51,-3.694,-37.006,37.19
3371,112.367,579.04,492.04,-2.82,-42.874,42.967
3372,112.4,578.43,494.83,-2.008,-47.371,47.413
3373,112.433,577.88,499.03,-1.281,-50.279,50.295
3374,112.467,578.15,498.5,-0.782,-49.785,49.791
3375,112.5,578.83,491.77,-0.834,-45.886,45.893
3376,112.533,579.51,484.33,-1.226,-40.658,40.676
3377,112.567,579.72,479.65,-1.9,-36.992,37.041
3378,112.6,579.68,476.54,-2.321,-35.246,35.322
3379,112.633,579.23,475.75,-2.535,-33.444,33.54
3380,112.667,578.65,476.16,-2.719,-30.844,30.964
3381,112.7,579.09,476.47,-2.884,-27.36,27.512
3382,112.733,578.62,475.82,-3.176,-22.832,23.052
3383,112.767,578.58,475.88,-3.942,-14.353,14.884
3384,112.8,578.62,474.0,-5.02,-3.523,6.133
3385,112.833,577.82,477.7,-6.343,7.37,9.724
3386,112.867,576.95,483.07,-7.568,20.389,21.748
3387,112.9,576.61,486.06,-8.341,32.342,33.4
3388,112.933,576.42,486.96,-7.868,41.377,42.119
3389,112.967,576.62,485.54,-6.408,45.068,45.522
3390,113.0,577.4,480.07,-5.13,43.818,44.117
3391,113.033,577.76,476.87,-4.401,41.321,41.554
3392,113.067,577.8,475.01,-4.185,38.694,38.919
3393,113.1,576.87,480.43,-4.358,35.968,36.231
3394,113.133,575.89,487.35,-4.804,33.399,33.743
3395,113.167,575.21,492.68,-5.133,30.498,30.927
3396,113.2,574.71,496.25,-5.163,26.966,27.455
3397,113.233,574.68,497.59,-5.482,22.868,23.516
3398,113.267,575.37,494.69,-5.632,19.08,19.894
3399,113.3,575.72,494.62,-5.588,15.729,16.692
3400,113.333,576.13,494.26,-5.663,13.992,15.094
3401,113.367,576.48,493.25,-5.738,11.52,12.87
3402,113.4,576.57,492.52,-5.484,6.718,8.672
3403,113.433,574.91,491.73,-4.692,-0.254,4.699
3404,113.467,573.31,491.09,-3.406,-8.584,9.235
3405,113.5,573.25,491.77,-1.773,-16.587,16.681
3406,113.533,573.59,491.14,-0.254,-21.41,21.411
3407,113.567,573.77,491.28,0.912,-23.08,23.098
3408,113.6,574.1,491.24,1.866,-20.595,20.679
3409,113.633,574.51,490.99,3.017,-16.934,17.2
3410,113.667,574.66,490.61,4.469,-13.989,14.686
3411,113.7,574.78,490.05,6.157,-12.262,13.721
3412,113.733,575.14,489.66,8.005,-11.788,14.249
3413,113.767,575.45,488.93,9.789,-12.083,15.551
3414,113.8,575.22,487.81,11.045,-11.515,15.956
3415,113.833,575.32,487.32,11.766,-11.072,16.157
3416,113.867,576.24,486.68,11.769,-10.49,15.765
3417,113.9,577.2,486.24,10.933,-9.434,14.441
3418,113.933,577.57,486.39,9.256,-7.896,12.166
3419,113.967,577.95,486.54,7.735,-6.139,9.875
3420,114.0,578.1,485.94,6.734,-4.193,7.933
3421,114.033,578.13,485.55,5.591,-2.471,6.113
3422,114.067,578.54,486.34,4.45,-0.592,4.489
3423,114.1,578.56,486.57,3.609,1.477,3.9
3424,114.133,578.5,486.32,2.748,3.243,4.251
3425,114.167,578.39,486.46,1.67,4.713,5.0
3426,114.2,578.25,486.8,0.51,5.689,5.712
3427,114.233,578.2,486.84,-0.119,5.657,5.658
3428,114.267,578.18,486.49,-0.278,4.541,4.55
3429,114.3,578.19,486.99,-0.504,2.65,2.698
3430,114.333,578.19,487.38,-0.382,0.433,0.577
3431,114.367,578.21,487.35,0.043,-1.793,1.794
3432,114.4,578.23,487.2,0.396,-3.875,3.895
3433,114.433,578.28,486.74,0.522,-5.616,5.641
3434,114.467,578.26,486.97,0.611,-7.407,7.432
3435,114.5,578.24,487.43,0.622,-9.167,9.188
3436,114.533,578.78,487.27,0.644,-10.431,10.451
3437,114.567,578.84,487.27,0.692,-11.043,11.064
3438,114.6,578.36,485.96,0.56,-11.369,11.383
3439,114.633,578.33,485.1,0.436,-11.242,11.25
3440,114.667,578.74,483.82,1.202,-10.331,10.4
3441,114.7,579.41,482.52,1.428,-8.894,9.008
3442,114.733,578.93,482.41,1.002,-7.311,7.379
3443,114.767,578.04,482.61,0.173,-5.61,5.612
3444,114.8,578.16,482.99,-0.587,-3.622,3.669
3445,114.833,578.19,483.57,-1.187,-1.863,2.209
3446,114.867,578.29,483.46,-1.975,-0.226,1.988
3447,114.9,578.36,483.53,-2.792,1.133,3.013
3448,114.933,578.46,483.37,-3.745,2.031,4.26
3449,114.967,578.53,483.66,-4.632,2.832,5.429
3450,115.0,578.57,483.97,-5.007,3.12,5.9
3451,115.033,578.57,484.4,-4.883,2.983,5.722
3452,115.067,578.62,484.8,-4.61,2.387,5.191
3453,115.1,578.64,484.84,-4.1,1.157,4.26
3454,115.133,578.49,484.77,-3.101,0.081,3.102
3455,115.167,575.9,484.31,-1.813,-1.195,2.172
3456,115.2,575.9,483.75,-0.697,-2.481,2.577
3457,115.233,576.61,483.45,-0.329,-3.562,3.577
3458,115.267,577.24,483.27,-0.005,-4.748,4.748
3459,115.3,577.09,483.11,0.953,-5.712,5.791
3460,115.333,576.67,483.08,2.404,-6.671,7.091
3461,115.367,577.1,482.52,4.292,-7.597,8.725
3462,115.4,577.45,482.37,6.287,-8.089,10.245
3463,115.433,578.37,482.73,8.474,-8.171,11.772
3464,115.467,579.22,482.81,10.499,-7.874,13.123
3465,115.5,579.35,483.07,12.594,-7.64,14.73
3466,115.533,579.45,482.52,14.218,-7.395,16.026
3467,115.567,579.5,482.15,14.857,-7.187,16.504
3468,115.6,579.55,481.62,14.387,-6.976,15.989
3469,115.633,579.59,480.54,12.869,-6.545,14.438
3470,115.667,579.58,479.86,10.414,-5.751,11.897
3471,115.7,579.97,479.65,8.595,-4.609,9.753
3472,115.733,581.26,479.88,6.64,-3.352,7.438
3473,115.767,582.5,480.42,4.299,-2.427,4.937
3474,115.8,583.19,480.3,1.623,-1.519,2.223
3475,115.833,583.19,480.57,-0.892,-1.084,1.404
3476,115.867,582.95,480.55,-2.915,-0.936,3.062
3477,115.9,582.95,480.3,-4.712,-0.583,4.748
3478,115.933,582.34,479.86,-6.213,0.152,6.215
3479,115.967,581.93,479.72,-7.689,0.477,7.704
3480,116.0,580.38,480.22,-9.194,0.171,9.195
3481,116.033,579.26,480.69,-10.372,-1.181,10.439
3482,116.067,578.97,481.12,-11.111,-2.729,11.441
3483,116.1,578.9,481.3,-11.453,-4.841,12.435
3484,116.133,578.78,481.08,-10.924,-6.769,12.851
3485,116.167,578.71,480.18,-9.818,-7.651,12.447
3486,116.2,578.66,479.19,-8.175,-7.16,10.867
3487,116.233,578.63,478.6,-6.103,-5.987,8.549
3488,116.267,578.62,478.82,-4.219,-4.217,5.965
3489,116.3,578.59,478.3,-2.335,-2.52,3.436
3490,116.333,578.45,478.82,-0.921,-0.81,1.226
3491,116.367,578.33,479.03,0.049,0.501,0.504
3492,116.4,578.26,478.85,1.079,1.326,1.71
3493,116.433,578.3,477.71,1.779,2.065,2.726
3494,116.467,578.39,477.31,2.321,2.931,3.739
3495,116.5,578.52,477.55,2.629,3.86,4.67
3496,116.533,578.64,478.71,3.335,4.835,5.874
3497,116.567,578.7,479.27,4.703,5.415,7.172
3498,116.6,579.11,481.05,6.257,5.494,8.327
3499,116.633,578.58,482.05,7.653,4.887,9.081
3500,116.667,578.66,482.16,8.769,3.486,9.436
3501,116.7,579.12,481.11,9.172,2.103,9.41
3502,116.733,579.63,480.78,9.11,0.973,9.162
3503,116.767,580.4,479.78,9.045,0.196,9.048
3504,116.8,580.15,479.29,9.092,-0.56,9.109
3505,116.833,580.71,478.95,9.096,-0.817,9.133
3506,116.867,581.76,479.01,8.814,-0.955,8.866
3507,116.9,581.84,479.64,8.343,-1.112,8.417
3508,116.933,582.16,479.88,7.83,-1.098,7.907
3509,116.967,582.54,480.11,7.108,-0.282,7.113
3510,117.0,582.78,480.39,5.995,1.087,6.093
3511,117.033,582.97,479.85,4.653,2.708,5.384
3512,117.067,582.39,479.8,2.829,3.928,4.841
3513,117.1,581.84,479.62,0.84,4.995,5.065
3514,117.133,581.55,479.79,-1.466,5.138,5.343
3515,117.167,581.43,480.72,-3.217,4.454,5.494
3516,117.2,582.37,481.01,-4.565,3.253,5.606
3517,117.233,583.16,481.37,-5.868,2.168,6.256
3518,117.267,583.04,481.54,-6.92,0.968,6.988
3519,117.3,582.37,481.72,-7.796,0.078,7.796
3520,117.333,581.7,481.66,-8.361,-0.571,8.381
3521,117.367,581.52,481.22,-8.619,-0.925,8.669
3522,117.4,581.18,481.01,-8.83,-1.37,8.936
3523,117.433,580.42,480.67,-8.579,-1.995,8.808
3524,117.467,579.81,480.16,-7.796,-2.55,8.203
3525,117.5,579.59,479.82,-6.989,-3.059,7.629
3526,117.533,579.08,479.66,-6.218,-3.501,7.137
3527,117.567,579.33,479.9,-5.092,-3.765,6.333
3528,117.6,579.36,480.07,-3.496,-4.288,5.533
3529,117.633,579.65,480.26,-1.027,-4.725,4.835
3530,117.667,579.39,480.34,1.992,-5.096,5.472
3531,117.7,579.16,480.27,5.398,-5.772,7.903
3532,117.733,579.57,480.06,8.273,-6.385,10.451
3533,117.767,579.69,479.78,10.0,-6.923,12.163
3534,117.8,579.63,479.47,11.167,-6.975,13.166
3535,117.833,580.6,479.13,11.931,-6.984,13.825
3536,117.867,581.18,478.68,12.317,-6.753,14.046
3537,117.9,581.71,478.91,12.176,-5.478,13.351
3538,117.933,582.21,478.82,11.646,-3.448,12.145
3539,117.967,582.19,478.41,10.884,-1.356,10.968
3540,118.0,582.97,477.9,9.888,0.842,9.924
3541,118.033,584.07,476.98,8.518,3.19,9.095
3542,118.067,584.2,476.63,7.24,5.519,9.104
3543,118.1,584.71,477.18,5.904,6.684,8.918
3544,118.133,584.24,477.69,4.411,8.323,9.42
3545,118.167,583.9,478.39,2.673,10.916,11.239
3546,118.2,583.39,479.34,1.218,13.862,13.916
3547,118.233,583.14,480.26,0.12,16.271,16.271
3548,118.267,583.74,481.23,-0.995,17.455,17.483
3549,118.3,583.68,481.4,-1.642,17.627,17.703
3550,118.333,583.72,482.35,-1.546,13.557,13.645
3551,118.367,583.83,483.1,-1.253,5.591,5.73
3552,118.4,583.79,482.2,-0.924,-2.979,3.119
3553,118.433,583.51,480.93,-0.598,-13.071,13.085
3554,118.467,583.4,480.77,-0.23,-24.237,24.238
3555,118.5,583.47,480.65,0.277,-35.598,35.599
3556,118.533,583.82,480.25,0.604,-45.779,45.783
3557,118.567,583.82,479.89,0.438,-53.672,53.673
3558,118.6,583.48,481.87,0.237,-58.731,58.732
3559,118.633,583.61,480.36,-0.205,-58.329,58.33
3560,118.667,583.86,476.25,-0.741,-51.717,51.722
3561,118.7,583.73,471.4,-1.534,-41.568,41.597
3562,118.733,583.71,466.77,-2.293,-29.667,29.755
3563,118.767,584.12,462.46,-2.883,-17.213,17.452
3564,118.8,583.97,456.62,-3.805,-7.447,8.363
3565,118.833,583.49,458.21,-4.484,-2.726,5.247
3566,118.867,582.92,462.16,-4.775,0.645,4.818
3567,118.9,582.77,461.44,-4.911,2.129,5.352
3568,118.933,582.68,463.34,-4.895,2.731,5.605
3569,118.967,582.4,466.69,-4.788,2.83,5.562
3570,119.0,582.48,471.01,-4.729,4.328,6.41
3571,119.033,582.45,474.95,-4.789,8.333,9.611
3572,119.067,582.4,479.1,-5.188,13.553,14.512
3573,119.1,582.0,483.46,-5.537,16.861,17.747
3574,119.133,581.25,481.02,-5.537,17.409,18.268
3575,119.167,580.97,473.59,-5.412,13.722,14.751
3576,119.2,581.2,467.69,-5.109,6.549,8.306
3577,119.233,581.45,462.24,-4.252,-3.601,5.572
3578,119.267,581.56,456.59,-3.123,-11.613,12.026
3579,119.3,582.02,456.57,-2.201,-14.011,14.183
3580,119.333,581.92,464.66,-1.493,-9.471,9.588
3581,119.367,581.27,466.37,-0.355,-3.506,3.524
3582,119.4,580.74,469.79,1.419,1.615,2.15
3583,119.433,580.17,473.8,2.76,7.452,7.947
3584,119.467,579.96,479.08,3.479,12.606,13.077
3585,119.5,580.08,479.51,3.767,16.16,16.593
3586,119.533,580.41,475.0,3.416,19.37,19.669
3587,119.567,581.15,469.9,2.492,22.602,22.739
3588,119.6,581.59,469.09,1.1,23.151,23.178
3589,119.633,581.96,465.32,-0.473,19.258,19.264
3590,119.667,582.5,466.65,-1.837,13.301,13.428
3591,119.7,582.75,471.15,-3.039,8.334,8.87
3592,119.733,582.3,480.17,-4.241,4.951,6.519
3593,119.767,581.98,482.45,-5.481,4.214,6.913
3594,119.8,581.85,477.97,-6.695,7.513,10.064
3595,119.833,582.06,472.16,-8.082,13.363,15.617
3596,119.867,581.01,470.47,-9.437,17.354,19.754
3597,119.9,579.04,470.3,-10.43,21.649,24.03
3598,119.933,578.5,471.93,-10.968,25.133,27.422
3599,119.967,578.33,475.65,-10.846,26.596,28.723
3600,120.0,578.09,481.2,-10.09,24.077,26.106
3601,120.033,578.06,482.66,-8.805,18.903,20.853
3602,120.067,578.16,480.81,-7.101,13.661,15.396
3603,120.1,578.22,480.97,-5.294,9.843,11.176
3604,120.133,578.26,481.29,-3.437,6.506,7.358
3605,120.167,578.22,481.5,-1.664,6.199,6.418
3606,120.2,578.22,481.48,-0.255,7.531,7.536
3607,120.233,578.18,481.21,0.728,8.593,8.624
3608,120.267,578.19,480.82,1.537,5.498,5.709
3609,120.3,578.21,480.84,2.088,0.022,2.088
3610,120.333,578.18,480.7,2.198,-4.417,4.934
3611,120.367,578.17,480.6,1.553,-6.094,6.289
3612,120.4,578.23,480.41,0.707,-5.868,5.91
3613,120.433,578.31,479.83,0.382,-4.111,4.128
3614,120.467,578.36,479.34,0.166,-1.357,1.367
3615,120.5,578.37,479.21,-0.051,1.078,1.079
3616,120.533,578.39,479.42,-0.152,1.191,1.201
3617,120.567,578.36,480.04,-0.201,0.517,0.555
3618,120.6,578.29,480.93,-0.256,0.85,0.888
3619,120.633,578.25,481.78,-0.308,1.474,1.506
3620,120.667,578.24,482.21,-0.369,2.199,2.23
3621,120.7,578.25,481.82,-0.381,2.73,2.756
3622,120.733,578.27,481.29,-0.346,3.135,3.154
3623,120.767,578.24,481.21,-0.265,3.319,3.33
3624,120.8,578.16,481.07,-0.176,3.356,3.36
3625,120.833,578.12,480.62,-0.099,3.23,3.231
3626,120.867,578.1,480.39,0.014,2.88,2.88
3627,120.9,578.13,480.19,0.149,2.368,2.372
3628,120.933,578.16,480.51,0.381,1.874,1.913
3629,120.967,578.19,480.73,0.616,1.603,1.717
3630,121.0,578.27,481.09,0.776,1.732,1.898
3631,121.033,578.29,482.2,0.962,2.007,2.226
3632,121.067,578.32,482.72,1.024,2.403,2.612
3633,121.1,578.34,482.76,0.877,2.694,2.833
3634,121.133,578.36,482.52,0.594,2.498,2.568
3635,121.167,578.4,482.07,0.154,1.757,1.764
3636,121.2,578.38,481.94,-0.405,0.649,0.765
3637,121.233,578.33,481.62,-1.122,-0.436,1.204
3638,121.267,578.29,481.66,-1.817,-1.237,2.198
3639,121.3,578.29,481.82,-2.419,-1.941,3.101
3640,121.333,578.32,481.64,-2.973,-2.557,3.922
3641,121.367,578.32,481.73,-3.481,-2.967,4.574
3642,121.4,578.33,481.73,-3.841,-3.585,5.254
3643,121.433,578.05,481.45,-4.107,-4.281,5.933
3644,121.467,577.8,481.25,-4.323,-4.958,6.578
3645,121.5,577.64,480.82,-4.297,-5.297,6.821
3646,121.533,577.16,480.81,-4.067,-5.075,6.503
3647,121.567,576.88,480.7,-3.624,-4.682,5.921
3648,121.6,576.82,480.59,-3.114,-4.056,5.114
3649,121.633,576.72,480.84,-2.42,-3.412,4.183
3650,121.667,576.74,481.01,-1.59,-2.955,3.355
3651,121.7,576.78,480.93,-0.692,-2.646,2.735
3652,121.733,577.02,480.76,0.222,-2.66,2.669
3653,121.767,576.99,480.25,1.145,-2.464,2.717
3654,121.8,576.86,479.63,2.007,-2.034,2.857
3655,121.833,576.94,478.98,2.734,-1.485,3.111
3656,121.867,577.12,478.44,3.291,-0.686,3.361
3657,121.9,577.17,478.98,3.61,0.181,3.615
3658,121.933,577.36,479.96,3.674,1.013,3.811
3659,121.967,577.77,480.81,3.61,1.571,3.937
3660,122.0,577.83,481.38,3.468,1.839,3.925
3661,122.033,577.88,481.35,3.385,2.198,4.036
3662,122.067,577.88,480.84,3.315,2.423,4.107
3663,122.1,578.16,479.95,3.059,2.503,3.953
3664,122.133,578.16,479.41,2.6,2.588,3.668
3665,122.167,578.14,479.48,2.049,2.404,3.158
3666,122.2,578.12,479.96,1.342,1.925,2.347
3667,122.233,578.14,480.93,0.567,1.156,1.287
3668,122.267,578.12,481.32,-0.239,0.349,0.423
3669,122.3,578.14,481.33,-0.988,-0.357,1.05
3670,122.333,578.22,481.24,-1.613,-0.788,1.796
3671,122.367,578.23,480.97,-2.14,-0.744,2.266
3672,122.4,578.32,480.51,-2.478,-0.123,2.481
3673,122.433,578.34,479.99,-2.637,0.461,2.677
3674,122.467,578.32,480.19,-2.686,0.961,2.853
3675,122.5,578.18,480.53,-2.792,1.177,3.03
3676,122.533,577.47,480.45,-2.851,0.932,2.999
3677,122.567,577.07,480.48,-2.887,0.279,2.9
3678,122.6,577.07,480.69,-2.6,-0.477,2.643
3679,122.633,577.08,480.62,-2.478,-0.896,2.635
3680,122.667,577.05,480.7,-2.261,-0.96,2.457
3681,122.7,577.19,480.76,-2.065,-0.857,2.236
3682,122.733,577.31,481.06,-1.721,-0.375,1.761
3683,122.767,577.18,480.92,-1.134,0.281,1.169
3684,122.8,577.15,480.89,-0.577,0.792,0.98
3685,122.833,577.22,480.83,-0.071,1.313,1.315
3686,122.867,577.32,480.7,0.317,1.826,1.853
3687,122.9,577.12,480.61,1.125,2.26,2.524
3688,122.933,577.05,480.95,0.774,2.917,3.018
3689,122.967,576.99,480.69,0.483,3.69,3.721
3690,123.0,576.98,480.42,-0.27,4.311,4.32
3691,123.033,577.03,480.38,-1.532,4.667,4.912
3692,123.067,577.23,480.71,-2.115,4.854,5.295
3693,123.1,576.78,481.16,-3.552,4.967,6.106
3694,123.133,576.98,481.58,-4.89,4.797,6.85
3695,123.167,576.87,482.24,-6.492,4.513,7.907
3696,123.2,577.04,483.17,-7.455,4.445,8.679
3697,123.233,576.85,483.29,-8.563,4.468,9.659
3698,123.267,576.21,482.76,-9.281,4.186,10.182
3699,123.3,575.98,482.86,-9.805,3.806,10.518
3700,123.333,575.67,482.75,-10.103,3.497,10.691
3701,123.367,575.3,482.57,-9.992,3.069,10.452
3702,123.4,573.35,482.65,-9.945,1.986,10.141
3703,123.433,574.57,482.3,-9.757,2.615,10.101
3704,123.467,573.43,482.39,-9.425,3.694,10.123
3705,123.5,573.19,482.47,-8.755,5.026,10.095
3706,123.533,573.35,482.56,-7.549,5.794,9.517
3707,123.567,571.52,482.89,-6.061,5.544,8.214
3708,123.6,573.06,483.03,-4.175,3.853,5.681
3709,123.633,572.84,483.49,-1.979,0.512,2.044
3710,123.667,573.7,484.03,0.282,-3.805,3.815
3711,123.7,572.82,483.7,2.215,-6.869,7.217
3712,123.733,573.41,483.41,3.7,-10.004,10.666
3713,123.767,572.93,483.56,5.015,-12.63,13.589
3714,123.8,573.08,483.71,5.9,-14.4,15.562
3715,123.833,573.23,483.39,6.435,-15.679,16.948
3716,123.867,572.8,483.47,6.545,-16.434,17.689
3717,123.9,573.32,485.29,6.28,-16.557,17.708
3718,123.933,573.96,481.68,6.62,-15.946,17.266
3719,123.967,574.79,478.79,6.111,-14.663,15.886
3720,124.0,575.38,475.87,5.774,-12.797,14.039
3721,124.033,575.45,474.35,5.395,-10.232,11.567
3722,124.067,575.79,474.0,4.985,-6.85,8.472
3723,124.1,575.35,475.09,5.461,-3.129,6.293
3724,124.133,575.39,477.98,5.336,0.78,5.392
3725,124.167,574.98,481.2,5.416,4.551,7.075
3726,124.2,575.4,479.8,5.106,7.68,9.223
3727,124.233,575.64,480.37,5.062,10.578,11.727
3728,124.267,575.28,480.37,4.677,13.008,13.823
3729,124.3,575.89,480.33,4.601,14.618,15.325
3730,124.333,576.0,480.52,4.582,15.148,15.826
3731,124.367,576.28,480.94,4.867,14.548,15.34
3732,124.4,576.53,481.4,5.484,12.501,13.651
3733,124.433,576.76,481.37,6.165,8.012,10.11
3734,124.467,576.99,481.96,6.529,3.79,7.549
3735,124.5,577.4,482.44,6.251,0.352,6.261
3736,124.533,577.72,482.61,5.664,-1.868,5.964
3737,124.567,577.55,482.13,4.733,-2.877,5.539
3738,124.6,577.82,481.9,3.513,-2.84,4.518
3739,124.633,578.02,481.73,2.399,-2.173,3.237
3740,124.667,577.96,481.4,1.34,-1.931,2.35
3741,124.7,577.83,481.45,0.715,-2.628,2.724
3742,124.733,578.06,481.07,-0.051,-2.325,2.326
3743,124.767,578.3,480.88,-0.782,-1.521,1.711
3744,124.8,578.28,480.67,-1.039,-0.436,1.127
3745,124.833,578.29,480.58,-1.229,0.731,1.43
3746,124.867,577.63,480.89,-1.15,1.679,2.035
3747,124.9,577.52,481.46,-0.913,2.484,2.647
3748,124.933,577.06,481.7,-0.524,2.863,2.911
3749,124.967,577.09,481.76,-0.031,3.241,3.241
3750,125.0,577.56,481.32,0.526,3.288,3.33
3751,125.033,577.41,481.44,0.959,3.213,3.353
3752,125.067,577.82,481.68,0.814,2.767,2.884
3753,125.1,577.91,482.21,0.906,2.122,2.307
3754,125.133,578.1,482.7,1.25,1.262,1.776
3755,125.167,578.13,483.19,1.784,0.277,1.805
3756,125.2,577.93,483.1,2.457,-0.734,2.564
3757,125.233,578.26,482.97,3.37,-1.736,3.791
3758,125.267,578.47,481.83,4.105,-2.477,4.794
3759,125.3,578.53,481.19,4.504,-2.686,5.244
3760,125.333,578.53,480.94,4.437,-2.363,5.027
3761,125.367,578.48,481.22,3.896,-1.646,4.23
3762,125.4,578.45,481.15,3.309,-0.734,3.389
3763,125.433,578.39,481.61,2.552,-0.189,2.559
3764,125.467,578.36,481.75,1.931,-0.089,1.933
3765,125.5,578.33,481.93,1.329,-0.367,1.379
3766,125.533,578.43,481.36,0.547,-0.23,0.594
3767,125.567,579.74,481.26,-0.054,0.659,0.662
3768,125.6,580.13,481.51,-0.781,1.919,2.071
3769,125.633,579.96,481.84,-1.536,3.418,3.747
3770,125.667,579.61,482.14,-2.351,5.03,5.553
3771,125.7,579.33,482.68,-3.161,6.242,6.997
3772,125.733,578.68,482.98,-3.737,7.06,7.988
3773,125.767,578.22,483.36,-4.257,7.454,8.584
3774,125.8,577.79,483.07,-4.626,8.119,9.345
3775,125.833,577.75,482.72,-4.788,8.973,10.171
3776,125.867,577.74,482.49,-4.77,9.796,10.896
3777,125.9,577.72,482.14,-4.564,10.486,11.437
3778,125.933,577.71,482.59,-4.156,11.045,11.801
3779,125.967,577.67,483.71,-3.574,11.192,11.749
3780,126.0,577.63,485.42,-2.769,10.988,11.332
3781,126.033,577.57,486.57,-1.688,10.404,10.54
3782,126.067,577.4,486.54,-0.344,9.751,9.757
3783,126.1,577.31,486.93,0.445,8.837,8.848
3784,126.133,577.34,486.92,0.851,8.494,8.536
3785,126.167,577.41,486.55,1.062,8.566,8.632
3786,126.2,577.62,486.65,1.165,8.845,8.922
3787,126.233,577.79,487.01,1.116,9.067,9.136
3788,126.267,577.89,487.4,1.158,9.07,9.143
3789,126.3,577.84,487.5,1.27,8.722,8.814
3790,126.333,577.72,487.54,1.547,8.221,8.365
3791,126.367,577.69,487.85,1.815,7.665,7.877
3792,126.4,577.7,487.83,2.102,8.058,8.327
3793,126.433,577.71,488.08,2.383,9.11,9.417
3794,126.467,577.9,488.38,2.595,10.737,11.047
3795,126.5,578.06,488.83,2.724,12.276,12.574
3796,126.533,578.17,489.4,2.733,13.188,13.468
3797,126.567,578.17,490.48,2.647,13.353,13.612
3798,126.6,578.28,492.28,2.564,13.226,13.472
3799,126.633,578.43,492.21,2.504,12.81,13.053
3800,126.667,578.55,492.0,2.52,12.252,12.509
3801,126.7,578.65,491.91,2.545,11.573,11.849
3802,126.733,578.77,491.8,2.494,10.692,10.979
3803,126.767,578.86,492.03,2.349,9.552,9.836
3804,126.8,578.97,492.36,2.135,7.948,8.229
3805,126.833,579.01,493.17,1.905,6.039,6.333
3806,126.867,579.1,494.48,1.678,4.053,4.387
3807,126.9,579.05,493.82,1.463,2.188,2.632
3808,126.933,578.97,493.98,1.271,0.725,1.463
3809,126.967,578.94,493.56,1.14,-0.386,1.204
3810,127.0,578.94,493.55,1.039,-1.112,1.522
3811,127.033,579.04,493.49,0.998,-1.39,1.712
3812,127.067,579.17,493.62,1.064,-1.641,1.956
3813,127.1,579.31,493.78,1.281,-2.054,2.421
3814,127.133,579.46,493.4,1.558,-3.232,3.588
3815,127.167,579.42,492.88,1.848,-4.371,4.745
3816,127.2,579.45,492.75,2.139,-5.074,5.506
3817,127.233,579.49,492.53,2.406,-5.259,5.783
3818,127.267,579.53,492.18,2.587,-4.817,5.467
3819,127.3,579.51,492.28,2.679,-3.768,4.623
3820,127.333,579.52,492.62,2.657,-2.188,3.442
3821,127.367,579.65,492.96,2.569,-0.369,2.595
3822,127.4,579.79,492.87,2.365,1.062,2.593
3823,127.433,579.97,492.69,2.139,2.727,3.466
3824,127.467,580.18,492.51,1.95,4.451,4.859
3825,127.5,580.34,492.33,1.738,6.267,6.504
3826,127.533,580.43,491.89,1.504,7.665,7.811
3827,127.567,580.41,492.32,1.249,8.937,9.024
3828,127.6,580.36,492.74,0.958,9.94,9.986
3829,127.633,580.34,493.45,0.641,10.586,10.606
3830,127.667,580.3,494.32,0.308,10.869,10.874
3831,127.7,580.24,494.87,0.056,10.732,10.732
3832,127.733,580.19,495.4,-0.167,10.34,10.341
3833,127.767,580.2,495.95,-0.391,9.488,9.496
3834,127.8,580.23,496.27,-0.576,8.299,8.319
3835,127.833,580.26,496.5,-0.638,6.96,6.989
3836,127.867,580.24,496.44,-0.602,5.383,5.417
3837,127.9,580.25,496.41,-0.383,3.618,3.638
3838,127.933,580.21,496.64,0.028,1.672,1.672
3839,127.967,580.11,496.24,0.524,-0.246,0.579
3840,128.0,580.12,496.04,0.961,-1.865,2.098
3841,128.033,580.2,496.52,1.217,-3.154,3.38
3842,128.067,580.24,496.35,1.208,-3.789,3.977
3843,128.1,580.31,496.0,0.903,-4.192,4.288
3844,128.133,580.33,495.37,0.327,-4.416,4.428
3845,128.167,580.3,495.04,-0.367,-4.716,4.73
3846,128.2,580.23,495.16,-1.184,-5.312,5.442
3847,128.233,580.22,494.66,-2.053,-5.84,6.19
3848,128.267,580.31,494.8,-2.895,-6.172,6.817
3849,128.3,580.37,495.24,-3.717,-6.299,7.314
3850,128.333,580.38,495.15,-4.415,-6.087,7.52
3851,128.367,580.47,494.98,-5.148,-5.954,7.871
3852,128.4,580.23,494.53,-5.892,-6.042,8.439
3853,128.433,579.77,494.5,-6.611,-6.564,9.317
3854,128.467,579.25,494.35,-7.197,-7.482,10.382
3855,128.5,578.73,493.8,-7.44,-8.193,11.067
3856,128.533,578.31,493.31,-7.256,-8.561,11.222
3857,128.567,578.03,492.65,-6.572,-8.838,11.014
3858,128.6,577.97,492.18,-5.373,-8.678,10.207
3859,128.633,578.06,491.91,-4.018,-8.246,9.172
3860,128.667,577.92,492.0,-2.277,-6.961,7.324
3861,128.7,577.92,492.52,-0.367,-5.065,5.078
3862,128.733,577.92,492.68,1.623,-3.058,3.462
3863,128.767,577.88,492.51,3.481,-0.479,3.513
3864,128.8,577.88,492.01,5.024,1.752,5.32
3865,128.833,577.7,490.93,6.065,3.083,6.803
3866,128.867,577.91,490.46,6.528,3.424,7.372
3867,128.9,578.33,490.58,6.452,3.53,7.354
3868,128.933,578.92,491.49,6.282,4.284,7.604
3869,128.967,579.59,492.52,5.887,5.202,7.856
3870,129.0,580.13,493.3,5.316,6.186,8.156
3871,129.033,580.47,493.92,4.546,7.654,8.902
3872,129.067,580.47,494.35,3.535,8.979,9.649
3873,129.1,580.19,494.43,2.208,10.22,10.456
3874,129.133,580.41,495.03,0.645,11.094,11.112
3875,129.167,579.93,494.65,-1.243,11.414,11.481
3876,129.2,579.59,494.25,-3.187,11.648,12.076
3877,129.233,579.18,494.14,-4.889,12.842,13.741
3878,129.267,578.93,493.33,-6.073,15.428,16.581
3879,129.3,578.74,493.65,-6.732,18.912,20.074
3880,129.333,578.82,494.89,-6.963,22.464,23.518
3881,129.367,579.11,497.4,-6.906,25.424,26.346
3882,129.4,579.18,499.05,-7.052,26.302,27.231
3883,129.433,578.33,499.1,-7.902,23.68,24.963
3884,129.467,577.74,499.39,-9.629,17.717,20.165
3885,129.5,577.06,499.61,-12.281,9.837,15.735
3886,129.533,576.47,498.89,-15.56,0.573,15.57
3887,129.567,576.04,499.17,-19.139,-9.613,21.417
3888,129.6,575.91,499.59,-22.396,-20.142,30.121
3889,129.633,575.65,500.84,-24.848,-30.364,39.235
3890,129.667,575.65,503.01,-26.787,-40.274,48.369
3891,129.7,575.58,504.36,-27.995,-49.204,56.61
3892,129.733,574.87,502.28,-28.312,-56.563,63.253
3893,129.767,573.35,497.48,-27.592,-61.427,67.34
3894,129.8,571.4,491.43,-26.299,-63.569,68.795
3895,129.833,569.13,485.17,-24.591,-63.624,68.21
3896,129.867,566.97,479.45,-22.496,-61.894,65.855
3897,129.9,565.35,476.09,-20.243,-59.732,63.069
3898,129.933,564.74,476.44,-18.168,-57.931,60.713
3899,129.967,564.81,477.73,-15.989,-56.67,58.882
3900,130.0,565.49,477.35,-13.308,-55.508,57.081
3901,130.033,566.3,477.0,-9.788,-53.17,54.064
3902,130.067,567.21,476.72,-5.797,-48.85,49.193
3903,130.1,567.55,476.25,-1.332,-42.26,42.281
3904,130.133,567.36,475.53,3.967,-32.385,32.627
3905,130.167,567.23,474.91,9.562,-20.624,22.733
3906,130.2,567.38,474.62,14.796,-9.407,17.533
3907,130.233,567.17,474.08,18.189,-1.068,18.22
3908,130.267,566.61,471.67,20.017,6.523,21.053
3909,130.3,566.84,469.61,20.78,13.412,24.733
3910,130.333,567.51,468.14,20.924,19.247,28.43
3911,130.367,568.03,466.23,20.768,24.254,31.931
3912,130.4,568.61,465.17,20.317,28.991,35.402
3913,130.433,570.02,466.32,19.564,32.679,38.088
3914,130.467,572.16,470.72,18.854,33.86,38.756
3915,130.5,573.65,476.14,18.432,32.437,37.308
3916,130.533,574.51,480.45,17.919,31.217,35.994
3917,130.567,575.94,485.04,17.094,29.34,33.957
3918,130.6,577.06,488.38,15.681,26.514,30.804
3919,130.633,576.21,487.81,13.792,22.741,26.596
3920,130.667,575.19,486.09,11.715,17.92,21.41
3921,130.7,573.8,484.51,9.52,12.132,15.422
3922,130.733,574.59,485.02,7.212,5.34,8.974
3923,130.767,575.08,481.23,5.074,-2.306,5.573
3924,130.8,575.21,477.69,3.569,-9.143,9.815
3925,130.833,574.94,475.84,2.553,-14.681,14.902
3926,130.867,574.75,475.11,1.958,-18.275,18.38
3927,130.9,575.36,474.91,1.923,-19.076,19.172
3928,130.933,576.79,476.53,2.525,-16.855,17.044
3929,130.967,577.57,479.4,3.365,-12.226,12.681
3930,131.0,577.45,482.36,3.865,-7.094,8.078
3931,131.033,577.32,480.73,4.033,-2.912,4.975
3932,131.067,577.15,480.08,4.104,0.269,4.113
3933,131.1,577.05,479.56,3.559,1.294,3.787
3934,131.133,577.01,478.92,2.276,0.118,2.279
3935,131.167,576.98,478.77,1.105,-1.889,2.188
3936,131.2,576.98,478.65,0.358,-4.019,4.035
3937,131.233,576.92,478.54,0.504,-6.35,6.37
3938,131.267,576.94,478.76,0.667,-9.701,9.724
3939,131.3,576.91,478.32,0.871,-12.113,12.144
3940,131.333,576.92,477.89,1.251,-12.997,13.057
3941,131.367,576.93,476.8,2.026,-12.592,12.754
3942,131.4,577.02,475.67,3.251,-11.062,11.53
3943,131.433,577.17,474.79,4.531,-8.537,9.665
3944,131.467,577.38,474.06,5.281,-5.896,7.916
3945,131.5,577.69,473.93,5.561,-4.2,6.969
3946,131.533,578.11,474.66,5.769,-3.827,6.923
3947,131.567,578.32,475.13,5.849,-2.99,6.569
3948,131.6,578.57,476.06,5.839,-1.912,6.144
3949,131.633,578.75,476.39,5.729,-0.458,5.747
3950,131.667,578.93,476.6,5.489,1.381,5.66
3951,131.7,579.05,476.43,5.131,3.286,6.093
3952,131.733,579.21,476.54,4.648,5.109,6.906
3953,131.767,579.27,475.92,4.119,6.596,7.776
3954,131.8,579.35,475.63,3.559,7.341,8.158
3955,131.833,579.37,475.38,3.009,7.516,8.096
3956,131.867,579.43,475.31,2.533,7.188,7.621
3957,131.9,579.5,475.38,2.166,6.849,7.183
3958,131.933,579.65,475.85,1.885,6.498,6.766
3959,131.967,579.78,476.55,1.669,6.326,6.543
3960,132.0,579.92,477.59,1.455,6.44,6.602
3961,132.033,579.86,477.92,1.18,6.452,6.559
3962,132.067,579.88,478.52,0.755,5.889,5.937
3963,132.1,579.89,478.95,0.289,4.888,4.896
3964,132.133,579.88,478.9,-0.157,3.353,3.357
3965,132.167,579.89,478.76,-0.528,1.618,1.702
3966,132.2,579.92,478.55,-0.842,-0.383,0.925
3967,132.233,579.96,478.21,-1.056,-2.166,2.41
3968,132.267,579.96,478.01,-1.224,-3.79,3.983
3969,132.3,579.91,477.96,-1.345,-4.95,5.129
3970,132.333,579.88,477.98,-1.418,-5.831,6.001
3971,132.367,579.73,477.75,-1.398,-6.325,6.478
3972,132.4,579.56,477.15,-1.276,-6.346,6.473
3973,132.433,579.39,476.87,-1.078,-5.762,5.862
3974,132.467,579.24,476.32,-0.859,-4.698,4.776
3975,132.5,579.2,475.73,-0.644,-3.166,3.231
3976,132.533,579.25,475.71,-0.506,-1.733,1.806
3977,132.567,579.41,476.09,-0.375,-0.334,0.502
3978,132.6,579.59,476.65,-0.29,0.565,0.635
3979,132.633,579.64,477.01,-0.207,1.139,1.157
3980,132.667,579.63,477.15,-0.077,1.777,1.779
3981,132.7,579.62,477.6,0.048,2.43,2.43
3982,132.733,579.54,477.5,0.174,3.318,3.323
3983,132.767,579.49,477.17,0.253,4.354,4.361
3984,132.8,579.5,476.96,0.26,5.385,5.391
3985,132.833,579.53,477.16,0.2,6.214,6.217
3986,132.867,579.52,477.48,0.028,6.54,6.54
3987,132.9,579.45,477.83,-0.17,6.577,6.58
3988,132.933,579.4,478.03,-0.364,6.582,6.592
3989,132.967,579.34,478.15,-0.581,6.218,6.245
3990,133.0,579.26,477.79,-0.798,5.726,5.781
3991,133.033,579.27,477.79,-1.059,5.108,5.217
3992,133.067,579.32,478.04,-1.467,4.502,4.735
3993,133.1,579.42,479.0,-2.258,3.574,4.227
3994,133.133,579.44,479.71,-3.12,2.345,3.903
3995,133.167,579.36,479.94,-3.75,0.845,3.844
3996,133.2,579.31,480.23,-4.133,-0.741,4.199
3997,133.233,579.17,479.89,-3.951,-2.382,4.613
3998,133.267,579.02,479.56,-3.35,-3.701,4.992
3999,133.3,578.86,479.18,-2.847,-4.318,5.172
4000,133.333,578.68,478.77,-2.174,-4.166,4.699
4001,133.367,578.52,478.7,-1.289,-3.594,3.818
4002,133.4,578.28,478.28,-0.32,-2.642,2.661
4003,133.433,578.01,477.6,0.786,-1.562,1.748
4004,133.467,577.85,477.37,1.961,-0.618,2.056
4005,133.5,577.74,477.14,3.248,0.17,3.252
4006,133.533,577.75,477.46,4.561,1.053,4.681
4007,133.567,578.07,477.35,5.632,1.802,5.913
4008,133.6,579.15,477.78,6.476,2.432,6.918
4009,133.633,579.89,478.13,7.009,2.433,7.419
4010,133.667,580.24,478.77,7.189,1.938,7.446
4011,133.7,580.66,479.51,7.215,1.359,7.342
4012,133.733,580.25,480.02,6.945,0.561,6.968
4013,133.767,579.91,480.32,6.249,-0.137,6.25
4014,133.8,580.65,480.12,5.187,-0.74,5.24
4015,133.833,580.85,479.57,3.846,-1.349,4.076
4016,133.867,580.83,479.15,2.425,-1.866,3.06
4017,133.9,580.97,478.31,1.004,-2.736,2.914
4018,133.933,580.96,477.54,-0.368,-3.644,3.663
4019,133.967,580.93,477.19,-1.461,-4.179,4.427
4020,134.0,580.65,476.91,-2.163,-4.308,4.82
4021,134.033,580.36,476.74,-2.492,-3.869,4.602
4022,134.067,580.45,477.01,-2.337,-3.188,3.953
4023,134.1,580.4,477.28,-1.866,-2.021,2.751
4024,134.133,580.37,477.99,-1.505,-0.92,1.764
4025,134.167,580.41,478.59,-1.242,0.025,1.243
4026,134.2,580.02,478.63,-1.155,0.725,1.364
4027,134.233,579.75,478.62,-1.292,1.079,1.683
4028,134.267,579.87,478.33,-1.129,1.076,1.559
4029,134.3,580.07,477.9,-0.723,0.671,0.986
4030,134.333,580.3,477.67,-0.618,-0.075,0.622
4031,134.367,580.32,477.29,-0.487,-0.828,0.96
4032,134.4,580.29,477.61,-0.326,-1.865,1.893
4033,134.433,580.44,477.91,-0.278,-2.746,2.76
4034,134.467,580.42,478.02,-0.235,-3.116,3.125
4035,134.5,580.22,477.88,-0.229,-3.028,3.036
4036,134.533,580.23,477.48,-0.205,-2.658,2.666
4037,134.567,580.06,477.14,-0.1,-2.008,2.01
4038,134.6,580.01,476.58,0.016,-1.265,1.265
4039,134.633,579.91,476.62,0.027,-0.531,0.532
4040,134.667,579.72,476.98,-0.195,-0.23,0.301
4041,134.7,579.89,477.22,-0.382,-0.306,0.49
4042,134.733,580.02,477.34,-0.284,-0.367,0.464
4043,134.767,579.89,477.33,-0.002,-0.493,0.493
4044,134.8,580.06,477.25,0.241,-0.708,0.748
4045,134.833,580.33,477.38,0.389,-0.878,0.961
4046,134.867,580.23,477.15,0.381,-0.999,1.069
4047,134.9,580.23,477.51,0.218,-1.062,1.085
4048,134.933,580.31,477.7,0.032,-1.317,1.318
4049,134.967,580.21,477.4,-0.215,-1.796,1.809
4050,135.0,580.08,476.86,-0.43,-2.3,2.34
4051,135.033,580.08,476.65,-0.549,-2.714,2.769
4052,135.067,580.09,476.5,-0.811,-2.735,2.853
4053,135.1,579.82,476.33,-0.999,-2.328,2.533
4054,135.133,579.86,476.33,-1.007,-1.35,1.684
4055,135.167,580.29,476.71,-0.965,-0.161,0.978
4056,135.2,580.13,476.92,-0.802,0.875,1.187
4057,135.233,579.81,476.64,-0.624,1.612,1.728
4058,135.267,579.67,476.36,-0.574,2.059,2.138
4059,135.3,579.65,476.37,-0.327,2.426,2.448
4060,135.333,579.65,476.42,-0.116,2.676,2.678
4061,135.367,579.69,476.42,0.087,2.652,2.653
4062,135.4,579.95,476.82,0.423,2.44,2.477
4063,135.433,580.07,477.26,0.582,1.838,1.928
4064,135.467,580.07,477.79,0.501,0.985,1.106
4065,135.5,579.94,478.07,0.393,0.346,0.524
4066,135.533,579.82,478.32,0.401,0.271,0.484
4067,135.567,580.07,478.19,0.304,0.814,0.869
4068,135.6,580.14,477.87,0.123,1.837,1.841
4069,135.633,579.84,477.42,-0.019,3.399,3.399
4070,135.667,579.84,477.06,0.01,5.348,5.348
4071,135.7,579.89,476.97,-0.198,7.316,7.319
4072,135.733,579.83,477.19,-0.601,9.204,9.224
4073,135.767,580.11,477.58,-0.804,11.214,11.243
4074,135.8,580.0,477.7,-0.979,13.283,13.319
4075,135.833,580.07,478.03,-1.21,15.274,15.322
4076,135.867,579.8,478.62,-1.462,17.061,17.123
4077,135.9,579.38,479.7,-1.717,18.816,18.894
4078,135.933,579.47,480.96,-2.154,20.279,20.393
4079,135.967,579.69,482.29,-2.601,21.206,21.364
4080,136.0,579.67,483.36,-2.899,21.3,21.497
4081,136.033,579.37,484.16,-3.108,20.637,20.869
4082,136.067,579.37,484.55,-3.447,19.157,19.464
4083,136.1,579.35,485.06,-3.952,17.175,17.624
4084,136.133,579.44,485.33,-4.707,14.729,15.462
4085,136.167,578.93,485.53,-5.29,12.334,13.421
4086,136.2,578.62,485.8,-5.458,10.188,11.558
4087,136.233,578.74,486.08,-5.496,8.417,10.052
4088,136.267,578.29,486.23,-5.414,6.833,8.718
4089,136.3,578.08,486.46,-5.051,5.586,7.531
4090,136.333,577.99,486.65,-4.326,4.872,6.516
4091,136.367,577.9,487.0,-3.705,4.861,6.113
4092,136.4,577.8,486.96,-3.072,5.444,6.251
4093,136.433,577.9,486.82,-2.023,6.657,6.957
4094,136.467,577.74,486.85,-0.704,8.25,8.28
4095,136.5,577.25,487.2,1.109,10.027,10.088
4096,136.533,576.93,487.57,2.421,11.674,11.923
4097,136.567,577.23,488.1,3.878,12.964,13.531
4098,136.6,577.42,488.48,5.312,13.684,14.679
4099,136.633,578.15,489.37,6.969,13.612,15.292
4100,136.667,578.72,489.81,8.211,12.789,15.198
4101,136.7,578.59,490.19,9.158,11.466,14.675
4102,136.733,578.97,490.4,9.589,9.681,13.626
4103,136.767,579.65,491.03,9.696,7.679,12.369
4104,136.8,579.58,491.47,9.495,5.71,11.08
4105,136.833,579.44,492.05,8.96,3.74,9.71
4106,136.867,580.03,492.4,8.536,1.754,8.715
4107,136.9,580.9,492.89,7.886,-0.377,7.895
4108,136.933,581.32,492.66,7.06,-2.244,7.408
4109,136.967,581.5,492.2,5.746,-3.504,6.731
4110,137.0,580.52,491.25,4.187,-4.009,5.797
4111,137.033,581.58,490.35,2.617,-3.825,4.634
4112,137.067,581.68,489.53,0.961,-2.939,3.092
4113,137.1,581.64,489.26,-1.162,-1.791,2.135
4114,137.133,580.62,489.38,-3.831,-0.641,3.884
4115,137.167,580.29,489.87,-7.351,-0.199,7.353
4116,137.2,580.17,490.25,-11.367,-0.221,11.369
4117,137.233,580.54,490.81,-15.143,-0.483,15.15
4118,137.267,580.0,491.08,-18.811,-0.57,18.82
4119,137.3,579.93,491.09,-22.297,-0.509,22.303
4120,137.333,579.84,491.14,-25.35,-0.201,25.351
4121,137.367,578.49,491.42,-27.489,0.435,27.492
4122,137.4,577.48,492.04,-29.161,1.317,29.191
4123,137.433,576.12,492.47,-30.519,2.176,30.597
4124,137.467,575.0,492.57,-31.431,3.391,31.614
4125,137.5,573.48,492.29,-31.608,5.224,32.037
4126,137.533,571.75,491.67,-30.341,8.111,31.406
4127,137.567,570.16,490.64,-28.404,12.1,30.874
4128,137.6,568.93,489.99,-25.642,17.165,30.857
4129,137.633,568.32,489.95,-21.85,23.064,31.771
4130,137.667,568.36,491.15,-16.941,29.056,33.634
4131,137.7,568.33,492.83,-11.408,34.705,36.531
4132,137.733,567.97,494.78,-5.692,39.768,40.173
4133,137.767,567.89,496.62,-0.425,43.867,43.869
4134,137.8,567.63,498.49,4.511,46.881,47.097
4135,137.833,567.97,500.52,8.584,48.943,49.69
4136,137.867,567.94,502.23,11.484,50.053,51.354
4137,137.9,568.51,504.19,13.504,49.867,51.663
4138,137.933,569.29,506.44,14.737,48.187,50.39
4139,137.967,570.41,508.5,15.434,45.083,47.651
4140,138.0,571.35,510.15,15.594,40.744,43.626
4141,138.033,572.35,511.21,15.373,35.346,38.545
4142,138.067,572.87,511.88,14.835,29.207,32.759
4143,138.1,573.44,512.23,14.035,23.038,26.976
4144,138.133,573.08,511.99,12.668,17.176,21.342
4145,138.167,572.98,512.28,10.545,11.882,15.886
4146,138.2,572.85,512.49,7.838,7.133,10.598
4147,138.233,572.86,512.69,4.821,2.879,5.615
4148,138.267,573.0,512.93,2.022,-0.791,2.171
4149,138.3,573.14,513.24,-0.459,-3.713,3.741
4150,138.333,573.41,513.26,-2.465,-5.784,6.287
4151,138.367,573.7,512.94,-4.047,-7.224,8.28
4152,138.4,574.41,512.9,-5.124,-8.076,9.564
4153,138.433,574.53,512.69,-5.715,-8.607,10.332
4154,138.467,574.26,512.21,-5.858,-9.144,10.86
4155,138.5,573.44,511.48,-5.805,-9.832,11.418
4156,138.533,572.4,510.9,-5.641,-10.4,11.831
4157,138.567,571.45,510.6,-5.587,-10.642,12.02
4158,138.6,570.56,510.27,-5.596,-10.465,11.867
4159,138.633,570.59,510.17,-5.85,-9.924,11.52
4160,138.667,571.29,510.26,-5.863,-8.759,10.54
4161,138.7,571.65,510.14,-5.704,-6.803,8.878
4162,138.733,571.92,510.19,-5.236,-4.006,6.593
4163,138.767,571.8,510.1,-4.494,-0.209,4.499
4164,138.8,571.51,509.93,-3.488,4.765,5.905
4165,138.833,571.42,509.55,-2.271,10.606,10.847
4166,138.867,571.11,509.38,-0.986,16.868,16.896
4167,138.9,571.31,509.67,0.266,23.084,23.086
4168,138.933,571.29,510.4,1.176,28.79,28.814
4169,138.967,571.16,511.56,1.759,34.096,34.141
4170,139.0,571.01,513.2,2.124,38.74,38.798
4171,139.033,570.89,514.58,2.444,42.952,43.021
4172,139.067,570.86,516.01,3.002,46.749,46.845
4173,139.1,570.94,517.62,3.858,50.162,50.31
4174,139.133,571.23,519.86,5.151,53.203,53.452
4175,139.167,571.51,522.74,6.596,55.397,55.788
4176,139.2,571.92,525.21,7.853,56.85,57.39
4177,139.233,572.27,527.77,8.933,57.764,58.45
4178,139.267,572.68,529.89,9.781,58.036,58.855
4179,139.3,573.01,531.0,10.437,57.715,58.651
4180,139.333,573.39,531.66,11.045,56.846,57.909
4181,139.367,573.81,532.53,11.407,55.73,56.886
4182,139.4,574.23,534.11,11.494,54.388,55.589
4183,139.433,574.45,536.11,10.96,52.483,53.615
4184,139.467,574.74,537.69,9.96,50.305,51.282
4185,139.5,574.91,539.91,8.545,48.032,48.786
4186,139.533,575.24,541.98,6.938,45.888,46.41
4187,139.567,575.44,543.97,5.308,44.173,44.49
4188,139.6,575.75,545.52,3.852,43.1,43.272
4189,139.633,576.15,546.82,2.678,42.784,42.868
4190,139.667,576.46,548.82,1.7,42.805,42.839
4191,139.7,576.58,550.31,1.016,42.474,42.486
4192,139.733,576.6,551.37,0.616,41.696,41.701
4193,139.767,576.42,552.23,0.463,40.108,40.111
4194,139.8,576.26,552.95,0.51,37.741,37.745
4195,139.833,575.8,553.67,0.809,34.984,34.993
4196,139.867,575.38,554.23,1.385,32.184,32.214
4197,139.9,575.22,555.02,2.101,29.598,29.672
4198,139.933,575.39,556.92,2.827,27.208,27.354
4199,139.967,575.59,558.72,3.766,25.198,25.478
4200,140.0,576.11,560.46,4.877,24.06,24.55
4201,140.033,576.6,561.64,6.167,23.616,24.408
4202,140.067,577.11,562.61,7.575,24.02,25.186
4203,140.1,577.47,563.2,9.184,25.189,26.811
4204,140.133,577.71,563.33,10.874,26.968,29.078
4205,140.167,578.1,563.38,12.386,29.068,31.597
4206,140.2,578.41,563.72,13.64,30.964,33.835
4207,140.233,578.63,564.13,14.601,32.541,35.667
4208,140.267,578.99,564.83,15.067,33.644,36.864
4209,140.3,579.43,565.65,14.985,34.372,37.496
4210,140.333,579.85,566.87,14.241,34.863,37.659
4211,140.367,580.14,568.61,12.94,35.154,37.46
4212,140.4,580.61,570.69,11.265,35.312,37.066
4213,140.433,581.34,573.03,9.364,35.458,36.673
4214,140.467,581.85,575.11,7.333,35.076,35.834
4215,140.5,582.31,576.84,5.36,34.146,34.564
4216,140.533,582.81,578.26,3.377,32.456,32.631
4217,140.567,583.14,578.98,1.479,30.27,30.306
4218,140.6,583.17,579.15,-0.366,27.682,27.684
4219,140.633,582.93,579.25,-2.145,24.936,25.028
4220,140.667,582.68,579.65,-3.725,22.23,22.54
4221,140.7,582.16,579.87,-5.141,19.925,20.577
4222,140.733,581.38,580.14,-6.48,18.08,19.206
4223,140.767,580.69,580.87,-7.562,17.102,18.699
4224,140.8,580.1,581.6,-8.431,17.145,19.106
4225,140.833,579.74,582.26,-9.22,18.664,20.817
4226,140.867,579.76,583.01,-9.993,22.031,24.191
4227,140.9,579.93,584.15,-10.641,27.111,29.124
4228,140.933,580.07,585.29,-11.099,33.466,35.258
4229,140.967,580.09,586.54,-10.526,40.573,41.917
4230,141.0,579.92,587.74,-9.906,47.836,48.851
4231,141.033,579.68,589.28,-9.232,54.674,55.448
4232,141.067,579.23,590.75,-8.311,60.564,61.132
4233,141.1,578.75,592.32,-7.164,65.449,65.84
4234,141.133,578.35,593.98,-5.899,69.315,69.566
4235,141.167,577.82,596.28,-4.796,72.149,72.309
4236,141.2,577.23,598.82,-3.953,73.767,73.873
4237,141.233,576.96,602.0,-2.979,74.395,74.455
4238,141.267,576.58,605.33,-1.799,74.787,74.809
4239,141.3,576.28,609.07,-0.542,73.147,73.149
4240,141.333,576.37,612.55,0.646,68.308,68.311
4241,141.367,576.92,615.12,1.816,62.091,62.117
4242,141.4,577.86,616.99,2.62,55.655,55.717
4243,141.433,578.98,618.46,3.077,49.753,49.848
4244,141.467,577.77,619.3,2.932,44.741,44.837
4245,141.5,578.41,620.0,2.272,40.881,40.944
4246,141.533,579.08,620.75,1.668,38.358,38.394
4247,141.567,579.04,621.65,1.19,34.877,34.897
4248,141.6,578.63,622.41,0.754,29.741,29.75
4249,141.633,578.18,623.23,0.205,24.661,24.662
4250,141.667,578.27,623.88,-0.544,20.279,20.287
4251,141.7,578.5,624.41,-0.947,16.696,16.723
4252,141.733,578.04,624.44,-0.746,13.971,13.991
4253,141.767,577.55,622.19,0.048,11.865,11.865
4254,141.8,577.26,623.01,1.495,10.357,10.464
4255,141.833,577.36,627.83,3.629,9.164,9.857
4256,141.867,577.32,630.89,6.28,8.053,10.212
4257,141.9,577.75,632.55,9.063,7.315,11.647
4258,141.933,578.07,632.48,11.088,7.048,13.138
4259,141.967,579.04,631.27,12.306,7.232,14.274
4260,142.0,580.21,628.56,13.773,8.233,16.046
4261,142.033,580.43,624.22,14.577,9.67,17.493
4262,142.067,580.36,624.07,14.11,11.759,18.367
4263,142.1,580.56,627.06,12.556,14.147,18.915
4264,142.133,581.29,628.18,10.813,16.894,20.058
4265,142.167,582.54,629.04,9.02,19.92,21.867
4266,142.2,583.13,629.94,6.425,22.796,23.684
4267,142.233,583.42,631.15,3.605,25.311,25.566
4268,142.267,583.4,632.67,1.018,28.385,28.403
4269,142.3,583.28,634.22,-0.836,33.0,33.01
4270,142.333,582.92,635.63,-2.441,37.997,38.076
4271,142.367,582.27,637.17,-3.608,40.653,40.813
4272,142.4,581.45,638.33,-4.191,40.99,41.204
4273,142.433,581.64,639.4,-4.435,38.847,39.1
4274,142.467,581.15,640.45,-4.073,34.679,34.918
4275,142.5,580.52,640.94,-3.453,28.946,29.151
4276,142.533,579.91,642.17,-3.019,23.073,23.27
4277,142.567,580.3,642.71,-2.652,18.291,18.482
4278,142.6,581.25,643.47,-2.399,13.042,13.26
4279,142.633,581.03,643.81,-2.261,6.018,6.429
4280,142.667,580.7,643.64,-2.379,-1.592,2.863
4281,142.7,581.84,644.0,-3.107,-9.101,9.617
4282,142.733,581.92,644.69,-4.206,-15.866,16.414
4283,142.767,581.87,643.57,-5.645,-21.722,22.443
4284,142.8,580.92,642.81,-7.358,-26.464,27.468
4285,142.833,581.02,641.66,-9.278,-30.162,31.556
4286,142.867,580.61,640.71,-11.268,-33.067,34.934
4287,142.9,580.13,639.13,-13.094,-35.439,37.781
4288,142.933,579.78,637.5,-14.498,-37.353,40.068
4289,142.967,578.9,635.61,-15.84,-38.948,42.046
4290,143.0,577.71,633.73,-16.743,-40.603,43.919
4291,143.033,576.59,630.95,-17.005,-41.69,45.025
4292,143.067,575.81,629.07,-16.422,-42.554,45.613
4293,143.1,575.61,628.5,-15.382,-43.294,45.945
4294,143.133,575.54,628.47,-14.364,-43.816,46.111
4295,143.167,575.38,628.4,-12.944,-43.972,45.837
4296,143.2,575.22,628.11,-11.088,-43.463,44.855
4297,143.233,574.88,627.16,-9.517,-42.601,43.651
4298,143.267,574.57,625.95,-7.891,-41.497,42.241
4299,143.3,574.35,623.95,-6.34,-39.149,39.659
4300,143.333,574.12,621.65,-4.416,-36.019,36.289
4301,143.367,573.95,619.61,-2.65,-32.311,32.419
4302,143.4,573.84,617.66,-1.0,-28.134,28.152
4303,143.433,573.8,616.02,0.463,-23.362,23.366
4304,143.467,573.77,614.76,1.551,-18.296,18.361
4305,143.5,573.76,614.56,2.541,-13.399,13.638
4306,143.533,573.84,614.02,3.601,-8.796,9.504
4307,143.567,573.91,613.6,4.723,-4.183,6.309
4308,143.6,573.96,614.31,5.833,0.166,5.835
4309,143.633,574.17,614.96,6.774,3.794,7.764
4310,143.667,574.52,615.91,7.457,6.472,9.874
4311,143.7,575.11,617.02,8.009,8.091,11.385
4312,143.733,575.56,618.41,8.422,8.332,11.847
4313,143.767,575.85,619.25,8.777,7.299,11.415
4314,143.8,576.24,619.13,8.994,4.779,10.185
4315,143.833,576.5,618.97,8.963,1.174,9.04
4316,143.867,576.64,618.98,8.59,-3.055,9.117
4317,143.9,576.82,618.25,7.865,-7.424,10.815
4318,143.933,576.99,616.9,6.963,-11.462,13.411
4319,143.967,577.19,615.32,5.697,-15.062,16.103
4320,144.0,577.18,614.39,4.224,-18.027,18.515
4321,144.033,577.18,613.51,2.697,-20.407,20.585
4322,144.067,577.39,613.21,1.29,-22.175,22.212
4323,144.1,577.75,613.28,0.198,-23.152,23.153
4324,144.133,578.0,613.25,-0.412,-23.767,23.771
4325,144.167,578.27,612.81,-0.59,-23.545,23.553
4326,144.2,578.23,611.87,-0.481,-22.441,22.446
4327,144.233,577.99,611.01,-0.369,-20.585,20.588
4328,144.267,577.58,610.0,-0.27,-18.015,18.017
4329,144.3,577.16,609.5,-0.189,-14.308,14.309
4330,144.333,576.82,609.3,-0.221,-9.257,9.26
4331,144.367,576.74,609.26,-0.334,-3.46,3.476
4332,144.4,576.82,608.87,-0.494,2.4,2.45
4333,144.433,576.64,608.23,-0.746,7.94,7.975
4334,144.467,577.01,607.99,-1.07,12.915,12.959
4335,144.5,577.43,607.98,-1.486,17.275,17.339
4336,144.533,577.86,607.73,-1.851,20.863,20.945
4337,144.567,578.11,608.49,-2.095,24.013,24.104
4338,144.6,578.11,609.92,-2.312,26.958,27.057
4339,144.633,577.8,612.24,-2.62,29.597,29.712
4340,144.667,577.36,614.41,-3.09,31.769,31.919
4341,144.7,576.92,616.6,-3.811,33.037,33.256
4342,144.733,576.63,619.01,-4.718,33.623,33.952
4343,144.767,576.33,620.81,-5.67,33.432,33.909
4344,144.8,576.1,621.17,-6.461,32.269,32.91
4345,144.833,575.88,620.66,-6.987,30.258,31.055
4346,144.867,575.65,620.09,-7.155,27.718,28.626
4347,144.9,575.47,619.43,-7.045,24.422,25.418
4348,144.933,575.37,619.3,-6.702,20.631,21.692
4349,144.967,575.27,620.07,-5.981,16.711,17.749
4350,145.0,575.2,621.64,-5.179,13.007,14.0
4351,145.033,575.11,623.58,-4.383,11.061,11.898
4352,145.067,574.92,625.31,-3.69,12.715,13.24
4353,145.1,574.71,625.99,-3.187,14.676,15.018
4354,145.133,574.45,625.86,-2.833,15.631,15.886
4355,145.167,574.3,625.14,-2.646,14.88,15.113
4356,145.2,574.18,625.02,-2.487,10.297,10.594
4357,145.233,574.2,624.62,-2.362,2.805,3.667
4358,145.267,574.22,624.24,-2.311,-6.086,6.51
4359,145.3,574.16,624.76,-2.297,-17.219,17.371
4360,145.333,574.12,625.05,-2.326,-27.595,27.692
4361,145.367,574.02,624.57,-2.448,-36.586,36.668
4362,145.4,573.97,624.51,-2.701,-43.724,43.807
4363,145.433,573.9,624.7,-3.082,-48.25,48.349
4364,145.467,573.84,625.2,-3.456,-49.349,49.47
4365,145.5,573.85,625.51,-3.668,-47.252,47.394
4366,145.533,573.8,622.33,-3.609,-41.59,41.746
4367,145.567,573.63,613.57,-3.191,-33.695,33.846
4368,145.6,573.48,608.82,-2.338,-24.516,24.628
4369,145.633,573.22,605.71,-1.141,-14.548,14.592
4370,145.667,573.2,602.98,0.255,-3.974,3.982
4371,145.7,573.06,606.0,1.792,7.412,7.626
4372,145.733,573.02,609.37,3.39,19.076,19.375
4373,145.767,573.01,610.67,4.915,30.73,31.12
4374,145.8,573.01,615.76,6.273,41.529,42.0
4375,145.833,573.04,617.55,7.474,50.559,51.108
4376,145.867,573.28,620.12,8.575,57.344,57.982
4377,145.9,573.86,623.38,9.584,61.682,62.422
4378,145.933,574.73,626.82,10.379,63.224,64.071
4379,145.967,575.57,629.14,9.769,61.507,62.278
4380,146.0,576.28,631.3,8.883,56.064,56.763
4381,146.033,576.77,630.83,7.897,46.666,47.33
4382,146.067,577.0,630.79,7.711,35.07,35.908
4383,146.1,576.96,630.99,8.336,25.425,26.757
4384,146.133,576.91,631.68,9.373,17.36,19.728
4385,146.167,577.08,632.56,10.589,11.675,15.762
4386,146.2,577.22,632.8,11.817,9.241,15.001
4387,146.233,577.39,632.52,13.653,7.91,15.779
4388,146.267,577.63,631.88,16.13,7.603,17.831
4389,146.3,577.97,632.02,18.858,9.58,21.152
4390,146.333,578.32,632.27,21.233,12.064,24.421
4391,146.367,578.46,632.71,22.957,16.12,28.051
4392,146.4,578.49,633.8,23.796,20.96,31.71
4393,146.433,578.62,634.87,23.277,26.111,34.98
4394,146.467,581.97,636.18,21.433,30.651,37.402
4395,146.5,583.94,637.55,18.064,34.274,38.743
4396,146.533,585.98,638.85,13.259,36.389,38.729
4397,146.567,586.13,640.14,7.884,37.983,38.793
4398,146.6,585.81,640.97,2.417,38.712,38.787
4399,146.633,585.83,642.33,-2.685,38.752,38.845
4400,146.667,586.25,643.2,-6.919,37.123,37.762
4401,146.7,586.75,644.58,-10.432,33.495,35.082
4402,146.733,585.73,646.34,-13.105,28.331,31.215
4403,146.767,583.67,647.94,-14.661,22.069,26.494
4404,146.8,581.43,649.09,-15.115,15.712,21.802
4405,146.833,579.8,649.48,-14.544,9.489,17.366
4406,146.867,578.54,649.69,-13.427,4.442,14.143
4407,146.9,577.62,650.14,-12.118,1.647,12.229
4408,146.933,577.68,649.6,-10.554,0.088,10.555
4409,146.967,577.76,648.96,-8.298,-0.424,8.309
4410,147.0,578.82,648.35,-5.141,-0.504,5.166
4411,147.033,580.7,647.68,-0.901,-0.695,1.138
4412,147.067,581.75,646.76,3.614,-1.232,3.818
4413,147.1,582.6,646.03,8.987,-3.417,9.614
4414,147.133,583.25,644.42,15.083,-7.127,16.682
4415,147.167,583.18,644.21,21.17,-11.336,24.014
4416,147.2,583.34,644.75,26.189,-14.934,30.148
4417,147.233,583.49,645.59,29.582,-18.259,34.764
4418,147.267,583.07,647.15,31.999,-21.653,38.637
4419,147.3,582.51,648.42,33.879,-25.264,42.262
4420,147.333,581.86,649.72,35.82,-28.396,45.71
4421,147.367,582.32,649.38,37.634,-31.301,48.949
4422,147.4,584.6,646.11,38.856,-34.146,51.728
4423,147.433,588.5,643.25,38.519,-36.101,52.792
4424,147.467,593.43,639.79,35.61,-37.026,51.371
4425,147.5,594.93,636.37,31.003,-37.851,48.927
4426,147.533,595.82,633.23,24.946,-39.102,46.382
4427,147.567,596.71,630.08,17.18,-41.024,44.476
4428,147.6,596.72,629.97,8.62,-42.577,43.441
4429,147.633,596.19,631.58,-0.638,-43.68,43.684
4430,147.667,595.58,631.88,-10.465,-43.505,44.746
4431,147.7,595.52,630.8,-20.318,-42.337,46.959
4432,147.733,595.3,630.05,-29.843,-40.59,50.38
4433,147.767,594.14,629.54,-38.875,-38.399,54.642
4434,147.8,592.51,629.31,-46.016,-36.462,58.711
4435,147.833,589.41,627.5,-50.41,-35.051,61.398
4436,147.867,585.49,626.42,-51.091,-34.829,61.833
4437,147.9,581.61,625.8,-48.691,-36.116,60.623
4438,147.933,579.65,622.46,-44.159,-37.763,58.104
4439,147.967,580.06,618.51,-38.909,-39.691,55.582
4440,148.0,580.15,615.99,-34.656,-41.186,53.827
4441,148.033,579.79,614.72,-30.197,-41.335,51.191
4442,148.067,579.62,614.86,-24.528,-39.715,46.679
4443,148.1,578.54,613.99,-17.696,-35.696,39.841
4444,148.133,577.71,613.46,-11.121,-30.359,32.332
4445,148.167,577.27,613.02,-6.002,-24.911,25.624
4446,148.2,577.31,612.6,-1.828,-19.624,19.709
4447,148.233,577.53,612.5,0.071,-14.306,14.306
4448,148.267,578.73,612.17,-0.185,-9.348,9.349
4449,148.3,578.92,611.8,-2.392,-4.612,5.195
4450,148.333,578.57,610.96,-6.057,-0.989,6.138
4451,148.367,577.09,609.79,-9.989,1.936,10.174
4452,148.4,576.41,609.57,-14.008,3.861,14.53
4453,148.433,575.98,609.97,-17.548,4.284,18.063
4454,148.467,576.09,610.75,-19.041,4.28,19.516
4455,148.5,577.31,611.85,-19.393,4.57,19.924
4456,148.533,578.27,612.31,-18.595,5.037,19.265
4457,148.567,576.53,612.75,-17.388,5.642,18.281
4458,148.6,572.55,613.02,-16.198,5.801,17.205
4459,148.633,570.28,612.86,-14.739,6.022,15.922
4460,148.667,570.33,612.36,-13.01,6.21,14.416
4461,148.7,569.03,612.36,-11.343,6.118,12.888
4462,148.733,569.58,612.73,-9.29,5.669,10.883
4463,148.767,569.77,613.37,-6.733,4.67,8.194
4464,148.8,570.37,612.79,-4.892,3.014,5.746
4465,148.833,570.59,612.79,-3.208,0.64,3.271
4466,148.867,570.22,612.99,-1.525,-1.937,2.465
4467,148.9,571.82,612.75,1.022,-4.029,4.156
4468,148.933,574.91,612.37,4.301,-5.647,7.099
4469,148.967,574.57,612.38,7.737,-7.157,10.54
4470,149.0,573.45,612.66,10.799,-8.84,13.956
4471,149.033,571.49,613.06,12.392,-10.749,16.404
4472,149.067,570.74,612.98,11.975,-12.609,17.389
4473,149.1,570.44,612.64,10.564,-14.245,17.734
4474,149.133,570.67,611.92,9.625,-15.467,18.217
4475,149.167,571.26,610.85,9.249,-15.592,18.129
4476,149.2,572.95,609.95,8.659,-14.266,16.689
4477,149.233,573.71,609.07,8.581,-11.773,14.569
4478,149.267,573.9,608.14,8.343,-8.455,11.878
4479,149.3,575.3,607.67,8.098,-4.581,9.303
4480,149.333,576.14,607.79,7.624,0.195,7.627
4481,149.367,576.94,607.99,7.104,5.447,8.952
4482,149.4,576.95,608.02,6.951,10.569,12.65
4483,149.433,576.14,607.87,6.234,15.604,16.803
4484,149.467,575.69,608.33,3.703,20.416,20.749
4485,149.5,575.17,609.48,0.406,24.643,24.646
4486,149.533,574.83,610.73,-2.701,28.001,28.131
4487,149.567,574.69,612.41,-4.67,30.291,30.649
4488,149.6,574.71,614.19,-5.655,31.404,31.909
4489,149.633,575.0,616.09,-5.712,31.229,31.747
4490,149.667,574.89,617.22,-5.086,29.79,30.221
4491,149.7,574.58,617.97,-4.092,27.349,27.654
4492,149.733,574.46,618.69,-3.636,23.996,24.27
4493,149.767,574.25,619.35,-3.707,20.084,20.424
4494,149.8,574.08,619.57,-3.678,15.969,16.387
4495,149.833,573.98,619.61,-4.129,11.773,12.476
4496,149.867,573.9,619.41,-4.933,7.442,8.929
4497,149.9,573.83,619.62,-6.236,3.235,7.025
4498,149.933,573.69,619.64,-7.684,-0.523,7.702
4499,149.967,573.63,619.74,-9.184,-3.475,9.82
4500,150.0,574.26,619.86,-10.888,-5.746,12.311
4501,150.033,574.11,619.81,-12.572,-7.354,14.565
4502,150.067,573.48,619.3,-13.993,-8.282,16.261
4503,150.1,572.53,618.77,-14.862,-8.68,17.211
4504,150.133,571.4,618.29,-14.962,-8.633,17.274
4505,150.167,570.28,618.02,-14.247,-8.423,16.551
4506,150.2,569.36,617.83,-12.516,-8.021,14.866
4507,150.233,568.96,617.78,-10.096,-7.424,12.531
4508,150.267,569.4,617.55,-7.186,-6.811,9.901
4509,150.3,569.38,617.31,-3.886,-6.196,7.314
4510,150.333,569.31,617.07,-0.253,-5.321,5.327
4511,150.367,569.13,616.93,3.533,-4.257,5.532
4512,150.4,568.92,616.65,7.315,-2.866,7.856
4513,150.433,568.43,616.34,10.886,-1.619,11.006
4514,150.467,568.77,616.17,14.013,-0.859,14.039
4515,150.5,569.76,616.42,16.513,-0.676,16.527
4516,150.533,571.15,616.55,17.913,-1.128,17.949
4517,150.567,572.67,616.77,18.395,-2.059,18.51
4518,150.6,573.96,616.9,18.153,-2.952,18.392
4519,150.633,574.85,616.78,17.376,-3.687,17.763
4520,150.667,575.15,616.5,16.333,-4.228,16.871
4521,150.7,574.89,616.37,15.202,-4.74,15.924
4522,150.733,575.15,616.28,14.02,-5.467,15.048
4523,150.767,575.4,616.37,12.727,-6.413,14.251
4524,150.8,575.7,616.25,10.979,-7.555,13.327
4525,150.833,575.81,615.61,8.971,-8.777,12.55
4526,150.867,575.88,614.92,6.775,-10.185,12.233
4527,150.9,575.86,613.82,4.509,-11.93,12.754
4528,150.933,575.86,612.92,2.401,-13.767,13.975
4529,150.967,576.15,612.72,0.878,-15.595,15.62
4530,151.0,576.52,612.67,-0.203,-17.395,17.397
4531,151.033,576.79,612.78,-1.032,-19.177,19.205
4532,151.067,576.97,612.78,-1.874,-20.953,21.036
4533,151.1,577.0,612.15,-2.918,-22.851,23.037
4534,151.133,576.96,611.21,-4.12,-25.023,25.36
4535,151.167,576.7,610.01,-5.498,-27.229,27.778
4536,151.2,576.32,608.75,-6.836,-29.091,29.884
4537,151.233,576.02,607.8,-7.819,-30.772,31.75
4538,151.267,575.64,606.58,-8.602,-32.305,33.43
4539,151.3,575.14,605.4,-9.18,-33.962,35.181
4540,151.333,574.63,603.88,-9.578,-35.919,37.174
4541,151.367,574.17,602.54,-9.599,-37.919,39.115
4542,151.4,573.9,601.53,-9.104,-39.493,40.529
4543,151.433,573.65,600.34,-8.085,-40.211,41.016
4544,151.467,573.46,599.18,-6.591,-39.951,40.491
4545,151.5,573.33,598.1,-4.829,-38.814,39.113
4546,151.533,573.22,596.69,-2.969,-36.818,36.938
4547,151.567,573.25,595.33,-1.149,-34.539,34.558
4548,151.6,573.33,594.09,0.584,-32.066,32.071
4549,151.633,573.21,593.32,2.155,-29.484,29.562
4550,151.667,573.22,592.5,3.461,-26.696,26.919
4551,151.7,573.31,591.14,4.513,-23.99,24.41
4552,151.733,573.49,589.97,5.34,-21.451,22.106
4553,151.767,573.74,588.8,5.803,-19.076,19.94
4554,151.8,574.12,587.99,5.979,-16.534,17.582
4555,151.833,574.61,587.93,5.955,-13.726,14.962
4556,151.867,574.95,588.36,5.798,-10.539,12.028
4557,151.9,575.03,588.45,5.561,-7.196,9.094
4558,151.933,575.11,588.56,5.215,-3.924,6.526
4559,151.967,575.2,588.77,4.811,-1.003,4.915
4560,152.0,575.29,588.64,4.408,1.358,4.613
4561,152.033,575.37,588.05,3.902,2.809,4.808
4562,152.067,575.52,588.0,3.351,3.587,4.909
4563,152.1,575.54,587.64,2.712,3.929,4.774
4564,152.133,575.56,587.58,1.967,3.713,4.202
4565,152.167,575.59,587.3,1.316,3.094,3.362
4566,152.2,575.64,587.8,0.786,2.298,2.429
4567,152.233,575.63,588.82,0.413,1.684,1.734
4568,152.267,575.79,589.71,0.252,1.316,1.34
4569,152.3,575.87,590.13,0.269,1.311,1.338
4570,152.333,575.93,590.05,0.395,1.664,1.71
4571,152.367,575.96,589.7,0.509,2.294,2.35
4572,152.4,575.98,589.29,0.601,2.822,2.885
4573,152.433,575.97,588.55,0.725,3.336,3.414
4574,152.467,575.9,588.12,0.862,3.899,3.993
4575,152.5,575.69,587.85,0.976,4.163,4.276
4576,152.533,575.69,588.24,1.076,4.257,4.391
4577,152.567,575.68,588.74,1.204,4.396,4.558
4578,152.6,575.75,589.07,1.316,4.342,4.537
4579,152.633,575.93,589.98,1.405,4.303,4.527
4580,152.667,576.08,590.45,1.472,4.091,4.348
4581,152.7,576.24,590.56,1.511,3.98,4.257
4582,152.733,576.41,590.61,1.506,3.91,4.191
4583,152.767,576.45,590.64,1.514,3.437,3.756
4584,152.8,576.49,590.82,1.452,2.541,2.926
4585,152.833,576.49,591.11,1.356,1.28,1.865
4586,152.867,576.46,591.0,1.198,-0.122,1.204
4587,152.9,576.39,590.99,0.981,-1.319,1.644
4588,152.933,576.38,590.87,0.714,-2.24,2.351
4589,152.967,576.4,590.31,0.386,-2.657,2.684
4590,153.0,576.47,590.07,0.078,-2.543,2.544
4591,153.033,576.53,589.71,-0.122,-2.03,2.033
4592,153.067,576.5,589.44,-0.269,-1.472,1.496
4593,153.1,576.41,589.29,-0.325,-0.89,0.948
4594,153.133,576.41,589.19,-0.334,-0.212,0.395
4595,153.167,576.41,589.55,-0.32,0.535,0.624
4596,153.2,576.43,590.04,-0.303,1.062,1.104
4597,153.233,576.48,590.12,-0.275,1.417,1.444
4598,153.267,576.49,590.49,-0.214,1.663,1.677
4599,153.3,576.49,590.69,-0.103,1.843,1.846
4600,153.333,576.44,590.98,0.016,1.897,1.897
4601,153.367,576.43,591.25,0.155,1.872,1.878
4602,153.4,576.4,591.07,0.255,1.903,1.921
4603,153.433,576.37,590.81,0.368,2.196,2.227
4604,153.467,576.4,590.58,0.503,2.451,2.502
4605,153.5,576.36,590.21,0.626,2.93,2.996
4606,153.533,576.38,590.18,0.724,3.598,3.67
4607,153.567,576.39,590.46,0.61,4.885,4.923
4608,153.6,576.41,590.75,0.459,5.431,5.45
4609,153.633,576.5,591.12,0.452,4.051,4.076
4610,153.667,576.56,590.69,0.346,2.448,2.473
4611,153.7,576.68,590.9,0.121,1.687,1.692
4612,153.733,576.76,591.37,-0.293,1.955,1.977
4613,153.767,576.67,591.91,-0.961,3.89,4.007
4614,153.8,576.58,592.51,-1.87,7.234,7.471
4615,153.833,576.49,593.18,-2.985,11.451,11.834
4616,153.867,576.34,593.54,-3.894,14.29,14.81
4617,153.9,576.33,593.89,-5.363,7.316,9.071
4618,153.933,576.26,593.45,-5.077,10.981,12.098
4619,153.967,576.09,593.41,-4.563,13.371,14.128
4620,154.0,575.93,593.17,-3.896,14.644,15.153
4621,154.033,575.64,592.55,-4.262,15.335,15.916
4622,154.067,575.73,590.64,-3.777,7.805,8.671
4623,154.1,575.57,591.53,-2.713,3.986,4.822
4624,154.133,574.99,596.47,-0.001,9.544,9.544
4625,154.167,574.74,599.7,2.693,13.906,14.165
4626,154.2,574.56,600.84,5.319,18.311,19.068
4627,154.233,574.57,601.06,7.78,23.371,24.632
4628,154.267,574.86,599.27,9.768,26.759,28.486
4629,154.3,575.44,596.02,11.132,26.883,29.096
4630,154.333,576.34,591.98,11.649,22.106,24.988
4631,154.367,576.73,591.56,11.283,14.519,18.387
4632,154.4,579.34,614.46,10.088,5.479,11.48
4633,154.433,576.93,594.67,8.213,-1.422,8.335
4634,154.467,577.01,594.95,5.837,-6.675,8.867
4635,154.5,577.17,595.38,3.291,-10.769,11.26
4636,154.533,580.68,595.28,0.702,-16.607,16.622
4637,154.567,580.76,616.31,-1.759,-22.955,23.022
4638,154.6,581.16,616.13,-4.199,-28.198,28.509
4639,154.633,578.34,598.21,-6.429,-29.969,30.65
4640,154.667,577.92,597.44,-8.146,-29.701,30.798
4641,154.7,577.23,594.33,-9.315,-27.193,28.744
4642,154.733,576.18,587.54,-9.796,-24.809,26.673
4643,154.767,575.33,583.72,-9.498,-23.662,25.497
4644,154.8,574.7,583.31,-9.431,-30.466,31.892
4645,154.833,574.57,588.65,-8.237,-32.731,33.752
4646,154.867,574.73,592.53,-6.301,-30.194,30.845
4647,154.9,575.22,596.03,-2.512,-16.948,17.133
4648,154.933,575.68,592.01,-1.177,-24.337,24.365
4649,154.967,576.17,588.38,2.768,-11.778,12.099
4650,155.0,576.33,584.4,6.463,2.133,6.806
4651,155.033,576.43,587.66,9.839,17.852,20.384
4652,155.067,576.51,591.63,10.804,35.771,37.367
4653,155.1,576.59,597.15,10.418,40.189,41.518
4654,155.133,576.65,596.76,8.403,36.734,37.683
4655,155.167,576.83,593.02,6.574,34.408,35.031
4656,155.2,577.02,585.88,4.266,28.388,28.706
4657,155.233,577.21,582.31,1.722,20.421,20.494
4658,155.267,577.26,580.91,-0.599,13.867,13.88
4659,155.3,579.87,601.09,-2.679,8.927,9.32
4660,155.333,579.73,602.61,-4.572,5.034,6.8
4661,155.367,579.52,606.7,-6.364,-0.738,6.407
4662,155.4,576.18,592.75,-8.004,-8.405,11.606
4663,155.433,578.69,617.81,-9.44,-18.625,20.881
4664,155.467,575.13,598.69,-10.54,-26.993,28.977
4665,155.5,574.8,597.38,-11.107,-34.932,36.655
4666,155.533,574.54,593.19,-10.995,-39.798,41.289
4667,155.567,574.45,585.8,-10.248,-43.978,45.156
4668,155.6,574.58,582.41,-9.946,-54.643,55.541
4669,155.633,574.77,581.23,-7.518,-55.545,56.052
4670,155.667,574.87,582.92,-5.738,-64.748,65.002
4671,155.7,574.71,582.79,-3.089,-68.763,68.832
4672,155.733,574.48,582.55,0.014,-64.452,64.452
4673,155.767,573.98,581.74,3.395,-53.887,53.994
4674,155.8,573.69,580.88,6.868,-35.373,36.033
4675,155.833,573.91,579.81,9.827,-13.706,16.865
4676,155.867,574.5,578.82,11.355,6.217,12.946
4677,155.9,575.28,577.56,11.433,20.014,23.05
4678,155.933,576.0,576.41,11.921,39.372,41.138
4679,155.967,576.64,573.27,10.169,42.923,44.111
4680,156.0,576.79,575.44,9.182,49.381,50.227
4681,156.033,576.74,576.28,7.97,51.539,52.151
4682,156.067,576.69,576.6,6.587,50.389,50.818
4683,156.1,579.45,594.87,5.076,48.504,48.769
4684,156.133,576.47,573.95,3.349,45.004,45.129
4685,156.167,579.05,595.38,1.393,39.579,39.603
4686,156.2,578.57,597.8,-0.669,33.43,33.436
4687,156.233,578.44,599.45,-2.672,26.918,27.05
4688,156.267,578.26,605.55,-4.383,17.8,18.331
4689,156.3,578.27,608.47,-5.507,7.797,9.546
4690,156.333,575.31,589.97,-5.969,-1.884,6.26
4691,156.367,575.46,588.59,-5.885,-10.173,11.753
4692,156.4,575.65,591.39,-5.491,-16.598,17.483
4693,156.433,575.87,588.73,-4.99,-20.574,21.17
4694,156.467,576.02,586.69,-4.452,-21.718,22.169
4695,156.5,576.11,585.14,-3.921,-18.153,18.572
4696,156.533,576.07,584.3,-3.201,-14.588,14.935
4697,156.567,576.09,584.75,-2.176,-8.788,9.053
4698,156.6,576.04,585.83,-0.704,-0.009,0.705
4699,156.633,576.1,588.28,-0.479,1.219,1.31
4700,156.667,576.2,591.9,1.205,13.993,14.045
4701,156.7,576.24,590.47,1.654,18.449,18.523
4702,156.733,576.34,588.83,1.95,20.94,21.031
4703,156.767,576.27,592.7,1.914,21.309,21.395
4704,156.8,576.15,595.32,1.45,16.095,16.16
4705,156.833,576.03,596.65,0.411,5.36,5.376
4706,156.867,575.85,596.56,0.547,0.808,0.976
4707,156.9,575.81,595.63,0.689,-3.492,3.559
4708,156.933,575.92,593.89,0.796,-9.692,9.725
4709,156.967,576.09,591.35,0.808,-15.148,15.169
4710,157.0,576.27,587.31,0.688,-19.777,19.789
4711,157.033,576.46,589.01,0.507,-22.697,22.703
4712,157.067,576.67,588.34,0.292,-23.828,23.83
4713,157.1,576.65,587.42,0.044,-23.373,23.373
4714,157.133,576.59,586.81,-0.225,-21.916,21.917
4715,157.167,576.44,586.4,-0.501,-20.086,20.092
4716,157.2,576.33,586.39,-0.86,-19.344,19.363
4717,157.233,576.26,586.29,-1.193,-17.356,17.397
4718,157.267,576.14,585.97,-1.569,-13.792,13.881
4719,157.3,576.14,585.98,-1.785,-10.423,10.574
4720,157.333,576.13,585.75,-1.864,-7.792,8.012
4721,157.367,575.99,585.16,-1.746,-5.884,6.137
4722,157.4,575.92,584.76,-1.463,-4.963,5.174
4723,157.433,575.83,584.46,-0.947,-4.269,4.373
4724,157.467,575.77,584.11,-0.328,-3.935,3.949
4725,157.5,575.82,584.51,0.368,-3.354,3.374
4726,157.533,575.76,583.97,0.995,-1.459,1.766
4727,157.567,575.78,583.58,1.528,-0.188,1.54
4728,157.6,575.8,582.9,1.796,0.974,2.043
4729,157.633,575.94,583.05,1.851,2.187,2.865
4730,157.667,576.01,582.87,1.54,3.087,3.45
4731,157.7,576.24,583.57,1.216,4.158,4.332
4732,157.733,576.35,584.33,0.792,4.856,4.92
4733,157.767,576.55,586.08,0.268,5.427,5.434
4734,157.8,576.47,585.78,-0.363,5.875,5.886
4735,157.833,576.47,585.83,-1.157,6.057,6.167
4736,157.867,576.34,585.46,-2.084,5.779,6.144
4737,157.9,576.39,586.06,-3.044,5.229,6.051
4738,157.933,576.19,585.29,-4.045,4.323,5.92
4739,157.967,576.03,585.36,-4.741,3.474,5.877
4740,158.0,575.7,585.43,-5.223,2.678,5.869
4741,158.033,575.49,586.19,-5.458,2.069,5.837
4742,158.067,575.13,585.61,-5.395,1.958,5.739
4743,158.1,574.91,585.6,-5.114,2.082,5.521
4744,158.133,574.71,585.61,-4.562,2.75,5.327
4745,158.167,574.95,586.43,-3.834,3.664,5.303
4746,158.2,574.63,586.19,-2.971,4.921,5.748
4747,158.233,574.44,586.65,-2.069,6.166,6.503
4748,158.267,574.24,586.57,-1.156,7.15,7.243
4749,158.3,574.17,586.55,-0.363,7.255,7.265
4750,158.333,574.22,586.33,0.73,7.139,7.176
4751,158.367,574.35,586.67,1.636,6.661,6.859
4752,158.4,574.58,587.23,2.18,6.412,6.772
4753,158.433,575.04,588.27,2.528,5.822,6.347
4754,158.467,574.95,588.7,2.492,5.501,6.039
4755,158.5,575.07,589.46,1.827,4.886,5.216
4756,158.533,575.05,589.06,0.726,3.996,4.061
4757,158.567,575.02,588.61,-0.215,2.427,2.436
4758,158.6,575.09,588.61,-0.925,0.904,1.293
4759,158.633,575.05,588.49,-1.467,-0.477,1.542
4760,158.667,575.03,588.3,-1.855,-1.193,2.206
4761,158.7,575.07,588.35,-2.304,-1.656,2.837
4762,158.733,575.05,588.26,-2.439,-0.996,2.635
4763,158.767,575.04,588.42,-2.369,0.059,2.37
4764,158.8,575.07,588.35,-2.048,1.781,2.714
4765,158.833,574.13,588.61,-1.466,3.924,4.189
4766,158.867,573.79,589.02,-0.661,6.459,6.492
4767,158.9,573.9,588.69,0.257,8.902,8.906
4768,158.933,573.36,588.38,1.156,11.02,11.081
4769,158.967,573.38,588.08,1.806,12.431,12.561
4770,159.0,574.15,588.44,2.42,13.18,13.401
4771,159.033,575.22,589.08,2.863,12.854,13.169
4772,159.067,575.2,590.15,3.215,12.112,12.532
4773,159.1,575.2,591.59,3.518,11.204,11.744
4774,159.133,575.26,593.03,3.699,10.049,10.708
4775,159.167,575.43,593.7,3.787,8.732,9.517
4776,159.2,575.6,594.3,3.721,7.163,8.072
4777,159.233,575.5,593.73,3.418,5.285,6.294
4778,159.267,575.55,593.54,2.82,2.945,4.077
4779,159.3,575.61,592.85,1.94,0.246,1.956
4780,159.333,575.56,592.22,0.741,-2.605,2.708
4781,159.367,575.41,591.65,-0.174,-5.5,5.503
4782,159.4,575.32,591.4,-0.927,-9.392,9.437
4783,159.433,575.29,591.21,-1.643,-13.397,13.497
4784,159.467,575.33,590.96,-1.924,-17.248,17.355
4785,159.5,575.37,590.84,-1.887,-20.276,20.364
4786,159.533,575.48,591.04,-1.891,-21.387,21.471
4787,159.567,575.53,590.98,-2.222,-20.834,20.952
4788,159.6,575.44,590.62,1.668,-12.362,12.474
4789,159.633,575.31,589.96,3.064,-3.835,4.908
4790,159.667,575.09,589.1,2.46,4.066,4.752
4791,159.7,574.89,588.47,0.297,11.461,11.465
4792,159.733,574.71,587.78,-2.938,18.006,18.244
4793,159.767,574.66,587.8,-6.592,24.001,24.89
4794,159.8,574.58,587.75,-10.496,29.032,30.871
4795,159.833,574.53,587.91,-14.391,33.736,36.677
4796,159.867,574.41,587.91,-17.801,38.016,41.977
4797,159.9,574.34,590.59,-20.411,41.715,46.441
4798,159.933,574.26,593.76,-22.135,44.702,49.882
4799,159.967,574.24,598.37,-23.349,47.168,52.631
4800,160.0,574.24,603.85,-24.33,57.745,62.661
4801,160.033,574.25,608.02,-23.662,62.146,66.498
4802,160.067,574.23,613.52,-21.686,61.002,64.742
4803,160.1,562.78,602.24,-18.756,45.99,49.667
4804,160.133,563.46,603.02,-15.168,41.687,44.361
4805,160.167,564.31,604.34,-10.789,33.642,35.329
4806,160.2,565.28,605.43,-6.179,22.841,23.662
4807,160.233,566.21,606.64,-1.381,10.329,10.421
4808,160.267,566.88,608.03,3.738,-2.791,4.665
4809,160.3,567.79,609.9,8.91,-15.828,18.164
4810,160.333,568.83,610.84,14.673,-27.55,31.214
4811,160.367,569.5,611.7,19.959,-37.251,42.261
4812,160.4,569.92,612.68,24.474,-43.839,50.208
4813,160.433,570.29,613.43,28.372,-48.096,55.841
4814,160.467,571.76,613.22,31.264,-50.275,59.203
4815,160.5,574.51,588.39,32.866,-51.301,60.926
4816,160.533,574.47,588.35,33.112,-52.141,61.766
4817,160.567,574.51,588.23,31.289,-53.352,61.851
4818,160.6,574.84,613.48,26.706,-56.475,62.471
4819,160.633,575.63,587.67,25.953,-52.911,58.933
4820,160.667,575.86,587.47,24.208,-47.207,53.052
4821,160.7,577.15,587.64,21.51,-40.163,45.561
4822,160.733,578.56,587.75,18.077,-31.739,36.526
4823,160.767,579.56,587.95,14.011,-22.738,26.708
4824,160.8,580.72,588.28,9.735,-13.712,16.817
4825,160.833,580.01,588.12,5.304,-5.837,7.887
4826,160.867,580.65,588.17,0.92,0.868,1.265
4827,160.9,581.55,588.01,-3.166,5.438,6.293
4828,160.933,581.44,587.99,-6.703,6.73,9.499
4829,160.967,581.29,588.31,-9.415,3.968,10.217
4830,161.0,580.73,588.7,-11.64,-3.032,12.029
4831,161.033,579.04,588.69,-14.316,-0.468,14.324
4832,161.067,577.48,589.2,-16.202,2.855,16.452
4833,161.1,576.35,589.11,-17.037,7.569,18.643
4834,161.133,575.09,588.67,-16.621,-1.695,16.707
4835,161.167,574.9,588.2,-15.669,-1.836,15.776
4836,161.2,574.95,588.32,-14.156,-1.266,14.212
4837,161.233,574.86,587.74,-12.153,-0.648,12.17
4838,161.267,575.0,587.75,-9.816,-0.327,9.821
4839,161.3,575.0,587.55,-7.841,-0.535,7.859
4840,161.333,575.08,587.84,-6.219,-1.418,6.378
4841,161.367,574.87,587.38,-4.225,-2.361,4.84
4842,161.4,574.74,587.26,-2.472,-3.395,4.2
4843,161.433,574.76,587.66,-1.402,-4.277,4.501
4844,161.467,574.81,588.08,-0.517,-4.136,4.168
4845,161.5,574.68,587.97,-0.108,-3.676,3.678
4846,161.533,574.75,588.45,-0.373,-3.177,3.199
4847,161.567,574.75,588.97,-1.005,-2.392,2.595
4848,161.6,574.45,588.31,-1.777,-1.896,2.599
4849,161.633,573.42,587.41,-1.648,-1.541,2.256
4850,161.667,573.32,587.77,-1.144,-1.105,1.591
4851,161.7,574.01,586.27,-0.884,-0.535,1.033
4852,161.733,573.86,585.39,-0.929,-0.094,0.934
4853,161.767,573.21,585.19,-1.01,0.509,1.131
4854,161.8,573.93,585.6,-1.501,1.048,1.83
4855,161.833,574.08,586.59,-1.949,1.78,2.639
4856,161.867,574.38,587.23,-2.392,2.334,3.342
4857,161.9,574.5,588.16,-3.042,3.066,4.319
4858,161.933,574.65,589.28,-3.492,3.818,5.174
4859,161.967,574.01,588.42,-3.717,4.277,5.667
4860,162.0,573.34,588.26,-3.891,4.366,5.848
4861,162.033,573.04,588.32,-3.899,4.388,5.87
4862,162.067,573.47,587.98,-3.745,3.941,5.437
4863,162.1,574.12,588.0,-3.824,2.814,4.747
4864,162.133,572.35,588.08,-3.916,1.513,4.198
4865,162.167,571.84,588.06,-3.598,0.338,3.614
4866,162.2,571.92,588.06,-3.059,-1.234,3.298
4867,162.233,572.09,588.01,-2.44,-2.262,3.327
4868,162.267,571.97,588.09,-1.713,-2.649,3.155
4869,162.3,572.59,588.21,-0.696,-2.505,2.6
4870,162.333,572.52,587.94,0.153,-2.09,2.096
4871,162.367,572.38,587.84,1.142,-1.713,2.059
4872,162.4,573.16,587.71,2.031,-1.386,2.459
4873,162.433,573.27,587.69,2.788,-1.265,3.062
4874,162.467,573.09,587.8,3.059,-1.684,3.492
4875,162.5,573.13,587.87,2.899,-1.794,3.409
4876,162.533,573.01,587.71,2.977,-1.755,3.455
4877,162.567,572.5,587.6,3.18,-1.725,3.618
4878,162.6,572.72,587.53,3.104,-1.606,3.495
4879,162.633,572.89,587.5,2.229,-1.524,2.7
4880,162.667,573.32,587.41,2.0,-1.49,2.494
4881,162.7,573.66,587.24,2.109,-1.387,2.525
4882,162.733,573.28,587.23,2.372,-1.167,2.643
4883,162.767,573.43,587.15,2.675,-0.98,2.849
4884,162.8,573.97,587.07,3.274,-0.885,3.392
4885,162.833,574.22,587.14,3.702,-0.857,3.8
4886,162.867,574.06,587.18,4.117,-0.852,4.204
4887,162.9,573.87,587.39,4.604,-0.65,4.649
4888,162.933,573.53,587.37,4.447,-0.323,4.459
4889,162.967,573.63,587.31,3.956,-0.023,3.956
4890,163.0,574.62,587.32,3.33,0.127,3.333
4891,163.033,574.64,587.13,2.632,0.187,2.638
4892,163.067,574.64,586.98,2.151,0.491,2.206
4893,163.1,574.57,587.08,1.719,0.838,1.912
4894,163.133,575.07,587.23,1.251,1.447,1.913
4895,163.167,575.21,587.4,0.881,2.549,2.697
4896,163.2,575.29,587.42,0.829,3.759,3.849
4897,163.233,575.27,587.26,1.006,4.798,4.903
4898,163.267,575.31,587.43,1.635,5.544,5.78
4899,163.3,575.04,587.66,2.544,6.201,6.703
4900,163.333,574.79,587.75,3.5,6.71,7.568
4901,163.367,574.69,588.22,4.372,6.554,7.878
4902,163.4,574.53,588.16,5.389,5.883,7.978
4903,163.433,574.9,588.25,6.411,4.966,8.109
4904,163.467,575.29,588.59,7.479,3.768,8.374
4905,163.5,575.74,589.17,8.746,2.292,9.042
4906,163.533,576.03,589.72,9.403,0.591,9.422
4907,163.567,575.87,589.8,9.929,-1.343,10.019
4908,163.6,576.8,590.25,10.247,-3.333,10.776
4909,163.633,577.66,590.13,10.358,-5.473,11.715
4910,163.667,578.56,589.04,10.095,-7.648,12.665
4911,163.7,578.69,588.3,9.472,-9.285,13.264
4912,163.733,578.78,588.02,8.432,-10.174,13.214
4913,163.767,579.03,587.81,7.177,-9.96,12.277
4914,163.8,579.12,587.12,5.655,-8.794,10.455
4915,163.833,578.96,586.36,3.726,-6.865,7.811
4916,163.867,579.0,586.6,2.055,-4.144,4.626
4917,163.9,578.8,586.84,0.561,-1.349,1.461
4918,163.933,578.88,586.39,-0.816,1.734,1.916
4919,163.967,579.22,586.21,-1.598,5.088,5.333
4920,164.0,578.87,586.22,-2.091,8.654,8.903
4921,164.033,579.0,586.26,-2.396,12.281,12.513
4922,164.067,578.83,586.9,-2.142,14.789,14.943
4923,164.1,578.77,587.73,-1.051,19.009,19.038
4924,164.133,578.84,589.15,0.214,23.55,23.551
4925,164.167,578.6,590.99,1.285,27.348,27.379
4926,164.2,578.5,592.1,2.158,30.382,30.459
4927,164.233,578.59,593.1,2.935,32.25,32.383
4928,164.267,578.4,593.64,3.537,32.726,32.917
4929,164.3,578.29,594.05,3.716,31.637,31.854
4930,164.333,579.17,594.55,3.412,28.073,28.28
4931,164.367,579.09,594.87,3.055,27.206,27.377
4932,164.4,579.32,596.17,2.52,28.054,28.167
4933,164.433,580.26,597.68,1.982,30.151,30.216
4934,164.467,579.9,599.3,1.412,33.005,33.035
4935,164.5,580.09,600.79,0.663,35.562,35.569
4936,164.533,580.51,602.09,0.103,36.733,36.733
4937,164.567,580.25,606.05,-0.802,35.359,35.368
4938,164.6,579.77,603.73,-1.999,30.176,30.242
4939,164.633,579.32,601.85,-3.484,23.333,23.592
4940,164.667,579.29,601.38,-5.049,15.014,15.84
4941,164.7,578.75,601.6,-6.44,5.405,8.407
4942,164.733,578.35,602.66,-7.515,-3.98,8.504
4943,164.767,578.01,604.28,-8.538,-15.449,17.652
4944,164.8,577.96,607.01,-9.026,-26.188,27.7
4945,164.833,578.28,614.35,-9.262,-36.67,37.822
4946,164.867,578.05,611.64,-10.071,-46.691,47.765
4947,164.9,577.9,607.93,-10.792,-54.489,55.548
4948,164.933,577.68,602.7,-11.006,-57.76,58.799
4949,164.967,577.21,596.85,-11.149,-55.85,56.952
4950,165.0,576.52,591.2,-10.98,-48.975,50.191
4951,165.033,575.52,586.66,-10.937,-40.617,42.064
4952,165.067,575.07,584.83,-10.762,-30.059,31.927
4953,165.1,574.97,587.1,-10.525,-21.935,24.329
4954,165.133,575.08,586.73,-10.044,-16.487,19.305
4955,165.167,574.83,586.51,-9.417,-13.55,16.501
4956,165.2,574.52,586.28,-8.132,-11.718,14.264
4957,165.233,573.89,583.79,-6.307,-10.389,12.154
4958,165.267,573.72,587.63,-4.058,-9.33,10.174
4959,165.3,572.88,587.99,-1.526,-8.356,8.494
4960,165.333,572.7,591.22,1.111,-7.656,7.736
4961,165.367,573.57,596.67,3.48,-10.12,10.702
4962,165.4,574.41,601.24,5.725,-13.665,14.816
4963,165.433,574.29,600.44,7.573,-18.112,19.632
4964,165.467,573.98,595.85,9.076,-22.013,23.81
4965,165.5,574.26,587.69,10.177,-24.225,26.276
4966,165.533,575.15,583.59,11.03,-24.346,26.728
4967,165.567,575.15,575.07,11.828,-22.017,24.993
4968,165.6,575.83,569.96,12.536,-17.671,21.666
4969,165.633,576.59,571.49,12.783,-13.257,18.417
4970,165.667,577.88,575.9,12.493,-7.921,14.793
4971,165.7,577.62,579.24,11.897,-1.908,12.049
4972,165.733,577.79,582.76,11.055,5.062,12.159
4973,165.767,577.96,586.31,10.092,14.156,17.385
4974,165.8,578.27,589.29,9.099,22.145,23.941
4975,165.833,578.49,590.4,8.486,30.267,31.434
4976,165.867,578.75,588.65,7.991,36.64,37.502
4977,165.9,578.86,589.02,7.223,38.943,39.607
4978,165.933,579.23,589.94,6.079,35.873,36.384
4979,165.967,579.3,590.0,5.113,28.957,29.404
4980,166.0,579.57,589.45,4.493,20.057,20.554
4981,166.033,579.71,589.63,3.974,11.897,12.543
4982,166.067,579.96,590.09,3.491,3.92,5.249
4983,166.1,579.86,590.23,3.374,-0.29,3.386
4984,166.133,580.18,590.13,3.276,-0.499,3.314
4985,166.167,580.4,590.14,3.161,1.074,3.338
4986,166.2,580.41,590.56,2.314,2.647,3.515
4987,166.233,580.36,590.41,1.411,4.314,4.539
4988,166.267,580.59,590.66,0.58,5.457,5.488
4989,166.3,580.37,591.21,-0.093,5.686,5.686
4990,166.333,580.21,591.56,-0.512,4.712,4.74
4991,166.367,580.37,591.89,-0.751,2.805,2.904
4992,166.4,580.41,592.15,-0.867,1.749,1.952
4993,166.433,580.49,592.51,-0.632,0.818,1.033
4994,166.467,580.35,592.68,-0.335,-0.609,0.695
4995,166.5,580.32,592.65,0.029,-1.929,1.929
4996,166.533,580.55,592.56,0.492,-2.686,2.731
4997,166.567,580.25,592.06,1.09,-2.982,3.175
4998,166.6,580.05,591.42,1.481,-3.147,3.478
4999,166.633,579.93,590.84,1.905,-3.392,3.89
5000,166.667,579.61,590.2,2.773,-3.399,4.387
5001,166.7,579.96,590.12,2.761,-3.158,4.195
5002,166.733,580.58,590.06,2.084,-3.14,3.769
5003,166.767,580.86,590.35,0.953,-3.304,3.439
5004,166.8,581.09,590.38,-0.633,-3.985,4.035
5005,166.833,580.96,590.3,-2.34,-5.322,5.813
5006,166.867,580.98,590.74,-4.058,-7.223,8.284
5007,166.9,581.05,590.63,-5.845,-9.583,11.225
5008,166.933,580.66,590.32,-7.576,-11.949,14.148
5009,166.967,580.42,590.63,-9.145,-14.114,16.818
5010,167.0,580.35,590.43,-10.359,-15.95,19.019
5011,167.033,579.89,589.95,-11.207,-17.349,20.654
5012,167.067,579.19,588.86,-11.874,-18.503,21.985
5013,167.1,578.88,587.71,-12.101,-19.161,22.662
5014,167.133,578.34,587.03,-11.894,-19.264,22.64
5015,167.167,575.92,585.8,-11.258,-18.717,21.842
5016,167.2,575.97,584.2,-10.053,-17.518,20.198
5017,167.233,576.08,582.88,-8.549,-15.977,18.12
5018,167.267,576.17,582.03,-6.934,-13.709,15.363
5019,167.3,576.23,581.82,-5.205,-11.11,12.269
5020,167.333,576.29,581.98,-3.53,-8.402,9.113
5021,167.367,576.39,582.58,-1.842,-5.623,5.917
5022,167.4,576.55,583.56,-0.322,-3.267,3.283
5023,167.433,576.73,584.11,0.868,-1.198,1.48
5024,167.467,576.78,584.21,1.853,0.549,1.933
5025,167.5,576.73,584.07,2.501,1.59,2.964
5026,167.533,576.61,583.7,2.712,2.219,3.505
5027,167.567,576.56,583.6,2.588,2.255,3.432
5028,167.6,576.53,583.37,2.221,2.074,3.039
5029,167.633,576.55,583.27,1.453,1.69,2.229
5030,167.667,576.64,583.05,0.417,0.724,0.835
5031,167.7,576.82,583.11,0.341,-0.371,0.504
5032,167.733,576.95,583.51,0.391,-1.345,1.4
5033,167.767,576.92,583.0,0.512,-2.054,2.116
5034,167.8,576.84,582.54,0.686,-2.522,2.613
5035,167.833,576.83,582.46,0.962,-2.722,2.887
5036,167.867,576.81,582.39,1.27,-2.918,3.182
5037,167.9,576.81,582.54,1.563,-3.49,3.824
5038,167.933,576.85,582.67,1.766,-5.076,5.374
5039,167.967,576.92,582.93,1.829,-7.181,7.41
5040,168.0,577.04,583.11,1.816,-9.501,9.673
5041,168.033,577.03,582.64,1.668,-12.391,12.503
5042,168.067,577.05,582.34,1.455,-13.692,13.769
5043,168.1,577.17,581.61,1.198,-14.553,14.602
5044,168.133,577.3,580.77,0.875,-15.509,15.534
5045,168.167,577.45,580.18,0.49,-17.116,17.123
5046,168.2,577.56,579.17,0.039,-19.297,19.297
5047,168.233,577.54,578.31,-0.511,-21.843,21.849
5048,168.267,577.52,577.4,-1.151,-25.011,25.038
5049,168.3,577.51,576.56,-1.738,-28.583,28.635
5050,168.333,577.35,575.26,-2.053,-30.195,30.265
5051,168.367,577.26,574.12,-2.055,-31.369,31.436
5052,168.4,577.17,573.29,-1.68,-31.943,31.987
5053,168.433,577.1,573.42,-1.439,-32.202,32.234
5054,168.467,577.01,572.98,-0.814,-31.759,31.769
5055,168.5,576.83,572.31,0.239,-31.455,31.456
5056,168.533,576.84,573.01,1.523,-31.828,31.865
5057,168.567,576.9,569.06,3.259,-32.609,32.772
5058,168.6,576.94,566.16,5.734,-33.476,33.964
5059,168.633,577.14,564.07,8.907,-34.15,35.293
5060,168.667,577.44,563.16,12.593,-34.608,36.828
5061,168.7,577.87,562.76,16.378,-34.698,38.369
5062,168.733,578.41,562.22,19.723,-34.051,39.351
5063,168.767,579.16,562.32,22.353,-33.165,39.995
5064,168.8,579.99,563.86,24.464,-31.944,40.236
5065,168.833,580.64,560.59,25.765,-30.254,39.739
5066,168.867,581.23,559.7,26.359,-27.564,38.138
5067,168.9,581.72,558.46,25.937,-23.87,35.249
5068,168.933,583.58,557.46,24.576,-19.732,31.517
5069,168.967,584.68,555.2,22.419,-15.757,27.403
5070,169.0,585.71,554.04,19.698,-12.208,23.174
5071,169.033,587.18,554.04,16.532,-9.42,19.027
5072,169.067,588.38,554.51,12.913,-8.67,15.553
5073,169.1,588.72,554.49,9.278,-7.854,12.156
5074,169.133,588.43,554.5,5.596,-6.813,8.817
5075,169.167,587.65,554.87,1.88,-5.51,5.822
5076,169.2,586.83,554.85,-1.632,-4.176,4.484
5077,169.233,586.52,554.4,-4.859,-2.932,5.675
5078,169.267,586.6,554.92,-7.105,-1.862,7.345
5079,169.3,585.97,555.54,-8.913,-1.564,9.049
5080,169.333,585.62,555.92,-10.148,-2.994,10.581
5081,169.367,585.01,555.52,-10.676,-3.63,11.276
5082,169.4,584.96,554.61,-10.384,-4.477,11.308
5083,169.433,584.98,554.11,-9.651,-5.584,11.15
5084,169.467,584.9,553.14,-8.464,-6.924,10.936
5085,169.5,584.58,552.31,-6.936,-7.791,10.431
5086,169.533,584.4,551.72,-5.332,-8.479,10.016
5087,169.567,584.47,551.61,-3.944,-9.314,10.115
5088,169.6,583.92,551.88,-3.119,-9.886,10.366
5089,169.633,583.77,552.04,-2.527,-9.646,9.971
5090,169.667,583.99,552.27,-2.206,-8.829,9.101
5091,169.7,584.17,552.28,-1.62,-7.468,7.641
5092,169.733,584.63,551.95,-0.988,-5.604,5.691
5093,169.767,583.71,551.73,-0.637,-3.073,3.139
5094,169.8,583.77,551.89,-0.435,-0.877,0.978
5095,169.833,583.62,551.8,-0.196,0.495,0.532
5096,169.867,583.45,550.91,0.044,1.179,1.18
5097,169.9,583.2,550.05,0.437,1.291,1.363
5098,169.933,584.25,549.7,0.906,0.797,1.207
5099,169.967,583.85,549.34,1.411,0.059,1.412
5100,170.0,583.85,549.52,1.722,-0.951,1.967
5101,170.033,584.18,550.49,2.284,-1.874,2.954
5102,170.067,584.16,552.0,2.77,-3.052,4.122
5103,170.1,584.41,552.53,3.147,-4.515,5.503
5104,170.133,584.2,552.23,3.329,-6.268,7.097
5105,170.167,584.43,552.18,3.415,-8.439,9.104
5106,170.2,583.95,551.38,2.842,-11.011,11.372
5107,170.233,584.08,550.42,1.971,-14.067,14.204
5108,170.267,584.67,549.03,0.736,-17.324,17.34
5109,170.3,584.57,548.23,-0.251,-20.485,20.487
5110,170.333,584.75,547.84,-1.454,-23.754,23.798
5111,170.367,584.86,546.8,-2.564,-26.69,26.812
5112,170.4,585.08,545.8,-3.453,-28.658,28.866
5113,170.433,584.95,545.48,-3.984,-29.615,29.882
5114,170.467,584.61,544.06,-4.9,-29.596,29.999
5115,170.5,584.69,543.22,-5.407,-29.148,29.645
5116,170.533,583.92,541.71,-5.72,-28.109,28.685
5117,170.567,583.52,540.94,-5.939,-27.311,27.949
5118,170.6,582.68,540.09,-6.007,-27.457,28.106
5119,170.633,582.65,538.87,-5.542,-28.028,28.57
5120,170.667,582.21,537.97,-5.129,-28.74,29.194
5121,170.7,582.76,536.96,-4.83,-29.746,30.136
5122,170.733,582.74,536.48,-4.235,-30.827,31.116
5123,170.767,582.43,536.12,-3.506,-31.683,31.876
5124,170.8,582.29,535.4,-2.924,-31.794,31.928
5125,170.833,582.52,534.92,-2.223,-31.638,31.716
5126,170.867,582.53,533.76,-1.558,-31.474,31.513
5127,170.9,582.47,532.03,-0.938,-31.08,31.095
5128,170.933,582.43,530.28,-0.517,-30.834,30.838
5129,170.967,582.6,528.08,-0.164,-31.109,31.11
5130,171.0,582.48,527.18,0.217,-31.619,31.62
5131,171.033,582.57,525.57,0.411,-32.104,32.106
5132,171.067,582.53,524.74,0.844,-32.349,32.36
5133,171.1,582.7,524.52,1.385,-32.762,32.791
5134,171.133,581.53,523.82,2.253,-32.608,32.686
5135,171.167,581.86,523.15,3.071,-32.127,32.274
5136,171.2,582.08,522.41,3.924,-31.734,31.975
5137,171.233,582.34,521.88,4.21,-31.369,31.65
5138,171.267,582.55,520.97,4.082,-31.328,31.592
5139,171.3,582.76,519.35,3.672,-31.451,31.665
5140,171.333,583.01,517.99,3.034,-31.808,31.952
5141,171.367,583.26,516.43,2.032,-32.561,32.624
5142,171.4,583.47,514.66,0.765,-32.674,32.683
5143,171.433,583.71,513.59,-0.661,-32.439,32.446
5144,171.467,583.84,512.56,-2.219,-31.909,31.987
5145,171.5,583.89,512.24,-3.98,-30.763,31.02
5146,171.533,583.75,511.05,-5.731,-29.806,30.352
5147,171.567,583.38,510.23,-7.494,-28.021,29.005
5148,171.6,582.85,509.88,-9.075,-25.801,27.351
5149,171.633,582.22,507.92,-10.483,-23.522,25.752
5150,171.667,581.5,506.58,-10.921,-21.042,23.707
5151,171.7,580.93,505.93,-10.937,-19.002,21.924
5152,171.733,580.5,505.55,-10.546,-17.838,20.722
5153,171.767,580.17,505.55,-9.912,-18.194,20.719
5154,171.8,580.01,505.08,-9.171,-20.332,22.305
5155,171.833,579.79,505.02,-8.379,-23.494,24.944
5156,171.867,579.56,505.04,-7.463,-27.655,28.644
5157,171.9,579.43,503.05,-6.374,-31.898,32.529
5158,171.933,579.29,501.81,-5.102,-35.562,35.926
5159,171.967,579.26,500.72,-3.663,-38.839,39.011
5160,172.0,579.34,499.71,-2.062,-41.714,41.765
5161,172.033,579.47,499.46,-0.384,-44.409,44.411
5162,172.067,579.67,497.86,1.272,-46.778,46.795
5163,172.1,579.75,496.05,2.933,-48.972,49.059
5164,172.133,579.67,493.66,4.614,-51.081,51.289
5165,172.167,579.56,490.4,6.251,-52.013,52.387
5166,172.2,579.34,487.51,7.862,-51.75,52.344
5167,172.233,579.17,484.97,9.417,-50.531,51.401
5168,172.267,579.25,483.28,10.879,-48.833,50.03
5169,172.3,579.75,482.81,12.197,-46.679,48.246
5170,172.333,580.59,482.19,13.208,-44.236,46.166
5171,172.367,581.43,482.23,14.234,-41.703,44.065
5172,172.4,582.23,481.37,15.526,-39.479,42.422
5173,172.433,583.03,479.86,15.626,-36.757,39.941
5174,172.467,583.66,478.38,14.887,-33.82,36.952
5175,172.5,584.1,477.02,13.562,-30.579,33.452
5176,172.533,584.42,475.41,11.788,-27.336,29.769
5177,172.567,584.74,474.45,9.528,-24.502,26.289
5178,172.6,584.93,473.89,6.897,-21.795,22.86
5179,172.633,584.98,473.34,3.874,-19.19,19.577
5180,172.667,585.1,472.5,0.615,-16.755,16.767
5181,172.7,585.23,471.56,-2.627,-14.134,14.376
5182,172.733,585.28,470.65,-5.535,-11.544,12.803
5183,172.767,585.2,470.58,-8.067,-8.643,11.823
5184,172.8,585.0,470.07,-9.923,-5.615,11.402
5185,172.833,584.85,470.25,-11.102,-3.289,11.578
5186,172.867,583.75,470.22,-11.7,-1.548,11.802
5187,172.9,581.4,470.47,-11.725,-0.942,11.763
5188,172.933,581.84,470.99,-11.255,-1.343,11.335
5189,172.967,582.04,471.65,-10.53,-2.419,10.804
5190,173.0,581.91,471.84,-9.717,-3.891,10.467
5191,173.033,581.53,472.22,-8.762,-5.198,10.188
5192,173.067,581.29,471.91,-7.602,-5.86,9.598
5193,173.1,580.82,471.38,-6.416,-6.246,8.954
5194,173.133,580.66,470.26,-5.331,-6.28,8.238
5195,173.167,580.68,469.31,-4.286,-6.293,7.614
5196,173.2,580.67,468.54,-3.322,-6.34,7.157
5197,173.233,580.58,468.47,-2.615,-6.556,7.058
5198,173.267,580.97,467.98,-2.041,-6.865,7.162
5199,173.3,581.09,467.41,-1.533,-7.698,7.849
5200,173.333,581.07,467.41,-1.353,-8.74,8.844
5201,173.367,580.96,467.16,-1.488,-9.904,10.015
5202,173.4,580.65,467.08,-1.401,-10.662,10.754
5203,173.433,580.24,467.44,-0.437,-11.034,11.042
5204,173.467,580.03,468.15,0.241,-11.111,11.114
5205,173.5,580.12,468.86,0.813,-11.246,11.275
5206,173.533,580.15,468.65,1.595,-11.583,11.692
5207,173.567,580.0,467.78,2.612,-12.434,12.706
5208,173.6,580.03,467.02,3.8,-13.84,14.353
5209,173.633,580.39,465.31,5.24,-15.548,16.407
5210,173.667,580.74,463.76,6.687,-16.914,18.188
5211,173.7,581.07,462.37,7.981,-17.611,19.335
5212,173.733,581.68,461.52,9.067,-17.563,19.765
5213,173.767,581.98,461.0,9.951,-17.082,19.769
5214,173.8,581.98,461.12,10.349,-15.961,19.022
5215,173.833,582.44,461.75,10.326,-14.093,17.471
5216,173.867,582.68,462.21,9.939,-11.758,15.396
5217,173.9,582.68,462.05,9.231,-8.892,12.817
5218,173.933,583.25,461.67,8.292,-5.382,9.886
5219,173.967,584.05,460.9,7.293,-1.534,7.453
5220,174.0,584.61,460.15,6.234,1.902,6.518
5221,174.033,584.63,459.77,5.025,4.46,6.719
5222,174.067,584.65,459.59,3.76,6.043,7.118
5223,174.1,584.52,460.24,2.628,6.723,7.218
5224,174.133,584.31,461.02,1.671,6.345,6.561
5225,174.167,584.23,461.59,0.784,5.539,5.595
5226,174.2,584.2,461.8,-0.015,4.691,4.691
5227,174.233,584.21,462.0,-0.672,4.075,4.13
5228,174.267,584.26,462.28,-1.362,3.699,3.942
5229,174.3,584.31,462.57,-1.932,3.807,4.27
5230,174.333,584.33,462.88,-2.172,3.997,4.549
5231,174.367,584.24,463.22,-2.274,3.753,4.388
5232,174.4,584.13,463.6,-2.156,2.807,3.539
5233,174.433,584.08,463.33,-1.712,1.547,2.308
5234,174.467,583.98,462.55,-1.235,0.179,1.248
5235,174.5,583.9,462.04,-0.968,-0.972,1.372
5236,174.533,583.89,461.47,-0.949,-1.56,1.826
5237,174.567,583.86,461.25,-0.932,-1.696,1.936
5238,174.6,583.84,461.35,-0.95,-1.536,1.806
5239,174.633,583.79,461.81,-0.905,-1.47,1.726
5240,174.667,583.78,462.37,-0.762,-1.542,1.72
5241,174.7,583.8,462.67,-0.548,-1.712,1.798
5242,174.733,583.8,462.87,-0.299,-1.592,1.619
5243,174.767,583.85,463.01,-0.04,-1.155,1.155
5244,174.8,583.88,462.5,0.186,-0.591,0.62
5245,174.833,583.86,462.05,0.366,-0.022,0.366
5246,174.867,583.79,461.86,0.476,0.555,0.731
5247,174.9,583.71,462.14,0.555,1.057,1.194
5248,174.933,583.7,462.2,0.61,1.192,1.339
5249,174.967,583.74,462.18,0.651,1.163,1.333
5250,175.0,583.83,462.14,0.714,0.989,1.22
5251,175.033,583.97,461.68,0.774,0.666,1.021
5252,175.067,584.0,461.37,0.808,0.064,0.81
5253,175.1,584.05,461.54,0.835,-0.542,0.996
5254,175.133,584.04,461.96,0.856,-1.073,1.372
5255,175.167,584.06,462.38,0.907,-1.577,1.819
5256,175.2,584.05,462.92,0.945,-1.919,2.139
5257,175.233,584.07,462.95,0.951,-1.939,2.16
5258,175.267,584.08,462.78,0.93,-1.85,2.07
5259,175.3,584.11,462.74,0.796,-1.629,1.813
5260,175.333,584.11,462.74,0.563,-0.914,1.073
5261,175.367,584.13,462.46,0.276,0.073,0.286
5262,175.4,584.16,461.86,-0.012,1.288,1.288
5263,175.433,584.22,461.32,-0.209,2.194,2.204
5264,175.467,584.22,460.64,-0.373,2.854,2.878
5265,175.5,584.18,460.52,-0.506,3.465,3.502
5266,175.533,584.19,460.53,-0.654,4.007,4.06
5267,175.567,584.21,461.54,-0.852,4.734,4.81
5268,175.6,584.18,462.37,-1.041,5.912,6.003
5269,175.633,584.14,463.21,-1.221,6.993,7.099
5270,175.667,584.02,464.04,-1.33,7.673,7.788
5271,175.7,583.94,464.4,-1.351,7.431,7.552
5272,175.733,583.84,464.34,-1.278,6.159,6.29
5273,175.767,583.72,464.52,-1.156,4.323,4.475
5274,175.8,583.73,464.4,-1.037,2.134,2.373
5275,175.833,583.75,463.89,-0.931,-0.222,0.957
5276,175.867,583.77,463.72,-0.808,-2.634,2.755
5277,175.9,583.79,463.34,-0.691,-4.743,4.793
5278,175.933,583.67,463.49,-0.585,-6.517,6.544
5279,175.967,583.65,463.7,-0.503,-7.979,7.995
5280,176.0,583.62,463.53,-0.402,-8.868,8.878
5281,176.033,583.65,463.28,-0.316,-9.287,9.292
5282,176.067,583.7,462.89,-0.275,-8.987,8.992
5283,176.1,583.76,461.68,-0.265,-8.352,8.356
5284,176.133,583.81,460.84,-0.257,-7.259,7.264
5285,176.167,583.81,460.1,-0.26,-5.924,5.93
5286,176.2,583.72,460.4,-0.234,-4.503,4.509
5287,176.233,583.6,461.0,-0.197,-3.205,3.211
5288,176.267,583.5,461.36,-0.116,-2.062,2.065
5289,176.3,583.5,461.78,-0.029,-1.208,1.208
5290,176.333,583.52,461.92,0.01,-0.331,0.331
5291,176.367,583.52,461.82,-0.008,0.841,0.841
5292,176.4,583.56,461.19,-0.072,2.444,2.445
5293,176.433,583.61,460.87,-0.19,4.132,4.137
5294,176.467,583.62,460.94,-0.299,5.92,5.928
5295,176.5,583.58,461.22,-0.397,7.176,7.187
5296,176.533,583.62,461.81,-0.465,7.761,7.774
5297,176.567,583.69,462.26,-0.517,7.506,7.524
5298,176.6,583.72,462.63,-0.579,6.46,6.486
5299,176.633,583.68,462.61,-0.641,5.539,5.576
5300,176.667,583.64,462.59,-0.703,4.907,4.958
5301,176.7,583.57,462.35,-0.767,4.539,4.603
5302,176.733,583.49,462.57,-0.75,4.493,4.555
5303,176.767,583.35,463.25,-0.529,4.348,4.38
5304,176.8,583.31,464.05,-0.077,3.466,3.466
5305,176.833,583.32,464.47,0.577,1.896,1.982
5306,176.867,583.35,464.65,1.335,-0.413,1.397
5307,176.9,583.36,463.92,2.121,-3.047,3.712
5308,176.933,583.4,463.77,2.805,-5.646,6.304
5309,176.967,583.51,462.58,3.294,-7.944,8.6
5310,177.0,583.59,461.97,3.559,-9.851,10.474
5311,177.033,583.71,461.7,3.642,-11.314,11.886
5312,177.067,583.84,461.86,3.482,-12.841,13.305
5313,177.1,584.02,462.32,3.027,-13.855,14.182
5314,177.133,584.21,462.12,2.261,-14.521,14.696
5315,177.167,584.39,461.55,1.252,-14.413,14.467
5316,177.2,584.64,461.31,0.032,-13.465,13.465
5317,177.233,584.87,459.84,-1.314,-11.741,11.814
5318,177.267,584.86,458.31,-2.75,-9.501,9.891
5319,177.3,584.7,458.07,-4.16,-6.952,8.102
5320,177.333,584.34,457.73,-5.522,-4.517,7.134
5321,177.367,583.92,458.0,-6.77,-1.973,7.052
5322,177.4,583.47,458.02,-7.883,0.274,7.888
5323,177.433,583.1,458.45,-8.741,2.67,9.14
5324,177.467,582.79,458.73,-9.309,4.796,10.472
5325,177.5,582.5,458.9,-9.568,6.877,11.783
5326,177.533,582.15,458.99,-9.509,8.855,12.994
5327,177.567,581.8,460.14,-9.116,10.551,13.944
5328,177.6,581.5,460.37,-8.401,11.595,14.319
5329,177.633,581.3,461.03,-7.621,11.679,13.946
5330,177.667,581.09,461.22,-6.751,10.562,12.535
5331,177.7,580.93,461.19,-5.704,8.539,10.269
5332,177.733,580.74,461.52,-4.561,5.814,7.389
5333,177.767,580.64,461.98,-3.742,3.157,4.896
5334,177.8,580.55,462.14,-3.356,1.192,3.561
5335,177.833,580.53,462.51,-2.616,-0.289,2.632
5336,177.867,580.51,462.09,-1.527,-1.179,1.929
5337,177.9,580.59,462.08,-0.016,-1.859,1.859
5338,177.933,580.6,461.65,1.843,-2.376,3.007
5339,177.967,580.62,461.13,4.018,-2.903,4.957
5340,178.0,580.62,461.1,5.973,-3.218,6.785
5341,178.033,580.66,460.75,7.278,-3.307,7.994
5342,178.067,580.65,460.32,8.01,-3.232,8.637
5343,178.1,580.6,459.96,8.325,-3.539,9.046
5344,178.133,581.04,459.49,8.465,-4.067,9.391
5345,178.167,581.52,460.08,8.197,-4.963,9.582
5346,178.2,581.75,460.8,7.611,-5.804,9.571
5347,178.233,581.88,461.08,6.746,-6.473,9.349
5348,178.267,582.81,461.41,5.872,-6.892,9.055
5349,178.3,584.44,461.29,4.919,-7.16,8.687
5350,178.333,584.61,460.63,3.9,-7.426,8.388
5351,178.367,584.69,459.81,2.605,-7.82,8.242
5352,178.4,584.32,459.11,1.59,-8.223,8.375
5353,178.433,583.7,458.75,0.4,-8.605,8.614
5354,178.467,582.5,458.45,-0.827,-8.469,8.509
5355,178.5,581.9,457.77,-2.31,-7.96,8.289
5356,178.533,582.11,457.11,-3.599,-6.905,7.787
5357,178.567,582.43,456.78,-4.211,-5.494,6.922
5358,178.6,582.62,456.51,-4.017,-3.568,5.373
5359,178.633,582.34,456.84,-3.471,-1.593,3.819
5360,178.667,582.51,457.29,-2.752,0.073,2.753
5361,178.7,582.66,457.45,-1.885,0.823,2.056
5362,178.733,582.88,457.81,-0.804,0.759,1.106
5363,178.767,582.64,457.68,0.533,0.178,0.562
5364,178.8,582.48,457.36,1.432,-1.179,1.855
5365,178.833,582.32,457.43,1.999,-3.168,3.746
5366,178.867,582.74,457.38,2.208,-5.352,5.789
5367,178.9,582.05,457.9,1.935,-7.903,8.136
5368,178.933,582.19,458.11,1.328,-11.127,11.206
5369,178.967,582.32,457.55,0.558,-15.227,15.237
5370,179.0,583.3,457.31,0.496,-19.712,19.718
5371,179.033,583.83,455.87,1.04,-23.735,23.758
5372,179.067,583.36,454.58,1.013,-27.325,27.344
5373,179.1,582.41,452.53,-0.558,-41.253,41.257
5374,179.133,582.41,450.98,-1.668,-36.733,36.771
5375,179.167,582.38,450.36,-3.646,-32.741,32.943
5376,179.2,582.28,450.2,-6.128,-29.604,30.232
5377,179.233,582.23,449.52,-8.471,-27.41,28.689
5378,179.267,582.23,448.26,-10.832,-25.933,28.105
5379,179.3,582.89,447.03,-12.748,-24.419,27.546
5380,179.333,581.88,445.59,-13.571,-22.671,26.422
5381,179.367,581.54,443.44,-13.365,-20.766,24.695
5382,179.4,581.25,441.76,-12.552,-18.776,22.585
5383,179.433,580.98,441.03,-10.446,-17.454,20.341
5384,179.467,580.68,441.18,-7.237,-17.157,18.621
5385,179.5,579.2,441.03,-2.945,-17.821,18.063
5386,179.533,577.14,440.0,1.075,-19.387,19.417
5387,179.567,576.58,439.57,3.995,-21.181,21.554
5388,179.6,578.62,469.36,6.337,-23.106,23.959
5389,179.633,576.79,437.17,8.636,-24.451,25.932
5390,179.667,578.52,435.95,10.576,-25.014,27.158
5391,179.7,580.09,435.42,11.991,-25.285,27.984
5392,179.733,580.9,435.85,12.544,-25.431,28.357
5393,179.767,582.38,436.17,12.311,-25.313,28.148
5394,179.8,583.89,435.61,11.566,-24.404,27.006
5395,179.833,584.23,434.88,9.947,-23.068,25.121
5396,179.867,584.63,433.74,8.395,-21.235,22.834
5397,179.9,585.13,432.43,6.939,-18.389,19.655
5398,179.933,585.1,431.63,5.548,-14.544,15.567
5399,179.967,584.2,431.5,3.889,-9.848,10.588
5400,180.0,582.33,432.12,1.759,-4.861,5.169
5401,180.033,581.27,432.51,0.179,0.626,0.651
5402,180.067,581.75,432.94,-0.07,7.217,7.218
5403,180.1,582.16,433.53,0.74,14.419,14.438
5404,180.133,582.22,434.01,1.344,4.13,4.343
5405,180.167,582.06,434.16,3.753,5.119,6.347
5406,180.2,582.15,434.66,6.454,6.474,9.141
5407,180.233,583.2,434.88,9.264,7.562,11.959
5408,180.267,584.45,434.98,12.724,7.699,14.872
5409,180.3,585.36,434.25,16.243,6.843,17.626
5410,180.333,586.29,434.06,18.278,5.467,19.078
5411,180.367,586.94,434.06,19.275,3.79,19.644
5412,180.4,586.96,434.15,18.729,2.501,18.895
5413,180.433,586.72,434.53,17.388,1.74,17.475
5414,180.467,587.02,434.77,15.336,1.73,15.434
5415,180.5,587.95,435.36,12.974,1.892,13.111
5416,180.533,588.49,435.65,10.89,1.789,11.036
5417,180.567,589.0,435.49,10.105,1.361,10.196
5418,180.6,589.55,435.82,9.474,0.88,9.515
5419,180.633,590.12,435.58,8.713,0.289,8.718
5420,180.667,590.56,435.33,8.005,-0.275,8.009
5421,180.7,590.92,434.56,7.637,-0.63,7.663
5422,180.733,591.18,434.49,7.312,-1.049,7.387
5423,180.767,590.25,434.87,7.135,-1.566,7.305
5424,180.8,588.65,435.27,7.035,-2.171,7.362
5425,180.833,589.26,435.56,6.895,-2.417,7.306
5426,180.867,589.86,435.8,6.588,-2.269,6.968
5427,180.9,591.77,435.24,6.21,-1.613,6.416
5428,180.933,592.05,434.91,6.075,-0.933,6.147
5429,180.967,592.37,433.95,6.349,-0.279,6.355
5430,181.0,592.88,433.73,6.902,0.087,6.902
5431,181.033,594.02,433.83,7.356,-0.067,7.356
5432,181.067,592.85,434.51,7.835,-0.41,7.845
5433,181.1,592.37,434.82,8.236,-0.63,8.26
5434,181.133,592.41,435.14,8.468,-1.097,8.539
5435,181.167,592.57,435.17,8.164,-1.378,8.279
5436,181.2,592.7,434.99,7.452,-2.039,7.726
5437,181.233,593.86,434.83,6.365,-2.719,6.921
5438,181.267,594.21,434.8,4.989,-3.492,6.089
5439,181.3,594.21,434.78,3.922,-4.199,5.746
5440,181.333,594.49,434.83,4.029,-4.521,6.056
5441,181.367,594.79,434.47,4.398,-4.459,6.263
5442,181.4,594.95,433.51,5.051,-4.24,6.595
5443,181.433,595.01,433.34,4.979,-3.594,6.141
5444,181.467,595.16,432.88,4.816,-2.967,5.657
5445,181.5,595.21,433.08,4.461,-2.34,5.038
5446,181.533,595.25,433.5,3.812,-2.095,4.35
5447,181.567,595.14,433.44,2.442,-2.113,3.229
5448,181.6,595.03,433.06,1.59,-2.387,2.868
5449,181.633,594.85,432.79,1.2,-2.834,3.077
5450,181.667,595.28,431.92,0.647,-3.146,3.212
5451,181.7,595.54,432.35,0.331,-3.377,3.393
5452,181.733,595.72,433.2,0.429,-3.33,3.357
5453,181.767,595.72,434.26,0.002,-3.33,3.33
5454,181.8,595.86,434.84,-0.716,-3.601,3.672
5455,181.833,595.59,434.47,-1.567,-4.084,4.375
5456,181.867,595.42,433.59,-2.638,-4.276,5.025
5457,181.9,595.05,432.53,-3.858,-4.207,5.708
5458,181.933,595.02,431.17,-5.099,-3.329,6.089
5459,181.967,594.88,430.25,-6.274,-2.482,6.747
5460,182.0,594.87,430.2,-7.463,-1.136,7.549
5461,182.033,594.8,430.95,-8.632,0.104,8.633
5462,182.067,594.64,431.75,-9.714,1.154,9.782
5463,182.1,594.1,432.19,-10.61,1.857,10.771
5464,182.133,593.27,432.85,-11.305,2.974,11.689
5465,182.167,593.48,432.76,-11.634,4.777,12.576
5466,182.2,592.89,432.86,-11.848,7.567,14.058
5467,182.233,591.83,432.61,-11.961,10.644,16.011
5468,182.267,591.38,433.03,-11.991,13.62,18.146
5469,182.3,591.04,434.02,-11.859,15.947,19.873
5470,182.333,590.83,435.2,-11.681,17.301,20.875
5471,182.367,590.69,435.2,-11.35,17.591,20.935
5472,182.4,590.43,435.48,-10.992,17.549,20.707
5473,182.433,590.04,435.23,-10.523,18.017,20.865
5474,182.467,589.59,436.15,-10.188,19.59,22.081
5475,182.5,589.22,436.46,-10.011,22.389,24.525
5476,182.533,588.93,437.52,-10.062,25.937,27.82
5477,182.567,588.56,438.58,-10.289,29.725,31.455
5478,182.6,588.24,440.73,-10.667,33.101,34.777
5479,182.633,588.04,442.04,-11.0,36.005,37.648
5480,182.667,587.76,442.71,-11.029,38.239,39.798
5481,182.7,587.4,443.41,-11.331,39.931,41.508
5482,182.733,587.07,444.23,-11.652,41.074,42.694
5483,182.767,586.7,444.92,-11.699,41.458,43.077
5484,182.8,586.21,445.83,-11.657,40.617,42.257
5485,182.833,585.6,447.35,-11.483,38.048,39.743
5486,182.867,585.01,450.21,-11.345,33.449,35.321
5487,182.9,584.5,452.76,-11.033,27.9,30.002
5488,182.933,584.03,454.24,-10.421,21.868,24.224
5489,182.967,583.72,455.03,-9.579,15.876,18.542
5490,183.0,583.61,455.15,-8.73,9.846,13.159
5491,183.033,583.54,455.05,-7.898,3.873,8.796
5492,183.067,583.36,454.42,-7.538,-2.574,7.965
5493,183.1,583.12,454.17,-7.65,-9.34,12.073
5494,183.133,582.81,453.68,-8.501,-16.984,18.992
5495,183.167,582.32,452.6,-9.721,-24.598,26.449
5496,183.2,581.88,451.31,-10.873,-31.264,33.101
5497,183.233,581.55,449.29,-13.039,-36.2,38.476
5498,183.267,581.32,447.69,-15.762,-39.172,42.224
5499,183.3,581.12,446.41,-18.481,-39.967,44.033
5500,183.333,580.8,445.65,-21.093,-39.041,44.375
5501,183.367,580.74,445.55,-23.205,-36.765,43.475
5502,183.4,580.03,444.84,-24.483,-34.407,42.229
5503,183.433,578.76,443.32,-25.086,-32.535,41.083
5504,183.467,577.27,441.65,-25.41,-31.217,40.251
5505,183.5,575.96,439.18,-25.861,-29.974,39.589
5506,183.533,574.29,437.31,-26.822,-29.079,39.56
5507,183.567,573.28,436.47,-27.241,-28.495,39.421
5508,183.6,572.38,436.21,-26.552,-28.099,38.66
5509,183.633,572.27,436.96,-24.675,-28.09,37.389
5510,183.667,571.49,437.48,-21.487,-28.296,35.529
5511,183.7,569.64,437.59,-17.428,-28.441,33.357
5512,183.733,570.4,436.57,-12.664,-28.227,30.938
5513,183.767,570.96,434.98,-7.415,-26.964,27.965
5514,183.8,570.82,432.88,-2.047,-24.98,25.064
5515,183.833,570.9,431.36,3.056,-22.484,22.691
5516,183.867,570.54,429.72,7.627,-19.775,21.195
5517,183.9,569.49,428.64,11.204,-17.364,20.665
5518,183.933,568.56,428.05,13.876,-15.005,20.438
5519,183.967,568.59,428.02,15.738,-12.635,20.182
5520,184.0,569.94,427.13,16.918,-10.17,19.739
5521,184.033,573.04,427.13,17.387,-7.137,18.795
5522,184.067,574.81,427.23,17.467,-3.557,17.826
5523,184.1,575.65,427.74,16.998,0.203,16.999
5524,184.133,576.12,428.47,15.983,3.627,16.389
5525,184.167,575.85,429.07,14.226,6.21,15.522
5526,184.2,576.11,429.73,12.102,7.482,14.228
5527,184.233,576.24,430.03,10.597,7.578,13.028
5528,184.267,576.16,429.66,8.649,6.759,10.977
5529,184.3,576.06,429.62,6.254,5.407,8.268
5530,184.333,576.04,429.77,3.652,3.781,5.257
5531,184.367,576.05,429.92,0.749,1.521,1.695
5532,184.4,576.08,430.01,-2.202,-0.954,2.399
5533,184.433,575.95,429.5,-4.348,-3.391,5.514
5534,184.467,575.89,429.26,-5.276,-5.721,7.782
5535,184.5,575.78,428.92,-4.966,-7.741,9.197
5536,184.533,575.67,428.69,-4.054,-8.819,9.706
5537,184.567,575.54,428.43,-3.754,-9.102,9.846
5538,184.6,575.44,428.1,-4.001,-8.797,9.664
5539,184.633,575.55,428.2,-4.685,-8.408,9.625
5540,184.667,575.48,427.85,-5.713,-7.944,9.785
5541,184.7,575.46,427.91,-6.555,-7.552,10.0
5542,184.733,575.09,427.32,-7.424,-7.383,10.47
5543,184.767,574.65,426.75,-8.288,-7.573,11.226
5544,184.8,574.1,425.82,-9.027,-7.561,11.776
5545,184.833,573.69,425.12,-9.731,-7.785,12.462
5546,184.867,573.46,425.33,-10.201,-8.075,13.01
5547,184.9,573.54,425.74,-10.42,-8.567,13.49
5548,184.933,573.28,426.04,-10.451,-9.226,13.941
5549,184.967,572.95,426.42,-10.334,-9.862,14.285
5550,185.0,572.26,426.16,-10.106,-10.409,14.508
5551,185.033,571.65,425.64,-9.766,-10.42,14.281
5552,185.067,571.08,424.65,-9.39,-9.836,13.599
5553,185.1,570.73,423.84,-9.087,-9.108,12.866
5554,185.133,570.67,423.64,-8.622,-7.982,11.75
5555,185.167,570.72,423.07,-8.131,-6.967,10.708
5556,185.2,570.5,422.64,-7.52,-5.864,9.536
5557,185.233,570.28,422.18,-6.872,-5.18,8.606
5558,185.267,570.09,422.17,-5.981,-4.551,7.515
5559,185.3,569.89,421.72,-4.953,-3.723,6.196
5560,185.333,570.05,422.08,-3.845,-2.475,4.573
5561,185.367,569.83,422.02,-2.772,-0.974,2.938
5562,185.4,569.48,422.26,-2.054,0.241,2.068
5563,185.433,569.1,422.5,-2.026,0.828,2.189
5564,185.467,568.92,423.16,-2.321,0.911,2.494
5565,185.5,568.75,423.78,-2.755,0.321,2.774
5566,185.533,568.64,423.59,-2.967,-0.733,3.057
5567,185.567,568.73,422.88,-2.936,-2.232,3.688
5568,185.6,569.25,422.94,-2.499,-3.782,4.533
5569,185.633,569.41,422.37,-1.82,-5.108,5.422
5570,185.667,569.56,422.16,-1.227,-6.571,6.685
5571,185.7,569.53,421.73,-1.008,-7.998,8.061
5572,185.733,569.38,421.82,-0.848,-8.738,8.779
5573,185.767,568.83,421.78,-0.701,-8.543,8.572
5574,185.8,568.33,421.18,-0.516,-7.567,7.585
5575,185.833,567.93,420.46,-0.284,-5.791,5.798
5576,185.867,567.58,419.99,-0.146,-3.629,3.632
5577,185.9,567.77,419.8,-0.034,-0.987,0.988
5578,185.933,568.53,420.03,0.098,1.289,1.292
5579,185.967,569.02,419.99,0.118,2.878,2.881
5580,186.0,569.32,419.95,0.02,3.857,3.857
5581,186.033,569.29,419.95,-0.218,3.773,3.779
5582,186.067,569.21,420.32,-0.415,2.929,2.958
5583,186.1,568.77,420.78,-0.547,1.957,2.032
5584,186.133,568.34,420.97,-0.962,0.564,1.115
5585,186.167,568.21,421.67,-1.572,-0.984,1.855
5586,186.2,568.61,422.91,-2.355,-2.737,3.611
5587,186.233,568.67,423.04,-3.317,-4.28,5.414
5588,186.267,568.69,422.64,-4.378,-5.786,7.255
5589,186.3,568.56,421.78,-5.192,-7.158,8.843
5590,186.333,568.37,420.97,-5.433,-8.289,9.91
5591,186.367,567.91,419.8,-5.056,-8.931,10.263
5592,186.4,567.46,418.16,-4.385,-9.613,10.566
5593,186.433,566.96,417.63,-3.677,-10.31,10.946
5594,186.467,566.88,417.8,-3.319,-11.143,11.627
5595,186.5,566.82,417.25,-3.333,-11.808,12.269
5596,186.533,567.03,417.42,-3.544,-11.975,12.488
5597,186.567,567.04,417.83,-3.743,-11.111,11.724
5598,186.6,566.86,417.78,-3.589,-9.509,10.163
5599,186.633,566.86,417.74,-2.94,-7.352,7.918
5600,186.667,566.93,417.95,-2.026,-4.806,5.216
5601,186.7,566.9,418.23,-1.073,-2.172,2.422
5602,186.733,567.03,418.01,-1.025,-0.498,1.14
5603,186.767,567.22,417.57,-0.688,0.574,0.896
5604,186.8,567.26,416.73,0.043,1.043,1.044
5605,186.833,566.69,416.07,0.528,1.171,1.284
5606,186.867,565.86,415.1,1.078,1.118,1.553
5607,186.9,565.75,415.35,1.695,1.148,2.047
5608,186.933,565.86,415.88,2.195,1.778,2.825
5609,186.967,566.22,416.8,2.329,2.684,3.553
5610,187.0,566.88,417.92,2.267,3.81,4.433
5611,187.033,567.4,418.88,2.713,5.635,6.254
5612,187.067,567.84,418.81,2.621,7.501,7.946
5613,187.1,567.46,418.74,2.234,9.156,9.425
5614,187.133,566.87,418.52,1.917,10.704,10.875
5615,187.167,566.69,418.53,0.751,11.899,11.923
5616,187.2,566.72,418.1,-1.151,12.265,12.319
5617,187.233,568.55,418.59,-3.073,11.649,12.047
5618,187.267,568.27,418.87,-4.728,10.874,11.858
5619,187.3,567.24,419.51,-6.271,9.818,11.65
5620,187.333,567.32,420.21,-7.643,9.08,11.869
5621,187.367,566.61,420.75,-8.36,8.862,12.184
5622,187.4,565.88,421.42,-7.854,9.628,12.425
5623,187.433,565.47,422.09,-6.931,10.733,12.777
5624,187.467,565.98,422.88,-5.796,11.818,13.163
5625,187.5,566.09,423.08,-4.676,12.735,13.566
5626,187.533,564.42,422.71,-3.636,15.725,16.14
5627,187.567,564.36,422.77,-2.943,19.313,19.536
5628,187.6,564.02,422.72,-2.315,22.463,22.582
5629,187.633,563.01,422.52,-1.48,19.129,19.187
5630,187.667,564.02,422.64,-0.236,10.562,10.565
5631,187.7,565.52,423.55,1.028,-1.189,1.572
5632,187.733,566.19,424.92,2.315,-10.732,10.978
5633,187.767,566.22,425.13,2.369,-17.843,18.0
5634,187.8,566.42,425.94,1.256,-22.63,22.664
5635,187.833,566.58,426.21,0.933,-25.461,25.478
5636,187.867,566.35,426.12,0.716,-26.491,26.501
5637,187.9,565.15,425.54,0.647,-25.903,25.911
5638,187.933,564.87,425.12,1.748,-16.338,16.432
5639,187.967,564.86,425.02,2.136,-17.677,17.805
5640,188.0,565.16,424.51,2.055,-17.506,17.626
5641,188.033,565.19,416.76,1.215,-16.015,16.061
5642,188.067,565.77,408.44,0.849,-13.019,13.046
5643,188.1,565.63,400.27,1.236,-9.031,9.115
5644,188.133,565.51,406.05,3.58,-4.33,5.618
5645,188.167,565.22,414.53,7.132,1.088,7.214
5646,188.2,565.48,423.78,10.991,6.991,13.026
5647,188.233,565.59,424.97,13.847,12.796,18.854
5648,188.267,566.12,424.94,14.619,17.613,22.89
5649,188.3,568.74,425.01,13.815,21.481,25.54
5650,188.333,568.51,425.2,11.684,23.83,26.54
5651,188.367,568.35,425.18,8.346,24.311,25.704
5652,188.4,568.75,425.19,4.313,22.768,23.173
5653,188.433,566.67,403.96,0.46,19.351,19.356
5654,188.467,568.22,424.93,-3.285,14.012,14.392
5655,188.5,568.67,424.58,-6.924,6.663,9.61
5656,188.533,570.24,424.44,-10.088,-2.674,10.436
5657,188.567,571.89,423.95,-12.533,-9.416,15.676
5658,188.6,571.87,423.66,-14.639,-11.383,18.544
5659,188.633,568.64,423.69,-15.823,-6.304,17.032
5660,188.667,566.74,423.6,-16.02,0.161,16.021
5661,188.7,563.77,423.35,-14.881,5.766,15.959
5662,188.733,561.6,422.8,-12.629,8.191,15.053
5663,188.767,562.07,422.58,-9.405,9.895,13.652
5664,188.8,562.65,422.62,-5.356,11.369,12.568
5665,188.833,563.12,422.55,-1.474,12.663,12.749
5666,188.867,563.88,423.07,2.884,13.623,13.925
5667,188.9,564.54,424.04,7.856,14.346,16.356
5668,188.933,565.21,425.21,13.226,14.93,19.946
5669,188.967,566.05,426.44,20.306,27.775,34.406
5670,189.0,567.37,427.46,26.93,32.691,42.355
5671,189.033,568.11,428.69,33.262,37.037,49.78
5672,189.067,568.87,429.35,38.432,40.546,55.866
5673,189.1,570.13,430.29,41.582,43.449,60.14
5674,189.133,571.16,431.59,42.91,46.055,62.947
5675,189.167,572.39,433.2,43.552,48.195,64.958
5676,189.2,573.42,434.65,43.136,50.087,66.101
5677,189.233,574.57,436.48,42.073,51.338,66.376
5678,189.267,576.38,438.86,40.812,52.292,66.333
5679,189.3,578.34,441.3,38.435,52.811,65.317
5680,189.333,579.57,443.5,35.488,52.834,63.646
5681,189.367,581.59,445.64,32.698,52.87,62.164
5682,189.4,583.25,447.31,29.204,52.531,60.103
5683,189.433,584.34,447.92,26.327,51.87,58.169
5684,189.467,584.92,448.48,24.781,50.512,56.263
5685,189.5,585.97,449.7,24.262,48.166,53.932
5686,189.533,586.68,451.46,23.101,44.93,50.521
5687,189.567,586.72,453.61,21.817,40.551,46.048
5688,189.6,586.51,455.78,20.411,35.471,40.924
5689,189.633,585.8,457.14,18.959,30.181,35.642
5690,189.667,585.55,458.27,17.026,24.682,29.985
5691,189.7,585.34,458.53,15.281,19.389,24.687
5692,189.733,586.51,459.45,13.905,14.75,20.271
5693,189.767,587.85,459.93,13.379,10.825,17.21
5694,189.8,589.9,460.45,12.646,7.309,14.607
5695,189.833,591.45,460.97,11.749,4.008,12.414
5696,189.867,591.92,460.57,11.267,0.879,11.301
5697,189.9,594.47,460.34,10.193,-1.59,10.316
5698,189.933,594.8,459.25,8.924,-3.638,9.637
5699,189.967,593.06,458.31,7.816,-4.94,9.247
5700,190.0,590.72,457.69,6.552,-4.962,8.219
5701,190.033,590.91,457.14,4.643,-4.229,6.28
5702,190.067,590.71,457.28,2.566,-3.292,4.174
5703,190.1,590.81,457.88,0.31,-2.706,2.723
5704,190.133,590.45,458.13,-1.814,-2.478,3.071
5705,190.167,591.67,458.9,-3.132,-2.125,3.785
5706,190.2,591.8,459.22,-3.452,-1.872,3.927
5707,190.233,592.01,459.23,-3.543,-1.701,3.93
5708,190.267,591.09,459.02,-3.896,-2.2,4.474
5709,190.3,591.65,458.91,-4.537,-3.457,5.704
5710,190.333,591.93,459.0,-5.466,-5.712,7.906
5711,190.367,591.45,459.31,-6.484,-8.77,10.907
5712,190.4,592.04,458.22,-7.53,-11.56,13.797
5713,190.433,591.74,457.5,-9.952,-14.207,17.346
5714,190.467,590.55,457.14,-13.091,-16.131,20.775
5715,190.5,590.09,455.87,-15.846,-17.485,23.597
5716,190.533,590.07,454.98,-17.089,-18.22,24.98
5717,190.567,589.03,454.58,-17.776,-18.091,25.363
5718,190.6,588.53,454.76,-17.903,-17.149,24.791
5719,190.633,587.84,454.49,-17.415,-15.824,23.53
5720,190.667,586.51,453.28,-15.823,-14.259,21.3
5721,190.7,584.42,452.01,-14.323,-12.899,19.275
5722,190.733,584.4,451.15,-12.25,-11.329,16.686
5723,190.767,584.81,450.71,-9.901,-10.015,14.083
5724,190.8,585.56,450.87,-6.513,-8.238,10.502
5725,190.833,585.52,451.8,-2.662,-5.906,6.478
5726,190.867,584.91,452.65,1.322,-3.268,3.525
5727,190.9,584.89,452.24,5.564,-1.503,5.763
5728,190.933,585.08,451.89,8.676,-0.335,8.683
5729,190.967,585.5,451.26,10.756,0.108,10.757
5730,191.0,586.19,451.24,11.962,0.124,11.963
5731,191.033,586.24,451.36,12.043,0.053,12.043
5732,191.067,586.39,451.35,10.918,0.441,10.927
5733,191.1,587.13,450.91,9.21,1.277,9.298
5734,191.133,587.73,450.68,6.791,1.637,6.985
5735,191.167,587.89,450.98,3.934,1.247,4.127
5736,191.2,588.86,451.65,1.445,0.404,1.501
5737,191.233,589.14,451.63,-1.034,-0.543,1.168
5738,191.267,589.68,452.86,-3.505,-0.939,3.628
5739,191.3,589.58,452.77,-5.801,-0.651,5.838
5740,191.333,588.59,451.82,-8.311,-0.193,8.313
5741,191.367,587.42,450.2,-10.621,0.009,10.621
5742,191.4,585.75,449.98,-12.106,-0.647,12.123
5743,191.433,585.07,450.56,-12.608,-1.611,12.711
5744,191.467,584.49,451.57,-12.274,-2.87,12.605
5745,191.5,584.58,451.84,-11.291,-3.831,11.923
5746,191.533,584.83,452.58,-9.755,-4.457,10.725
5747,191.567,584.91,452.02,-7.467,-4.819,8.887
5748,191.6,584.82,450.53,-4.508,-4.957,6.7
5749,191.633,584.7,449.71,-1.997,-4.707,5.113
5750,191.667,584.35,449.59,1.285,-3.664,3.883
5751,191.7,583.09,450.21,5.052,-2.062,5.457
5752,191.733,584.43,451.11,7.952,-0.122,7.953
5753,191.767,584.99,450.92,10.016,1.795,10.176
5754,191.8,585.07,450.16,10.965,2.685,11.289
5755,191.833,585.69,449.8,11.316,2.795,11.656
5756,191.867,586.5,449.18,10.54,2.64,10.866
5757,191.9,587.11,449.47,8.916,2.575,9.281
5758,191.933,587.15,449.97,7.106,2.462,7.52
5759,191.967,587.33,450.94,5.059,2.37,5.586
5760,192.0,587.64,451.5,3.095,2.462,3.955
5761,192.033,587.63,451.66,0.959,2.3,2.492
5762,192.067,587.56,451.78,-1.372,1.352,1.927
5763,192.1,587.35,452.1,-3.758,0.095,3.76
5764,192.133,588.91,452.72,-5.979,-0.49,5.999
5765,192.167,587.55,452.42,-7.903,-0.403,7.913
5766,192.2,586.13,451.71,-9.396,-0.448,9.407
5767,192.233,585.92,450.26,-9.707,-0.797,9.74
5768,192.267,585.74,449.57,-9.902,-1.545,10.021
5769,192.3,585.34,449.21,-9.908,-2.97,10.343
5770,192.333,583.66,449.27,-9.459,-4.675,10.551
5771,192.367,583.72,449.42,-8.74,-6.167,10.697
5772,192.4,583.96,450.47,-7.851,-6.439,10.154
5773,192.433,584.18,451.48,-6.849,-5.763,8.951
5774,192.467,584.31,451.78,-5.631,-4.644,7.299
5775,192.5,584.14,450.61,-4.296,-3.208,5.361
5776,192.533,584.15,450.37,-3.033,-1.487,3.378
5777,192.567,584.15,450.39,-1.864,0.314,1.89
5778,192.6,584.14,450.59,-0.718,2.316,2.425
5779,192.633,583.98,450.0,0.399,4.224,4.243
5780,192.667,583.7,448.96,0.323,5.486,5.496
5781,192.7,583.63,449.12,0.189,5.921,5.924
5782,192.733,583.53,448.98,0.25,5.757,5.762
5783,192.767,583.3,448.34,0.058,5.712,5.712
5784,192.8,583.48,449.42,-0.399,5.809,5.823
5785,192.833,583.72,451.26,-0.943,6.281,6.351
5786,192.867,583.91,452.76,-0.713,6.968,7.005
5787,192.9,583.89,452.98,-0.391,7.692,7.702
5788,192.933,583.79,452.88,-0.086,8.138,8.139
5789,192.967,583.82,453.46,0.089,8.171,8.171
5790,193.0,583.78,453.45,0.09,8.097,8.097
5791,193.033,583.74,453.23,0.095,8.458,8.458
5792,193.067,583.86,453.42,0.091,8.845,8.845
5793,193.1,583.73,452.98,0.132,8.807,8.808
5794,193.133,583.56,452.37,0.172,8.042,8.044
5795,193.167,583.43,451.87,0.174,6.93,6.932
5796,193.2,583.48,452.4,0.253,6.157,6.162
5797,193.233,583.58,453.22,0.355,5.664,5.675
5798,193.267,583.72,454.02,0.5,5.946,5.967
5799,193.3,583.87,454.78,0.864,7.198,7.249
5800,193.333,583.91,455.15,1.228,8.497,8.585
5801,193.367,583.84,455.58,1.323,9.193,9.287
5802,193.4,583.83,456.45,1.191,8.647,8.728
5803,193.433,583.78,456.91,1.539,8.677,8.813
5804,193.467,583.87,457.07,1.808,8.406,8.599
5805,193.5,584.09,456.56,1.592,6.586,6.775
5806,193.533,584.29,456.05,1.335,4.899,5.078
5807,193.567,584.38,455.43,1.021,2.858,3.035
5808,193.6,584.28,455.35,0.447,-0.551,0.709
5809,193.633,584.17,455.75,0.098,-4.531,4.532
5810,193.667,584.26,456.56,0.183,-8.439,8.441
5811,193.7,584.33,457.18,0.967,-10.192,10.238
5812,193.733,584.39,457.21,2.167,-10.996,11.207
5813,193.767,584.5,456.43,3.744,-10.846,11.474
5814,193.8,584.45,455.83,5.75,-8.244,10.051
5815,193.833,584.45,455.45,7.969,-4.558,9.181
5816,193.867,584.96,455.08,10.344,-0.418,10.353
5817,193.9,585.54,455.91,12.671,4.009,13.29
5818,193.933,584.62,453.5,14.634,8.058,16.706
5819,193.967,584.73,452.65,16.235,11.479,19.883
5820,194.0,585.84,454.1,17.248,14.22,22.354
5821,194.033,586.41,452.72,17.269,16.4,23.815
5822,194.067,587.25,452.53,16.293,18.023,24.296
5823,194.1,588.7,454.94,14.15,19.391,24.005
5824,194.133,589.71,457.86,11.268,20.66,23.533
5825,194.167,590.5,461.46,7.836,21.3,22.696
5826,194.2,590.63,461.58,3.742,20.883,21.215
5827,194.233,590.96,463.44,-0.868,19.419,19.438
5828,194.267,591.09,465.25,-5.595,16.767,17.676
5829,194.3,590.59,462.91,-10.301,13.353,16.864
5830,194.333,589.93,461.85,-14.7,9.177,17.33
5831,194.367,588.86,461.63,-18.388,4.637,18.964
5832,194.4,587.72,461.05,-21.354,-0.036,21.354
5833,194.433,586.75,460.63,-23.845,-5.436,24.457
5834,194.467,585.44,460.46,-24.885,-9.491,26.634
5835,194.5,584.11,460.23,-24.575,-12.148,27.414
5836,194.533,583.29,460.3,-23.428,-14.589,27.599
5837,194.567,582.45,460.58,-21.213,-14.977,25.968
5838,194.6,582.26,460.65,-18.206,-13.474,22.649
5839,194.633,581.73,459.85,-14.913,-11.031,18.549
5840,194.667,581.17,459.34,-11.542,-8.477,14.321
5841,194.7,581.09,458.89,-8.693,-6.739,10.999
5842,194.733,581.31,458.03,-6.336,-4.665,7.868
5843,194.767,581.28,457.74,-4.584,-3.301,5.649
5844,194.8,581.43,457.65,-3.432,-3.241,4.72
5845,194.833,581.75,458.04,-1.982,-2.516,3.203
5846,194.867,581.72,458.02,-0.639,-1.395,1.534
5847,194.9,581.37,458.01,1.022,-0.244,1.051
5848,194.933,581.57,458.38,3.42,1.148,3.607
5849,194.967,581.74,458.52,6.094,2.687,6.66
5850,195.0,581.69,458.29,8.731,4.309,9.737
5851,195.033,581.75,458.73,11.528,6.063,13.026
5852,195.067,581.64,458.81,14.311,7.685,16.244
5853,195.1,581.61,459.16,16.559,8.513,18.619
5854,195.133,581.45,459.03,17.993,8.374,19.846
5855,195.167,581.4,459.27,18.547,7.637,20.058
5856,195.2,582.38,459.41,18.668,6.497,19.766
5857,195.233,583.97,459.74,17.791,5.055,18.495
5858,195.267,585.73,459.99,16.174,3.958,16.652
5859,195.3,587.72,460.43,13.555,2.646,13.81
5860,195.333,588.17,460.72,10.106,1.452,10.209
5861,195.367,589.28,460.85,6.215,-0.162,6.217
5862,195.4,589.69,460.96,1.64,-2.465,2.961
5863,195.433,588.69,460.89,-3.204,-4.156,5.248
5864,195.467,587.67,460.78,-8.475,-6.099,10.441
5865,195.5,587.18,460.36,-14.215,-9.013,16.832
5866,195.533,586.1,459.5,-19.155,-11.081,22.13
5867,195.567,584.45,458.33,-24.615,-14.297,28.466
5868,195.6,583.63,457.81,-27.949,-16.505,32.459
5869,195.633,582.65,457.59,-28.891,-17.453,33.754
5870,195.667,582.15,457.65,-28.283,-17.923,33.484
5871,195.7,580.9,457.31,-25.902,-17.503,31.261
5872,195.733,580.52,456.88,-22.026,-17.562,28.17
5873,195.767,579.37,455.62,-17.352,-18.553,25.402
5874,195.8,579.19,455.15,-12.296,-19.107,22.721
5875,195.833,578.88,453.84,-7.239,-20.486,21.727
5876,195.867,577.66,453.08,-1.431,-20.538,20.587
5877,195.9,577.49,453.64,4.024,-19.13,19.549
5878,195.933,577.45,451.58,8.36,-17.178,19.105
5879,195.967,577.96,450.67,11.725,-14.762,18.852
5880,196.0,579.61,452.08,14.012,-12.24,18.605
5881,196.033,579.59,450.5,15.089,-9.516,17.839
5882,196.067,583.58,453.12,15.142,-6.58,16.51
5883,196.1,583.23,452.21,15.437,-3.3,15.786
5884,196.133,581.93,449.82,14.636,-0.141,14.637
5885,196.167,582.57,449.11,13.226,2.471,13.455
5886,196.2,583.17,446.82,10.523,4.149,11.312
5887,196.233,583.4,447.49,6.639,4.72,8.146
5888,196.267,584.05,449.99,1.867,4.152,4.552
5889,196.3,584.71,450.47,-2.841,3.174,4.26
5890,196.333,584.78,454.25,-7.313,1.603,7.487
5891,196.367,583.3,454.04,-11.3,0.158,11.301
5892,196.4,581.78,452.77,-14.26,-1.143,14.305
5893,196.433,581.12,452.58,-16.233,-3.027,16.513
5894,196.467,580.99,452.12,-16.771,-4.192,17.287
5895,196.5,581.14,451.86,-15.99,-5.243,16.828
5896,196.533,580.97,451.15,-14.613,-7.165,16.275
5897,196.567,580.95,450.39,-12.125,-8.458,14.784
5898,196.6,578.63,449.42,-10.831,-11.168,15.557
5899,196.633,578.09,448.51,-9.053,-13.574,16.316
5900,196.667,576.74,447.87,-6.155,-14.376,15.638
5901,196.7,576.5,447.41,-3.127,-14.03,14.375
5902,196.733,577.74,447.59,0.149,-10.998,10.999
5903,196.767,578.66,448.15,3.802,-6.213,7.284
5904,196.8,579.35,448.45,6.826,-1.245,6.939
5905,196.833,579.43,448.74,8.951,4.584,10.057
5906,196.867,579.49,448.69,9.816,8.702,13.117
5907,196.9,580.12,448.37,9.946,12.097,15.66
5908,196.933,580.76,448.06,9.515,14.952,17.723
5909,196.967,580.84,447.81,8.333,16.788,18.742
5910,197.0,580.75,448.63,6.666,17.993,19.188
5911,197.033,580.7,449.53,4.632,18.669,19.235
5912,197.067,581.05,450.74,2.104,18.745,18.862
5913,197.1,581.44,452.28,-0.591,18.832,18.841
5914,197.133,581.68,453.61,-2.27,19.039,19.174
5915,197.167,581.8,454.63,-3.491,19.347,19.659
5916,197.2,582.12,455.9,-3.638,19.748,20.081
5917,197.233,581.62,456.38,-3.034,20.126,20.353
5918,197.267,580.3,456.07,-2.464,19.976,20.127
5919,197.3,579.73,456.12,-1.922,19.297,19.392
5920,197.333,578.79,455.55,-1.422,18.165,18.221
5921,197.367,578.45,455.42,-0.671,16.686,16.699
5922,197.4,578.67,455.77,0.466,15.501,15.508
5923,197.433,579.42,456.93,1.599,14.281,14.371
5924,197.467,580.65,458.47,3.116,15.552,15.861
5925,197.5,581.33,459.64,4.767,18.098,18.716
5926,197.533,581.48,460.35,6.41,20.96,21.918
5927,197.567,582.18,461.75,7.849,23.734,24.998
5928,197.6,581.97,462.01,8.369,24.823,26.196
5929,197.633,581.87,462.21,8.368,25.612,26.944
5930,197.667,581.79,462.52,8.319,26.982,28.235
5931,197.7,581.73,462.77,8.264,28.74,29.904
5932,197.733,581.82,463.33,7.942,31.947,32.919
5933,197.767,582.14,464.7,7.178,34.474,35.213
5934,197.8,582.5,465.99,6.465,35.685,36.266
5935,197.833,582.98,467.64,5.263,34.164,34.567
5936,197.867,583.45,469.51,3.751,29.308,29.547
5937,197.9,583.75,470.72,2.635,23.025,23.175
5938,197.933,584.22,473.62,1.984,15.7,15.824
5939,197.967,583.3,471.08,1.304,7.349,7.464
5940,198.0,582.8,470.17,-0.124,-1.935,1.939
5941,198.033,582.51,469.85,-2.215,-11.979,12.182
5942,198.067,582.53,470.02,-4.056,-20.769,21.161
5943,198.1,583.92,473.91,-6.277,-29.076,29.746
5944,198.133,584.64,475.13,-8.393,-36.533,37.484
5945,198.167,584.22,473.79,-10.195,-42.666,43.867
5946,198.2,583.21,471.59,-12.015,-48.612,50.075
5947,198.233,581.68,464.03,-13.965,-54.876,56.625
5948,198.267,580.74,458.69,-15.704,-61.144,63.128
5949,198.3,579.71,454.08,-17.433,-67.022,69.252
5950,198.333,579.53,452.02,-17.964,-69.807,72.081
5951,198.367,580.26,453.6,-17.807,-69.695,71.933
5952,198.4,579.7,452.85,-16.913,-66.148,68.276
5953,198.433,578.52,452.11,-14.943,-58.596,60.472
5954,198.467,577.63,451.56,-12.184,-49.289,50.772
5955,198.5,577.59,451.16,-8.603,-36.151,37.16
5956,198.533,578.02,451.65,-4.658,-20.729,21.246
5957,198.567,577.12,448.67,-0.442,-3.901,3.926
5958,198.6,576.83,446.16,4.144,13.474,14.096
5959,198.633,576.53,443.9,7.978,28.323,29.425
5960,198.667,575.86,440.85,10.95,40.076,41.545
5961,198.7,576.2,440.86,13.414,48.75,50.562
5962,198.733,577.56,444.26,15.671,54.832,57.027
5963,198.767,578.93,449.96,17.962,61.017,63.606
5964,198.8,581.4,457.39,19.799,66.023,68.927
5965,198.833,581.7,461.2,21.158,69.83,72.965
5966,198.867,582.83,465.63,21.789,71.526,74.771
5967,198.9,583.73,468.36,20.985,69.401,72.504
5968,198.933,583.57,468.95,18.879,64.433,67.142
5969,198.967,582.91,469.98,16.099,57.297,59.516
5970,199.0,583.02,470.18,13.25,48.382,50.163
5971,199.033,583.78,471.08,9.177,37.792,38.89
5972,199.067,584.65,471.94,4.558,25.139,25.549
5973,199.1,584.83,472.37,0.491,12.627,12.637
5974,199.133,585.23,472.44,-3.054,1.447,3.379
5975,199.167,585.5,472.71,-5.893,-7.687,9.686
5976,199.2,585.4,473.14,-7.502,-13.092,15.089
5977,199.233,584.74,471.5,-8.002,-14.958,16.964
5978,199.267,583.8,468.87,-7.688,-14.774,16.654
5979,199.3,583.18,467.66,-6.95,-14.687,16.249
5980,199.333,582.77,467.16,-6.47,-14.873,16.219
5981,199.367,581.99,467.42,-5.143,-12.975,13.957
5982,199.4,581.31,467.93,-3.727,-11.101,11.71
5983,199.433,581.58,468.83,-2.559,-10.3,10.613
5984,199.467,581.83,468.99,-1.35,-10.295,10.383
5985,199.5,581.16,468.57,0.222,-11.473,11.475
5986,199.533,582.85,468.12,1.903,-13.74,13.871
5987,199.567,583.38,467.89,3.417,-17.179,17.515
5988,199.6,583.39,467.66,4.59,-19.359,19.896
5989,199.633,583.46,466.44,5.414,-19.365,20.108
5990,199.667,583.74,465.53,6.034,-18.547,19.504
5991,199.7,584.09,464.55,6.575,-17.576,18.765
5992,199.733,584.37,463.33,7.103,-17.042,18.463
5993,199.767,584.3,463.01,7.938,-16.101,17.952
5994,199.8,584.83,465.33,9.052,-14.141,16.79
5995,199.833,585.15,465.22,10.372,-11.225,15.283
5996,199.867,584.64,461.1,11.727,-7.465,13.902
5997,199.9,584.38,457.99,13.146,-3.434,13.587
5998,199.933,584.5,456.93,14.755,0.653,14.769
5999,199.967,584.96,457.3,16.216,3.897,16.678
6000,200.0,585.67,458.8,17.42,6.353,18.542
6001,200.033,586.61,462.35,19.107,8.458,20.895
6002,200.067,587.57,467.31,20.193,10.182,22.615
6003,200.1,588.56,467.75,20.928,11.354,23.81
6004,200.133,590.26,465.27,21.471,11.663,24.434
6005,200.167,591.46,464.55,21.67,11.421,24.495
6006,200.2,592.19,464.22,21.387,10.441,23.799
6007,200.233,592.71,464.2,20.695,8.579,22.402
6008,200.267,592.76,464.26,19.537,6.367,20.548
6009,200.3,593.0,464.79,17.929,3.825,18.333
6010,200.333,593.02,464.83,15.536,-0.285,15.538
6011,200.367,593.06,464.51,12.584,-4.967,13.529
6012,200.4,593.52,464.36,9.172,-7.989,12.163
6013,200.433,593.98,463.82,5.24,-9.674,11.002
6014,200.467,594.38,464.07,1.284,-8.196,8.296
6015,200.5,595.0,464.52,-2.532,-5.104,5.697
6016,200.533,595.21,464.33,-6.108,-1.791,6.366
6017,200.567,595.02,463.89,-9.399,-0.187,9.401
6018,200.6,594.71,463.08,-12.316,-1.926,12.466
6019,200.633,594.21,462.37,-14.826,-5.59,15.845
6020,200.667,593.79,461.81,-17.335,-9.481,19.759
6021,200.7,593.28,461.54,-19.704,-13.817,24.066
6022,200.733,592.23,462.19,-21.603,-15.751,26.736
6023,200.767,590.98,462.82,-22.967,-16.881,28.504
6024,200.8,589.84,463.18,-23.549,-17.062,29.08
6025,200.833,588.73,463.01,-23.369,-16.568,28.647
6026,200.867,587.13,462.24,-22.293,-15.37,27.077
6027,200.9,586.42,461.42,-20.34,-13.78,24.568
6028,200.933,586.57,462.44,-17.823,-12.105,21.545
6029,200.967,586.25,458.43,-14.932,-10.197,18.082
6030,201.0,585.89,455.57,-12.016,-8.277,14.591
6031,201.033,585.59,454.03,-9.343,-6.717,11.507
6032,201.067,585.33,453.86,-6.991,-4.952,8.567
6033,201.1,585.17,454.4,-4.916,-2.862,5.688
6034,201.133,585.15,456.0,-2.885,-0.38,2.91
6035,201.167,585.33,458.64,-1.124,2.048,2.336
6036,201.2,585.61,462.38,0.16,4.346,4.349
6037,201.233,585.62,460.19,0.892,6.291,6.354
6038,201.267,585.66,460.5,1.269,7.55,7.656
6039,201.3,585.71,460.3,1.5,8.132,8.269
6040,201.333,585.66,459.68,1.72,7.821,8.008
6041,201.367,585.51,458.78,1.953,6.789,7.064
6042,201.4,585.32,458.53,2.722,5.042,5.73
6043,201.433,585.14,458.73,3.456,2.408,4.212
6044,201.467,584.98,459.21,3.817,-2.071,4.343
6045,201.5,585.29,459.41,4.091,-5.776,7.078
6046,201.533,585.57,459.96,4.498,-8.289,9.431
6047,201.567,586.04,459.61,4.829,-9.375,10.546
6048,201.6,586.59,458.79,4.88,-9.231,10.441
6049,201.633,586.45,457.8,4.927,-7.82,9.243
6050,201.667,586.61,457.59,4.928,-5.973,7.744
6051,201.7,586.87,457.58,4.91,-4.633,6.75
6052,201.733,587.13,457.99,4.705,-5.166,6.987
6053,201.767,587.45,458.13,4.385,-5.248,6.839
6054,201.8,587.66,457.7,3.914,-5.997,7.161
6055,201.833,587.59,457.31,3.351,-6.945,7.711
6056,201.867,587.55,456.49,2.678,-7.514,7.977
6057,201.9,587.15,455.96,1.986,-7.326,7.59
6058,201.933,587.4,456.0,1.297,-6.606,6.732
6059,201.967,587.62,456.06,0.771,-5.532,5.585
6060,202.0,587.66,456.39,0.604,-4.463,4.503
6061,202.033,587.22,456.68,0.492,-3.58,3.613
6062,202.067,587.15,456.65,0.514,-3.288,3.328
6063,202.1,587.69,456.49,0.476,-3.167,3.202
6064,202.133,587.81,455.68,0.32,-2.756,2.774
6065,202.167,587.97,455.19,0.479,-1.815,1.878
6066,202.2,587.85,454.71,0.653,-0.588,0.879
6067,202.233,587.81,454.35,0.777,0.738,1.072
6068,202.267,587.8,454.62,0.988,1.823,2.074
6069,202.3,587.84,455.5,0.974,2.446,2.633
6070,202.333,587.69,456.18,0.701,2.582,2.676
6071,202.367,587.67,456.36,0.335,2.294,2.318
6072,202.4,587.66,456.31,0.185,1.997,2.006
6073,202.433,587.84,456.25,-0.1,1.936,1.938
6074,202.467,587.93,455.97,-0.463,1.923,1.978
6075,202.5,587.77,455.79,-0.702,1.865,1.993
6076,202.533,587.86,455.96,-1.019,1.702,1.984
6077,202.567,587.82,456.43,-1.085,1.254,1.659
6078,202.6,587.94,456.83,-0.86,0.586,1.041
6079,202.633,587.97,456.85,-0.812,-0.184,0.832
6080,202.667,587.65,456.74,-0.613,-0.698,0.93
6081,202.7,587.67,456.38,-0.621,-0.954,1.139
6082,202.733,587.72,455.95,-0.616,-0.841,1.043
6083,202.767,587.31,455.36,-0.652,-0.503,0.824
6084,202.8,587.33,455.06,-0.531,-0.159,0.555
6085,202.833,587.48,455.36,-0.462,-0.157,0.487
6086,202.867,587.62,455.83,-0.269,-0.514,0.58
6087,202.9,587.01,456.29,-0.072,-0.969,0.972
6088,202.933,587.68,456.36,0.235,-1.347,1.367
6089,202.967,587.88,456.35,0.532,-1.571,1.659
6090,203.0,587.55,456.49,0.701,-1.389,1.556
6091,203.033,587.71,456.32,0.835,-0.851,1.193
6092,203.067,587.85,456.29,0.838,-0.195,0.861
6093,203.1,587.68,456.29,1.134,0.382,1.196
6094,203.133,587.8,456.08,0.646,0.562,0.856
6095,203.167,587.41,455.85,0.238,0.396,0.462
6096,203.2,587.62,455.52,-0.028,0.088,0.093
6097,203.233,587.7,455.12,-0.309,-0.006,0.309
6098,203.267,587.93,455.19,-0.68,0.371,0.775
6099,203.3,587.69,455.39,-1.008,1.187,1.557
6100,203.333,587.78,455.72,-1.204,2.441,2.722
6101,203.367,587.71,456.14,-1.157,3.537,3.722
6102,203.4,587.79,456.48,-1.339,4.269,4.474
6103,203.433,587.63,456.73,-1.144,4.128,4.283
6104,203.467,587.39,456.88,-1.048,3.507,3.66
6105,203.5,587.36,456.74,-0.68,2.588,2.676
6106,203.533,587.41,456.6,-0.153,1.403,1.411
6107,203.567,587.45,456.52,0.211,-0.044,0.215
6108,203.6,586.51,456.3,0.372,-1.511,1.556
6109,203.633,587.77,456.55,0.934,-3.083,3.222
6110,203.667,587.51,457.06,0.955,-4.82,4.914
6111,203.7,587.42,457.38,1.063,-7.049,7.129
6112,203.733,587.36,457.22,1.128,-9.168,9.237
6113,203.767,587.42,456.43,1.248,-10.478,10.553
6114,203.8,587.88,455.75,1.061,-10.759,10.811
6115,203.833,587.95,454.69,1.188,-9.828,9.9
6116,203.867,587.51,454.05,1.105,-7.844,7.922
6117,203.9,588.01,453.41,0.945,-5.36,5.443
6118,203.933,588.29,453.77,0.639,-3.189,3.252
6119,203.967,588.34,453.86,0.28,-1.513,1.538
6120,204.0,587.64,453.78,0.076,-0.645,0.649
6121,204.033,587.51,453.52,-0.705,-0.295,0.764
6122,204.067,587.61,453.65,-1.526,-0.453,1.592
6123,204.1,587.8,453.24,-2.03,-0.629,2.125
6124,204.133,586.84,452.97,-1.796,-0.607,1.895
6125,204.167,587.56,453.22,-1.918,-0.733,2.053
6126,204.2,587.78,454.88,-2.178,-0.694,2.286
6127,204.233,587.76,456.32,-2.162,-0.514,2.222
6128,204.267,587.52,457.02,-1.65,-0.493,1.723
6129,204.3,587.83,456.89,-1.068,-0.228,1.092
6130,204.333,587.18,455.78,-0.847,-0.371,0.925
6131,204.367,587.19,453.98,-0.653,-0.437,0.785
6132,204.4,587.09,452.22,-0.138,-0.572,0.588
6133,204.433,586.94,451.67,0.316,-0.459,0.557
6134,204.467,586.81,451.4,0.519,0.202,0.557
6135,204.5,586.33,452.06,0.427,1.148,1.225
6136,204.533,587.51,452.83,0.426,2.371,2.409
6137,204.567,587.91,454.18,0.485,4.135,4.163
6138,204.6,587.52,454.91,0.47,5.806,5.825
6139,204.633,587.32,455.57,-0.028,7.745,7.745
6140,204.667,587.1,456.68,-0.171,9.821,9.823
6141,204.7,587.84,456.58,-0.454,11.87,11.879
6142,204.733,587.79,455.93,-1.002,13.005,13.044
6143,204.767,587.08,455.77,-1.649,12.684,12.791
6144,204.8,586.97,455.08,-2.175,10.815,11.031
6145,204.833,587.35,455.74,-2.868,7.821,8.33
6146,204.867,587.37,456.31,-3.214,4.634,5.64
6147,204.9,587.19,457.44,-3.51,2.124,4.103
6148,204.933,586.71,458.59,-3.715,0.569,3.758
6149,204.967,586.48,458.14,-3.476,-0.208,3.483
6150,205.0,586.41,458.04,-3.083,-0.23,3.091
6151,205.033,586.42,457.89,-2.302,0.114,2.305
6152,205.067,586.11,457.08,-1.844,0.508,1.912
6153,205.1,585.76,456.97,-1.446,0.666,1.592
6154,205.133,586.18,456.59,-0.834,1.171,1.438
6155,205.167,586.41,456.47,-0.012,1.57,1.571
6156,205.2,586.1,456.22,0.839,1.435,1.662
6157,205.233,586.33,455.92,1.164,0.97,1.516
6158,205.267,586.5,456.21,1.43,0.381,1.48
6159,205.3,586.52,457.1,1.875,-0.433,1.924
6160,205.333,586.57,458.0,2.14,-0.976,2.352
6161,205.367,586.56,458.28,2.175,-1.754,2.794
6162,205.4,586.69,457.97,2.045,-2.481,3.215
6163,205.433,586.96,457.8,1.636,-3.917,4.245
6164,205.467,586.55,457.4,1.355,-6.014,6.165
6165,205.5,586.74,457.07,1.169,-8.231,8.314
6166,205.533,587.09,456.72,0.975,-10.295,10.341
6167,205.567,587.21,456.87,0.79,-11.853,11.879
6168,205.6,587.09,456.85,0.888,-12.261,12.293
6169,205.633,587.01,455.6,1.357,-11.875,11.952
6170,205.667,586.73,454.76,1.875,-10.753,10.915
6171,205.7,586.88,453.72,2.436,-9.275,9.589
6172,205.733,587.16,453.05,3.245,-7.34,8.026
6173,205.767,586.98,452.78,3.939,-4.892,6.281
6174,205.8,587.01,452.73,4.493,-2.355,5.073
6175,205.833,587.46,452.8,4.994,-0.212,4.999
6176,205.867,587.48,453.06,5.448,1.452,5.638
6177,205.9,587.53,452.85,5.824,2.819,6.47
6178,205.933,588.08,453.66,5.934,3.75,7.019
6179,205.967,588.3,454.2,5.697,3.958,6.937
6180,206.0,588.52,455.42,5.516,3.61,6.593
6181,206.033,588.9,456.22,5.101,2.983,5.909
6182,206.067,589.23,456.43,4.422,2.134,4.91
6183,206.1,589.36,455.88,3.627,0.898,3.737
6184,206.133,589.49,455.13,2.824,-0.561,2.879
6185,206.167,589.44,454.47,2.0,-1.493,2.496
6186,206.2,589.3,454.24,1.252,-2.313,2.631
6187,206.233,589.15,453.91,0.438,-3.099,3.129
6188,206.267,589.18,453.55,-0.489,-3.873,3.904
6189,206.3,589.22,453.45,-1.195,-4.773,4.92
6190,206.333,589.15,453.54,-1.667,-5.788,6.024
6191,206.367,588.93,453.24,-1.922,-6.561,6.836
6192,206.4,588.75,452.56,-1.803,-6.872,7.105
6193,206.433,588.81,452.46,-1.451,-6.28,6.445
6194,206.467,588.88,452.95,-1.085,-5.375,5.484
6195,206.5,588.87,453.6,-0.622,-4.434,4.478
6196,206.533,589.04,453.84,-0.157,-4.005,4.008
6197,206.567,589.08,454.05,0.226,-4.331,4.337
6198,206.6,588.92,453.98,0.493,-5.287,5.31
6199,206.633,588.76,453.3,0.739,-5.965,6.011
6200,206.667,588.64,451.89,0.867,-6.246,6.306
6201,206.7,588.71,450.87,0.881,-6.085,6.148
6202,206.733,588.88,450.48,0.873,-5.748,5.814
6203,206.767,589.14,450.32,0.921,-5.584,5.659
6204,206.8,589.35,450.64,0.782,-5.364,5.421
6205,206.833,589.55,451.36,0.507,-5.0,5.025
6206,206.867,589.34,451.73,0.277,-4.507,4.515
6207,206.9,589.07,451.62,0.082,-3.333,3.334
6208,206.933,589.09,451.04,-0.135,-1.449,1.455
6209,206.967,589.01,450.44,-0.265,0.874,0.913
6210,207.0,588.94,450.36,-0.635,3.057,3.123
6211,207.033,589.04,450.41,-0.934,4.727,4.819
6212,207.067,589.08,451.05,-1.181,6.078,6.192
6213,207.1,589.1,452.02,-1.474,6.756,6.915
6214,207.133,588.95,451.9,-1.599,6.78,6.966
6215,207.167,588.86,451.74,-1.453,6.489,6.65
6216,207.2,588.88,451.46,-1.302,6.344,6.476
6217,207.233,588.82,451.28,-1.236,6.559,6.674
6218,207.267,588.6,452.14,-1.103,6.956,7.043
6219,207.3,588.74,453.0,-1.065,7.798,7.87
6220,207.333,588.78,453.71,-0.993,8.963,9.018
6221,207.367,588.53,454.36,-0.991,9.71,9.76
6222,207.4,588.43,454.06,-1.166,9.952,10.02
6223,207.433,588.57,453.97,-1.419,9.603,9.708
6224,207.467,588.28,453.79,-1.673,8.708,8.868
6225,207.5,588.73,453.93,-1.823,7.709,7.922
6226,207.533,588.74,454.31,-1.66,6.335,6.549
6227,207.567,588.52,454.28,-1.351,4.841,5.026
6228,207.6,588.57,454.66,-1.015,3.165,3.324
6229,207.633,588.36,455.09,-0.98,0.997,1.398
6230,207.667,587.88,455.43,-0.95,-1.046,1.413
6231,207.7,587.98,455.95,-0.812,-3.065,3.171
6232,207.733,588.25,456.19,-0.582,-4.847,4.882
6233,207.767,588.15,456.5,-0.492,-5.845,5.865
6234,207.8,588.22,456.01,-0.361,-6.454,6.464
6235,207.833,587.92,454.77,-0.432,-6.511,6.525
6236,207.867,587.57,453.95,-0.767,-6.828,6.871
6237,207.9,587.86,453.05,-0.837,-5.721,5.782
6238,207.933,588.31,452.53,-0.76,-3.71,3.787
6239,207.967,588.52,452.69,-0.524,-1.727,1.805
6240,208.0,588.67,452.49,-0.248,-0.201,0.319
6241,208.033,588.31,452.9,-0.523,0.781,0.94
6242,208.067,587.89,453.14,-1.113,1.078,1.55
6243,208.1,587.56,453.1,-1.703,1.121,2.039
6244,208.133,587.95,453.28,-2.512,0.618,2.587
6245,208.167,588.02,453.28,-3.091,1.48,3.427
6246,208.2,587.8,453.97,-3.273,2.357,4.033
6247,208.233,587.34,455.08,-3.272,2.912,4.38
6248,208.267,587.37,455.58,-3.21,3.006,4.397
6249,208.3,587.27,456.05,-2.959,2.436,3.833
6250,208.333,587.37,455.81,-2.709,1.425,3.061
6251,208.367,587.8,457.28,-2.259,0.532,2.321
6252,208.4,587.49,454.46,-1.531,0.141,1.538
6253,208.433,587.21,452.33,-0.602,0.402,0.724
6254,208.467,586.43,451.46,0.222,1.21,1.23
6255,208.5,586.19,451.78,0.73,2.442,2.548
6256,208.533,586.52,452.48,0.749,4.29,4.355
6257,208.567,586.92,453.77,0.939,6.11,6.182
6258,208.6,587.07,455.21,0.937,7.808,7.864
6259,208.633,587.63,457.65,0.956,9.314,9.363
6260,208.667,587.61,455.65,0.776,10.695,10.723
6261,208.7,587.65,455.67,0.474,11.949,11.958
6262,208.733,587.63,455.82,0.242,12.582,12.584
6263,208.767,587.54,456.21,0.347,12.282,12.287
6264,208.8,587.41,456.71,0.311,11.045,11.049
6265,208.833,587.45,457.55,0.061,8.561,8.561
6266,208.867,587.49,458.44,-0.278,5.297,5.304
6267,208.9,587.58,458.51,-0.829,0.252,0.866
6268,208.933,587.11,458.52,-1.248,-4.352,4.528
6269,208.967,586.72,458.56,-1.439,-7.865,7.996
6270,209.0,586.72,458.04,-1.236,-10.5,10.572
6271,209.033,587.13,457.06,-0.673,-12.197,12.215
6272,209.067,586.63,456.44,0.024,-13.031,13.031
6273,209.1,587.1,455.82,0.789,-13.372,13.395
6274,209.133,587.39,455.51,1.54,-13.421,13.509
6275,209.167,587.46,454.77,2.031,-14.262,14.405
6276,209.2,587.53,454.07,2.535,-13.802,14.033
6277,209.233,587.45,453.55,2.92,-12.759,13.089
6278,209.267,587.03,452.83,3.125,-11.313,11.736
6279,209.3,587.14,452.28,3.302,-9.255,9.826
6280,209.333,587.73,452.28,3.255,-7.136,7.843
6281,209.367,588.03,452.19,2.998,-5.254,6.049
6282,209.4,588.15,452.37,2.66,-3.767,4.612
6283,209.433,588.2,452.81,1.952,-2.386,3.082
6284,209.467,588.02,452.84,1.395,-1.433,1.999
6285,209.5,588.23,453.37,1.081,-1.046,1.504
6286,209.533,588.3,453.31,0.786,-0.84,1.15
6287,209.567,588.29,453.17,0.389,-0.282,0.48
6288,209.6,588.12,453.02,0.398,0.193,0.442
6289,209.633,588.22,452.59,0.107,0.808,0.815
6290,209.667,588.26,452.52,-0.284,1.555,1.58
6291,209.7,588.06,452.37,-0.66,2.627,2.709
6292,209.733,587.97,452.28,-1.031,3.674,3.815
6293,209.767,588.0,452.57,-1.296,4.621,4.799
6294,209.8,587.72,452.08,-1.136,5.617,5.731
6295,209.833,587.93,452.43,-0.97,6.711,6.781
6296,209.867,588.04,452.88,-0.987,7.618,7.682
6297,209.9,587.81,453.21,-1.207,8.086,8.176
6298,209.933,588.12,453.33,-1.216,8.103,8.194
6299,209.967,588.05,454.03,-1.336,7.407,7.527
6300,210.0,587.89,454.94,-1.241,6.743,6.856
6301,210.033,587.94,455.6,-1.075,5.987,6.082
6302,210.067,587.78,455.61,-0.949,5.413,5.496
6303,210.1,587.45,456.24,-0.853,5.021,5.093
6304,210.133,587.74,456.42,-0.662,4.829,4.874
6305,210.167,587.75,456.04,-0.368,4.347,4.362
6306,210.2,587.7,455.29,-0.137,3.2,3.203
6307,210.233,587.65,455.08,0.166,1.232,1.243
6308,210.267,587.58,454.84,0.611,-0.886,1.076
6309,210.3,587.29,454.6,1.01,-3.229,3.383
6310,210.333,587.52,454.22,1.602,-5.14,5.384
6311,210.367,587.68,453.91,2.148,-6.726,7.061
6312,210.4,588.16,454.4,2.762,-7.55,8.04
6313,210.433,587.86,454.97,3.563,-7.658,8.447
6314,210.467,588.28,456.13,4.241,-6.871,8.075
6315,210.5,588.34,456.28,4.769,-5.765,7.482
6316,210.533,588.26,455.91,5.307,-4.702,7.09
6317,210.567,588.45,455.05,5.429,-3.991,6.738
6318,210.6,588.72,453.81,5.332,-3.708,6.494
6319,210.633,588.97,451.96,5.056,-4.241,6.599
6320,210.667,588.91,451.17,4.475,-5.159,6.829
6321,210.7,589.16,451.13,3.666,-5.924,6.966
6322,210.733,589.43,452.2,2.858,-5.727,6.401
6323,210.767,589.47,452.59,2.111,-4.823,5.265
6324,210.8,589.78,453.25,1.378,-3.147,3.435
6325,210.833,589.97,453.94,0.871,-0.864,1.227
6326,210.867,590.16,454.6,0.256,1.626,1.646
6327,210.9,590.03,454.26,-0.276,4.399,4.408
6328,210.933,589.81,453.89,-0.933,6.837,6.901
6329,210.967,589.47,453.09,-1.257,8.611,8.702
6330,211.0,589.32,452.56,-1.608,9.754,9.885
6331,211.033,588.79,452.08,-1.822,10.866,11.018
6332,211.067,588.87,452.12,-1.666,11.753,11.871
6333,211.1,588.82,453.1,-1.515,12.335,12.428
6334,211.133,589.1,454.71,-1.484,12.617,12.704
6335,211.167,589.18,456.21,-1.43,13.248,13.325
6336,211.2,589.42,457.51,-1.048,13.845,13.884
6337,211.233,589.35,457.72,-0.644,13.972,13.987
6338,211.267,589.14,457.8,-0.154,13.406,13.407
6339,211.3,589.1,457.43,0.243,12.702,12.705
6340,211.333,588.99,457.0,0.293,11.288,11.292
6341,211.367,589.25,457.42,0.415,9.202,9.211
6342,211.4,589.24,457.76,0.141,6.349,6.351
6343,211.433,589.31,458.59,-0.209,3.219,3.226
6344,211.467,589.23,460.02,-0.509,-0.034,0.511
6345,211.5,589.23,460.32,-0.664,-3.15,3.219
6346,211.533,589.18,459.32,-0.512,-6.0,6.022
6347,211.567,588.75,458.32,-0.028,-8.141,8.141
6348,211.6,588.86,457.49,0.097,-9.304,9.304
6349,211.633,589.22,457.08,0.044,-9.58,9.58
6350,211.667,589.35,456.42,0.068,-9.373,9.373
6351,211.7,589.1,456.12,0.333,-9.061,9.067
6352,211.733,589.1,456.57,0.682,-8.827,8.854
6353,211.767,588.78,456.53,1.179,-8.721,8.801
6354,211.8,588.96,455.73,1.745,-8.812,8.983
6355,211.833,589.51,455.66,2.426,-8.811,9.139
6356,211.867,589.18,455.33,3.393,-8.284,8.952
6357,211.9,589.69,454.97,4.402,-7.375,8.589
6358,211.933,589.92,454.58,5.304,-5.912,7.942
6359,211.967,590.01,454.2,5.86,-4.33,7.286
6360,212.0,590.1,454.31,6.334,-3.215,7.103
6361,212.033,589.57,454.81,6.646,-2.518,7.107
6362,212.067,589.32,455.32,6.86,-1.969,7.137
6363,212.1,590.17,455.51,7.017,-1.474,7.17
6364,212.133,591.22,455.09,7.003,-1.133,7.094
6365,212.167,591.59,454.36,6.554,-1.16,6.656
6366,212.2,591.7,453.76,5.679,-1.356,5.838
6367,212.233,591.77,452.92,4.734,-1.731,5.04
6368,212.267,591.84,452.92,3.791,-2.617,4.607
6369,212.3,592.23,453.39,3.168,-3.475,4.702
6370,212.333,592.42,454.24,2.108,-3.978,4.503
6371,212.367,592.17,454.85,0.445,-4.076,4.1
6372,212.4,591.76,455.13,-0.988,-3.781,3.908
6373,212.433,591.64,454.92,-2.365,-3.027,3.841
6374,212.467,591.89,454.58,-3.424,-1.805,3.871
6375,212.5,591.72,453.87,-4.306,-0.064,4.307
6376,212.533,591.51,453.12,-5.337,1.893,5.662
6377,212.567,591.07,452.8,-6.508,3.829,7.551
6378,212.6,590.94,452.45,-7.441,5.597,9.312
6379,212.633,590.6,452.41,-7.947,7.001,10.591
6380,212.667,590.43,452.77,-8.643,8.082,11.833
6381,212.7,590.46,453.43,-9.5,8.81,12.956
6382,212.733,590.23,454.29,-10.078,9.394,13.778
6383,212.767,589.63,455.42,-10.248,10.191,14.452
6384,212.8,588.59,455.94,-10.258,11.149,15.15
6385,212.833,588.77,456.79,-10.419,11.749,15.703
6386,212.867,589.22,456.94,-10.635,11.757,15.853
6387,212.9,589.07,457.26,-10.931,10.75,15.331
6388,212.933,588.48,457.45,-10.979,8.786,14.062
6389,212.967,587.25,457.65,-10.728,6.008,12.296
6390,213.0,586.12,457.74,-10.249,2.788,10.622
6391,213.033,585.62,457.85,-9.381,-0.322,9.387
6392,213.067,586.31,457.66,-8.18,-3.167,8.772
6393,213.1,586.84,457.09,-6.557,-5.905,8.824
6394,213.133,586.0,456.57,-4.698,-7.963,9.246
6395,213.167,585.84,456.26,-2.659,-9.438,9.805
6396,213.2,586.2,456.48,-0.59,-10.219,10.236
6397,213.233,586.0,456.48,1.255,-10.152,10.229
6398,213.267,585.43,456.29,2.903,-9.741,10.165
6399,213.3,585.31,455.44,4.441,-9.047,10.078
6400,213.333,585.48,454.93,6.056,-8.276,10.256
6401,213.367,585.61,454.07,7.178,-7.499,10.381
6402,213.4,586.42,453.91,7.462,-6.978,10.217
6403,213.433,587.13,453.85,7.196,-5.327,8.953
6404,213.467,587.71,454.21,6.595,-1.906,6.865
6405,213.5,588.0,454.33,6.247,3.728,7.275
6406,213.533,588.15,454.07,5.955,8.666,10.515
6407,213.567,588.28,454.05,5.709,13.438,14.6
6408,213.6,588.32,454.65,4.725,16.061,16.741
6409,213.633,588.2,454.75,2.827,15.465,15.721
6410,213.667,588.19,455.3,0.643,10.933,10.952
6411,213.7,588.08,455.68,-1.647,4.929,5.197
6412,213.733,587.99,455.47,-4.068,-1.613,4.376
6413,213.767,587.76,456.03,-6.03,-7.511,9.632
6414,213.8,587.53,456.24,-7.601,-13.63,15.606
6415,213.833,587.47,457.43,-8.519,-17.178,19.175
6416,213.867,587.43,458.53,-8.774,-19.639,21.51
6417,213.9,587.5,461.3,-8.313,-20.759,22.362
6418,213.933,587.25,461.02,-7.586,-20.828,22.166
6419,213.967,586.82,458.09,-6.589,-19.568,20.647
6420,214.0,585.78,451.45,-5.281,-17.187,17.98
6421,214.033,585.37,448.77,-3.712,-13.784,14.275
6422,214.067,584.69,443.33,-2.271,-9.454,9.723
6423,214.1,584.44,441.23,-0.991,-4.376,4.487
6424,214.133,584.66,442.72,0.376,0.32,0.494
6425,214.167,585.46,448.56,1.553,4.899,5.139
6426,214.2,585.97,451.91,2.579,9.138,9.495
6427,214.233,586.31,454.24,3.412,13.199,13.633
6428,214.267,586.06,454.76,4.025,17.04,17.509
6429,214.3,586.73,457.93,4.424,20.042,20.524
6430,214.333,586.95,455.98,4.625,22.63,23.097
6431,214.367,587.01,456.39,4.48,24.041,24.455
6432,214.4,587.07,456.91,3.953,23.468,23.799
6433,214.433,587.31,457.62,3.039,19.555,19.789
6434,214.467,587.35,457.58,1.864,13.604,13.731
6435,214.5,586.96,457.08,0.485,6.978,6.995
6436,214.533,586.46,456.34,-0.632,1.866,1.97
6437,214.567,586.65,455.7,-1.715,-2.483,3.018
6438,214.6,586.88,454.78,-2.186,-3.427,4.064
6439,214.633,586.46,455.33,-2.198,-1.698,2.777
6440,214.667,586.63,455.85,-1.957,1.208,2.3
6441,214.7,586.54,456.32,-1.845,2.849,3.394
6442,214.733,586.51,456.27,-1.724,3.951,4.311
6443,214.767,586.42,456.72,-1.456,4.538,4.766
6444,214.8,586.4,457.69,-0.895,5.264,5.339
6445,214.833,586.34,457.82,-0.479,4.538,4.564
6446,214.867,586.42,457.82,-0.152,4.57,4.572
6447,214.9,586.56,458.75,0.077,4.458,4.458
6448,214.933,586.49,459.6,0.202,4.215,4.219
6449,214.967,586.38,459.34,0.207,3.667,3.673
6450,215.0,586.41,458.51,0.063,3.165,3.165
6451,215.033,586.39,458.42,-0.023,2.949,2.949
6452,215.067,586.71,458.14,0.269,3.204,3.216
6453,215.1,586.45,457.19,0.483,3.6,3.633
6454,215.133,586.36,456.86,0.585,4.238,4.278
6455,215.167,586.42,457.42,0.853,4.203,4.289
6456,215.2,586.66,458.24,1.017,3.709,3.846
6457,215.233,586.75,458.58,1.331,2.944,3.231
6458,215.267,586.53,458.94,1.661,2.51,3.01
6459,215.3,586.53,459.32,1.958,2.333,3.046
6460,215.333,586.46,459.63,2.346,2.512,3.437
6461,215.367,586.51,460.17,2.424,3.208,4.021
6462,215.4,586.7,460.79,2.249,4.444,4.98
6463,215.433,586.93,461.14,1.665,5.525,5.771
6464,215.467,586.93,461.24,0.907,6.354,6.419
6465,215.5,587.08,460.87,0.023,7.057,7.057
6466,215.533,587.29,460.12,-1.007,7.802,7.867
6467,215.567,587.08,458.98,-2.302,8.082,8.404
6468,215.6,587.15,458.45,-3.72,8.305,9.1
6469,215.633,587.09,458.48,-4.814,8.809,10.039
6470,215.667,587.06,459.62,-5.608,9.725,11.226
6471,215.7,587.04,460.87,-6.171,10.588,12.255
6472,215.733,586.58,462.25,-6.52,11.099,12.872
6473,215.767,586.16,463.36,-6.64,11.176,13.0
6474,215.8,585.79,464.47,-6.47,10.738,12.537
6475,215.833,584.9,464.58,-6.004,9.918,11.593
6476,215.867,584.8,464.72,-5.221,8.884,10.304
6477,215.9,584.51,464.67,-4.072,7.428,8.471
6478,215.933,584.55,464.67,-2.705,5.619,6.236
6479,215.967,584.43,464.1,-1.213,3.446,3.653
6480,216.0,584.41,463.75,0.197,0.732,0.758
6481,216.033,584.49,463.58,1.511,-2.346,2.791
6482,216.067,585.2,463.96,2.636,-5.328,5.944
6483,216.1,585.53,463.75,3.724,-7.498,8.372
6484,216.133,585.61,463.81,4.725,-8.636,9.844
6485,216.167,585.73,463.31,5.507,-8.53,10.153
6486,216.2,585.94,462.81,5.807,-7.439,9.437
6487,216.233,585.97,462.31,5.898,-5.742,8.232
6488,216.267,586.01,462.3,5.768,-4.08,7.065
6489,216.3,586.31,462.58,5.098,-2.573,5.71
6490,216.333,586.47,462.71,4.363,-1.555,4.632
6491,216.367,586.69,462.55,3.78,-0.638,3.834
6492,216.4,586.66,462.55,3.152,0.189,3.158
6493,216.433,586.6,462.08,2.643,1.167,2.889
6494,216.467,586.43,461.57,2.144,2.179,3.057
6495,216.5,586.8,461.63,1.72,3.398,3.808
6496,216.533,587.01,462.18,1.691,4.855,5.141
6497,216.567,587.18,462.94,1.492,6.352,6.525
6498,216.6,587.32,463.62,1.135,7.328,7.415
6499,216.633,587.1,464.2,0.685,7.941,7.97
6500,216.667,587.01,464.38,0.21,7.843,7.846
6501,216.7,587.34,463.85,-0.103,7.314,7.315
6502,216.733,586.87,463.39,-0.117,6.234,6.235
6503,216.767,586.65,463.57,0.159,4.83,4.833
6504,216.8,587.27,463.83,0.857,3.108,3.224
6505,216.833,587.03,464.39,0.913,0.925,1.3
6506,216.867,587.09,464.92,0.495,-1.546,1.624
6507,216.9,587.04,465.35,-0.37,-4.001,4.018
6508,216.933,586.95,465.26,-1.454,-6.222,6.389
6509,216.967,586.87,465.01,-2.61,-8.052,8.464
6510,217.0,586.94,464.74,-3.639,-9.322,10.007
6511,217.033,586.26,464.02,-4.712,-10.116,11.16
6512,217.067,586.79,463.16,-5.769,-10.526,12.003
6513,217.1,586.75,462.51,-6.784,-10.547,12.541
6514,217.133,586.81,461.73,-7.738,-10.135,12.752
6515,217.167,587.03,461.23,-8.433,-9.335,12.58
6516,217.2,586.86,460.69,-8.869,-7.896,11.875
6517,217.233,586.07,460.73,-9.278,-6.219,11.169
6518,217.267,585.09,460.82,-9.273,-3.897,10.058
6519,217.3,583.33,460.82,-8.87,-1.194,8.95
6520,217.333,583.33,461.07,-8.531,1.738,8.706
6521,217.367,583.3,461.35,-7.907,4.64,9.168
6522,217.4,583.36,461.56,-7.139,7.215,10.15
6523,217.433,583.41,461.35,-6.19,9.212,11.099
6524,217.467,583.44,461.57,-5.08,10.636,11.787
6525,217.5,583.43,462.07,-3.89,10.8,11.479
6526,217.533,583.4,462.78,-2.753,9.748,10.129
6527,217.567,583.37,463.5,-1.291,7.707,7.814
6528,217.6,583.35,463.99,-0.126,5.01,5.012
6529,217.633,583.32,464.17,0.849,1.689,1.891
6530,217.667,583.29,464.1,1.479,-1.785,2.318
6531,217.7,583.25,463.31,1.573,-4.989,5.231
6532,217.733,583.24,463.93,1.197,-7.355,7.452
6533,217.767,583.27,463.89,0.632,-9.531,9.552
6534,217.8,583.29,463.62,0.105,-11.649,11.65
6535,217.833,583.34,463.19,0.255,-13.595,13.597
6536,217.867,583.39,462.37,0.454,-15.053,15.06
6537,217.9,583.43,461.37,0.685,-15.964,15.979
6538,217.933,583.4,460.11,0.884,-15.963,15.987
6539,217.967,583.36,458.56,1.06,-14.575,14.614
6540,218.0,583.4,458.31,1.171,-11.855,11.912
6541,218.033,583.44,458.12,1.248,-8.583,8.674
6542,218.067,583.45,458.25,1.297,-4.983,5.149
6543,218.1,583.46,458.43,1.286,-1.491,1.969
6544,218.133,583.5,459.08,1.186,2.103,2.415
6545,218.167,583.6,459.7,0.974,5.788,5.869
6546,218.2,583.65,459.79,0.598,9.563,9.582
6547,218.233,583.68,458.99,0.057,13.667,13.668
6548,218.267,583.72,459.16,-0.681,17.205,17.218
6549,218.3,583.71,460.02,-1.605,19.978,20.043
6550,218.333,583.66,461.42,-2.697,22.022,22.187
6551,218.367,583.54,462.52,-3.928,23.031,23.364
6552,218.4,583.43,463.87,-5.231,23.14,23.724
6553,218.433,583.33,464.75,-6.549,22.465,23.4
6554,218.467,583.12,465.09,-7.825,21.581,22.956
6555,218.5,582.94,464.85,-8.962,20.757,22.609
6556,218.533,582.61,465.62,-9.96,19.794,22.158
6557,218.567,582.21,466.38,-10.786,18.968,21.821
6558,218.6,581.76,467.75,-11.363,18.233,21.484
6559,218.633,581.25,468.54,-11.582,17.612,21.079
6560,218.667,580.73,469.12,-11.397,16.504,20.057
6561,218.7,580.27,469.43,-10.763,14.849,18.34
6562,218.733,579.86,469.54,-9.664,13.026,16.22
6563,218.767,579.54,469.51,-8.131,11.705,14.252
6564,218.8,579.26,469.82,-6.709,10.848,12.755
6565,218.833,579.1,469.78,-5.152,10.459,11.659
6566,218.867,578.99,470.21,-3.385,10.215,10.762
6567,218.9,578.9,470.77,-1.236,10.147,10.222
6568,218.933,578.84,471.59,0.862,9.607,9.645
6569,218.967,578.92,471.92,2.724,8.794,9.206
6570,219.0,579.02,472.67,4.417,7.959,9.103
6571,219.033,579.25,473.16,5.697,7.834,9.686
6572,219.067,579.63,473.19,6.611,7.894,10.297
6573,219.1,580.07,472.97,7.264,8.195,10.951
6574,219.133,580.48,472.49,7.711,8.135,11.209
6575,219.167,580.84,472.72,8.203,7.552,11.15
6576,219.2,581.01,473.17,8.794,6.249,10.788
6577,219.233,581.02,473.59,9.314,4.513,10.35
6578,219.267,580.85,474.18,9.681,2.52,10.004
6579,219.3,581.76,474.62,9.748,0.656,9.77
6580,219.333,582.28,474.54,9.515,-0.927,9.56
6581,219.367,582.54,474.29,8.937,-1.745,9.106
6582,219.4,582.13,473.82,8.016,-2.085,8.282
6583,219.433,582.27,474.15,6.822,-2.114,7.142
6584,219.467,582.61,474.37,5.544,-1.866,5.849
6585,219.5,582.73,474.69,4.142,-1.022,4.266
6586,219.533,583.23,474.25,2.683,-0.064,2.684
6587,219.567,583.75,473.88,1.235,0.92,1.54
6588,219.6,584.14,473.09,-0.341,2.087,2.115
6589,219.633,584.48,472.43,-1.894,3.461,3.945
6590,219.667,584.22,472.31,-3.443,4.999,6.07
6591,219.7,583.63,472.91,-4.843,6.417,8.04
6592,219.733,583.1,473.55,-5.741,7.692,9.598
6593,219.767,582.57,474.51,-6.144,8.794,10.728
6594,219.8,582.21,475.4,-5.802,9.608,11.224
6595,219.833,581.88,476.04,-5.354,10.071,11.406
6596,219.867,581.64,476.22,-4.889,10.336,11.434
6597,219.9,581.53,476.61,-4.211,10.495,11.308
6598,219.933,581.5,477.26,-3.194,10.546,11.019
6599,219.967,581.29,477.6,-2.132,10.216,10.436
6600,220.0,581.24,477.4,-1.167,9.228,9.302
6601,220.033,581.3,477.36,-0.284,7.401,7.407
6602,220.067,581.31,477.3,0.415,5.112,5.129
6603,220.1,581.74,477.04,1.073,2.399,2.628
6604,220.133,581.97,476.84,1.441,-0.183,1.453
6605,220.167,582.43,477.13,1.143,-2.295,2.564
6606,220.2,582.77,477.57,0.879,-3.798,3.899
6607,220.233,582.55,477.82,0.463,-4.639,4.662
6608,220.267,582.48,477.99,-0.315,-4.874,4.885
6609,220.3,582.1,477.92,-1.337,-4.893,5.072
6610,220.333,581.75,477.69,-2.406,-4.875,5.436
6611,220.367,581.6,477.33,-3.53,-4.767,5.932
6612,220.4,581.01,476.72,-4.669,-4.459,6.456
6613,220.433,580.75,476.31,-5.727,-4.17,7.085
6614,220.467,580.69,475.54,-6.726,-3.939,7.794
6615,220.5,580.74,475.18,-7.419,-4.341,8.596
6616,220.533,581.05,475.05,-7.906,-2.885,8.416
6617,220.567,581.2,475.08,-8.096,-0.99,8.157
6618,220.6,580.66,475.5,-7.873,0.712,7.905
6619,220.633,580.26,475.94,-7.424,1.805,7.64
6620,220.667,580.41,476.41,-6.661,1.889,6.924
6621,220.7,579.31,476.74,-5.871,0.732,5.917
6622,220.733,578.72,476.45,-5.209,-1.689,5.476
6623,220.767,578.67,476.05,-4.478,-4.838,6.592
6624,220.8,578.71,475.87,-3.782,-6.916,7.883
6625,220.833,578.45,475.86,-3.188,-7.057,7.744
6626,220.867,578.4,475.75,-2.642,-6.567,7.078
6627,220.9,578.47,475.77,-1.837,-6.172,6.44
6628,220.933,578.44,476.07,-0.831,-6.444,6.498
6629,220.967,578.57,476.04,0.279,-7.479,7.484
6630,221.0,578.6,477.66,1.427,-9.271,9.38
6631,221.033,578.91,473.9,2.442,-11.454,11.712
6632,221.067,579.14,471.58,3.087,-13.629,13.974
6633,221.1,579.28,469.93,3.233,-13.387,13.772
6634,221.133,579.34,469.27,3.162,-12.202,12.605
6635,221.167,579.2,469.98,2.793,-10.152,10.529
6636,221.2,579.11,471.64,1.875,-7.712,7.937
6637,221.233,579.12,474.28,1.047,-5.045,5.153
6638,221.267,579.07,477.12,0.308,-2.423,2.442
6639,221.3,578.99,476.36,-0.537,-0.034,0.538
6640,221.333,579.36,472.52,-1.503,2.113,2.593
6641,221.367,579.8,469.98,-2.379,3.927,4.592
6642,221.4,579.31,468.36,-3.174,5.482,6.334
6643,221.433,579.28,468.28,-3.882,6.527,7.594
6644,221.467,579.19,468.92,-4.319,6.806,8.06
6645,221.5,578.91,471.2,-4.478,6.459,7.859
6646,221.533,578.68,473.96,-4.234,4.18,5.95
6647,221.567,578.38,477.18,-3.772,2.372,4.456
6648,221.6,578.17,475.21,-3.15,0.975,3.297
6649,221.633,577.96,475.01,-2.388,0.612,2.465
6650,221.667,577.9,474.26,-1.501,1.294,1.982
6651,221.7,577.81,473.67,-0.434,2.477,2.515
6652,221.733,577.81,472.74,0.807,3.61,3.699
6653,221.767,577.78,472.51,2.102,3.835,4.374
6654,221.8,577.87,472.81,3.378,2.174,4.017
6655,221.833,578.04,472.99,4.611,-0.284,4.62
6656,221.867,578.3,473.12,5.484,-1.933,5.815
6657,221.9,578.66,473.02,5.81,-2.101,6.178
6658,221.933,579.12,473.12,6.01,-0.458,6.028
6659,221.967,579.47,473.17,5.942,2.025,6.277
6660,222.0,579.75,472.85,5.625,5.37,7.777
6661,222.033,579.86,472.8,5.157,8.279,9.754
6662,222.067,579.96,473.44,4.548,9.821,10.823
6663,222.1,580.08,474.54,3.896,8.859,9.678
6664,222.133,580.17,475.04,3.21,7.576,8.228
6665,222.167,580.19,475.39,2.531,5.766,6.297
6666,222.2,580.21,475.75,1.862,4.104,4.507
6667,222.233,580.08,475.91,1.264,2.485,2.788
6668,222.267,579.96,475.65,0.742,1.799,1.946
6669,222.3,579.93,475.46,0.363,1.596,1.637
6670,222.333,579.92,475.59,0.14,1.527,1.533
6671,222.367,580.0,476.44,0.074,1.44,1.442
6672,222.4,580.16,476.19,0.147,1.341,1.349
6673,222.433,580.31,475.15,0.302,1.529,1.558
6674,222.467,580.38,475.08,0.466,1.978,2.032
6675,222.5,580.41,474.29,0.614,2.756,2.824
6676,222.533,580.42,473.97,0.774,3.915,3.991
6677,222.567,580.43,474.06,0.959,5.267,5.354
6678,222.6,580.4,474.8,1.157,6.331,6.436
6679,222.633,580.37,476.15,1.318,6.421,6.555
6680,222.667,580.39,477.06,1.407,5.792,5.96
6681,222.7,580.38,477.39,1.468,4.701,4.925
6682,222.733,580.39,478.16,1.49,3.368,3.683
6683,222.767,580.43,477.66,1.532,2.009,2.526
6684,222.8,580.52,477.43,1.65,0.762,1.818
6685,222.833,580.61,477.25,1.787,-0.215,1.8
6686,222.867,580.71,477.37,1.911,-1.243,2.28
6687,222.9,580.82,477.53,1.967,-3.174,3.734
6688,222.933,580.93,477.26,1.895,-5.446,5.766
6689,222.967,581.0,476.7,1.402,-7.514,7.644
6690,223.0,581.1,475.74,0.712,-9.498,9.525
6691,223.033,581.1,474.86,0.102,-10.929,10.929
6692,223.067,581.11,474.1,-0.336,-11.689,11.694
6693,223.1,581.1,473.59,-0.769,-11.647,11.672
6694,223.133,581.11,473.95,-0.934,-11.251,11.29
6695,223.167,581.14,474.48,-0.935,-11.041,11.081
6696,223.2,581.09,474.83,-0.642,-10.97,10.989
6697,223.233,581.02,474.7,0.041,-10.969,10.969
6698,223.267,580.94,474.12,0.749,-11.647,11.671
6699,223.3,580.74,473.51,1.268,-12.714,12.777
6700,223.333,580.58,472.36,1.611,-13.94,14.033
6701,223.367,580.44,471.3,1.842,-15.2,15.311
6702,223.4,580.34,471.05,1.92,-16.264,16.377
6703,223.433,580.27,470.7,1.82,-16.951,17.049
6704,223.467,580.96,470.5,1.592,-16.776,16.851
6705,223.5,581.55,470.06,1.301,-15.439,15.494
6706,223.533,581.75,469.79,0.957,-13.41,13.444
6707,223.567,581.76,469.37,0.602,-11.126,11.143
6708,223.6,582.15,468.48,0.208,-8.745,8.747
6709,223.633,582.05,467.79,-0.235,-6.529,6.534
6710,223.667,582.12,467.25,-0.785,-4.683,4.748
6711,223.7,581.74,466.54,-1.468,-3.32,3.63
6712,223.733,580.86,465.92,-2.192,-2.15,3.07
6713,223.767,580.46,465.96,-2.889,-0.78,2.993
6714,223.8,580.48,467.03,-3.492,0.595,3.542
6715,223.833,580.5,468.1,-3.873,1.884,4.307
6716,223.867,580.41,469.47,-4.02,3.231,5.158
6717,223.9,580.43,470.42,-3.912,4.624,6.056
6718,223.933,580.55,470.85,-3.506,5.915,6.876
6719,223.967,580.61,470.2,-2.771,7.025,7.552
6720,224.0,580.59,468.38,-2.071,7.724,7.997
6721,224.033,580.47,467.3,-1.523,8.444,8.581
6722,224.067,580.32,467.04,-1.023,8.706,8.766
6723,224.1,580.17,467.31,-0.497,8.419,8.434
6724,224.133,580.03,468.46,-0.238,7.723,7.727
6725,224.167,580.04,469.61,-0.097,6.484,6.485
6726,224.2,580.14,470.87,-0.221,5.017,5.022
6727,224.233,580.2,471.44,-0.516,3.635,3.672
6728,224.267,580.25,471.08,-0.556,2.496,2.558
6729,224.3,580.22,471.07,-0.609,1.979,2.071
6730,224.333,580.13,471.02,-0.714,1.477,1.641
6731,224.367,580.08,471.17,-0.77,0.953,1.225
6732,224.4,580.08,471.51,-0.732,-0.03,0.732
6733,224.433,580.11,471.34,-0.775,-1.496,1.685
6734,224.467,580.2,471.15,-0.599,-3.331,3.385
6735,224.5,580.24,471.08,-0.06,-5.025,5.026
6736,224.533,580.34,469.94,0.93,-5.888,5.961
6737,224.567,580.4,469.21,2.616,-5.789,6.352
6738,224.6,580.4,468.61,4.731,-5.033,6.908
6739,224.633,580.42,468.33,7.284,-3.801,8.216
6740,224.667,580.42,468.69,10.211,-2.496,10.512
6741,224.7,580.45,468.87,12.903,-1.053,12.946
6742,224.733,580.74,469.22,15.308,0.147,15.309
6743,224.767,580.94,470.05,17.315,1.284,17.362
6744,224.8,581.67,470.03,18.656,2.679,18.847
6745,224.833,582.42,470.3,19.403,4.151,19.842
6746,224.867,583.16,470.35,19.728,5.628,20.515
6747,224.9,584.13,470.55,19.552,7.092,20.799
6748,224.933,585.75,470.68,18.764,8.281,20.51
6749,224.967,586.91,470.66,17.542,9.263,19.838
6750,225.0,587.83,470.52,15.954,9.604,18.622
6751,225.033,588.52,470.68,13.724,9.38,16.624
6752,225.067,588.46,470.65,10.89,8.925,14.081
6753,225.1,588.59,471.03,7.645,8.347,11.319
6754,225.133,588.3,471.72,4.309,7.795,8.907
6755,225.167,587.58,472.48,1.081,7.457,7.535
6756,225.2,587.61,472.8,-1.894,7.093,7.342
6757,225.233,587.39,473.26,-4.297,6.77,8.018
6758,225.267,587.11,473.49,-5.93,6.141,8.537
6759,225.3,587.25,473.76,-6.83,5.333,8.665
6760,225.333,587.29,473.96,-7.155,4.24,8.317
6761,225.367,586.98,474.2,-6.881,2.703,7.393
6762,225.4,586.73,473.96,-6.064,0.722,6.107
6763,225.433,586.7,473.51,-4.82,-1.495,5.047
6764,225.467,586.3,472.87,-3.581,-3.892,5.289
6765,225.5,585.62,472.92,-2.188,-6.307,6.676
6766,225.533,585.66,472.54,-0.83,-8.399,8.44
6767,225.567,585.93,472.69,0.35,-9.758,9.764
6768,225.6,586.25,472.73,1.514,-10.4,10.51
6769,225.633,586.42,472.78,2.199,-10.466,10.694
6770,225.667,586.55,472.41,2.605,-10.037,10.369
6771,225.7,586.87,471.87,3.02,-9.533,10.0
6772,225.733,586.96,471.19,3.223,-9.17,9.72
6773,225.767,586.63,471.01,3.369,-9.078,9.683
6774,225.8,586.72,469.74,3.563,-8.976,9.657
6775,225.833,586.84,469.25,3.752,-8.679,9.455
6776,225.867,586.98,468.94,3.792,-8.066,8.913
6777,225.9,587.33,469.12,3.76,-7.243,8.161
6778,225.933,587.73,469.05,3.607,-6.155,7.134
6779,225.967,588.08,469.25,3.267,-4.901,5.89
6780,226.0,587.94,469.71,3.005,-3.541,4.645
6781,226.033,587.77,470.11,2.966,-2.429,3.834
6782,226.067,587.49,469.57,2.938,-1.053,3.121
6783,226.1,587.15,469.29,2.854,0.294,2.869
6784,226.133,587.44,468.91,2.57,1.424,2.938
6785,226.167,587.74,468.13,2.04,2.09,2.921
6786,226.2,588.13,467.74,1.495,2.065,2.55
6787,226.233,588.44,468.2,1.262,1.675,2.097
6788,226.267,588.71,469.05,1.367,0.847,1.608
6789,226.3,588.9,469.77,1.997,-0.292,2.018
6790,226.333,588.63,470.1,2.734,-0.831,2.857
6791,226.367,588.48,469.98,3.435,-1.041,3.589
6792,226.4,588.43,469.6,3.963,-1.047,4.099
6793,226.433,588.48,469.16,4.206,-1.07,4.34
6794,226.467,588.47,468.94,4.068,-1.242,4.254
6795,226.5,588.32,469.16,3.578,-1.471,3.868
6796,226.533,588.44,469.57,2.879,-1.822,3.407
6797,226.567,588.57,469.26,1.949,-2.296,3.012
6798,226.6,588.69,468.7,0.939,-2.479,2.651
6799,226.633,589.09,468.15,-0.041,-2.492,2.493
6800,226.667,589.97,467.7,-1.11,-2.481,2.718
6801,226.7,590.66,468.08,-2.132,-1.944,2.886
6802,226.733,590.38,468.15,-2.974,-0.842,3.091
6803,226.767,589.89,468.9,-3.332,0.668,3.398
6804,226.8,589.15,469.22,-3.148,2.403,3.96
6805,226.833,588.69,468.94,-2.62,4.075,4.845
6806,226.867,588.34,468.71,-1.898,5.78,6.083
6807,226.9,588.23,468.72,-0.822,7.537,7.582
6808,226.933,588.1,468.76,0.496,9.018,9.032
6809,226.967,588.01,469.5,1.795,10.252,10.408
6810,227.0,587.75,470.03,3.125,11.089,11.521
6811,227.033,587.64,470.37,4.464,11.586,12.416
6812,227.067,587.83,470.5,5.543,11.512,12.776
6813,227.1,588.22,470.61,6.206,11.17,12.778
6814,227.133,588.99,470.81,6.586,10.683,12.55
6815,227.167,589.92,471.69,6.589,10.227,12.166
6816,227.2,590.87,472.47,5.851,9.611,11.252
6817,227.233,591.62,473.31,4.356,8.33,9.4
6818,227.267,591.66,473.75,2.524,6.544,7.013
6819,227.3,591.18,473.71,0.438,4.34,4.362
6820,227.333,590.67,473.73,-1.584,1.765,2.372
6821,227.367,590.71,473.26,-3.791,-0.808,3.876
6822,227.4,590.2,472.57,-5.677,-3.156,6.495
6823,227.433,589.58,472.57,-7.521,-5.015,9.04
6824,227.467,589.17,472.67,-9.092,-6.08,10.938
6825,227.5,588.53,473.04,-10.167,-6.68,12.165
6826,227.533,587.95,472.8,-10.668,-6.801,12.652
6827,227.567,587.65,472.48,-10.276,-6.317,12.062
6828,227.6,587.74,471.97,-9.27,-5.421,10.739
6829,227.633,587.73,471.42,-7.764,-3.982,8.726
6830,227.667,587.66,470.58,-5.855,-2.004,6.189
6831,227.7,587.67,470.26,-3.668,0.111,3.669
6832,227.733,587.51,470.52,-1.983,2.43,3.137
6833,227.767,587.24,471.19,-0.795,4.584,4.653
6834,227.8,587.12,471.22,-0.093,6.463,6.464
6835,227.833,586.9,471.65,0.807,8.034,8.074
6836,227.867,587.41,472.34,1.903,9.135,9.331
6837,227.9,587.15,473.19,2.988,10.089,10.522
6838,227.933,587.54,473.78,3.849,10.973,11.629
6839,227.967,587.84,473.98,4.608,11.393,12.29
6840,228.0,587.9,474.15,5.132,11.319,12.428
6841,228.033,588.28,474.31,5.834,10.483,11.997
6842,228.067,588.1,474.2,6.497,9.222,11.28
6843,228.1,588.32,474.67,6.884,7.429,10.128
6844,228.133,588.69,475.03,6.813,5.207,8.575
6845,228.167,588.72,475.38,6.666,2.814,7.236
6846,228.2,588.29,475.71,6.36,0.835,6.415
6847,228.233,588.96,475.48,5.832,-1.003,5.918
6848,228.267,589.46,475.26,5.574,-2.8,6.238
6849,228.3,590.5,475.02,4.846,-4.476,6.597
6850,228.333,590.6,474.93,4.146,-5.633,6.994
6851,228.367,590.58,474.89,3.892,-6.495,7.572
6852,228.4,590.05,474.5,3.552,-7.144,7.978
6853,228.433,590.18,474.18,3.434,-7.62,8.358
6854,228.467,590.21,474.02,2.9,-7.708,8.235
6855,228.5,590.35,473.69,1.897,-7.466,7.703
6856,228.533,589.82,473.4,0.936,-6.853,6.917
6857,228.567,589.69,472.8,-0.431,-5.776,5.793
6858,228.6,590.01,472.52,-1.647,-4.434,4.73
6859,228.633,590.53,472.54,-2.842,-3.192,4.274
6860,228.667,590.36,472.52,-4.169,-2.128,4.68
6861,228.7,590.35,472.07,-5.548,-1.384,5.718
6862,228.733,590.4,472.28,-6.692,-0.969,6.762
6863,228.767,589.38,472.67,-7.633,-0.577,7.655
6864,228.8,590.14,472.71,-8.329,-0.233,8.333
6865,228.833,590.06,472.69,-9.271,0.204,9.274
6866,228.867,589.16,472.99,-10.364,0.465,10.374
6867,228.9,588.34,473.33,-11.663,0.608,11.679
6868,228.933,587.39,473.5,-12.31,0.848,12.339
6869,228.967,587.13,473.17,-12.526,1.077,12.572
6870,229.0,587.18,473.11,-12.142,1.024,12.185
6871,229.033,586.48,472.87,-11.527,0.754,11.552
6872,229.067,586.45,472.18,-10.011,0.134,10.012
6873,229.1,585.97,472.02,-8.185,-0.679,8.213
6874,229.133,585.46,471.99,-6.283,-1.789,6.533
6875,229.167,585.15,472.07,-4.364,-3.015,5.304
6876,229.2,585.2,472.37,-2.612,-4.44,5.151
6877,229.233,585.68,472.57,-0.689,-5.801,5.842
6878,229.267,585.44,472.58,1.216,-7.464,7.562
6879,229.3,585.09,472.62,3.654,-9.378,10.064
6880,229.333,584.91,472.28,4.836,-11.217,12.215
6881,229.367,585.39,472.23,5.152,-12.785,13.784
6882,229.4,586.53,471.79,5.046,-13.973,14.857
6883,229.433,586.83,470.97,5.24,-14.703,15.609
6884,229.467,587.08,470.03,6.045,-15.142,16.304
6885,229.5,586.93,469.27,7.045,-14.689,16.291
6886,229.533,587.32,468.4,7.788,-13.898,15.931
6887,229.567,586.88,467.73,8.514,-12.558,15.172
6888,229.6,587.27,467.28,8.722,-10.641,13.759
6889,229.633,587.69,467.09,8.339,-8.431,11.859
6890,229.667,587.66,466.41,7.721,-6.037,9.801
6891,229.7,588.53,466.04,6.832,-3.67,7.755
6892,229.733,588.39,465.91,5.627,-1.402,5.799
6893,229.767,588.08,466.39,4.165,0.932,4.268
6894,229.8,587.31,467.01,2.931,3.035,4.219
6895,229.833,588.36,467.66,2.147,4.938,5.385
6896,229.867,589.43,468.4,2.138,6.373,6.722
6897,229.9,590.78,468.78,2.418,7.259,7.651
6898,229.933,590.83,468.82,2.627,7.348,7.804
6899,229.967,590.24,469.2,2.966,6.693,7.321
6900,230.0,589.5,468.6,3.409,5.792,6.721
6901,230.033,588.9,468.66,3.591,4.472,5.735
6902,230.067,588.28,468.27,3.513,2.993,4.615
6903,230.1,587.96,468.23,3.726,1.401,3.981
6904,230.133,588.44,468.36,3.815,0.061,3.815
6905,230.167,588.68,468.58,3.581,-0.901,3.692
6906,230.2,589.3,469.12,3.059,-1.288,3.319
6907,230.233,590.17,469.48,1.941,-1.15,2.256
6908,230.267,590.72,469.15,1.196,-0.626,1.35
6909,230.3,591.12,469.16,1.287,-0.029,1.287
6910,230.333,591.51,468.56,1.845,0.38,1.883
6911,230.367,591.22,468.48,2.072,0.344,2.1
6912,230.4,591.19,467.91,1.779,-0.06,1.78
6913,230.433,590.79,467.94,0.619,-0.653,0.9
6914,230.467,590.26,468.44,-0.375,-1.001,1.069
6915,230.5,589.43,468.31,-1.286,-1.32,1.843
6916,230.533,589.74,468.67,-2.146,-1.242,2.479
6917,230.567,589.64,469.06,-3.126,-0.686,3.2
6918,230.6,589.27,469.69,-4.095,0.407,4.116
6919,230.633,588.99,469.72,-4.81,1.771,5.126
6920,230.667,589.04,469.2,-5.445,3.176,6.303
6921,230.7,589.75,468.77,-5.672,4.536,7.263
6922,230.733,590.48,468.32,-5.711,5.66,8.04
6923,230.767,590.17,468.08,-5.874,6.41,8.694
6924,230.8,588.81,467.94,-6.176,6.929,9.282
6925,230.833,588.82,468.23,-6.701,6.922,9.634
6926,230.867,588.88,469.15,-7.567,6.748,10.138
6927,230.9,589.03,469.97,-8.38,6.203,10.426
6928,230.933,589.15,470.82,-9.263,5.699,10.876
6929,230.967,587.72,471.13,-10.317,4.854,11.402
6930,231.0,586.67,471.4,-11.189,3.662,11.773
6931,231.033,585.88,471.89,-11.498,2.51,11.768
6932,231.067,585.7,471.52,-11.568,1.158,11.626
6933,231.1,585.93,471.21,-11.014,-0.46,11.023
6934,231.133,586.04,470.98,-9.669,-2.331,9.946
6935,231.167,586.08,470.9,-7.41,-4.247,8.54
6936,231.2,585.74,470.71,-4.446,-5.82,7.324
6937,231.233,585.37,470.18,-1.113,-7.358,7.441
6938,231.267,585.15,469.59,1.926,-8.54,8.754
6939,231.3,585.0,469.09,4.789,-9.044,10.234
6940,231.333,585.01,468.84,7.951,-9.192,12.153
6941,231.367,585.17,468.54,10.656,-8.838,13.844
6942,231.4,585.21,468.36,12.751,-8.292,15.21
6943,231.433,585.31,468.05,14.047,-7.68,16.009
6944,231.467,586.29,468.31,14.199,-7.04,15.848
6945,231.5,587.23,468.27,14.109,-6.432,15.506
6946,231.533,588.34,468.11,13.915,-5.876,15.105
6947,231.567,589.41,468.08,13.581,-5.413,14.62
6948,231.6,590.1,468.17,12.917,-4.981,13.844
6949,231.633,590.79,467.82,11.757,-4.344,12.534
6950,231.667,591.08,467.4,10.118,-3.387,10.67
6951,231.7,591.2,466.68,8.023,-1.917,8.248
6952,231.733,590.62,466.85,5.742,-0.267,5.748
6953,231.767,590.36,466.9,3.484,1.261,3.705
6954,231.8,590.23,466.38,1.358,2.657,2.984
6955,231.833,590.06,466.83,-0.473,3.781,3.81
6956,231.867,590.08,466.96,-1.891,4.521,4.9
6957,231.9,590.03,467.09,-2.864,4.954,5.722
6958,231.933,589.91,467.4,-3.269,5.442,6.348
6959,231.967,590.18,467.47,-2.996,6.23,6.913
6960,232.0,590.25,468.0,-2.38,6.664,7.076
6961,232.033,590.06,468.61,-1.541,6.791,6.963
6962,232.067,590.01,468.86,-0.672,6.735,6.768
6963,232.1,589.99,469.8,0.082,6.299,6.3
6964,232.133,589.94,470.36,0.648,5.39,5.429
6965,232.167,589.93,470.51,0.883,4.109,4.203
6966,232.2,590.01,469.58,0.845,3.04,3.155
6967,232.233,590.13,468.75,0.535,2.332,2.393
6968,232.267,590.21,468.56,0.262,1.588,1.609
6969,232.3,590.3,468.47,-0.046,0.759,0.761
6970,232.333,590.33,468.75,-0.347,0.158,0.381
6971,232.367,590.23,469.29,-0.519,-0.589,0.785
6972,232.4,590.11,470.02,-0.637,-1.312,1.458
6973,232.433,590.1,469.99,-0.717,-1.917,2.047
6974,232.467,590.12,469.39,-0.732,-1.801,1.944
6975,232.5,590.02,469.36,-0.898,-1.106,1.424
6976,232.533,590.01,469.39,-1.221,-0.017,1.221
6977,232.567,589.95,469.2,-1.478,1.074,1.826
6978,232.6,589.78,469.26,-1.665,2.18,2.743
6979,232.633,589.75,469.4,-1.811,2.648,3.208
6980,232.667,589.71,469.95,-1.879,2.643,3.242
6981,232.7,589.65,469.54,-1.834,2.251,2.904
6982,232.733,589.57,469.25,-1.667,2.221,2.778
6983,232.767,589.61,469.02,-1.43,2.455,2.841
6984,232.8,589.73,469.05,-1.245,2.97,3.22
6985,232.833,589.75,469.34,-1.099,3.62,3.784
6986,232.867,589.61,469.83,-0.956,4.133,4.242
6987,232.9,589.41,470.57,-0.608,4.198,4.242
6988,232.933,589.27,471.54,0.477,3.779,3.809
6989,232.967,589.18,471.08,2.006,3.013,3.62
6990,233.0,589.13,470.93,2.474,2.325,3.395
6991,233.033,589.28,470.44,1.878,1.428,2.359
6992,233.067,589.31,470.29,0.416,0.585,0.718
6993,233.1,589.28,470.23,-1.655,-0.178,1.665
6994,233.133,589.32,470.65,-4.076,-0.939,4.183
6995,233.167,589.39,470.79,-6.702,-1.734,6.922
6996,233.2,589.39,470.89,-9.349,-2.882,9.783
6997,233.233,589.24,470.48,-11.882,-3.886,12.502
6998,233.267,589.03,470.49,-14.181,-4.635,14.919
6999,233.3,589.03,469.98,-16.187,-5.065,16.961
7000,233.333,588.93,469.62,-17.876,-5.136,18.599
7001,233.367,588.71,469.42,-19.139,-5.007,19.783
7002,233.4,587.96,469.51,-19.838,-5.659,20.629
7003,233.433,585.43,469.22,-19.9,-4.76,20.461
7004,233.467,582.26,469.19,-19.297,-4.586,19.835
7005,233.5,581.75,469.03,-18.105,-3.544,18.448
7006,233.533,581.77,469.16,-16.367,-0.947,16.395
7007,233.567,581.81,468.73,-14.221,1.068,14.261
7008,233.6,581.84,468.47,-11.728,0.877,11.761
7009,233.633,581.88,468.18,-8.953,-2.599,9.322
7010,233.667,581.92,467.88,-6.054,-9.823,11.539
7011,233.7,581.92,467.74,-3.259,-17.582,17.882
7012,233.733,581.95,467.58,-0.709,-26.724,26.733
7013,233.767,582.06,467.33,1.413,-33.522,33.552
7014,233.8,582.16,467.11,2.974,-36.562,36.683
7015,233.833,582.28,466.71,3.691,-37.015,37.199
7016,233.867,582.35,466.39,3.418,-35.087,35.253
7017,233.9,582.35,468.37,2.041,-31.273,31.339
7018,233.933,582.35,464.54,-0.218,-25.792,25.793
7019,233.967,582.25,463.91,-2.24,-18.828,18.961
7020,234.0,582.22,460.45,-3.05,-10.864,11.284
7021,234.033,582.2,453.21,-3.468,-2.163,4.088
7022,234.067,582.08,449.07,-3.641,6.411,7.373
7023,234.1,581.95,448.16,-3.598,14.748,15.181
7024,234.133,581.73,451.33,-3.363,22.367,22.618
7025,234.167,581.43,458.43,-2.975,28.99,29.142
7026,234.2,581.18,461.9,-2.441,34.399,34.486
7027,234.233,580.87,469.82,-1.773,38.155,38.196
7028,234.267,580.73,472.4,-0.987,40.051,40.063
7029,234.3,580.68,470.99,-0.223,40.046,40.047
7030,234.333,580.74,471.47,0.461,38.039,38.042
7031,234.367,580.91,471.69,1.009,34.238,34.253
7032,234.4,581.22,472.2,1.412,28.502,28.537
7033,234.433,581.51,472.07,1.716,19.523,19.599
7034,234.467,581.77,471.74,1.904,10.253,10.428
7035,234.5,581.89,471.16,2.045,-0.325,2.07
7036,234.533,581.97,470.13,2.124,-10.386,10.601
7037,234.567,581.93,469.53,2.028,-16.56,16.684
7038,234.6,581.88,468.85,1.776,-18.519,18.604
7039,234.633,581.84,468.36,1.361,-16.724,16.78
7040,234.667,581.79,467.93,0.811,-12.68,12.706
7041,234.7,581.72,467.48,0.179,-8.716,8.718
7042,234.733,581.64,467.45,-0.475,-3.921,3.95
7043,234.767,581.47,467.68,-1.007,-1.387,1.714
7044,234.8,581.45,467.99,-1.394,0.225,1.412
7045,234.833,581.49,468.48,-1.585,2.549,3.001
7046,234.867,581.58,468.71,-1.541,4.614,4.865
7047,234.9,581.71,469.2,-1.316,6.204,6.342
7048,234.933,581.76,469.57,-1.003,6.986,7.057
7049,234.967,581.8,469.72,-0.677,7.112,7.144
7050,235.0,581.75,469.8,-0.353,6.629,6.638
7051,235.033,581.54,469.91,-0.022,5.846,5.846
7052,235.067,581.45,469.76,0.294,5.01,5.019
7053,235.1,581.34,469.56,0.625,4.062,4.11
7054,235.133,581.25,469.77,0.963,3.208,3.349
7055,235.167,581.23,470.17,1.275,2.401,2.718
7056,235.2,581.34,470.42,1.548,1.873,2.43
7057,235.233,581.5,470.71,1.775,1.732,2.48
7058,235.267,581.66,470.72,1.973,1.949,2.773
7059,235.3,581.84,470.51,2.197,2.311,3.188
7060,235.333,582.0,470.21,2.397,2.543,3.495
7061,235.367,582.05,469.99,2.5,2.563,3.58
7062,235.4,582.12,470.11,2.458,2.646,3.612
7063,235.433,582.18,470.33,2.223,2.383,3.259
7064,235.467,582.3,470.62,1.807,1.949,2.658
7065,235.5,582.34,470.99,1.246,1.259,1.771
7066,235.533,582.37,471.0,0.613,0.44,0.754
7067,235.567,582.38,471.12,0.055,-0.557,0.56
7068,235.6,582.36,471.24,-0.413,-1.613,1.665
7069,235.633,582.32,471.21,-0.724,-2.265,2.378
7070,235.667,582.28,471.34,-0.857,-2.628,2.764
7071,235.7,582.23,471.14,-0.804,-2.99,3.096
7072,235.733,582.19,470.9,-0.625,-3.419,3.476
7073,235.767,582.12,470.35,-0.367,-4.063,4.079
7074,235.8,582.03,469.87,-0.092,-4.689,4.69
7075,235.833,581.93,469.84,0.193,-5.138,5.141
7076,235.867,581.9,469.81,0.453,-5.274,5.293
7077,235.9,581.92,469.35,0.73,-4.83,4.885
7078,235.933,582.0,469.41,0.957,-4.071,4.182
7079,235.967,582.17,469.13,1.164,-3.109,3.32
7080,236.0,582.31,469.21,1.294,-2.099,2.466
7081,236.033,582.45,469.21,1.328,-1.12,1.737
7082,236.067,582.54,469.42,1.206,0.061,1.207
7083,236.1,582.6,469.94,0.964,1.456,1.746
7084,236.133,582.59,469.8,0.623,2.852,2.919
7085,236.167,582.58,469.46,0.203,4.443,4.448
7086,236.2,582.52,469.37,-0.276,6.11,6.116
7087,236.233,582.46,469.5,-0.747,7.742,7.778
7088,236.267,582.39,469.93,-1.161,9.226,9.299
7089,236.3,582.4,470.26,-1.468,10.458,10.561
7090,236.333,582.34,470.67,-1.66,11.223,11.345
7091,236.367,582.28,471.16,-1.687,11.282,11.407
7092,236.4,582.16,471.19,-1.567,10.367,10.485
7093,236.433,582.14,471.47,-1.334,9.08,9.178
7094,236.467,582.02,471.88,-1.026,7.265,7.337
7095,236.5,581.89,472.53,-0.72,5.422,5.469
7096,236.533,581.8,473.24,-0.426,3.524,3.55
7097,236.567,581.84,473.75,-0.188,1.819,1.829
7098,236.6,581.86,473.93,-0.052,0.34,0.344
7099,236.633,581.91,474.32,-0.067,-0.928,0.93
7100,236.667,582.0,474.12,-0.22,-1.798,1.811
7101,236.7,582.12,473.42,-0.499,-2.044,2.104
7102,236.733,582.2,472.67,-0.854,-1.842,2.031
7103,236.767,582.18,471.72,-1.278,-1.212,1.761
7104,236.8,582.11,470.99,-1.725,-0.408,1.773
7105,236.833,582.04,470.7,-2.224,0.593,2.302
7106,236.867,581.92,470.61,-2.735,1.662,3.201
7107,236.9,581.78,471.4,-3.236,2.685,4.205
7108,236.933,581.63,471.91,-3.647,3.806,5.271
7109,236.967,581.47,472.75,-3.963,5.02,6.396
7110,237.0,581.32,473.35,-4.118,5.91,7.203
7111,237.033,581.11,474.02,-4.089,6.278,7.492
7112,237.067,580.87,474.52,-3.908,6.131,7.271
7113,237.1,580.68,474.87,-3.651,5.576,6.665
7114,237.133,580.57,474.75,-3.289,4.894,5.897
7115,237.167,580.52,474.73,-2.88,4.101,5.011
7116,237.2,580.48,474.46,-2.472,3.325,4.143
7117,237.233,580.43,474.39,-2.091,2.712,3.425
7118,237.267,580.41,474.15,-1.698,1.873,2.528
7119,237.3,580.38,474.05,-1.352,1.049,1.711
7120,237.333,580.39,473.87,-1.083,0.589,1.233
7121,237.367,580.41,473.76,-0.852,0.841,1.197
7122,237.4,580.47,473.65,-0.674,1.828,1.948
7123,237.433,580.48,473.68,-0.533,3.044,3.09
7124,237.467,580.42,473.47,-0.413,4.5,4.519
7125,237.5,580.31,474.04,-0.234,5.67,5.675
7126,237.533,580.2,474.93,-0.003,6.608,6.608
7127,237.567,580.16,475.81,0.21,7.156,7.159
7128,237.6,580.17,476.6,0.451,7.588,7.601
7129,237.633,580.14,476.97,0.726,7.872,7.905
7130,237.667,580.2,476.67,0.97,7.589,7.651
7131,237.7,580.31,476.13,1.233,6.769,6.881
7132,237.733,580.4,475.49,1.464,5.836,6.017
7133,237.767,580.35,475.92,1.744,4.429,4.76
7134,237.8,580.42,476.75,2.042,2.813,3.476
7135,237.833,580.61,477.42,2.395,0.162,2.401
7136,237.867,580.7,477.33,2.754,-0.167,2.759
7137,237.9,580.86,477.1,3.091,0.644,3.157
7138,237.933,581.05,476.9,3.34,1.753,3.772
7139,237.967,581.22,476.63,3.552,2.989,4.643
7140,238.0,581.21,476.91,3.715,4.211,5.615
7141,238.033,581.14,477.16,3.926,4.62,6.063
7142,238.067,581.25,477.51,4.237,3.884,5.747
7143,238.1,581.37,477.09,4.669,2.072,5.108
7144,238.133,581.5,476.33,5.157,2.24,5.622
7145,238.167,581.76,476.75,5.696,2.831,6.361
7146,238.2,581.93,477.28,6.154,4.099,7.394
7147,238.233,582.24,477.38,6.468,6.079,8.876
7148,238.267,582.43,478.35,6.587,8.685,10.901
7149,238.3,582.65,479.5,6.573,11.315,13.086
7150,238.333,582.8,483.46,6.351,13.781,15.174
7151,238.367,583.0,480.47,5.909,15.663,16.74
7152,238.4,583.2,478.6,5.265,16.978,17.776
7153,238.433,583.5,477.98,4.394,17.643,18.182
7154,238.467,583.71,477.53,3.356,17.656,17.972
7155,238.5,584.03,477.86,2.151,17.275,17.409
7156,238.533,584.21,479.82,1.001,16.231,16.262
7157,238.567,584.27,483.19,0.033,14.738,14.738
7158,238.6,584.14,487.73,-0.832,12.939,12.966
7159,238.633,583.96,485.56,-1.562,11.048,11.158
7160,238.667,583.69,485.74,-2.179,9.474,9.722
7161,238.7,583.49,485.57,-2.704,7.697,8.158
7162,238.733,583.27,485.26,-3.014,5.917,6.64
7163,238.767,583.1,485.14,-3.19,4.636,5.628
7164,238.8,582.94,485.03,-3.11,3.331,4.557
7165,238.833,582.89,484.23,-2.809,1.894,3.388
7166,238.867,582.8,483.65,-2.321,-1.641,2.843
7167,238.9,582.81,483.35,-1.722,-4.297,4.629
7168,238.933,582.91,483.4,-1.027,-6.177,6.262
7169,238.967,582.96,483.67,-0.371,-7.245,7.254
7170,239.0,583.12,483.77,0.25,-6.88,6.885
7171,239.033,583.09,484.14,0.701,-5.284,5.33
7172,239.067,582.97,484.18,0.978,-3.167,3.314
7173,239.1,582.93,483.72,0.996,-1.73,1.996
7174,239.133,582.92,483.66,0.825,-2.365,2.505
7175,239.167,583.04,483.62,0.519,-2.378,2.434
7176,239.2,583.19,484.02,0.085,-3.49,3.491
7177,239.233,583.23,484.13,-0.335,-3.578,3.594
7178,239.267,583.32,483.73,-0.538,-1.184,1.301
7179,239.3,583.22,483.46,-0.648,1.421,1.561
7180,239.333,583.07,482.87,-0.755,3.0,3.093
7181,239.367,582.97,482.23,-0.936,3.067,3.207
7182,239.4,582.93,481.98,-1.258,1.359,1.852
7183,239.433,582.84,482.44,-1.319,-1.818,2.246
7184,239.467,582.81,482.91,-1.073,-6.169,6.262
7185,239.5,582.72,482.79,-0.409,-9.023,9.032
7186,239.533,582.64,482.92,0.458,-9.381,9.393
7187,239.567,582.49,482.91,1.641,-8.782,8.934
7188,239.6,582.5,483.1,2.005,-7.593,7.854
7189,239.633,582.54,483.2,1.344,-6.087,6.234
7190,239.667,582.57,483.7,-0.536,-4.973,5.002
7191,239.7,582.8,486.63,-3.029,-4.147,5.136
7192,239.733,582.8,485.57,-6.279,-4.249,7.581
7193,239.767,582.35,479.68,-10.097,-5.121,11.321
7194,239.8,582.01,476.24,-14.286,-6.166,15.56
7195,239.833,581.88,474.58,-18.4,-6.767,19.605
7196,239.867,581.88,475.11,-22.266,-6.646,23.237
7197,239.9,582.28,477.62,-25.609,-5.455,26.183
7198,239.933,581.78,481.34,-28.176,-3.186,28.356
7199,239.967,580.76,486.4,-29.672,-0.002,29.672
7200,240.0,578.95,486.53,-30.319,3.562,30.527
7201,240.033,576.67,483.49,-29.93,7.72,30.91
7202,240.067,573.32,481.87,-28.469,12.23,30.985
7203,240.1,571.93,480.36,-25.994,16.542,30.812
7204,240.133,571.1,479.44,-22.507,20.149,30.208
7205,240.167,571.27,479.65,-18.479,22.575,29.174
7206,240.2,570.56,479.83,-14.16,23.212,27.19
7207,240.233,570.54,481.25,-9.973,20.29,22.609
7208,240.267,570.85,483.26,-6.048,15.234,16.391
7209,240.3,571.36,485.35,-2.096,11.248,11.442
7210,240.333,571.74,486.56,1.977,8.643,8.866
7211,240.367,572.43,487.87,6.067,7.539,9.677
7212,240.4,573.06,488.82,9.944,7.631,12.534
7213,240.433,573.5,489.42,12.7,7.868,14.94
7214,240.467,573.51,489.12,14.345,7.138,16.022
7215,240.5,574.0,489.07,14.826,3.93,15.338
7216,240.533,574.23,488.35,14.361,0.005,14.361
7217,240.567,574.29,486.93,13.324,-2.773,13.61
7218,240.6,574.37,485.81,12.608,-4.321,13.328
7219,240.633,573.94,484.79,11.87,-4.24,12.604
7220,240.667,574.07,484.31,11.121,-2.227,11.342
7221,240.7,574.48,484.39,10.141,1.587,10.264
7222,240.733,575.38,484.88,9.672,7.384,12.168
7223,240.767,576.68,485.96,9.596,14.664,17.525
7224,240.8,577.84,487.2,9.692,22.733,24.713
7225,240.833,578.52,488.34,9.719,30.941,32.432
7226,240.867,578.66,489.66,9.597,39.089,40.25
7227,240.9,578.2,490.67,8.672,46.469,47.271
7228,240.933,578.08,492.06,7.272,52.663,53.163
7229,240.967,577.86,493.84,5.501,57.435,57.698
7230,241.0,577.65,495.83,3.462,60.824,60.922
7231,241.033,577.67,497.99,1.47,62.493,62.51
7232,241.067,577.78,500.37,-0.856,62.603,62.609
7233,241.1,578.2,502.65,-2.458,61.678,61.727
7234,241.133,578.57,505.21,-2.839,59.898,59.965
7235,241.167,579.05,507.67,-2.362,57.63,57.679
7236,241.2,579.33,509.88,-1.292,55.084,55.1
7237,241.233,579.08,511.9,0.197,52.571,52.571
7238,241.267,578.48,513.38,1.904,50.081,50.118
7239,241.3,577.83,514.64,3.258,47.562,47.674
7240,241.333,577.24,515.72,4.373,45.014,45.226
7241,241.367,576.79,516.67,5.317,42.485,42.816
7242,241.4,577.55,517.75,6.031,39.99,40.443
7243,241.433,577.9,518.89,6.938,37.75,38.383
7244,241.467,578.4,519.83,7.821,35.814,36.658
7245,241.5,579.59,520.9,8.856,34.211,35.339
7246,241.533,579.99,522.04,9.908,32.943,34.4
7247,241.567,581.89,523.39,10.892,32.109,33.906
7248,241.6,582.14,524.8,11.647,31.73,33.8
7249,241.633,581.01,526.32,12.235,31.634,33.918
7250,241.667,580.97,527.88,12.562,31.64,34.043
7251,241.7,581.16,529.37,12.216,31.879,34.139
7252,241.733,581.57,530.32,11.047,32.535,34.36
7253,241.767,581.87,531.29,9.427,33.654,34.949
7254,241.8,582.71,532.03,7.636,35.549,36.36
7255,241.833,583.02,532.69,5.831,38.144,38.587
7256,241.867,583.09,533.52,4.282,41.381,41.602
7257,241.9,583.49,534.47,3.2,44.803,44.917
7258,241.933,583.55,535.77,2.108,48.062,48.109
7259,241.967,583.73,537.31,1.459,50.899,50.92
7260,242.0,583.56,538.98,0.969,53.315,53.324
7261,242.033,583.61,540.97,0.355,55.067,55.068
7262,242.067,583.63,542.98,0.224,56.034,56.034
7263,242.1,583.89,544.93,-0.796,56.257,56.262
7264,242.133,583.5,547.52,-2.127,55.73,55.771
7265,242.167,582.91,550.43,-2.864,54.322,54.397
7266,242.2,582.68,553.15,-3.508,52.02,52.138
7267,242.233,582.77,555.48,-4.077,49.043,49.212
7268,242.267,582.63,557.4,-4.495,45.837,46.057
7269,242.3,582.49,558.5,-4.759,42.673,42.937
7270,242.333,582.54,559.2,-5.241,39.91,40.252
7271,242.367,582.54,559.32,-5.439,38.1,38.487
7272,242.4,582.54,559.83,-5.446,37.104,37.502
7273,242.433,582.66,560.5,-5.247,36.923,37.294
7274,242.467,582.24,561.31,-4.817,37.242,37.552
7275,242.5,582.34,562.15,-4.314,38.136,38.379
7276,242.533,582.26,563.39,-3.459,39.511,39.662
7277,242.567,581.33,565.06,-2.13,41.041,41.096
7278,242.6,581.21,566.66,-0.301,42.791,42.792
7279,242.633,581.12,568.4,1.612,44.964,44.993
7280,242.667,580.82,570.56,3.833,47.327,47.482
7281,242.7,581.02,573.02,6.349,49.805,50.208
7282,242.733,581.39,575.37,8.908,52.321,53.074
7283,242.767,581.6,577.67,10.964,54.887,55.971
7284,242.8,582.07,579.73,12.676,57.261,58.647
7285,242.833,582.9,581.59,13.871,59.17,60.774
7286,242.867,583.18,582.53,14.401,60.65,62.337
7287,242.9,583.96,583.66,14.29,62.072,63.695
7288,242.933,584.43,584.85,13.373,63.558,64.949
7289,242.967,585.12,586.64,11.422,65.266,66.258
7290,243.0,586.08,588.36,8.718,67.363,67.924
7291,243.033,586.89,590.43,5.263,69.689,69.888
7292,243.067,587.1,593.31,1.228,72.171,72.182
7293,243.1,586.83,596.53,-2.416,74.559,74.598
7294,243.133,586.61,599.89,-5.81,76.761,76.981
7295,243.167,586.04,603.33,-8.752,78.595,79.081
7296,243.2,585.37,606.28,-10.854,79.761,80.496
7297,243.233,584.52,608.82,-12.126,79.692,80.609
7298,243.267,584.17,610.69,-12.504,78.087,79.081
7299,243.3,583.45,612.35,-11.964,74.631,75.584
7300,243.333,582.91,614.72,-10.552,69.43,70.227
7301,243.367,582.37,617.29,-8.522,62.784,63.36
7302,243.4,581.68,619.9,-5.819,55.572,55.876
7303,243.433,581.26,622.12,-2.772,48.424,48.504
7304,243.467,581.34,623.89,0.594,40.38,40.384
7305,243.5,581.84,624.98,4.093,30.581,30.853
7306,243.533,582.38,626.16,7.162,21.24,22.416
7307,243.567,583.27,626.86,9.378,13.708,16.609
7308,243.6,583.69,627.19,10.856,8.357,13.7
7309,243.633,584.26,627.2,11.551,5.556,12.817
7310,243.667,584.87,626.93,11.415,5.12,12.511
7311,243.7,585.37,626.2,10.731,6.319,12.453
7312,243.733,585.74,625.62,9.835,6.698,11.899
7313,243.767,585.88,625.21,8.974,5.395,10.471
7314,243.8,586.15,625.29,7.766,3.851,8.669
7315,243.833,586.24,625.42,6.46,2.419,6.898
7316,243.867,586.19,625.32,4.992,1.067,5.105
7317,243.9,586.3,624.7,3.681,0.013,3.681
7318,243.933,586.32,622.94,2.829,-0.821,2.946
7319,243.967,586.28,624.13,2.512,-1.412,2.882
7320,244.0,585.91,629.05,2.458,-1.922,3.12
7321,244.033,585.74,631.98,2.637,-2.258,3.472
7322,244.067,585.95,633.09,3.145,-2.935,4.302
7323,244.1,586.07,632.8,3.769,-3.999,5.495
7324,244.133,586.61,630.41,4.494,-5.094,6.793
7325,244.167,587.28,626.31,5.249,-6.164,8.097
7326,244.2,587.85,621.19,5.814,-7.027,9.12
7327,244.233,587.92,620.34,6.193,-7.431,9.673
7328,244.267,587.67,622.36,6.281,-7.296,9.627
7329,244.3,587.78,623.11,6.367,-6.559,9.141
7330,244.333,587.9,624.21,6.268,-5.576,8.389
7331,244.367,588.35,625.35,6.01,-4.559,7.544
7332,244.4,588.5,625.88,5.6,-3.252,6.476
7333,244.433,588.55,626.12,4.946,-0.933,5.033
7334,244.467,588.56,625.96,4.25,2.313,4.838
7335,244.5,589.0,625.82,3.601,4.993,6.156
7336,244.533,589.29,625.55,3.293,4.497,5.574
7337,244.567,589.3,625.82,3.194,3.273,4.573
7338,244.6,589.14,626.41,3.156,1.456,3.476
7339,244.633,589.23,626.45,3.273,-1.034,3.432
7340,244.667,589.17,626.48,3.129,-1.825,3.623
7341,244.7,589.33,626.33,2.39,1.024,2.6
7342,244.733,589.43,626.17,1.209,7.308,7.407
7343,244.767,589.75,625.9,-0.057,14.813,14.813
7344,244.8,589.62,625.41,-1.207,21.193,21.227
7345,244.833,589.56,625.21,-2.39,27.748,27.851
7346,244.867,589.51,625.48,-3.237,32.266,32.428
7347,244.9,589.61,625.66,-3.828,33.88,34.095
7348,244.933,589.82,625.01,-4.246,33.616,33.883
7349,244.967,589.74,626.77,-4.406,31.893,32.196
7350,245.0,589.48,630.39,-4.209,29.037,29.34
7351,245.033,588.93,636.38,-3.881,25.21,25.507
7352,245.067,588.55,638.24,-3.458,20.807,21.092
7353,245.1,588.12,640.11,-2.97,15.674,15.953
7354,245.133,587.51,642.84,-2.338,9.577,9.858
7355,245.167,587.3,642.16,-1.671,2.973,3.41
7356,245.2,587.7,638.1,-0.914,-4.084,4.185
7357,245.233,587.97,635.39,-0.148,-11.012,11.013
7358,245.267,588.07,633.28,0.656,-17.524,17.537
7359,245.3,588.35,632.44,1.271,-23.3,23.335
7360,245.333,589.0,628.58,1.808,-27.793,27.852
7361,245.367,589.05,627.95,2.189,-30.65,30.728
7362,245.4,588.84,629.28,2.409,-31.983,32.074
7363,245.433,588.97,629.45,2.302,-31.147,31.232
7364,245.467,589.06,629.2,1.712,-27.295,27.349
7365,245.5,589.0,628.9,0.887,-21.236,21.254
7366,245.533,588.83,628.6,-0.048,-14.095,14.096
7367,245.567,588.6,627.97,-0.811,-8.11,8.15
7368,245.6,588.58,627.42,-1.416,-2.473,2.85
7369,245.633,588.58,627.23,-1.804,1.848,2.583
7370,245.667,588.59,626.98,-1.702,3.156,3.586
7371,245.7,588.64,627.2,-1.274,2.605,2.9
7372,245.733,588.59,627.05,-0.855,1.5,1.727
7373,245.767,588.41,626.95,-0.358,-0.041,0.36
7374,245.8,588.26,627.08,0.33,-1.837,1.866
7375,245.833,588.19,627.21,1.123,-3.824,3.986
7376,245.867,588.21,627.25,1.677,-4.061,4.393
7377,245.9,588.23,627.95,2.111,-3.655,4.221
7378,245.933,588.45,628.2,2.396,-3.403,4.162
7379,245.967,588.89,628.39,2.478,-2.893,3.809
7380,246.0,589.11,628.28,2.508,-2.205,3.34
7381,246.033,589.29,627.66,2.432,-1.211,2.717
7382,246.067,589.27,626.78,2.309,-0.397,2.343
7383,246.1,589.22,625.73,2.172,0.555,2.241
7384,246.133,589.26,624.95,1.881,1.367,2.325
7385,246.167,589.12,625.01,1.467,1.619,2.185
7386,246.2,589.14,624.72,0.938,1.77,2.003
7387,246.233,589.33,625.67,0.335,1.506,1.543
7388,246.267,589.4,626.59,-0.431,1.336,1.404
7389,246.3,589.32,627.75,-1.384,1.258,1.87
7390,246.333,589.09,628.16,-2.442,1.175,2.71
7391,246.367,588.88,628.48,-3.56,1.289,3.786
7392,246.4,588.73,629.0,-4.644,1.62,4.918
7393,246.433,588.95,629.0,-5.525,1.686,5.776
7394,246.467,589.04,628.5,-6.183,1.935,6.478
7395,246.5,588.71,628.14,-6.644,2.148,6.983
7396,246.533,588.49,627.13,-6.867,2.484,7.303
7397,246.567,588.19,626.82,-6.793,3.011,7.431
7398,246.6,587.89,626.1,-6.421,3.975,7.552
7399,246.633,587.7,625.99,-5.64,5.644,7.979
7400,246.667,587.41,626.85,-4.62,8.115,9.338
7401,246.7,587.07,627.28,-3.314,11.0,11.488
7402,246.733,586.5,628.25,-1.923,14.544,14.671
7403,246.767,586.15,628.83,-0.702,18.116,18.13
7404,246.8,586.17,629.64,0.449,21.445,21.449
7405,246.833,586.33,630.74,1.466,24.003,24.048
7406,246.867,586.68,631.59,2.254,25.79,25.888
7407,246.9,587.11,632.58,2.86,26.67,26.823
7408,246.933,587.52,633.94,3.243,26.43,26.628
7409,246.967,587.88,634.55,3.25,24.943,25.154
7410,247.0,588.07,635.35,2.753,22.612,22.779
7411,247.033,588.28,635.8,2.054,20.095,20.2
7412,247.067,588.28,636.49,1.333,16.045,16.1
7413,247.1,588.36,637.08,0.574,11.237,11.251
7414,247.133,588.09,637.54,-0.334,6.916,6.925
7415,247.167,587.88,637.81,-1.406,3.572,3.839
7416,247.2,587.55,638.1,-2.571,1.284,2.873
7417,247.233,587.31,638.14,-3.732,0.4,3.754
7418,247.267,587.26,637.92,-4.741,0.725,4.796
7419,247.3,586.88,637.54,-5.324,2.109,5.726
7420,247.333,586.56,637.21,-5.57,2.298,6.026
7421,247.367,586.54,636.95,-5.513,2.16,5.921
7422,247.4,586.48,636.69,-4.984,1.935,5.347
7423,247.433,586.51,636.21,-4.325,1.725,4.656
7424,247.467,586.43,636.29,-3.646,1.316,3.877
7425,247.5,586.66,636.2,-2.945,0.987,3.106
7426,247.533,586.75,634.5,-2.222,0.619,2.306
7427,247.567,586.35,637.18,-1.519,0.147,1.526
7428,247.6,585.94,639.35,-0.84,-0.611,1.039
7429,247.633,585.8,640.65,-0.45,-1.581,1.644
7430,247.667,585.67,641.17,-0.186,-2.7,2.707
7431,247.7,585.63,640.57,0.094,-3.994,3.995
7432,247.733,585.69,639.11,0.509,-5.699,5.721
7433,247.767,586.1,636.58,0.953,-7.711,7.77
7434,247.8,586.18,633.59,1.313,-9.687,9.776
7435,247.833,586.34,635.19,1.822,-11.403,11.548
7436,247.867,586.6,635.36,2.244,-12.541,12.74
7437,247.9,586.24,635.49,2.505,-12.81,13.053
7438,247.933,586.29,635.32,2.422,-12.158,12.397
7439,247.967,586.47,635.02,2.241,-10.667,10.899
7440,248.0,586.52,634.65,2.54,-9.149,9.495
7441,248.033,586.56,634.14,2.429,-7.371,7.761
7442,248.067,586.44,634.01,1.742,-3.98,4.344
7443,248.1,586.32,634.04,0.206,-1.076,1.096
7444,248.133,586.55,633.94,-2.111,1.176,2.416
7445,248.167,586.82,633.69,-4.951,2.792,5.684
7446,248.2,586.75,633.59,-7.958,3.91,8.867
7447,248.233,586.45,634.02,-11.026,4.935,12.08
7448,248.267,586.19,634.73,-13.631,5.503,14.699
7449,248.3,585.82,635.35,-15.654,6.559,16.973
7450,248.333,585.11,636.05,-16.913,9.018,19.167
7451,248.367,584.8,636.37,-17.481,10.758,20.526
7452,248.4,584.32,636.01,-17.369,12.19,21.22
7453,248.433,584.29,635.34,-16.302,13.399,21.102
7454,248.467,583.62,634.95,-14.633,14.656,20.711
7455,248.5,581.27,636.02,-13.001,16.542,21.04
7456,248.533,579.8,637.34,-11.374,18.877,22.039
7457,248.567,578.44,638.36,-9.689,21.461,23.547
7458,248.6,578.34,639.6,-8.018,24.19,25.484
7459,248.633,578.92,640.64,-6.237,26.565,27.287
7460,248.667,579.59,641.44,-5.154,28.294,28.759
7461,248.7,580.27,641.71,-5.017,29.365,29.791
7462,248.733,581.42,641.37,-4.628,29.647,30.006
7463,248.767,581.98,642.57,-3.51,28.972,29.184
7464,248.8,582.04,643.71,-1.68,27.19,27.242
7465,248.833,581.94,644.72,1.152,24.212,24.24
7466,248.867,581.78,646.07,4.971,20.24,20.841
7467,248.9,581.22,647.69,9.108,15.458,17.942
7468,248.933,580.34,649.21,12.984,10.571,16.743
7469,248.967,579.47,650.4,16.317,6.217,17.462
7470,249.0,579.61,650.09,18.228,2.86,18.451
7471,249.033,579.88,649.55,19.706,-0.155,19.706
7472,249.067,580.06,649.04,20.206,-2.727,20.389
7473,249.1,580.66,647.77,20.027,-4.727,20.577
7474,249.133,581.17,646.7,18.91,-6.281,19.926
7475,249.167,583.42,645.98,17.075,-7.579,18.682
7476,249.2,587.02,645.39,14.455,-8.637,16.839
7477,249.233,589.03,645.13,11.56,-9.223,14.788
7478,249.267,590.19,644.91,8.263,-8.908,12.15
7479,249.3,590.95,644.81,4.461,-8.202,9.336
7480,249.333,590.37,645.21,0.411,-7.083,7.095
7481,249.367,588.98,645.36,-3.71,-5.58,6.701
7482,249.4,587.31,645.84,-7.761,-3.983,8.723
7483,249.433,585.85,646.16,-11.516,-2.807,11.853
7484,249.467,583.24,646.34,-14.798,-2.351,14.984
7485,249.5,582.19,646.07,-17.225,-2.862,17.461
7486,249.533,580.94,646.17,-18.179,-3.861,18.585
7487,249.567,580.85,645.78,-17.718,-4.891,18.381
7488,249.6,581.26,645.2,-15.576,-5.979,16.684
7489,249.633,582.15,644.34,-11.823,-6.811,13.644
7490,249.667,582.6,643.75,-6.684,-7.335,9.924
7491,249.7,583.54,643.3,-1.398,-7.563,7.691
7492,249.733,583.6,643.03,2.452,-7.652,8.036
7493,249.767,583.11,643.03,4.802,-7.773,9.137
7494,249.8,583.08,642.94,5.909,-7.954,9.908
7495,249.833,582.98,642.74,5.624,-7.956,9.744
7496,249.867,582.76,642.55,4.341,-7.999,9.101
7497,249.9,582.46,642.28,2.299,-8.057,8.379
7498,249.933,582.42,642.24,0.153,-8.3,8.301
7499,249.967,583.19,642.22,-2.116,-8.473,8.733
7500,250.0,584.45,642.33,-3.583,-8.606,9.322
7501,250.033,584.14,642.62,-4.445,-8.502,9.594
7502,250.067,583.95,642.11,-4.283,-8.46,9.482
7503,250.1,583.34,641.38,-3.373,-8.277,8.938
7504,250.133,582.27,640.74,-1.921,-8.007,8.234
7505,250.167,581.47,640.02,-0.61,-7.57,7.595
7506,250.2,580.98,639.13,0.947,-7.058,7.122
7507,250.233,581.22,638.63,2.357,-6.395,6.815
7508,250.267,582.03,638.45,3.758,-5.696,6.824
7509,250.3,582.36,638.69,5.338,-4.978,7.3
7510,250.333,582.61,638.68,6.87,-4.354,8.134
7511,250.367,582.93,638.77,8.39,-3.792,9.207
7512,250.4,583.72,639.16,9.852,-3.453,10.44
7513,250.433,583.89,639.69,11.211,-3.205,11.66
7514,250.467,584.36,639.7,12.342,-2.943,12.688
7515,250.5,584.97,639.65,12.736,-2.602,12.999
7516,250.533,585.37,639.4,11.778,-2.202,11.982
7517,250.567,585.72,639.11,10.056,-2.015,10.256
7518,250.6,585.87,638.55,7.445,-1.848,7.671
7519,250.633,585.87,638.14,4.606,-1.574,4.867
7520,250.667,586.6,637.93,1.802,-1.551,2.378
7521,250.7,586.68,637.88,-0.079,-1.488,1.49
7522,250.733,586.52,637.7,-0.629,-1.067,1.238
7523,250.767,586.38,637.68,-0.995,-0.615,1.169
7524,250.8,586.23,637.41,-1.23,-0.201,1.246
7525,250.833,585.98,637.37,-2.106,-0.414,2.146
7526,250.867,585.46,637.4,-3.47,-0.939,3.595
7527,250.9,584.94,637.94,-5.859,-1.941,6.172
7528,250.933,584.54,638.57,-9.656,-3.678,10.333
7529,250.967,584.13,638.88,-13.43,-6.027,14.721
7530,251.0,583.75,638.94,-16.791,-8.6,18.866
7531,251.033,583.65,638.57,-20.123,-11.384,23.12
7532,251.067,583.69,637.99,-22.38,-13.888,26.338
7533,251.1,584.19,637.31,-23.806,-16.194,28.792
7534,251.133,584.06,636.32,-23.627,-17.688,29.514
7535,251.167,584.43,635.96,-22.254,-18.463,28.916
7536,251.2,583.09,635.12,-20.259,-18.531,27.456
7537,251.233,580.21,633.76,-17.596,-18.035,25.197
7538,251.267,578.53,632.74,-14.37,-16.891,22.177
7539,251.3,575.75,631.54,-10.817,-15.166,18.628
7540,251.333,574.7,631.2,-7.3,-12.725,14.671
7541,251.367,573.66,630.6,-3.809,-9.794,10.508
7542,251.4,574.41,630.49,-0.319,-6.227,6.236
7543,251.433,576.78,630.99,3.147,-2.453,3.99
7544,251.467,577.99,631.39,6.437,1.23,6.553
7545,251.5,578.77,631.69,9.427,4.588,10.484
7546,251.533,580.88,632.37,12.076,7.314,14.119
7547,251.567,581.38,632.52,14.267,9.369,17.068
7548,251.6,582.51,633.18,15.81,10.604,19.037
7549,251.633,581.95,633.08,16.104,10.919,19.457
7550,251.667,581.9,633.21,15.002,10.497,18.31
7551,251.7,581.79,633.28,12.115,8.87,15.015
7552,251.733,581.58,633.52,8.17,6.307,10.321
7553,251.767,581.32,633.77,4.274,3.174,5.324
7554,251.8,581.09,633.98,0.447,-0.566,0.722
7555,251.833,581.32,634.12,-2.263,-4.49,5.029
7556,251.867,581.37,634.48,-4.119,-8.765,9.684
7557,251.9,581.42,634.25,-4.655,-12.923,13.736
7558,251.933,581.39,633.82,-4.573,-16.89,17.498
7559,251.967,581.38,633.02,-4.629,-20.804,21.312
7560,252.0,581.5,632.03,-4.497,-24.434,24.845
7561,252.033,581.56,631.05,-4.08,-27.611,27.911
7562,252.067,581.3,629.88,-4.193,-30.629,30.915
7563,252.1,580.8,628.71,-4.22,-33.078,33.346
7564,252.133,580.4,627.52,-4.608,-35.185,35.485
7565,252.167,580.41,626.07,-4.781,-36.396,36.709
7566,252.2,580.29,624.84,-5.05,-36.65,36.996
7567,252.233,580.2,623.44,-5.334,-35.901,36.295
7568,252.267,580.08,622.07,-5.517,-34.364,34.804
7569,252.3,579.73,621.01,-5.505,-32.249,32.715
7570,252.333,579.42,619.99,-5.297,-29.9,30.366
7571,252.367,579.17,619.21,-5.016,-27.353,27.81
7572,252.4,578.9,618.41,-4.568,-24.995,25.409
7573,252.433,579.03,617.67,-4.004,-22.725,23.075
7574,252.467,578.97,617.06,-3.481,-20.62,20.912
7575,252.5,578.93,616.37,-2.877,-18.522,18.744
7576,252.533,579.0,615.69,-2.642,-16.395,16.607
7577,252.567,579.03,615.51,-2.568,-14.215,14.445
7578,252.6,578.8,615.3,-2.482,-11.858,12.115
7579,252.633,578.36,615.32,-2.6,-9.458,9.809
7580,252.667,578.11,615.11,-3.199,-7.179,7.859
7581,252.7,578.14,614.68,-4.146,-4.873,6.398
7582,252.733,578.15,614.11,-5.142,-2.698,5.807
7583,252.767,578.12,613.61,-6.199,-0.334,6.208
7584,252.8,578.05,613.27,-6.976,2.292,7.343
7585,252.833,578.12,613.48,-6.785,5.282,8.598
7586,252.867,578.0,613.67,-5.876,8.598,10.415
7587,252.9,577.68,614.15,-4.594,11.873,12.731
7588,252.933,577.24,614.73,-3.167,14.876,15.209
7589,252.967,577.09,615.53,-1.987,17.574,17.686
7590,253.0,576.48,616.28,-0.763,19.767,19.782
7591,253.033,576.55,617.13,0.316,21.553,21.556
7592,253.067,576.1,617.85,1.298,22.922,22.959
7593,253.1,575.35,618.35,2.224,23.834,23.938
7594,253.133,575.36,618.97,2.947,24.185,24.364
7595,253.167,576.39,619.9,3.729,23.795,24.085
7596,253.2,577.31,620.88,4.526,22.647,23.095
7597,253.233,578.07,622.16,5.047,20.964,21.563
7598,253.267,579.18,623.08,5.303,18.803,19.537
7599,253.3,579.83,623.92,5.254,16.325,17.149
7600,253.333,579.03,624.11,4.884,13.691,14.537
7601,253.367,578.24,623.96,4.151,10.998,11.755
7602,253.4,577.79,623.96,3.11,8.311,8.874
7603,253.433,577.74,624.21,2.015,5.92,6.254
7604,253.467,578.15,624.33,1.099,3.924,4.075
7605,253.5,578.12,624.64,0.128,2.245,2.249
7606,253.533,578.42,624.81,-0.625,0.701,0.94
7607,253.567,578.43,625.05,-1.438,-0.849,1.67
7608,253.6,578.15,624.8,-2.131,-2.527,3.305
7609,253.633,578.32,624.53,-2.192,-4.026,4.584
7610,253.667,578.2,624.2,-1.766,-5.336,5.621
7611,253.7,577.97,623.99,-1.694,-6.093,6.324
7612,253.733,578.02,623.62,-1.636,-6.217,6.429
7613,253.767,578.02,623.56,-1.253,-5.659,5.796
7614,253.8,578.11,623.65,-0.774,-4.389,4.457
7615,253.833,578.29,623.89,-0.136,-2.652,2.655
7616,253.867,578.42,623.89,1.036,-0.435,1.123
7617,253.9,578.65,624.23,2.892,2.398,3.757
7618,253.933,578.61,624.02,5.154,5.424,7.482
7619,253.967,578.23,623.57,7.528,8.416,11.292
7620,254.0,578.07,623.0,9.817,11.269,14.945
7621,254.033,577.98,622.86,11.806,14.08,18.375
7622,254.067,578.02,623.08,13.051,16.855,21.317
7623,254.1,578.56,624.11,13.715,19.37,23.734
7624,254.133,579.02,625.37,13.793,21.658,25.677
7625,254.167,579.63,627.3,13.131,23.432,26.86
7626,254.2,581.43,628.71,11.921,24.442,27.194
7627,254.233,582.87,630.06,10.399,24.558,26.669
7628,254.267,583.63,630.75,8.457,23.99,25.437
7629,254.3,583.95,631.13,6.462,22.876,23.771
7630,254.333,583.74,631.42,4.332,21.45,21.883
7631,254.367,583.69,631.81,2.136,19.652,19.768
7632,254.4,583.2,631.9,-0.02,17.546,17.546
7633,254.433,582.82,632.54,-2.214,14.803,14.968
7634,254.467,582.42,633.28,-4.145,11.786,12.493
7635,254.5,581.47,634.24,-5.698,8.474,10.212
7636,254.533,580.91,634.52,-6.599,5.003,8.281
7637,254.567,580.76,634.37,-6.765,1.395,6.907
7638,254.6,580.41,633.9,-5.671,-2.156,6.067
7639,254.633,580.46,633.22,-3.688,-5.744,6.826
7640,254.667,580.59,632.73,-2.046,-9.277,9.5
7641,254.7,580.8,632.72,-0.714,-12.741,12.761
7642,254.733,580.94,633.03,-0.303,-15.713,15.716
7643,254.767,581.36,633.36,-0.877,-18.26,18.281
7644,254.8,581.26,633.33,-2.236,-20.17,20.294
7645,254.833,581.38,632.56,-4.117,-21.212,21.608
7646,254.867,581.4,631.41,-6.182,-21.374,22.25
7647,254.9,581.28,630.0,-8.384,-20.725,22.357
7648,254.933,581.29,628.64,-10.443,-19.255,21.904
7649,254.967,580.97,626.87,-12.325,-17.162,21.129
7650,255.0,581.02,625.58,-13.916,-14.838,20.342
7651,255.033,580.54,624.84,-14.817,-12.724,19.531
7652,255.067,579.94,624.65,-15.124,-10.985,18.692
7653,255.1,577.85,624.8,-14.852,-9.539,17.652
7654,255.133,575.27,625.3,-13.853,-8.314,16.156
7655,255.167,575.1,626.1,-12.237,-7.206,14.201
7656,255.2,575.1,626.51,-10.026,-6.188,11.781
7657,255.233,575.2,626.42,-7.409,-5.604,9.29
7658,255.267,575.5,626.25,-4.444,-5.908,7.392
7659,255.3,575.93,626.06,-1.498,-7.485,7.634
7660,255.333,576.28,625.57,1.411,-10.568,10.662
7661,255.367,576.6,624.99,4.033,-14.789,15.329
7662,255.4,576.8,624.23,6.142,-19.972,20.895
7663,255.433,576.98,623.51,7.808,-25.523,26.69
7664,255.467,577.21,622.24,8.805,-31.119,32.341
7665,255.5,577.36,620.99,9.102,-36.121,37.25
7666,255.533,577.53,619.59,8.689,-40.342,41.267
7667,255.567,577.92,618.48,7.3,-43.527,44.135
7668,255.6,578.17,617.22,5.064,-45.739,46.019
7669,255.633,578.45,615.86,2.986,-46.771,46.867
7670,255.667,578.59,614.39,1.599,-46.877,46.905
7671,255.7,578.5,612.48,0.117,-46.166,46.166
7672,255.733,578.43,610.41,-1.354,-44.821,44.842
7673,255.767,578.15,608.39,-2.762,-42.844,42.933
7674,255.8,577.88,606.56,-4.044,-40.642,40.843
7675,255.833,577.74,605.26,-5.155,-38.562,38.905
7676,255.867,577.56,603.99,-6.022,-36.648,37.139
7677,255.9,577.67,603.25,-6.475,-34.869,35.465
7678,255.933,577.49,602.29,-6.885,-33.173,33.88
7679,255.967,577.31,601.43,-7.016,-31.763,32.529
7680,256.0,577.25,600.66,-6.869,-30.475,31.24
7681,256.033,576.42,600.16,-6.396,-29.395,30.083
7682,256.067,576.32,599.53,-5.586,-28.44,28.983
7683,256.1,576.03,599.1,-4.575,-27.82,28.194
7684,256.133,575.49,598.18,-3.377,-27.297,27.505
7685,256.167,575.42,597.32,-2.047,-26.762,26.84
7686,256.2,575.55,595.87,-0.651,-26.074,26.082
7687,256.233,575.7,594.42,0.808,-25.108,25.121
7688,256.267,575.99,592.83,2.24,-23.809,23.914
7689,256.3,576.24,591.72,3.683,-22.121,22.426
7690,256.333,576.38,591.07,5.07,-20.576,21.192
7691,256.367,576.47,590.69,6.266,-20.698,21.625
7692,256.4,576.13,590.25,7.202,-20.249,21.492
7693,256.433,576.73,589.71,7.649,-19.722,21.154
7694,256.467,577.04,589.37,7.684,-17.541,19.15
7695,256.5,577.39,589.17,7.344,-13.54,15.403
7696,256.533,577.76,589.24,6.586,-8.548,10.791
7697,256.567,578.1,589.46,10.346,2.582,10.664
7698,256.6,578.4,590.0,11.338,12.19,16.648
7699,256.633,578.67,590.25,10.186,20.507,22.898
7700,256.667,578.77,590.28,7.405,28.076,29.036
7701,256.7,578.82,589.92,3.557,34.5,34.683
7702,256.733,578.84,589.58,-0.32,39.566,39.567
7703,256.767,578.82,589.38,-4.437,43.147,43.374
7704,256.8,578.73,589.27,-8.709,45.502,46.328
7705,256.833,578.66,590.77,-12.455,46.383,48.026
7706,256.867,578.64,596.92,-15.355,46.215,48.699
7707,256.9,578.74,600.29,-17.297,44.579,47.817
7708,256.933,578.97,605.43,-17.991,41.357,45.101
7709,256.967,579.34,608.19,-18.092,36.887,41.085
7710,257.0,579.73,610.29,-17.073,31.479,35.811
7711,257.033,580.17,613.91,-14.913,25.344,29.406
7712,257.067,568.29,602.89,-11.854,18.467,21.945
7713,257.1,569.06,604.69,-8.349,11.339,14.081
7714,257.133,570.01,605.53,-4.426,3.708,5.774
7715,257.167,571.72,604.95,-0.245,-3.741,3.749
7716,257.2,573.34,604.19,4.052,-10.035,10.822
7717,257.233,573.42,603.95,8.405,-14.531,16.787
7718,257.267,574.54,603.95,12.255,-16.485,20.541
7719,257.3,576.17,603.79,15.429,-15.713,22.022
7720,257.333,577.02,604.06,18.354,-11.335,21.572
7721,257.367,577.55,603.12,20.747,5.306,21.415
7722,257.4,578.04,602.75,22.316,16.395,27.691
7723,257.433,578.6,603.03,22.524,23.239,32.363
7724,257.467,579.85,603.38,21.38,24.946,32.854
7725,257.5,580.24,603.59,19.003,22.396,29.372
7726,257.533,580.16,603.95,14.792,15.824,21.661
7727,257.567,580.03,604.93,8.21,3.929,9.101
7728,257.6,580.45,605.59,6.617,-4.919,8.245
7729,257.633,580.6,607.37,5.378,-15.048,15.98
7730,257.667,580.62,609.14,4.768,-26.038,26.471
7731,257.7,580.61,610.03,4.154,-36.932,37.165
7732,257.733,580.24,610.86,2.983,-46.938,47.033
7733,257.767,580.72,610.98,2.15,-55.969,56.01
7734,257.8,581.53,611.42,1.2,-63.864,63.875
7735,257.833,581.24,610.58,-0.153,-70.388,70.389
7736,257.867,581.02,583.75,-1.438,-75.446,75.459
7737,257.9,580.93,583.33,-2.582,-77.996,78.039
7738,257.933,581.64,582.88,-3.421,-77.946,78.021
7739,257.967,581.98,582.26,-3.695,-75.526,75.616
7740,258.0,581.26,581.55,-3.7,-70.731,70.828
7741,258.033,580.92,580.8,-4.26,-63.729,63.871
7742,258.067,580.98,580.65,-4.85,-54.448,54.664
7743,258.1,580.52,580.17,-5.18,-43.661,43.967
7744,258.133,580.32,579.28,-5.676,-31.585,32.091
7745,258.167,579.33,578.7,-6.021,-19.354,20.269
7746,258.2,578.5,578.34,-6.187,-8.24,10.304
7747,258.233,578.6,577.6,-6.268,0.875,6.329
7748,258.267,578.57,577.1,-6.544,6.993,9.577
7749,258.3,578.84,576.82,-7.372,9.401,11.947
7750,258.333,579.19,577.03,-8.694,6.851,11.068
7751,258.367,579.2,577.34,-10.156,-1.085,10.214
7752,258.4,579.42,577.44,-11.299,0.513,11.311
7753,258.433,579.41,577.52,-11.283,1.956,11.452
7754,258.467,578.56,577.77,-11.051,3.175,11.498
7755,258.5,576.76,577.99,-10.549,4.083,11.311
7756,258.533,577.05,578.65,-9.242,4.728,10.382
7757,258.567,576.93,578.72,-7.419,5.206,9.064
7758,258.6,576.37,578.99,-5.265,5.104,7.333
7759,258.633,576.14,578.93,-3.162,4.789,5.739
7760,258.667,575.37,578.34,-1.299,4.501,4.685
7761,258.7,574.48,578.07,0.786,4.195,4.268
7762,258.733,573.68,578.33,3.14,3.914,5.018
7763,258.767,574.18,578.63,5.369,3.816,6.587
7764,258.8,575.24,579.0,7.441,3.781,8.346
7765,258.833,576.13,579.42,9.576,3.962,10.363
7766,258.867,577.91,579.77,11.206,4.201,11.967
7767,258.9,579.42,579.69,12.296,4.361,13.046
7768,258.933,579.13,579.68,12.079,4.591,12.922
7769,258.967,579.58,579.62,10.471,4.839,11.535
7770,259.0,579.77,579.8,8.199,5.078,9.644
7771,259.033,579.53,580.02,5.954,5.22,7.919
7772,259.067,579.26,580.22,2.973,5.068,5.876
7773,259.1,578.4,580.78,-0.21,4.858,4.863
7774,259.133,578.46,580.91,-3.255,4.56,5.603
7775,259.167,578.58,581.04,-6.212,4.227,7.514
7776,259.2,578.61,581.15,-8.618,4.113,9.549
7777,259.233,578.65,580.99,-10.105,4.01,10.872
7778,259.267,578.64,581.0,-10.292,3.989,11.038
7779,259.3,578.67,581.36,-9.638,4.235,10.527
7780,259.333,577.44,581.5,-8.502,4.626,9.679
7781,259.367,576.54,581.56,-6.862,4.99,8.484
7782,259.4,575.41,581.76,-5.25,5.306,7.465
7783,259.433,575.37,581.83,-4.305,5.585,7.052
7784,259.467,575.78,582.07,-3.337,5.668,6.578
7785,259.5,575.81,582.22,-2.435,5.623,6.128
7786,259.533,576.14,582.59,-1.507,5.525,5.727
7787,259.567,576.68,582.85,-0.793,5.714,5.769
7788,259.6,576.69,583.06,-0.241,5.916,5.921
7789,259.633,576.65,583.01,0.464,5.937,5.955
7790,259.667,576.71,583.04,0.945,5.905,5.98
7791,259.7,576.75,583.26,1.178,5.714,5.834
7792,259.733,576.8,584.06,1.18,5.294,5.424
7793,259.767,576.65,584.5,0.68,4.807,4.855
7794,259.8,576.53,584.42,-0.555,4.06,4.098
7795,259.833,576.53,584.28,-2.3,3.125,3.88
7796,259.867,576.4,584.17,-3.617,2.092,4.178
7797,259.9,575.86,583.86,-4.212,1.184,4.375
7798,259.933,576.1,583.81,-3.837,0.51,3.87
7799,259.967,576.5,584.17,-2.896,0.156,2.9
7800,260.0,576.28,584.73,-1.731,-0.082,1.733
7801,260.033,575.6,585.12,-0.502,-0.178,0.533
7802,260.067,575.59,584.65,0.837,-0.309,0.892
7803,260.1,575.52,584.57,2.372,-0.464,2.417
7804,260.133,575.56,584.32,3.885,-0.59,3.929
7805,260.167,575.68,583.98,5.315,-0.514,5.34
7806,260.2,575.69,583.74,6.572,-0.346,6.581
7807,260.233,575.6,583.63,7.615,-0.138,7.616
7808,260.267,576.01,583.57,8.321,-0.372,8.329
7809,260.3,577.18,584.05,8.749,-0.872,8.793
7810,260.333,578.1,584.27,8.928,-1.222,9.012
7811,260.367,578.66,584.65,8.785,-1.25,8.873
7812,260.4,578.65,584.82,8.359,-0.942,8.411
7813,260.433,578.65,584.63,7.882,-0.234,7.886
7814,260.467,578.59,584.3,7.042,0.51,7.061
7815,260.5,578.59,584.13,5.725,1.04,5.819
7816,260.533,579.26,583.98,4.281,1.173,4.438
7817,260.567,579.56,583.93,3.116,0.917,3.248
7818,260.6,579.01,583.92,2.04,0.743,2.171
7819,260.633,579.0,583.83,1.158,0.422,1.232
7820,260.667,579.04,583.65,0.413,-0.038,0.415
7821,260.7,579.04,583.73,-0.189,-0.612,0.64
7822,260.733,578.97,583.83,-0.507,-1.34,1.433
7823,260.767,579.01,584.37,-0.363,-2.129,2.16
7824,260.8,579.08,584.82,0.134,-2.742,2.745
7825,260.833,579.07,584.91,0.538,-3.35,3.393
7826,260.867,579.03,584.62,0.764,-3.777,3.853
7827,260.9,579.03,584.08,0.814,-4.291,4.367
7828,260.933,579.14,583.44,0.842,-4.828,4.9
7829,260.967,579.3,583.27,0.829,-5.402,5.465
7830,261.0,579.47,583.17,0.822,-6.055,6.111
7831,261.033,579.55,583.05,0.861,-6.576,6.632
7832,261.067,579.5,582.79,0.584,-7.101,7.125
7833,261.1,579.42,582.24,0.119,-7.303,7.304
7834,261.133,579.27,581.74,-0.092,-7.218,7.219
7835,261.167,579.26,581.4,-0.267,-6.82,6.825
7836,261.2,579.33,581.29,-0.407,-6.131,6.145
7837,261.233,579.4,581.54,-0.561,-5.359,5.388
7838,261.267,579.47,581.85,-0.695,-4.533,4.586
7839,261.3,579.42,581.91,-0.833,-3.777,3.868
7840,261.333,579.3,581.8,-0.987,-3.321,3.465
7841,261.367,579.15,581.35,-1.05,-2.869,3.055
7842,261.4,578.99,581.07,-0.957,-2.373,2.559
7843,261.433,578.94,580.59,-0.697,-1.797,1.928
7844,261.467,578.98,580.42,-0.319,-1.121,1.166
7845,261.5,579.1,580.72,0.077,-0.546,0.552
7846,261.533,579.2,580.68,0.428,-0.038,0.429
7847,261.567,579.32,581.15,0.729,0.243,0.768
7848,261.6,579.31,580.99,0.975,0.363,1.041
7849,261.633,579.25,580.82,1.36,0.51,1.453
7850,261.667,579.22,580.62,1.774,0.738,1.921
7851,261.7,579.13,580.59,2.003,1.092,2.282
7852,261.733,579.17,580.85,1.915,1.516,2.443
7853,261.767,579.3,581.25,1.398,1.932,2.385
7854,261.8,579.47,581.34,1.195,2.211,2.513
7855,261.833,579.69,581.73,0.785,2.144,2.283
7856,261.867,579.83,581.54,0.415,1.778,1.826
7857,261.9,579.91,581.34,0.531,1.338,1.439
7858,261.933,579.93,581.22,0.904,0.71,1.149
7859,261.967,579.89,581.26,1.667,0.219,1.681
7860,262.0,579.9,581.33,2.687,-0.142,2.691
7861,262.033,579.9,581.16,3.606,-0.335,3.621
7862,262.067,579.9,581.23,4.774,-0.555,4.806
7863,262.1,580.0,581.3,5.786,-0.978,5.868
7864,262.133,579.64,581.36,6.656,-1.167,6.758
7865,262.167,579.49,581.49,7.287,-1.041,7.361
7866,262.2,579.71,581.55,7.519,-0.642,7.547
7867,262.233,580.32,581.59,7.22,0.061,7.22
7868,262.267,581.51,581.29,6.624,0.803,6.673
7869,262.3,581.2,580.83,5.423,1.314,5.58
7870,262.333,582.11,580.8,3.844,1.482,4.12
7871,262.367,582.84,580.84,2.025,1.267,2.389
7872,262.4,582.66,580.87,0.114,0.988,0.995
7873,262.433,582.88,581.25,-1.797,0.73,1.939
7874,262.467,582.58,581.5,-3.558,0.446,3.586
7875,262.5,582.19,581.77,-5.07,0.28,5.078
7876,262.533,582.27,581.44,-6.171,0.419,6.185
7877,262.567,581.31,581.83,-7.015,0.802,7.061
7878,262.6,580.77,582.13,-7.163,1.147,7.254
7879,262.633,580.04,582.06,-7.013,1.19,7.113
7880,262.667,579.38,581.8,-5.971,0.876,6.035
7881,262.7,578.97,581.65,-4.526,0.173,4.53
7882,262.733,579.1,581.19,-2.943,-1.167,3.166
7883,262.767,578.82,580.81,-1.678,-2.776,3.244
7884,262.8,579.39,580.64,-1.06,-4.143,4.277
7885,262.833,579.83,580.99,0.18,-4.94,4.944
7886,262.867,580.18,581.19,0.985,-5.311,5.401
7887,262.9,580.46,581.32,1.106,-5.232,5.347
7888,262.933,580.78,581.41,1.191,-4.674,4.823
7889,262.967,581.0,581.7,0.849,-3.881,3.973
7890,263.0,581.22,581.56,0.602,-3.291,3.346
7891,263.033,581.1,580.71,0.464,-2.774,2.812
7892,263.067,581.37,579.9,0.344,-2.105,2.133
7893,263.1,580.64,579.2,0.769,-1.361,1.563
7894,263.133,580.45,578.96,1.331,-0.78,1.542
7895,263.167,579.31,578.9,1.928,-0.285,1.949
7896,263.2,578.96,578.98,2.556,-0.03,2.556
7897,263.233,578.91,579.99,3.279,-0.075,3.28
7898,263.267,579.64,580.72,4.339,-0.286,4.348
7899,263.3,580.54,581.01,6.078,-0.365,6.089
7900,263.333,580.18,581.01,7.796,-0.237,7.799
7901,263.367,580.66,580.98,9.504,-0.087,9.504
7902,263.4,581.66,580.79,10.614,0.053,10.615
7903,263.433,582.19,580.4,10.879,0.588,10.895
7904,263.467,583.19,579.87,10.362,0.963,10.407
7905,263.5,583.56,580.23,9.146,0.919,9.192
7906,263.533,583.94,580.26,7.232,0.374,7.241
7907,263.567,583.73,580.46,4.868,-0.265,4.876
7908,263.6,583.07,579.97,1.845,-0.732,1.985
7909,263.633,582.71,579.66,-1.255,-0.91,1.55
7910,263.667,582.85,579.27,-4.533,-0.616,4.575
7911,263.7,583.35,579.39,-7.206,0.428,7.218
7912,263.733,583.93,579.71,-9.284,1.804,9.457
7913,263.767,583.53,580.44,-10.705,3.029,11.125
7914,263.8,582.49,580.92,-11.765,3.924,12.402
7915,263.833,581.63,581.29,-12.629,4.568,13.429
7916,263.867,580.2,581.52,-12.716,5.162,13.724
7917,263.9,579.63,581.82,-12.295,5.52,13.477
7918,263.933,579.62,580.93,-11.718,5.725,13.041
7919,263.967,579.49,580.76,-10.87,5.958,12.396
7920,264.0,579.31,580.66,-10.069,6.371,11.915
7921,264.033,579.13,581.04,-9.21,6.727,11.405
7922,264.067,578.84,581.61,-8.394,7.272,11.106
7923,264.1,578.66,582.16,-7.52,7.793,10.829
7924,264.133,578.53,582.96,-6.344,8.862,10.899
7925,264.167,578.51,583.37,-5.014,10.25,11.41
7926,264.2,578.41,583.02,-3.935,11.654,12.3
7927,264.233,578.21,583.35,-3.527,12.776,13.254
7928,264.267,577.98,583.55,-4.0,13.7,14.272
7929,264.3,577.72,584.01,-4.873,13.821,14.655
7930,264.333,577.47,584.51,-5.682,13.418,14.572
7931,264.367,577.38,584.74,-6.319,12.478,13.986
7932,264.4,577.24,585.33,-6.227,10.283,12.022
7933,264.433,577.18,585.99,-5.667,8.576,10.279
7934,264.467,577.12,586.67,-5.123,8.578,9.991
7935,264.5,576.91,587.49,-4.679,9.922,10.97
7936,264.533,576.68,588.02,-4.41,12.304,13.071
7937,264.567,576.26,588.12,-4.301,14.077,14.72
7938,264.6,575.93,588.18,-4.431,14.215,14.89
7939,264.633,575.52,587.38,-4.702,11.497,12.421
7940,264.667,575.17,586.56,-5.021,4.713,6.886
7941,264.7,575.11,586.39,-5.181,-3.774,6.41
7942,264.733,575.43,586.5,-4.996,-12.868,13.804
7943,264.767,575.88,586.2,-4.221,-22.323,22.718
7944,264.8,576.16,586.69,-2.839,-31.449,31.577
7945,264.833,576.25,586.82,-0.909,-39.998,40.008
7946,264.867,576.16,587.04,1.309,-47.627,47.645
7947,264.9,575.69,589.44,3.67,-53.95,54.074
7948,264.933,575.02,588.22,5.831,-58.76,59.049
7949,264.967,574.68,584.59,7.624,-61.909,62.377
7950,265.0,574.54,579.43,8.905,-63.393,64.015
7951,265.033,574.68,572.8,9.666,-63.381,64.114
7952,265.067,574.94,567.39,9.858,-61.777,62.559
7953,265.1,575.83,562.98,9.622,-58.528,59.313
7954,265.133,576.86,561.33,8.951,-53.704,54.444
7955,265.167,578.08,563.81,8.138,-47.087,47.785
7956,265.2,579.03,563.72,7.134,-38.703,39.355
7957,265.233,579.74,563.55,5.938,-29.2,29.798
7958,265.267,579.85,563.58,4.36,-19.003,19.497
7959,265.3,579.62,563.45,2.42,-8.475,8.814
7960,265.333,579.08,563.54,0.111,1.526,1.53
7961,265.367,578.63,563.73,-2.334,10.546,10.802
7962,265.4,577.88,564.22,-5.163,18.304,19.018
7963,265.433,577.48,564.61,-7.751,20.586,21.997
7964,265.467,577.09,564.93,-9.652,17.278,19.791
7965,265.5,576.77,565.37,-10.601,9.826,14.454
7966,265.533,576.48,565.94,-10.529,1.428,10.625
7967,265.567,576.31,566.31,-9.155,-7.758,12.0
7968,265.6,576.14,566.65,-6.747,-14.14,15.667
7969,265.633,576.09,566.69,-3.887,-15.068,15.561
7970,265.667,575.73,566.67,-1.418,-10.076,10.175
7971,265.7,575.67,566.35,0.405,-3.364,3.389
7972,265.733,575.6,566.09,1.397,4.91,5.105
7973,265.767,575.71,565.41,1.578,14.395,14.482
7974,265.8,575.68,564.73,1.183,24.337,24.365
7975,265.833,575.84,563.63,0.636,31.433,31.44
7976,265.867,575.74,562.03,-0.004,37.157,37.157
7977,265.9,576.66,558.57,-0.737,41.333,41.34
7978,265.933,577.23,559.48,-1.351,43.918,43.939
7979,265.967,577.66,564.05,-1.993,44.973,45.017
7980,266.0,577.65,570.27,-2.634,44.533,44.611
7981,266.033,577.5,574.14,-3.181,42.768,42.886
7982,266.067,576.31,583.5,-3.591,39.653,39.815
7983,266.1,575.11,588.72,-3.909,35.303,35.519
7984,266.133,573.95,589.34,-4.066,29.615,29.893
7985,266.167,573.98,585.22,-4.049,22.832,23.188
7986,266.2,574.07,582.75,-3.671,15.316,15.749
7987,266.233,574.54,580.44,-3.099,7.446,8.065
7988,266.267,575.02,576.94,-2.345,-0.565,2.412
7989,266.3,575.5,572.66,-1.52,-8.091,8.232
7990,266.333,575.35,575.17,-0.647,-14.928,14.942
7991,266.367,575.35,575.11,0.233,-20.088,20.089
7992,266.4,575.28,575.46,1.301,-22.918,22.955
7993,266.433,575.2,575.74,1.995,-21.366,21.458
7994,266.467,575.25,576.09,2.285,-16.327,16.486
7995,266.5,575.39,576.61,2.046,-9.54,9.757
7996,266.533,575.41,576.82,1.372,-2.397,2.762
7997,266.567,575.42,576.93,0.243,5.601,5.606
7998,266.6,575.5,576.95,-0.778,10.253,10.283
7999,266.633,575.51,577.32,-1.381,11.886,11.966
8000,266.667,575.35,577.79,-1.329,11.201,11.28
8001,266.7,575.1,577.9,-1.059,10.309,10.363
8002,266.733,574.94,577.9,-0.569,8.661,8.68
8003,266.767,574.82,577.88,-0.092,6.312,6.313
8004,266.8,574.75,577.58,0.233,4.362,4.368
8005,266.833,574.92,577.75,0.31,4.26,4.271
8006,266.867,575.08,577.39,0.448,3.312,3.342
8007,266.9,575.18,577.78,0.577,2.834,2.892
8008,266.933,575.26,578.38,0.731,2.672,2.77
8009,266.967,575.31,578.8,0.882,2.811,2.946
8010,267.0,575.38,579.47,0.977,2.893,3.054
8011,267.033,575.42,579.97,0.94,2.646,2.808
8012,267.067,575.47,579.92,0.763,2.125,2.258
8013,267.1,575.55,579.99,0.475,1.591,1.661
8014,267.133,575.46,579.09,0.07,1.091,1.093
8015,267.167,575.37,578.57,-0.445,0.748,0.87
8016,267.2,575.32,578.06,-0.916,0.26,0.952
8017,267.233,575.24,577.86,-1.26,-0.245,1.284
8018,267.267,575.18,578.17,-1.447,-0.685,1.601
8019,267.3,575.22,578.8,-1.469,-1.172,1.88
8020,267.333,575.25,579.44,-1.277,-1.481,1.955
8021,267.367,575.16,579.87,-1.036,-1.779,2.059
8022,267.4,575.07,579.61,-1.019,-1.947,2.198
8023,267.433,574.94,579.11,-1.013,-2.138,2.366
8024,267.467,574.88,578.39,-0.911,-2.559,2.716
8025,267.5,574.83,578.12,-0.727,-3.041,3.126
8026,267.533,574.8,578.16,-0.462,-3.693,3.722
8027,267.567,574.91,578.48,-0.108,-4.685,4.687
8028,267.6,575.01,578.49,0.277,-5.749,5.756
8029,267.633,575.08,578.63,0.662,-7.099,7.13
8030,267.667,575.2,578.08,1.085,-8.204,8.276
8031,267.7,575.21,577.77,1.539,-9.217,9.344
8032,267.733,575.22,577.37,2.201,-9.568,9.818
8033,267.767,575.17,576.78,3.291,-9.116,9.691
8034,267.8,575.13,576.41,4.476,-8.267,9.401
8035,267.833,574.97,575.96,5.2,-7.32,8.979
8036,267.867,574.86,575.47,5.006,-6.373,8.104
8037,267.9,575.4,575.48,3.613,-5.75,6.791
8038,267.933,575.7,575.35,1.486,-5.48,5.677
8039,267.967,575.82,575.46,-0.845,-5.545,5.609
8040,268.0,575.97,575.35,-2.765,-5.356,6.028
8041,268.033,576.06,575.01,-4.179,-5.035,6.544
8042,268.067,576.09,574.87,-5.233,-4.652,7.002
8043,268.1,576.14,574.56,-6.239,-4.226,7.535
8044,268.133,576.1,574.54,-7.106,-3.603,7.967
8045,268.167,576.04,574.67,-8.082,-3.079,8.649
8046,268.2,575.94,575.36,-9.354,-2.844,9.776
8047,268.233,575.18,575.33,-10.794,-2.859,11.167
8048,268.267,573.41,574.77,-12.566,-3.313,12.995
8049,268.3,571.61,574.41,-15.715,-3.661,16.136
8050,268.333,570.43,573.99,-18.708,-3.906,19.112
8051,268.367,570.22,573.18,-19.775,-3.71,20.12
8052,268.4,571.32,572.71,-19.101,-2.893,19.318
8053,268.433,572.31,572.84,-17.27,-1.78,17.361
8054,268.467,572.86,573.57,-14.5,-0.789,14.521
8055,268.5,572.21,573.78,-10.889,-0.15,10.89
8056,268.533,571.12,574.1,-6.8,0.113,6.8
8057,268.567,570.01,574.37,-2.472,0.418,2.507
8058,268.6,569.23,574.2,1.846,0.513,1.916
8059,268.633,568.09,573.55,5.89,0.88,5.955
8060,268.667,567.4,572.88,9.477,1.408,9.581
8061,268.7,567.17,573.17,12.339,2.226,12.538
8062,268.733,567.06,573.31,14.266,4.702,15.021
8063,268.767,567.79,574.25,15.396,7.305,17.041
8064,268.8,572.33,574.63,16.245,8.546,18.356
8065,268.833,575.49,575.0,17.108,8.228,18.984
8066,268.867,575.53,574.8,18.021,6.687,19.222
8067,268.9,575.56,574.09,18.721,4.676,19.296
8068,268.933,575.63,573.18,18.5,-1.073,18.531
8069,268.967,575.76,573.04,17.086,-9.506,19.552
8070,269.0,575.68,573.13,14.469,-20.414,25.022
8071,269.033,575.73,573.58,11.18,-32.419,34.293
8072,269.067,575.76,573.58,7.569,-44.165,44.809
8073,269.1,575.82,574.09,3.93,-55.149,55.289
8074,269.133,575.87,573.87,0.477,-64.253,64.255
8075,269.167,575.81,573.47,-2.218,-69.715,69.75
8076,269.2,575.78,572.19,-3.935,-71.899,72.006
8077,269.233,575.69,565.32,-4.545,-71.191,71.336
8078,269.267,575.61,559.54,-3.747,-67.451,67.555
8079,269.3,575.65,556.18,-1.719,-60.772,60.797
8080,269.333,575.74,552.81,-0.671,-51.197,51.202
8081,269.367,575.79,548.48,-0.753,-39.292,39.3
8082,269.4,575.76,542.39,-0.803,-25.454,25.467
8083,269.433,575.64,544.07,-0.783,-10.217,10.247
8084,269.467,575.61,545.82,-0.723,6.028,6.071
8085,269.5,575.52,549.18,-0.71,22.224,22.235
8086,269.533,575.42,552.84,-0.66,37.474,37.48
8087,269.567,575.43,555.74,-0.632,50.72,50.724
8088,269.6,575.52,559.4,-0.597,61.328,61.331
8089,269.633,575.53,562.75,-0.559,68.457,68.46
8090,269.667,575.52,563.69,-0.178,71.726,71.727
8091,269.7,575.49,565.93,0.355,70.629,70.63
8092,269.733,575.49,568.53,0.561,65.061,65.064
8093,269.767,575.42,571.11,0.726,58.111,58.116
8094,269.8,575.37,572.49,0.69,50.144,50.148
8095,269.833,575.39,573.17,0.11,40.813,40.814
8096,269.867,575.46,573.43,-0.628,30.896,30.902
8097,269.9,575.47,573.41,-1.569,21.86,21.916
8098,269.933,575.42,573.56,-2.396,16.191,16.367
8099,269.967,575.36,573.52,-3.56,11.584,12.119
8100,270.0,575.36,573.59,-4.534,8.322,9.477
8101,270.033,575.4,573.82,-5.146,6.038,7.933
8102,270.067,575.49,574.34,-5.391,4.453,6.992
8103,270.1,575.53,575.21,-5.27,3.657,6.415
8104,270.133,575.53,575.81,-4.501,3.108,5.47
8105,270.167,574.54,576.32,-4.123,2.349,4.746
8106,270.2,573.64,576.58,-3.495,2.405,4.243
8107,270.233,573.61,576.64,-2.878,2.744,3.977
8108,270.267,573.04,576.19,-2.418,2.818,3.713
8109,270.3,572.8,575.93,-2.29,2.36,3.288
8110,270.333,573.44,575.73,-1.894,1.647,2.51
8111,270.367,573.47,575.55,-1.341,0.824,1.574
8112,270.4,573.76,575.61,-0.971,0.122,0.978
8113,270.433,573.53,575.96,-0.387,-0.391,0.55
8114,270.467,574.63,576.11,0.321,-0.9,0.955
8115,270.5,574.9,576.48,1.089,-1.283,1.682
8116,270.533,574.89,576.34,1.801,-1.611,2.416
8117,270.567,574.86,576.07,2.499,-2.55,3.571
8118,270.6,574.63,575.93,2.892,-2.434,3.78
8119,270.633,573.26,575.58,2.705,-0.065,2.706
8120,270.667,574.0,575.66,2.108,2.777,3.487
8121,270.7,573.49,575.82,1.785,4.401,4.749
8122,270.733,573.41,575.78,2.046,3.231,3.825
8123,270.767,573.69,575.98,2.4,0.653,2.487
8124,270.8,574.73,575.95,3.103,-2.549,4.016
8125,270.833,574.7,575.78,4.127,-6.357,7.579
8126,270.867,574.73,575.6,4.648,-7.748,9.036
8127,270.9,575.49,575.12,5.043,-7.883,9.358
8128,270.933,575.46,574.7,5.645,-10.556,11.971
8129,270.967,575.51,574.56,6.629,-15.389,16.756
8130,271.0,575.6,574.57,7.239,-21.757,22.93
8131,271.033,575.76,574.94,7.363,-27.282,28.258
8132,271.067,575.57,577.41,7.024,-30.95,31.737
8133,271.1,575.73,576.32,6.161,-32.315,32.898
8134,271.133,576.49,570.35,4.868,-31.428,31.803
8135,271.167,577.0,565.79,4.116,-30.007,30.288
8136,271.2,577.21,563.64,3.357,-30.904,31.086
8137,271.233,576.93,565.65,3.065,-33.292,33.432
8138,271.267,576.83,566.16,3.116,-36.578,36.711
8139,271.3,576.77,566.37,3.247,-39.998,40.129
8140,271.333,576.58,567.29,2.933,-42.416,42.518
8141,271.367,577.3,561.04,2.452,-42.66,42.73
8142,271.4,578.01,555.03,1.771,-39.61,39.65
8143,271.433,577.7,556.89,0.426,-32.409,32.412
8144,271.467,577.29,559.79,-1.022,-22.888,22.91
8145,271.5,576.66,563.91,-2.507,-11.993,12.253
8146,271.533,576.55,564.02,-3.926,-0.507,3.959
8147,271.567,576.59,562.14,-5.273,10.512,11.76
8148,271.6,576.84,558.31,-6.117,18.167,19.17
8149,271.633,577.36,552.6,-6.807,25.641,26.529
8150,271.667,577.57,549.34,-7.506,34.236,35.049
8151,271.7,576.96,552.64,-8.148,43.036,43.801
8152,271.733,576.37,556.49,-8.615,50.773,51.499
8153,271.767,575.62,561.7,-8.619,54.891,55.563
8154,271.8,574.96,567.42,-8.167,55.422,56.021
8155,271.833,574.29,572.81,-7.341,52.165,52.679
8156,271.867,573.91,576.9,-5.998,44.775,45.174
8157,271.9,573.74,578.37,-4.995,39.684,39.997
8158,271.933,573.98,576.54,-4.368,37.092,37.348
8159,271.967,573.99,576.47,-3.729,33.859,34.064
8160,272.0,574.03,576.59,-3.001,28.998,29.153
8161,272.033,574.05,576.61,-1.888,20.254,20.342
8162,272.067,574.17,576.76,-0.804,11.001,11.03
8163,272.1,573.93,579.05,0.013,3.0,3.0
8164,272.133,574.3,575.62,0.338,-1.34,1.382
8165,272.167,574.48,572.95,0.224,-2.406,2.416
8166,272.2,574.6,571.44,-0.119,-1.095,1.101
8167,272.233,574.64,570.96,-0.227,-0.694,0.73
8168,272.267,574.55,571.54,0.011,-1.931,1.931
8169,272.3,574.29,573.17,0.698,-5.648,5.691
8170,272.333,574.09,576.01,1.472,-9.494,9.608
8171,272.367,573.64,579.49,2.19,-12.737,12.924
8172,272.4,573.91,577.62,2.637,-14.238,14.481
8173,272.433,573.94,577.48,3.018,-15.106,15.404
8174,272.467,573.97,577.37,3.115,-14.026,14.368
8175,272.5,573.99,577.44,3.072,-11.81,12.203
8176,272.533,573.71,580.11,2.941,-8.861,9.336
8177,272.567,573.85,578.85,2.762,-5.601,6.245
8178,272.6,574.49,575.05,2.477,-2.464,3.494
8179,272.633,575.6,567.2,2.319,-1.107,2.57
8180,272.667,576.33,562.98,2.0,1.096,2.281
8181,272.7,576.63,561.43,1.545,4.222,4.496
8182,272.733,576.5,563.06,0.886,8.029,8.078
8183,272.767,575.84,568.11,0.101,12.545,12.546
8184,272.8,574.77,576.53,-0.723,17.423,17.438
8185,272.833,574.17,580.83,-1.42,22.027,22.073
8186,272.867,574.01,582.69,-1.98,25.074,25.152
8187,272.9,574.36,580.45,-2.154,25.253,25.345
8188,272.933,574.36,580.47,-2.191,25.013,25.109
8189,272.967,574.5,580.37,-1.878,23.359,23.434
8190,273.0,574.63,579.91,-1.178,20.295,20.329
8191,273.033,574.67,579.27,0.179,15.831,15.832
8192,273.067,574.69,578.82,2.102,8.308,8.57
8193,273.1,574.73,578.44,3.489,-0.776,3.574
8194,273.133,574.72,578.17,4.01,-10.087,10.855
8195,273.167,574.69,577.75,3.291,-16.309,16.637
8196,273.2,574.69,577.57,1.259,-19.048,19.09
8197,273.233,574.85,577.82,-2.16,-18.552,18.677
8198,273.267,574.93,577.7,-6.491,-15.258,16.581
8199,273.3,574.99,577.33,-10.808,-11.008,15.426
8200,273.333,574.94,576.69,-14.409,-8.548,16.754
8201,273.367,574.93,576.31,-17.696,-7.279,19.135
8202,273.4,574.82,576.33,-20.157,-6.744,21.255
8203,273.433,574.54,575.8,-22.166,-5.389,22.811
8204,273.467,573.81,575.88,-23.356,-4.243,23.738
8205,273.5,572.68,575.91,-23.62,-3.265,23.845
8206,273.533,570.34,575.56,-22.628,-2.109,22.727
8207,273.567,567.75,575.03,-20.49,-0.896,20.51
8208,273.6,566.79,574.39,-17.019,0.395,17.024
8209,273.633,566.08,574.51,-13.182,1.744,13.297
8210,273.667,565.57,575.08,-8.815,3.102,9.345
8211,273.7,565.51,575.25,-4.037,4.343,5.93
8212,273.733,566.41,576.19,1.056,5.282,5.387
8213,273.767,567.5,576.44,5.951,5.806,8.314
8214,273.8,567.91,576.77,10.237,5.887,11.809
8215,273.833,567.94,576.96,13.891,5.437,14.917
8216,273.867,569.23,576.99,16.797,4.732,17.451
8217,273.9,569.75,576.58,18.644,3.757,19.019
8218,273.933,570.91,576.66,19.244,2.423,19.396
8219,273.967,571.99,577.04,18.366,1.099,18.399
8220,274.0,572.94,577.33,16.146,-0.515,16.154
8221,274.033,573.08,577.06,12.917,-2.195,13.102
8222,274.067,573.14,577.15,9.888,-3.744,10.573
8223,274.1,572.2,577.03,7.321,-4.961,8.844
8224,274.133,572.79,576.75,4.64,-5.525,7.215
8225,274.167,572.84,576.25,1.888,-5.604,5.913
8226,274.2,572.74,576.04,-0.389,-5.193,5.208
8227,274.233,572.24,575.97,-2.301,-4.384,4.951
8228,274.267,572.05,575.47,-4.335,-3.702,5.701
8229,274.3,572.35,575.08,-6.308,-2.809,6.905
8230,274.333,572.3,575.14,-7.165,-1.865,7.404
8231,274.367,572.06,575.16,-7.39,-1.021,7.46
8232,274.4,571.89,575.26,-7.403,-0.11,7.404
8233,274.433,571.68,575.35,-7.478,1.059,7.553
8234,274.467,571.75,575.41,-8.559,2.454,8.904
8235,274.5,571.83,575.76,-8.461,3.609,9.198
8236,274.533,571.68,575.8,-8.086,4.309,9.163
8237,274.567,570.46,575.97,-6.982,4.788,8.466
8238,274.6,569.72,576.29,-5.36,4.697,7.127
8239,274.633,569.49,576.58,-2.833,4.081,4.968
8240,274.667,569.77,576.82,-0.269,3.144,3.156
8241,274.7,569.49,576.47,2.341,2.048,3.11
8242,274.733,569.66,576.52,4.929,0.812,4.996
8243,274.767,570.47,576.75,7.681,-1.237,7.78
8244,274.8,570.99,576.65,9.858,-1.411,9.959
8245,274.833,569.81,576.58,11.64,-0.719,11.662
8246,274.867,570.04,576.79,13.25,-0.195,13.251
8247,274.9,570.0,576.71,14.535,-0.341,14.539
8248,274.933,571.51,576.61,15.326,-1.531,15.402
8249,274.967,575.41,575.92,15.659,-3.667,16.083
8250,275.0,574.85,575.49,15.382,-6.625,16.748
8251,275.033,575.48,575.25,14.499,-10.278,17.773
8252,275.067,575.43,574.9,12.875,-11.822,17.48
8253,275.1,575.4,574.89,11.397,-12.641,17.021
8254,275.133,575.36,575.05,9.9,-12.765,16.154
8255,275.167,575.34,575.07,8.006,-12.283,14.662
8256,275.2,575.33,575.22,5.699,-11.35,12.701
8257,275.233,575.25,575.3,3.384,-10.476,11.009
8258,275.267,574.93,577.24,0.673,-7.642,7.672
8259,275.3,575.97,573.65,-2.554,-4.255,4.962
8260,275.333,576.13,570.86,-6.154,-1.189,6.268
8261,275.367,575.77,569.18,-8.323,0.939,8.376
8262,275.4,575.62,568.56,-9.073,1.766,9.244
8263,275.433,575.62,569.2,-8.011,1.248,8.108
8264,275.467,575.5,570.64,-6.412,-0.514,6.433
8265,275.5,575.26,573.15,-6.117,-2.965,6.798
8266,275.533,574.68,576.63,-5.428,-3.47,6.442
8267,275.567,574.4,574.66,-4.557,-3.509,5.751
8268,275.6,573.42,574.87,-4.137,-3.073,5.153
8269,275.633,572.59,574.8,-3.829,-2.361,4.499
8270,275.667,572.43,574.57,-3.579,-1.628,3.932
8271,275.7,572.09,574.32,-3.373,-0.923,3.497
8272,275.733,571.78,575.9,-3.31,-0.418,3.336
8273,275.767,572.48,572.18,-3.225,-0.209,3.231
8274,275.8,573.42,569.53,-3.203,-1.599,3.58
8275,275.833,574.97,568.16,-4.082,-2.193,4.633
8276,275.867,575.34,567.98,-5.343,-1.542,5.561
8277,275.9,574.77,568.6,-6.829,0.432,6.843
8278,275.933,573.47,570.3,-8.097,3.346,8.761
8279,275.967,572.88,572.9,-8.552,5.836,10.354
8280,276.0,572.48,576.43,-8.717,9.83,13.139
8281,276.033,572.08,574.37,-8.531,13.347,15.84
8282,276.067,570.6,574.56,-7.665,14.482,16.385
8283,276.1,570.86,574.76,-6.407,15.001,16.312
8284,276.133,570.6,574.91,-4.466,13.777,14.483
8285,276.167,570.26,575.16,-1.876,10.753,10.915
8286,276.2,569.89,575.36,0.921,5.937,6.008
8287,276.233,569.79,575.43,4.01,-0.204,4.015
8288,276.267,569.49,575.3,7.309,-5.908,9.398
8289,276.3,569.89,575.0,10.503,-9.96,14.475
8290,276.333,571.0,575.12,13.175,-12.047,17.852
8291,276.367,572.06,574.86,14.52,-12.338,19.054
8292,276.4,573.9,574.27,14.864,-11.911,19.048
8293,276.433,575.15,574.05,14.361,-9.682,17.319
8294,276.467,574.84,576.25,13.141,-4.962,14.047
8295,276.5,575.38,573.02,11.483,-0.391,11.489
8296,276.533,575.77,570.74,9.62,1.428,9.725
8297,276.567,575.58,569.29,7.28,1.984,7.545
8298,276.6,575.39,568.88,5.365,0.492,5.387
8299,276.633,575.14,569.36,3.596,-2.751,4.528
8300,276.667,574.86,570.92,2.051,-7.2,7.486
8301,276.7,574.86,573.86,0.794,-10.239,10.27
8302,276.733,574.86,577.4,-0.262,-10.822,10.826
8303,276.767,575.15,574.92,-1.051,-10.597,10.649
8304,276.8,574.94,574.67,-1.285,-10.196,10.276
8305,276.833,574.76,574.03,-1.003,-9.47,9.523
8306,276.867,574.8,573.39,-0.47,-8.637,8.65
8307,276.9,574.54,574.83,0.284,-7.459,7.465
8308,276.933,574.59,573.51,0.659,-5.782,5.819
8309,276.967,575.61,567.77,0.628,-3.911,3.961
8310,277.0,575.96,563.86,0.832,-3.381,3.482
8311,277.033,575.7,562.36,0.806,-1.844,2.013
8312,277.067,576.16,563.6,0.482,0.527,0.714
8313,277.1,576.38,566.34,0.104,4.002,4.003
8314,277.133,575.67,570.43,-0.286,8.202,8.207
8315,277.167,575.11,575.68,-0.624,12.56,12.576
8316,277.2,574.55,576.28,-0.853,16.411,16.434
8317,277.233,574.55,573.5,-1.011,18.583,18.61
8318,277.267,574.65,572.99,-1.066,18.107,18.138
8319,277.3,574.94,573.7,-1.216,17.417,17.459
8320,277.333,575.12,574.31,-1.222,15.723,15.771
8321,277.367,575.24,574.84,-1.046,13.199,13.24
8322,277.4,575.26,574.98,-0.735,9.9,9.927
8323,277.433,575.26,574.84,-0.15,4.444,4.446
8324,277.467,575.21,574.66,0.61,-1.875,1.972
8325,277.5,575.13,574.19,0.991,-6.087,6.167
8326,277.533,575.11,573.79,1.117,-7.742,7.822
8327,277.567,575.14,573.89,1.197,-7.03,7.131
8328,277.6,575.16,573.41,0.941,-4.944,5.033
8329,277.633,575.16,573.1,0.364,-2.169,2.199
8330,277.667,575.18,573.24,-0.14,0.209,0.251
8331,277.7,575.28,573.46,-0.532,0.58,0.787
8332,277.733,575.28,573.81,-0.86,0.323,0.918
8333,277.767,575.22,573.77,-1.265,0.517,1.367
8334,277.8,575.21,574.0,-1.928,2.03,2.8
8335,277.833,575.18,574.06,-2.85,4.721,5.515
8336,277.867,575.14,574.07,-3.597,8.854,9.557
8337,277.9,575.03,574.0,-3.48,11.908,12.406
8338,277.933,574.99,574.37,-2.668,12.515,12.796
8339,277.967,574.96,574.59,-1.261,9.943,10.022
8340,278.0,574.89,574.69,0.893,3.963,4.063
8341,278.033,574.87,574.76,3.622,-4.899,6.093
8342,278.067,574.98,574.82,6.492,-13.533,15.01
8343,278.1,574.91,575.2,9.228,-20.486,22.469
8344,278.133,574.73,575.34,11.46,-24.031,26.624
8345,278.167,574.67,575.17,13.315,-25.721,28.963
8346,278.2,574.65,574.97,14.914,-25.767,29.772
8347,278.233,575.17,574.81,15.896,-24.493,29.199
8348,278.267,575.9,576.52,16.115,-22.153,27.395
8349,278.3,577.43,574.9,15.987,-18.85,24.716
8350,278.333,579.39,570.98,15.507,-14.897,21.503
8351,278.367,581.04,563.81,14.574,-10.479,17.95
8352,278.4,581.28,559.64,13.211,-5.607,14.352
8353,278.433,581.62,558.21,11.574,-0.355,11.579
8354,278.467,581.86,559.73,9.654,4.945,10.847
8355,278.5,581.37,564.31,7.542,10.08,12.589
8356,278.533,580.62,571.8,5.347,14.888,15.819
8357,278.567,580.19,575.75,3.278,19.354,19.63
8358,278.6,579.91,577.18,1.27,23.16,23.195
8359,278.633,580.27,574.92,-0.532,25.891,25.897
8360,278.667,580.37,575.01,-1.921,27.431,27.498
8361,278.7,580.0,574.8,-2.494,27.541,27.654
8362,278.733,580.15,574.74,-2.108,26.059,26.145
8363,278.767,580.84,574.59,-1.351,22.837,22.877
8364,278.8,580.81,574.62,0.033,16.56,16.56
8365,278.833,580.67,574.71,1.233,8.753,8.839
8366,278.867,580.76,575.08,1.748,0.792,1.919
8367,278.9,580.89,575.3,1.621,-4.311,4.606
8368,278.933,580.91,575.51,0.866,-6.393,6.451
8369,278.967,581.0,575.57,-0.279,-5.896,5.902
8370,279.0,581.09,575.75,-1.739,-3.521,3.927
8371,279.033,581.19,575.97,-2.72,-0.812,2.839
8372,279.067,580.99,575.76,-3.017,-0.136,3.02
8373,279.1,580.92,575.68,-2.729,-1.01,2.91
8374,279.133,580.99,575.55,-2.035,-2.932,3.569
8375,279.167,581.13,575.2,-1.139,-3.858,4.023
8376,279.2,580.63,575.13,0.472,-4.662,4.685
8377,279.233,579.9,575.1,2.809,-5.273,5.974
8378,279.267,580.09,575.01,6.06,-5.604,8.254
8379,279.3,579.62,574.97,9.021,-5.661,10.65
8380,279.333,579.87,574.44,11.634,-5.221,12.752
8381,279.367,580.38,574.25,13.527,-4.427,14.233
8382,279.4,580.48,573.75,14.461,-3.467,14.871
8383,279.433,581.84,573.26,14.508,-2.239,14.68
8384,279.467,582.94,573.48,13.1,-0.91,13.131
8385,279.5,584.15,573.65,11.07,0.441,11.079
8386,279.533,584.53,573.79,9.419,1.617,9.557
8387,279.567,584.88,573.88,8.024,2.375,8.369
8388,279.6,585.31,574.02,6.623,3.072,7.301
8389,279.633,586.2,574.42,5.235,3.526,6.312
8390,279.667,586.97,574.43,3.533,3.759,5.159
8391,279.7,586.55,574.47,0.637,3.963,4.014
8392,279.733,586.15,574.79,-1.615,4.077,4.386
8393,279.767,584.06,574.96,-2.7,4.029,4.85
8394,279.8,582.89,575.43,-3.469,3.842,5.176
8395,279.833,581.88,575.35,-5.168,3.219,6.089
8396,279.867,581.63,575.43,-7.172,2.495,7.594
8397,279.9,581.86,575.51,-7.752,1.561,7.908
8398,279.933,582.12,575.24,-6.616,0.688,6.652
8399,279.967,584.43,575.04,-5.045,0.218,5.05
8400,280.0,585.81,574.9,-3.791,-0.046,3.792
8401,280.033,585.09,574.88,-2.675,-0.029,2.675
8402,280.067,584.06,575.22,-2.339,0.237,2.351
8403,280.1,583.54,575.17,-2.121,0.544,2.189
8404,280.133,582.66,575.35,-2.057,1.162,2.363
8405,280.167,582.18,575.55,-1.669,1.793,2.449
8406,280.2,583.97,575.61,-1.176,2.453,2.72
8407,280.233,582.99,575.49,-1.403,3.057,3.363
8408,280.267,580.93,575.33,-3.037,3.273,4.465
8409,280.3,579.42,575.03,-4.822,3.068,5.715
8410,280.333,582.1,575.24,-6.687,2.207,7.042
8411,280.367,584.53,575.45,-8.227,1.084,8.298
8412,280.4,583.49,575.84,-9.419,-0.031,9.419
8413,280.433,581.62,576.36,-10.301,-1.118,10.361
8414,280.467,580.41,576.54,-10.787,-2.023,10.975
8415,280.5,580.55,576.56,-11.995,-2.673,12.289
8416,280.533,579.76,576.33,-13.886,-3.075,14.223
8417,280.567,581.11,576.01,-15.632,-3.291,15.974
8418,280.6,581.43,576.13,-16.867,-3.275,17.182
8419,280.633,581.7,575.5,-17.63,-2.928,17.871
8420,280.667,579.64,574.88,-17.617,-2.492,17.792
8421,280.7,576.39,574.35,-16.868,-2.131,17.002
8422,280.733,574.9,573.87,-16.689,-2.039,16.813
8423,280.767,574.9,573.79,-15.933,-1.912,16.047
8424,280.8,574.83,574.02,-13.824,-1.637,13.921
8425,280.833,574.88,574.64,-10.322,-1.0,10.37
8426,280.867,574.89,575.26,-7.534,0.02,7.534
8427,280.9,574.87,575.33,-6.132,0.913,6.199
8428,280.933,574.89,575.33,-4.864,1.364,5.052
8429,280.967,574.97,575.4,-3.151,1.115,3.343
8430,281.0,575.0,575.4,-1.092,0.237,1.118
8431,281.033,575.03,575.44,0.689,-0.837,1.084
8432,281.067,575.19,575.62,2.573,-1.838,3.162
8433,281.1,575.31,575.24,3.334,-2.617,4.238
8434,281.133,575.33,574.77,3.118,-3.34,4.569
8435,281.167,575.34,574.39,1.638,-3.968,4.293
8436,281.2,575.3,574.15,0.019,-4.287,4.287
8437,281.233,575.27,574.5,-0.671,-4.103,4.158
8438,281.267,575.13,574.54,-0.739,-3.47,3.547
8439,281.3,574.96,574.48,-0.74,-2.252,2.371
8440,281.333,574.95,574.21,-0.63,-0.787,1.008
8441,281.367,574.81,573.16,-0.477,0.625,0.787
8442,281.4,574.79,572.88,-0.257,1.717,1.737
8443,281.433,574.84,573.04,0.029,2.64,2.64
8444,281.467,574.85,573.67,0.32,3.347,3.362
8445,281.5,574.88,574.69,0.57,3.837,3.879
8446,281.533,574.91,575.17,0.761,3.972,4.044
8447,281.567,574.98,575.38,0.877,3.875,3.974
8448,281.6,575.09,575.36,0.817,3.189,3.292
8449,281.633,575.14,575.04,0.593,2.485,2.555
8450,281.667,575.26,575.36,0.333,1.899,1.928
8451,281.7,575.34,575.52,0.067,1.601,1.602
8452,281.733,575.36,575.39,-0.209,1.362,1.378
8453,281.767,575.32,575.55,-0.498,0.898,1.027
8454,281.8,575.29,575.11,-0.745,0.044,0.747
8455,281.833,575.21,574.89,-0.921,-1.193,1.507
8456,281.867,575.13,574.63,-1.078,-2.463,2.689
8457,281.9,574.98,574.55,-1.124,-3.041,3.242
8458,281.933,574.82,574.48,-1.037,-3.07,3.24
8459,281.967,574.71,574.52,-0.866,-2.693,2.829
8460,282.0,574.61,574.44,-0.639,-1.976,2.077
8461,282.033,574.58,574.7,-0.391,-1.277,1.336
8462,282.067,574.63,574.65,-0.104,-0.677,0.685
8463,282.1,574.8,575.2,0.203,-0.002,0.203
8464,282.133,575.01,575.18,0.442,0.646,0.782
8465,282.167,575.06,575.05,0.582,1.179,1.315
8466,282.2,575.03,574.47,0.687,0.386,0.788
8467,282.233,575.04,574.2,0.567,-0.051,0.569
8468,282.267,575.03,573.81,0.107,1.627,1.63
8469,282.3,575.03,574.01,-0.428,3.313,3.341
8470,282.333,575.06,574.55,-0.823,4.296,4.374
8471,282.367,575.11,574.91,-0.919,3.815,3.924
8472,282.4,575.14,574.99,-0.724,1.364,1.545
8473,282.433,575.03,575.07,-0.227,-2.992,3.001
8474,282.467,574.91,575.25,0.564,-8.952,8.97
8475,282.5,574.84,574.98,1.267,-13.903,13.96
8476,282.533,574.82,574.55,1.723,-16.417,16.507
8477,282.567,574.74,574.33,2.069,-17.914,18.033
8478,282.6,574.64,573.62,2.292,-18.451,18.592
8479,282.633,574.62,573.03,2.334,-18.426,18.574
8480,282.667,574.74,572.93,2.159,-17.651,17.782
8481,282.7,574.61,575.43,1.85,-16.058,16.164
8482,282.733,574.93,574.83,1.46,-13.657,13.735
8483,282.767,575.76,569.21,0.992,-10.707,10.753
8484,282.8,576.37,565.73,0.501,-7.057,7.075
8485,282.833,576.63,563.58,0.015,-3.013,3.013
8486,282.867,576.49,563.05,-0.559,0.752,0.937
8487,282.9,576.14,564.84,-1.229,4.296,4.469
8488,282.933,575.57,568.32,-1.929,7.666,7.904
8489,282.967,574.72,573.71,-2.529,10.626,10.923
8490,283.0,574.45,575.11,-2.997,12.846,13.191
8491,283.033,574.62,573.22,-3.304,14.379,14.754
8492,283.067,574.57,573.22,-3.436,15.107,15.493
8493,283.1,574.56,573.45,-3.358,14.807,15.183
8494,283.133,574.57,573.67,-3.043,13.714,14.048
8495,283.167,574.6,573.69,-2.505,11.897,12.158
8496,283.2,574.6,573.32,-1.754,9.344,9.508
8497,283.233,574.61,573.2,-0.654,4.589,4.636
8498,283.267,574.64,573.3,0.55,-1.266,1.38
8499,283.3,574.6,573.14,1.437,-5.391,5.579
8500,283.333,574.51,572.75,2.043,-8.303,8.55
8501,283.367,574.6,573.05,2.031,-7.506,7.776
8502,283.4,574.77,573.01,1.664,-4.173,4.493
8503,283.433,574.88,572.67,1.102,-0.099,1.107
8504,283.467,574.91,572.32,0.617,3.071,3.133
8505,283.5,574.97,572.1,0.498,3.168,3.207
8506,283.533,574.99,571.85,0.618,1.127,1.285
8507,283.567,574.97,571.87,0.739,-1.49,1.663
8508,283.6,574.96,572.18,0.952,-4.999,5.089
8509,283.633,574.99,572.67,0.91,-6.921,6.981
8510,283.667,575.06,573.27,0.813,-8.215,8.255
8511,283.7,575.02,573.58,0.671,-8.866,8.891
8512,283.733,574.93,573.53,0.538,-8.61,8.627
8513,283.767,574.87,573.25,0.42,-7.737,7.749
8514,283.8,574.88,573.25,0.349,-6.241,6.251
8515,283.833,574.53,575.04,0.296,-4.339,4.349
8516,283.867,574.96,571.6,0.295,-2.013,2.034
8517,283.9,575.23,568.88,0.309,0.154,0.345
8518,283.933,575.46,567.26,0.242,2.204,2.218
8519,283.967,575.49,566.53,0.108,4.088,4.089
8520,284.0,575.42,566.92,-0.038,6.067,6.067
8521,284.033,575.22,568.54,-0.187,7.886,7.888
8522,284.067,574.99,571.58,-1.254,9.639,9.72
8523,284.1,574.6,575.62,-2.548,11.22,11.505
8524,284.133,574.97,574.62,-3.254,12.619,13.032
8525,284.167,575.03,575.03,-3.101,13.325,13.681
8526,284.2,575.08,575.38,-2.298,13.19,13.388
8527,284.233,575.06,575.36,-0.767,12.258,12.282
8528,284.267,575.02,575.49,1.109,10.614,10.672
8529,284.3,574.87,574.97,3.354,8.165,8.827
8530,284.333,574.83,574.68,5.864,4.867,7.62
8531,284.367,574.84,574.32,8.841,-0.145,8.842
8532,284.4,574.79,574.2,11.732,-4.146,12.443
8533,284.433,574.83,574.03,13.689,-6.671,15.228
8534,284.467,574.89,574.21,14.462,-7.461,16.273
8535,284.5,574.93,573.86,14.196,-6.487,15.608
8536,284.533,574.91,573.92,13.093,-4.306,13.783
8537,284.567,577.45,573.91,11.322,-1.53,11.425
8538,284.6,579.59,573.9,9.14,0.824,9.177
8539,284.633,580.41,573.42,6.795,1.457,6.95
8540,284.667,580.45,573.56,4.025,2.39,4.681
8541,284.7,580.49,573.65,1.078,3.085,3.268
8542,284.733,579.98,573.67,-1.998,3.496,4.027
8543,284.767,579.93,573.73,-5.041,3.823,6.326
8544,284.8,579.44,574.37,-7.937,3.932,8.858
8545,284.833,578.61,575.11,-10.405,4.026,11.157
8546,284.867,577.13,575.5,-12.406,4.071,13.057
8547,284.9,575.24,575.69,-13.851,4.065,14.435
8548,284.933,574.7,575.74,-14.608,3.794,15.092
8549,284.967,574.69,575.37,-14.583,3.308,14.954
8550,285.0,574.78,574.8,-13.694,2.491,13.919
8551,285.033,574.78,574.73,-11.801,1.599,11.909
8552,285.067,574.87,574.77,-8.787,0.374,8.795
8553,285.1,574.8,574.79,-6.108,-0.934,6.179
8554,285.133,574.73,574.97,-3.93,-2.109,4.46
8555,285.167,574.72,575.26,-2.211,-2.695,3.486
8556,285.2,574.63,575.45,-0.769,-3.025,3.121
8557,285.233,574.65,575.57,0.261,-3.274,3.285
8558,285.267,574.65,575.4,1.241,-3.49,3.704
8559,285.3,574.71,575.08,1.819,-3.805,4.218
8560,285.333,574.58,574.84,1.902,-4.236,4.643
8561,285.367,574.51,574.41,1.481,-4.449,4.689
8562,285.4,574.45,574.03,1.164,-4.126,4.287
8563,285.433,574.46,573.9,1.482,-3.223,3.547
8564,285.467,574.45,573.85,1.849,-2.026,2.743
8565,285.5,574.51,573.76,2.209,-0.608,2.291
8566,285.533,574.57,573.79,2.426,1.149,2.684
8567,285.567,574.74,574.27,2.521,2.978,3.902
8568,285.6,575.1,574.55,2.735,4.815,5.537
8569,285.633,575.09,574.54,3.051,6.766,7.422
8570,285.667,575.4,574.11,3.467,8.697,9.363
8571,285.7,575.72,573.8,3.954,10.193,10.933
8572,285.733,576.05,573.98,4.604,11.239,12.145
8573,285.767,575.88,574.65,4.983,11.817,12.825
8574,285.8,575.59,576.18,5.032,12.101,13.105
8575,285.833,575.56,577.72,4.888,12.135,13.082
8576,285.867,575.9,578.49,4.685,11.755,12.654
8577,285.9,575.95,578.54,4.412,11.236,12.071
8578,285.933,575.88,578.15,3.966,10.37,11.102
8579,285.967,576.28,577.95,3.631,9.379,10.058
8580,286.0,576.48,578.12,3.642,8.323,9.085
8581,286.033,576.92,578.31,3.465,7.146,7.942
8582,286.067,577.53,578.65,3.248,5.918,6.75
8583,286.1,577.52,578.97,3.012,4.495,5.411
8584,286.133,577.56,578.96,2.623,2.675,3.746
8585,286.167,577.49,578.75,2.191,0.457,2.238
8586,286.2,577.26,579.03,1.419,-1.835,2.32
8587,286.233,576.67,579.24,0.434,-3.382,3.41
8588,286.267,576.74,579.35,-1.021,-4.293,4.413
8589,286.3,577.06,579.18,-2.36,-4.632,5.199
8590,286.333,577.1,578.93,-3.358,-4.87,5.915
8591,286.367,577.07,578.92,-3.83,-4.712,6.072
8592,286.4,577.06,578.57,-4.113,-4.007,5.742
8593,286.433,577.42,578.82,-4.199,-2.745,5.017
8594,286.467,577.2,578.57,-3.953,-0.877,4.049
8595,286.5,576.29,578.12,-3.587,1.467,3.876
8596,286.533,576.34,577.91,-2.848,4.004,4.913
8597,286.567,576.19,577.57,-2.119,6.46,6.799
8598,286.6,575.87,577.01,-1.785,8.595,8.779
8599,286.633,575.54,577.08,-1.475,10.843,10.943
8600,286.667,575.32,577.93,-1.202,13.513,13.566
8601,286.7,575.54,579.52,-1.069,16.332,16.367
8602,286.733,575.56,580.23,-0.97,18.847,18.872
8603,286.767,576.26,581.36,-0.455,20.784,20.789
8604,286.8,576.51,582.64,0.149,22.103,22.103
8605,286.833,576.67,584.18,0.602,22.68,22.688
8606,286.867,576.31,584.57,1.093,22.656,22.683
8607,286.9,576.15,584.58,1.49,21.875,21.926
8608,286.933,576.26,584.7,1.922,20.632,20.721
8609,286.967,576.33,585.0,2.071,18.651,18.765
8610,287.0,576.42,585.36,1.92,16.502,16.613
8611,287.033,575.98,585.86,1.879,14.345,14.468
8612,287.067,575.85,586.86,1.32,12.185,12.256
8613,287.1,576.16,588.35,0.599,10.334,10.351
8614,287.133,576.21,588.78,-0.099,9.325,9.326
8615,287.167,576.16,588.34,-0.721,8.772,8.801
8616,287.2,576.43,588.16,-0.909,8.425,8.474
8617,287.233,576.77,588.02,-0.495,7.535,7.552
8618,287.267,576.7,588.08,0.258,6.386,6.391
8619,287.3,576.72,587.98,0.802,4.567,4.637
8620,287.333,576.87,588.3,1.243,1.88,2.253
8621,287.367,576.71,588.46,1.617,-1.768,2.396
8622,287.4,576.77,588.79,1.923,-5.895,6.201
8623,287.433,576.37,588.98,1.996,-10.257,10.45
8624,287.467,575.89,589.29,1.822,-14.425,14.54
8625,287.5,575.76,588.91,1.472,-18.322,18.381
8626,287.533,575.66,588.46,0.871,-21.641,21.658
8627,287.567,576.29,587.93,0.254,-24.08,24.081
8628,287.6,576.66,587.02,-0.488,-25.929,25.934
8629,287.633,577.09,585.32,-1.28,-27.489,27.519
8630,287.667,577.83,583.9,-1.908,-28.691,28.754
8631,287.7,578.05,582.07,-1.977,-29.099,29.167
8632,287.733,577.29,580.65,-1.715,-28.614,28.666
8633,287.767,576.92,579.28,-1.415,-27.279,27.316
8634,287.8,576.75,578.37,-1.031,-25.41,25.431
8635,287.833,576.44,577.82,-0.829,-22.893,22.908
8636,287.867,575.8,577.17,-0.991,-20.152,20.177
8637,287.9,575.58,576.79,-0.907,-17.094,17.118
8638,287.933,575.69,576.97,-0.741,-14.043,14.063
8639,287.967,575.7,576.91,-0.069,-10.941,10.941
8640,288.0,575.62,577.2,0.836,-7.918,7.962
8641,288.033,575.72,577.38,2.309,-5.005,5.511
8642,288.067,576.14,577.09,4.713,-2.508,5.338
8643,288.1,577.01,576.84,6.736,-0.55,6.759
8644,288.133,577.61,576.26,8.347,0.726,8.378
8645,288.167,578.15,576.16,9.51,1.744,9.669
8646,288.2,577.95,576.11,9.952,2.328,10.221
8647,288.233,577.64,575.75,9.7,2.688,10.065
8648,288.267,577.53,575.44,8.977,2.67,9.366
8649,288.3,577.55,575.6,7.79,2.53,8.19
8650,288.333,578.14,575.72,6.164,2.401,6.615
8651,288.367,579.23,576.32,4.453,2.147,4.944
8652,288.4,579.48,576.76,2.882,2.023,3.521
8653,288.433,579.84,577.52,1.339,2.232,2.603
8654,288.467,579.68,577.92,-0.051,2.4,2.401
8655,288.5,580.35,577.76,-1.272,2.246,2.581
8656,288.533,580.09,577.57,-2.05,1.29,2.422
8657,288.567,578.54,577.49,-2.458,-0.207,2.467
8658,288.6,578.48,577.13,-2.6,-1.76,3.14
8659,288.633,578.53,576.92,-2.762,-3.612,4.547
8660,288.667,578.36,576.42,-2.866,-5.121,5.869
8661,288.7,577.98,576.01,-3.169,-6.24,6.999
8662,288.733,577.61,575.79,-3.501,-6.985,7.813
8663,288.767,577.82,575.97,-3.466,-7.307,8.088
8664,288.8,578.03,576.14,-2.873,-7.173,7.727
8665,288.833,578.3,575.99,-2.012,-6.567,6.868
8666,288.867,578.15,576.02,-1.099,-5.27,5.383
8667,288.9,578.17,575.86,-0.446,-3.883,3.908
8668,288.933,578.43,575.03,0.098,-2.217,2.219
8669,288.967,578.33,574.13,0.218,-0.748,0.78
8670,289.0,578.44,573.88,0.267,0.354,0.443
8671,289.033,578.26,574.49,-0.316,1.202,1.243
8672,289.067,578.21,574.87,-1.243,1.759,2.154
8673,289.1,578.09,574.86,-1.707,1.877,2.537
8674,289.133,577.93,575.66,-2.213,1.962,2.958
8675,289.167,577.53,575.92,-2.714,1.937,3.334
8676,289.2,577.44,575.81,-3.098,2.114,3.751
8677,289.233,577.85,575.64,-3.311,2.449,4.118
8678,289.267,577.87,575.82,-3.187,2.793,4.238
8679,289.3,577.4,576.25,-2.977,2.924,4.173
8680,289.333,577.48,576.39,-2.71,2.637,3.781
8681,289.367,577.45,575.99,-2.345,1.919,3.031
8682,289.4,577.15,576.13,-1.647,0.912,1.883
8683,289.433,576.92,575.68,-0.933,-0.218,0.958
8684,289.467,577.09,575.36,-0.333,-0.965,1.021
8685,289.5,576.95,575.29,0.374,-1.029,1.095
8686,289.533,576.91,575.38,0.962,-0.51,1.088
8687,289.567,577.03,575.61,1.62,0.197,1.632
8688,289.6,577.17,576.18,2.098,0.848,2.263
8689,289.633,577.35,576.26,2.289,1.385,2.675
8690,289.667,577.34,576.37,2.264,1.416,2.67
8691,289.7,577.31,576.11,2.332,1.173,2.61
8692,289.733,577.53,575.83,2.117,0.774,2.254
8693,289.767,577.67,575.67,1.565,0.396,1.614
8694,289.8,577.88,575.47,0.872,0.109,0.879
8695,289.833,578.13,575.59,0.279,-0.293,0.405
8696,289.867,578.1,576.17,-0.275,-0.962,1.0
8697,289.9,577.79,576.44,-0.803,-1.653,1.838
8698,289.933,577.9,576.61,-1.225,-2.615,2.888
8699,289.967,577.94,576.57,-1.51,-3.323,3.65
8700,290.0,577.69,576.34,-1.842,-3.797,4.22
8701,290.033,577.52,575.83,-1.897,-4.021,4.446
8702,290.067,577.04,575.04,-1.834,-3.999,4.4
8703,290.1,576.82,574.59,-1.797,-3.877,4.273
8704,290.133,576.88,574.66,-1.752,-3.909,4.284
8705,290.167,576.95,574.74,-1.679,-3.917,4.261
8706,290.2,576.7,574.74,-1.516,-3.967,4.247
8707,290.233,577.15,574.98,-1.268,-3.593,3.81
8708,290.267,577.3,575.13,-1.008,-2.842,3.015
8709,290.3,577.34,574.79,-0.728,-1.715,1.863
8710,290.333,577.49,574.35,-0.46,-0.11,0.473
8711,290.367,577.28,574.3,-0.391,1.62,1.666
8712,290.4,577.1,574.42,-0.435,3.058,3.088
8713,290.433,577.05,574.74,-0.541,4.107,4.143
8714,290.467,577.03,574.74,-0.757,4.708,4.768
8715,290.5,577.08,574.92,-1.128,4.935,5.062
8716,290.533,576.74,575.04,-1.584,4.792,5.047
8717,290.567,576.61,575.09,-1.967,4.62,5.022
8718,290.6,576.7,575.33,-2.088,4.59,5.043
8719,290.633,576.74,575.7,-1.9,4.562,4.942
8720,290.667,576.67,576.11,-1.633,4.364,4.66
8721,290.7,576.65,576.7,-1.187,3.932,4.107
8722,290.733,576.73,576.69,-0.344,3.318,3.335
8723,290.767,576.72,576.77,0.421,2.391,2.428
8724,290.8,576.67,576.69,1.089,1.337,1.725
8725,290.833,576.48,576.29,1.718,0.518,1.794
8726,290.867,576.46,576.1,2.074,0.003,2.074
8727,290.9,576.44,575.99,2.395,-0.269,2.41
8728,290.933,576.71,576.08,2.733,-0.46,2.771
8729,290.967,576.74,576.2,3.036,-0.718,3.12
8730,291.0,576.89,576.22,3.139,-0.905,3.267
8731,291.033,577.27,576.39,2.991,-1.085,3.182
8732,291.067,577.4,576.12,2.782,-1.092,2.988
8733,291.1,577.61,575.91,2.359,-0.885,2.519
8734,291.133,577.6,575.91,1.753,-0.468,1.815
8735,291.167,577.85,575.89,1.115,0.091,1.119
8736,291.2,577.84,576.03,0.459,0.659,0.803
8737,291.233,577.6,576.24,-0.219,1.051,1.073
8738,291.267,577.49,576.6,-0.951,1.434,1.721
8739,291.3,577.49,576.67,-1.612,1.583,2.26
8740,291.333,577.35,576.46,-2.184,1.53,2.667
8741,291.367,577.46,576.34,-2.58,1.358,2.916
8742,291.4,577.4,576.08,-2.766,1.114,2.982
8743,291.433,577.17,576.0,-2.709,0.877,2.848
8744,291.467,576.81,576.05,-2.604,0.542,2.66
8745,291.5,576.68,576.22,-2.368,0.09,2.369
8746,291.533,576.54,576.51,-2.037,-0.596,2.122
8747,291.567,576.47,576.6,-1.742,-1.737,2.46
8748,291.6,576.73,576.75,-1.352,-2.975,3.268
8749,291.633,576.86,576.74,-0.905,-4.144,4.241
8750,291.667,576.76,576.58,-0.346,-5.055,5.066
8751,291.7,576.76,576.4,0.071,-5.536,5.536
8752,291.733,576.8,576.04,0.462,-5.602,5.621
8753,291.767,576.88,575.58,0.974,-5.266,5.355
8754,291.8,576.83,575.31,1.363,-4.818,5.007
8755,291.833,576.81,575.04,1.564,-4.241,4.52
8756,291.867,576.87,575.03,1.702,-3.446,3.844
8757,291.9,576.82,574.9,1.631,-2.47,2.96
8758,291.933,576.75,574.6,1.447,-1.226,1.896
8759,291.967,576.8,574.31,1.097,0.157,1.108
8760,292.0,576.94,573.95,0.708,1.502,1.66
8761,292.033,577.14,573.97,0.378,2.839,2.864
8762,292.067,577.32,574.53,0.142,4.004,4.006
8763,292.1,577.41,575.16,-0.045,4.954,4.954
8764,292.133,577.36,575.89,-0.367,5.532,5.544
8765,292.167,577.27,576.34,-0.696,5.706,5.748
8766,292.2,577.3,576.57,-0.664,5.514,5.554
8767,292.233,577.18,576.65,-0.278,5.009,5.017
8768,292.267,576.85,576.47,0.043,4.27,4.27
8769,292.3,576.88,576.45,0.304,3.574,3.587
8770,292.333,576.95,576.47,0.821,2.924,3.037
8771,292.367,576.91,576.5,1.571,2.255,2.748
8772,292.4,576.88,576.47,2.319,1.454,2.737
8773,292.433,576.74,576.37,2.946,0.522,2.991
8774,292.467,576.93,576.33,3.309,-0.359,3.328
8775,292.5,577.23,576.53,3.414,-1.067,3.577
8776,292.533,577.31,576.43,3.224,-1.352,3.496
8777,292.567,577.43,576.3,2.697,-1.228,2.963
8778,292.6,577.73,576.21,1.997,-0.817,2.158
8779,292.633,578.23,576.2,1.494,-0.472,1.567
8780,292.667,578.63,576.3,0.808,-0.368,0.888
8781,292.7,578.46,576.44,-0.024,-0.575,0.576
8782,292.733,577.96,576.52,-1.068,-1.083,1.521
8783,292.767,578.18,576.71,-2.207,-1.898,2.911
8784,292.8,578.39,576.53,-3.2,-2.651,4.156
8785,292.833,577.95,576.18,-4.156,-3.295,5.304
8786,292.867,577.24,575.97,-5.023,-3.71,6.245
8787,292.9,576.65,575.78,-5.627,-3.819,6.801
8788,292.933,576.28,575.78,-5.938,-3.669,6.98
8789,292.967,576.29,575.79,-5.853,-3.305,6.721
8790,293.0,576.34,575.83,-5.554,-2.868,6.25
8791,293.033,576.48,575.75,-5.065,-2.522,5.658
8792,293.067,576.8,575.54,-4.267,-2.111,4.761
8793,293.1,576.83,574.93,-3.293,-1.636,3.677
8794,293.133,575.95,574.69,-2.259,-1.057,2.493
8795,293.167,575.8,574.49,-1.345,-0.23,1.365
8796,293.2,575.72,574.52,-0.717,0.505,0.877
8797,293.233,575.75,574.76,0.258,1.087,1.117
8798,293.267,575.86,575.37,1.208,1.36,1.819
8799,293.3,575.91,575.74,1.573,1.326,2.058
8800,293.333,576.07,576.04,1.105,1.083,1.547
8801,293.367,576.22,576.1,0.61,0.773,0.985
8802,293.4,576.2,575.86,0.184,0.51,0.542
8803,293.433,576.18,575.6,-0.366,0.241,0.438
8804,293.467,576.17,575.39,-0.967,-0.224,0.993
8805,293.5,576.29,575.39,-1.272,-0.687,1.446
8806,293.533,576.3,575.46,-1.446,-1.166,1.857
8807,293.567,576.18,575.45,-1.67,-1.435,2.202
8808,293.6,576.22,575.52,-2.179,-1.603,2.705
8809,293.633,576.22,575.51,-2.949,-1.52,3.318
8810,293.667,576.14,574.98,-3.532,-1.264,3.751
8811,293.7,576.15,574.87,-3.915,-0.893,4.016
8812,293.733,574.94,574.72,-4.01,-0.377,4.028
8813,293.767,574.55,574.91,-3.923,0.302,3.935
8814,293.8,574.6,574.94,-3.692,0.947,3.811
8815,293.833,575.22,575.12,-3.337,1.652,3.724
8816,293.867,574.82,575.35,-2.955,2.137,3.646
8817,293.9,574.56,575.32,-2.56,2.463,3.552
8818,293.933,574.97,575.46,-2.113,2.773,3.487
8819,293.967,575.51,575.98,-1.583,3.144,3.52
8820,294.0,575.04,576.15,-0.977,3.626,3.755
8821,294.033,574.69,576.28,-0.372,3.272,3.293
8822,294.067,574.46,575.9,0.169,4.473,4.476
8823,294.1,574.4,575.73,0.677,6.086,6.123
8824,294.133,574.51,575.77,1.035,7.096,7.171
8825,294.167,574.94,575.86,1.221,7.155,7.258
8826,294.2,575.01,576.29,1.222,6.307,6.424
8827,294.233,574.89,576.7,0.988,4.301,4.413
8828,294.267,574.88,576.95,1.193,1.25,1.728
8829,294.3,574.85,577.08,1.621,-2.706,3.154
8830,294.333,574.89,576.89,2.027,-4.666,5.088
8831,294.367,575.01,577.09,2.078,-5.99,6.34
8832,294.4,575.12,577.25,2.187,-6.843,7.184
8833,294.433,575.29,577.39,2.311,-7.145,7.51
8834,294.467,575.37,577.42,2.182,-6.944,7.278
8835,294.5,575.43,577.27,1.652,-6.529,6.735
8836,294.533,575.38,579.35,1.188,-5.891,6.01
8837,294.567,575.44,575.8,0.84,-4.979,5.05
8838,294.6,575.51,573.19,0.612,-3.619,3.671
8839,294.633,575.58,571.89,0.436,-1.909,1.958
8840,294.667,575.62,571.29,0.258,-0.08,0.27
8841,294.7,575.68,571.61,-0.072,1.785,1.786
8842,294.733,575.63,573.05,-0.419,3.418,3.443
8843,294.767,575.53,575.67,-0.587,5.134,5.167
8844,294.8,575.37,579.32,-0.659,6.553,6.586
8845,294.833,575.34,577.22,-0.635,7.443,7.47
8846,294.867,575.25,577.15,-0.513,7.855,7.872
8847,294.9,575.22,577.23,-0.339,7.512,7.52
8848,294.933,575.35,577.32,-0.076,6.415,6.416
8849,294.967,575.41,577.28,0.205,4.612,4.617
8850,295.0,575.42,577.23,0.475,2.332,2.38
8851,295.033,575.42,577.23,0.77,0.018,0.77
8852,295.067,575.36,576.92,1.078,-3.916,4.062
8853,295.1,575.34,576.6,1.315,-6.793,6.919
8854,295.133,575.45,576.23,1.52,-8.271,8.41
8855,295.167,575.59,576.06,1.653,-8.548,8.706
8856,295.2,575.71,575.99,1.705,-7.565,7.755
8857,295.233,575.84,576.04,1.597,-5.691,5.91
8858,295.267,575.77,575.02,1.371,-3.453,3.715
8859,295.3,575.79,574.43,1.16,-1.456,1.861
8860,295.333,575.87,574.23,0.999,-0.996,1.411
8861,295.367,575.93,574.28,0.799,0.205,0.825
8862,295.4,576.0,574.72,0.596,1.282,1.414
8863,295.433,575.95,575.36,0.357,2.073,2.104
8864,295.467,575.9,576.13,-0.029,2.449,2.449
8865,295.5,575.92,576.66,-0.548,2.381,2.444
8866,295.533,575.8,576.3,-1.101,2.018,2.299
8867,295.567,575.78,576.19,-1.528,1.661,2.258
8868,295.6,575.84,576.17,-1.793,1.223,2.171
8869,295.633,575.77,575.92,-1.881,0.789,2.04
8870,295.667,575.7,575.87,-1.829,0.3,1.853
8871,295.7,575.61,575.77,-1.728,-0.062,1.729
8872,295.733,575.63,576.02,-1.625,-0.576,1.724
8873,295.767,575.68,576.33,-1.556,-1.338,2.052
8874,295.8,575.5,575.91,-1.367,-1.566,2.078
8875,295.833,575.29,575.37,-1.069,-1.394,1.757
8876,295.867,575.16,575.06,-0.73,-0.966,1.211
8877,295.9,575.04,574.94,-0.417,-0.315,0.522
8878,295.933,574.99,574.99,-0.039,0.442,0.444
8879,295.967,575.09,575.29,0.284,1.552,1.578
8880,296.0,575.35,575.93,0.641,2.499,2.58
8881,296.033,575.58,576.47,0.914,3.329,3.452
8882,296.067,575.58,576.24,1.105,4.358,4.496
8883,296.1,575.58,576.39,1.149,5.242,5.366
8884,296.133,575.56,576.41,0.97,5.825,5.905
8885,296.167,575.46,576.73,0.604,6.13,6.159
8886,296.2,575.46,576.48,0.303,6.351,6.359
8887,296.233,575.55,576.68,0.001,6.696,6.696
8888,296.267,575.7,576.98,-0.204,6.768,6.772
8889,296.3,575.73,576.91,-0.389,6.483,6.495
8890,296.333,575.68,577.1,-0.5,5.973,5.994
8891,296.367,575.64,577.61,-0.422,5.487,5.503
8892,296.4,575.7,578.26,-0.19,5.148,5.152
8893,296.433,575.45,578.96,0.178,4.868,4.871
8894,296.467,575.47,578.68,0.727,4.818,4.873
8895,296.5,575.25,578.83,1.312,4.757,4.934
8896,296.533,575.13,578.61,1.79,4.202,4.567
8897,296.567,575.14,578.24,2.099,3.062,3.713
8898,296.6,575.26,578.23,2.292,1.641,2.819
8899,296.633,575.54,578.46,2.415,-0.098,2.417
8900,296.667,576.04,579.03,2.461,-1.944,3.136
8901,296.7,576.11,579.13,2.46,-3.931,4.637
8902,296.733,576.4,578.73,2.398,-5.584,6.077
8903,296.767,576.39,578.56,2.212,-7.133,7.469
8904,296.8,576.41,578.2,1.813,-8.498,8.689
8905,296.833,576.51,578.24,1.25,-9.344,9.427
8906,296.867,576.44,578.13,0.579,-9.659,9.676
8907,296.9,576.38,577.72,-0.14,-9.66,9.661
8908,296.933,576.36,577.41,-0.91,-9.398,9.442
8909,296.967,576.17,576.51,-1.545,-9.018,9.149
8910,297.0,576.06,575.62,-2.095,-8.103,8.369
8911,297.033,575.99,575.18,-2.395,-6.858,7.264
8912,297.067,575.94,574.89,-2.403,-5.136,5.671
8913,297.1,575.95,574.94,-2.168,-2.911,3.63
8914,297.133,575.84,575.07,-1.748,-0.451,1.805
8915,297.167,575.74,575.2,-1.245,1.9,2.272
8916,297.2,575.67,575.39,-0.835,3.766,3.858
8917,297.233,575.58,575.42,-0.4,5.046,5.061
8918,297.267,575.51,575.84,-0.086,5.968,5.969
8919,297.3,575.56,576.27,0.223,6.519,6.523
8920,297.333,575.65,576.62,0.498,6.735,6.753
8921,297.367,575.78,576.9,0.671,6.486,6.521
8922,297.4,575.89,577.39,0.756,5.723,5.772
8923,297.433,575.95,577.69,0.745,4.49,4.551
8924,297.467,576.03,577.9,0.61,3.038,3.099
8925,297.5,576.05,577.98,0.455,1.639,1.701
8926,297.533,576.04,577.91,0.266,0.5,0.566
8927,297.567,575.95,577.62,0.042,-0.335,0.337
8928,297.6,575.89,577.24,-0.189,-0.938,0.957
8929,297.633,575.85,576.83,-0.382,-1.304,1.359
8930,297.667,575.83,576.6,-0.532,-1.547,1.636
8931,297.7,575.8,576.4,-0.629,-1.657,1.773
8932,297.733,575.8,576.57,-0.695,-1.449,1.607
8933,297.767,575.8,576.76,-0.686,-0.94,1.164
8934,297.8,575.76,576.79,-0.619,-0.351,0.712
8935,297.833,575.71,576.94,-0.518,0.235,0.569
8936,297.867,575.62,576.92,-0.392,0.505,0.639
8937,297.9,575.62,577.03,-0.25,0.523,0.58
8938,297.933,575.65,577.44,-0.086,0.148,0.171
8939,297.967,575.68,577.31,0.093,-0.392,0.403
8940,298.0,575.73,577.37,0.246,-0.949,0.981
8941,298.033,575.79,577.38,0.374,-1.408,1.457
8942,298.067,575.88,577.17,-0.064,-1.724,1.725
8943,298.1,575.95,577.16,-0.837,-1.921,2.096
8944,298.133,575.83,576.94,-1.696,-2.063,2.67
8945,298.167,575.79,576.91,-2.26,-2.12,3.099
8946,298.2,575.74,576.94,-1.751,-2.111,2.743
8947,298.233,575.74,576.48,-0.505,-1.854,1.922
8948,298.267,575.73,576.15,1.215,-1.479,1.915
8949,298.3,575.82,575.8,3.15,-1.153,3.354
8950,298.333,575.91,575.42,5.178,-0.596,5.212
8951,298.367,576.0,575.74,7.325,-0.006,7.325
8952,298.4,576.05,576.18,9.629,-0.024,9.629
8953,298.433,576.04,576.86,11.892,1.523,11.989
8954,298.467,576.02,577.3,13.846,3.363,14.249
8955,298.5,576.01,577.46,15.381,4.97,16.164
8956,298.533,575.98,577.28,16.545,5.536,17.447
8957,298.567,577.43,576.89,17.357,4.756,17.997
8958,298.6,579.17,576.59,17.734,2.941,17.976
8959,298.633,581.04,576.56,17.609,0.005,17.609
8960,298.667,582.56,576.7,17.127,-3.841,17.552
8961,298.7,582.28,576.96,16.213,-5.993,17.285
8962,298.733,582.2,577.01,14.923,-7.754,16.817
8963,298.767,582.22,576.99,13.287,-8.964,16.028
8964,298.8,582.48,577.26,11.363,-9.778,14.991
8965,298.833,582.86,577.06,9.334,-10.092,13.747
8966,298.867,583.01,577.02,7.158,-9.704,12.058
8967,298.9,582.84,578.88,4.933,-8.807,10.095
8968,298.933,582.68,575.55,2.874,-7.564,8.092
8969,298.967,582.86,573.04,1.149,-5.964,6.074
8970,299.0,583.2,571.26,-0.164,-4.268,4.271
8971,299.033,583.38,570.83,-0.732,-2.617,2.718
8972,299.067,583.38,571.52,-0.197,-1.596,1.608
8973,299.1,583.37,572.58,0.547,1.046,1.18
8974,299.133,583.42,574.67,1.19,4.181,4.347
8975,299.167,583.34,577.98,1.281,6.903,7.021
8976,299.2,583.37,575.78,0.507,8.626,8.641
8977,299.233,583.41,575.54,0.353,9.028,9.035
8978,299.267,583.46,575.38,0.618,8.027,8.051
8979,299.3,583.62,575.63,1.011,5.711,5.8
8980,299.333,583.45,576.01,1.46,2.364,2.778
8981,299.367,583.52,576.34,1.746,0.469,1.808
8982,299.4,583.64,576.5,1.852,-1.52,2.396
8983,299.433,583.63,576.74,2.03,-5.018,5.413
8984,299.467,583.61,576.27,2.251,-7.547,7.876
8985,299.5,583.88,575.99,2.538,-8.872,9.228
8986,299.533,583.92,575.89,2.606,-8.828,9.205
8987,299.567,583.61,577.61,2.623,-7.737,8.169
8988,299.6,583.75,574.35,2.683,-5.877,6.46
8989,299.633,583.91,572.14,2.89,-3.46,4.508
8990,299.667,584.38,570.98,2.986,-1.373,3.287
8991,299.7,585.47,570.78,3.009,-0.847,3.126
8992,299.733,585.0,571.38,2.803,0.464,2.841
8993,299.767,584.59,573.0,2.569,1.973,3.239
8994,299.8,584.6,575.56,2.393,3.544,4.277
8995,299.833,584.45,578.25,2.035,4.836,5.247
8996,299.867,584.46,575.85,1.645,5.683,5.916
8997,299.9,584.65,575.58,1.056,6.185,6.275
8998,299.933,584.7,575.54,0.477,6.214,6.233
8999,299.967,584.97,575.5,0.039,5.783,5.783
9000,300.0,584.9,575.45,-0.407,5.148,5.164
9001,300.033,585.19,575.5,-0.934,4.417,4.514
9002,300.067,585.21,575.75,-1.438,3.392,3.684
9003,300.1,585.12,575.73,-1.466,0.725,1.635
9004,300.133,584.66,575.53,-1.298,-1.158,1.739
9005,300.167,584.53,575.47,-0.919,-2.112,2.304
9006,300.2,584.47,575.36,-0.755,-2.353,2.471
9007,300.233,584.73,575.36,-1.074,-1.768,2.069
9008,300.267,584.64,575.1,-1.268,-0.611,1.408
9009,300.3,584.26,575.03,-1.373,0.529,1.471
9010,300.333,584.19,575.27,-1.38,0.719,1.556
9011,300.367,584.2,575.68,-1.123,-0.72,1.333
9012,300.4,584.53,575.76,-0.856,-1.266,1.528
9013,300.433,584.48,576.11,-0.543,-1.624,1.713
9014,300.467,584.26,576.13,-0.048,-1.867,1.868
9015,300.5,584.43,576.19,0.341,-1.831,1.863
9016,300.533,584.57,575.73,0.641,-1.494,1.626
9017,300.567,584.79,575.2,0.617,-1.009,1.183
9018,300.6,584.52,574.97,0.382,-0.621,0.729
9019,300.633,584.4,574.75,0.187,-0.193,0.269
9020,300.667,584.17,574.54,0.096,0.422,0.433
9021,300.7,584.47,574.91,0.038,1.095,1.095
9022,300.733,584.38,574.89,0.114,1.856,1.859
9023,300.767,584.37,574.92,0.056,2.503,2.503
9024,300.8,584.65,574.97,-0.025,3.225,3.225
9025,300.833,584.65,575.32,0.136,3.9,3.903
9026,300.867,584.45,575.84,0.348,4.408,4.422
9027,300.9,584.68,576.08,0.613,4.55,4.591
9028,300.933,584.65,576.37,0.56,4.554,4.588
9029,300.967,584.31,576.73,0.375,4.119,4.136
9030,301.0,584.17,576.75,0.343,3.445,3.462
9031,301.033,584.28,576.63,0.253,2.461,2.474
9032,301.067,584.52,576.6,0.309,2.245,2.266
9033,301.1,584.8,576.75,0.369,1.993,2.027
9034,301.133,584.63,576.77,0.432,1.707,1.76
9035,301.167,584.77,576.56,0.498,1.385,1.472
9036,301.2,584.89,576.41,0.567,1.029,1.175
9037,301.233,584.74,576.12,0.64,0.637,0.903
9038,301.267,584.7,576.1,0.716,0.211,0.746
9039,301.3,584.71,575.98,0.795,-0.251,0.834
9040,301.333,584.49,576.05,0.878,-0.747,1.153
9041,301.367,584.42,576.08,0.964,-1.278,1.601
9042,301.4,584.26,576.27,1.053,-1.845,2.124
9043,301.433,584.53,576.21,1.145,-2.446,2.701
9044,301.467,584.89,576.42,1.241,-3.082,3.323
9045,301.5,584.98,576.45,1.34,-3.754,3.986
9046,301.533,585.2,576.54,1.442,-4.46,4.687
