frame,t_s,x_px,y_px,vx_px_s,vy_px_s,speed_px_s
0,0.0,649.49,373.39,-122.135,415.892,433.455
1,0.033,644.7,373.37,-90.444,341.719,353.485
2,0.067,654.8,370.71,-61.033,272.407,279.161
3,0.1,655.45,368.88,-33.903,207.957,210.703
4,0.133,674.0,373.32,-9.054,148.369,148.645
5,0.167,655.52,369.11,13.515,93.642,94.612
6,0.2,675.92,373.34,33.802,43.776,55.308
7,0.233,676.85,373.43,51.809,-1.228,51.824
8,0.267,677.23,373.55,67.535,-41.371,79.199
9,0.3,677.05,373.7,80.98,-76.652,111.505
10,0.333,658.35,371.01,92.145,-107.071,141.262
11,0.367,658.06,371.26,101.028,-132.63,166.725
12,0.4,657.94,372.15,107.631,-153.326,187.332
13,0.433,675.85,374.01,111.953,-169.161,202.852
14,0.467,676.02,373.99,113.994,-180.135,213.174
15,0.5,675.94,373.94,113.755,-186.247,218.239
16,0.533,675.81,373.97,123.291,-211.621,244.916
17,0.567,675.64,374.12,130.587,-222.974,258.4
18,0.6,675.72,374.29,129.634,-220.443,255.735
19,0.633,675.51,374.38,125.26,-205.495,240.662
20,0.667,681.38,350.31,107.818,-182.969,212.373
21,0.7,686.01,352.61,96.015,-150.414,178.447
22,0.733,686.81,355.22,72.482,-113.427,134.608
23,0.767,677.9,374.62,44.9,-72.228,85.046
24,0.8,786.67,186.91,-20.309,32.738,38.526
25,0.833,779.0,187.34,-34.223,42.376,54.47
26,0.867,773.32,191.92,-42.226,59.113,72.646
27,0.9,675.31,374.86,-49.137,79.828,93.739
28,0.933,654.39,381.0,-56.191,99.858,114.582
29,0.967,685.35,361.23,-70.549,119.501,138.772
30,1.0,675.59,374.77,-80.523,137.21,159.093
31,1.033,675.65,374.76,-85.473,150.415,173.003
32,1.067,675.79,374.76,-85.069,157.316,178.844
33,1.1,675.95,374.79,-78.212,156.405,174.87
34,1.133,675.95,374.86,-64.658,145.632,159.34
35,1.167,676.3,374.85,-44.025,122.47,130.143
36,1.2,676.72,374.85,-10.404,99.916,100.456
37,1.233,677.02,374.84,23.793,64.482,68.731
38,1.267,676.99,374.85,60.669,13.64,62.184
39,1.3,772.06,205.21,106.96,-64.782,125.049
40,1.333,677.33,374.99,95.048,-51.768,108.231
41,1.367,677.65,375.1,65.734,-9.77,66.456
42,1.4,677.96,375.2,16.465,65.277,67.321
43,1.433,686.62,381.39,1.16,70.799,70.809
44,1.467,694.78,382.33,-2.241,69.358,69.394
45,1.5,694.92,383.44,-18.174,74.713,76.892
46,1.533,694.96,385.76,-29.435,72.047,77.828
47,1.567,695.69,387.63,-38.946,66.108,76.727
48,1.6,695.52,387.72,-46.116,56.613,73.019
49,1.633,695.94,386.45,-50.505,43.04,66.357
50,1.667,697.81,384.62,-51.479,24.766,57.127
51,1.7,676.26,379.62,-48.582,1.838,48.617
52,1.733,676.17,377.67,-41.426,-26.626,49.245
53,1.767,676.5,376.5,-29.436,-60.273,67.077
54,1.8,676.99,375.51,-11.822,-98.126,98.836
55,1.833,677.3,373.97,-45.654,-37.62,59.156
56,1.867,677.33,373.44,-42.58,-36.027,55.776
57,1.9,677.24,373.02,-36.833,-31.965,48.769
58,1.933,677.49,373.69,-28.034,-25.272,37.744
59,1.967,677.8,373.68,-20.63,-19.497,28.385
60,2.0,677.27,373.62,-16.296,-13.038,20.869
61,2.033,676.84,373.08,-16.032,-0.469,16.039
62,2.067,676.25,372.12,-14.125,7.731,16.102
63,2.1,675.41,370.97,-11.856,11.735,16.682
64,2.133,674.67,370.19,-9.69,12.18,15.565
65,2.167,673.95,370.36,-9.256,9.647,13.369
66,2.2,673.05,370.34,-12.711,4.993,13.657
67,2.233,672.33,372.49,-4.085,-4.722,6.244
68,2.267,671.69,374.59,3.148,-11.76,12.174
69,2.3,670.97,374.61,8.819,-16.592,18.79
70,2.333,670.44,374.61,13.044,-19.404,23.381
71,2.367,670.05,374.74,15.985,-19.981,25.588
72,2.4,670.43,375.02,17.907,-18.854,26.002
73,2.433,671.21,375.37,18.939,-16.28,24.975
74,2.467,671.83,375.82,18.911,-13.008,22.953
75,2.5,672.55,376.32,17.693,-9.038,19.868
76,2.533,683.39,360.53,15.598,-4.654,16.277
77,2.567,683.35,361.2,12.603,0.155,12.604
78,2.6,683.11,361.39,8.942,5.522,10.509
79,2.633,682.32,361.67,1.651,17.895,17.971
80,2.667,681.94,362.48,-4.243,27.744,28.067
81,2.7,681.78,362.88,-8.595,34.68,35.729
82,2.733,672.24,377.85,-11.291,38.873,40.479
83,2.767,672.55,378.19,-12.376,39.501,41.394
84,2.8,673.21,378.64,-12.029,36.793,38.71
85,2.833,673.74,379.03,-10.178,31.896,33.48
86,2.867,674.2,379.43,-6.684,24.856,25.739
87,2.9,674.45,379.82,-1.509,15.882,15.954
88,2.933,674.61,380.31,5.142,5.018,7.185
89,2.967,674.72,380.67,13.09,-7.745,15.21
90,3.0,674.79,380.89,22.278,-22.342,31.551
91,3.033,674.99,381.1,32.466,-38.662,50.486
92,3.067,675.34,381.27,41.186,-55.238,68.903
93,3.1,675.61,381.35,45.672,-65.253,79.649
94,3.133,684.88,363.87,46.436,-68.723,82.941
95,3.167,685.76,362.48,39.603,-57.874,70.128
96,3.2,686.24,361.78,31.672,-45.859,55.733
97,3.233,686.52,361.93,22.022,-31.533,38.462
98,3.267,686.63,362.36,15.924,-23.105,28.061
99,3.3,687.05,362.22,10.387,-15.247,18.449
100,3.333,687.61,361.76,5.258,-7.957,9.538
101,3.367,687.97,361.67,0.607,-1.441,1.563
102,3.4,688.39,361.46,-3.14,4.355,5.369
103,3.433,688.54,361.28,-6.079,9.481,11.263
104,3.467,688.36,361.22,-2.684,7.333,7.809
105,3.5,687.98,360.92,-6.802,13.1,14.761
106,3.533,687.59,360.0,-8.681,16.221,18.398
107,3.567,676.51,381.58,-7.619,15.988,17.711
108,3.6,676.75,381.59,-3.682,11.579,12.15
109,3.633,676.31,381.6,2.848,3.037,4.164
110,3.667,687.63,359.58,6.788,0.483,6.805
111,3.7,687.5,360.27,10.739,-1.252,10.811
112,3.733,688.02,360.55,14.545,-2.158,14.704
113,3.767,689.26,361.03,18.501,-2.419,18.658
114,3.8,689.75,361.67,22.536,-2.268,22.65
115,3.833,690.37,362.29,25.864,-1.845,25.93
116,3.867,691.18,363.4,28.271,-1.031,28.29
117,3.9,691.26,364.24,30.327,-0.095,30.327
118,3.933,691.92,364.43,31.128,1.77,31.179
119,3.967,677.95,381.59,30.261,4.903,30.656
120,4.0,694.73,365.11,27.631,9.576,29.243
121,4.033,695.93,365.4,23.874,16.09,28.79
122,4.067,695.79,366.25,27.336,23.761,36.219
123,4.1,695.55,368.15,31.342,22.042,38.317
124,4.133,696.18,369.23,32.797,17.773,37.303
125,4.167,696.69,370.15,33.09,10.015,34.572
126,4.2,697.53,370.47,26.348,11.123,28.6
127,4.233,698.72,370.55,17.401,12.724,21.557
128,4.267,699.1,370.16,7.018,14.887,16.458
129,4.3,699.2,369.59,-3.996,17.399,17.852
130,4.333,700.25,369.75,-14.851,20.152,25.033
131,4.367,701.25,370.46,-25.693,23.129,34.569
132,4.4,700.44,372.24,-36.486,25.643,44.595
133,4.433,700.48,373.3,-46.883,27.423,54.314
134,4.467,701.16,374.27,-56.601,28.583,63.408
135,4.5,702.32,375.08,-56.253,22.017,60.409
136,4.533,702.23,376.09,-59.896,22.559,64.003
137,4.567,678.7,380.99,-61.703,23.511,66.031
138,4.6,678.09,381.01,-61.053,24.828,65.908
139,4.633,677.68,381.02,-58.078,25.865,63.577
140,4.667,677.64,380.96,-53.427,26.155,59.485
141,4.7,678.03,380.94,-47.154,25.205,53.468
142,4.733,679.08,380.87,-39.577,23.856,46.211
143,4.767,679.76,380.81,-31.321,22.153,38.363
144,4.8,678.98,380.91,-22.752,20.372,30.54
145,4.833,677.65,381.02,-13.92,18.346,23.029
146,4.867,677.03,381.13,-5.771,15.996,17.005
147,4.9,676.81,382.35,0.947,13.452,13.485
148,4.933,677.63,385.04,6.703,10.384,12.36
149,4.967,678.49,389.74,10.694,7.227,12.907
150,5.0,679.07,388.28,11.66,4.208,12.396
151,5.033,679.31,387.44,8.212,1.591,8.365
152,5.067,678.86,387.6,-0.086,-0.552,0.559
153,5.1,678.1,386.98,0.003,-4.462,4.462
154,5.133,677.71,385.59,0.264,-8.229,8.233
155,5.167,677.76,384.97,0.746,-11.677,11.701
156,5.2,677.76,385.2,1.264,-14.59,14.644
157,5.233,677.56,384.0,1.522,-16.788,16.857
158,5.267,677.34,382.62,1.099,-18.079,18.112
159,5.3,677.87,381.09,-0.157,-18.302,18.303
160,5.333,678.15,380.68,-1.383,-17.408,17.463
161,5.367,678.43,380.68,-2.067,-15.318,15.457
162,5.4,678.88,380.68,-2.227,-11.911,12.118
163,5.433,678.93,380.68,-1.951,-7.742,7.984
164,5.467,678.47,380.72,-1.811,-3.912,4.311
165,5.5,678.12,380.76,-2.067,-2.315,3.103
166,5.533,677.92,380.82,-2.805,-0.615,2.871
167,5.567,677.65,380.88,-4.097,0.955,4.207
168,5.6,677.32,380.95,-5.521,1.824,5.815
169,5.633,677.05,381.06,-6.753,2.198,7.102
170,5.667,676.67,381.16,-7.658,2.52,8.062
171,5.7,676.4,381.25,-8.541,2.543,8.912
172,5.733,676.32,381.23,-9.397,1.789,9.566
173,5.767,676.16,381.18,-10.088,0.92,10.13
174,5.8,676.29,381.1,-10.504,0.227,10.507
175,5.833,676.05,381.02,-10.968,0.058,10.968
176,5.867,675.74,381.01,-11.27,0.089,11.27
177,5.9,675.19,381.01,-11.288,0.117,11.288
178,5.933,674.61,381.0,-11.111,0.139,11.112
179,5.967,674.03,381.0,-10.827,0.165,10.828
180,6.0,673.5,380.97,-10.215,0.212,10.217
181,6.033,673.06,380.96,-9.365,0.289,9.369
182,6.067,672.92,381.0,-8.348,0.388,8.357
183,6.1,672.71,381.03,-7.211,0.489,7.228
184,6.133,672.47,381.14,-5.839,0.573,5.867
185,6.167,671.89,381.25,-4.365,0.605,4.407
186,6.2,671.62,381.33,-2.795,0.563,2.851
187,6.233,671.54,381.37,-1.213,0.425,1.285
188,6.267,671.67,381.37,0.24,0.247,0.345
189,6.3,672.0,381.3,1.514,0.05,1.514
190,6.333,672.54,381.22,2.427,-0.148,2.431
191,6.367,672.98,381.1,3.011,-0.332,3.029
192,6.4,673.08,381.08,3.304,-0.535,3.347
193,6.433,672.88,381.1,3.166,-0.7,3.242
194,6.467,672.91,381.13,2.708,-0.818,2.828
195,6.5,672.89,381.12,2.038,-0.927,2.239
196,6.533,672.96,381.08,1.251,-0.633,1.402
197,6.567,672.98,381.03,0.557,0.89,1.05
198,6.6,673.09,380.99,0.028,2.609,2.609
199,6.633,672.93,380.95,-0.289,3.356,3.368
200,6.667,672.85,380.92,-0.425,1.229,1.3
201,6.7,672.83,380.89,-0.266,-2.22,2.236
202,6.733,672.83,380.89,0.143,-6.4,6.401
203,6.767,672.82,380.83,0.705,-9.634,9.66
204,6.8,672.84,380.76,1.355,-11.953,12.029
205,6.833,672.72,380.7,2.021,-13.396,13.547
206,6.867,672.63,380.66,2.592,-14.006,14.244
207,6.9,672.38,380.65,2.92,-13.828,14.133
208,6.933,672.67,380.53,3.052,-12.994,13.348
209,6.967,673.03,380.36,3.015,-11.639,12.023
210,7.0,673.48,380.27,2.858,-9.9,10.305
211,7.033,674.03,379.14,2.653,-7.877,8.312
212,7.067,674.34,375.13,2.447,-5.627,6.137
213,7.1,674.25,371.85,2.186,-3.217,3.889
214,7.133,673.99,370.5,1.717,-0.713,1.859
215,7.167,673.71,374.38,0.971,1.79,2.036
216,7.2,673.61,377.02,-0.269,4.215,4.224
217,7.233,673.47,379.95,-2.1,6.489,6.82
218,7.267,673.46,380.02,-4.194,8.441,9.425
219,7.3,673.46,380.04,-6.314,9.975,11.806
220,7.333,673.35,380.04,-8.241,10.968,13.719
221,7.367,673.0,379.98,-9.751,11.302,14.927
222,7.4,672.72,379.87,-11.968,17.131,20.898
223,7.433,672.46,379.75,-12.924,18.4,22.486
224,7.467,672.48,379.66,-13.131,15.936,20.649
225,7.5,672.22,379.61,-12.432,10.26,16.119
226,7.533,671.78,379.62,-11.014,2.173,11.227
227,7.567,670.96,379.62,-9.219,-7.544,11.912
228,7.6,670.02,379.6,-7.279,-16.889,18.391
229,7.633,669.01,379.52,-5.155,-25.0,25.526
230,7.667,668.32,379.42,-2.724,-30.88,31.0
231,7.7,668.21,379.23,-0.75,-42.452,42.459
232,7.733,668.71,378.92,0.484,-50.121,50.124
233,7.767,669.02,378.63,1.006,-54.978,54.987
234,7.8,669.19,378.33,0.846,-56.41,56.417
235,7.833,669.11,378.05,-0.117,-54.834,54.834
236,7.867,668.81,377.8,-1.867,-50.654,50.688
237,7.9,671.72,360.23,-4.18,-44.272,44.468
238,7.933,671.42,360.36,-6.929,-36.106,36.765
239,7.967,671.57,360.12,-9.981,-26.559,28.372
240,8.0,671.0,359.96,-13.358,-16.063,20.891
241,8.033,670.11,358.89,-16.826,-5.036,17.564
242,8.067,669.05,358.14,-20.198,6.041,21.083
243,8.1,667.94,358.39,-23.119,16.691,28.514
244,8.133,666.48,359.67,-25.242,26.448,36.561
245,8.167,664.18,359.9,-26.463,34.863,43.769
246,8.2,663.07,376.3,-26.845,41.473,49.403
247,8.233,662.35,376.25,-26.657,45.857,53.042
248,8.267,661.69,376.18,-25.898,47.627,54.213
249,8.3,660.88,376.1,-24.462,46.396,52.45
250,8.333,660.35,376.03,-22.142,41.765,47.271
251,8.367,660.08,375.94,-18.993,33.339,38.37
252,8.4,659.91,375.85,-15.04,20.717,25.6
253,8.433,659.75,375.8,-12.485,14.045,18.792
254,8.467,659.61,375.75,-10.253,7.204,12.531
255,8.5,659.42,375.73,-8.665,0.704,8.693
256,8.533,659.14,375.62,-7.253,-5.073,8.851
257,8.567,658.77,375.5,-6.064,-9.102,10.937
258,8.6,658.3,375.38,-5.036,-10.816,11.931
259,8.633,657.53,375.27,-4.566,-10.072,11.058
260,8.667,657.01,375.17,-4.693,-6.965,8.399
261,8.7,656.88,375.09,-4.926,-0.606,4.963
262,8.733,657.33,375.05,-5.41,-0.226,5.415
263,8.767,657.4,375.11,-6.045,0.13,6.046
264,8.8,657.38,375.14,-6.806,0.566,6.829
265,8.833,656.81,375.24,-7.374,1.182,7.468
266,8.867,656.31,375.36,-8.12,2.01,8.365
267,8.9,655.91,375.53,-9.02,2.728,9.423
268,8.933,656.11,375.65,-9.975,3.144,10.459
269,8.967,656.36,375.74,-11.197,3.298,11.673
270,9.0,656.49,375.87,-12.596,3.318,13.026
271,9.033,655.75,376.01,-13.983,3.587,14.436
272,9.067,654.84,376.11,-15.316,4.479,15.958
273,9.1,653.38,376.23,-16.402,6.113,17.504
274,9.133,652.38,376.39,-17.508,8.262,19.36
275,9.167,651.82,376.61,-18.229,10.591,21.083
276,9.2,651.69,376.98,-18.548,13.053,22.68
277,9.233,651.41,377.48,-18.667,15.502,24.265
278,9.267,650.8,378.06,-18.928,17.758,25.954
279,9.3,650.18,378.52,-19.523,19.805,27.809
280,9.333,649.13,378.75,-20.11,21.609,29.519
281,9.367,648.74,378.74,-20.166,22.963,30.561
282,9.4,648.27,379.4,-19.487,23.807,30.766
283,9.433,647.53,380.77,-18.09,24.549,30.494
284,9.467,647.29,382.49,-16.349,24.922,29.806
285,9.5,646.98,384.44,-14.382,24.835,28.699
286,9.533,646.35,385.88,-12.673,24.139,27.263
287,9.567,645.7,386.55,-11.294,22.643,25.304
288,9.6,644.63,386.6,-10.005,20.655,22.951
289,9.633,644.32,386.63,-8.419,18.777,20.578
290,9.667,643.78,387.01,-6.84,16.806,18.145
291,9.7,643.27,387.23,-5.687,14.374,15.459
292,9.733,643.03,387.49,-4.466,11.781,12.599
293,9.767,642.99,387.94,-3.434,8.924,9.562
294,9.8,643.91,388.19,-2.649,5.737,6.319
295,9.833,644.54,388.35,-2.353,2.215,3.232
296,9.867,644.85,388.77,-2.438,-1.324,2.775
297,9.9,644.76,389.29,-3.407,-4.273,5.465
298,9.933,644.53,388.66,-5.149,-6.58,8.355
299,9.967,644.08,388.24,-7.388,-8.302,11.113
300,10.0,643.05,387.82,-9.623,-9.743,13.694
301,10.033,642.3,387.59,-12.175,-11.424,16.696
302,10.067,642.17,387.93,-15.04,-13.054,19.915
303,10.1,641.67,387.94,-18.378,-14.548,23.44
304,10.133,640.91,386.6,-21.877,-15.637,26.891
305,10.167,640.5,385.39,-25.683,-16.208,30.37
306,10.2,640.76,384.96,-28.978,-16.346,33.27
307,10.233,639.29,383.93,-31.459,-15.994,35.291
308,10.267,637.8,383.06,-32.712,-15.039,36.003
309,10.3,636.23,382.41,-32.171,-13.512,34.893
310,10.333,634.84,382.34,-30.87,-11.575,32.969
311,10.367,633.64,382.56,-29.277,-9.151,30.674
312,10.4,633.04,382.62,-27.552,-6.774,28.372
313,10.433,632.56,382.62,-25.804,-4.732,26.234
314,10.467,632.16,382.24,-24.149,-2.614,24.291
315,10.5,630.22,381.95,-22.499,-0.912,22.517
316,10.533,628.68,382.18,-20.169,0.736,20.182
317,10.567,627.49,381.89,-17.05,2.308,17.205
318,10.6,627.1,381.92,-13.873,3.149,14.226
319,10.633,627.42,382.13,-10.61,3.307,11.114
320,10.667,628.47,382.43,-7.152,3.39,7.915
321,10.7,629.0,382.75,-3.862,3.345,5.109
322,10.733,629.7,383.22,-1.444,3.057,3.381
323,10.767,629.82,383.44,0.562,2.719,2.777
324,10.8,628.4,383.27,2.531,2.536,3.583
325,10.833,627.49,383.29,4.53,2.48,5.165
326,10.867,627.17,382.85,6.565,2.603,7.063
327,10.9,627.1,382.78,8.595,2.452,8.938
328,10.933,627.49,382.67,10.047,1.648,10.181
329,10.967,628.36,382.5,10.479,0.301,10.483
330,11.0,629.46,383.26,9.301,-0.97,9.351
331,11.033,629.91,383.35,6.979,-2.41,7.384
332,11.067,629.75,383.06,4.315,-4.278,6.076
333,11.1,630.14,383.14,1.621,-6.102,6.314
334,11.133,630.48,382.95,-0.938,-7.632,7.689
335,11.167,630.51,382.69,-3.4,-8.862,9.492
336,11.2,630.49,382.68,-6.125,-9.891,11.634
337,11.233,630.52,382.23,-9.198,-10.761,14.157
338,11.267,630.86,382.04,-13.021,-11.457,17.344
339,11.3,630.34,381.54,-17.548,-11.761,21.125
340,11.333,629.52,381.06,-21.312,-11.539,24.235
341,11.367,628.2,379.78,-24.209,-10.987,26.585
342,11.4,626.28,378.77,-25.877,-9.366,27.52
343,11.433,624.34,378.66,-25.986,-7.258,26.981
344,11.467,622.62,378.61,-24.742,-5.298,25.303
345,11.5,621.83,377.81,-22.812,-4.144,23.186
346,11.533,622.42,377.72,-20.76,-4.46,21.234
347,11.567,622.29,378.06,-18.608,-5.859,19.508
348,11.6,622.24,378.43,-16.082,-7.919,17.926
349,11.633,621.83,378.35,-13.505,-10.657,17.203
350,11.667,621.06,378.21,-10.749,-13.695,17.41
351,11.7,620.05,378.23,-7.758,-16.856,18.555
352,11.733,619.44,378.36,-4.853,-20.25,20.823
353,11.767,619.52,378.21,-2.597,-23.733,23.874
354,11.8,620.47,377.52,-1.526,-27.34,27.383
355,11.833,620.77,376.55,-1.623,-30.942,30.984
356,11.867,621.44,375.43,-2.543,-34.275,34.369
357,11.9,621.47,372.51,-3.761,-36.685,36.877
358,11.933,620.71,369.43,-4.898,-38.014,38.328
359,11.967,619.63,366.95,-5.668,-38.57,38.984
360,12.0,618.97,365.81,-5.852,-38.337,38.782
361,12.033,618.73,365.33,-6.01,-36.855,37.341
362,12.067,618.85,364.95,-7.062,-34.336,35.055
363,12.1,618.97,364.49,-8.958,-31.129,32.392
364,12.133,619.16,364.08,-11.631,-27.272,29.648
365,12.167,618.66,363.37,-14.687,-22.707,27.043
366,12.2,617.66,362.53,-17.643,-17.716,25.002
367,12.233,616.6,361.75,-19.743,-12.605,23.424
368,12.267,616.06,361.28,-20.667,-7.767,22.078
369,12.3,615.77,360.92,-20.525,-3.476,20.818
370,12.333,616.0,360.98,-19.992,0.031,19.992
371,12.367,615.77,360.93,-19.072,2.515,19.237
372,12.4,614.84,360.86,-18.424,3.846,18.821
373,12.433,613.78,360.89,-17.773,4.958,18.451
374,12.467,612.45,361.15,-16.568,6.283,17.719
375,12.5,610.76,361.52,-14.603,7.992,16.647
376,12.533,609.58,362.0,-12.08,9.662,15.469
377,12.567,608.98,362.52,-9.492,10.891,14.447
378,12.6,609.19,363.28,-6.972,11.547,13.489
379,12.633,609.74,363.75,-4.601,11.677,12.551
380,12.667,610.48,364.02,-2.599,11.276,11.572
381,12.7,611.42,364.44,-0.699,10.508,10.532
382,12.733,611.89,364.71,1.431,9.523,9.63
383,12.767,611.84,364.8,3.684,8.384,9.158
384,12.8,611.41,364.72,5.59,6.514,8.583
385,12.833,611.08,364.82,6.583,4.32,7.873
386,12.867,610.89,365.11,6.653,1.962,6.936
387,12.9,611.42,365.37,5.921,0.031,5.921
388,12.933,611.77,365.54,4.879,-1.131,5.009
389,12.967,611.65,365.68,3.675,-0.37,3.694
390,13.0,611.45,365.59,2.515,1.027,2.717
391,13.033,611.32,365.42,1.844,2.063,2.766
392,13.067,611.87,365.4,1.542,3.981,4.269
393,13.1,612.27,365.46,1.581,6.281,6.477
394,13.133,612.53,365.42,1.656,8.012,8.181
395,13.167,612.75,365.25,1.536,9.393,9.517
396,13.2,612.65,365.03,1.258,11.134,11.205
397,13.233,612.05,364.8,0.605,12.157,12.172
398,13.267,611.53,364.71,-0.293,12.222,12.226
399,13.3,611.39,366.26,-1.12,11.476,11.53
400,13.333,612.27,367.88,-1.567,10.209,10.328
401,13.367,612.61,369.62,-1.402,8.553,8.667
402,13.4,612.87,370.82,-0.785,6.402,6.45
403,13.433,612.7,371.65,-0.15,4.118,4.121
404,13.467,612.34,369.41,0.416,1.789,1.837
405,13.5,611.98,368.82,1.072,-0.631,1.244
406,13.533,611.5,370.36,1.915,-2.815,3.404
407,13.567,611.42,369.02,2.956,-4.218,5.151
408,13.6,611.42,367.87,3.883,-5.672,6.874
409,13.633,611.64,368.06,4.687,-7.104,8.51
410,13.667,612.24,367.9,5.31,-8.001,9.603
411,13.7,612.61,365.83,5.603,-9.033,10.63
412,13.733,613.09,365.31,5.54,-9.56,11.049
413,13.767,613.61,365.46,5.437,-9.362,10.826
414,13.8,613.98,365.8,5.361,-8.236,9.827
415,13.833,614.21,366.11,5.614,-6.926,8.915
416,13.867,613.94,366.32,5.577,-5.821,8.061
417,13.9,613.82,366.86,5.24,-5.377,7.508
418,13.933,613.75,366.81,4.269,-5.771,7.178
419,13.967,613.77,366.65,2.493,-7.335,7.747
420,14.0,613.84,366.63,-0.181,-8.588,8.59
421,14.033,613.86,366.16,-3.833,-10.074,10.778
422,14.067,613.85,364.34,-8.186,-12.923,15.298
423,14.1,613.68,363.92,-12.714,-15.815,20.292
424,14.133,613.3,363.42,-17.145,-18.597,25.294
425,14.167,612.77,361.86,-21.041,-21.757,30.267
426,14.2,612.25,362.04,-24.374,-25.965,35.612
427,14.233,611.88,361.48,-27.015,-29.55,40.038
428,14.267,611.41,360.87,-28.817,-32.115,43.149
429,14.3,610.97,360.03,-30.1,-33.412,44.971
430,14.333,609.45,358.88,-31.141,-33.379,45.65
431,14.367,607.51,357.7,-32.051,-32.16,45.405
432,14.4,605.22,356.36,-32.459,-29.882,44.119
433,14.433,603.01,354.9,-32.175,-26.782,41.863
434,14.467,601.27,353.67,-31.141,-24.122,39.391
435,14.5,600.15,352.51,-29.326,-22.39,36.896
436,14.533,599.91,351.48,-26.53,-21.579,34.197
437,14.567,600.35,350.43,-22.902,-21.52,31.426
438,14.6,600.38,349.35,-19.008,-21.551,28.736
439,14.633,600.6,348.36,-15.201,-22.154,26.868
440,14.667,600.28,347.36,-11.743,-23.186,25.99
441,14.7,599.71,348.69,-8.936,-23.98,25.591
442,14.733,599.09,350.05,-6.849,-25.104,26.021
443,14.767,597.9,350.42,-5.816,-26.364,26.998
444,14.8,597.02,349.87,-5.795,-27.764,28.362
445,14.833,596.8,348.57,-7.002,-29.197,30.025
446,14.867,597.13,346.81,-8.987,-30.608,31.9
447,14.9,597.58,344.41,-11.315,-31.85,33.8
448,14.933,597.82,340.67,-13.289,-32.554,35.162
449,14.967,598.04,339.03,-14.855,-32.699,35.915
450,15.0,598.02,338.39,-15.352,-31.816,35.326
451,15.033,597.04,337.55,-14.76,-29.828,33.28
452,15.067,595.55,336.75,-13.443,-26.663,29.861
453,15.1,594.37,336.38,-12.13,-22.422,25.493
454,15.133,593.37,336.22,-10.651,-16.976,20.041
455,15.167,592.6,336.11,-9.318,-10.46,14.009
456,15.2,592.33,336.19,-7.958,-2.912,8.474
457,15.233,592.05,335.98,-6.901,3.894,7.924
458,15.267,592.19,335.97,-5.789,9.466,11.096
459,15.3,592.16,336.11,-4.0,13.767,14.336
460,15.333,592.36,336.34,-1.618,16.77,16.847
461,15.367,592.81,337.07,0.848,18.42,18.439
462,15.4,593.32,338.01,3.186,18.839,19.106
463,15.433,593.46,338.79,5.107,18.37,19.066
464,15.467,594.42,340.23,6.43,17.994,19.108
465,15.5,594.4,340.93,6.904,17.166,18.503
466,15.533,594.13,341.54,6.308,15.543,16.774
467,15.567,593.74,341.84,5.214,13.482,14.455
468,15.6,593.9,342.26,3.75,11.039,11.658
469,15.633,593.77,342.28,1.854,8.133,8.342
470,15.667,593.74,342.26,-0.104,4.907,4.909
471,15.7,593.53,342.07,-1.791,1.675,2.452
472,15.733,594.32,342.56,-9.707,1.023,9.761
473,15.767,594.62,342.69,-13.211,-0.588,13.224
474,15.8,594.31,342.42,-13.214,-2.58,13.463
475,15.833,593.96,341.95,-10.35,-4.747,11.386
476,15.867,594.04,341.6,-5.237,-6.983,8.728
477,15.9,593.76,341.12,1.429,-9.1,9.212
478,15.933,593.38,340.65,8.909,-10.861,14.047
479,15.967,593.01,340.31,16.885,-12.171,20.814
480,16.0,592.65,340.02,24.12,-13.646,27.712
481,16.033,592.57,339.9,30.673,-15.025,34.155
482,16.067,592.09,339.53,36.494,-16.184,39.922
483,16.1,592.22,339.51,41.28,-17.098,44.681
484,16.133,592.99,339.85,44.945,-17.639,48.282
485,16.167,593.68,340.27,47.381,-17.753,50.598
486,16.2,594.16,340.5,48.577,-17.568,51.656
487,16.233,612.64,333.87,48.63,-17.114,51.553
488,16.267,612.34,334.11,52.598,-19.485,56.091
489,16.3,612.08,333.82,51.431,-20.366,55.317
490,16.333,611.93,333.67,46.368,-19.772,50.408
491,16.367,611.56,334.0,38.42,-17.689,42.296
492,16.4,611.0,334.08,28.276,-14.345,31.707
493,16.433,610.54,333.63,16.517,-10.144,19.384
494,16.467,609.9,333.09,4.177,-5.106,6.597
495,16.5,609.91,333.02,-8.121,0.318,8.127
496,16.533,609.92,333.03,-19.783,5.739,20.598
497,16.567,609.78,332.81,-30.376,10.669,32.196
498,16.6,610.22,332.81,-38.991,14.956,41.761
499,16.633,610.08,332.29,-44.876,18.413,48.507
500,16.667,610.17,331.81,-49.027,20.317,53.07
501,16.7,610.08,331.58,-50.678,19.957,54.466
502,16.733,609.91,331.66,-47.784,17.108,50.754
503,16.767,594.17,339.39,-49.694,15.306,51.998
504,16.8,594.96,339.73,-49.551,11.903,50.961
505,16.833,595.42,339.89,-47.73,7.015,48.242
506,16.867,595.41,339.59,-44.687,0.632,44.691
507,16.9,594.76,338.87,-40.564,-7.54,41.259
508,16.933,594.49,338.35,-35.285,-16.713,39.043
509,16.967,593.42,337.09,-29.296,-26.359,39.409
510,17.0,592.26,335.7,-22.237,-36.091,42.391
511,17.033,591.16,334.17,-13.945,-45.897,47.969
512,17.067,590.32,332.6,-5.003,-55.555,55.78
513,17.1,589.62,330.77,4.055,-64.756,64.883
514,17.133,588.32,327.96,12.999,-74.048,75.18
515,17.167,590.45,324.99,21.61,-82.645,85.424
516,17.2,593.92,322.11,28.738,-89.855,94.339
517,17.233,595.86,318.63,33.753,-94.908,100.731
518,17.267,596.11,315.29,35.149,-97.31,103.463
519,17.3,595.94,311.88,41.063,-101.111,109.131
520,17.333,596.2,308.68,44.932,-104.185,113.461
521,17.367,597.12,305.65,46.315,-107.381,116.943
522,17.4,598.57,303.19,45.193,-109.933,118.86
523,17.433,600.18,299.6,41.602,-111.21,118.736
524,17.467,602.93,295.67,35.399,-112.444,117.885
525,17.5,605.44,291.39,27.229,-113.308,116.534
526,17.533,606.55,286.94,17.656,-113.802,115.163
527,17.567,607.89,282.15,7.17,-113.806,114.032
528,17.6,609.53,277.22,-3.706,-115.308,115.367
529,17.633,609.54,274.02,-14.166,-118.821,119.663
530,17.667,608.3,271.06,-22.988,-122.55,124.687
531,17.7,606.69,268.14,-30.914,-125.97,129.708
532,17.733,603.72,264.6,-37.918,-128.943,134.403
533,17.767,601.18,260.49,-43.657,-131.455,138.515
534,17.8,598.95,255.4,-48.177,-132.24,140.743
535,17.833,596.68,250.76,-50.85,-131.159,140.672
536,17.867,594.67,247.87,-51.115,-129.785,139.488
537,17.9,592.57,243.68,-49.063,-128.132,137.204
538,17.933,590.99,237.76,-45.162,-126.628,134.44
539,17.967,589.74,233.34,-39.894,-124.725,130.95
540,18.0,588.71,228.4,-34.116,-121.97,126.652
541,18.033,587.86,222.88,-34.917,-123.378,128.224
542,18.067,587.53,216.14,-32.688,-121.558,125.877
543,18.1,587.69,213.18,-22.448,-112.968,115.177
544,18.133,588.0,212.57,-15.22,-104.361,105.465
545,18.167,588.61,210.24,-10.549,-96.285,96.861
546,18.2,588.83,207.59,-7.879,-88.581,88.93
547,18.233,587.2,204.92,-6.905,-82.187,82.476
548,18.267,585.26,203.41,-6.598,-77.095,77.376
549,18.3,585.09,199.3,-6.744,-74.328,74.634
550,18.333,585.0,194.16,-7.125,-73.979,74.321
551,18.367,583.99,191.75,-7.427,-76.23,76.59
552,18.4,582.58,189.29,-7.568,-81.403,81.754
553,18.433,581.27,186.9,-7.301,-88.6,88.9
554,18.467,580.31,184.05,-6.74,-95.877,96.114
555,18.5,578.98,180.04,-5.961,-103.589,103.76
556,18.533,595.52,189.51,-4.937,-110.45,110.561
557,18.567,595.62,185.81,-3.657,-115.755,115.813
558,18.6,578.94,171.21,-2.286,-118.024,118.047
559,18.633,579.74,168.18,-1.15,-118.241,118.247
560,18.667,580.64,164.46,-0.515,-116.861,116.862
561,18.7,581.57,158.9,-0.865,-113.621,113.624
562,18.733,582.45,153.66,-2.405,-108.545,108.571
563,18.767,583.05,147.46,-4.302,-101.951,102.041
564,18.8,583.46,143.17,-6.045,-94.915,95.107
565,18.833,583.54,140.62,-8.145,-86.141,86.525
566,18.867,583.34,139.55,-10.442,-75.153,75.875
567,18.9,582.97,138.67,-12.196,-63.049,64.218
568,18.933,582.48,138.3,-12.843,-50.229,51.845
569,18.967,582.02,137.22,-12.03,-37.359,39.248
570,19.0,581.63,137.07,-9.569,-24.642,26.435
571,19.033,581.18,136.15,-4.896,-11.821,12.794
572,19.067,580.67,135.95,-8.316,-7.057,10.906
573,19.1,580.02,136.28,-14.372,-5.657,15.445
574,19.133,579.27,136.87,-13.461,-1.965,13.604
575,19.167,578.45,135.99,-11.938,-0.32,11.942
576,19.2,577.78,135.46,-10.038,-0.647,10.059
577,19.233,577.46,134.91,-7.966,-1.874,8.183
578,19.267,577.48,134.68,-5.971,-3.706,7.027
579,19.3,577.77,134.91,-4.18,-4.879,6.424
580,19.333,578.15,134.54,-2.695,-4.848,5.547
581,19.367,578.44,134.52,-1.484,-4.126,4.385
582,19.4,578.46,134.03,-0.508,-3.394,3.432
583,19.433,578.37,133.47,0.276,-2.637,2.652
584,19.467,578.24,133.34,0.872,-2.208,2.374
585,19.5,578.16,133.35,1.264,-1.769,2.174
586,19.533,578.18,133.74,1.38,-1.677,2.172
587,19.567,578.25,134.37,1.224,-1.257,1.755
588,19.6,578.24,133.86,0.854,-0.232,0.884
589,19.633,578.2,133.97,0.39,0.631,0.742
590,19.667,578.04,133.8,-0.045,1.129,1.13
591,19.7,577.96,133.79,-0.333,1.766,1.797
592,19.733,577.87,133.87,-0.398,2.122,2.159
593,19.767,577.87,134.29,-0.228,2.108,2.12
594,19.8,577.97,134.91,0.065,2.038,2.039
595,19.833,578.13,134.23,0.34,1.876,1.906
596,19.867,578.22,133.78,0.521,1.861,1.933
597,19.9,578.29,133.7,0.567,1.832,1.917
598,19.933,578.3,133.56,0.594,2.152,2.233
599,19.967,578.34,133.78,0.651,3.022,3.092
600,20.0,578.35,134.36,0.838,3.617,3.713
601,20.033,578.37,135.2,1.155,4.015,4.178
602,20.067,578.43,135.79,1.543,4.066,4.349
603,20.1,578.41,135.09,1.939,3.749,4.221
604,20.133,578.36,135.04,2.375,3.376,4.128
605,20.167,578.32,134.58,2.866,2.956,4.117
606,20.2,578.4,134.17,3.486,2.924,4.55
607,20.233,578.57,134.49,4.226,3.083,5.231
608,20.267,578.69,135.51,5.137,2.557,5.738
609,20.3,578.88,135.95,6.761,1.195,6.866
610,20.333,579.13,135.96,8.442,-1.558,8.585
611,20.367,579.37,135.91,9.695,-4.68,10.766
612,20.4,579.7,135.74,10.144,-8.026,12.935
613,20.433,580.02,135.09,9.367,-11.06,14.494
614,20.467,580.39,133.87,7.929,-13.262,15.451
615,20.5,580.66,133.95,6.221,-14.866,16.115
616,20.533,580.91,133.92,4.388,-16.22,16.803
617,20.567,581.16,133.83,2.419,-17.349,17.517
618,20.6,581.46,133.24,-0.155,-18.384,18.385
619,20.633,581.72,133.04,-3.199,-18.426,18.702
620,20.667,581.93,132.23,-6.211,-17.789,18.842
621,20.7,582.07,130.35,-9.289,-16.307,18.767
622,20.733,582.09,128.12,-11.505,-14.002,18.123
623,20.767,581.9,127.41,-12.613,-11.305,16.938
624,20.8,579.9,126.77,-12.62,-8.869,15.425
625,20.833,578.3,127.37,-11.623,-6.719,13.426
626,20.867,577.15,127.85,-9.813,-4.996,11.011
627,20.9,576.71,128.87,-7.452,-3.837,8.381
628,20.933,577.57,129.19,-4.899,-3.444,5.988
629,20.967,577.87,128.78,-2.711,-3.521,4.444
630,21.0,577.53,128.63,-1.075,-4.201,4.336
631,21.033,576.94,128.91,0.809,-5.428,5.488
632,21.067,576.35,128.83,3.018,-6.821,7.459
633,21.1,577.06,128.98,5.888,-8.24,10.127
634,21.133,578.3,128.43,8.468,-9.148,12.465
635,21.167,579.28,127.78,10.637,-10.595,15.013
636,21.2,581.32,127.04,12.243,-12.331,17.376
637,21.233,581.88,126.19,12.967,-14.3,19.303
638,21.267,581.79,125.26,12.755,-16.441,20.808
639,21.3,581.48,124.35,11.551,-18.344,21.678
640,21.333,580.94,123.31,10.361,-19.791,22.339
641,21.367,580.28,122.5,9.392,-21.075,23.073
642,21.4,579.76,121.74,8.705,-21.689,23.371
643,21.433,579.64,121.37,8.245,-22.52,23.982
644,21.467,580.81,120.91,7.431,-23.35,24.503
645,21.5,582.85,122.01,6.429,-24.345,25.18
646,21.533,583.58,122.34,5.609,-24.869,25.494
647,21.567,583.95,121.85,5.308,-26.03,26.566
648,21.6,582.91,120.61,5.46,-27.908,28.437
649,21.633,583.14,117.84,5.438,-30.946,31.42
650,21.667,583.21,116.01,5.215,-33.857,34.256
651,21.7,583.18,113.74,5.03,-33.684,34.057
652,21.733,583.45,112.6,4.627,-31.237,31.578
653,21.767,583.6,113.14,4.159,-26.59,26.913
654,21.8,583.78,112.67,3.426,-19.985,20.276
655,21.833,583.94,112.46,2.717,-12.185,12.484
656,21.867,583.97,112.1,2.371,-4.147,4.777
657,21.9,584.08,110.56,2.298,2.798,3.621
658,21.933,584.09,109.89,2.209,10.318,10.552
659,21.967,583.99,109.15,2.046,19.62,19.726
660,22.0,583.85,109.79,1.403,29.392,29.425
661,22.033,583.61,109.2,-0.301,37.89,37.891
662,22.067,583.21,110.81,-2.647,43.865,43.944
663,22.1,583.53,114.0,-5.043,46.84,47.111
664,22.133,584.55,119.6,-6.473,45.389,45.849
665,22.167,585.31,125.11,-7.149,40.696,41.319
666,22.2,585.72,124.68,-6.478,32.151,32.798
667,22.233,584.75,124.9,-4.637,19.145,19.699
668,22.267,583.8,124.26,-2.537,4.893,5.511
669,22.3,583.51,122.86,-0.458,-9.603,9.614
670,22.333,582.78,121.76,1.373,-22.561,22.603
671,22.367,581.46,122.15,2.693,-33.336,33.444
672,22.4,580.52,125.59,3.758,-41.379,41.549
673,22.433,580.6,125.75,4.369,-45.732,45.94
674,22.467,581.29,121.13,4.602,-48.574,48.791
675,22.5,582.14,116.59,4.534,-50.793,50.995
676,22.533,583.34,111.26,4.25,-51.336,51.512
677,22.567,585.08,106.49,3.832,-48.861,49.011
678,22.6,586.27,101.53,3.385,-44.011,44.141
679,22.633,587.16,99.84,2.568,-37.606,37.694
680,22.667,587.52,98.41,0.98,-31.511,31.526
681,22.7,586.19,99.57,-1.471,-27.023,27.063
682,22.733,584.39,106.76,-4.72,-21.806,22.311
683,22.767,583.43,110.43,-7.999,-16.717,18.532
684,22.8,582.72,112.35,-11.342,-11.784,16.355
685,22.833,582.17,112.24,-14.761,-6.465,16.115
686,22.867,582.11,110.48,-17.658,-1.162,17.696
687,22.9,581.56,106.97,-19.229,3.309,19.511
688,22.933,581.27,101.62,-18.472,4.437,18.997
689,22.967,580.9,99.96,-15.878,3.442,16.247
690,23.0,580.48,102.1,-12.393,1.924,12.542
691,23.033,579.96,102.65,-8.547,-0.077,8.547
692,23.067,579.43,102.98,-4.728,-0.872,4.808
693,23.1,579.09,103.5,-1.482,0.173,1.492
694,23.133,578.96,104.09,0.876,3.981,4.077
695,23.167,578.85,104.69,2.05,9.676,9.891
696,23.2,578.89,105.54,1.887,17.444,17.546
697,23.233,578.98,105.75,1.399,26.657,26.694
698,23.267,579.02,106.58,0.94,32.448,32.462
699,23.3,579.87,107.98,0.468,35.414,35.417
700,23.333,580.91,108.98,-0.242,35.827,35.828
701,23.367,581.87,110.58,-1.673,33.804,33.846
702,23.4,582.62,111.99,-3.628,30.603,30.818
703,23.433,581.33,113.85,-5.133,28.381,28.841
704,23.467,579.65,114.0,-6.671,27.37,28.171
705,23.5,578.78,114.87,-8.486,25.451,26.828
706,23.533,578.46,116.69,-10.186,22.832,25.001
707,23.567,578.15,117.26,-11.264,21.391,24.175
708,23.6,577.61,117.46,-11.247,21.362,24.142
709,23.633,577.33,117.73,-9.983,22.99,25.064
710,23.667,577.2,118.05,-7.56,27.101,28.135
711,23.7,577.39,118.63,-3.966,33.838,34.069
712,23.733,577.04,118.05,-0.144,39.964,39.964
713,23.767,576.83,119.83,3.398,44.019,44.15
714,23.8,576.24,121.44,6.951,46.539,47.055
715,23.833,576.06,122.56,9.746,46.493,47.503
716,23.867,577.32,124.7,11.235,44.097,45.505
717,23.9,578.34,125.97,11.362,39.5,41.102
718,23.933,577.94,124.73,10.172,33.081,34.609
719,23.967,578.37,126.63,8.605,25.073,26.509
720,24.0,579.89,132.83,7.121,16.858,18.3
721,24.033,581.33,136.79,5.408,8.45,10.032
722,24.067,582.32,138.41,3.331,-0.333,3.348
723,24.1,582.51,139.42,0.892,-9.056,9.1
724,24.133,581.99,138.97,-1.506,-17.272,17.337
725,24.167,580.9,134.79,-3.549,-24.013,24.274
726,24.2,578.91,126.92,-4.939,-29.214,29.629
727,24.233,578.05,122.88,-6.021,-33.121,33.664
728,24.267,578.09,122.16,-6.667,-34.878,35.509
729,24.3,577.48,119.99,-6.87,-34.991,35.659
730,24.333,577.4,119.66,-6.065,-33.359,33.906
731,24.367,577.97,120.17,-4.481,-30.207,30.537
732,24.4,578.4,120.78,-2.892,-26.274,26.433
733,24.433,578.39,121.67,-1.222,-20.696,20.732
734,24.467,578.29,122.31,1.178,-12.172,12.229
735,24.5,578.08,122.41,3.864,-2.572,4.642
736,24.533,578.29,122.56,5.504,5.042,7.464
737,24.567,578.69,122.35,6.554,10.581,12.446
738,24.6,579.52,122.79,7.095,13.934,15.636
739,24.633,580.32,123.55,6.822,14.594,16.11
740,24.667,580.63,122.87,6.052,12.275,13.686
741,24.7,580.18,122.34,5.205,8.986,10.385
742,24.733,579.96,122.59,4.855,6.943,8.472
743,24.767,580.05,123.24,4.862,5.837,7.597
744,24.8,580.29,123.26,5.046,4.757,6.935
745,24.833,580.02,122.99,5.712,4.893,7.521
746,24.867,580.13,123.64,6.611,5.813,8.803
747,24.9,580.44,124.91,7.338,7.074,10.192
748,24.933,580.43,124.83,7.478,8.32,11.187
749,24.967,580.33,124.49,7.016,8.881,11.318
750,25.0,580.36,124.9,6.038,8.402,10.347
751,25.033,582.05,125.51,4.716,7.431,8.801
752,25.067,582.42,125.46,3.136,6.068,6.831
753,25.1,582.12,125.56,1.428,4.731,4.942
754,25.133,582.56,125.39,-0.226,3.644,3.651
755,25.167,582.85,125.8,-1.612,2.349,2.849
756,25.2,582.89,125.52,-2.502,1.639,2.991
757,25.233,583.14,126.43,-2.688,0.912,2.839
758,25.267,583.13,126.95,-2.152,-0.671,2.254
759,25.3,582.59,127.16,-0.964,-2.741,2.906
760,25.333,581.86,126.88,0.957,-4.372,4.475
761,25.367,581.03,126.07,3.832,-5.259,6.507
762,25.4,580.01,124.99,6.947,-5.637,8.947
763,25.433,579.65,124.01,9.73,-6.328,11.607
764,25.467,579.92,123.76,12.346,-6.325,13.872
765,25.5,580.64,124.51,14.7,-5.638,15.744
766,25.533,581.92,124.95,16.675,-5.275,17.489
767,25.567,583.46,125.45,17.478,-4.551,18.061
768,25.6,585.26,125.76,18.032,-2.951,18.272
769,25.633,586.61,124.84,18.239,-1.279,18.284
770,25.667,587.38,123.97,17.135,-0.165,17.136
771,25.7,587.82,122.44,14.925,0.424,14.931
772,25.733,588.5,122.24,12.107,1.375,12.185
773,25.767,589.0,123.85,8.855,2.293,9.147
774,25.8,589.18,125.05,5.053,3.024,5.888
775,25.833,588.52,125.3,1.549,3.707,4.017
776,25.867,587.16,125.48,-1.601,4.076,4.379
777,25.9,586.32,125.26,-4.987,3.777,6.256
778,25.933,586.11,125.82,-8.246,2.879,8.734
779,25.967,585.72,125.31,-10.693,2.265,10.93
780,26.0,585.65,124.98,-11.915,2.013,12.084
781,26.033,585.94,126.3,-12.25,2.145,12.436
782,26.067,586.04,125.89,-12.432,2.479,12.676
783,26.1,584.79,124.36,-11.521,3.325,11.991
784,26.133,584.01,123.87,-10.412,3.918,11.125
785,26.167,584.66,125.27,-8.795,4.513,9.885
786,26.2,585.34,126.63,-6.762,5.331,8.61
787,26.233,585.46,127.06,-4.604,7.024,8.399
788,26.267,584.91,126.84,-2.754,9.243,9.644
789,26.3,584.73,126.59,-1.176,11.124,11.186
790,26.333,583.19,125.59,-0.734,12.203,12.225
791,26.367,581.58,125.04,-0.733,13.075,13.096
792,26.4,581.91,126.0,-0.843,13.409,13.435
793,26.433,583.12,128.2,-1.111,13.453,13.499
794,26.467,583.61,129.67,-1.556,13.018,13.111
795,26.5,583.26,131.02,-2.107,12.603,12.778
796,26.533,583.48,131.26,-2.933,12.286,12.632
797,26.567,585.2,131.69,-4.346,11.18,11.994
798,26.6,584.59,130.59,-6.352,10.081,11.915
799,26.633,584.89,130.42,-7.939,9.822,12.629
800,26.667,584.15,130.85,-8.945,10.252,13.606
801,26.7,583.22,131.2,-9.892,10.499,14.425
802,26.733,582.5,131.45,-10.711,10.278,14.845
803,26.767,581.79,131.65,-11.861,9.67,15.303
804,26.8,580.28,131.53,-12.904,8.933,15.694
805,26.833,580.36,132.16,-13.951,8.309,16.238
806,26.867,579.78,132.17,-14.188,8.5,16.539
807,26.9,579.51,132.84,-13.131,9.576,16.251
808,26.933,579.36,133.63,-11.389,10.972,15.814
809,26.967,578.85,134.09,-9.396,11.924,15.181
810,27.0,578.45,134.59,-7.124,12.379,14.282
811,27.033,578.23,135.04,-4.446,12.013,12.809
812,27.067,578.39,135.57,-1.747,11.119,11.256
813,27.1,578.93,135.94,-0.061,9.609,9.609
814,27.133,579.21,136.19,1.455,8.36,8.485
815,27.167,579.35,136.32,2.234,7.181,7.521
816,27.2,579.26,136.25,2.731,5.873,6.476
817,27.233,578.42,136.11,4.001,4.522,6.038
818,27.267,578.72,136.29,4.932,3.12,5.836
819,27.3,578.92,136.67,4.939,1.722,5.231
820,27.333,579.17,136.9,4.921,0.648,4.964
821,27.367,579.55,136.9,4.17,-0.3,4.181
822,27.4,579.91,136.95,3.14,-0.679,3.213
823,27.433,580.08,136.91,1.753,-0.667,1.876
824,27.467,579.81,136.67,-0.243,-0.337,0.415
825,27.5,579.51,136.44,-2.531,0.23,2.541
826,27.533,579.51,136.37,-4.74,0.865,4.818
827,27.567,579.66,136.49,-6.572,1.449,6.73
828,27.6,579.84,136.57,-7.636,1.907,7.87
829,27.633,580.0,136.62,-8.268,2.16,8.546
830,27.667,580.24,136.67,-8.242,2.272,8.549
831,27.7,580.3,136.71,-7.888,2.29,8.214
832,27.733,577.74,136.69,-7.592,2.408,7.965
833,27.767,576.61,136.89,-6.775,2.697,7.292
834,27.8,576.79,137.28,-5.898,3.057,6.643
835,27.833,576.39,137.71,-4.855,3.334,5.89
836,27.867,576.24,138.09,-3.831,3.551,5.223
837,27.9,575.93,138.3,-2.841,3.721,4.681
838,27.933,575.74,138.23,-1.887,3.828,4.268
839,27.967,576.35,137.87,-0.944,3.868,3.981
840,28.0,577.39,137.69,0.247,3.99,3.998
841,28.033,578.36,137.64,1.666,4.241,4.557
842,28.067,579.17,137.77,2.986,4.445,5.355
843,28.1,578.92,137.86,4.012,4.549,6.065
844,28.133,578.67,138.21,4.562,4.585,6.468
845,28.167,577.64,138.53,4.582,4.665,6.539
846,28.2,576.9,138.91,3.883,4.864,6.224
847,28.233,577.09,139.16,2.416,5.221,5.753
848,28.267,577.19,139.44,1.684,5.756,5.997
849,28.3,577.41,139.65,1.321,6.28,6.418
850,28.333,577.51,139.84,0.765,6.588,6.633
851,28.367,577.99,139.95,0.379,6.627,6.638
852,28.4,578.35,140.13,0.255,6.312,6.317
853,28.433,578.58,140.24,0.632,5.703,5.738
854,28.467,578.72,140.38,1.613,4.907,5.166
855,28.5,578.55,140.41,2.826,4.16,5.03
856,28.533,578.3,140.38,3.958,3.587,5.342
857,28.567,578.29,140.65,4.481,3.154,5.479
858,28.6,578.34,140.94,4.172,2.834,5.043
859,28.633,578.54,141.27,3.518,2.689,4.428
860,28.667,578.64,141.46,2.574,2.503,3.59
861,28.7,578.76,141.47,1.831,2.168,2.838
862,28.733,578.84,141.33,1.491,1.682,2.248
863,28.767,578.76,141.14,1.305,1.045,1.672
864,28.8,578.85,141.06,1.357,0.319,1.394
865,28.833,579.16,141.13,1.421,-0.41,1.479
866,28.867,579.5,141.14,1.618,-1.083,1.947
867,28.9,579.68,141.24,1.688,-1.609,2.333
868,28.933,579.71,141.27,1.504,-2.069,2.557
869,28.967,579.56,141.37,0.977,-2.413,2.603
870,29.0,579.29,141.44,0.196,-2.568,2.575
871,29.033,578.7,141.25,-0.612,-2.545,2.617
872,29.067,578.69,141.09,-1.331,-2.22,2.589
873,29.1,578.9,140.84,-1.957,-1.751,2.626
874,29.133,579.02,140.45,-2.502,-1.273,2.807
875,29.167,579.12,140.23,-2.999,-0.85,3.117
876,29.2,579.34,140.25,-3.296,-0.468,3.329
877,29.233,579.38,140.25,-3.622,-0.124,3.624
878,29.267,579.19,140.47,-4.874,0.208,4.879
879,29.3,578.78,140.65,-6.312,0.616,6.342
880,29.333,578.62,140.79,-6.946,1.065,7.027
881,29.367,578.27,140.88,-6.332,1.427,6.491
882,29.4,577.9,140.89,-4.669,1.746,4.985
883,29.433,577.72,141.02,-1.708,2.011,2.638
884,29.467,577.82,141.18,2.292,2.312,3.255
885,29.5,577.88,141.16,6.175,2.519,6.669
886,29.533,577.89,141.28,9.597,2.449,9.904
887,29.567,577.96,141.26,12.931,2.315,13.136
888,29.6,577.99,141.2,15.436,2.073,15.574
889,29.633,578.1,141.28,16.943,1.8,17.038
890,29.667,578.21,141.3,17.518,1.604,17.591
891,29.7,578.08,141.27,17.209,1.446,17.269
892,29.733,578.48,141.28,15.941,1.294,15.993
893,29.767,581.64,141.39,13.871,1.192,13.922
894,29.8,584.77,141.44,11.135,0.932,11.174
895,29.833,586.38,141.5,7.979,0.602,8.002
896,29.867,586.6,141.7,4.495,0.198,4.499
897,29.9,586.47,141.88,0.93,-0.198,0.951
898,29.933,584.82,141.96,-2.527,-0.508,2.578
899,29.967,582.32,141.77,-5.781,-0.769,5.832
900,30.0,581.34,141.59,-8.846,-0.967,8.898
901,30.033,580.86,141.68,-11.648,-0.973,11.688
902,30.067,579.7,141.54,-14.015,-0.897,14.044
903,30.1,579.44,141.44,-15.764,-0.731,15.781
904,30.133,579.35,141.32,-16.661,-0.466,16.668
905,30.167,579.25,141.2,-16.717,-0.206,16.719
906,30.2,579.11,141.2,-15.809,0.04,15.809
907,30.233,579.05,141.14,-13.638,0.316,13.642
908,30.267,578.88,141.05,-10.155,0.682,10.178
909,30.3,578.81,141.25,-6.867,1.144,6.961
910,30.333,578.74,141.37,-4.478,1.657,4.774
911,30.367,578.54,141.6,-2.901,2.163,3.619
912,30.4,578.29,141.79,-1.851,2.525,3.131
913,30.433,578.03,141.96,-1.6,2.655,3.1
914,30.467,577.75,142.13,-1.538,2.563,2.989
915,30.5,577.51,142.21,-1.011,2.444,2.645
916,30.533,577.45,142.14,-0.372,2.358,2.387
917,30.567,577.46,142.06,0.246,2.284,2.297
918,30.6,577.42,142.04,1.221,2.22,2.534
919,30.633,577.26,142.03,2.236,2.194,3.133
920,30.667,577.41,142.11,3.192,2.324,3.948
921,30.7,577.78,142.27,4.101,2.533,4.82
922,30.733,578.34,142.49,4.871,2.603,5.523
923,30.767,578.74,142.58,5.293,2.522,5.863
924,30.8,579.0,142.48,5.561,2.325,6.027
925,30.833,579.21,142.43,5.607,1.972,5.944
926,30.867,579.26,142.43,5.422,1.495,5.625
927,30.9,579.04,142.5,5.126,0.828,5.192
928,30.933,579.06,142.68,4.665,-0.009,4.665
929,30.967,579.23,142.93,4.025,-1.145,4.185
930,31.0,579.53,143.08,3.159,-2.676,4.141
931,31.033,579.67,143.16,2.089,-4.438,4.905
932,31.067,579.69,142.94,0.9,-6.215,6.28
933,31.1,579.76,142.83,-0.085,-7.8,7.8
934,31.133,579.79,142.56,-0.747,-9.017,9.048
935,31.167,579.78,141.93,-0.782,-9.811,9.842
936,31.2,579.61,141.26,-0.357,-10.213,10.22
937,31.233,579.54,140.84,0.223,-10.232,10.234
938,31.267,579.81,140.53,0.825,-9.902,9.936
939,31.3,579.79,140.3,1.204,-9.143,9.222
940,31.333,579.77,139.92,1.319,-7.865,7.975
941,31.367,579.66,139.54,1.334,-5.984,6.131
942,31.4,579.34,139.17,1.122,-3.502,3.678
943,31.433,579.12,138.78,1.09,-0.512,1.204
944,31.467,579.04,138.74,1.178,2.803,3.04
945,31.5,579.3,139.15,1.284,6.184,6.316
946,31.533,579.91,139.65,1.374,9.379,9.479
947,31.567,580.62,140.24,1.278,12.175,12.242
948,31.6,580.83,140.8,1.093,14.53,14.571
949,31.633,580.96,141.21,0.55,16.323,16.333
950,31.667,580.57,141.68,-0.23,17.386,17.388
951,31.7,580.08,142.33,-1.126,17.966,18.001
952,31.733,579.82,143.04,-2.06,19.912,20.018
953,31.767,579.36,143.86,-2.98,22.923,23.116
954,31.8,579.33,144.68,-4.041,24.325,24.659
955,31.833,579.49,145.57,-5.127,23.726,24.274
956,31.867,579.31,146.25,-6.224,21.633,22.511
957,31.9,579.58,146.75,-7.231,18.538,19.899
958,31.933,579.41,147.1,-7.874,15.621,17.493
959,31.967,579.12,147.3,-8.082,11.812,14.313
960,32.0,578.78,147.47,-7.93,6.714,10.39
961,32.033,578.15,147.77,-7.569,1.553,7.727
962,32.067,577.82,148.19,-7.201,-2.902,7.763
963,32.1,577.3,148.75,-6.883,-6.594,9.531
964,32.133,577.31,149.28,-6.459,-10.775,12.563
965,32.167,577.24,150.27,-5.879,-16.218,17.251
966,32.2,577.01,151.29,-4.959,-22.756,23.29
967,32.233,576.91,147.66,-3.634,-28.753,28.982
968,32.267,576.76,142.25,-2.134,-33.828,33.895
969,32.3,576.62,141.19,-0.408,-38.028,38.031
970,32.333,576.58,141.29,1.372,-41.471,41.494
971,32.367,576.65,141.15,3.016,-44.922,45.023
972,32.4,576.79,140.6,4.513,-46.71,46.927
973,32.433,576.8,137.55,5.391,-45.706,46.023
974,32.467,576.81,136.95,5.743,-41.905,42.296
975,32.5,577.09,138.1,5.565,-34.202,34.652
976,32.533,577.56,137.17,4.884,-23.437,23.941
977,32.567,578.14,134.34,3.952,-10.474,11.195
978,32.6,578.54,130.48,3.519,11.098,11.642
979,32.633,578.85,128.98,2.343,28.989,29.083
980,32.667,578.87,130.37,0.454,35.562,35.565
981,32.7,578.77,133.43,-1.714,41.703,41.738
982,32.733,578.49,134.56,-3.643,46.202,46.345
983,32.767,578.33,135.7,-5.49,50.685,50.981
984,32.8,578.19,137.68,-6.791,56.331,56.739
985,32.833,577.85,140.98,-7.238,61.313,61.739
986,32.867,577.35,147.68,-6.902,64.83,65.196
987,32.9,576.87,152.88,-5.673,66.219,66.462
988,32.933,576.67,156.5,-3.404,65.159,65.248
989,32.967,576.54,160.26,-0.057,62.922,62.922
990,33.0,576.58,160.92,4.106,58.801,58.944
991,33.033,576.76,161.65,8.562,51.966,52.666
992,33.067,577.02,162.33,13.038,43.462,45.375
993,33.1,575.26,142.7,17.09,34.86,38.824
994,33.133,576.47,142.88,20.318,27.817,34.447
995,33.167,577.98,163.49,22.587,22.235,31.695
996,33.2,579.38,163.92,24.125,17.299,29.686
997,33.233,580.35,164.3,24.589,12.424,27.55
998,33.267,582.08,164.53,23.957,8.706,25.49
999,33.3,583.42,164.59,22.245,6.604,23.205
1000,33.333,584.34,164.34,19.382,6.258,20.367
1001,33.367,585.46,163.5,15.529,7.272,17.148
1002,33.4,586.23,163.03,11.096,7.393,13.333
1003,33.433,586.29,162.98,6.5,6.487,9.183
1004,33.467,585.78,163.22,2.199,4.404,4.922
1005,33.5,585.17,163.31,-1.606,0.173,1.616
1006,33.533,584.77,163.24,-4.964,-5.179,7.173
1007,33.567,584.07,163.05,-7.788,-11.591,13.964
1008,33.6,583.41,162.6,-9.962,-19.094,21.536
1009,33.633,583.16,161.9,-10.276,-15.551,18.639
1010,33.667,582.87,161.38,-9.914,-7.398,12.37
1011,33.7,581.94,161.15,-9.05,-6.331,11.045
1012,33.733,581.53,160.92,-7.679,-5.337,9.352
1013,33.767,581.37,160.86,-4.601,-4.914,6.732
1014,33.8,581.24,160.96,-1.848,-4.908,5.244
1015,33.833,581.51,160.89,0.459,-5.216,5.236
1016,33.867,582.21,160.57,2.337,-5.715,6.174
1017,33.9,582.97,160.42,3.481,-5.835,6.794
1018,33.933,583.63,159.98,3.721,-5.506,6.645
1019,33.967,583.6,159.76,3.289,-5.112,6.079
1020,34.0,583.33,160.02,2.393,-4.68,5.257
1021,34.033,583.26,160.48,1.209,-4.357,4.521
1022,34.067,583.12,160.54,-0.36,-4.084,4.1
1023,34.1,582.86,160.3,-2.337,-3.947,4.587
1024,34.133,582.85,159.79,-4.128,-3.879,5.665
1025,34.167,583.14,159.1,-5.651,-3.689,6.749
1026,34.2,583.51,158.36,-6.852,-3.347,7.626
1027,34.233,583.82,157.79,-7.259,-3.019,7.862
1028,34.267,581.17,158.19,-6.831,-2.611,7.313
1029,34.3,580.99,158.47,-5.761,-1.965,6.087
1030,34.333,580.94,158.72,-4.125,-1.213,4.3
1031,34.367,580.85,159.15,-2.2,-0.465,2.249
1032,34.4,580.72,159.26,-0.251,0.306,0.396
1033,34.433,580.79,159.03,1.317,1.018,1.664
1034,34.467,580.79,159.24,2.491,1.797,3.071
1035,34.5,580.95,159.06,3.508,2.59,4.361
1036,34.533,581.05,159.07,4.487,3.065,5.434
1037,34.567,581.39,158.92,5.16,3.238,6.092
1038,34.6,582.61,158.9,5.546,3.182,6.393
1039,34.633,583.16,159.03,5.7,2.943,6.415
1040,34.667,583.36,159.18,5.988,2.672,6.557
1041,34.7,583.54,159.35,5.818,2.582,6.365
1042,34.733,583.58,159.8,4.397,2.854,5.242
1043,34.767,583.15,160.24,1.299,3.533,3.765
1044,34.8,582.82,160.17,-1.374,4.166,4.387
1045,34.833,582.59,159.95,-3.63,4.792,6.011
1046,34.867,582.47,159.9,-5.558,5.347,7.712
1047,34.9,582.23,159.98,-6.975,5.584,8.935
1048,34.933,582.39,160.08,-7.779,5.568,9.566
1049,34.967,582.31,160.31,-7.955,5.394,9.612
1050,35.0,582.08,160.6,-7.673,5.028,9.173
1051,35.033,581.69,161.17,-6.907,4.482,8.234
1052,35.067,581.56,161.32,-5.611,3.75,6.749
1053,35.1,581.41,161.41,-3.883,2.91,4.853
1054,35.133,581.3,161.57,-2.297,1.938,3.005
1055,35.167,579.86,161.7,-0.017,0.895,0.895
1056,35.2,578.74,161.74,1.843,-0.058,1.844
1057,35.233,578.96,161.68,2.692,-0.871,2.829
1058,35.267,580.48,161.62,2.443,-1.539,2.888
1059,35.3,581.87,161.58,2.086,-2.202,3.033
1060,35.333,581.89,161.36,1.715,-2.708,3.205
1061,35.367,582.13,161.07,1.221,-2.969,3.21
1062,35.4,582.17,160.88,0.084,-3.159,3.16
1063,35.433,582.12,160.68,-0.654,-3.216,3.281
1064,35.467,581.82,160.64,-1.241,-3.007,3.253
1065,35.5,581.97,160.23,-1.528,-2.57,2.99
1066,35.533,582.0,160.16,-1.558,-1.904,2.46
1067,35.567,582.0,160.06,-1.385,-1.203,1.835
1068,35.6,581.89,160.15,-1.172,-0.493,1.272
1069,35.633,581.65,160.47,-1.202,0.153,1.212
1070,35.667,579.2,160.8,-1.433,0.493,1.516
1071,35.7,578.51,160.94,-1.114,0.574,1.253
1072,35.733,579.09,161.05,0.37,0.416,0.557
1073,35.767,580.47,160.76,1.944,0.028,1.944
1074,35.8,580.65,160.49,2.417,-0.763,2.534
1075,35.833,580.7,160.25,2.364,-2.009,3.102
1076,35.867,581.03,160.05,2.302,-3.637,4.305
1077,35.9,582.84,160.24,2.182,-5.602,6.012
1078,35.933,582.96,160.37,2.049,-7.721,7.988
1079,35.967,583.01,160.28,1.886,-9.785,9.965
1080,36.0,582.65,160.09,1.793,-11.7,11.836
1081,36.033,582.16,159.66,1.388,-13.037,13.111
1082,36.067,581.74,158.96,0.552,-14.041,14.052
1083,36.1,581.19,158.33,-0.429,-14.541,14.548
1084,36.133,581.15,157.68,-1.369,-14.504,14.568
1085,36.167,581.0,157.31,-2.214,-14.097,14.269
1086,36.2,580.98,156.71,-1.828,-13.445,13.569
1087,36.233,579.88,155.97,-0.879,-12.641,12.672
1088,36.267,579.97,155.13,0.099,-11.884,11.884
1089,36.3,581.51,154.6,0.739,-10.931,10.956
1090,36.333,581.78,154.21,1.644,-9.983,10.118
1091,36.367,582.04,154.05,2.715,-8.802,9.212
1092,36.4,582.09,154.26,3.731,-7.282,8.182
1093,36.433,582.06,154.45,3.97,-5.678,6.929
1094,36.467,582.01,154.6,3.984,-3.996,5.643
1095,36.5,581.92,154.66,3.809,-2.229,4.413
1096,36.533,582.18,154.4,3.64,-0.516,3.677
1097,36.567,582.87,154.54,3.408,1.254,3.631
1098,36.6,583.02,154.56,2.922,2.949,4.152
1099,36.633,582.68,154.36,2.476,4.612,5.235
1100,36.667,582.08,154.15,1.6,6.105,6.311
1101,36.7,581.7,153.92,0.412,7.171,7.183
1102,36.733,581.85,153.86,-1.12,7.956,8.034
1103,36.767,582.26,154.19,-1.964,8.593,8.815
1104,36.8,582.46,154.47,-2.368,9.075,9.378
1105,36.833,582.27,155.43,-3.019,9.382,9.856
1106,36.867,582.41,156.15,-3.466,9.47,10.084
1107,36.9,582.84,156.72,-3.774,9.337,10.071
1108,36.933,582.84,157.34,-3.948,8.867,9.706
1109,36.967,582.75,157.73,-4.013,8.129,9.066
1110,37.0,582.33,157.94,-3.96,7.206,8.222
1111,37.033,581.58,158.17,-3.701,6.107,7.141
1112,37.067,580.92,158.0,-3.51,5.107,6.197
1113,37.1,580.65,158.11,-3.605,4.024,5.402
1114,37.133,580.04,157.89,-3.782,2.869,4.747
1115,37.167,580.1,157.8,-3.796,1.829,4.213
1116,37.2,580.37,157.86,-3.425,1.035,3.578
1117,37.233,581.04,157.76,-2.692,0.646,2.769
1118,37.267,581.29,157.51,-1.826,0.726,1.965
1119,37.3,581.43,157.54,-1.016,1.167,1.548
1120,37.333,581.33,157.59,-0.393,2.129,2.165
1121,37.367,581.1,157.86,0.299,3.123,3.138
1122,37.4,580.82,158.19,0.866,4.02,4.112
1123,37.433,580.62,158.57,1.055,4.688,4.805
1124,37.467,580.55,158.85,0.941,4.962,5.05
1125,37.5,580.56,159.0,0.504,4.933,4.959
1126,37.533,580.51,159.2,-0.074,4.662,4.662
1127,37.567,580.77,159.22,-0.544,4.181,4.216
1128,37.6,580.92,159.27,-0.774,3.713,3.793
1129,37.633,580.95,159.45,-0.905,3.292,3.414
1130,37.667,580.93,159.62,-0.709,2.982,3.065
1131,37.7,580.86,159.78,-0.366,2.595,2.621
1132,37.733,580.81,159.9,0.051,2.038,2.038
1133,37.767,580.73,159.96,0.255,1.45,1.473
1134,37.8,580.6,159.98,0.376,1.012,1.079
1135,37.833,580.77,159.64,0.419,0.704,0.82
1136,37.867,580.75,159.37,0.467,0.667,0.814
1137,37.9,580.75,159.26,0.519,0.939,1.073
1138,37.933,580.75,159.38,0.617,1.332,1.467
1139,37.967,580.78,159.7,0.714,1.806,1.942
1140,38.0,580.85,159.97,0.833,2.223,2.374
1141,38.033,580.88,160.28,0.917,2.44,2.606
1142,38.067,580.9,160.47,1.037,2.412,2.626
1143,38.1,580.81,160.59,1.078,2.201,2.451
1144,38.133,580.84,160.27,1.067,1.941,2.215
1145,38.167,581.01,160.0,1.014,1.619,1.91
1146,38.2,581.15,160.04,0.925,1.186,1.504
1147,38.233,581.24,160.23,0.758,0.799,1.101
1148,38.267,581.36,160.45,0.577,0.345,0.672
1149,38.3,581.36,160.7,0.385,-0.244,0.456
1150,38.333,581.27,160.95,0.282,-0.964,1.005
1151,38.367,581.09,160.99,0.187,-1.619,1.63
1152,38.4,581.0,160.64,0.122,-1.999,2.003
1153,38.433,580.94,160.39,0.089,-2.157,2.159
1154,38.467,581.02,159.91,0.095,-2.241,2.243
1155,38.5,581.03,159.55,0.102,-2.373,2.375
1156,38.533,581.14,159.54,0.054,-2.515,2.515
1157,38.567,581.23,159.6,-0.046,-2.592,2.593
1158,38.6,581.24,159.85,-0.139,-2.678,2.681
1159,38.633,581.17,159.92,-0.18,-2.688,2.694
1160,38.667,581.1,159.91,-0.203,-2.3,2.309
1161,38.7,581.05,160.01,-0.23,-1.574,1.59
1162,38.733,581.15,159.7,-0.224,-0.697,0.732
1163,38.767,581.16,159.51,-0.219,0.227,0.315
1164,38.8,581.25,159.48,-0.289,1.138,1.174
1165,38.833,581.26,159.51,-0.421,1.976,2.02
1166,38.867,581.14,159.66,-0.528,2.541,2.596
1167,38.9,581.08,159.53,-0.669,3.003,3.076
1168,38.933,580.99,159.51,-0.97,3.564,3.694
1169,38.967,580.87,159.7,-1.124,4.142,4.292
1170,39.0,580.78,160.05,-1.122,4.815,4.944
1171,39.033,580.76,160.44,-0.969,5.519,5.604
1172,39.067,580.81,160.61,-0.789,6.095,6.146
1173,39.1,580.78,160.98,-0.888,6.424,6.485
1174,39.133,580.82,161.21,-1.315,6.47,6.602
1175,39.167,580.89,161.17,-1.545,6.208,6.397
1176,39.2,580.86,161.26,-1.825,5.577,5.868
1177,39.233,580.69,161.49,-2.358,4.646,5.21
1178,39.267,580.51,161.74,-3.027,3.654,4.745
1179,39.3,580.35,161.98,-3.832,2.693,4.683
1180,39.333,580.19,162.12,-4.905,1.915,5.266
1181,39.367,579.88,162.52,-6.1,1.42,6.263
1182,39.4,579.81,162.57,-7.505,1.353,7.626
1183,39.433,580.12,162.42,-9.463,1.6,9.597
1184,39.467,579.86,162.22,-11.702,2.144,11.897
1185,39.5,579.31,162.05,-13.804,2.954,14.117
1186,39.533,578.6,161.99,-15.426,3.85,15.899
1187,39.567,577.8,161.97,-16.667,4.782,17.339
1188,39.6,577.51,162.12,-17.152,5.699,18.074
1189,39.633,577.5,162.14,-17.153,6.565,18.366
1190,39.667,576.38,162.36,-16.855,7.537,18.463
1191,39.7,575.57,162.92,-16.197,8.699,18.385
1192,39.733,575.2,163.44,-15.163,10.072,18.203
1193,39.767,574.44,164.14,-13.707,11.498,17.891
1194,39.8,573.68,164.92,-11.799,12.79,17.401
1195,39.833,573.1,165.51,-9.306,13.781,16.629
1196,39.867,572.25,165.94,-6.562,14.392,15.817
1197,39.9,571.8,165.85,-3.678,14.535,14.993
1198,39.933,572.46,166.21,-0.905,14.493,14.521
1199,39.967,573.27,166.64,1.403,14.501,14.568
1200,40.0,573.79,166.96,3.241,14.704,15.057
1201,40.033,573.88,167.45,4.622,15.037,15.731
1202,40.067,574.31,167.94,5.515,15.351,16.312
1203,40.1,573.88,168.77,6.218,15.579,16.774
1204,40.133,573.96,169.54,6.596,15.731,17.058
1205,40.167,574.42,170.03,6.209,15.865,17.036
1206,40.2,574.75,170.53,5.63,16.055,17.014
1207,40.233,575.08,170.77,4.855,16.255,16.965
1208,40.267,575.39,170.99,3.572,16.455,16.838
1209,40.3,575.54,171.39,2.073,16.421,16.552
1210,40.333,575.06,172.05,0.577,16.098,16.108
1211,40.367,574.85,173.03,-0.766,15.571,15.59
1212,40.4,574.76,174.02,-1.569,14.967,15.049
1213,40.433,574.68,174.74,-1.687,14.57,14.667
1214,40.467,574.51,175.11,-1.638,14.165,14.26
1215,40.5,574.49,175.13,-1.615,13.645,13.74
1216,40.533,574.59,175.14,-1.557,12.741,12.836
1217,40.567,574.99,175.33,-1.135,11.247,11.304
1218,40.6,575.0,175.72,-0.5,9.204,9.218
1219,40.633,574.65,176.04,0.803,6.665,6.713
1220,40.667,574.64,176.54,2.554,3.828,4.602
1221,40.7,574.55,176.91,4.423,1.242,4.594
1222,40.733,574.38,177.02,6.176,-1.115,6.276
1223,40.767,574.61,177.07,7.451,-2.829,7.97
1224,40.8,574.95,177.3,8.133,-3.958,9.045
1225,40.833,575.32,177.39,8.325,-4.513,9.469
1226,40.867,575.71,177.25,8.253,-4.624,9.46
1227,40.9,576.11,176.73,7.82,-4.535,9.04
1228,40.933,576.37,175.94,7.116,-4.521,8.431
1229,40.967,576.78,174.97,6.235,-4.559,7.724
1230,41.0,577.36,173.9,5.55,-4.582,7.197
1231,41.033,577.97,173.48,4.865,-5.226,7.14
1232,41.067,578.27,173.62,3.856,-6.158,7.266
1233,41.1,578.34,174.21,2.534,-6.974,7.42
1234,41.133,578.12,174.82,1.022,-7.607,7.675
1235,41.167,577.66,175.42,-0.432,-8.026,8.037
1236,41.2,577.05,175.33,-1.679,-8.423,8.589
1237,41.233,576.56,175.35,-2.807,-8.581,9.029
1238,41.267,576.54,174.76,-3.528,-8.49,9.194
1239,41.3,576.62,174.32,-3.667,-9.26,9.959
1240,41.333,576.49,173.72,-3.523,-10.592,11.162
1241,41.367,576.56,172.99,-3.253,-12.208,12.634
1242,41.4,576.83,172.05,-2.714,-14.176,14.434
1243,41.433,577.02,171.2,-1.954,-16.338,16.454
1244,41.467,577.13,170.08,-1.109,-18.348,18.382
1245,41.5,576.54,168.7,-0.584,-19.381,19.389
1246,41.533,576.11,169.2,-0.378,-19.916,19.92
1247,41.567,576.31,169.68,-0.661,-19.734,19.745
1248,41.6,576.23,169.55,-1.415,-18.672,18.725
1249,41.633,576.3,169.1,-2.71,-16.82,17.037
1250,41.667,576.5,168.53,-4.328,-14.339,14.978
1251,41.7,576.28,167.93,-5.978,-12.023,13.427
1252,41.733,576.52,166.53,-7.344,-9.803,12.249
1253,41.767,576.57,164.72,-8.319,-8.198,11.679
1254,41.8,575.86,165.25,-8.786,-7.36,11.461
1255,41.833,575.47,165.31,-9.008,-6.486,11.1
1256,41.867,575.32,164.92,-8.969,-5.334,10.435
1257,41.9,574.71,164.92,-8.943,-3.793,9.714
1258,41.933,573.85,165.29,-9.197,-1.818,9.375
1259,41.967,573.15,165.77,-9.656,0.228,9.658
1260,42.0,573.06,165.08,-10.23,2.445,10.518
1261,42.033,572.71,166.14,-10.411,4.442,11.319
1262,42.067,572.4,166.98,-10.088,5.896,11.685
1263,42.1,572.19,167.17,-9.466,6.631,11.557
1264,42.133,572.35,166.72,-8.346,6.737,10.726
1265,42.167,572.56,165.73,-6.567,6.178,9.016
1266,42.2,572.7,165.6,-4.052,5.256,6.637
1267,42.233,572.68,165.56,-0.925,4.468,4.563
1268,42.267,572.63,166.37,2.143,4.781,5.239
1269,42.3,571.9,168.54,4.98,6.813,8.439
1270,42.333,571.41,169.27,7.456,10.077,12.536
1271,42.367,571.02,169.46,9.336,14.553,17.29
1272,42.4,571.09,169.2,10.531,20.16,22.745
1273,42.433,571.7,168.64,11.356,25.989,28.362
1274,42.467,572.48,168.54,12.153,31.3,33.576
1275,42.5,573.39,168.51,12.967,35.429,37.728
1276,42.533,574.32,170.27,13.518,38.944,41.224
1277,42.567,575.38,171.38,13.928,40.978,43.281
1278,42.6,576.5,172.73,13.828,41.529,43.771
1279,42.633,577.59,174.56,13.39,40.792,42.933
1280,42.667,578.05,177.31,12.655,39.253,41.243
1281,42.7,577.63,180.35,11.645,37.402,39.173
1282,42.733,577.12,183.03,10.521,35.204,36.743
1283,42.767,576.86,184.98,9.375,32.911,34.22
1284,42.8,576.46,186.64,8.233,29.764,30.882
1285,42.833,576.81,186.7,7.458,25.209,26.289
1286,42.867,577.46,185.99,7.049,20.277,21.467
1287,42.9,578.13,184.69,7.213,15.281,16.898
1288,42.933,578.66,183.9,7.774,10.782,13.292
1289,42.967,578.87,183.53,8.667,7.265,11.309
1290,43.0,578.97,183.95,10.179,4.924,11.307
1291,43.033,579.05,184.44,11.961,4.144,12.659
1292,43.067,579.03,185.02,13.688,3.872,14.225
1293,43.1,579.97,185.46,15.183,4.475,15.829
1294,43.133,580.92,185.98,15.831,5.964,16.917
1295,43.167,581.64,186.3,15.352,7.873,17.253
1296,43.2,582.33,186.69,13.878,9.427,16.777
1297,43.233,582.68,186.89,12.009,10.027,15.644
1298,43.267,582.91,186.86,10.244,9.673,14.089
1299,43.3,583.03,188.04,8.671,8.594,12.208
1300,43.333,583.21,189.19,7.214,6.743,9.874
1301,43.367,583.58,189.46,5.719,4.398,7.215
1302,43.4,583.84,189.74,3.899,1.969,4.368
1303,43.433,584.45,189.68,1.838,0.028,1.838
1304,43.467,584.86,189.45,-0.18,-1.353,1.365
1305,43.5,584.24,188.97,-2.108,-2.076,2.959
1306,43.533,583.66,188.07,-4.025,-2.122,4.55
1307,43.567,583.21,187.78,-5.675,-1.721,5.93
1308,43.6,582.42,187.43,-6.665,-0.548,6.688
1309,43.633,582.3,186.94,-7.617,1.575,7.778
1310,43.667,582.43,186.98,-8.576,4.734,9.796
1311,43.7,582.75,187.6,-9.321,9.111,13.034
1312,43.733,582.92,188.83,-9.582,14.513,17.39
1313,43.767,582.43,189.91,-9.239,20.465,22.454
1314,43.8,581.61,190.58,-8.456,27.133,28.42
1315,43.833,581.35,190.83,-6.855,33.201,33.901
1316,43.867,580.95,191.69,-5.138,38.707,39.047
1317,43.9,580.97,192.83,-3.69,43.709,43.864
1318,43.933,580.9,194.21,-2.319,48.011,48.067
1319,43.967,580.32,195.98,-1.338,51.71,51.727
1320,44.0,579.95,198.11,-0.619,54.748,54.751
1321,44.033,580.18,200.03,0.373,56.164,56.165
1322,44.067,580.42,202.85,1.696,56.72,56.746
1323,44.1,580.37,205.26,3.411,56.158,56.262
1324,44.133,580.97,207.54,6.066,54.824,55.159
1325,44.167,581.85,209.42,9.369,53.05,53.871
1326,44.2,582.63,210.7,12.2,51.143,52.578
1327,44.233,582.77,211.65,14.343,49.01,51.066
1328,44.267,582.72,213.25,15.358,47.35,49.779
1329,44.3,582.95,214.37,15.712,45.047,47.708
1330,44.333,582.18,216.57,15.337,42.551,45.23
1331,44.367,582.55,217.94,14.638,40.016,42.609
1332,44.4,583.65,219.22,13.206,37.585,39.838
1333,44.433,584.58,220.17,11.456,35.334,37.145
1334,44.467,585.79,220.47,9.477,33.337,34.658
1335,44.5,586.74,220.2,8.311,31.497,32.574
1336,44.533,587.49,222.04,7.184,30.278,31.119
1337,44.567,588.16,223.18,6.635,29.083,29.831
1338,44.6,588.51,224.74,6.318,27.253,27.976
1339,44.633,587.72,226.19,6.371,24.302,25.123
1340,44.667,586.11,227.8,6.964,20.541,21.689
1341,44.7,585.9,228.88,8.23,16.178,18.151
1342,44.733,585.49,229.94,9.18,11.382,14.623
1343,44.767,585.85,228.41,9.273,6.564,11.361
1344,44.8,585.91,228.78,8.503,2.632,8.901
1345,44.833,586.91,228.68,6.758,0.504,6.777
1346,44.867,586.91,229.09,4.829,-0.562,4.862
1347,44.9,588.38,229.19,2.618,-0.468,2.659
1348,44.933,589.08,229.23,-0.117,0.708,0.717
1349,44.967,589.97,229.19,-3.179,2.97,4.351
1350,45.0,589.26,229.22,-6.56,6.82,9.463
1351,45.033,590.24,227.62,-10.031,12.347,15.908
1352,45.067,589.63,227.1,-13.442,19.264,23.49
1353,45.1,589.51,226.92,-16.781,27.245,31.998
1354,45.133,589.4,228.27,-19.99,35.15,40.437
1355,45.167,587.95,229.55,-22.42,42.563,48.107
1356,45.2,584.67,231.31,-23.459,48.666,54.025
1357,45.233,582.2,234.31,-23.509,52.643,57.654
1358,45.267,581.01,238.39,-22.236,54.863,59.198
1359,45.3,580.3,241.06,-19.962,56.099,59.544
1360,45.333,580.08,242.51,-16.564,55.901,58.304
1361,45.367,580.13,244.13,-12.585,54.65,56.081
1362,45.4,580.24,245.96,-7.713,51.425,52.0
1363,45.433,580.7,247.79,-2.919,46.903,46.994
1364,45.467,581.36,249.7,1.818,41.218,41.258
1365,45.5,581.99,251.02,6.055,34.306,34.836
1366,45.533,582.49,252.82,10.372,26.952,28.879
1367,45.567,582.82,252.43,13.601,20.594,24.679
1368,45.6,583.07,251.82,16.1,16.123,22.785
1369,45.633,583.36,251.84,17.351,14.28,22.471
1370,45.667,583.55,251.56,16.87,13.991,21.917
1371,45.7,583.94,251.56,15.076,15.814,21.849
1372,45.733,584.46,253.06,13.179,19.087,23.194
1373,45.767,584.8,253.21,11.386,22.924,25.596
1374,45.8,585.18,254.32,9.586,26.335,28.025
1375,45.833,585.59,254.86,7.837,29.379,30.406
1376,45.867,585.95,254.96,6.231,32.684,33.273
1377,45.9,586.3,256.76,5.213,35.9,36.276
1378,45.933,586.7,257.99,4.333,38.498,38.741
1379,45.967,586.96,259.6,3.135,40.11,40.232
1380,46.0,587.07,262.5,1.35,40.246,40.269
1381,46.033,586.81,264.94,-1.052,39.136,39.15
1382,46.067,586.46,267.56,-3.735,36.331,36.522
1383,46.1,585.97,268.73,-6.722,33.242,33.915
1384,46.133,585.39,268.61,-9.671,29.963,31.485
1385,46.167,585.05,269.46,-12.342,26.743,29.453
1386,46.2,584.91,269.11,-14.708,24.279,28.386
1387,46.233,584.8,269.49,-16.594,23.076,28.423
1388,46.267,584.7,270.1,-17.875,22.501,28.737
1389,46.3,584.47,270.71,-18.303,23.17,29.527
1390,46.333,584.22,271.56,-18.082,24.181,30.194
1391,46.367,583.63,271.69,-17.226,25.755,30.985
1392,46.4,581.65,271.89,-15.589,28.133,32.164
1393,46.433,580.21,272.48,-13.489,30.067,32.954
1394,46.467,579.36,273.43,-11.325,32.003,33.948
1395,46.5,579.01,275.09,-9.315,33.403,34.677
1396,46.533,579.03,276.76,-7.458,33.746,34.56
1397,46.567,578.78,278.79,-5.867,32.907,33.425
1398,46.6,579.14,280.19,-4.189,30.542,30.828
1399,46.633,579.41,282.42,-2.253,27.358,27.451
1400,46.667,579.54,284.38,0.041,24.599,24.599
1401,46.7,580.18,285.79,2.49,21.177,21.323
1402,46.733,580.69,286.16,4.691,18.298,18.889
1403,46.767,581.0,285.89,6.569,15.374,16.719
1404,46.8,580.93,284.99,7.969,13.046,15.287
1405,46.833,581.15,284.58,8.88,11.581,14.594
1406,46.867,581.27,283.95,9.307,10.346,13.916
1407,46.9,580.77,283.29,9.137,9.998,13.544
1408,46.933,580.45,283.7,9.136,10.672,14.048
1409,46.967,580.54,283.8,9.136,12.295,15.318
1410,47.0,581.0,284.96,8.788,14.808,17.219
1411,47.033,581.46,285.94,8.182,17.725,19.522
1412,47.067,582.56,287.32,7.043,21.341,22.473
1413,47.1,583.16,288.93,5.783,25.392,26.042
1414,47.133,583.45,290.31,4.327,29.208,29.527
1415,47.167,583.47,290.42,2.716,32.223,32.337
1416,47.2,583.42,292.07,1.074,33.917,33.934
1417,47.233,583.73,292.82,-0.835,34.155,34.165
1418,47.267,583.87,294.75,-2.889,33.022,33.148
1419,47.3,583.95,295.51,-5.052,30.881,31.292
1420,47.333,583.73,295.57,-7.103,28.208,29.089
1421,47.367,582.95,296.7,-9.108,25.013,26.62
1422,47.4,582.19,297.43,-10.883,21.746,24.317
1423,47.433,581.17,298.2,-12.027,18.971,22.462
1424,47.467,580.35,299.09,-12.441,16.735,20.853
1425,47.5,580.19,299.98,-12.147,15.439,19.645
1426,47.533,579.75,301.2,-11.323,14.776,18.616
1427,47.567,579.85,301.36,-10.067,14.873,17.96
1428,47.6,579.77,300.66,-8.748,15.083,17.436
1429,47.633,579.48,301.12,-7.364,15.502,17.163
1430,47.667,579.3,301.13,-5.809,14.884,15.978
1431,47.7,579.18,301.42,-4.14,13.858,14.463
1432,47.733,579.16,301.67,-2.425,12.446,12.68
1433,47.767,578.99,302.34,-0.76,11.082,11.108
1434,47.8,578.95,303.01,0.756,9.213,9.244
1435,47.833,579.0,303.85,1.944,8.136,8.365
1436,47.867,579.13,304.95,2.629,7.934,8.358
1437,47.9,579.1,306.19,2.611,9.168,9.533
1438,47.933,579.12,307.28,1.914,14.378,14.504
1439,47.967,579.16,307.83,3.975,25.478,25.786
1440,48.0,579.11,308.16,3.217,35.834,35.978
1441,48.033,579.1,308.12,0.561,44.781,44.784
1442,48.067,579.25,307.66,-5.257,54.282,54.536
1443,48.1,579.24,307.91,-8.571,58.11,58.739
1444,48.133,579.31,307.28,-12.484,61.306,62.564
1445,48.167,579.08,309.51,-16.665,63.973,66.108
1446,48.2,578.95,313.01,-20.86,65.653,68.887
1447,48.233,578.84,316.17,-24.477,65.912,70.31
1448,48.267,578.14,320.3,-27.059,65.058,70.461
1449,48.3,577.12,325.57,-28.602,63.496,69.641
1450,48.333,575.77,330.14,-29.037,60.874,67.445
1451,48.367,574.36,336.53,-28.101,57.098,63.638
1452,48.4,573.73,341.71,-25.685,52.446,58.398
1453,48.433,573.26,340.72,-21.739,46.973,51.76
1454,48.467,564.13,330.97,-16.617,40.792,44.047
1455,48.5,565.92,331.35,-10.819,34.075,35.752
1456,48.533,566.9,332.41,-4.379,27.329,27.678
1457,48.567,573.49,326.81,2.431,21.13,21.269
1458,48.6,568.38,335.55,8.874,23.868,25.464
1459,48.633,569.21,336.71,14.913,15.123,21.239
1460,48.667,570.56,336.22,20.158,9.119,22.125
1461,48.7,572.39,336.73,25.054,12.824,28.145
1462,48.733,573.83,338.11,28.569,13.731,31.697
1463,48.767,574.71,339.34,30.446,12.907,33.069
1464,48.8,576.11,339.36,30.712,10.552,32.475
1465,48.833,577.66,340.12,29.513,6.258,30.169
1466,48.867,578.73,341.2,27.118,0.262,27.119
1467,48.9,579.24,341.58,23.735,-8.874,25.339
1468,48.933,579.24,341.54,19.2,-21.434,28.776
1469,48.967,579.26,341.16,13.443,-34.857,37.36
1470,49.0,579.74,340.95,11.786,-43.565,45.131
1471,49.033,579.81,340.17,10.244,-50.863,51.884
1472,49.067,579.71,338.92,9.113,-56.771,57.497
1473,49.1,580.38,315.94,5.123,-57.165,57.394
1474,49.133,580.75,337.52,3.898,-58.86,58.989
1475,49.167,581.29,337.76,3.611,-59.339,59.449
1476,49.2,580.31,316.87,3.965,-57.746,57.882
1477,49.233,580.54,317.47,4.247,-54.587,54.752
1478,49.267,580.75,317.92,4.105,-50.488,50.654
1479,49.3,581.12,318.2,4.492,-45.649,45.869
1480,49.333,581.46,318.41,5.028,-39.687,40.004
1481,49.367,581.74,318.36,5.397,-33.046,33.484
1482,49.4,582.01,318.19,5.59,-26.549,27.131
1483,49.433,582.11,317.63,5.698,-20.164,20.953
1484,49.467,582.31,317.02,5.846,-14.419,15.559
1485,49.5,582.52,316.5,5.713,-9.77,11.317
1486,49.533,582.66,316.0,5.179,-7.043,8.743
1487,49.567,583.01,315.31,4.787,-6.56,8.121
1488,49.6,583.34,314.55,5.133,-9.003,10.363
1489,49.633,583.56,313.86,5.956,-1.311,6.098
1490,49.667,583.19,313.45,7.117,-4.644,8.498
1491,49.7,582.75,313.02,7.648,-11.83,14.087
1492,49.733,583.03,312.97,8.308,-11.138,13.896
1493,49.767,584.48,313.18,8.689,-10.296,13.473
1494,49.8,584.62,313.43,9.179,-9.367,13.114
1495,49.833,584.75,313.64,9.484,-8.243,12.566
1496,49.867,584.83,313.41,9.544,-7.155,11.928
1497,49.9,584.85,313.44,8.945,-5.925,10.73
1498,49.933,584.85,312.67,7.784,-4.653,9.069
1499,49.967,585.0,312.0,6.478,-3.263,7.253
1500,50.0,586.11,311.29,5.289,-1.802,5.588
1501,50.033,587.47,310.82,4.193,-0.378,4.21
1502,50.067,588.37,310.33,2.967,0.997,3.13
1503,50.1,588.21,310.96,1.598,2.32,2.818
1504,50.133,587.25,311.26,0.061,3.522,3.522
1505,50.167,585.98,311.75,-1.21,4.461,4.622
1506,50.2,586.05,311.81,-1.336,5.168,5.338
1507,50.233,586.27,312.44,0.083,5.899,5.899
1508,50.267,586.55,312.93,2.147,6.498,6.843
1509,50.3,585.98,313.52,3.443,7.019,7.818
1510,50.333,585.63,313.82,4.495,7.589,8.82
1511,50.367,585.26,314.38,5.424,8.155,9.794
1512,50.4,585.93,314.52,6.313,8.907,10.917
1513,50.433,586.83,314.63,7.177,9.591,11.979
1514,50.467,587.4,314.68,8.107,10.644,13.38
1515,50.5,587.45,314.74,9.109,12.321,15.323
1516,50.533,587.54,314.81,9.533,14.168,17.076
1517,50.567,588.35,314.73,9.203,16.547,18.934
1518,50.6,589.31,314.76,8.006,19.299,20.894
1519,50.633,590.69,315.15,5.62,21.646,22.363
1520,50.667,591.53,316.22,3.345,24.128,24.358
1521,50.7,591.03,317.51,1.587,26.311,26.358
1522,50.733,589.31,318.78,-0.088,28.268,28.268
1523,50.767,588.18,320.44,-1.741,29.843,29.894
1524,50.8,588.3,321.98,-3.45,30.498,30.693
1525,50.833,588.43,323.16,-4.638,30.578,30.928
1526,50.867,588.39,324.27,-5.288,29.763,30.229
1527,50.9,588.23,325.2,-5.128,27.882,28.35
1528,50.933,588.17,326.19,-4.532,25.759,26.154
1529,50.967,588.07,326.92,-3.806,23.311,23.62
1530,51.0,587.9,326.88,-2.984,20.832,21.045
1531,51.033,587.97,327.85,-1.9,18.509,18.606
1532,51.067,587.59,327.92,-0.562,16.483,16.493
1533,51.1,587.17,328.33,0.669,14.971,14.986
1534,51.133,588.53,329.31,1.492,14.035,14.114
1535,51.167,588.52,329.18,1.586,13.314,13.408
1536,51.2,588.55,329.38,0.97,12.56,12.598
1537,51.233,588.54,329.67,0.462,11.676,11.685
1538,51.267,588.53,329.46,0.696,10.77,10.793
1539,51.3,588.63,330.37,1.407,9.698,9.799
1540,51.333,588.56,330.36,2.061,8.315,8.566
1541,51.367,588.62,331.28,2.521,6.842,7.292
1542,51.4,588.5,332.63,2.767,5.312,5.99
1543,51.433,588.18,332.81,2.788,3.39,4.389
1544,51.467,587.96,333.29,2.599,1.157,2.845
1545,51.5,587.89,333.34,2.384,-1.382,2.755
1546,51.533,588.0,333.04,2.078,-3.498,4.068
1547,51.567,588.29,332.41,1.598,-5.511,5.738
1548,51.6,588.66,331.5,1.993,-7.192,7.464
1549,51.633,589.35,330.44,2.083,-8.432,8.686
1550,51.667,589.83,330.06,0.886,-9.754,9.794
1551,51.7,590.2,329.81,-1.157,-10.991,11.052
1552,51.733,589.69,329.72,-3.458,-12.218,12.698
1553,51.767,589.03,329.5,-5.955,-13.443,14.703
1554,51.8,588.7,329.09,-8.318,-14.208,16.464
1555,51.833,588.27,328.86,-10.491,-15.132,18.413
1556,51.867,587.88,328.3,-12.101,-15.833,19.928
1557,51.9,587.56,327.47,-13.388,-16.733,21.43
1558,51.933,587.38,327.41,-14.386,-17.864,22.937
1559,51.967,587.13,327.14,-14.993,-18.769,24.022
1560,52.0,586.47,327.15,-14.889,-19.565,24.586
1561,52.033,585.98,326.59,-14.531,-20.093,24.797
1562,52.067,585.41,325.56,-13.65,-20.552,24.671
1563,52.1,582.62,324.77,-12.445,-21.026,24.433
1564,52.133,582.2,323.26,-11.075,-21.096,23.827
1565,52.167,582.27,321.82,-9.971,-20.913,23.168
1566,52.2,583.07,321.0,-9.317,-20.521,22.537
1567,52.233,583.15,320.29,-9.648,-19.882,22.099
1568,52.267,583.51,319.73,-10.049,-18.923,21.426
1569,52.3,583.48,319.03,-10.588,-17.668,20.598
1570,52.333,583.33,318.74,-12.19,-16.083,20.181
1571,52.367,582.48,318.88,-13.527,-14.12,19.554
1572,52.4,581.83,319.37,-14.282,-11.257,18.185
1573,52.433,581.37,319.33,-14.387,-7.513,16.23
1574,52.467,581.06,319.2,-13.946,-3.438,14.364
1575,52.5,580.03,318.73,-13.58,0.857,13.607
1576,52.533,579.87,317.84,-13.683,4.969,14.557
1577,52.567,578.99,317.39,-14.176,8.606,16.583
1578,52.6,578.09,317.52,-14.779,11.635,18.81
1579,52.633,577.1,317.32,-14.09,13.938,19.819
1580,52.667,576.25,318.12,-12.986,15.994,20.602
1581,52.7,575.53,318.99,-11.733,18.01,21.494
1582,52.733,575.91,320.0,-10.776,19.763,22.51
1583,52.767,575.31,320.92,-9.982,21.087,23.33
1584,52.8,575.17,322.11,-9.51,21.653,23.65
1585,52.833,577.47,323.65,-9.258,21.324,23.247
1586,52.867,577.79,325.05,-9.196,20.33,22.313
1587,52.9,577.35,325.46,-9.018,18.619,20.688
1588,52.933,576.26,325.86,-8.852,16.303,18.552
1589,52.967,574.49,326.15,-8.816,13.78,16.359
1590,53.0,573.4,326.13,-8.965,10.988,14.181
1591,53.033,573.47,325.75,-8.846,7.824,11.81
1592,53.067,573.48,325.73,-8.823,4.569,9.935
1593,53.1,573.09,326.13,-8.555,0.941,8.607
1594,53.133,572.58,326.43,-7.869,-2.932,8.397
1595,53.167,572.28,326.38,-6.67,-6.197,9.105
1596,53.2,572.2,325.88,-4.914,-8.949,10.21
1597,53.233,572.18,325.09,-2.643,-10.842,11.16
1598,53.267,572.41,324.32,-0.361,-12.2,12.206
1599,53.3,572.59,324.07,2.213,-12.761,12.952
1600,53.333,572.74,324.68,4.665,-12.403,13.252
1601,53.367,572.77,324.92,6.089,-11.874,13.344
1602,53.4,572.8,325.08,6.41,-11.128,12.842
1603,53.433,573.04,324.51,6.089,-9.505,11.288
1604,53.467,573.45,323.18,5.284,-7.64,9.29
1605,53.5,573.85,321.7,4.54,-5.676,7.268
1606,53.533,574.15,320.73,3.962,-3.936,5.584
1607,53.567,574.37,320.13,3.081,-2.035,3.692
1608,53.6,574.53,320.74,1.949,-0.014,1.949
1609,53.633,574.42,321.7,0.853,1.54,1.76
1610,53.667,574.31,322.27,-0.13,2.945,2.948
1611,53.7,574.09,322.81,-0.976,4.099,4.213
1612,53.733,573.96,322.85,-1.726,5.351,5.622
1613,53.767,573.63,323.62,-2.325,7.6,7.948
1614,53.8,573.51,324.17,-2.818,10.558,10.927
1615,53.833,573.97,324.02,-3.193,14.327,14.679
1616,53.867,573.13,324.69,-3.409,16.454,16.803
1617,53.9,573.34,324.88,-3.292,15.613,15.956
1618,53.933,573.05,323.89,-2.755,11.024,11.363
1619,53.967,573.11,323.63,-2.018,4.887,5.287
1620,54.0,573.31,323.35,-1.189,-3.085,3.306
1621,54.033,573.3,323.93,-0.425,-11.462,11.47
1622,54.067,573.34,324.21,0.201,-19.325,19.326
1623,54.1,573.31,324.21,0.626,-28.742,28.749
1624,54.133,573.13,324.86,0.813,-40.023,40.032
1625,54.167,573.1,324.6,0.819,-51.595,51.601
1626,54.2,573.1,324.4,0.715,-62.707,62.711
1627,54.233,573.2,323.51,0.465,-72.208,72.209
1628,54.267,573.33,320.09,0.18,-76.867,76.867
1629,54.3,573.41,315.87,-0.062,-76.455,76.455
1630,54.333,573.57,308.88,-0.227,-71.9,71.9
1631,54.367,573.73,304.15,-0.414,-63.721,63.722
1632,54.4,573.69,301.89,0.083,-53.21,53.21
1633,54.433,573.45,302.1,0.702,-40.14,40.146
1634,54.467,573.36,299.17,1.492,-24.509,24.554
1635,54.5,573.15,298.59,2.159,-7.42,7.728
1636,54.533,573.04,296.75,2.084,10.462,10.667
1637,54.567,572.97,293.38,1.536,27.335,27.378
1638,54.6,572.97,295.91,0.386,43.006,43.008
1639,54.633,572.98,301.42,-2.563,56.491,56.549
1640,54.667,573.09,306.46,-6.183,66.245,66.532
1641,54.7,573.09,313.19,-9.728,72.29,72.941
1642,54.733,573.37,320.36,-12.34,74.014,75.035
1643,54.767,573.43,322.42,-13.91,70.79,72.144
1644,54.8,573.66,322.21,-14.194,64.077,65.631
1645,54.833,573.74,322.45,-13.371,54.361,55.981
1646,54.867,573.17,323.14,-11.777,44.71,46.235
1647,54.9,572.07,324.6,-9.711,35.846,37.138
1648,54.933,570.75,324.51,-7.01,27.016,27.911
1649,54.967,569.36,323.91,-3.827,17.506,17.92
1650,55.0,567.87,323.34,-0.244,9.049,9.052
1651,55.033,567.37,322.41,3.739,1.471,4.018
1652,55.067,566.59,322.74,7.988,-3.643,8.78
1653,55.1,566.14,321.95,12.415,-4.411,13.175
1654,55.133,569.38,321.71,16.814,-2.509,17.0
1655,55.167,572.19,322.56,20.97,0.362,20.973
1656,55.2,574.56,322.91,24.726,3.582,24.984
1657,55.233,575.73,323.12,27.845,5.137,28.315
1658,55.267,576.71,324.38,29.924,3.355,30.111
1659,55.3,576.95,325.08,31.208,0.155,31.209
1660,55.333,577.21,326.74,31.618,-3.055,31.765
1661,55.367,577.75,327.02,30.918,-6.031,31.501
1662,55.4,578.66,325.82,29.007,-9.071,30.392
1663,55.433,579.18,325.16,26.169,-12.795,29.129
1664,55.467,580.05,324.11,23.065,-16.074,28.113
1665,55.5,580.82,323.64,20.012,-18.962,27.569
1666,55.533,581.52,322.91,17.821,-21.3,27.773
1667,55.567,582.18,321.66,16.19,-22.548,27.758
1668,55.6,582.69,320.55,15.733,-23.321,28.132
1669,55.633,583.22,318.83,17.43,-22.814,28.71
1670,55.667,583.87,317.11,19.548,-20.847,28.578
1671,55.7,584.4,315.89,21.66,-17.692,27.967
1672,55.733,585.25,315.73,23.356,-13.388,26.921
1673,55.767,586.51,316.62,24.864,-8.047,26.134
1674,55.8,587.21,317.43,26.094,-2.662,26.23
1675,55.833,587.41,317.86,27.274,2.644,27.402
1676,55.867,587.64,317.81,28.155,6.337,28.859
1677,55.9,588.58,318.04,28.531,9.27,29.999
1678,55.933,589.94,318.71,28.184,12.65,30.892
1679,55.967,590.91,318.33,27.178,15.557,31.315
1680,56.0,592.25,318.77,25.738,17.85,31.322
1681,56.033,593.09,319.43,23.856,19.046,30.526
1682,56.067,594.66,319.97,21.46,18.66,28.438
1683,56.1,596.48,321.11,18.7,17.251,25.442
1684,56.133,596.95,322.22,16.028,15.153,22.057
1685,56.167,597.01,322.96,13.733,13.17,19.028
1686,56.2,597.05,322.99,11.74,11.751,16.611
1687,56.233,597.16,323.0,9.927,10.445,14.41
1688,56.267,597.07,322.9,8.005,9.076,12.102
1689,56.3,596.72,323.14,5.507,7.161,9.033
1690,56.333,596.16,323.32,2.561,5.032,5.646
1691,56.367,596.0,325.07,-0.446,3.549,3.577
1692,56.4,596.05,325.68,-3.107,3.375,4.587
1693,56.433,596.23,324.41,-5.327,3.573,6.414
1694,56.467,596.85,323.74,-6.822,3.805,7.811
1695,56.5,596.81,323.28,-7.183,4.436,8.442
1696,56.533,596.87,322.91,-7.086,5.037,8.694
1697,56.567,597.3,323.81,-6.649,5.282,8.492
1698,56.6,597.7,324.54,-6.358,5.71,8.546
1699,56.633,597.47,324.91,-6.836,6.111,9.169
1700,56.667,596.49,324.68,-7.009,6.155,9.328
1701,56.7,595.24,324.06,-6.643,5.471,8.606
1702,56.733,594.16,324.75,-5.735,4.678,7.401
1703,56.767,593.31,325.73,-4.457,3.975,5.972
1704,56.8,593.04,327.31,-2.544,3.596,4.404
1705,56.833,593.37,328.62,-0.273,3.628,3.638
1706,56.867,594.21,328.41,2.601,4.431,5.138
1707,56.9,595.22,326.69,6.031,5.078,7.884
1708,56.933,596.14,326.17,9.729,5.394,11.124
1709,56.967,596.23,325.65,13.402,6.147,14.744
1710,57.0,595.53,325.43,16.475,7.004,17.902
1711,57.033,595.53,325.61,19.03,7.576,20.483
1712,57.067,596.23,326.6,21.024,8.229,22.577
1713,57.1,597.23,326.81,22.111,8.417,23.659
1714,57.133,599.17,326.68,22.033,8.468,23.605
1715,57.167,600.1,326.85,21.075,8.459,22.71
1716,57.2,600.83,328.13,19.636,8.671,21.466
1717,57.233,601.45,329.18,17.91,9.448,20.249
1718,57.267,602.19,330.2,15.879,10.083,18.81
1719,57.3,602.23,331.23,13.889,10.317,17.301
1720,57.333,602.92,331.91,12.221,9.869,15.708
1721,57.367,603.31,331.66,10.546,8.457,13.518
1722,57.4,603.22,330.78,8.857,7.005,11.292
1723,57.433,603.11,330.2,7.029,6.179,9.359
1724,57.467,603.04,329.57,4.906,5.829,7.619
1725,57.5,603.24,329.27,2.815,5.716,6.371
1726,57.533,603.57,330.06,1.351,6.047,6.196
1727,57.567,603.67,330.69,0.704,6.678,6.715
1728,57.6,603.73,331.51,0.427,6.96,6.973
1729,57.633,603.88,331.69,0.448,7.126,7.14
1730,57.667,603.7,331.85,0.482,7.404,7.419
1731,57.7,603.37,332.07,0.65,7.727,7.754
1732,57.733,603.25,332.31,0.718,8.032,8.064
1733,57.767,603.72,332.99,0.828,8.322,8.363
1734,57.8,604.12,333.93,0.855,8.991,9.031
1735,57.833,603.94,334.47,1.14,9.922,9.988
1736,57.867,604.2,335.21,0.839,11.098,11.13
1737,57.9,604.04,335.05,0.441,12.74,12.748
1738,57.933,603.75,335.19,-0.295,14.767,14.77
1739,57.967,603.61,334.83,-0.831,16.927,16.948
1740,58.0,603.69,335.21,-1.409,19.39,19.441
1741,58.033,603.89,335.18,-2.081,21.891,21.99
1742,58.067,603.59,335.2,-3.158,23.991,24.198
1743,58.1,603.83,335.76,-4.052,25.724,26.041
1744,58.133,604.08,336.78,-4.668,27.154,27.552
1745,58.167,603.56,338.34,-5.114,28.25,28.709
1746,58.2,603.17,340.69,-5.31,29.482,29.956
1747,58.233,603.23,342.58,-5.301,29.934,30.399
1748,58.267,602.94,344.76,-5.178,29.286,29.74
1749,58.3,602.48,345.9,-5.279,27.598,28.099
1750,58.333,601.68,346.54,-5.639,25.01,25.637
1751,58.367,601.93,346.59,-6.219,21.739,22.611
1752,58.4,601.25,346.22,-7.272,18.223,19.62
1753,58.433,601.59,346.28,-8.41,14.75,16.98
1754,58.467,600.96,346.6,-9.835,11.884,15.426
1755,58.5,600.88,346.76,-10.989,8.78,14.066
1756,58.533,600.78,347.38,-12.719,4.717,13.565
1757,58.567,601.35,347.9,-14.328,1.056,14.367
1758,58.6,600.99,348.25,-15.364,-1.772,15.466
1759,58.633,600.28,347.76,-16.203,-3.829,16.65
1760,58.667,599.4,347.51,-17.156,-5.052,17.884
1761,58.7,598.4,345.78,-17.623,-5.507,18.464
1762,58.733,597.58,345.56,-17.974,-5.594,18.824
1763,58.767,596.78,346.38,-18.183,-6.088,19.175
1764,58.8,595.96,347.13,-18.085,-7.602,19.618
1765,58.833,594.99,347.5,-17.133,-9.129,19.413
1766,58.867,594.44,347.89,-15.44,-10.543,18.696
1767,58.9,594.12,346.97,-13.542,-11.618,17.843
1768,58.933,593.46,346.09,-10.575,-11.883,15.907
1769,58.967,593.73,343.29,-7.572,-11.644,13.89
1770,59.0,592.95,342.73,-4.384,-11.424,12.236
1771,59.033,594.16,343.97,-1.222,-11.639,11.703
1772,59.067,594.18,343.78,2.352,-12.207,12.432
1773,59.1,593.77,343.37,4.614,-13.101,13.89
1774,59.133,593.52,343.21,6.279,-14.13,15.462
1775,59.167,593.84,342.87,7.412,-14.381,16.178
1776,59.2,593.72,342.14,7.915,-13.524,15.67
1777,59.233,594.58,340.84,7.807,-10.902,13.409
1778,59.267,595.22,341.07,7.288,-7.02,10.119
1779,59.3,596.01,342.2,6.834,-2.583,7.305
1780,59.333,595.84,342.04,5.773,2.033,6.121
1781,59.367,596.27,341.78,5.098,6.543,8.295
1782,59.4,596.79,341.52,4.471,10.418,11.337
1783,59.433,596.08,340.67,3.938,13.974,14.518
1784,59.467,596.04,339.93,2.774,17.088,17.312
1785,59.5,596.39,340.01,1.169,20.77,20.803
1786,59.533,596.54,341.63,0.415,24.251,24.254
1787,59.567,595.08,343.22,-0.919,26.373,26.389
1788,59.6,595.88,345.31,-1.715,27.427,27.481
1789,59.633,595.77,347.61,-2.016,27.684,27.757
1790,59.667,595.62,349.2,-1.55,26.973,27.017
1791,59.7,595.83,349.85,-0.578,25.445,25.452
1792,59.733,596.4,350.71,0.847,23.227,23.242
1793,59.767,596.69,351.23,2.19,20.933,21.047
1794,59.8,595.93,351.54,3.656,18.29,18.652
1795,59.833,596.82,351.62,5.174,14.608,15.497
1796,59.867,596.11,351.58,6.499,10.443,12.3
1797,59.9,595.71,351.61,7.631,6.211,9.839
1798,59.933,594.95,351.6,8.27,2.311,8.587
1799,59.967,596.63,351.51,9.182,-0.408,9.191
1800,60.0,597.87,351.54,10.05,-1.571,10.172
1801,60.033,597.88,351.42,10.536,-1.123,10.596
1802,60.067,599.1,351.44,10.656,0.575,10.672
1803,60.1,599.02,351.84,11.337,3.106,11.755
1804,60.133,599.55,351.89,11.519,5.834,12.912
1805,60.167,599.57,352.03,11.566,8.588,14.406
1806,60.2,599.48,352.07,11.544,11.446,16.257
1807,60.233,599.95,352.56,11.366,14.842,18.694
1808,60.267,600.63,353.12,10.663,18.239,21.127
1809,60.3,600.81,353.33,9.83,21.337,23.493
1810,60.333,600.4,354.12,9.333,24.125,25.868
1811,60.367,601.24,355.38,8.35,26.363,27.654
1812,60.4,601.49,356.67,7.808,27.884,28.957
1813,60.433,601.97,357.93,7.462,28.844,29.794
1814,60.467,602.0,358.91,7.093,29.318,30.163
1815,60.5,602.03,360.05,5.09,29.899,30.329
1816,60.533,602.14,361.17,1.641,29.998,30.043
1817,60.567,602.17,361.68,-2.378,29.868,29.962
1818,60.6,602.05,362.81,-7.728,30.074,31.051
1819,60.633,601.99,364.54,-13.916,30.586,33.603
1820,60.667,601.84,365.86,-21.047,31.42,37.818
1821,60.7,601.63,366.91,-28.091,32.861,43.231
1822,60.733,601.14,367.23,-34.492,35.18,49.268
1823,60.767,600.82,367.74,-39.772,38.286,55.205
1824,60.8,599.5,368.66,-43.855,41.313,60.25
1825,60.833,597.92,369.46,-46.21,44.854,64.399
1826,60.867,595.96,370.84,-46.205,49.098,67.42
1827,60.9,592.96,372.96,-44.4,53.006,69.145
1828,60.933,589.76,375.09,-40.669,56.6,69.696
1829,60.967,587.44,377.52,-35.551,60.134,69.857
1830,61.0,586.32,379.01,-29.167,63.642,70.008
1831,61.033,585.25,381.96,-21.481,66.901,70.265
1832,61.067,583.89,385.28,-12.886,69.808,70.987
1833,61.1,583.39,387.83,-3.688,73.018,73.112
1834,61.133,584.05,390.2,5.497,76.416,76.613
1835,61.167,585.79,393.09,13.99,79.367,80.59
1836,61.2,587.32,395.53,21.371,82.262,84.993
1837,61.233,589.22,397.56,27.12,84.84,89.069
1838,61.267,590.58,399.11,30.892,87.108,92.423
1839,61.3,592.1,402.46,32.115,88.871,94.496
1840,61.333,593.35,405.36,30.934,89.73,94.912
1841,61.367,594.15,407.31,27.586,89.88,94.018
1842,61.4,594.69,410.92,22.121,89.698,92.385
1843,61.433,594.94,414.66,15.072,89.517,90.777
1844,61.467,595.45,417.88,7.364,89.844,90.145
1845,61.5,596.08,421.22,-0.306,90.284,90.284
1846,61.533,595.91,424.89,-7.355,91.469,91.764
1847,61.567,595.38,428.85,-13.139,92.633,93.56
1848,61.6,594.27,432.14,-16.654,92.999,94.479
1849,61.633,593.27,434.88,-18.242,92.593,94.373
1850,61.667,592.42,437.79,-18.924,91.551,93.486
1851,61.7,591.38,439.48,-19.301,90.091,92.135
1852,61.733,590.39,441.13,-18.876,88.62,90.608
1853,61.767,589.41,443.18,-17.877,87.284,89.096
1854,61.8,588.62,445.7,-16.044,86.922,88.39
1855,61.833,588.07,449.3,-13.561,86.763,87.816
1856,61.867,587.21,453.74,-10.801,86.829,87.498
1857,61.9,586.94,458.0,-7.861,87.203,87.557
1858,61.933,587.85,461.42,-4.965,86.908,87.049
1859,61.967,589.15,463.67,-2.31,85.606,85.637
1860,62.0,590.27,466.12,-0.449,83.574,83.575
1861,62.033,590.38,468.03,0.137,80.987,80.987
1862,62.067,589.92,469.77,-0.511,77.772,77.773
1863,62.1,588.22,472.24,-2.067,73.358,73.387
1864,62.133,586.84,475.34,-3.964,67.562,67.678
1865,62.167,587.02,478.73,-6.031,61.328,61.624
1866,62.2,587.95,481.3,-8.176,54.812,55.419
1867,62.233,588.21,483.3,-10.184,48.85,49.9
1868,62.267,588.37,485.43,-11.717,44.161,45.689
1869,62.3,588.01,486.41,-12.681,41.23,43.137
1870,62.333,587.1,486.81,-13.146,39.819,41.933
1871,62.367,586.29,486.79,-13.347,38.77,41.003
1872,62.4,585.28,487.31,-13.21,37.212,39.487
1873,62.433,584.23,488.26,-13.094,35.521,37.858
1874,62.467,583.26,489.66,-13.282,33.677,36.202
1875,62.5,582.68,491.09,-13.534,32.181,34.911
1876,62.533,582.54,492.14,-14.089,31.328,34.351
1877,62.567,583.0,492.86,-14.88,31.403,34.75
1878,62.6,583.34,494.21,-15.46,32.505,35.994
1879,62.633,583.36,496.89,-15.045,34.416,37.561
1880,62.667,583.23,498.71,-13.202,36.998,39.283
1881,62.7,582.93,500.4,-10.213,39.359,40.662
1882,62.733,582.59,502.13,-6.248,41.964,42.426
1883,62.767,581.64,503.17,-1.583,44.628,44.656
1884,62.8,580.53,503.16,3.047,47.436,47.534
1885,62.833,579.45,503.19,7.233,50.432,50.948
1886,62.867,578.84,504.66,10.985,53.827,54.936
1887,62.9,578.98,507.24,13.981,57.334,59.014
1888,62.933,580.29,508.98,16.297,61.278,63.408
1889,62.967,581.8,511.33,17.996,65.068,67.51
1890,63.0,582.38,514.1,19.022,68.877,71.455
1891,63.033,583.19,516.44,19.381,72.023,74.585
1892,63.067,584.73,519.01,18.841,75.003,77.333
1893,63.1,586.19,522.06,16.935,78.435,80.242
1894,63.133,587.94,525.29,13.583,82.054,83.171
1895,63.167,589.34,527.95,8.773,84.871,85.323
1896,63.2,589.85,531.67,2.819,87.966,88.011
1897,63.233,588.79,534.6,-4.091,91.323,91.415
1898,63.267,587.3,537.94,-11.71,94.842,95.562
1899,63.3,585.99,540.21,-19.399,98.283,100.179
1900,63.333,584.97,542.74,-25.796,101.803,105.021
1901,63.367,583.84,545.1,-30.341,105.531,109.806
1902,63.4,582.91,548.78,-32.657,109.026,113.812
1903,63.433,581.84,551.66,-32.631,112.121,116.773
1904,63.467,580.64,555.66,-30.529,115.061,119.042
1905,63.5,579.62,559.0,-26.841,117.499,120.525
1906,63.533,578.35,563.96,-21.428,119.062,120.975
1907,63.567,577.16,568.84,-14.608,120.431,121.314
1908,63.6,576.29,573.32,-7.038,121.049,121.254
1909,63.633,575.72,578.13,0.225,120.677,120.677
1910,63.667,575.83,583.83,6.483,119.281,119.457
1911,63.7,576.04,587.72,11.203,117.635,118.167
1912,63.733,576.84,590.97,13.952,114.841,115.686
1913,63.767,578.26,593.28,15.037,111.016,112.03
1914,63.8,580.47,595.8,14.884,106.078,107.118
1915,63.833,581.47,598.93,13.178,100.576,101.436
1916,63.867,582.49,602.36,10.084,93.976,94.515
1917,63.9,583.3,605.85,6.006,86.373,86.582
1918,63.933,583.71,608.41,1.23,77.515,77.525
1919,63.967,583.23,610.96,-3.836,68.589,68.696
1920,64.0,582.67,613.51,-8.803,60.085,60.726
1921,64.033,581.9,616.24,-13.437,53.15,54.822
1922,64.067,580.76,617.64,-17.305,47.553,50.604
1923,64.1,578.92,619.72,-20.106,42.668,47.168
1924,64.133,577.94,621.7,-21.65,38.314,44.008
1925,64.167,576.7,623.3,-21.418,33.952,40.143
1926,64.2,575.31,623.31,-20.526,28.644,35.239
1927,64.233,574.48,623.38,-18.341,22.197,28.795
1928,64.267,574.17,623.36,-15.118,15.639,21.751
1929,64.3,573.62,622.6,-11.3,9.852,14.992
1930,64.333,574.13,621.4,-7.644,5.425,9.374
1931,64.367,574.74,621.45,-4.065,2.512,4.778
1932,64.4,575.34,622.69,-0.853,0.401,0.943
1933,64.433,575.78,624.69,1.742,-1.592,2.36
1934,64.467,576.04,626.53,3.507,-2.9,4.55
1935,64.5,576.17,627.39,4.634,-3.549,5.837
1936,64.533,576.18,626.99,5.116,-3.945,6.461
1937,64.567,576.11,625.08,4.988,-4.108,6.462
1938,64.6,576.03,623.63,4.406,-3.342,5.53
1939,64.633,575.91,622.35,3.765,-2.018,4.272
1940,64.667,574.73,621.39,2.899,-1.738,3.38
1941,64.7,575.68,620.81,1.991,-3.137,3.716
1942,64.733,575.72,622.46,1.323,-5.168,5.335
1943,64.767,575.79,623.36,0.869,-6.931,6.985
1944,64.8,575.85,624.1,0.578,-8.564,8.584
1945,64.833,575.9,624.0,0.748,-8.897,8.928
1946,64.867,576.11,622.81,0.964,-7.317,7.38
1947,64.9,576.24,622.24,1.107,-4.349,4.488
1948,64.933,576.3,622.71,1.1,-1.368,1.755
1949,64.967,576.47,622.74,0.938,0.637,1.133
1950,65.0,576.66,622.58,0.661,0.737,0.99
1951,65.033,576.67,622.97,0.281,-0.627,0.687
1952,65.067,576.55,622.65,-0.156,-3.129,3.133
1953,65.1,576.35,621.35,-0.598,-5.427,5.46
1954,65.133,576.26,618.9,-1.018,-7.875,7.94
1955,65.167,575.99,618.87,-1.404,-10.466,10.559
1956,65.2,575.85,620.48,-1.116,-12.98,13.028
1957,65.233,575.81,622.1,-1.068,-14.221,14.261
1958,65.267,575.85,622.27,-0.943,-14.8,14.83
1959,65.3,575.87,623.04,-0.765,-14.478,14.498
1960,65.333,575.88,622.26,-0.578,-13.388,13.4
1961,65.367,575.91,620.58,-0.409,-11.153,11.16
1962,65.4,575.98,618.35,-0.355,-8.183,8.19
1963,65.433,576.04,617.01,-0.432,-4.794,4.813
1964,65.467,576.1,616.01,-0.6,-1.969,2.059
1965,65.5,576.11,616.28,-0.861,0.751,1.142
1966,65.533,576.13,616.04,-1.181,3.272,3.478
1967,65.567,576.13,616.27,-1.447,5.003,5.208
1968,65.6,576.08,615.66,-1.566,6.025,6.225
1969,65.633,575.96,616.28,-1.44,6.794,6.945
1970,65.667,575.87,618.2,-1.139,8.566,8.641
1971,65.7,575.83,621.2,-0.566,11.093,11.108
1972,65.733,575.69,622.74,0.19,12.795,12.797
1973,65.767,575.54,623.38,0.146,12.767,12.767
1974,65.8,575.4,623.4,-0.004,11.261,11.261
1975,65.833,575.35,622.8,1.033,7.613,7.683
1976,65.867,575.42,620.98,2.751,2.934,4.022
1977,65.9,575.58,620.52,4.748,-1.768,5.066
1978,65.933,575.93,620.08,6.885,-5.14,8.592
1979,65.967,576.4,620.51,9.082,-6.956,11.44
1980,66.0,576.89,620.08,11.151,-7.611,13.501
1981,66.033,577.32,619.61,13.072,-7.874,15.26
1982,66.067,577.68,619.42,14.738,-7.599,16.582
1983,66.1,577.98,619.54,15.809,-7.156,17.353
1984,66.133,578.14,620.04,16.338,-5.683,17.298
1985,66.167,578.31,620.0,16.439,-3.574,16.823
1986,66.2,578.43,618.32,16.365,-1.089,16.401
1987,66.233,578.63,617.41,16.021,0.353,16.025
1988,66.267,581.42,617.45,15.282,0.517,15.291
1989,66.3,583.58,618.13,14.319,0.063,14.32
1990,66.333,582.93,619.81,13.406,-1.053,13.447
1991,66.367,582.68,621.16,12.517,-2.058,12.685
1992,66.4,582.86,622.12,11.08,-1.818,11.228
1993,66.433,583.0,621.58,9.234,-0.868,9.275
1994,66.467,583.0,619.94,7.055,0.514,7.074
1995,66.5,583.08,618.82,4.609,1.707,4.915
1996,66.533,582.96,618.13,1.936,2.298,3.005
1997,66.567,582.74,617.79,-0.788,2.766,2.876
1998,66.6,583.13,618.26,-3.385,2.887,4.449
1999,66.633,583.51,618.49,-5.671,2.906,6.372
2000,66.667,583.79,618.94,-7.389,2.584,7.828
2001,66.7,583.43,618.34,-8.361,1.74,8.54
2002,66.733,583.03,618.54,-8.445,1.16,8.524
2003,66.767,582.96,619.95,-7.577,1.422,7.71
2004,66.8,582.6,620.61,-7.239,1.888,7.481
2005,66.833,581.59,621.93,-7.771,2.576,8.187
2006,66.867,580.32,622.36,-8.104,2.786,8.57
2007,66.9,580.23,621.7,-8.305,2.53,8.682
2008,66.933,580.15,620.66,-8.464,1.796,8.652
2009,66.967,580.08,619.75,-8.411,0.558,8.43
2010,67.0,580.02,618.71,-7.989,-0.456,8.002
2011,67.033,580.11,619.27,-7.199,-1.372,7.328
2012,67.067,580.19,619.22,-5.983,-2.133,6.352
2013,67.1,580.22,619.64,-4.382,-3.299,5.486
2014,67.133,580.21,619.29,-2.843,-5.454,6.15
2015,67.167,580.05,618.67,-1.641,-7.85,8.02
2016,67.2,579.74,618.74,-0.958,-10.304,10.349
2017,67.233,579.37,619.5,-0.543,-12.167,12.18
2018,67.267,579.01,619.15,-0.416,-13.118,13.124
2019,67.3,578.66,619.64,-0.77,-13.577,13.599
2020,67.333,578.56,619.56,-1.443,-13.067,13.147
2021,67.367,578.77,619.41,-1.959,-12.444,12.597
2022,67.4,579.2,618.56,-1.924,-11.819,11.974
2023,67.433,579.68,616.84,-1.753,-10.623,10.767
2024,67.467,579.93,615.9,-1.363,-8.68,8.786
2025,67.5,579.95,614.67,-0.796,-5.644,5.7
2026,67.533,579.75,613.6,-0.14,-1.616,1.622
2027,67.567,579.38,612.32,0.5,1.813,1.881
2028,67.6,579.02,612.44,1.075,4.181,4.317
2029,67.633,578.71,613.91,1.561,5.053,5.289
2030,67.667,578.61,614.95,1.905,4.713,5.083
2031,67.7,578.68,616.04,2.046,3.673,4.204
2032,67.733,578.73,617.7,2.013,2.171,2.961
2033,67.767,578.94,618.69,1.828,0.28,1.849
2034,67.8,579.28,619.25,1.567,-0.848,1.781
2035,67.833,579.61,618.85,1.362,-2.043,2.455
2036,67.867,579.86,618.6,1.228,-3.413,3.628
2037,67.9,580.04,618.6,1.122,-5.245,5.363
2038,67.933,580.21,617.96,0.938,-7.601,7.658
2039,67.967,580.14,617.03,0.566,-10.516,10.531
2040,68.0,580.03,614.73,0.005,-13.366,13.366
2041,68.033,580.02,612.05,-0.594,-15.414,15.425
2042,68.067,579.94,610.44,-1.08,-15.509,15.547
2043,68.1,579.79,610.17,-1.334,-13.292,13.358
2044,68.133,579.5,610.66,-1.426,-9.315,9.424
2045,68.167,579.14,612.03,-1.388,-5.071,5.257
2046,68.2,578.9,613.72,-1.228,-1.13,1.669
2047,68.233,578.77,615.14,-1.009,1.527,1.831
2048,68.267,578.82,615.9,-0.64,3.04,3.106
2049,68.3,578.99,614.88,-0.191,3.639,3.644
2050,68.333,579.21,614.0,0.237,3.485,3.493
2051,68.367,579.46,613.14,0.572,3.487,3.534
2052,68.4,579.63,612.43,0.727,4.135,4.198
2053,68.433,579.75,612.53,0.72,5.543,5.589
2054,68.467,579.86,614.66,0.572,7.659,7.68
2055,68.5,580.04,616.14,0.408,9.61,9.619
2056,68.533,580.0,617.43,0.357,11.907,11.912
2057,68.567,579.76,616.68,0.233,14.831,14.833
2058,68.6,579.37,615.44,0.008,17.943,17.943
2059,68.633,579.16,613.68,-0.407,21.614,21.618
2060,68.667,579.13,612.96,-0.916,25.937,25.954
2061,68.7,579.11,613.42,-1.419,30.582,30.615
2062,68.733,579.15,616.31,-1.915,34.554,34.607
2063,68.767,579.1,618.82,-2.333,36.938,37.012
2064,68.8,579.03,621.64,-2.712,37.316,37.415
2065,68.833,578.96,624.82,-3.13,36.15,36.285
2066,68.867,578.91,627.32,-3.656,33.372,33.571
2067,68.9,579.03,628.41,-4.39,29.646,29.97
2068,68.933,579.13,627.91,-5.204,24.735,25.276
2069,68.967,579.1,626.63,-6.063,19.068,20.009
2070,69.0,578.94,626.46,-7.015,12.036,13.931
2071,69.033,578.38,626.53,-8.123,4.431,9.253
2072,69.067,577.9,627.2,-9.248,-3.62,9.931
2073,69.1,577.37,629.08,-10.226,-10.925,14.964
2074,69.133,577.0,629.62,-10.955,-16.697,19.971
2075,69.167,576.61,628.88,-11.4,-20.791,23.712
2076,69.2,576.24,626.63,-11.565,-23.682,26.355
2077,69.233,575.91,624.2,-11.482,-25.191,27.684
2078,69.267,575.48,622.24,-11.26,-25.678,28.038
2079,69.3,575.01,620.65,-10.915,-24.666,26.973
2080,69.333,574.59,619.7,-10.425,-22.476,24.776
2081,69.367,574.26,619.55,-9.839,-19.156,21.535
2082,69.4,574.14,618.96,-9.211,-14.93,17.542
2083,69.433,573.87,620.12,-8.635,-9.827,13.082
2084,69.467,573.56,621.16,-8.111,-3.684,8.908
2085,69.5,573.36,622.21,-7.678,3.591,8.476
2086,69.533,573.24,622.2,-7.281,10.906,13.113
2087,69.567,573.06,621.81,-6.811,18.074,19.315
2088,69.6,572.82,620.99,-6.274,24.802,25.583
2089,69.633,572.68,619.59,-5.668,30.063,30.593
2090,69.667,572.48,619.69,-5.109,33.861,34.244
2091,69.7,572.12,622.01,-4.634,36.63,36.921
2092,69.733,571.77,625.15,-4.212,38.885,39.113
2093,69.767,571.53,627.94,-3.963,41.22,41.41
2094,69.8,571.4,630.31,-3.752,42.755,42.919
2095,69.833,571.25,632.83,-3.576,43.875,44.02
2096,69.867,571.23,634.01,-3.42,44.726,44.856
2097,69.9,571.33,634.53,-3.306,44.976,45.098
2098,69.933,571.45,634.76,-3.286,44.805,44.925
2099,69.967,571.43,635.16,-3.355,43.659,43.788
2100,70.0,571.43,635.82,-3.354,41.033,41.17
2101,70.033,571.25,637.68,-3.296,37.21,37.356
2102,70.067,571.12,639.64,-3.068,31.935,32.082
2103,70.1,570.9,641.15,-2.641,25.983,26.117
2104,70.133,570.69,642.35,-2.057,20.167,20.271
2105,70.167,570.53,643.38,-1.385,15.503,15.565
2106,70.2,570.44,643.67,-0.575,11.489,11.503
2107,70.233,570.28,643.91,0.2,8.345,8.347
2108,70.267,570.32,642.96,1.043,4.452,4.572
2109,70.3,570.24,643.7,1.888,0.581,1.976
2110,70.333,570.28,643.87,2.725,-3.916,4.771
2111,70.367,570.39,643.37,3.636,-9.481,10.154
2112,70.4,570.63,642.72,4.537,-15.719,16.361
2113,70.433,570.87,642.2,5.381,-22.516,23.15
2114,70.467,571.4,640.86,6.106,-29.092,29.726
2115,70.5,571.84,640.11,6.652,-34.409,35.046
2116,70.533,572.34,638.19,7.035,-39.11,39.738
2117,70.567,572.52,637.8,7.271,-42.455,43.073
2118,70.6,572.6,636.85,7.647,-45.431,46.07
2119,70.633,572.73,635.47,8.227,-48.141,48.839
2120,70.667,572.79,633.72,8.93,-50.651,51.432
2121,70.7,572.65,632.92,9.667,-53.191,54.062
2122,70.733,573.01,629.67,10.267,-54.729,55.684
2123,70.767,573.27,628.41,10.734,-55.19,56.224
2124,70.8,573.69,625.14,10.849,-53.787,54.87
2125,70.833,574.15,622.8,10.674,-50.987,52.092
2126,70.867,574.51,620.77,10.445,-47.456,48.592
2127,70.9,574.97,619.19,10.061,-43.312,44.465
2128,70.933,575.35,618.87,9.472,-38.435,39.585
2129,70.967,575.74,618.5,8.69,-33.007,34.131
2130,71.0,576.34,616.66,7.721,-27.36,28.428
2131,71.033,576.88,616.77,6.635,-22.254,23.222
2132,71.067,577.63,614.37,5.486,-17.622,18.456
2133,71.1,577.69,613.44,4.4,-14.067,14.739
2134,71.133,577.48,613.11,3.445,-11.741,12.236
2135,71.167,577.18,613.42,2.628,-10.584,10.905
2136,71.2,576.81,614.83,1.916,-9.895,10.079
2137,71.233,576.56,615.18,1.409,-10.143,10.24
2138,71.267,576.34,615.46,1.068,-10.769,10.822
2139,71.3,576.45,615.32,0.9,-12.286,12.319
2140,71.333,576.76,613.86,0.927,-13.578,13.61
2141,71.367,576.63,613.24,0.952,-14.186,14.218
2142,71.4,576.75,612.88,1.203,-14.46,14.51
2143,71.433,577.02,611.78,1.767,-14.733,14.839
2144,71.467,577.5,609.86,2.684,-16.09,16.312
2145,71.5,577.83,608.54,3.889,-18.114,18.526
2146,71.533,578.11,607.65,4.716,-19.497,20.059
2147,71.567,578.12,607.71,4.551,-20.34,20.843
2148,71.6,578.05,607.47,3.477,-19.029,19.344
2149,71.633,577.93,607.78,1.88,-16.75,16.855
2150,71.667,577.72,608.44,0.307,-12.827,12.83
2151,71.7,577.69,607.99,-0.735,-7.546,7.581
2152,71.733,577.88,607.01,-1.675,-1.94,2.563
2153,71.767,577.85,607.37,-2.315,4.056,4.671
2154,71.8,577.96,607.28,-2.66,9.95,10.299
2155,71.833,577.89,607.33,-3.614,15.218,15.641
2156,71.867,578.25,606.04,-4.973,19.878,20.491
2157,71.9,578.23,605.48,-6.385,23.421,24.275
2158,71.933,577.74,605.82,-7.63,25.779,26.885
2159,71.967,576.84,608.11,-8.392,27.011,28.285
2160,72.0,575.52,610.55,-9.26,28.355,29.828
2161,72.033,574.93,612.89,-9.493,29.578,31.064
2162,72.067,575.71,614.12,-8.642,29.846,31.072
2163,72.1,576.29,614.71,-7.169,29.055,29.926
2164,72.133,576.91,617.22,-5.097,27.227,27.7
2165,72.167,576.84,618.08,-2.522,24.374,24.504
2166,72.2,575.61,618.33,0.473,20.776,20.781
2167,72.233,575.23,618.42,3.695,16.131,16.549
2168,72.267,574.32,617.89,6.667,10.971,12.838
2169,72.3,573.31,617.0,9.318,3.599,9.989
2170,72.333,574.2,616.31,11.456,-5.466,12.694
2171,72.367,575.06,616.34,13.031,-15.566,20.301
2172,72.4,576.26,616.5,13.921,-25.614,29.153
2173,72.433,577.43,616.12,14.133,-35.186,37.918
2174,72.467,578.09,616.11,13.813,-43.778,45.905
2175,72.5,580.12,614.25,13.018,-51.458,53.079
2176,72.533,580.96,611.98,12.084,-57.937,59.184
2177,72.567,580.44,611.01,10.91,-63.111,64.047
2178,72.6,580.58,609.29,8.862,-66.496,67.084
2179,72.633,580.49,607.59,5.997,-67.787,68.051
2180,72.667,580.28,605.0,2.554,-68.544,68.592
2181,72.7,579.95,600.34,-1.061,-68.588,68.596
2182,72.733,579.44,596.48,-4.048,-67.695,67.816
2183,72.767,579.28,591.87,-6.645,-65.771,66.106
2184,72.8,579.22,589.91,-8.293,-62.819,63.364
2185,72.833,579.17,588.41,-8.77,-58.889,59.539
2186,72.867,579.23,586.7,-8.081,-54.209,54.808
2187,72.9,578.77,585.84,-6.759,-49.26,49.721
2188,72.933,578.17,585.81,-5.568,-44.555,44.901
2189,72.967,577.42,586.07,-3.982,-39.987,40.185
2190,73.0,577.04,585.82,-2.505,-35.841,35.929
2191,73.033,576.94,585.02,-2.415,-31.674,31.766
2192,73.067,577.06,583.77,-3.562,-27.413,27.643
2193,73.1,577.5,582.18,-5.257,-23.971,24.54
2194,73.133,578.15,580.23,-6.969,-21.392,22.498
2195,73.167,578.25,578.95,-8.947,-20.013,21.922
2196,73.2,578.11,578.22,-10.919,-19.779,22.593
2197,73.233,577.76,577.36,-11.858,-19.474,22.801
2198,73.267,577.53,576.11,-12.149,-19.05,22.595
2199,73.3,577.12,575.13,-12.015,-17.63,21.335
2200,73.333,577.16,574.6,-11.53,-15.995,19.718
2201,73.367,575.43,574.47,-10.811,-14.378,17.989
2202,73.4,574.25,574.49,-9.987,-12.594,16.073
2203,73.433,574.06,575.01,-8.823,-10.876,14.005
2204,73.467,572.24,575.33,-7.218,-9.818,12.186
2205,73.5,571.42,574.94,-5.002,-9.881,11.075
2206,73.533,571.56,574.54,-2.282,-11.187,11.417
2207,73.567,572.41,573.98,0.833,-13.702,13.728
2208,73.6,573.85,573.28,4.159,-17.361,17.852
2209,73.633,574.04,572.47,7.362,-21.975,23.176
2210,73.667,575.26,571.45,10.128,-27.033,28.868
2211,73.7,576.58,570.6,12.391,-32.371,34.662
2212,73.733,575.89,569.5,14.032,-38.006,40.513
2213,73.767,575.99,568.26,15.013,-43.456,45.976
2214,73.8,576.23,566.89,15.107,-48.268,50.577
2215,73.833,576.47,565.19,14.287,-52.234,54.153
2216,73.867,576.83,563.52,12.215,-55.239,56.574
2217,73.9,577.21,561.75,9.65,-57.435,58.24
2218,73.933,577.53,559.55,6.597,-58.868,59.237
2219,73.967,577.85,557.25,2.816,-59.76,59.826
2220,74.0,578.1,554.8,-0.527,-60.185,60.187
2221,74.033,578.3,552.36,-3.332,-59.925,60.017
2222,74.067,578.34,549.97,-5.713,-59.208,59.483
2223,74.1,578.26,547.89,-7.742,-57.974,58.489
2224,74.133,578.07,546.25,-9.785,-56.446,57.287
2225,74.167,577.6,544.79,-11.274,-54.727,55.876
2226,74.2,577.06,543.29,-12.589,-52.703,54.186
2227,74.233,576.47,541.98,-13.873,-50.61,52.477
2228,74.267,575.74,540.35,-14.085,-48.482,50.487
2229,74.3,575.02,538.83,-13.461,-46.576,48.482
2230,74.333,574.25,537.35,-11.997,-44.915,46.49
2231,74.367,573.46,535.71,-9.706,-43.44,44.511
2232,74.4,573.06,534.29,-6.821,-42.335,42.881
2233,74.433,572.97,533.0,-3.464,-41.496,41.64
2234,74.467,573.06,531.53,0.402,-40.804,40.806
2235,74.5,573.28,530.01,4.495,-40.456,40.705
2236,74.533,573.59,528.39,8.941,-40.38,41.358
2237,74.567,574.08,527.03,13.192,-40.845,42.923
2238,74.6,574.45,525.43,16.425,-41.389,44.529
2239,74.633,575.06,524.16,18.643,-42.128,46.069
2240,74.667,575.93,523.06,19.518,-43.171,47.378
2241,74.7,576.79,521.69,18.982,-44.425,48.31
2242,74.733,577.6,520.28,17.418,-46.201,49.375
2243,74.767,578.29,518.69,15.195,-48.316,50.649
2244,74.8,578.99,517.4,12.374,-50.621,52.111
2245,74.833,579.53,515.9,9.092,-53.259,54.029
2246,74.867,579.91,514.21,5.645,-55.881,56.165
2247,74.9,580.41,512.51,2.262,-58.393,58.437
2248,74.933,580.78,510.19,-0.979,-61.026,61.034
2249,74.967,580.58,507.52,-4.022,-63.915,64.042
2250,75.0,580.26,505.04,-6.753,-66.767,67.108
2251,75.033,578.74,502.45,-9.03,-69.372,69.957
2252,75.067,577.23,500.65,-10.691,-71.507,72.302
2253,75.1,576.87,498.17,-11.613,-72.915,73.834
2254,75.133,576.23,495.85,-11.61,-73.256,74.17
2255,75.167,576.17,493.49,-10.674,-72.76,73.539
2256,75.2,576.74,490.69,-8.964,-71.994,72.55
2257,75.233,576.94,488.63,-6.607,-71.321,71.626
2258,75.267,576.58,486.08,-3.655,-70.648,70.742
2259,75.3,576.45,483.56,-0.276,-70.236,70.236
2260,75.333,576.44,481.46,3.379,-70.179,70.261
2261,75.367,576.36,478.75,7.102,-70.079,70.438
2262,75.4,576.46,476.05,10.605,-69.916,70.716
2263,75.433,576.69,473.83,13.501,-69.996,71.286
2264,75.467,577.13,472.11,15.463,-69.965,71.653
2265,75.5,577.76,470.37,16.459,-70.05,71.958
2266,75.533,578.5,468.65,16.433,-70.264,72.16
2267,75.567,579.33,466.97,16.049,-70.073,71.887
2268,75.6,580.08,464.63,15.61,-69.649,71.377
2269,75.633,580.83,461.61,14.741,-68.203,69.778
2270,75.667,581.45,458.28,13.716,-65.7,67.117
2271,75.7,582.02,455.47,12.412,-62.065,63.294
2272,75.733,582.59,453.52,10.568,-56.899,57.872
2273,75.767,582.9,451.44,8.383,-51.095,51.778
2274,75.8,583.15,450.27,6.239,-44.539,44.974
2275,75.833,583.06,449.31,4.242,-37.375,37.615
2276,75.867,582.81,447.73,2.482,-29.977,30.079
2277,75.9,582.57,446.12,1.126,-22.356,22.384
2278,75.933,582.31,445.06,0.247,-14.746,14.748
2279,75.967,582.17,443.94,-0.117,-7.748,7.749
2280,76.0,582.19,444.2,-0.013,-2.284,2.284
2281,76.033,582.26,445.3,0.451,1.935,1.987
2282,76.067,582.33,446.38,1.096,5.011,5.129
2283,76.1,582.36,447.72,1.785,6.739,6.972
2284,76.133,582.51,448.37,2.456,7.413,7.809
2285,76.167,582.73,448.84,3.073,6.685,7.357
2286,76.2,583.0,449.01,3.604,4.994,6.158
2287,76.233,583.29,448.35,4.024,2.264,4.617
2288,76.267,583.57,448.3,4.262,-1.859,4.649
2289,76.3,583.85,447.96,4.375,-6.647,7.958
2290,76.333,584.03,447.36,4.317,-11.85,12.612
2291,76.367,584.15,446.36,4.223,-17.503,18.005
2292,76.4,584.26,445.24,4.226,-22.702,23.092
2293,76.433,584.27,444.07,4.398,-27.641,27.988
2294,76.467,584.22,443.25,4.797,-31.972,32.33
2295,76.5,584.14,443.67,5.384,-35.183,35.592
2296,76.533,584.07,443.27,6.029,-36.914,37.403
2297,76.567,584.19,442.0,6.675,-37.268,37.861
2298,76.6,584.44,440.23,7.328,-36.604,37.33
2299,76.633,584.83,437.57,7.995,-35.318,36.211
2300,76.667,585.21,436.05,8.624,-33.13,34.234
2301,76.7,585.67,434.44,9.178,-30.61,31.956
2302,76.733,586.13,433.3,9.658,-28.391,29.989
2303,76.767,586.58,433.09,9.993,-26.494,28.316
2304,76.8,586.98,432.59,10.071,-24.62,26.6
2305,76.833,587.4,431.45,9.858,-22.742,24.786
2306,76.867,587.8,430.67,9.401,-21.639,23.593
2307,76.9,588.11,429.24,5.123,-28.27,28.73
2308,76.933,588.28,429.38,2.636,-31.067,31.178
2309,76.967,588.35,429.74,5.32,-23.192,23.795
2310,77.0,588.38,430.65,7.218,-16.74,18.23
2311,77.033,588.48,430.42,8.468,-12.153,14.812
2312,77.067,588.63,429.43,9.164,-8.791,12.699
2313,77.1,588.73,428.61,9.364,-6.132,11.193
2314,77.133,588.85,427.61,9.091,-3.62,9.786
2315,77.167,588.96,425.63,8.381,-0.737,8.413
2316,77.2,589.05,423.99,7.275,2.061,7.561
2317,77.233,588.97,423.38,5.76,4.631,7.391
2318,77.267,588.85,423.73,3.828,7.64,8.545
2319,77.3,588.85,422.85,1.51,10.175,10.286
2320,77.333,588.83,421.64,-1.052,11.981,12.027
2321,77.367,588.7,422.26,-3.755,13.146,13.672
2322,77.4,598.49,443.24,-6.492,14.067,15.493
2323,77.433,598.36,444.56,-9.08,15.014,17.546
2324,77.467,588.03,425.86,-11.347,15.052,18.85
2325,77.5,587.67,427.57,-13.184,13.976,19.213
2326,77.533,587.25,429.33,-14.541,12.161,18.956
2327,77.567,586.87,430.41,-15.476,9.569,18.195
2328,77.6,586.42,431.12,-16.025,6.67,17.358
2329,77.633,586.0,431.1,-16.166,3.619,16.566
2330,77.667,585.52,431.08,-15.93,0.685,15.945
2331,77.7,585.07,431.17,-15.289,-1.631,15.376
2332,77.733,584.72,432.02,-14.245,-2.928,14.543
2333,77.767,584.57,431.07,-12.7,-3.127,13.079
2334,77.8,584.62,430.61,-10.592,-2.088,10.796
2335,77.833,584.7,430.63,-8.04,1.23,8.133
2336,77.867,584.79,431.33,-4.829,7.792,9.167
2337,77.9,584.88,431.12,-0.721,17.062,17.077
2338,77.933,584.76,431.28,-1.682,16.376,16.462
2339,77.967,584.49,432.28,-4.607,11.259,12.165
2340,78.0,584.1,433.75,-3.843,12.921,13.48
2341,78.033,583.67,433.52,-3.157,13.672,14.032
2342,78.067,583.32,434.01,-2.643,13.724,13.977
2343,78.1,583.03,434.4,-2.728,12.66,12.951
2344,78.133,582.78,434.56,-3.399,10.542,11.076
2345,78.167,582.65,434.62,-4.39,8.004,9.129
2346,78.2,582.52,435.46,-5.32,5.942,7.976
2347,78.233,582.48,436.58,-6.126,4.467,7.581
2348,78.267,582.51,437.76,-6.71,3.465,7.551
2349,78.3,582.63,438.34,-6.973,4.277,8.18
2350,78.333,583.11,438.47,-7.027,6.604,9.643
2351,78.367,583.32,437.54,-6.928,9.894,12.078
2352,78.4,583.08,436.0,-6.698,12.949,14.579
2353,78.433,582.56,434.81,-6.171,15.942,17.095
2354,78.467,581.84,435.03,-5.27,18.765,19.491
2355,78.5,580.94,435.53,-4.207,21.327,21.738
2356,78.533,580.06,436.66,-3.073,23.368,23.569
2357,78.567,579.23,437.02,-1.901,25.605,25.676
2358,78.6,579.33,438.87,-0.753,27.201,27.212
2359,78.633,579.92,441.52,0.249,28.806,28.807
2360,78.667,580.45,444.5,0.767,30.172,30.182
2361,78.7,580.62,446.33,0.938,30.88,30.895
2362,78.733,580.97,448.1,0.937,30.367,30.382
2363,78.767,581.36,449.12,0.875,28.984,28.997
2364,78.8,581.55,448.58,0.542,26.073,26.078
2365,78.833,581.81,447.61,-0.25,21.971,21.973
2366,78.867,582.13,446.61,-1.43,16.696,16.757
2367,78.9,582.41,446.9,-3.133,11.327,11.752
2368,78.933,582.06,447.81,-5.221,6.753,8.536
2369,78.967,581.23,449.02,-7.161,3.197,7.842
2370,79.0,580.56,449.61,-8.61,0.47,8.623
2371,79.033,579.94,449.64,-9.298,-1.138,9.368
2372,79.067,579.27,449.29,-9.738,-2.401,10.03
2373,79.1,578.51,449.9,-9.946,-2.284,10.204
2374,79.133,577.87,448.85,-10.033,-1.709,10.178
2375,79.167,578.05,448.0,-9.883,-1.086,9.942
2376,79.2,578.13,448.07,-9.342,-0.838,9.379
2377,79.233,578.03,448.75,-8.083,-0.637,8.108
2378,79.267,577.63,448.2,-6.115,-0.692,6.154
2379,79.3,577.6,448.53,-3.648,-0.883,3.754
2380,79.333,578.03,448.57,-1.164,-1.141,1.63
2381,79.367,577.9,449.21,0.732,-1.454,1.628
2382,79.4,578.15,449.19,1.827,-1.496,2.362
2383,79.433,578.64,448.77,2.079,-1.492,2.558
2384,79.467,578.43,448.62,1.448,-1.652,2.196
2385,79.5,577.64,448.31,0.196,-2.452,2.459
2386,79.533,576.37,447.47,-1.104,-2.834,3.041
2387,79.567,576.42,448.04,-1.938,-2.591,3.236
2388,79.6,577.36,447.75,-2.245,-2.012,3.015
2389,79.633,578.46,448.26,-1.824,-1.725,2.511
2390,79.667,579.2,448.64,-0.221,-1.92,1.933
2391,79.7,579.64,448.82,1.967,-3.118,3.687
2392,79.733,579.52,448.49,4.821,-5.659,7.434
2393,79.767,578.76,447.62,8.053,-9.644,12.564
2394,79.8,577.58,446.02,11.941,-12.885,17.567
2395,79.833,576.91,445.26,16.058,-15.439,22.276
2396,79.867,577.15,445.37,19.503,-17.212,26.012
2397,79.9,577.7,445.75,22.513,-18.431,29.095
2398,79.933,578.29,445.96,24.598,-19.808,31.582
2399,79.967,579.83,446.07,25.842,-21.184,33.415
2400,80.0,582.15,446.71,26.183,-23.004,34.853
2401,80.033,583.98,445.12,25.96,-24.739,35.86
2402,80.067,585.13,442.53,25.732,-25.903,36.511
2403,80.1,586.48,440.0,25.456,-27.046,37.142
2404,80.133,587.84,436.75,24.144,-28.367,37.251
2405,80.167,588.26,435.07,21.347,-29.746,36.613
2406,80.2,588.82,435.15,16.967,-31.166,35.485
2407,80.233,588.71,436.32,12.35,-32.199,34.486
2408,80.267,588.8,438.32,6.202,-33.298,33.871
2409,80.3,588.07,437.7,-0.634,-33.978,33.984
2410,80.333,587.18,436.2,-7.395,-34.019,34.814
2411,80.367,587.12,434.23,-13.838,-33.982,36.691
2412,80.4,586.72,431.21,-19.893,-34.569,39.884
2413,80.433,586.72,429.61,-25.573,-35.876,44.057
2414,80.467,585.79,428.04,-29.928,-37.965,48.343
2415,80.5,585.24,427.44,-32.515,-40.065,51.598
2416,80.533,584.62,426.21,-34.13,-42.682,54.65
2417,80.567,583.72,424.81,-34.582,-44.456,56.323
2418,80.6,581.61,423.19,-33.663,-44.491,55.791
2419,80.633,580.21,423.02,-31.598,-42.859,53.248
2420,80.667,579.22,422.04,-28.976,-38.974,48.566
2421,80.7,578.68,420.92,-25.954,-33.95,42.734
2422,80.733,575.04,418.49,-22.906,-28.52,36.579
2423,80.767,574.49,416.99,-19.807,-23.879,31.025
2424,80.8,573.78,414.84,-16.952,-21.261,27.192
2425,80.833,573.2,413.15,-14.07,-19.519,24.062
2426,80.867,573.16,412.36,-11.13,-18.027,21.186
2427,80.9,573.57,412.81,-7.972,-16.257,18.107
2428,80.933,575.24,413.74,-4.346,-13.133,13.833
2429,80.967,576.31,415.57,-0.346,-9.121,9.127
2430,81.0,576.02,416.13,3.196,-4.716,5.697
2431,81.033,576.38,416.81,5.605,-1.324,5.76
2432,81.067,576.33,416.43,6.993,1.32,7.117
2433,81.1,575.95,415.0,7.204,2.817,7.735
2434,81.133,575.05,413.65,7.005,3.983,8.058
2435,81.167,574.34,412.11,6.435,4.72,7.981
2436,81.2,574.17,411.98,5.426,5.762,7.915
2437,81.233,574.21,411.82,3.916,7.22,8.214
2438,81.267,574.59,412.63,3.017,8.777,9.281
2439,81.3,575.26,414.47,1.557,9.951,10.073
2440,81.333,576.26,416.1,0.801,11.051,11.08
2441,81.367,577.8,417.34,0.55,11.537,11.55
2442,81.4,578.17,418.02,0.125,11.823,11.824
2443,81.433,577.64,417.55,-0.552,11.762,11.774
2444,81.467,575.57,416.26,-2.215,11.205,11.421
2445,81.5,575.08,415.27,-4.665,9.667,10.734
2446,81.533,575.32,415.94,-7.527,7.185,10.406
2447,81.567,575.09,416.67,-10.977,3.846,11.631
2448,81.6,575.21,418.99,-14.788,-0.16,14.789
2449,81.633,575.14,420.63,-18.617,-3.997,19.041
2450,81.667,574.56,421.0,-21.855,-7.266,23.031
2451,81.7,573.63,419.68,-24.166,-9.34,25.909
2452,81.733,571.93,416.94,-25.729,-10.747,27.884
2453,81.767,571.54,415.46,-26.504,-11.408,28.854
2454,81.8,571.82,414.12,-26.198,-11.127,28.463
2455,81.833,569.84,413.15,-24.984,-10.609,27.144
2456,81.867,568.04,414.04,-23.524,-10.315,25.686
2457,81.9,567.31,414.49,-22.526,-10.254,24.75
2458,81.933,566.56,414.63,-21.757,-10.456,24.14
2459,81.967,565.92,414.58,-20.729,-10.035,23.03
2460,82.0,564.98,414.06,-18.696,-8.832,20.677
2461,82.033,564.6,414.18,-16.429,-6.896,17.817
2462,82.067,564.27,413.67,-14.251,-4.663,14.995
2463,82.1,564.14,413.69,-12.109,-2.615,12.388
2464,82.133,564.09,413.52,-10.265,-2.077,10.473
2465,82.167,563.96,413.22,-8.776,-3.557,9.469
2466,82.2,563.63,412.66,-7.412,-6.368,9.772
2467,82.233,563.72,412.55,-5.957,-9.675,11.362
2468,82.267,564.02,412.99,-3.867,-12.753,13.326
2469,82.3,563.51,412.37,-1.612,-15.645,15.728
2470,82.333,562.7,411.67,-0.216,-18.31,18.311
2471,82.367,562.42,411.42,0.898,-20.455,20.474
2472,82.4,562.4,410.9,1.77,-22.317,22.387
2473,82.433,562.42,410.44,1.635,-24.174,24.229
2474,82.467,562.01,408.82,0.501,-25.749,25.753
2475,82.5,561.81,407.69,-1.586,-27.428,27.474
2476,82.533,562.12,406.82,-3.806,-28.732,28.983
2477,82.567,562.34,405.15,-6.335,-30.109,30.768
2478,82.6,562.74,403.85,-9.407,-31.457,32.834
2479,82.633,563.15,402.89,-12.63,-32.724,35.077
2480,82.667,563.48,402.7,-15.37,-32.927,36.337
2481,82.7,563.5,401.63,-17.898,-32.476,37.081
2482,82.733,563.03,400.23,-19.91,-31.11,36.936
2483,82.767,561.9,399.41,-21.382,-28.861,35.918
2484,82.8,559.73,398.42,-22.635,-26.313,34.709
2485,82.833,557.74,398.1,-23.519,-23.551,33.283
2486,82.867,556.19,397.82,-23.981,-20.71,31.686
2487,82.9,554.61,396.32,-23.894,-17.979,29.902
2488,82.933,553.88,395.43,-23.019,-15.443,27.719
2489,82.967,553.6,394.05,-21.52,-13.489,25.398
2490,83.0,553.79,393.67,-19.13,-11.478,22.31
2491,83.033,553.21,393.05,-15.804,-9.422,18.399
2492,83.067,552.9,393.04,-11.911,-7.477,14.063
2493,83.1,553.73,394.09,-7.547,-5.239,9.187
2494,83.133,554.27,395.28,-2.868,-2.259,3.651
2495,83.167,553.62,394.73,1.823,1.455,2.333
2496,83.2,553.7,395.07,5.591,4.962,7.475
2497,83.233,553.58,395.21,7.76,8.435,11.461
2498,83.267,552.98,394.74,8.268,12.003,14.575
2499,83.3,552.59,394.22,7.842,15.542,17.408
2500,83.333,552.71,394.46,6.996,18.927,20.179
2501,83.367,553.65,395.08,5.602,21.224,21.951
2502,83.4,554.46,395.53,3.85,22.736,23.059
2503,83.433,554.73,396.18,2.041,23.946,24.033
2504,83.467,555.3,397.51,0.573,24.531,24.538
2505,83.5,555.84,398.92,-0.658,24.955,24.964
2506,83.533,556.07,400.23,-1.683,25.251,25.307
2507,83.567,556.25,401.76,-1.7,25.363,25.42
2508,83.6,556.14,403.56,-1.213,25.089,25.118
2509,83.633,555.27,404.26,-0.595,23.677,23.684
2510,83.667,553.71,404.22,0.126,21.265,21.266
2511,83.7,552.92,404.71,1.362,19.036,19.084
2512,83.733,553.15,405.2,2.175,16.033,16.18
2513,83.767,553.8,405.59,3.077,12.701,13.069
2514,83.8,553.5,405.37,4.409,9.512,10.484
2515,83.833,553.36,405.13,6.839,6.587,9.495
2516,83.867,554.14,406.0,10.317,4.424,11.226
2517,83.9,555.12,405.92,14.139,3.135,14.483
2518,83.933,556.69,405.91,17.961,3.064,18.22
2519,83.967,557.52,406.25,21.957,4.383,22.39
2520,84.0,558.58,406.58,25.48,5.475,26.062
2521,84.033,559.46,406.13,28.158,6.554,28.91
2522,84.067,559.41,406.19,29.198,7.28,30.092
2523,84.1,560.28,406.39,28.597,7.566,29.581
2524,84.133,560.69,407.3,26.591,7.331,27.583
2525,84.167,560.9,407.6,24.093,6.612,24.984
2526,84.2,561.25,406.99,22.118,5.777,22.86
2527,84.233,563.22,407.75,20.744,4.773,21.286
2528,84.267,564.82,408.14,19.54,3.149,19.792
2529,84.3,566.75,408.66,18.234,1.582,18.303
2530,84.333,567.47,409.96,17.021,0.547,17.029
2531,84.367,567.53,410.23,16.184,0.283,16.187
2532,84.4,567.54,410.0,15.331,0.179,15.332
2533,84.433,567.51,409.03,14.134,0.273,14.137
2534,84.467,566.74,406.94,12.154,0.456,12.162
2535,84.5,566.13,407.26,9.544,0.451,9.555
2536,84.533,565.47,406.98,6.347,0.291,6.353
2537,84.567,566.45,407.41,2.985,0.025,2.985
2538,84.6,567.74,407.71,0.107,-0.169,0.2
2539,84.633,569.19,407.38,-2.743,-0.09,2.744
2540,84.667,569.99,407.67,-5.28,0.006,5.28
2541,84.7,569.92,408.12,-7.108,0.521,7.127
2542,84.733,569.3,408.37,-8.48,1.95,8.701
2543,84.767,568.49,409.84,-9.756,3.616,10.405
2544,84.8,567.44,410.23,-10.929,5.461,12.217
2545,84.833,566.87,410.23,-12.452,6.532,14.062
2546,84.867,565.82,409.69,-14.184,6.497,15.601
2547,84.9,564.71,408.85,-16.027,5.461,16.932
2548,84.933,563.99,408.48,-17.781,3.72,18.166
2549,84.967,563.52,408.24,-18.877,1.625,18.947
2550,85.0,563.59,408.26,-18.998,0.152,18.999
2551,85.033,563.65,408.18,-17.952,-1.649,18.028
2552,85.067,563.13,409.18,-15.568,-3.352,15.925
2553,85.1,562.38,409.95,-12.449,-4.868,13.367
2554,85.133,561.93,410.48,-9.073,-5.822,10.78
2555,85.167,561.58,410.75,-5.989,-5.704,8.271
2556,85.2,561.0,410.42,-3.129,-4.489,5.472
2557,85.233,561.43,409.73,-0.76,-2.922,3.019
2558,85.267,561.17,408.68,0.864,-0.708,1.117
2559,85.3,560.8,407.33,1.557,0.938,1.818
2560,85.333,560.39,407.47,1.447,1.902,2.39
2561,85.367,560.48,407.13,0.379,2.016,2.051
2562,85.4,561.22,407.18,-0.982,1.714,1.975
2563,85.433,562.07,407.08,-2.213,1.347,2.591
2564,85.467,562.0,407.37,-3.355,0.729,3.434
2565,85.5,562.19,407.73,-4.67,-0.354,4.683
2566,85.533,562.23,408.61,-6.158,-1.44,6.324
2567,85.567,562.33,409.83,-7.823,-2.486,8.209
2568,85.6,561.93,410.68,-9.672,-4.214,10.55
2569,85.633,561.36,410.91,-11.67,-6.846,13.53
2570,85.667,560.6,410.61,-13.304,-9.659,16.441
2571,85.7,558.96,409.21,-14.33,-12.43,18.97
2572,85.733,557.59,408.56,-14.515,-15.053,20.911
2573,85.767,556.79,406.86,-14.47,-17.049,22.362
2574,85.8,556.56,405.44,-14.102,-17.992,22.86
2575,85.833,556.69,404.49,-12.683,-17.841,21.89
2576,85.867,557.17,404.07,-9.76,-17.447,19.992
2577,85.9,557.18,403.37,-6.049,-16.442,17.519
2578,85.933,556.77,402.52,-2.968,-14.936,15.228
2579,85.967,556.3,401.95,-1.1,-12.889,12.936
2580,86.0,556.42,402.22,-0.052,-10.805,10.805
2581,86.033,556.14,401.71,0.351,-8.592,8.6
2582,86.067,555.69,401.48,0.56,-6.584,6.608
2583,86.1,555.95,401.88,0.343,-5.62,5.631
2584,86.133,557.05,403.24,-0.243,-5.905,5.91
2585,86.167,557.42,403.46,-1.508,-7.062,7.221
2586,86.2,557.39,403.18,-3.616,-9.533,10.196
2587,86.233,557.26,403.15,-5.628,-12.675,13.869
2588,86.267,557.4,402.43,-6.352,-16.094,17.302
2589,86.3,558.13,401.09,-6.069,-18.697,19.657
2590,86.333,557.5,400.12,-4.996,-19.851,20.47
2591,86.367,555.38,399.67,-3.652,-19.484,19.823
2592,86.4,553.42,398.96,-2.185,-17.752,17.886
2593,86.433,553.2,398.1,-0.488,-14.211,14.22
2594,86.467,553.97,397.21,1.592,-8.172,8.326
2595,86.5,555.1,397.05,4.256,1.064,4.387
2596,86.533,555.9,396.63,6.817,12.616,14.34
2597,86.567,555.75,396.07,9.126,25.826,27.391
2598,86.6,555.58,396.51,14.504,40.238,42.772
2599,86.633,555.47,397.54,17.263,52.685,55.441
2600,86.667,556.25,398.31,17.579,62.285,64.718
2601,86.7,558.2,400.98,16.215,69.202,71.076
2602,86.733,560.19,404.79,14.011,73.263,74.59
2603,86.767,560.15,408.5,11.397,74.954,75.815
2604,86.8,560.3,412.27,8.654,74.897,75.396
2605,86.833,560.29,415.68,5.157,73.123,73.305
2606,86.867,560.87,419.34,1.483,70.092,70.108
2607,86.9,561.12,423.43,-1.416,65.382,65.397
2608,86.933,561.21,427.29,-3.184,58.872,58.958
2609,86.967,561.15,429.84,-3.924,51.287,51.437
2610,87.0,560.47,429.55,-4.33,51.834,52.015
2611,87.033,560.33,428.02,-3.319,46.939,47.057
2612,87.067,560.9,426.3,-1.108,38.349,38.365
2613,87.1,552.94,422.9,2.232,27.58,27.67
2614,87.133,555.2,423.98,6.875,15.938,17.357
2615,87.167,557.38,425.27,12.608,4.23,13.299
2616,87.2,559.51,426.76,18.425,-6.697,19.604
2617,87.233,560.99,429.16,23.502,-16.207,28.548
2618,87.267,562.12,430.31,27.165,-24.862,36.825
2619,87.3,562.46,430.46,30.069,-32.492,44.27
2620,87.333,563.26,431.17,31.946,-39.052,50.454
2621,87.367,564.19,430.69,32.794,-44.417,55.211
2622,87.4,565.5,430.54,32.515,-48.207,58.148
2623,87.433,567.46,431.37,30.935,-50.97,59.623
2624,87.467,569.13,431.72,27.968,-53.515,60.382
2625,87.5,571.97,407.94,24.032,-55.701,60.664
2626,87.533,571.93,408.52,20.01,-56.919,60.333
2627,87.567,571.61,408.76,14.911,-56.28,58.222
2628,87.6,571.73,409.14,9.08,-53.387,54.153
2629,87.633,571.1,408.63,7.855,-46.864,47.517
2630,87.667,570.38,408.13,7.354,-38.098,38.801
2631,87.7,570.48,408.57,6.864,-27.787,28.622
2632,87.733,570.39,407.68,6.368,-16.485,17.672
2633,87.767,570.55,407.72,5.987,-5.572,8.179
2634,87.8,570.73,408.18,6.24,4.369,7.618
2635,87.833,571.2,409.02,7.038,12.955,14.743
2636,87.867,571.92,410.43,7.888,19.253,20.807
2637,87.9,572.16,410.67,9.377,23.389,25.199
2638,87.933,572.92,410.6,12.013,24.346,27.149
2639,87.967,574.25,410.99,15.109,20.928,25.812
2640,88.0,575.14,410.88,18.55,12.537,22.389
2641,88.033,574.9,411.71,20.881,12.518,24.346
2642,88.067,576.64,412.35,23.292,11.795,26.108
2643,88.1,577.3,413.13,25.499,10.352,27.52
2644,88.133,577.32,414.04,27.167,8.108,28.351
2645,88.167,577.15,413.82,29.106,5.689,29.657
2646,88.2,578.19,413.76,31.252,2.381,31.342
2647,88.233,579.13,413.23,34.02,-1.829,34.07
2648,88.267,580.37,412.66,37.449,-6.013,37.929
2649,88.3,580.75,412.5,40.863,-10.407,42.167
2650,88.333,582.34,412.69,43.658,-13.988,45.844
2651,88.367,585.43,412.83,45.535,-16.648,48.483
2652,88.4,587.99,412.32,45.863,-18.779,49.558
2653,88.433,589.15,412.11,44.728,-20.016,49.003
2654,88.467,590.45,411.48,42.071,-20.603,46.845
2655,88.5,591.33,410.12,38.543,-20.824,43.809
2656,88.533,592.84,408.9,34.467,-20.01,39.854
2657,88.567,593.75,407.79,30.7,-18.901,36.052
2658,88.6,595.37,406.76,26.569,-17.123,31.609
2659,88.633,597.36,405.54,22.68,-14.993,27.188
2660,88.667,598.4,403.75,19.231,-13.091,23.264
2661,88.7,599.84,404.06,16.601,-11.25,20.053
2662,88.733,599.26,404.36,14.556,-9.494,17.379
2663,88.767,597.78,405.11,13.353,-7.806,15.467
2664,88.8,596.51,406.91,12.758,-5.448,13.872
2665,88.833,595.96,407.03,13.266,-2.843,13.567
2666,88.867,595.52,406.53,14.364,-0.526,14.374
2667,88.9,596.25,405.77,15.165,1.197,15.213
2668,88.933,598.01,404.9,15.621,2.192,15.774
2669,88.967,600.52,404.92,15.968,2.599,16.179
2670,89.0,601.7,405.42,16.101,2.497,16.294
2671,89.033,602.79,405.25,16.199,2.553,16.399
2672,89.067,603.66,405.77,15.789,3.12,16.094
2673,89.1,604.11,405.41,14.832,3.918,15.341
2674,89.133,604.05,405.0,12.993,4.959,13.908
2675,89.167,604.38,405.05,10.163,6.199,11.904
2676,89.2,604.73,405.65,6.63,8.245,10.58
2677,89.233,604.74,406.22,2.101,10.137,10.352
2678,89.267,604.28,407.42,-2.435,11.805,12.053
2679,89.3,603.95,407.19,-6.291,13.221,14.641
2680,89.333,603.62,407.07,-9.104,13.348,16.157
2681,89.367,603.36,407.28,-10.653,12.673,16.556
2682,89.4,602.94,407.75,-10.359,11.283,15.317
2683,89.433,602.19,409.09,-8.685,9.291,12.718
2684,89.467,601.79,409.89,-6.314,7.095,9.498
2685,89.5,601.34,410.84,-3.896,4.397,5.875
2686,89.533,600.81,411.18,-1.332,1.648,2.119
2687,89.567,600.54,410.53,0.715,-0.449,0.844
2688,89.6,601.05,410.15,2.283,-2.03,3.055
2689,89.633,601.78,409.56,3.54,-2.21,4.173
2690,89.667,602.16,409.4,4.184,-1.286,4.377
2691,89.7,602.54,409.08,3.953,0.323,3.966
2692,89.733,602.8,409.03,2.865,1.76,3.362
2693,89.767,602.94,409.07,0.801,2.99,3.095
2694,89.8,603.28,408.43,-1.753,3.64,4.04
2695,89.833,603.75,408.09,-4.465,4.212,6.138
2696,89.867,603.98,407.79,-6.941,5.236,8.694
2697,89.9,603.45,408.04,-8.998,6.771,11.261
2698,89.933,602.84,408.98,-10.967,8.965,14.165
2699,89.967,602.17,410.24,-13.016,11.225,17.187
2700,90.0,601.02,412.31,-14.352,12.885,19.288
2701,90.033,599.82,413.58,-14.658,13.398,19.859
2702,90.067,599.46,414.29,-13.881,12.604,18.749
2703,90.1,598.76,414.51,-12.106,11.091,16.419
2704,90.133,597.57,413.27,-9.969,9.258,13.605
2705,90.167,597.31,412.28,-7.744,7.187,10.565
2706,90.2,597.33,411.44,-5.293,5.504,7.637
2707,90.233,597.33,411.75,-2.767,4.065,4.918
2708,90.267,598.17,412.27,0.286,2.294,2.312
2709,90.3,599.01,412.87,3.383,0.032,3.383
2710,90.333,599.54,414.09,6.058,-2.266,6.467
2711,90.367,599.44,414.57,7.901,-3.944,8.831
2712,90.4,598.77,414.68,8.819,-4.527,9.914
2713,90.433,598.94,413.85,8.734,-3.813,9.53
2714,90.467,600.51,412.36,7.942,-1.91,8.169
2715,90.5,600.72,411.82,6.675,0.452,6.691
2716,90.533,600.4,411.72,4.969,2.0,5.356
2717,90.567,600.09,412.39,2.81,2.512,3.769
2718,90.6,599.77,413.21,-0.238,2.337,2.349
2719,90.633,599.94,413.37,-3.902,2.017,4.393
2720,90.667,600.29,413.95,-7.697,2.279,8.028
2721,90.7,600.47,412.86,-11.318,3.017,11.713
2722,90.733,600.71,411.94,-14.041,4.192,14.653
2723,90.767,599.52,412.07,-15.726,5.299,16.595
2724,90.8,598.68,412.92,-17.158,5.601,18.05
2725,90.833,597.99,414.45,-17.873,5.007,18.561
2726,90.867,597.38,415.32,-17.705,3.751,18.098
2727,90.9,596.51,415.79,-17.155,2.019,17.273
2728,90.933,596.26,415.5,-15.84,0.056,15.84
2729,90.967,595.39,414.27,-14.386,-1.676,14.484
2730,91.0,593.81,413.39,-14.032,-2.487,14.25
2731,91.033,592.52,413.56,-14.539,-2.574,14.765
2732,91.067,591.68,414.48,-15.726,-2.156,15.873
2733,91.1,591.47,415.01,-16.749,-1.564,16.822
2734,91.133,591.78,414.43,-17.687,-0.992,17.715
2735,91.167,592.84,413.52,-19.139,-0.715,19.152
2736,91.2,593.58,412.71,-20.745,-1.015,20.77
2737,91.233,592.99,412.09,-22.669,-1.114,22.697
2738,91.267,592.14,411.47,-25.029,-0.676,25.038
2739,91.3,592.07,412.35,-27.123,0.017,27.123
2740,91.333,590.51,413.83,-28.903,0.619,28.91
2741,91.367,587.87,414.25,-29.989,0.792,29.999
2742,91.4,586.15,414.7,-30.804,0.475,30.808
2743,91.433,583.99,414.82,-31.531,-0.519,31.535
2744,91.467,582.11,414.95,-32.558,-1.954,32.617
2745,91.5,580.97,414.71,-33.578,-3.324,33.742
2746,91.533,580.49,414.3,-33.713,-3.944,33.942
2747,91.567,580.68,413.97,-32.662,-3.883,32.892
2748,91.6,579.48,413.31,-30.303,-3.647,30.522
2749,91.633,578.56,412.25,-26.81,-3.499,27.037
2750,91.667,578.69,412.02,-22.818,-3.104,23.028
2751,91.7,577.95,411.84,-18.996,-3.157,19.257
2752,91.733,577.53,411.96,-15.812,-3.882,16.281
2753,91.767,577.09,411.98,-12.882,-5.169,13.881
2754,91.8,576.71,412.04,-10.239,-6.092,11.914
2755,91.833,576.17,412.16,-8.534,-6.91,10.981
2756,91.867,574.58,411.83,-7.56,-7.554,10.687
2757,91.9,573.56,411.6,-6.522,-7.357,9.832
2758,91.933,573.31,411.81,-5.749,-6.257,8.497
2759,91.967,573.62,412.35,-4.861,-5.015,6.984
2760,92.0,574.41,413.48,-4.059,-3.67,5.473
2761,92.033,574.86,413.55,-3.206,-2.152,3.861
2762,92.067,575.09,412.63,-2.523,-0.8,2.646
2763,92.1,575.01,411.1,-2.458,-0.23,2.469
2764,92.133,574.57,409.37,-2.524,-0.078,2.525
2765,92.167,574.53,407.2,-2.482,0.003,2.482
2766,92.2,574.35,406.86,-2.857,-0.406,2.886
2767,92.233,574.42,407.88,-3.225,-0.924,3.355
2768,92.267,574.25,409.99,-3.877,-1.354,4.107
2769,92.3,573.87,411.64,-4.626,-1.333,4.814
2770,92.333,573.3,413.17,-5.531,-1.467,5.722
2771,92.367,573.24,413.8,-6.516,-2.4,6.944
2772,92.4,572.79,413.42,-6.812,-3.796,7.798
2773,92.433,572.41,411.89,-6.489,-5.671,8.618
2774,92.467,571.96,411.39,-5.725,-8.15,9.959
2775,92.5,572.32,410.34,-4.747,-10.998,11.979
2776,92.533,572.22,408.7,-3.744,-14.455,14.932
2777,92.567,572.04,407.36,-2.846,-17.846,18.072
2778,92.6,571.92,407.11,-2.169,-21.122,21.233
2779,92.633,572.23,406.63,-1.57,-23.677,23.729
2780,92.667,572.12,406.23,-1.111,-25.616,25.64
2781,92.7,572.04,406.42,-1.198,-26.595,26.622
2782,92.733,571.82,406.08,-1.803,-27.726,27.785
2783,92.767,571.99,404.92,-2.959,-28.927,29.078
2784,92.8,571.84,402.48,-4.33,-30.261,30.569
2785,92.833,571.75,400.62,-5.703,-31.493,32.005
2786,92.867,571.7,399.91,-6.685,-32.903,33.576
2787,92.9,571.47,399.21,-7.254,-34.225,34.985
2788,92.933,571.42,398.91,-7.333,-35.788,36.531
2789,92.967,571.36,398.9,-6.841,-37.557,38.175
2790,93.0,571.24,398.16,-5.681,-40.529,40.925
2791,93.033,570.68,396.77,-4.169,-43.858,44.056
2792,93.067,570.18,394.04,-2.14,-46.653,46.702
2793,93.1,569.74,391.57,0.244,-49.407,49.408
2794,93.133,569.02,388.26,2.9,-52.247,52.328
2795,93.167,568.7,385.64,5.445,-54.911,55.18
2796,93.2,569.01,383.78,7.936,-56.933,57.484
2797,93.233,569.78,384.02,10.322,-58.896,59.794
2798,93.267,570.77,383.86,12.68,-60.907,62.212
2799,93.3,571.66,382.69,14.828,-62.855,64.58
2800,93.333,572.71,380.57,16.911,-63.86,66.062
2801,93.367,573.53,377.84,18.717,-64.569,67.227
2802,93.4,573.95,373.88,20.122,-64.795,67.847
2803,93.433,574.64,370.39,21.015,-64.549,67.883
2804,93.467,575.26,367.75,21.165,-63.605,67.034
2805,93.5,575.9,366.64,20.344,-62.682,65.9
2806,93.533,576.29,364.85,18.458,-62.085,64.771
2807,93.567,576.44,362.19,15.823,-61.789,63.783
2808,93.6,576.81,360.97,12.646,-61.332,62.622
2809,93.633,577.14,359.59,9.145,-61.109,61.789
2810,93.667,577.6,358.15,5.784,-60.27,60.547
2811,93.7,578.14,355.57,2.674,-59.115,59.175
2812,93.733,578.65,353.05,-0.21,-57.899,57.899
2813,93.767,579.01,350.66,-2.934,-57.631,57.706
2814,93.8,579.06,348.63,-5.477,-58.724,58.979
2815,93.833,578.66,346.39,-7.645,-60.931,61.409
2816,93.867,578.17,345.86,-9.375,-64.106,64.788
2817,93.9,577.4,344.42,-10.473,-67.95,68.752
2818,93.933,576.62,342.97,-10.685,-71.234,72.031
2819,93.967,575.8,340.03,-10.194,-73.648,74.35
2820,94.0,575.26,337.04,-9.036,-75.417,75.957
2821,94.033,574.99,334.26,-7.314,-76.3,76.65
2822,94.067,574.83,331.19,-5.022,-76.057,76.223
2823,94.1,574.67,328.08,-2.174,-74.163,74.195
2824,94.133,574.58,325.67,1.057,-71.461,71.469
2825,94.167,574.55,322.72,4.475,-68.576,68.722
2826,94.2,574.78,320.32,7.753,-65.944,66.398
2827,94.233,575.19,318.17,10.502,-63.289,64.155
2828,94.267,575.86,315.78,12.436,-60.895,62.152
2829,94.3,576.69,313.85,13.328,-58.135,59.643
2830,94.333,577.52,311.87,13.134,-54.957,56.505
2831,94.367,578.22,310.53,12.016,-51.002,52.398
2832,94.4,578.69,309.77,10.103,-47.146,48.217
2833,94.433,578.99,308.78,7.629,-43.608,44.27
2834,94.467,579.27,308.0,4.762,-40.941,41.217
2835,94.5,579.43,308.1,1.737,-38.352,38.391
2836,94.533,579.43,306.51,-1.319,-35.883,35.907
2837,94.567,579.25,304.63,-4.351,-33.895,34.173
2838,94.6,578.97,302.23,-7.244,-32.504,33.301
2839,94.633,578.39,299.59,-9.85,-31.916,33.401
2840,94.667,577.7,297.67,-11.943,-31.991,34.147
2841,94.7,576.96,296.25,-13.383,-33.054,35.661
2842,94.733,576.37,295.45,-14.07,-35.089,37.805
2843,94.767,575.84,295.93,-13.899,-37.833,40.305
2844,94.8,575.48,295.7,-12.891,-40.58,42.578
2845,94.833,575.24,295.25,-11.122,-43.049,44.463
2846,94.867,575.06,294.19,-8.763,-45.303,46.143
2847,94.9,574.81,292.46,-6.059,-48.367,48.745
2848,94.933,574.6,290.83,-3.151,-51.608,51.704
2849,94.967,574.48,289.42,-0.251,-55.328,55.329
2850,95.0,574.45,287.03,2.495,-59.159,59.212
2851,95.033,574.43,284.15,4.949,-63.593,63.785
2852,95.067,574.54,281.19,7.022,-67.229,67.595
2853,95.1,574.79,278.37,8.759,-69.514,70.064
2854,95.133,575.27,276.13,10.143,-70.222,70.951
2855,95.167,575.79,272.9,11.264,-69.632,70.537
2856,95.2,576.52,271.14,12.232,-67.382,68.484
2857,95.233,577.28,269.63,13.131,-63.895,65.23
2858,95.267,577.94,268.03,13.871,-59.507,61.102
2859,95.3,578.41,265.78,14.336,-55.196,57.028
2860,95.333,578.61,262.76,14.354,-51.095,53.073
2861,95.367,578.65,260.12,13.825,-47.448,49.421
2862,95.4,578.79,259.83,12.668,-43.839,45.633
2863,95.433,578.95,258.36,10.967,-40.34,41.805
2864,95.467,579.35,258.33,8.86,-37.209,38.249
2865,95.5,579.73,258.05,6.496,-34.922,35.521
2866,95.533,580.17,258.18,3.97,-32.903,33.141
2867,95.567,580.67,257.1,1.493,-30.855,30.891
2868,95.6,580.99,255.06,-0.816,-28.554,28.566
2869,95.633,581.17,253.0,-2.818,-25.844,25.997
2870,95.667,581.22,252.3,-4.536,-22.738,23.186
2871,95.7,580.98,250.73,-5.949,-18.844,19.761
2872,95.733,580.42,249.76,-7.174,-15.273,16.874
2873,95.767,579.7,248.98,-8.219,-12.45,14.918
2874,95.8,578.97,248.58,-9.097,-10.478,13.875
2875,95.833,578.35,248.59,-9.78,-8.943,13.252
2876,95.867,577.82,248.97,-10.193,-7.147,12.449
2877,95.9,577.5,248.57,-10.203,-4.847,11.296
2878,95.933,577.33,248.58,-9.909,-3.013,10.357
2879,95.967,577.2,248.79,-9.361,-0.689,9.386
2880,96.0,577.06,249.55,-8.74,0.986,8.796
2881,96.033,577.03,249.93,-7.999,1.594,8.157
2882,96.067,576.95,250.25,-7.174,0.342,7.182
2883,96.1,576.89,250.35,-6.333,-2.617,6.853
2884,96.133,576.7,250.02,-5.661,-6.653,8.735
2885,96.167,576.51,248.76,-5.162,-12.17,13.219
2886,96.2,576.33,247.25,-4.788,-18.95,19.545
2887,96.233,576.21,246.37,-4.459,-26.038,26.417
2888,96.267,575.98,245.83,-4.1,-33.021,33.275
2889,96.3,575.71,245.42,-3.601,-39.133,39.298
2890,96.333,575.42,244.85,-2.952,-44.063,44.162
2891,96.367,575.2,244.03,-2.194,-47.876,47.926
2892,96.4,574.88,242.93,-1.239,-50.545,50.56
2893,96.433,574.75,241.45,-0.005,-52.314,52.314
2894,96.467,574.82,238.43,1.425,-52.96,52.979
2895,96.5,575.17,235.37,2.963,-53.132,53.215
2896,96.533,575.48,232.31,4.611,-53.097,53.297
2897,96.567,575.75,229.57,6.215,-52.249,52.618
2898,96.6,575.86,227.26,7.793,-50.873,51.466
2899,96.633,576.32,224.93,9.312,-49.29,50.162
2900,96.667,576.78,224.82,10.665,-47.683,48.861
2901,96.7,577.05,224.4,11.697,-45.928,47.394
2902,96.733,577.24,224.18,12.289,-43.999,45.683
2903,96.767,577.49,223.9,12.204,-42.192,43.922
2904,96.8,577.73,222.82,11.517,-40.918,42.507
2905,96.833,578.12,221.19,10.477,-39.933,41.284
2906,96.867,578.72,219.4,9.095,-39.409,40.445
2907,96.9,579.3,216.9,7.383,-39.442,40.127
2908,96.933,579.59,215.65,5.511,-40.07,40.447
2909,96.967,579.83,213.66,3.498,-41.417,41.565
2910,97.0,580.08,212.92,1.341,-42.84,42.861
2911,97.033,580.17,212.28,-1.036,-44.249,44.262
2912,97.067,580.26,210.3,-3.331,-45.565,45.686
2913,97.1,580.07,208.15,-5.018,-46.604,46.873
2914,97.133,579.52,206.05,-6.401,-47.492,47.921
2915,97.167,578.93,204.05,-7.857,-47.643,48.286
2916,97.2,578.36,202.42,-9.382,-47.826,48.738
2917,97.233,577.81,201.19,-10.609,-48.176,49.331
2918,97.267,577.63,200.16,-11.376,-48.909,50.214
2919,97.3,577.49,199.73,-11.835,-50.243,51.618
2920,97.333,576.95,198.4,-11.722,-51.621,52.935
2921,97.367,576.5,196.96,-11.01,-52.843,53.978
2922,97.4,576.15,195.25,-10.091,-53.551,54.493
2923,97.433,575.84,193.09,-8.789,-53.259,53.979
2924,97.467,575.69,190.76,-7.279,-52.432,52.935
2925,97.5,575.72,188.32,-5.848,-50.331,50.669
2926,97.533,576.04,186.0,-4.407,-47.532,47.735
2927,97.567,576.03,184.1,-3.166,-44.642,44.755
2928,97.6,574.88,182.32,-2.238,-40.907,40.968
2929,97.633,574.39,181.33,-1.336,-36.882,36.907
2930,97.667,574.55,180.19,-0.316,-31.633,31.634
2931,97.7,574.99,178.9,0.523,-26.009,26.014
2932,97.733,575.1,178.15,1.136,-20.617,20.648
2933,97.767,575.12,177.68,1.74,-15.863,15.959
2934,97.8,575.62,177.71,2.405,-12.51,12.739
2935,97.833,575.76,177.43,2.949,-11.384,11.76
2936,97.867,575.65,177.52,3.508,-12.165,12.661
2937,97.9,575.99,177.39,4.105,-15.22,15.764
2938,97.933,575.65,177.45,4.655,-18.834,19.4
2939,97.967,575.57,177.65,5.035,-22.819,23.368
2940,98.0,575.96,177.07,5.227,-27.206,27.703
2941,98.033,575.94,176.0,5.024,-31.713,32.109
2942,98.067,576.27,175.22,4.16,-36.223,36.461
2943,98.1,576.69,173.37,2.589,-40.506,40.589
2944,98.133,576.54,172.51,1.13,-44.218,44.232
2945,98.167,576.15,168.96,-0.135,-47.364,47.365
2946,98.2,576.39,166.13,-1.952,-50.201,50.239
2947,98.233,576.92,163.56,-4.146,-52.839,53.002
2948,98.267,577.19,160.81,-6.272,-55.874,56.225
2949,98.3,576.86,158.93,-8.039,-58.445,58.996
2950,98.333,576.58,157.93,-9.774,-60.364,61.151
2951,98.367,576.22,157.19,-10.841,-61.173,62.126
2952,98.4,575.65,158.04,-11.007,-60.946,61.932
2953,98.433,574.99,155.86,-10.637,-59.185,60.133
2954,98.467,574.47,153.5,-9.585,-56.443,57.251
2955,98.5,573.75,151.48,-7.894,-53.149,53.732
2956,98.533,573.14,149.39,-5.95,-49.66,50.016
2957,98.567,572.64,147.57,-3.76,-46.322,46.474
2958,98.6,572.55,145.51,-1.678,-43.586,43.619
2959,98.633,572.34,143.08,0.126,-40.666,40.666
2960,98.667,571.83,140.01,1.981,-38.372,38.423
2961,98.7,572.78,137.76,3.721,-34.962,35.159
2962,98.733,573.67,136.66,4.776,-31.105,31.47
2963,98.767,574.39,137.75,5.149,-26.392,26.89
2964,98.8,574.97,138.2,5.215,-20.342,20.999
2965,98.833,576.03,138.59,5.36,-14.122,15.105
2966,98.867,576.16,138.82,5.384,-8.942,10.438
2967,98.9,575.88,139.03,5.235,-4.737,7.06
2968,98.933,575.6,138.06,5.027,-2.388,5.566
2969,98.967,575.48,137.29,4.846,-0.766,4.906
2970,99.0,575.11,136.27,4.45,0.487,4.477
2971,99.033,574.78,135.89,4.095,1.49,4.358
2972,99.067,574.59,136.36,3.86,2.791,4.763
2973,99.1,574.65,137.38,3.801,3.943,5.477
2974,99.133,574.73,137.64,3.787,3.378,5.075
2975,99.167,574.48,138.24,4.032,0.794,4.11
2976,99.2,574.88,137.61,4.916,-3.025,5.772
2977,99.233,576.17,137.95,5.849,-6.553,8.783
2978,99.267,577.35,137.26,6.933,-9.632,11.868
2979,99.3,577.84,135.38,8.119,-13.61,15.848
2980,99.333,577.8,134.78,9.482,-16.107,18.691
2981,99.367,577.88,135.92,9.702,-16.737,19.346
2982,99.4,577.94,136.72,8.754,-16.049,18.282
2983,99.433,577.84,136.99,7.003,-14.424,16.034
2984,99.467,577.56,137.21,4.338,-11.731,12.508
2985,99.5,577.72,136.82,1.253,-7.309,7.415
2986,99.533,577.75,135.5,-1.484,-1.407,2.045
2987,99.567,577.8,132.15,-3.505,4.925,6.045
2988,99.6,577.94,128.13,-4.595,10.847,11.781
2989,99.633,578.25,127.32,-4.902,15.407,16.168
2990,99.667,578.55,128.93,-4.367,18.886,19.385
2991,99.7,578.76,132.27,-2.94,20.919,21.124
2992,99.733,578.84,134.37,-0.847,21.963,21.98
2993,99.767,578.29,137.01,1.306,22.41,22.448
2994,99.8,577.32,142.03,3.226,22.163,22.396
2995,99.833,575.42,143.27,4.923,21.628,22.181
2996,99.867,575.05,143.02,6.504,20.668,21.668
2997,99.9,575.62,143.08,7.865,18.435,20.042
2998,99.933,576.34,143.06,8.953,15.171,17.616
2999,99.967,578.18,143.47,9.687,10.123,14.011
3000,100.0,579.8,141.7,10.315,4.583,11.287
3001,100.033,580.72,139.75,10.454,-1.546,10.568
3002,100.067,581.23,138.77,10.176,-7.654,12.733
3003,100.1,581.31,138.2,9.692,-11.725,15.213
3004,100.133,581.42,138.62,9.178,-12.296,15.344
3005,100.167,581.29,138.93,8.618,-9.912,13.135
3006,100.2,581.41,139.47,7.78,-5.387,9.464
3007,100.233,581.35,140.41,6.326,-0.515,6.347
3008,100.267,581.21,139.31,4.38,5.865,7.32
3009,100.3,581.04,138.95,2.155,12.064,12.255
3010,100.333,580.96,139.52,0.205,16.545,16.546
3011,100.367,580.92,140.02,-0.458,20.6,20.605
3012,100.4,580.87,140.75,-0.107,23.867,23.867
3013,100.433,580.8,141.0,0.993,25.821,25.84
3014,100.467,581.07,143.65,2.754,26.191,26.335
3015,100.5,581.12,143.93,4.488,24.222,24.634
3016,100.533,581.7,145.05,6.014,20.878,21.727
3017,100.567,582.5,146.53,7.235,17.02,18.494
3018,100.6,583.06,147.27,8.19,13.058,15.414
3019,100.633,583.17,147.76,9.071,9.404,13.066
3020,100.667,582.83,147.89,9.674,5.253,11.009
3021,100.7,582.6,147.54,9.986,1.044,10.04
3022,100.733,583.0,148.59,9.781,-3.216,10.296
3023,100.767,583.25,147.26,9.086,-8.43,12.395
3024,100.8,583.95,147.7,7.988,-13.198,15.427
3025,100.833,584.54,146.99,6.732,-16.905,18.196
3026,100.867,584.9,144.76,5.51,-19.492,20.256
3027,100.9,585.19,143.45,4.549,-20.327,20.83
3028,100.933,585.38,142.29,3.893,-19.863,20.241
3029,100.967,585.57,141.27,3.6,-17.658,18.021
3030,101.0,585.66,141.13,3.461,-15.335,15.721
3031,101.033,585.52,141.73,3.42,-12.491,12.95
3032,101.067,585.58,142.11,3.443,-10.831,11.365
3033,101.1,585.52,141.78,3.454,-11.176,11.698
3034,101.133,585.14,140.66,3.455,-12.771,13.23
3035,101.167,584.88,140.59,3.501,-14.549,14.964
3036,101.2,584.78,139.95,3.642,-15.581,16.001
3037,101.233,584.94,139.13,3.769,-14.889,15.359
3038,101.267,585.36,140.11,3.504,-12.447,12.931
3039,101.3,586.03,141.34,2.859,-7.588,8.109
3040,101.333,586.59,141.85,1.68,-1.246,2.091
3041,101.367,586.94,141.91,-0.065,5.912,5.913
3042,101.4,586.86,140.61,-2.087,15.346,15.487
3043,101.433,586.71,139.65,-4.233,25.53,25.879
3044,101.467,586.44,137.86,-6.26,35.425,35.974
3045,101.5,586.26,136.08,-8.034,43.584,44.318
3046,101.533,586.52,134.88,-8.157,48.698,49.377
3047,101.567,586.35,136.82,-7.812,49.39,50.004
3048,101.6,585.72,141.35,-7.7,47.121,47.746
3049,101.633,584.74,146.78,-7.785,42.009,42.724
3050,101.667,583.62,151.76,-7.841,35.945,36.79
3051,101.7,582.68,156.13,-7.98,28.352,29.453
3052,101.733,582.02,159.32,-8.174,20.128,21.725
3053,101.767,581.72,160.07,-8.337,11.631,14.31
3054,101.8,581.8,160.22,-8.399,2.664,8.811
3055,101.833,582.04,158.67,-8.549,-6.437,10.701
3056,101.867,582.71,157.48,-8.886,-15.645,17.993
3057,101.9,583.34,152.66,-9.246,-25.003,26.658
3058,101.933,584.02,147.85,-9.726,-33.429,34.815
3059,101.967,584.55,143.11,-10.527,-40.253,41.607
3060,102.0,584.89,140.23,-11.481,-44.252,45.717
3061,102.033,581.56,139.23,-12.684,-44.656,46.422
3062,102.067,579.85,141.3,-14.573,-40.075,42.643
3063,102.1,579.1,141.45,-16.655,-31.36,35.508
3064,102.133,578.39,143.03,-18.46,-20.575,27.642
3065,102.167,577.66,142.56,-19.483,-9.229,21.558
3066,102.2,577.4,143.14,-19.569,1.639,19.637
3067,102.233,577.37,143.34,-18.685,11.084,21.725
3068,102.267,577.28,144.24,-16.82,18.338,24.884
3069,102.3,576.86,144.61,-14.132,23.605,27.512
3070,102.333,576.43,143.95,-10.895,25.971,28.164
3071,102.367,576.02,143.76,-7.308,25.44,26.469
3072,102.4,575.1,144.63,-3.863,21.971,22.308
3073,102.433,574.54,145.88,-0.823,17.978,17.997
3074,102.467,574.54,147.02,1.425,14.132,14.204
3075,102.5,574.49,148.19,2.656,11.424,11.728
3076,102.533,574.81,149.99,2.791,10.12,10.498
3077,102.567,575.91,150.21,3.833,10.294,10.984
3078,102.6,576.69,149.54,5.217,9.847,11.144
3079,102.633,577.16,149.47,6.548,9.467,11.511
3080,102.667,577.12,149.54,7.576,8.827,11.632
3081,102.7,577.13,149.58,8.573,8.945,12.39
3082,102.733,577.2,149.32,9.372,9.14,13.091
3083,102.767,577.18,148.94,9.972,9.072,13.482
3084,102.8,577.22,148.2,10.413,8.291,13.311
3085,102.833,577.37,148.41,10.951,7.098,13.05
3086,102.867,577.57,149.82,11.591,5.869,12.992
3087,102.9,578.0,151.0,11.63,5.267,12.767
3088,102.933,578.54,151.4,11.302,5.271,12.471
3089,102.967,579.29,152.12,10.965,5.713,12.364
3090,103.0,580.09,152.9,10.285,6.612,12.227
3091,103.033,580.49,153.21,9.318,6.976,11.64
3092,103.067,580.36,152.37,8.044,6.034,10.056
3093,103.1,580.43,152.64,6.248,3.852,7.34
3094,103.133,580.53,153.18,4.126,0.668,4.18
3095,103.167,581.26,152.66,1.908,-3.18,3.708
3096,103.2,581.72,151.47,-0.336,-7.32,7.328
3097,103.233,582.16,150.3,-2.427,-11.48,11.734
3098,103.267,582.21,150.05,-4.35,-15.18,15.791
3099,103.3,581.87,150.15,-6.007,-18.065,19.038
3100,103.333,580.83,150.25,-7.475,-19.393,20.784
3101,103.367,579.23,151.36,-8.436,-19.506,21.252
3102,103.4,578.83,151.54,-8.927,-18.848,20.855
3103,103.433,578.85,150.79,-8.968,-17.357,19.537
3104,103.467,578.26,149.37,-8.336,-14.399,16.638
3105,103.5,578.12,146.9,-6.925,-10.368,12.468
3106,103.533,578.36,145.49,-5.311,-5.54,7.675
3107,103.567,578.77,144.24,-3.321,-0.043,3.321
3108,103.6,579.02,144.12,-0.79,6.109,6.16
3109,103.633,579.06,145.27,1.669,12.055,12.17
3110,103.667,578.77,146.29,4.344,17.23,17.77
3111,103.7,578.89,147.24,6.702,21.836,22.841
3112,103.733,578.83,148.4,9.025,26.176,27.688
3113,103.767,578.9,149.64,11.653,30.246,32.413
3114,103.8,579.13,151.15,14.131,34.822,37.58
3115,103.833,579.95,152.43,15.282,39.026,41.912
3116,103.867,580.43,154.3,15.625,41.814,44.638
3117,103.9,581.32,156.2,15.827,42.032,44.914
3118,103.933,582.41,158.0,15.664,38.713,41.762
3119,103.967,583.04,158.84,15.242,33.194,36.526
3120,104.0,582.91,159.49,14.753,25.061,29.081
3121,104.033,583.47,159.62,13.856,15.477,20.773
3122,104.067,583.68,159.26,12.62,5.129,13.623
3123,104.1,583.81,159.29,11.009,-4.725,11.981
3124,104.133,585.1,159.43,8.931,-14.692,17.193
3125,104.167,585.86,159.6,6.897,-24.564,25.514
3126,104.2,586.9,159.72,5.214,-33.622,34.024
3127,104.233,587.12,159.64,3.895,-41.509,41.691
3128,104.267,585.48,159.55,2.886,-48.471,48.557
3129,104.3,583.76,156.0,2.215,-53.787,53.833
3130,104.333,584.37,152.03,1.956,-57.961,57.994
3131,104.367,584.95,148.64,1.747,-59.899,59.925
3132,104.4,585.39,145.2,1.782,-60.704,60.73
3133,104.433,585.67,144.0,2.177,-59.95,59.989
3134,104.467,585.32,140.82,2.593,-57.465,57.523
3135,104.5,585.21,139.8,2.977,-53.411,53.494
3136,104.533,585.73,139.31,3.747,-48.184,48.329
3137,104.567,586.01,138.49,4.371,-41.741,41.969
3138,104.6,586.26,136.53,0.878,-35.825,35.836
3139,104.633,587.04,136.38,3.526,-27.42,27.646
3140,104.667,587.17,136.0,5.149,-19.138,19.818
3141,104.7,587.15,135.15,5.901,-11.325,12.77
3142,104.733,586.77,134.4,5.501,-3.814,6.694
3143,104.767,586.79,134.97,4.218,3.616,5.556
3144,104.8,586.9,134.84,3.256,11.16,11.625
3145,104.833,586.95,136.33,3.079,19.956,20.192
3146,104.867,587.3,136.32,2.762,29.653,29.781
3147,104.9,587.68,138.38,2.404,40.219,40.291
3148,104.933,587.27,139.67,2.111,51.935,51.978
3149,104.967,586.86,140.07,2.27,62.756,62.797
3150,105.0,586.58,141.05,3.023,72.681,72.743
3151,105.033,586.03,142.65,4.145,81.771,81.876
3152,105.067,585.85,144.38,4.676,89.899,90.02
3153,105.1,597.04,151.23,4.918,96.795,96.92
3154,105.133,586.47,151.54,4.657,102.096,102.202
3155,105.167,586.87,156.55,4.238,105.979,106.064
3156,105.2,587.24,162.64,3.969,108.884,108.956
3157,105.233,587.68,168.45,3.725,109.883,109.946
3158,105.267,588.2,173.36,3.523,115.277,115.331
3159,105.3,588.48,176.14,3.039,115.158,115.198
3160,105.333,588.87,178.33,1.652,104.886,104.899
3161,105.367,589.48,181.22,0.184,94.529,94.529
3162,105.4,589.9,183.31,-1.934,84.737,84.759
3163,105.433,590.1,184.24,-4.746,74.31,74.462
3164,105.467,589.23,186.43,-7.86,63.538,64.022
3165,105.5,588.28,190.8,-10.42,53.101,54.114
3166,105.533,587.32,193.28,-11.388,44.185,45.629
3167,105.567,587.71,194.57,-10.244,36.255,37.674
3168,105.6,587.81,195.67,-6.555,30.38,31.079
3169,105.633,588.65,198.68,-7.602,23.976,25.152
3170,105.667,588.14,199.53,-4.156,19.739,20.172
3171,105.7,587.08,198.61,-0.358,15.65,15.654
3172,105.733,585.99,199.7,3.555,11.175,11.726
3173,105.767,585.05,183.91,7.213,6.784,9.902
3174,105.8,584.41,184.93,10.498,3.899,11.198
3175,105.833,585.41,202.2,13.324,2.557,13.567
3176,105.867,585.19,201.11,15.513,2.064,15.65
3177,105.9,586.25,199.83,17.132,1.82,17.228
3178,105.933,588.06,199.04,17.927,1.034,17.957
3179,105.967,591.05,198.6,17.467,0.304,17.469
3180,106.0,593.63,198.73,16.035,-0.498,16.043
3181,106.033,594.6,196.95,13.686,-3.734,14.186
3182,106.067,594.88,196.76,10.939,-7.777,13.422
3183,106.1,593.43,195.47,7.299,-11.977,14.026
3184,106.133,591.97,194.3,2.873,-16.14,16.393
3185,106.167,591.55,194.5,-2.658,-21.999,22.159
3186,106.2,591.03,195.91,-8.454,-29.797,30.973
3187,106.233,590.56,197.69,-13.719,-38.402,40.779
3188,106.267,590.45,198.21,-17.454,-46.212,49.398
3189,106.3,590.15,194.75,-19.963,-45.001,49.231
3190,106.333,589.93,191.14,-20.337,-38.564,43.598
3191,106.367,589.68,188.37,-19.1,-35.893,40.659
3192,106.4,588.44,185.17,-15.912,-30.293,34.217
3193,106.433,587.03,183.9,-11.784,-23.618,26.395
3194,106.467,586.11,183.08,-7.379,-17.174,18.692
3195,106.5,585.65,181.76,-4.041,-12.108,12.764
3196,106.533,585.81,183.25,-1.948,-8.022,8.255
3197,106.567,585.71,183.05,-1.089,-5.006,5.123
3198,106.6,585.82,182.5,-1.08,-1.977,2.252
3199,106.633,586.36,181.57,-1.174,1.303,1.754
3200,106.667,587.23,181.85,-0.965,5.613,5.696
3201,106.7,588.21,185.08,-0.706,10.505,10.529
3202,106.733,589.01,189.65,-0.229,15.223,15.225
3203,106.767,588.51,189.55,0.322,18.385,18.388
3204,106.8,589.32,193.42,0.694,19.178,19.19
3205,106.833,588.67,193.5,1.055,19.881,19.909
3206,106.867,587.28,191.1,1.052,20.364,20.391
3207,106.9,585.97,186.44,0.435,19.937,19.942
3208,106.933,585.4,184.17,-0.181,19.732,19.733
3209,106.967,585.04,183.7,-0.578,19.06,19.069
3210,107.0,585.52,185.73,-0.787,17.941,17.958
3211,107.033,585.62,186.8,-0.969,17.546,17.572
3212,107.067,586.49,191.13,-0.929,16.177,16.204
3213,107.1,586.9,192.76,-0.364,14.474,14.479
3214,107.133,587.61,195.46,0.625,13.17,13.185
3215,107.167,588.08,196.94,1.706,13.578,13.685
3216,107.2,588.3,197.57,2.638,15.893,16.111
3217,107.233,588.13,196.92,3.254,18.266,18.554
3218,107.267,588.05,196.35,3.442,19.26,19.565
3219,107.3,587.93,196.68,3.313,20.942,21.203
3220,107.333,587.23,195.28,1.853,19.947,20.033
3221,107.367,586.78,194.46,-0.569,16.738,16.748
3222,107.4,586.66,195.15,-3.268,12.974,13.379
3223,107.433,586.35,195.14,-5.637,10.567,11.977
3224,107.467,586.26,195.79,-7.233,9.864,12.232
3225,107.5,586.4,196.87,-8.145,9.809,12.75
3226,107.533,587.11,196.87,-8.579,10.016,13.187
3227,107.567,587.18,198.04,-8.282,11.344,14.046
3228,107.6,586.9,200.15,-7.606,12.467,14.604
3229,107.633,586.61,202.37,-6.647,13.101,14.691
3230,107.667,586.45,203.4,-5.56,13.387,14.495
3231,107.7,586.1,203.27,-4.537,12.005,12.834
3232,107.733,585.31,203.25,-3.546,10.046,10.653
3233,107.767,583.98,202.75,-2.678,7.738,8.189
3234,107.8,583.18,200.57,-1.938,6.021,6.325
3235,107.833,583.01,199.64,-1.362,4.58,4.778
3236,107.867,583.69,200.24,-0.659,4.38,4.429
3237,107.9,584.67,200.47,0.09,5.055,5.055
3238,107.933,585.49,200.98,0.848,6.628,6.681
3239,107.967,585.42,200.6,1.617,7.713,7.881
3240,108.0,585.77,202.38,2.261,8.808,9.094
3241,108.033,585.93,203.53,2.577,9.439,9.785
3242,108.067,585.93,204.05,2.172,9.976,10.21
3243,108.1,585.67,203.09,1.212,9.859,9.933
3244,108.133,585.69,204.24,-0.139,8.915,8.916
3245,108.167,585.38,203.07,-1.793,6.674,6.91
3246,108.2,585.22,205.04,-3.877,3.058,4.938
3247,108.233,584.84,205.47,-6.124,-0.846,6.182
3248,108.267,584.81,206.95,-8.206,-4.607,9.411
3249,108.3,584.6,206.8,-9.419,-7.508,12.045
3250,108.333,584.34,206.06,-9.674,-9.128,13.3
3251,108.367,584.04,204.77,-8.963,-9.169,12.822
3252,108.4,583.79,203.87,-7.75,-8.465,11.477
3253,108.433,583.26,200.9,-6.437,-7.802,10.115
3254,108.467,582.85,201.31,-5.341,-7.502,9.209
3255,108.5,582.51,200.43,-4.091,-6.205,7.432
3256,108.533,582.34,200.03,-2.971,-4.596,5.473
3257,108.567,582.23,200.31,-1.939,-2.689,3.315
3258,108.6,582.23,201.26,-1.016,-0.138,1.025
3259,108.633,582.3,201.64,-0.08,4.079,4.08
3260,108.667,582.34,202.35,0.869,8.089,8.135
3261,108.7,582.75,204.31,1.693,13.307,13.414
3262,108.733,583.01,205.6,2.161,17.928,18.058
3263,108.767,583.44,206.05,2.286,22.021,22.14
3264,108.8,583.58,205.24,1.898,24.435,24.508
3265,108.833,583.62,205.63,1.054,25.167,25.189
3266,108.867,583.31,204.81,0.042,25.121,25.121
3267,108.9,582.95,204.03,-1.343,23.242,23.281
3268,108.933,582.66,205.39,-2.849,19.738,19.943
3269,108.967,582.72,208.06,-4.198,16.85,17.365
3270,109.0,582.68,209.73,-5.473,13.384,14.459
3271,109.033,582.71,210.78,-6.836,10.356,12.409
3272,109.067,582.59,211.89,-7.965,7.873,11.199
3273,109.1,582.46,212.32,-8.605,5.953,10.464
3274,109.133,582.18,211.57,-8.854,4.441,9.906
3275,109.167,581.29,212.07,-8.403,2.311,8.715
3276,109.2,580.68,211.45,-7.781,0.003,7.781
3277,109.233,580.28,210.54,-7.869,-3.027,8.431
3278,109.267,580.08,209.59,-8.439,-6.369,10.573
3279,109.3,579.97,208.78,-9.187,-8.988,12.853
3280,109.333,580.02,208.73,-9.41,-9.701,13.515
3281,109.367,579.57,206.83,-9.182,-8.623,12.596
3282,109.4,579.71,207.95,-8.471,-5.277,9.98
3283,109.433,579.44,209.41,-7.25,-0.114,7.251
3284,109.467,578.98,209.68,-5.549,5.838,8.054
3285,109.5,578.77,210.06,-3.554,10.92,11.484
3286,109.533,579.25,210.04,-1.429,14.621,14.691
3287,109.567,579.28,209.95,-0.053,17.724,17.724
3288,109.6,578.82,209.43,1.621,20.485,20.55
3289,109.633,578.43,208.35,3.142,22.863,23.078
3290,109.667,577.04,210.43,4.107,25.32,25.651
3291,109.7,576.5,212.41,4.918,27.406,27.844
3292,109.733,577.78,214.91,5.463,29.082,29.591
3293,109.767,579.4,217.64,5.727,29.525,30.075
3294,109.8,580.69,219.32,5.649,28.834,29.382
3295,109.833,580.78,220.01,5.149,27.895,28.366
3296,109.867,580.82,219.45,4.487,27.106,27.474
3297,109.9,580.95,218.51,3.798,27.54,27.801
3298,109.933,580.98,218.52,2.75,28.282,28.415
3299,109.967,580.84,218.38,1.686,28.85,28.899
3300,110.0,580.4,219.63,0.895,29.129,29.142
3301,110.033,579.9,222.67,0.289,29.035,29.036
3302,110.067,581.14,224.7,-0.472,28.554,28.558
3303,110.1,580.09,225.56,-1.316,27.742,27.773
3304,110.133,579.37,226.32,-2.112,27.365,27.447
3305,110.167,579.36,226.79,-2.795,28.023,28.162
3306,110.2,579.2,226.18,-2.7,28.34,28.468
3307,110.233,579.26,225.87,-1.862,28.789,28.849
3308,110.267,579.37,227.79,-1.157,28.564,28.587
3309,110.3,579.6,230.68,-0.977,27.448,27.465
3310,110.333,580.12,232.7,-1.311,24.488,24.523
3311,110.367,579.98,233.47,-1.702,19.884,19.957
3312,110.4,580.06,234.23,-2.106,14.622,14.773
3313,110.433,580.38,233.92,-2.573,9.275,9.625
3314,110.467,580.43,233.12,-3.105,3.867,4.959
3315,110.5,580.16,232.97,-3.601,-0.056,3.601
3316,110.533,579.84,232.59,-3.876,-3.819,5.442
3317,110.567,579.32,232.58,-3.809,-8.029,8.887
3318,110.6,578.76,232.88,-4.268,-13.529,14.186
3319,110.633,578.42,232.54,-4.249,-18.534,19.015
3320,110.667,578.1,232.38,-3.706,-22.737,23.037
3321,110.7,577.99,232.41,-2.939,-25.788,25.955
3322,110.733,577.89,230.93,-1.901,-26.552,26.62
3323,110.767,578.05,229.55,-0.705,-24.362,24.372
3324,110.8,578.39,226.86,0.577,-20.777,20.785
3325,110.833,578.56,226.05,1.873,-17.207,17.309
3326,110.867,578.73,225.82,2.937,-13.828,14.136
3327,110.9,578.88,225.45,3.976,-9.481,10.281
3328,110.933,579.02,225.55,4.815,-4.916,6.881
3329,110.967,579.22,226.11,5.26,-0.012,5.26
3330,111.0,579.38,224.43,5.286,5.563,7.674
3331,111.033,579.57,224.72,4.99,11.194,12.256
3332,111.067,579.8,224.57,4.43,14.511,15.172
3333,111.1,579.88,227.52,3.805,15.776,16.229
3334,111.133,579.95,228.79,3.216,17.298,17.595
3335,111.167,579.93,230.13,2.677,18.408,18.602
3336,111.2,579.94,231.6,2.21,19.607,19.731
3337,111.233,579.99,232.47,1.839,20.119,20.202
3338,111.267,580.08,232.07,1.587,21.724,21.782
3339,111.3,580.21,232.38,1.379,26.786,26.822
3340,111.333,580.27,233.83,1.104,34.098,34.116
3341,111.367,580.26,235.76,0.863,43.589,43.597
3342,111.4,580.27,235.61,0.676,53.293,53.297
3343,111.433,580.31,235.94,0.581,62.879,62.881
3344,111.467,580.29,236.35,0.621,71.647,71.649
3345,111.5,580.36,236.06,0.84,77.456,77.46
3346,111.533,580.48,235.79,1.31,81.403,81.414
3347,111.567,580.58,241.52,1.977,81.838,81.862
3348,111.6,580.58,248.62,2.776,79.79,79.838
3349,111.633,580.59,251.46,3.728,74.954,75.046
3350,111.667,580.56,256.57,4.694,68.044,68.206
3351,111.7,580.67,260.9,5.543,60.285,60.539
3352,111.733,580.71,267.03,6.167,52.268,52.63
3353,111.767,580.85,271.36,6.443,43.928,44.398
3354,111.8,581.03,269.35,6.253,35.942,36.482
3355,111.833,581.33,269.55,5.553,28.639,29.173
3356,111.867,581.65,266.42,4.496,21.775,22.234
3357,111.9,582.0,264.66,3.18,14.941,15.276
3358,111.933,582.39,261.96,1.692,9.243,9.397
3359,111.967,582.76,258.44,0.045,5.438,5.438
3360,112.0,582.96,257.87,-1.713,4.147,4.487
3361,112.033,582.93,257.74,-3.631,6.186,7.173
3362,112.067,582.75,260.87,-5.815,12.06,13.388
3363,112.1,582.35,264.61,-8.172,19.217,20.882
3364,112.133,581.67,267.31,-10.642,26.362,28.429
3365,112.167,580.92,270.99,-12.574,34.863,37.062
3366,112.2,580.27,272.87,-13.975,43.116,45.324
3367,112.233,579.64,273.26,-14.646,50.462,52.545
3368,112.267,579.13,274.19,-14.484,54.769,56.652
3369,112.3,578.85,275.63,-13.527,55.369,56.998
3370,112.333,578.71,276.6,-11.907,54.022,55.319
3371,112.367,578.42,277.37,-9.806,49.28,50.246
3372,112.4,578.09,278.65,-7.32,42.892,43.512
3373,112.433,577.65,280.52,-4.574,34.955,35.253
3374,112.467,577.21,281.59,-1.718,27.0,27.055
3375,112.5,576.85,282.19,1.235,20.278,20.315
3376,112.533,576.71,282.97,4.174,14.836,15.412
3377,112.567,577.05,284.44,6.99,11.461,13.424
3378,112.6,577.68,285.71,9.509,8.697,12.886
3379,112.633,578.92,286.42,11.561,5.923,12.99
3380,112.667,579.26,286.72,13.078,3.854,13.634
3381,112.7,579.94,286.42,14.012,1.773,14.124
3382,112.733,580.29,285.75,14.303,0.131,14.303
3383,112.767,580.54,284.53,14.077,-1.01,14.114
3384,112.8,580.72,282.74,13.334,-1.439,13.411
3385,112.833,581.06,281.93,12.127,-1.594,12.231
3386,112.867,581.56,282.01,10.939,-1.372,11.025
3387,112.9,582.12,282.59,9.655,-1.015,9.708
3388,112.933,582.69,283.36,7.634,-0.194,7.636
3389,112.967,583.25,283.66,4.95,0.313,4.96
3390,113.0,583.36,284.81,1.985,1.22,2.33
3391,113.033,583.2,285.39,-0.86,1.905,2.09
3392,113.067,582.83,285.4,-3.359,2.803,4.374
3393,113.1,582.32,285.83,-5.405,3.398,6.384
3394,113.133,581.86,286.68,-7.093,3.604,7.956
3395,113.167,581.56,286.53,-8.757,3.282,9.352
3396,113.2,581.43,285.85,-9.962,2.787,10.345
3397,113.233,581.46,284.84,-10.685,2.23,10.915
3398,113.267,581.4,285.03,-10.99,1.914,11.155
3399,113.3,581.44,284.47,-11.122,1.544,11.229
3400,113.333,581.32,284.16,-11.011,2.168,11.223
3401,113.367,579.79,284.0,-10.331,3.196,10.814
3402,113.4,578.13,284.89,-9.233,4.384,10.221
3403,113.433,577.87,284.79,-7.729,5.604,9.547
3404,113.467,578.19,285.49,-5.816,6.528,8.743
3405,113.5,578.52,285.11,-4.06,7.014,8.105
3406,113.533,578.72,286.54,-2.178,7.092,7.419
3407,113.567,578.93,287.12,-0.413,7.198,7.209
3408,113.6,578.88,287.78,1.161,7.998,8.082
3409,113.633,578.95,288.21,2.662,8.707,9.105
3410,113.667,579.08,288.98,3.955,9.057,9.883
3411,113.7,579.15,288.91,5.055,9.19,10.489
3412,113.733,578.72,288.7,5.961,8.887,10.701
3413,113.767,578.57,287.81,6.547,8.51,10.737
3414,113.8,579.2,288.2,6.707,8.231,10.617
3415,113.833,580.17,287.54,6.277,8.199,10.325
3416,113.867,580.52,287.75,5.21,8.431,9.911
3417,113.9,580.96,288.04,4.32,8.397,9.443
3418,113.933,581.11,288.21,3.91,7.839,8.76
3419,113.967,580.7,288.86,3.423,7.321,8.082
3420,114.0,580.91,290.69,2.71,6.197,6.764
3421,114.033,580.45,291.89,2.134,6.0,6.368
3422,114.067,580.34,292.51,1.566,5.642,5.855
3423,114.1,580.46,291.82,0.867,5.321,5.391
3424,114.133,580.47,291.82,0.177,4.568,4.571
3425,114.167,580.79,291.23,-0.048,3.164,3.164
3426,114.2,581.02,290.65,0.211,1.089,1.109
3427,114.233,581.03,291.07,0.315,-1.317,1.354
3428,114.267,580.89,291.67,0.561,-3.919,3.959
3429,114.3,580.8,290.82,1.184,-5.84,5.959
3430,114.333,580.69,290.19,1.764,-7.542,7.746
3431,114.367,580.6,289.31,1.881,-7.935,8.155
3432,114.4,580.4,289.7,1.682,-7.229,7.422
3433,114.433,580.42,289.86,1.058,-5.457,5.559
3434,114.467,580.9,290.01,0.145,-2.845,2.849
3435,114.5,581.46,291.16,-0.795,0.765,1.103
3436,114.533,581.21,290.43,-1.957,4.289,4.715
3437,114.567,581.23,289.83,-2.594,6.891,7.363
3438,114.6,581.54,289.07,-1.984,8.758,8.98
3439,114.633,581.99,288.93,-1.56,10.219,10.337
3440,114.667,581.33,289.58,-1.631,10.832,10.954
3441,114.7,580.09,290.08,-2.269,11.182,11.41
3442,114.733,580.03,290.94,-3.11,11.414,11.83
3443,114.767,580.13,292.29,-4.132,11.972,12.664
3444,114.8,579.73,293.3,-5.529,12.288,13.475
3445,114.833,579.37,294.63,-7.045,13.056,14.836
3446,114.867,579.27,295.09,-8.65,14.282,16.697
3447,114.9,579.28,295.27,-10.078,15.841,18.775
3448,114.933,579.4,295.24,-10.715,16.8,19.926
3449,114.967,579.49,295.66,-10.668,17.296,20.321
3450,115.0,579.83,294.86,-10.196,16.863,19.705
3451,115.033,580.24,294.04,-9.566,15.071,17.85
3452,115.067,579.81,294.61,-8.511,12.78,15.355
3453,115.1,576.89,294.88,-7.194,10.56,12.777
3454,115.133,576.06,295.77,-5.993,8.951,10.772
3455,115.167,576.09,297.35,-5.559,7.997,9.739
3456,115.2,576.22,298.82,-5.171,7.368,9.002
3457,115.233,575.73,300.63,-4.092,7.33,8.395
3458,115.267,575.39,300.46,-2.548,7.494,7.915
3459,115.3,575.93,300.51,-0.598,7.765,7.788
3460,115.333,576.38,300.02,1.696,8.157,8.332
3461,115.367,577.32,298.95,4.525,7.914,9.117
3462,115.4,578.25,298.17,7.49,6.996,10.249
3463,115.433,578.3,297.97,10.658,5.999,12.23
3464,115.467,578.36,297.5,13.469,4.336,14.149
3465,115.5,578.31,298.12,15.326,1.865,15.439
3466,115.533,578.33,298.74,15.83,-0.391,15.835
3467,115.567,578.35,299.81,14.856,-1.662,14.949
3468,115.6,578.32,300.37,12.789,-2.356,13.004
3469,115.633,578.54,300.62,11.258,-2.48,11.528
3470,115.667,579.93,300.66,9.751,-2.416,10.046
3471,115.7,581.24,300.78,8.001,-2.2,8.298
3472,115.733,582.17,300.44,6.125,-2.842,6.752
3473,115.767,582.59,300.43,4.614,-4.797,6.656
3474,115.8,582.59,299.69,3.611,-6.755,7.66
3475,115.833,582.9,298.45,2.802,-8.74,9.178
3476,115.867,582.5,297.72,2.246,-10.381,10.621
3477,115.9,582.23,297.59,1.68,-11.207,11.332
3478,115.933,581.06,296.29,0.957,-11.28,11.321
3479,115.967,580.19,296.54,0.419,-10.729,10.737
3480,116.0,580.14,297.14,0.1,-9.402,9.403
3481,116.033,580.53,297.51,-0.064,-7.714,7.715
3482,116.067,580.91,297.1,0.379,-5.973,5.985
3483,116.1,581.27,296.41,1.161,-4.397,4.548
3484,116.133,581.49,296.09,2.317,-2.713,3.568
3485,116.167,581.78,296.09,3.864,-0.773,3.94
3486,116.2,582.23,295.03,5.167,1.385,5.35
3487,116.233,582.53,295.74,6.365,3.42,7.226
3488,116.267,582.75,296.87,6.969,5.323,8.77
3489,116.3,582.96,297.17,6.858,6.671,9.567
3490,116.333,583.19,297.35,6.683,7.143,9.782
3491,116.367,583.37,297.31,6.124,7.402,9.608
3492,116.4,583.48,297.12,5.55,7.673,9.47
3493,116.433,583.55,297.2,4.967,7.767,9.22
3494,116.467,583.62,297.31,4.994,8.329,9.711
3495,116.5,583.66,297.73,5.938,8.773,10.594
3496,116.533,584.14,298.13,7.306,8.955,11.557
3497,116.567,583.69,299.2,8.585,9.031,12.46
3498,116.6,583.85,300.18,9.589,9.239,13.316
3499,116.633,584.28,300.72,9.922,9.833,13.969
3500,116.667,584.74,300.76,9.894,10.818,14.66
3501,116.7,585.34,300.5,9.935,11.621,15.289
3502,116.733,585.11,300.23,10.138,13.179,16.628
3503,116.767,585.73,299.91,10.419,14.754,18.062
3504,116.8,587.06,299.71,10.481,15.901,19.045
3505,116.833,587.46,300.99,10.383,16.802,19.751
3506,116.867,588.06,302.09,10.219,17.414,20.191
3507,116.9,588.52,302.79,9.808,17.177,19.78
3508,116.933,588.82,303.48,9.019,16.357,18.679
3509,116.967,588.89,304.4,7.952,14.966,16.948
3510,117.0,588.19,305.43,6.37,13.823,15.22
3511,117.033,587.57,306.31,4.565,13.062,13.837
3512,117.067,587.36,306.71,2.393,12.991,13.21
3513,117.1,587.43,307.18,0.766,13.276,13.298
3514,117.133,588.55,307.46,-0.491,13.887,13.896
3515,117.167,589.59,307.32,-1.66,14.251,14.347
3516,117.2,589.83,308.05,-2.503,14.682,14.894
3517,117.233,589.44,308.18,-3.083,15.159,15.47
3518,117.267,588.95,308.09,-3.316,15.731,16.077
3519,117.3,588.94,307.91,-3.199,16.704,17.007
3520,117.333,588.7,307.65,-3.163,18.063,18.338
3521,117.367,588.01,307.3,-2.857,18.918,19.133
3522,117.4,587.48,308.58,-2.245,19.46,19.589
3523,117.433,587.27,310.3,-1.7,19.611,19.684
3524,117.467,586.96,312.73,-1.272,19.398,19.44
3525,117.5,587.42,314.21,-0.591,18.495,18.505
3526,117.533,587.77,315.41,0.485,16.749,16.756
3527,117.567,588.31,315.93,2.399,14.311,14.51
3528,117.6,588.19,315.99,4.784,11.136,12.12
3529,117.633,588.1,315.26,7.546,7.546,10.672
3530,117.667,588.55,315.41,9.899,3.898,10.639
3531,117.7,588.59,315.05,11.242,0.513,11.254
3532,117.733,588.59,314.89,12.075,-3.001,12.442
3533,117.767,589.56,314.75,12.531,-6.327,14.038
3534,117.8,590.1,314.15,12.6,-9.472,15.763
3535,117.833,590.67,313.65,12.17,-11.768,16.929
3536,117.867,591.2,313.53,11.364,-13.168,17.394
3537,117.9,591.18,312.82,10.422,-12.774,16.486
3538,117.933,591.8,312.4,9.334,-11.522,14.828
3539,117.967,592.59,311.83,8.006,-9.8,12.654
3540,118.0,592.65,311.63,6.78,-8.319,10.732
3541,118.033,593.19,311.62,5.536,-6.656,8.657
3542,118.067,592.84,311.36,4.093,-5.681,7.002
3543,118.1,592.78,311.86,2.494,-4.498,5.143
3544,118.133,592.48,311.94,1.167,-3.601,3.785
3545,118.167,592.25,311.61,0.155,-2.525,2.53
3546,118.2,592.76,311.22,-0.968,-2.16,2.367
3547,118.233,592.57,310.91,-1.685,-2.029,2.638
3548,118.267,592.47,310.66,-1.924,-1.959,2.746
3549,118.3,592.58,311.16,-2.14,-1.78,2.783
3550,118.333,592.45,311.01,-2.3,-1.599,2.801
3551,118.367,592.18,311.56,-2.402,-0.907,2.568
3552,118.4,591.98,310.99,-2.494,-0.405,2.526
3553,118.433,591.97,310.93,-2.378,0.119,2.381
3554,118.467,592.26,311.01,-2.253,0.52,2.313
3555,118.5,592.34,311.22,-2.351,1.041,2.571
3556,118.533,592.02,310.54,-2.324,1.443,2.736
3557,118.567,592.19,311.36,-2.279,1.644,2.81
3558,118.6,592.08,310.4,-2.088,1.862,2.798
3559,118.633,591.75,310.41,-2.135,1.745,2.757
3560,118.667,591.44,310.2,-2.244,1.407,2.648
3561,118.7,591.7,311.18,-2.208,1.094,2.464
3562,118.733,591.43,311.96,-2.611,0.937,2.774
3563,118.767,591.26,312.31,-3.044,0.956,3.191
3564,118.8,591.04,312.06,-3.217,1.126,3.409
3565,118.833,591.04,312.41,-3.527,0.915,3.644
3566,118.867,590.95,311.42,-3.977,0.595,4.021
3567,118.9,590.9,311.18,-4.591,-0.152,4.594
3568,118.933,591.04,311.03,-5.305,-0.701,5.352
3569,118.967,591.0,311.06,-6.079,-1.219,6.2
3570,119.0,591.0,310.88,-7.155,-1.782,7.373
3571,119.033,590.76,310.98,-8.29,-2.089,8.549
3572,119.067,589.88,311.19,-9.095,-1.593,9.233
3573,119.1,589.23,311.31,-10.001,-1.221,10.076
3574,119.133,589.11,311.38,-10.746,-0.212,10.748
3575,119.167,589.02,311.44,-10.952,1.181,11.016
3576,119.2,588.56,311.39,-10.576,2.921,10.972
3577,119.233,588.55,311.2,-10.004,3.794,10.7
3578,119.267,588.35,310.95,-9.205,3.6,9.884
3579,119.3,587.35,310.76,-7.788,2.948,8.327
3580,119.333,586.73,310.93,-5.666,1.896,5.975
3581,119.367,586.27,311.26,-3.861,0.126,3.863
3582,119.4,586.18,311.63,-2.467,-1.348,2.811
3583,119.433,586.21,311.92,-1.414,-2.353,2.745
3584,119.467,586.22,312.35,-0.805,-3.025,3.13
3585,119.5,586.61,313.01,-0.571,-3.383,3.431
3586,119.533,586.84,312.84,-0.777,-3.025,3.123
3587,119.567,586.79,312.23,-1.358,-2.418,2.773
3588,119.6,587.3,311.73,-1.91,-2.038,2.793
3589,119.633,587.7,311.2,-2.417,-2.075,3.186
3590,119.667,587.6,310.18,-3.05,-1.541,3.417
3591,119.7,587.35,309.19,-3.843,0.064,3.843
3592,119.733,587.16,309.46,-4.641,2.663,5.35
3593,119.767,587.3,310.38,-5.662,6.303,8.473
3594,119.8,586.31,310.47,-6.928,10.593,12.657
3595,119.833,584.53,311.2,-7.969,14.642,16.671
3596,119.867,584.27,312.41,-8.734,17.863,19.884
3597,119.9,584.34,313.36,-9.195,19.7,21.74
3598,119.933,584.31,313.64,-9.42,20.967,22.986
3599,119.967,584.26,314.24,-9.401,21.685,23.635
3600,120.0,584.16,314.84,-9.114,21.438,23.295
3601,120.033,584.04,314.74,-8.773,19.684,21.55
3602,120.067,583.93,315.26,-8.393,17.306,19.233
3603,120.1,583.75,316.9,-7.813,14.425,16.405
3604,120.133,583.55,319.7,-7.441,11.192,13.44
3605,120.167,583.23,320.91,-7.263,7.543,10.471
3606,120.2,582.82,320.68,-7.195,3.947,8.207
3607,120.233,582.41,319.9,-7.247,0.637,7.275
3608,120.267,581.95,318.14,-7.595,-2.832,8.105
3609,120.3,581.63,316.2,-8.618,-6.684,10.906
3610,120.333,581.38,315.45,-9.776,-9.611,13.709
3611,120.367,581.02,315.48,-10.355,-11.813,15.709
3612,120.4,580.75,316.83,-10.865,-13.3,17.174
3613,120.433,580.47,316.54,-11.373,-14.234,18.22
3614,120.467,580.14,315.89,-11.951,-13.901,18.332
3615,120.5,579.82,315.61,-12.539,-12.508,17.711
3616,120.533,579.51,316.08,-13.154,-10.06,16.559
3617,120.567,579.24,315.35,-13.721,-6.415,15.146
3618,120.6,578.83,314.75,-14.097,-2.055,14.247
3619,120.633,578.53,313.85,-14.2,2.05,14.347
3620,120.667,577.9,313.35,-13.804,4.307,14.46
3621,120.7,577.2,312.99,-13.028,5.213,14.033
3622,120.733,576.43,313.13,-12.046,5.77,13.356
3623,120.767,575.78,314.05,-10.861,6.206,12.509
3624,120.8,575.43,315.73,-9.5,7.415,12.051
3625,120.833,575.18,316.22,-7.975,9.291,12.244
3626,120.867,574.88,316.94,-6.254,11.024,12.675
3627,120.9,574.7,317.25,-4.339,11.616,12.4
3628,120.933,574.46,318.08,-2.145,9.926,10.155
3629,120.967,574.55,318.04,0.302,6.898,6.904
3630,121.0,574.71,317.87,2.715,3.35,4.312
3631,121.033,575.15,317.26,4.922,-0.493,4.946
3632,121.067,575.71,316.7,6.81,-4.695,8.271
3633,121.1,576.12,316.27,8.204,-8.442,11.771
3634,121.133,576.47,316.19,9.066,-11.453,14.607
3635,121.167,576.22,317.39,9.246,-13.421,16.297
3636,121.2,576.1,318.33,8.999,-14.148,16.767
3637,121.233,576.37,317.97,8.38,-13.39,15.796
3638,121.267,576.71,317.12,7.406,-10.873,13.156
3639,121.3,577.27,314.87,6.146,-7.311,9.551
3640,121.333,577.82,312.79,4.648,-3.398,5.758
3641,121.367,578.21,311.2,2.987,1.2,3.219
3642,121.4,578.61,311.09,1.295,6.216,6.35
3643,121.433,578.53,312.4,-0.089,11.386,11.387
3644,121.467,578.07,314.02,-0.951,15.949,15.977
3645,121.5,577.84,315.35,-1.38,20.15,20.197
3646,121.533,577.65,316.72,-1.515,24.035,24.082
3647,121.567,577.41,317.97,-1.4,27.64,27.676
3648,121.6,577.24,319.16,-1.308,31.435,31.462
3649,121.633,577.11,320.27,-1.24,35.528,35.549
3650,121.667,577.11,321.79,-1.262,39.958,39.978
3651,121.7,576.87,323.29,-0.98,43.459,43.47
3652,121.733,576.66,324.78,-0.259,45.131,45.132
3653,121.767,576.76,325.39,0.671,45.202,45.207
3654,121.8,577.03,326.47,1.665,43.653,43.685
3655,121.833,577.32,327.62,2.486,41.076,41.152
3656,121.867,577.71,328.62,2.866,38.352,38.459
3657,121.9,578.3,329.32,2.802,35.777,35.887
3658,121.933,578.39,330.38,2.236,33.345,33.42
3659,121.967,578.24,332.09,1.482,30.898,30.933
3660,122.0,578.0,333.86,0.657,28.077,28.085
3661,122.033,577.98,335.56,-0.445,25.305,25.309
3662,122.067,577.68,337.72,-1.691,22.278,22.342
3663,122.1,577.65,338.91,-2.907,19.06,19.281
3664,122.133,577.63,339.36,-4.19,16.113,16.648
3665,122.167,577.72,338.51,-5.309,12.749,13.81
3666,122.2,577.64,337.52,-6.248,9.382,11.272
3667,122.233,577.22,337.17,-6.998,6.727,9.707
3668,122.267,576.77,336.74,-7.478,4.451,8.702
3669,122.3,576.36,336.64,-7.696,2.731,8.166
3670,122.333,575.98,337.48,-7.582,1.344,7.7
3671,122.367,575.91,337.76,-7.317,0.638,7.345
3672,122.4,575.86,338.42,-6.836,0.623,6.864
3673,122.433,575.75,338.89,-6.325,0.737,6.368
3674,122.467,575.26,338.71,-5.806,1.653,6.037
3675,122.5,574.89,338.95,-5.34,3.258,6.256
3676,122.533,574.91,338.53,-4.667,5.179,6.971
3677,122.567,574.83,338.71,-4.315,7.14,8.342
3678,122.6,574.58,339.11,-4.039,8.775,9.66
3679,122.633,574.68,338.74,-4.092,10.24,11.028
3680,122.667,574.45,340.39,-4.215,11.375,12.131
3681,122.7,574.08,341.44,-4.507,12.59,13.372
3682,122.733,574.08,340.93,-5.113,14.254,15.144
3683,122.767,574.2,340.75,-5.723,16.086,17.074
3684,122.8,574.29,341.15,-6.17,18.505,19.507
3685,122.833,574.06,341.95,-5.848,21.701,22.475
3686,122.867,574.13,342.09,-5.887,24.721,25.412
3687,122.9,573.8,342.37,-5.248,27.636,28.13
3688,122.933,573.23,344.75,-4.51,30.142,30.477
3689,122.967,572.8,346.1,-3.772,31.81,32.033
3690,123.0,572.61,347.0,-2.102,32.56,32.627
3691,123.033,571.87,348.23,-0.98,31.895,31.91
3692,123.067,571.96,349.68,0.228,30.759,30.76
3693,123.1,571.97,350.66,1.121,29.011,29.033
3694,123.133,572.48,351.23,2.509,26.38,26.499
3695,123.167,572.55,352.15,3.465,24.031,24.279
3696,123.2,572.66,353.47,4.581,21.281,21.769
3697,123.233,573.32,354.53,5.564,18.416,19.238
3698,123.267,573.92,355.88,6.307,16.258,17.439
3699,123.3,574.47,356.54,6.86,14.83,16.34
3700,123.333,573.61,356.2,6.692,14.432,15.908
3701,123.367,575.31,356.25,6.234,14.685,15.953
3702,123.4,574.63,356.06,5.384,16.118,16.994
3703,123.433,574.79,355.44,4.442,19.128,19.637
3704,123.467,575.16,355.26,3.845,22.394,22.722
3705,123.5,573.54,355.84,3.411,26.43,26.649
3706,123.533,574.92,357.58,3.37,31.247,31.428
3707,123.567,574.82,358.72,3.833,36.121,36.324
3708,123.6,575.68,360.25,4.655,40.707,40.972
3709,123.633,574.88,362.96,5.712,45.101,45.461
3710,123.667,575.49,365.0,6.676,49.717,50.163
3711,123.7,575.07,366.9,7.735,54.47,55.016
3712,123.733,575.36,368.66,8.485,59.118,59.724
3713,123.767,575.6,370.62,8.781,63.806,64.407
3714,123.8,575.44,373.04,8.48,68.031,68.558
3715,123.833,576.44,374.82,7.545,71.376,71.773
3716,123.867,577.1,377.27,6.78,73.923,74.233
3717,123.9,577.78,379.75,4.972,75.488,75.651
3718,123.933,578.35,381.72,3.101,76.051,76.114
3719,123.967,578.34,384.21,0.988,75.954,75.961
3720,124.0,578.67,386.09,-1.252,75.482,75.492
3721,124.033,578.24,387.96,-2.705,74.904,74.953
3722,124.067,578.15,390.83,-4.574,73.745,73.887
3723,124.1,577.52,394.12,-6.071,72.376,72.63
3724,124.133,577.0,397.71,-7.583,70.795,71.2
3725,124.167,576.42,400.93,-8.266,68.62,69.117
3726,124.2,575.57,403.85,-8.573,66.01,66.564
3727,124.233,575.52,406.3,-7.81,63.561,64.039
3728,124.267,575.23,407.7,-6.266,61.695,62.012
3729,124.3,575.18,408.49,-3.816,60.338,60.458
3730,124.333,575.17,409.59,-0.616,59.157,59.16
3731,124.367,575.19,411.04,2.769,58.425,58.491
3732,124.4,575.23,412.4,6.122,57.782,58.105
3733,124.433,575.6,414.22,9.168,57.054,57.786
3734,124.467,575.98,416.52,11.978,56.56,57.815
3735,124.5,575.99,418.86,14.264,56.615,58.384
3736,124.533,576.69,420.69,15.685,57.884,59.972
3737,124.567,577.49,422.74,16.259,60.059,62.221
3738,124.6,578.22,425.02,15.722,62.761,64.7
3739,124.633,578.92,427.58,14.352,65.701,67.25
3740,124.667,579.79,430.08,11.952,68.215,69.254
3741,124.7,580.5,433.19,8.874,70.09,70.649
3742,124.733,580.8,435.58,5.469,71.166,71.375
3743,124.767,580.96,437.35,1.495,71.77,71.786
3744,124.8,580.53,439.12,-2.747,72.598,72.65
3745,124.833,580.57,441.05,-7.1,73.879,74.219
3746,124.867,580.23,443.17,-11.171,75.525,76.347
3747,124.9,579.98,445.63,-14.603,77.511,78.874
3748,124.933,579.64,448.7,-16.999,79.652,81.445
3749,124.967,578.39,452.19,-18.294,81.783,83.804
3750,125.0,577.55,454.92,-18.737,83.274,85.356
3751,125.033,576.48,456.84,-17.473,83.996,85.794
3752,125.067,575.7,459.64,-14.749,84.088,85.372
3753,125.1,575.02,462.37,-10.923,83.235,83.949
3754,125.133,574.31,464.92,-6.322,81.444,81.689
3755,125.167,574.24,468.01,-1.197,79.125,79.134
3756,125.2,574.02,471.41,3.939,76.071,76.173
3757,125.233,574.0,475.09,8.696,72.274,72.795
3758,125.267,574.43,478.12,12.806,68.228,69.419
3759,125.3,575.25,480.27,16.016,64.83,66.779
3760,125.333,576.44,482.33,18.366,62.976,65.6
3761,125.367,577.61,484.17,19.422,62.564,65.509
3762,125.4,578.75,485.43,19.209,63.628,66.464
3763,125.433,579.6,486.89,17.576,66.566,68.848
3764,125.467,580.28,488.0,14.551,70.334,71.823
3765,125.5,581.78,489.68,10.655,74.383,75.142
3766,125.533,582.02,491.42,5.893,78.625,78.845
3767,125.567,581.72,493.48,0.587,83.347,83.349
3768,125.6,581.31,496.57,-5.046,88.356,88.5
3769,125.633,580.86,500.27,-10.551,92.942,93.539
3770,125.667,580.08,503.5,-15.33,97.157,98.359
3771,125.7,579.21,507.93,-19.135,101.162,102.956
3772,125.733,578.26,512.52,-21.486,104.48,106.667
3773,125.767,577.41,517.49,-22.144,106.698,108.972
3774,125.8,576.53,522.06,-21.111,107.342,109.398
3775,125.833,575.69,525.26,-18.543,106.561,108.162
3776,125.867,574.99,528.66,-14.742,104.645,105.678
3777,125.9,574.37,531.93,-9.954,100.986,101.476
3778,125.933,573.92,533.64,-4.581,96.358,96.467
3779,125.967,573.53,536.19,1.104,91.051,91.057
3780,126.0,573.37,538.68,6.623,85.655,85.91
3781,126.033,573.53,541.49,10.92,81.074,81.806
3782,126.067,574.21,544.35,14.061,77.717,78.979
3783,126.1,575.31,546.48,16.026,76.363,78.027
3784,126.133,576.6,549.86,16.723,76.856,78.654
3785,126.167,577.85,553.42,16.063,78.215,79.847
3786,126.2,578.87,555.83,14.242,80.215,81.47
3787,126.233,579.67,558.14,11.487,82.018,82.818
3788,126.267,580.26,559.92,8.055,83.153,83.542
3789,126.3,580.58,562.36,4.096,84.383,84.482
3790,126.333,580.64,565.0,-0.057,86.061,86.061
3791,126.367,580.38,566.97,-3.994,88.647,88.737
3792,126.4,579.73,570.69,-7.381,91.356,91.654
3793,126.433,578.88,574.31,-9.897,93.374,93.897
3794,126.467,577.76,578.27,-11.269,94.644,95.312
3795,126.5,576.78,582.79,-11.26,94.818,95.484
3796,126.533,576.1,586.12,-9.826,93.895,94.408
3797,126.567,575.61,589.43,-7.174,92.733,93.01
3798,126.6,575.34,591.34,-3.667,91.508,91.581
3799,126.633,575.26,592.36,0.303,90.559,90.56
3800,126.667,575.49,594.42,4.325,89.018,89.123
3801,126.7,575.93,597.56,8.128,85.972,86.356
3802,126.733,576.47,601.7,11.51,81.646,82.454
3803,126.767,577.15,607.14,14.291,76.099,77.429
3804,126.8,578.14,610.43,16.298,70.262,72.128
3805,126.833,579.26,612.02,17.391,64.402,66.709
3806,126.867,580.27,612.37,17.513,58.285,60.859
3807,126.9,581.15,612.59,16.72,52.34,54.946
3808,126.933,581.83,613.31,15.221,45.618,48.09
3809,126.967,582.17,615.44,13.21,38.777,40.965
3810,127.0,582.18,617.9,10.961,32.148,33.965
3811,127.033,581.96,620.97,8.655,25.494,26.923
3812,127.067,581.81,622.02,6.393,19.837,20.842
3813,127.1,581.77,621.98,4.263,14.589,15.199
3814,127.133,581.73,621.2,2.369,9.544,9.833
3815,127.167,581.84,620.08,0.782,4.681,4.746
3816,127.2,581.91,619.77,-0.433,-0.273,0.512
3817,127.233,581.97,619.89,-1.307,-4.055,4.26
3818,127.267,582.0,620.39,-1.818,-7.297,7.52
3819,127.3,582.0,620.08,-1.976,-10.482,10.667
3820,127.333,582.06,618.88,-1.994,-13.698,13.842
3821,127.367,582.12,618.18,-2.071,-16.454,16.584
3822,127.4,582.15,618.01,-2.326,-19.251,19.391
3823,127.433,582.07,619.08,-2.874,-21.281,21.474
3824,127.467,581.9,619.56,-3.712,-22.301,22.608
3825,127.5,581.73,619.14,-4.796,-22.731,23.231
3826,127.533,581.51,618.1,-5.957,-23.72,24.456
3827,127.567,581.22,614.98,-6.987,-24.985,25.944
3828,127.6,580.97,611.85,-7.886,-26.394,27.547
3829,127.633,580.72,610.18,-8.601,-26.915,28.256
3830,127.667,580.51,610.66,-9.104,-27.423,28.895
3831,127.7,580.17,612.79,-9.405,-26.983,28.575
3832,127.733,579.87,612.28,-9.459,-25.645,27.334
3833,127.767,579.54,611.84,-9.286,-23.86,25.603
3834,127.8,579.13,609.57,-8.878,-22.543,24.228
3835,127.833,578.74,607.75,-8.206,-21.263,22.791
3836,127.867,578.4,605.59,-7.381,-19.115,20.491
3837,127.9,578.12,606.04,-6.435,-15.994,17.24
3838,127.933,577.96,606.09,-5.463,-12.532,13.671
3839,127.967,577.77,605.96,-4.436,-9.736,10.699
3840,128.0,577.71,605.4,-3.396,-7.591,8.316
3841,128.033,577.66,606.72,-2.42,-5.773,6.259
3842,128.067,577.57,606.06,-1.542,-4.961,5.195
3843,128.1,577.61,606.09,-0.756,-4.377,4.442
3844,128.133,577.62,604.39,-0.129,-3.241,3.243
3845,128.167,577.72,605.27,0.363,-1.751,1.788
3846,128.2,577.79,605.17,0.669,-0.681,0.954
3847,128.233,577.81,604.48,0.846,-1.341,1.585
3848,128.267,577.88,604.02,0.863,-2.928,3.053
3849,128.3,577.94,604.9,0.757,-4.996,5.053
3850,128.333,577.89,605.82,0.618,-6.542,6.571
3851,128.367,577.93,605.96,0.496,-7.35,7.367
3852,128.4,577.89,605.32,0.419,-6.808,6.821
3853,128.433,577.91,605.07,0.41,-6.065,6.079
3854,128.467,577.81,604.92,0.405,-5.251,5.267
3855,128.5,577.75,604.11,0.414,-4.436,4.456
3856,128.533,577.72,602.23,0.373,-3.543,3.562
3857,128.567,577.73,601.58,0.305,-3.502,3.515
3858,128.6,577.74,601.93,0.27,-3.44,3.451
3859,128.633,577.84,602.05,0.227,-3.712,3.718
3860,128.667,577.87,602.33,0.2,-3.357,3.363
3861,128.7,577.92,602.42,0.108,-3.268,3.27
3862,128.733,577.95,602.92,-0.022,-2.945,2.945
3863,128.767,578.03,603.97,-0.175,-1.973,1.98
3864,128.8,578.08,604.05,-0.349,-0.594,0.689
3865,128.833,578.09,604.08,-0.461,0.505,0.684
3866,128.867,578.05,603.83,-0.441,0.981,1.075
3867,128.9,577.96,603.22,-0.36,0.706,0.792
3868,128.933,577.81,602.47,-0.237,-0.224,0.326
3869,128.967,577.68,601.97,-0.229,-1.394,1.413
3870,129.0,577.61,601.63,-0.318,-2.615,2.634
3871,129.033,577.61,601.72,-0.576,-3.97,4.011
3872,129.067,577.61,601.77,-1.057,-4.889,5.002
3873,129.1,577.59,601.76,-1.703,-5.543,5.798
3874,129.133,577.55,601.95,-2.441,-6.463,6.909
3875,129.167,577.5,602.4,-3.222,-7.759,8.402
3876,129.2,577.56,602.45,-3.889,-9.138,9.931
3877,129.233,577.59,602.08,-4.419,-11.152,11.996
3878,129.267,577.66,601.27,-4.748,-13.217,14.044
3879,129.3,577.71,600.75,-4.838,-15.646,16.377
3880,129.333,577.52,599.98,-4.766,-17.692,18.322
3881,129.367,577.16,599.09,-4.488,-19.183,19.701
3882,129.4,576.69,598.69,-3.985,-20.077,20.469
3883,129.433,576.17,599.02,-3.275,-20.102,20.367
3884,129.467,575.8,598.22,-2.332,-19.067,19.209
3885,129.5,575.49,596.47,-1.237,-18.864,18.905
3886,129.533,575.4,595.21,-0.106,-18.937,18.937
3887,129.567,575.58,594.31,0.999,-19.495,19.521
3888,129.6,575.85,593.16,1.998,-20.252,20.351
3889,129.633,576.21,592.32,2.87,-20.876,21.072
3890,129.667,576.6,592.18,3.685,-20.993,21.314
3891,129.7,576.87,591.53,4.409,-20.599,21.066
3892,129.733,577.18,592.83,5.014,-19.325,19.965
3893,129.767,577.44,593.12,5.474,-17.497,18.333
3894,129.8,577.54,593.53,5.592,-14.838,15.857
3895,129.833,577.76,593.16,5.292,-11.774,12.908
3896,129.867,577.86,592.12,4.654,-8.254,9.475
3897,129.9,577.88,590.79,3.841,-4.191,5.685
3898,129.933,577.85,588.72,3.093,0.164,3.097
3899,129.967,577.72,585.73,2.575,4.401,5.099
3900,130.0,577.63,586.71,2.318,8.912,9.208
3901,130.033,577.68,587.4,2.347,14.453,14.643
3902,130.067,577.74,588.99,2.982,20.289,20.507
3903,130.1,577.92,590.94,3.668,25.929,26.188
3904,130.133,578.18,593.1,4.139,31.378,31.65
3905,130.167,578.27,594.77,3.527,36.33,36.501
3906,130.2,578.41,596.16,2.223,40.166,40.227
3907,130.233,578.39,596.73,0.493,43.237,43.239
3908,130.267,578.24,598.05,-1.518,44.207,44.233
3909,130.3,578.31,599.1,-3.868,43.854,44.025
3910,130.333,578.45,600.7,-6.787,41.821,42.368
3911,130.367,578.64,602.46,-10.223,38.551,39.884
3912,130.4,578.75,604.24,-13.509,34.752,37.285
3913,130.433,578.56,605.97,-16.237,30.52,34.57
3914,130.467,578.13,607.23,-18.28,26.268,32.002
3915,130.5,577.51,607.95,-19.495,23.081,30.213
3916,130.533,576.72,607.34,-19.867,19.533,27.861
3917,130.567,574.72,607.16,-19.435,16.252,25.334
3918,130.6,573.07,607.19,-18.219,12.964,22.361
3919,130.633,571.5,607.16,-16.334,9.794,19.046
3920,130.667,571.79,607.34,-13.896,7.007,15.562
3921,130.7,571.64,608.08,-10.902,4.895,11.951
3922,130.733,571.29,608.67,-7.424,3.398,8.164
3923,130.767,570.71,610.02,-3.471,2.823,4.474
3924,130.8,570.42,610.26,0.81,2.755,2.872
3925,130.833,571.25,610.64,5.071,2.227,5.539
3926,130.867,572.68,610.51,9.0,1.146,9.073
3927,130.9,573.49,609.29,12.275,-0.219,12.277
3928,130.933,573.87,608.19,14.712,-1.622,14.802
3929,130.967,574.22,607.73,16.153,-3.312,16.489
3930,131.0,574.53,607.73,16.567,-5.434,17.436
3931,131.033,574.91,608.35,16.003,-7.808,17.806
3932,131.067,575.31,608.78,14.471,-9.494,17.308
3933,131.1,575.76,609.61,12.666,-10.883,16.699
3934,131.133,576.26,610.18,10.797,-11.233,15.58
3935,131.167,576.76,609.79,9.253,-10.042,13.654
3936,131.2,577.2,608.68,7.429,-7.071,10.256
3937,131.233,577.42,607.35,5.594,-3.302,6.496
3938,131.267,577.37,605.83,4.076,0.788,4.152
3939,131.3,577.28,604.1,3.185,4.078,5.174
3940,131.333,577.23,604.85,2.97,6.709,7.337
3941,131.367,577.23,605.99,2.91,8.102,8.608
3942,131.4,577.3,606.78,2.533,8.393,8.767
3943,131.433,577.26,606.92,1.995,8.232,8.47
3944,131.467,577.37,607.23,1.509,7.943,8.085
3945,131.5,577.46,608.1,1.136,7.003,7.095
3946,131.533,577.45,609.17,0.937,5.492,5.571
3947,131.567,577.49,609.99,0.906,3.54,3.654
3948,131.6,577.7,612.0,1.058,1.519,1.851
3949,131.633,577.96,612.77,1.37,-0.872,1.624
3950,131.667,578.2,612.4,1.725,-3.647,4.035
3951,131.7,578.33,610.48,1.99,-6.665,6.956
3952,131.733,578.42,608.87,2.117,-9.697,9.926
3953,131.767,578.27,607.3,2.112,-13.033,13.203
3954,131.8,578.05,606.26,2.077,-15.87,16.006
3955,131.833,577.86,605.17,2.063,-17.266,17.389
3956,131.867,577.82,604.75,2.076,-17.953,18.073
3957,131.9,577.95,604.41,2.107,-17.991,18.114
3958,131.933,578.17,604.1,2.065,-17.333,17.456
3959,131.967,578.37,603.61,1.978,-15.464,15.59
3960,132.0,578.56,604.33,1.866,-12.692,12.828
3961,132.033,578.73,605.24,1.801,-9.449,9.619
3962,132.067,578.9,605.61,1.834,-6.275,6.538
3963,132.1,578.98,605.21,1.939,-3.495,3.997
3964,132.133,578.96,604.51,2.02,-2.084,2.902
3965,132.167,578.93,603.28,1.977,-1.953,2.779
3966,132.2,578.97,602.12,1.746,-2.637,3.162
3967,132.233,578.97,601.23,1.369,-3.374,3.641
3968,132.267,578.98,602.02,0.904,-4.274,4.369
3969,132.3,579.0,602.73,0.477,-4.923,4.946
3970,132.333,578.99,603.13,0.193,-5.664,5.668
3971,132.367,578.93,603.44,0.035,-6.289,6.289
3972,132.4,578.85,603.4,-0.038,-6.672,6.672
3973,132.433,578.9,603.36,-0.096,-6.089,6.09
3974,132.467,579.09,602.61,-0.25,-5.043,5.049
3975,132.5,579.17,602.06,-0.482,-3.392,3.426
3976,132.533,579.11,601.44,-0.768,-1.388,1.586
3977,132.567,579.03,601.12,-1.08,0.579,1.225
3978,132.6,578.96,601.2,-1.317,2.047,2.434
3979,132.633,578.87,601.35,-1.491,3.295,3.616
3980,132.667,578.86,601.61,-1.504,4.577,4.818
3981,132.7,578.92,601.5,-1.359,6.144,6.293
3982,132.733,578.98,601.36,-1.149,7.488,7.576
3983,132.767,578.89,601.7,-0.916,8.455,8.505
3984,132.8,578.76,601.71,-0.736,8.162,8.195
3985,132.833,578.52,602.55,-0.565,6.789,6.812
3986,132.867,578.38,603.84,-0.329,4.608,4.62
3987,132.9,578.29,604.93,-0.103,2.289,2.291
3988,132.933,578.23,604.45,0.513,-0.363,0.629
3989,132.967,578.38,604.88,1.295,-3.102,3.362
3990,133.0,578.59,605.37,1.869,-5.249,5.572
3991,133.033,578.83,604.83,1.987,-7.167,7.438
3992,133.067,579.09,603.86,1.744,-8.86,9.03
3993,133.1,579.12,603.43,1.557,-9.863,9.985
3994,133.133,579.2,602.62,1.393,-10.304,10.398
3995,133.167,579.13,601.1,1.533,-10.333,10.446
3996,133.2,578.99,599.2,1.687,-10.23,10.368
3997,133.233,578.91,598.45,1.144,-9.687,9.755
3998,133.267,578.92,598.48,0.098,-8.408,8.409
3999,133.3,579.1,599.36,-1.252,-6.479,6.599
4000,133.333,579.23,600.3,-2.934,-3.838,4.831
4001,133.367,579.22,601.33,-4.459,-1.46,4.692
4002,133.4,579.45,601.08,-5.579,0.083,5.579
4003,133.433,578.74,601.53,-6.065,0.336,6.074
4004,133.467,578.03,601.56,-6.356,1.121,6.454
4005,133.5,577.69,600.82,-6.525,2.007,6.827
4006,133.533,577.97,600.82,-6.74,3.031,7.39
4007,133.567,578.42,601.43,-6.958,4.237,8.147
4008,133.6,578.09,601.17,-7.305,5.661,9.242
4009,133.633,577.71,600.79,-7.503,6.391,9.856
4010,133.667,576.45,600.6,-7.598,6.31,9.877
4011,133.7,575.31,600.98,-7.624,5.685,9.51
4012,133.733,575.59,601.32,-7.489,5.894,9.53
4013,133.767,575.76,601.28,-6.855,6.819,9.669
4014,133.8,575.92,600.85,-5.898,8.23,10.126
4015,133.833,576.59,600.41,-4.818,9.295,10.469
4016,133.867,576.75,601.12,-3.627,9.647,10.306
4017,133.9,576.41,602.54,-2.384,9.084,9.392
4018,133.933,575.39,605.31,-1.232,8.05,8.143
4019,133.967,575.14,606.0,-0.191,6.683,6.686
4020,134.0,574.88,606.34,0.677,5.64,5.681
4021,134.033,574.98,605.53,1.42,5.826,5.996
4022,134.067,575.02,604.58,1.807,6.366,6.618
4023,134.1,575.38,603.31,1.758,6.683,6.91
4024,134.133,575.47,603.03,1.645,6.222,6.436
4025,134.167,575.64,603.45,1.611,5.195,5.439
4026,134.2,576.15,604.88,2.627,3.438,4.327
4027,134.233,576.78,604.86,4.077,1.63,4.391
4028,134.267,576.7,604.49,5.027,0.4,5.043
4029,134.3,576.74,603.86,5.472,0.318,5.482
4030,134.333,576.82,603.93,5.666,1.035,5.76
4031,134.367,576.71,604.56,5.689,2.786,6.334
4032,134.4,576.52,605.43,5.25,4.382,6.838
4033,134.433,575.91,606.98,4.55,5.686,7.283
4034,134.467,576.1,607.93,4.279,5.516,6.982
4035,134.5,576.83,607.75,4.002,4.304,5.876
4036,134.533,577.53,605.89,3.874,1.971,4.347
4037,134.567,578.25,604.49,3.793,-0.919,3.903
4038,134.6,578.79,602.96,4.143,-3.9,5.69
4039,134.633,579.14,603.32,5.71,-7.527,9.447
4040,134.667,579.13,604.07,8.264,-11.532,14.188
4041,134.7,577.68,606.06,10.821,-15.079,18.56
4042,134.733,577.47,606.85,13.112,-18.569,22.732
4043,134.767,578.11,606.31,14.731,-21.552,26.105
4044,134.8,579.12,604.37,15.711,-23.714,28.446
4045,134.833,579.85,603.13,15.766,-24.586,29.207
4046,134.867,579.62,601.32,14.754,-24.07,28.232
4047,134.9,580.18,600.81,13.369,-23.588,27.113
4048,134.933,580.93,599.49,11.678,-23.09,25.875
4049,134.967,581.33,598.16,9.481,-22.807,24.699
4050,135.0,582.34,596.97,6.92,-22.927,23.949
4051,135.033,583.49,595.91,3.851,-22.624,22.949
4052,135.067,584.97,594.92,0.346,-20.912,20.915
4053,135.1,585.98,593.5,-3.756,-17.698,18.092
4054,135.133,584.44,594.78,-8.255,-12.63,15.088
4055,135.167,582.44,596.28,-12.693,-7.07,14.529
4056,135.2,581.62,596.15,-17.672,-1.554,17.741
4057,135.233,580.41,595.67,-21.467,2.342,21.595
4058,135.267,579.21,595.5,-24.012,4.346,24.403
4059,135.3,578.22,595.35,-25.306,4.792,25.756
4060,135.333,577.66,594.83,-25.338,4.294,25.699
4061,135.367,577.56,593.37,-24.844,2.68,24.988
4062,135.4,576.29,594.39,-23.625,0.587,23.632
4063,135.433,574.89,595.39,-21.955,-2.398,22.086
4064,135.467,574.81,595.95,-20.61,-5.563,21.348
4065,135.5,574.3,597.0,-18.768,-8.908,20.775
4066,135.533,573.79,597.07,-16.505,-12.335,20.605
4067,135.567,573.23,596.67,-13.665,-15.79,20.882
4068,135.6,573.13,595.66,-10.372,-19.064,21.702
4069,135.633,572.99,593.83,-7.591,-21.485,22.787
4070,135.667,572.15,592.39,-4.672,-23.985,24.435
4071,135.7,573.48,590.57,-1.355,-26.718,26.753
4072,135.733,573.86,589.35,1.734,-29.1,29.152
4073,135.767,573.84,588.59,4.68,-30.737,31.092
4074,135.8,573.1,587.82,7.288,-31.596,32.426
4075,135.833,571.35,587.29,9.374,-31.578,32.94
4076,135.867,570.86,586.91,10.566,-30.433,32.215
4077,135.9,571.11,586.26,10.769,-27.439,29.476
4078,135.933,571.59,585.49,10.618,-23.683,25.954
4079,135.967,574.12,584.08,9.911,-19.513,21.886
4080,136.0,576.02,583.0,9.049,-14.967,17.489
4081,136.033,577.65,582.1,7.932,-10.849,13.439
4082,136.067,578.23,581.67,6.925,-6.854,9.743
4083,136.1,577.16,581.69,5.817,-3.223,6.65
4084,136.133,576.7,582.0,4.212,0.161,4.215
4085,136.167,576.44,582.26,2.452,3.88,4.59
4086,136.2,575.99,582.4,0.688,7.636,7.667
4087,136.233,575.46,582.93,-2.166,11.568,11.769
4088,136.267,574.76,583.48,-5.192,15.569,16.411
4089,136.3,574.3,584.07,-8.876,19.176,21.131
4090,136.333,574.06,584.69,-12.05,22.35,25.391
4091,136.367,574.27,585.46,-13.9,24.796,28.426
4092,136.4,574.17,586.26,-14.249,26.399,29.999
4093,136.433,573.94,587.04,-12.61,27.12,29.908
4094,136.467,574.99,587.99,-9.909,26.787,28.561
4095,136.5,574.23,588.83,-6.998,25.948,26.876
4096,136.533,573.92,590.09,-3.989,24.765,25.084
4097,136.567,572.77,590.84,-1.315,23.231,23.268
4098,136.6,572.08,591.9,0.704,21.47,21.481
4099,136.633,571.97,592.9,2.592,19.535,19.707
4100,136.667,571.33,593.29,4.023,17.323,17.784
4101,136.7,571.56,593.76,5.054,14.819,15.658
4102,136.733,572.39,594.29,5.71,12.422,13.671
4103,136.767,572.16,594.36,6.264,10.293,12.049
4104,136.8,573.77,594.68,7.175,8.509,11.13
4105,136.833,574.5,594.78,8.144,7.01,10.745
4106,136.867,575.7,594.95,8.96,6.055,10.814
4107,136.9,576.43,594.83,8.962,5.42,10.473
4108,136.933,575.51,594.7,8.418,5.184,9.887
4109,136.967,576.23,595.01,7.51,5.203,9.136
4110,137.0,576.17,595.17,5.511,5.252,7.613
4111,137.033,575.61,595.16,3.227,5.273,6.182
4112,137.067,574.77,595.55,0.546,4.95,4.98
4113,137.1,574.54,595.81,-1.901,4.456,4.844
4114,137.133,574.65,595.87,-3.997,3.733,5.469
4115,137.167,575.1,596.12,-5.822,2.693,6.415
4116,137.2,575.3,596.82,-6.787,1.661,6.987
4117,137.233,575.7,597.29,-7.304,0.635,7.332
4118,137.267,575.71,597.31,-7.118,-0.395,7.129
4119,137.3,574.79,597.2,-5.889,-1.085,5.988
4120,137.333,574.03,597.26,-4.699,-1.541,4.945
4121,137.367,573.32,596.71,-3.513,-1.715,3.909
4122,137.4,573.48,596.39,-2.832,-1.734,3.32
4123,137.433,573.46,595.7,-2.861,-1.905,3.437
4124,137.467,573.32,595.16,-2.787,-2.312,3.621
4125,137.5,573.23,594.82,-3.511,-3.26,4.791
4126,137.533,573.18,594.69,-4.119,-4.423,6.044
4127,137.567,573.26,594.79,-4.522,-5.45,7.082
4128,137.6,573.36,595.07,-4.523,-6.608,8.007
4129,137.633,573.46,595.17,-4.34,-7.897,9.011
4130,137.667,573.65,595.37,-4.058,-9.273,10.122
4131,137.7,573.61,595.44,-3.844,-11.053,11.702
4132,137.733,574.05,595.42,-3.54,-13.314,13.776
4133,137.767,573.28,595.2,-3.3,-15.98,16.317
4134,137.8,572.6,594.48,-2.87,-18.41,18.632
4135,137.833,571.98,593.37,-1.921,-21.147,21.234
4136,137.867,571.55,591.87,-0.589,-24.7,24.707
4137,137.9,571.24,590.01,1.086,-28.559,28.579
4138,137.933,571.42,588.79,2.663,-32.69,32.798
4139,137.967,571.75,587.84,4.056,-37.068,37.289
4140,138.0,572.73,587.27,5.203,-41.227,41.554
4141,138.033,572.48,586.3,6.042,-44.862,45.267
4142,138.067,572.55,584.73,6.528,-47.591,48.036
4143,138.1,572.84,583.13,6.421,-50.206,50.615
4144,138.133,573.39,581.43,5.639,-52.531,52.833
4145,138.167,574.01,579.69,4.223,-54.096,54.261
4146,138.2,574.64,578.46,2.086,-55.213,55.252
4147,138.233,575.03,576.84,-0.675,-56.207,56.211
4148,138.267,575.2,574.94,-4.185,-57.007,57.161
4149,138.3,574.7,571.54,-7.602,-57.761,58.259
4150,138.333,574.04,568.88,-10.598,-58.489,59.441
4151,138.367,573.42,567.08,-12.853,-59.146,60.527
4152,138.4,572.81,565.06,-14.207,-59.298,60.976
4153,138.433,572.06,563.07,-14.461,-58.518,60.278
4154,138.467,571.33,562.02,-13.888,-57.008,58.675
4155,138.5,570.66,560.67,-12.615,-54.612,56.05
4156,138.533,569.98,559.04,-11.094,-51.741,52.917
4157,138.567,569.24,556.53,-8.782,-48.174,48.968
4158,138.6,568.88,555.66,-5.866,-43.957,44.347
4159,138.633,568.77,554.59,-2.453,-39.28,39.357
4160,138.667,568.76,552.63,1.181,-34.533,34.553
4161,138.7,569.07,550.91,4.766,-30.321,30.694
4162,138.733,569.78,549.81,8.039,-27.169,28.333
4163,138.767,570.64,548.47,10.822,-24.996,27.238
4164,138.8,571.41,547.35,12.953,-24.298,27.535
4165,138.833,572.07,546.72,14.584,-23.32,27.505
4166,138.867,572.56,546.68,15.666,-22.522,27.435
4167,138.9,572.94,546.61,16.167,-22.163,27.433
4168,138.933,573.06,546.54,15.97,-22.182,27.333
4169,138.967,573.37,546.7,15.063,-22.142,26.78
4170,139.0,573.77,546.23,13.584,-22.404,26.2
4171,139.033,574.24,545.75,11.667,-23.16,25.932
4172,139.067,574.6,544.38,9.546,-24.601,26.388
4173,139.1,575.07,542.82,7.501,-25.683,26.756
4174,139.133,575.38,540.85,5.601,-27.515,28.079
4175,139.167,575.64,538.95,3.97,-29.672,29.936
4176,139.2,575.86,537.86,2.724,-31.516,31.633
4177,139.233,575.95,537.0,1.791,-32.303,32.352
4178,139.267,575.97,535.98,1.019,-32.307,32.323
4179,139.3,575.88,536.33,0.22,-31.885,31.886
4180,139.333,575.66,534.88,-0.72,-31.172,31.181
4181,139.367,575.43,534.08,-1.819,-29.86,29.916
4182,139.4,575.08,533.25,-2.996,-28.437,28.595
4183,139.433,574.85,532.76,-4.069,-27.09,27.394
4184,139.467,574.9,531.56,-4.728,-26.111,26.536
4185,139.5,574.96,529.97,-4.882,-25.238,25.706
4186,139.533,575.04,528.75,-4.491,-24.111,24.526
4187,139.567,575.08,528.41,-3.636,-23.481,23.761
4188,139.6,575.08,527.3,-2.371,-22.901,23.023
4189,139.633,575.06,527.41,-0.868,-21.877,21.894
4190,139.667,574.88,527.19,0.774,-20.156,20.171
4191,139.7,574.63,527.06,2.445,-17.566,17.735
4192,139.733,574.43,525.51,4.004,-14.634,15.172
4193,139.767,574.18,523.82,5.355,-11.398,12.594
4194,139.8,574.1,523.27,6.412,-8.137,10.36
4195,139.833,574.34,523.42,7.162,-6.154,9.443
4196,139.867,574.85,522.85,7.691,-4.76,9.044
4197,139.9,575.6,522.74,7.987,-4.149,9.001
4198,139.933,576.37,523.05,8.165,-3.823,9.015
4199,139.967,577.03,524.11,8.28,-3.524,8.999
4200,140.0,577.5,524.25,8.151,-3.796,8.991
4201,140.033,577.72,523.64,7.745,-3.859,8.652
4202,140.067,577.83,524.21,7.101,-3.567,7.946
4203,140.1,577.88,524.72,6.249,-3.445,7.136
4204,140.133,577.85,524.41,5.232,-2.767,5.919
4205,140.167,577.82,523.96,4.009,-1.933,4.451
4206,140.2,577.74,523.09,2.75,-1.834,3.306
4207,140.233,577.67,522.39,1.624,-2.617,3.081
4208,140.267,577.66,521.11,0.675,-4.23,4.284
4209,140.3,577.74,520.17,0.144,-6.038,6.04
4210,140.333,577.87,520.27,0.205,-8.386,8.389
4211,140.367,577.92,520.83,0.839,-12.08,12.109
4212,140.4,578.04,521.7,1.892,-16.154,16.264
4213,140.433,578.16,521.77,3.139,-20.216,20.458
4214,140.467,578.14,520.58,4.361,-24.485,24.871
4215,140.5,578.25,521.1,5.314,-28.72,29.207
4216,140.533,578.45,520.79,5.844,-32.011,32.54
4217,140.567,578.57,519.96,5.907,-33.792,34.305
4218,140.6,578.67,519.18,5.495,-34.336,34.773
4219,140.633,578.75,517.27,4.595,-34.178,34.485
4220,140.667,579.01,514.02,3.206,-32.966,33.122
4221,140.7,579.27,511.92,1.553,-30.681,30.72
4222,140.733,579.48,509.39,-0.167,-27.4,27.401
4223,140.767,579.87,508.23,-1.913,-23.496,23.574
4224,140.8,580.15,506.77,-3.606,-18.602,18.949
4225,140.833,580.12,505.69,-5.225,-12.789,13.815
4226,140.867,579.82,506.53,-6.322,-6.603,9.142
4227,140.9,579.33,507.39,-7.304,-0.601,7.328
4228,140.933,578.65,508.19,-8.683,4.421,9.744
4229,140.967,577.85,510.18,-10.351,8.619,13.469
4230,141.0,577.12,511.67,-11.96,11.562,16.635
4231,141.033,576.53,512.37,-13.434,13.523,19.062
4232,141.067,576.06,512.88,-14.814,14.487,20.72
4233,141.1,575.66,512.55,-16.178,13.367,20.986
4234,141.133,575.41,512.74,-17.253,10.162,20.024
4235,141.167,575.46,512.47,-17.761,5.046,18.464
4236,141.2,575.29,511.76,-17.705,-1.069,17.737
4237,141.233,574.9,511.17,-17.095,-7.964,18.859
4238,141.267,574.55,511.0,-15.994,-15.164,22.04
4239,141.3,574.09,510.62,-14.54,-21.437,25.903
4240,141.333,573.56,510.06,-12.937,-26.585,29.566
4241,141.367,571.75,509.22,-11.295,-30.873,32.874
4242,141.4,570.49,508.21,-9.757,-34.611,35.96
4243,141.433,570.36,507.46,-8.193,-38.067,38.938
4244,141.467,570.4,506.07,-6.236,-40.455,40.933
4245,141.5,570.23,506.58,-3.905,-41.975,42.156
4246,141.533,570.06,504.17,-1.474,-42.567,42.593
4247,141.567,570.15,500.87,0.98,-41.672,41.684
4248,141.6,570.9,499.35,3.345,-39.31,39.452
4249,141.633,571.58,497.33,5.82,-35.213,35.69
4250,141.667,572.01,496.1,8.343,-30.521,31.641
4251,141.7,572.34,495.48,10.639,-25.734,27.847
4252,141.733,572.64,494.82,12.564,-20.453,24.004
4253,141.767,572.94,495.43,14.064,-14.853,20.455
4254,141.8,573.03,493.46,14.998,-9.517,17.762
4255,141.833,573.21,492.17,15.125,-4.474,15.772
4256,141.867,573.55,492.55,14.224,0.222,14.225
4257,141.9,574.36,492.99,13.596,5.349,14.611
4258,141.933,575.11,495.08,13.207,9.755,16.419
4259,141.967,575.17,496.67,12.493,12.922,17.973
4260,142.0,575.23,497.75,11.073,15.575,19.11
4261,142.033,575.76,498.87,9.387,16.824,19.266
4262,142.067,576.44,499.05,8.028,17.374,19.139
4263,142.1,577.36,498.64,6.689,19.313,20.439
4264,142.133,577.77,497.51,5.087,21.643,22.233
4265,142.167,577.88,497.45,3.81,24.938,25.228
4266,142.2,577.77,498.56,2.724,27.064,27.2
4267,142.233,577.61,499.23,1.79,27.774,27.831
4268,142.267,577.33,499.99,0.93,27.309,27.324
4269,142.3,576.9,501.37,0.398,24.911,24.914
4270,142.333,576.81,502.8,0.132,21.824,21.824
4271,142.367,577.33,504.28,-0.015,19.68,19.68
4272,142.4,576.77,503.69,0.283,18.638,18.64
4273,142.433,576.19,505.1,0.528,18.787,18.795
4274,142.467,575.96,507.41,0.329,18.547,18.55
4275,142.5,576.71,508.95,-0.156,18.378,18.378
4276,142.533,577.33,509.81,-0.58,18.118,18.127
4277,142.567,577.1,511.8,-0.866,18.037,18.058
4278,142.6,577.58,510.51,-1.477,17.637,17.699
4279,142.633,578.34,508.99,-2.376,17.32,17.482
4280,142.667,577.82,505.75,-3.389,18.555,18.862
4281,142.7,577.52,505.96,-4.602,20.144,20.663
4282,142.733,577.27,506.71,-6.015,20.967,21.813
4283,142.767,577.2,507.74,-7.387,21.448,22.685
4284,142.8,576.49,509.89,-8.531,21.072,22.733
4285,142.833,576.02,513.74,-9.079,21.605,23.435
4286,142.867,575.89,515.59,-9.307,22.858,24.68
4287,142.9,574.83,516.13,-9.335,24.813,26.511
4288,142.933,573.99,516.28,-8.79,28.442,29.769
4289,142.967,573.8,517.82,-7.588,30.48,31.41
4290,143.0,574.2,518.27,-5.874,28.498,29.097
4291,143.033,574.32,518.89,-4.189,21.971,22.367
4292,143.067,573.89,518.03,-2.682,11.071,11.392
4293,143.1,574.24,518.5,-1.009,-2.66,2.845
4294,143.133,574.14,518.87,0.467,-15.352,15.359
4295,143.167,573.86,516.85,1.321,-25.345,25.38
4296,143.2,573.96,516.2,2.117,-30.166,30.24
4297,143.233,574.49,516.99,2.646,-32.269,32.377
4298,143.267,574.84,517.74,2.874,-31.817,31.946
4299,143.3,575.15,520.39,2.86,-28.78,28.922
4300,143.333,575.03,518.72,2.774,-23.991,24.151
4301,143.367,575.27,515.94,2.443,-19.243,19.397
4302,143.4,574.97,511.02,1.844,-13.571,13.695
4303,143.433,574.79,503.8,1.48,-7.229,7.379
4304,143.467,574.63,499.93,1.411,-0.839,1.642
4305,143.5,574.62,500.11,1.407,4.659,4.867
4306,143.533,574.65,503.68,1.205,9.38,9.458
4307,143.567,574.78,510.77,0.851,12.748,12.776
4308,143.6,574.88,516.45,0.347,16.579,16.583
4309,143.633,574.87,519.08,-0.782,20.4,20.415
4310,143.667,575.01,519.76,-1.766,24.641,24.704
4311,143.7,574.96,517.69,-2.492,28.625,28.734
4312,143.733,575.13,517.85,-2.882,30.341,30.477
4313,143.767,575.32,518.01,-3.038,28.39,28.552
4314,143.8,575.0,517.66,-2.923,21.303,21.503
4315,143.833,574.82,517.27,-2.875,9.252,9.688
4316,143.867,574.87,517.58,-2.956,-2.759,4.043
4317,143.9,574.6,516.06,-3.429,-14.149,14.558
4318,143.933,574.28,515.03,-3.736,-23.11,23.41
4319,143.967,573.92,515.22,-3.992,-28.572,28.849
4320,144.0,573.61,515.57,-3.874,-31.21,31.449
4321,144.033,573.15,516.28,-3.268,-29.887,30.065
4322,144.067,572.66,517.96,-2.122,-27.696,27.777
4323,144.1,572.94,517.04,-0.776,-24.115,24.128
4324,144.133,573.93,514.55,0.676,-18.719,18.731
4325,144.167,574.09,508.69,2.122,-12.347,12.528
4326,144.2,574.5,504.67,3.308,-7.709,8.388
4327,144.233,574.59,503.39,4.178,-3.451,5.419
4328,144.267,574.29,504.07,4.63,-0.534,4.661
4329,144.3,573.67,509.5,4.637,2.688,5.359
4330,144.333,573.43,514.34,4.302,4.506,6.23
4331,144.367,573.76,513.03,3.863,6.315,7.403
4332,144.4,574.53,511.51,3.501,7.84,8.586
4333,144.433,574.89,509.15,3.06,9.826,10.291
4334,144.467,575.68,509.98,2.572,10.14,10.461
4335,144.5,576.01,513.83,1.978,9.431,9.636
4336,144.533,575.9,514.33,1.242,7.706,7.806
4337,144.567,575.32,519.32,0.41,4.644,4.662
4338,144.6,574.98,518.46,-0.531,-0.498,0.728
4339,144.633,574.55,513.28,-1.576,-6.87,7.048
4340,144.667,574.2,508.04,-2.941,-13.496,13.813
4341,144.7,574.07,508.35,-4.434,-17.765,18.31
4342,144.733,574.2,509.17,-6.034,-18.616,19.569
4343,144.767,574.34,510.86,-7.511,-18.878,20.318
4344,144.8,574.43,508.73,-8.563,-17.943,19.881
4345,144.833,574.9,510.52,-8.877,-17.608,19.719
4346,144.867,574.88,509.61,-8.466,-18.096,19.978
4347,144.9,573.97,507.67,-7.595,-16.731,18.374
4348,144.933,573.34,505.09,-6.653,-13.095,14.688
4349,144.967,572.57,507.13,-5.71,-3.767,6.841
4350,145.0,571.9,507.48,-5.036,8.154,9.584
4351,145.033,571.35,507.59,-4.505,15.401,16.047
4352,145.067,571.11,507.68,-4.034,19.684,20.094
4353,145.1,571.57,507.46,-3.494,18.624,18.949
4354,145.133,571.8,507.41,-2.997,10.48,10.9
4355,145.167,571.78,507.37,-2.502,0.333,2.524
4356,145.2,572.16,507.14,-2.041,-8.854,9.087
4357,145.233,572.4,505.08,-1.69,-19.266,19.34
4358,145.267,572.49,508.67,-1.509,-30.463,30.5
4359,145.3,572.45,511.41,-1.186,-40.338,40.355
4360,145.333,572.33,513.03,-0.873,-47.25,47.258
4361,145.367,572.07,513.42,-0.9,-52.515,52.523
4362,145.4,571.76,512.8,-1.325,-56.117,56.133
4363,145.433,571.55,511.2,-1.7,-55.049,55.075
4364,145.467,571.63,501.18,-2.234,-48.636,48.687
4365,145.5,571.57,490.27,-2.651,-39.175,39.265
4366,145.533,571.27,488.61,-2.74,-26.245,26.388
4367,145.567,570.91,485.8,-2.376,-8.284,8.618
4368,145.6,570.7,481.61,-1.473,11.5,11.594
4369,145.633,570.58,487.27,-0.587,31.573,31.578
4370,145.667,570.63,491.19,0.201,50.221,50.221
4371,145.7,570.92,493.79,1.0,65.888,65.896
4372,145.733,571.44,499.19,1.489,77.271,77.285
4373,145.767,572.03,506.0,1.63,85.462,85.478
4374,145.8,571.83,508.68,1.364,86.511,86.522
4375,145.833,571.68,512.47,0.681,82.012,82.015
4376,145.867,571.42,515.77,-0.679,72.829,72.832
4377,145.9,571.35,522.41,-2.87,59.943,60.011
4378,145.933,571.23,524.82,-4.72,43.529,43.784
4379,145.967,571.51,526.71,-5.53,23.894,24.526
4380,146.0,571.73,527.78,-4.934,5.673,7.518
4381,146.033,571.73,527.18,-3.412,-10.235,10.789
4382,146.067,571.6,519.54,-1.328,-26.565,26.598
4383,146.1,571.01,514.05,1.141,-41.544,41.56
4384,146.133,570.67,508.72,4.123,-51.519,51.683
4385,146.167,570.49,504.22,7.963,-59.323,59.855
4386,146.2,570.25,501.37,12.345,-63.781,64.964
4387,146.233,570.19,501.18,16.704,-63.828,65.978
4388,146.267,570.22,501.74,20.368,-60.683,64.01
4389,146.3,570.53,506.32,22.983,-55.704,60.259
4390,146.333,571.21,508.44,24.659,-47.715,53.711
4391,146.367,573.08,508.88,25.265,-39.655,47.02
4392,146.4,576.64,506.88,24.97,-30.92,39.744
4393,146.433,578.91,503.6,23.491,-24.297,33.796
4394,146.467,579.96,498.85,21.061,-19.12,28.446
4395,146.5,579.46,493.46,18.101,-16.178,24.277
4396,146.533,579.32,492.07,14.845,-16.082,21.886
4397,146.567,579.81,492.48,11.638,-18.213,21.614
4398,146.6,580.74,494.73,8.634,-20.579,22.317
4399,146.633,581.26,496.16,6.092,-23.924,24.687
4400,146.667,580.5,496.66,4.092,-26.839,27.149
4401,146.7,579.46,496.66,2.775,-27.785,27.923
4402,146.733,578.53,496.21,2.213,-26.24,26.333
4403,146.767,578.11,495.07,2.332,-21.958,22.081
4404,146.8,577.8,493.12,2.896,-14.591,14.875
4405,146.833,577.8,490.49,3.551,-6.236,7.176
4406,146.867,578.18,492.0,4.27,1.195,4.434
4407,146.9,578.64,491.87,5.397,6.861,8.729
4408,146.933,580.06,491.71,6.686,11.863,13.617
4409,146.967,581.86,491.44,8.094,16.67,18.531
4410,147.0,582.92,491.19,9.638,21.885,23.913
4411,147.033,583.68,490.9,11.834,28.818,31.154
4412,147.067,583.94,488.73,14.449,35.942,38.738
4413,147.1,583.92,489.82,16.937,42.368,45.628
4414,147.133,583.91,493.79,18.643,46.362,49.97
4415,147.167,583.67,498.51,19.408,47.605,51.409
4416,147.2,583.05,502.85,19.684,46.778,50.751
4417,147.233,582.4,507.41,19.975,44.235,48.536
4418,147.267,581.96,510.09,20.885,39.845,44.987
4419,147.3,582.48,510.53,21.858,34.053,40.465
4420,147.333,584.58,507.92,22.507,27.638,35.643
4421,147.367,587.93,507.65,21.757,21.883,30.858
4422,147.4,590.35,508.49,19.491,15.073,24.64
4423,147.433,590.85,508.06,16.146,8.245,18.129
4424,147.467,591.06,507.26,11.573,2.174,11.775
4425,147.5,591.17,507.13,5.71,-2.401,6.194
4426,147.533,591.1,506.39,-0.96,-5.361,5.446
4427,147.567,590.79,505.89,-8.164,-6.119,10.202
4428,147.6,590.36,505.34,-15.493,-3.118,15.804
4429,147.633,590.01,505.86,-22.564,2.71,22.726
4430,147.667,589.58,507.23,-29.064,9.576,30.601
4431,147.7,589.06,507.79,-34.636,16.354,38.303
4432,147.733,587.71,507.75,-38.72,22.362,44.714
4433,147.767,584.52,508.39,-40.805,26.432,48.618
4434,147.8,581.25,509.36,-40.522,28.465,49.521
4435,147.833,578.15,510.73,-38.021,29.056,47.852
4436,147.867,577.23,511.89,-34.138,29.9,45.381
4437,147.9,577.11,513.69,-29.917,30.035,42.393
4438,147.933,577.0,515.64,-25.607,28.755,38.505
4439,147.967,576.95,516.9,-20.85,26.56,33.767
4440,148.0,576.89,517.31,-15.857,23.816,28.612
4441,148.033,576.73,518.07,-10.881,20.337,23.065
4442,148.067,576.57,518.33,-6.165,16.554,17.664
4443,148.1,576.48,518.38,-1.886,12.641,12.781
4444,148.133,576.46,518.08,1.743,9.063,9.229
4445,148.167,576.42,518.11,4.417,5.583,7.119
4446,148.2,576.54,518.21,5.932,1.804,6.201
4447,148.233,576.77,518.23,6.038,-2.01,6.364
4448,148.267,576.96,518.29,4.913,-5.25,7.19
4449,148.3,577.11,518.43,3.599,-7.753,8.548
4450,148.333,577.24,518.4,2.628,-9.513,9.869
4451,148.367,577.42,517.95,2.529,-10.676,10.972
4452,148.4,577.43,517.56,2.594,-10.862,11.167
4453,148.433,577.31,517.22,2.489,-10.767,11.051
4454,148.467,577.24,516.86,2.255,-10.865,11.097
4455,148.5,577.26,516.35,1.895,-11.464,11.62
4456,148.533,577.27,515.82,1.448,-11.288,11.381
4457,148.567,577.33,515.42,0.968,-10.876,10.919
4458,148.6,577.44,515.09,0.65,-10.063,10.084
4459,148.633,577.6,514.61,0.545,-8.494,8.511
4460,148.667,577.75,514.12,0.616,-5.888,5.92
4461,148.7,577.8,513.76,0.829,-2.952,3.067
4462,148.733,577.78,513.97,1.089,-0.798,1.35
4463,148.767,577.78,514.32,1.27,1.746,2.159
4464,148.8,577.75,514.39,1.226,5.889,6.015
4465,148.833,577.67,514.56,0.924,10.443,10.483
4466,148.867,577.5,514.84,0.522,14.876,14.885
4467,148.9,577.47,514.47,0.035,18.549,18.549
4468,148.933,577.6,514.65,-0.402,20.439,20.443
4469,148.967,577.73,515.29,-0.617,19.424,19.434
4470,149.0,577.88,517.27,-0.531,14.549,14.558
4471,149.033,578.03,517.47,-0.2,7.704,7.707
4472,149.067,578.3,518.21,0.304,-0.407,0.508
4473,149.1,578.3,518.92,0.996,-9.409,9.461
4474,149.133,578.11,518.79,1.855,-18.782,18.873
4475,149.167,577.88,517.87,2.886,-27.968,28.117
4476,149.2,577.72,517.57,4.063,-36.489,36.714
4477,149.233,577.56,519.67,5.429,-44.02,44.353
4478,149.267,577.51,519.47,6.871,-50.449,50.915
4479,149.3,577.82,515.14,8.178,-55.655,56.253
4480,149.333,578.44,510.93,9.326,-59.318,60.047
4481,149.367,578.94,505.89,10.109,-60.571,61.409
4482,149.4,579.48,500.83,10.595,-60.93,61.844
4483,149.433,580.02,496.74,10.859,-60.735,61.698
4484,149.467,580.45,494.94,10.981,-60.585,61.572
4485,149.5,580.74,496.69,10.67,-57.896,58.871
4486,149.533,581.06,496.43,9.931,-53.822,54.731
4487,149.567,581.57,495.9,8.76,-45.871,46.7
4488,149.6,582.02,495.58,7.302,-34.911,35.667
4489,149.633,582.43,495.13,5.588,-21.459,22.175
4490,149.667,582.66,494.66,3.95,-8.979,9.81
4491,149.7,582.68,494.17,2.46,3.417,4.21
4492,149.733,582.37,493.81,1.204,13.841,13.894
4493,149.767,582.01,493.38,0.055,21.696,21.696
4494,149.8,581.8,493.02,-0.835,25.935,25.949
4495,149.833,581.48,492.67,-1.547,29.268,29.309
4496,149.867,581.58,490.28,-2.1,30.508,30.58
4497,149.9,581.75,491.0,-2.465,30.416,30.516
4498,149.933,581.74,494.65,-2.676,29.71,29.831
4499,149.967,581.3,501.81,-2.875,31.011,31.145
4500,150.0,581.41,504.84,-3.005,33.085,33.221
4501,150.033,581.58,509.01,-2.921,34.35,34.473
4502,150.067,581.88,508.55,-2.644,35.499,35.597
4503,150.1,581.77,506.92,-2.363,36.033,36.111
4504,150.133,581.87,502.94,-2.095,35.51,35.572
4505,150.167,581.55,504.85,-1.94,33.739,33.795
4506,150.2,581.21,504.76,-2.017,30.812,30.878
4507,150.233,580.73,507.18,-2.296,26.917,27.014
4508,150.267,580.75,506.5,-2.611,22.223,22.376
4509,150.3,580.73,507.9,-2.796,16.741,16.973
4510,150.333,580.79,506.76,-2.826,11.196,11.547
4511,150.367,580.67,508.37,-2.683,6.151,6.711
4512,150.4,580.55,510.97,-2.437,3.71,4.439
4513,150.433,580.41,514.89,-2.167,3.223,3.883
4514,150.467,580.53,514.25,-1.932,3.904,4.356
4515,150.5,580.65,514.45,-1.419,3.21,3.509
4516,150.533,580.61,513.67,-0.855,1.524,1.747
4517,150.567,580.5,511.88,-0.395,-2.141,2.177
4518,150.6,580.47,510.5,-0.162,-5.795,5.798
4519,150.633,580.29,509.37,-0.163,-8.854,8.855
4520,150.667,580.08,508.65,-0.557,-9.685,9.701
4521,150.7,580.08,507.99,-1.162,-10.077,10.144
4522,150.733,580.17,507.4,-1.883,-9.405,9.592
4523,150.767,580.31,506.96,-2.37,-9.87,10.15
4524,150.8,580.32,507.64,-2.772,-9.838,10.221
4525,150.833,580.22,508.1,-3.11,-9.589,10.081
4526,150.867,580.3,508.81,-3.339,-7.836,8.517
4527,150.9,580.14,509.2,-3.465,-5.649,6.627
4528,150.933,579.9,509.74,-3.524,-3.864,5.229
4529,150.967,579.86,509.1,-3.358,-3.619,4.937
4530,151.0,579.62,508.19,-3.031,-4.239,5.211
4531,151.033,579.27,508.49,-2.669,-5.686,6.282
4532,151.067,579.01,508.25,-2.322,-7.838,8.175
4533,151.1,578.62,507.31,-2.129,-9.99,10.214
4534,151.133,578.53,506.6,-2.185,-11.853,12.053
4535,151.167,578.56,506.4,-2.404,-13.067,13.286
4536,151.2,578.77,504.78,-2.653,-13.396,13.656
4537,151.233,579.09,503.33,-2.806,-13.252,13.546
4538,151.267,579.11,503.93,-2.836,-12.892,13.2
4539,151.3,579.05,504.71,-2.829,-11.425,11.77
4540,151.333,579.07,504.48,-2.767,-10.081,10.454
4541,151.367,578.85,504.4,-2.719,-8.424,8.852
4542,151.4,578.77,504.07,-2.847,-6.592,7.18
4543,151.433,578.83,503.56,-3.041,-5.144,5.976
4544,151.467,578.6,502.11,-3.282,-4.558,5.616
4545,151.5,578.08,502.64,-3.705,-4.935,6.171
4546,151.533,577.55,502.24,-4.225,-6.148,7.46
4547,151.567,577.08,502.47,-4.707,-8.34,9.577
4548,151.6,576.93,502.83,-5.122,-10.947,12.086
4549,151.633,577.02,502.93,-5.349,-13.202,14.245
4550,151.667,577.28,502.49,-5.425,-14.882,15.84
4551,151.7,577.6,501.16,-5.299,-16.681,17.502
4552,151.733,577.59,500.64,-5.001,-17.914,18.599
4553,151.767,577.39,501.08,-4.61,-18.461,19.028
4554,151.8,577.12,499.72,-4.037,-18.941,19.366
4555,151.833,576.74,499.65,-3.255,-19.684,19.951
4556,151.867,576.5,498.47,-2.399,-20.062,20.205
4557,151.9,576.33,496.41,-1.48,-19.967,20.022
4558,151.933,576.09,494.92,-0.624,-19.36,19.37
4559,151.967,575.9,493.59,0.033,-18.225,18.225
4560,152.0,575.83,493.6,0.566,-15.979,15.989
4561,152.033,575.88,494.45,1.099,-13.801,13.845
4562,152.067,575.94,495.08,1.684,-11.456,11.579
4563,152.1,576.08,495.27,2.349,-9.664,9.946
4564,152.133,576.4,494.7,2.966,-7.981,8.514
4565,152.167,576.8,493.37,3.384,-5.924,6.822
4566,152.2,577.14,492.81,3.453,-3.679,5.045
4567,152.233,577.38,492.6,3.11,-1.087,3.294
4568,152.267,577.52,492.96,2.544,1.979,3.223
4569,152.3,577.56,493.08,1.808,3.54,3.975
4570,152.333,577.44,493.59,0.94,3.758,3.873
4571,152.367,577.28,493.75,0.025,1.462,1.462
4572,152.4,577.21,493.43,-0.913,-2.341,2.513
4573,152.433,577.14,493.02,-1.858,-6.656,6.911
4574,152.467,577.01,492.61,-2.709,-11.234,11.556
4575,152.5,576.83,492.01,-3.379,-15.628,15.989
4576,152.533,576.64,491.88,-3.749,-18.91,19.278
4577,152.567,576.45,492.05,-3.862,-21.859,22.197
4578,152.6,576.28,493.31,-3.697,-24.396,24.674
4579,152.633,576.17,493.37,-3.317,-26.592,26.798
4580,152.667,576.16,491.75,-2.859,-28.476,28.619
4581,152.7,576.25,489.91,-2.478,-30.103,30.205
4582,152.733,576.29,487.84,-2.243,-31.53,31.609
4583,152.767,576.11,483.55,-2.215,-33.207,33.28
4584,152.8,575.97,481.0,-2.34,-34.802,34.88
4585,152.833,575.86,479.52,-2.526,-35.451,35.541
4586,152.867,575.81,479.75,-2.655,-35.143,35.243
4587,152.9,575.75,479.78,-2.708,-33.815,33.924
4588,152.933,575.75,479.9,-2.702,-31.183,31.3
4589,152.967,575.8,480.47,-2.717,-28.324,28.454
4590,153.0,575.85,481.53,-2.66,-24.872,25.014
4591,153.033,575.65,479.96,-2.509,-21.407,21.554
4592,153.067,575.46,478.68,-2.235,-18.64,18.773
4593,153.1,575.21,476.68,-1.727,-16.095,16.188
4594,153.133,574.99,474.43,-0.927,-15.091,15.12
4595,153.167,574.81,472.56,0.093,-15.347,15.348
4596,153.2,574.75,472.06,1.352,-15.702,15.76
4597,153.233,574.81,471.84,2.527,-16.623,16.814
4598,153.267,575.05,473.32,3.501,-17.827,18.167
4599,153.3,575.33,474.55,4.166,-18.322,18.79
4600,153.333,575.51,474.58,4.421,-18.452,18.974
4601,153.367,575.62,473.87,4.274,-17.85,18.355
4602,153.4,575.76,472.66,3.795,-17.251,17.663
4603,153.433,575.88,470.41,3.018,-16.077,16.358
4604,153.467,576.18,469.98,2.085,-14.1,14.253
4605,153.5,576.38,468.47,0.854,-12.445,12.474
4606,153.533,576.62,468.11,-0.731,-10.927,10.951
4607,153.567,576.87,469.0,-2.583,-9.211,9.566
4608,153.6,576.88,468.43,-4.603,-7.892,9.136
4609,153.633,576.64,468.68,-6.547,-6.735,9.393
4610,153.667,576.29,468.66,-8.221,-5.502,9.892
4611,153.7,575.47,467.17,-9.274,-3.682,9.978
4612,153.733,574.83,466.61,-9.647,-2.163,9.887
4613,153.767,574.15,465.75,-9.334,-1.644,9.477
4614,153.8,573.76,466.14,-8.522,-1.51,8.654
4615,153.833,573.6,467.45,-7.416,-2.415,7.799
4616,153.867,573.54,468.33,-6.133,-4.026,7.336
4617,153.9,573.41,469.7,-4.731,-6.178,7.781
4618,153.933,573.31,470.05,-3.78,-8.132,8.967
4619,153.967,572.89,469.2,-2.929,-16.437,16.696
4620,154.0,572.7,469.4,-1.69,-20.483,20.552
4621,154.033,572.72,467.2,0.87,-13.008,13.037
4622,154.067,573.06,465.51,2.859,-6.41,7.019
4623,154.1,573.63,464.4,4.358,-1.126,4.501
4624,154.133,574.2,463.62,5.195,3.074,6.036
4625,154.167,574.79,463.31,5.631,5.949,8.192
4626,154.2,574.85,462.36,5.604,7.882,9.671
4627,154.233,574.73,462.52,5.261,9.457,10.822
4628,154.267,574.36,464.88,4.527,10.618,11.543
4629,154.3,573.97,464.45,3.524,12.199,12.698
4630,154.333,573.72,464.73,2.274,13.657,13.845
4631,154.367,573.64,465.05,0.966,14.306,14.339
4632,154.4,573.7,465.8,-0.474,13.819,13.827
4633,154.433,575.25,465.72,-1.634,12.309,12.417
4634,154.467,576.6,485.77,-2.594,9.662,10.004
4635,154.5,576.75,485.98,-3.129,6.32,7.052
4636,154.533,573.97,465.95,-3.246,1.75,3.687
4637,154.567,574.18,465.87,-2.972,-2.922,4.168
4638,154.6,573.95,465.26,-2.473,-7.326,7.732
4639,154.633,574.03,465.56,-1.961,-11.35,11.519
4640,154.667,573.61,465.86,-1.564,-14.663,14.746
4641,154.7,573.21,465.61,-2.496,-24.169,24.298
4642,154.733,573.02,466.1,-2.835,-27.754,27.898
4643,154.767,573.11,466.67,-2.765,-27.011,27.152
4644,154.8,573.43,466.33,-2.193,-23.034,23.139
4645,154.833,573.93,466.02,0.087,-7.419,7.42
4646,154.867,574.12,465.87,2.277,7.263,7.611
4647,154.9,574.6,466.48,4.387,20.888,21.344
4648,154.933,574.41,465.71,6.415,32.963,33.581
4649,154.967,574.38,465.38,7.501,44.201,44.833
4650,155.0,574.34,465.2,7.353,42.773,43.401
4651,155.033,574.3,465.09,6.307,34.776,35.343
4652,155.067,574.23,465.55,6.016,32.49,33.042
4653,155.1,574.17,465.98,5.372,29.155,29.645
4654,155.133,574.19,466.75,4.6,25.296,25.711
4655,155.167,574.26,467.54,3.596,20.506,20.819
4656,155.2,577.34,487.99,2.699,14.706,14.952
4657,155.233,577.25,488.11,2.052,9.349,9.572
4658,155.267,577.49,489.83,1.667,4.32,4.63
4659,155.3,577.76,490.26,1.453,-0.223,1.47
4660,155.333,574.82,468.98,1.278,-4.634,4.807
4661,155.367,574.94,467.96,1.019,-9.299,9.354
4662,155.4,575.06,467.25,0.783,-14.227,14.248
4663,155.433,575.19,467.43,0.397,-20.31,20.314
4664,155.467,575.31,467.52,0.224,-26.612,26.613
4665,155.5,575.48,467.57,0.26,-32.158,32.159
4666,155.533,575.64,469.0,0.537,-36.061,36.065
4667,155.567,575.81,469.44,1.084,-37.227,37.242
4668,155.6,575.99,469.38,0.973,-43.091,43.102
4669,155.633,576.2,469.22,1.735,-42.071,42.106
4670,155.667,576.43,469.51,3.235,-35.122,35.271
4671,155.7,576.58,470.55,5.405,-22.962,23.59
4672,155.733,576.68,469.38,7.509,-10.478,12.891
4673,155.767,576.77,467.26,8.974,-3.062,9.482
4674,155.8,576.92,463.58,9.63,-1.878,9.812
4675,155.833,577.15,460.67,9.415,-6.839,11.637
4676,155.867,577.42,458.53,10.148,-5.476,11.531
4677,155.9,577.73,456.62,10.761,-5.26,11.978
4678,155.933,578.06,456.6,11.268,-5.856,12.699
4679,155.967,578.3,457.64,11.652,-7.403,13.804
4680,156.0,578.48,458.12,11.891,-9.112,14.98
4681,156.033,578.65,458.02,11.983,-11.833,16.841
4682,156.067,578.82,456.39,11.921,-15.763,19.763
4683,156.1,581.69,475.07,11.63,-19.815,22.976
4684,156.133,581.99,473.6,11.086,-23.593,26.067
4685,156.167,582.47,472.61,10.225,-27.426,29.271
4686,156.2,583.07,472.14,9.094,-31.316,32.61
4687,156.233,580.71,451.12,7.776,-35.909,36.741
4688,156.267,581.23,450.74,6.375,-40.904,41.398
4689,156.3,581.71,450.01,5.018,-46.141,46.413
4690,156.333,582.04,448.64,3.781,-49.557,49.701
4691,156.367,582.32,446.82,2.688,-50.481,50.552
4692,156.4,582.5,446.18,1.774,-48.806,48.838
4693,156.433,582.58,445.69,1.033,-44.153,44.166
4694,156.467,582.63,445.52,0.54,-37.133,37.137
4695,156.5,582.67,444.21,0.384,-28.441,28.443
4696,156.533,582.6,445.48,0.691,-18.839,18.852
4697,156.567,582.46,446.59,1.51,-7.943,8.086
4698,156.6,582.41,446.48,2.887,5.116,5.875
4699,156.633,582.4,445.86,3.253,8.498,9.099
4700,156.667,582.57,445.98,3.435,9.007,9.64
4701,156.7,582.74,445.38,3.258,5.57,6.452
4702,156.733,582.94,444.45,2.509,-2.01,3.215
4703,156.767,583.15,444.59,2.813,-2.391,3.691
4704,156.8,583.3,446.23,3.078,-3.052,4.335
4705,156.833,583.41,446.65,3.226,-3.616,4.845
4706,156.867,583.52,446.28,3.22,-3.556,4.797
4707,156.9,583.62,445.89,3.044,-2.676,4.053
4708,156.933,583.81,445.26,2.728,-1.101,2.942
4709,156.967,583.9,444.25,2.29,0.565,2.359
4710,157.0,583.99,442.99,1.781,2.547,3.108
4711,157.033,583.95,443.39,1.215,4.948,5.095
4712,157.067,583.91,443.62,0.68,6.401,6.437
4713,157.1,583.88,444.08,0.249,6.749,6.754
4714,157.133,583.84,444.55,-0.094,6.562,6.563
4715,157.167,583.86,445.17,-0.299,6.093,6.1
4716,157.2,583.87,446.79,-0.415,5.718,5.733
4717,157.233,583.89,446.99,-0.446,5.596,5.613
4718,157.267,583.86,447.7,-0.406,6.414,6.427
4719,157.3,583.77,448.45,-0.34,7.69,7.697
4720,157.333,583.72,448.62,-0.23,7.988,7.991
4721,157.367,583.74,448.23,-0.095,7.964,7.965
4722,157.4,583.78,448.1,0.027,7.91,7.91
4723,157.433,583.8,447.07,0.146,7.798,7.799
4724,157.467,583.86,447.04,0.233,7.235,7.239
4725,157.5,583.89,446.04,0.309,6.424,6.431
4726,157.533,583.9,446.12,0.349,5.921,5.931
4727,157.567,583.88,446.77,0.404,5.291,5.306
4728,157.6,583.87,447.66,0.473,4.743,4.766
4729,157.633,583.94,448.61,0.524,4.669,4.698
4730,157.667,583.97,450.11,0.567,5.038,5.07
4731,157.7,583.97,450.33,0.561,5.834,5.861
4732,157.733,583.98,450.96,0.565,5.29,5.32
4733,157.767,583.95,450.69,0.566,3.862,3.903
4734,157.8,583.95,450.21,0.583,1.176,1.313
4735,157.833,583.91,450.63,0.647,-2.37,2.456
4736,157.867,583.93,450.11,0.726,-6.086,6.129
4737,157.9,584.03,449.2,0.763,-9.219,9.25
4738,157.933,584.13,447.91,0.748,-11.587,11.611
4739,157.967,584.16,447.6,0.668,-12.516,12.533
4740,158.0,584.17,447.79,0.545,-12.656,12.668
4741,158.033,584.17,448.02,0.419,-11.35,11.357
4742,158.067,584.16,448.16,0.288,-9.124,9.128
4743,158.1,584.13,448.29,0.177,-6.089,6.092
4744,158.133,584.16,447.33,0.066,-2.274,2.275
4745,158.167,584.21,446.01,-0.084,1.66,1.662
4746,158.2,584.3,443.92,-0.251,4.676,4.682
4747,158.233,584.28,444.04,-0.226,6.898,6.902
4748,158.267,584.23,444.87,0.048,7.971,7.972
4749,158.3,584.14,446.77,0.179,8.114,8.116
4750,158.333,584.03,448.48,0.201,7.906,7.908
4751,158.367,583.95,449.77,0.05,7.017,7.017
4752,158.4,583.94,450.39,-0.512,5.931,5.953
4753,158.433,583.95,450.47,-1.591,4.586,4.854
4754,158.467,584.03,450.03,-2.463,3.29,4.109
4755,158.5,584.05,450.04,-3.051,1.9,3.594
4756,158.533,584.01,449.82,-3.377,0.155,3.38
4757,158.567,583.99,449.87,-3.507,-1.79,3.938
4758,158.6,583.94,449.37,-3.434,-3.972,5.251
4759,158.633,583.95,447.87,-3.155,-6.675,7.383
4760,158.667,583.98,446.69,-2.739,-8.901,9.313
4761,158.7,584.01,446.22,-2.245,-9.865,10.117
4762,158.733,583.52,446.3,-1.69,-9.259,9.412
4763,158.767,582.6,446.6,-1.08,-7.763,7.838
4764,158.8,582.36,447.45,-0.429,-5.728,5.744
4765,158.833,582.03,447.6,0.224,-3.683,3.69
4766,158.867,581.93,447.38,0.903,-2.299,2.47
4767,158.9,582.57,446.72,1.574,-1.27,2.022
4768,158.933,583.9,446.65,2.167,-0.023,2.168
4769,158.967,584.03,446.89,2.666,1.813,3.224
4770,159.0,584.01,446.99,3.054,3.486,4.634
4771,159.033,583.98,447.33,3.303,4.769,5.802
4772,159.067,584.05,447.28,3.422,5.767,6.706
4773,159.1,584.08,447.3,3.375,5.937,6.829
4774,159.133,584.07,448.01,3.179,5.21,6.103
4775,159.167,584.1,448.05,2.779,4.475,5.268
4776,159.2,584.17,447.15,2.129,3.974,4.508
4777,159.233,584.13,447.22,1.196,3.71,3.898
4778,159.267,584.09,447.4,0.279,3.353,3.365
4779,159.3,584.04,447.9,-0.281,2.524,2.539
4780,159.333,584.05,448.17,-0.639,0.783,1.011
4781,159.367,584.03,449.64,-0.636,-1.561,1.686
4782,159.4,584.03,450.55,-0.278,-4.056,4.065
4783,159.433,584.1,450.25,0.106,-5.48,5.481
4784,159.467,584.2,448.7,0.04,-5.991,5.991
4785,159.5,584.18,448.62,4.039,0.561,4.078
4786,159.533,584.2,448.35,5.466,7.365,9.171
4787,159.567,584.2,447.69,4.825,14.192,14.99
4788,159.6,584.22,447.57,2.641,20.562,20.731
4789,159.633,584.19,448.23,-0.523,26.142,26.147
4790,159.667,584.16,448.65,-4.148,30.166,30.45
4791,159.7,584.14,449.05,-7.961,32.738,33.692
4792,159.733,584.11,449.29,-11.743,33.828,35.808
4793,159.767,584.02,450.02,-15.192,34.325,37.536
4794,159.8,583.98,451.84,-18.008,34.3,38.74
4795,159.833,583.95,454.71,-20.055,34.094,39.555
4796,159.867,583.94,458.65,-21.533,34.018,40.26
4797,159.9,584.0,463.49,-22.254,33.35,40.094
4798,159.933,584.07,467.64,-22.426,40.696,46.466
4799,159.967,584.08,472.79,-21.12,42.908,47.824
4800,160.0,572.73,461.78,-18.609,31.903,36.933
4801,160.033,573.48,461.49,-15.392,32.337,35.813
4802,160.067,574.48,460.54,-11.349,29.378,31.494
4803,160.1,575.49,460.24,-6.917,24.054,25.028
4804,160.133,576.36,460.28,-2.36,16.979,17.142
4805,160.167,576.98,461.07,2.394,8.269,8.608
4806,160.2,577.66,462.46,7.156,-1.184,7.253
4807,160.233,578.41,466.05,12.313,-10.354,16.088
4808,160.267,579.14,468.06,17.266,-18.248,25.122
4809,160.3,579.59,470.36,21.498,-24.586,32.659
4810,160.333,580.0,471.88,25.006,-29.321,38.536
4811,160.367,581.06,472.78,27.609,-33.143,43.136
4812,160.4,582.11,473.33,29.0,-36.421,46.556
4813,160.433,584.03,449.52,28.944,-40.068,49.429
4814,160.467,583.94,449.28,26.936,-44.532,52.045
4815,160.5,583.85,475.5,22.278,-51.522,56.132
4816,160.533,584.58,449.03,21.449,-52.881,57.065
4817,160.567,584.72,448.39,19.779,-52.315,55.929
4818,160.6,585.47,447.76,17.156,-49.869,52.738
4819,160.633,586.62,447.16,13.764,-46.051,48.064
4820,160.667,587.51,447.28,9.82,-40.547,41.72
4821,160.7,588.56,447.58,5.646,-33.603,34.074
4822,160.733,588.17,447.47,1.438,-25.833,25.873
4823,160.767,588.2,447.02,-2.691,-17.796,17.999
4824,160.8,588.83,446.96,-6.588,-9.638,11.675
4825,160.833,588.86,446.78,-9.949,-2.442,10.245
4826,160.867,588.46,447.55,-12.549,2.344,12.766
4827,160.9,587.75,447.81,-14.565,4.014,15.108
4828,160.933,586.32,447.73,-15.998,1.478,16.066
4829,160.967,584.67,447.21,-17.425,8.171,19.245
4830,161.0,583.49,446.54,-17.981,15.193,23.54
4831,161.033,582.37,445.71,-17.248,7.353,18.75
4832,161.067,582.01,444.53,-15.959,8.654,18.155
4833,161.1,582.01,444.48,-14.196,9.209,16.921
4834,161.133,581.98,445.85,-12.038,9.162,15.128
4835,161.167,581.99,447.2,-9.558,9.055,13.166
4836,161.2,581.98,448.86,-7.218,8.722,11.321
4837,161.233,581.92,451.45,-5.299,8.034,9.624
4838,161.267,581.94,451.78,-3.193,7.098,7.783
4839,161.3,581.98,451.49,-1.168,6.321,6.428
4840,161.333,582.03,450.4,0.231,5.594,5.599
4841,161.367,582.09,450.3,1.082,4.608,4.733
4842,161.4,582.1,449.73,1.619,3.065,3.467
4843,161.433,582.08,449.22,1.633,0.862,1.847
4844,161.467,582.04,448.92,1.037,-1.873,2.141
4845,161.5,581.98,449.61,0.223,-4.532,4.538
4846,161.533,581.12,448.45,-0.064,-6.59,6.59
4847,161.567,580.83,447.63,0.128,-7.667,7.668
4848,161.6,581.41,448.14,0.155,-7.297,7.299
4849,161.633,581.74,448.96,-0.131,-5.71,5.711
4850,161.667,581.41,449.15,-0.526,-3.701,3.738
4851,161.7,581.75,449.11,-1.178,-1.822,2.17
4852,161.733,582.03,449.01,-1.866,-0.44,1.917
4853,161.767,582.11,449.0,-2.414,-0.311,2.434
4854,161.8,582.11,448.51,-3.08,-0.64,3.146
4855,161.833,582.14,447.76,-3.692,-1.173,3.873
4856,161.867,581.95,447.82,-4.084,-1.594,4.384
4857,161.9,581.07,447.53,-4.342,-2.397,4.959
4858,161.933,580.43,447.86,-4.494,-3.15,5.488
4859,161.967,580.86,448.56,-4.461,-3.694,5.792
4860,162.0,581.47,448.91,-4.451,-3.877,5.903
4861,162.033,580.49,448.74,-4.492,-4.517,6.371
4862,162.067,579.62,448.33,-4.102,-4.533,6.113
4863,162.1,579.58,447.85,-3.335,-3.789,5.047
4864,162.133,579.76,447.16,-2.346,-3.1,3.888
4865,162.167,579.69,446.53,-1.28,-2.798,3.077
4866,162.2,580.08,446.7,-0.053,-2.639,2.639
4867,162.233,580.22,447.0,1.038,-1.994,2.248
4868,162.267,580.1,447.12,2.078,-0.473,2.131
4869,162.3,580.61,447.02,3.124,1.042,3.294
4870,162.333,580.9,446.75,4.128,2.539,4.847
4871,162.367,580.82,446.8,4.834,3.897,6.209
4872,162.4,580.83,447.27,5.04,4.566,6.801
4873,162.433,580.86,447.55,5.277,4.726,7.084
4874,162.467,580.65,447.76,5.766,4.195,7.13
4875,162.5,580.83,447.55,5.94,3.38,6.835
4876,162.533,581.18,447.96,5.424,2.477,5.963
4877,162.567,581.65,448.07,5.069,1.543,5.298
4878,162.6,582.13,448.03,5.099,0.787,5.159
4879,162.633,581.97,448.53,5.265,0.118,5.266
4880,162.667,581.97,449.34,5.392,-0.077,5.392
4881,162.7,582.43,450.23,5.604,0.54,5.63
4882,162.733,582.91,449.86,5.669,0.807,5.726
4883,162.767,583.06,447.91,5.516,0.902,5.589
4884,162.8,582.98,446.89,5.351,0.557,5.38
4885,162.833,582.72,446.02,4.835,-0.172,4.838
4886,162.867,582.67,445.79,4.034,-1.385,4.265
4887,162.9,583.19,446.28,3.299,-2.789,4.32
4888,162.933,583.58,447.32,2.683,-4.156,4.947
4889,162.967,583.56,448.78,2.243,-4.955,5.439
4890,163.0,583.59,449.11,1.91,-5.643,5.957
4891,163.033,583.91,448.98,1.477,-5.326,5.527
4892,163.067,584.08,448.94,0.948,-4.506,4.604
4893,163.1,584.07,448.57,0.591,-3.407,3.458
4894,163.133,583.91,448.43,0.388,-2.121,2.156
4895,163.167,583.84,447.7,0.704,-0.669,0.971
4896,163.2,583.7,446.0,1.499,0.307,1.53
4897,163.233,583.52,445.79,2.471,0.523,2.526
4898,163.267,583.66,444.94,3.506,0.177,3.511
4899,163.3,583.77,444.74,4.65,0.341,4.663
4900,163.333,584.07,444.95,5.876,0.739,5.922
4901,163.367,584.46,446.27,7.116,1.25,7.225
4902,163.4,584.58,447.56,8.425,2.228,8.715
4903,163.433,584.58,448.42,9.363,3.189,9.891
4904,163.467,584.43,448.33,10.014,3.41,10.579
4905,163.5,584.86,449.28,10.498,3.103,10.947
4906,163.533,585.75,448.76,10.795,2.349,11.048
4907,163.567,586.84,448.26,10.796,2.026,10.985
4908,163.6,587.38,448.17,10.514,1.632,10.64
4909,163.633,587.83,448.36,9.901,1.036,9.955
4910,163.667,588.07,447.72,9.075,0.358,9.082
4911,163.7,588.21,447.46,8.087,-0.666,8.114
4912,163.733,588.33,446.96,6.844,-1.748,7.064
4913,163.767,588.29,446.86,5.691,-2.454,6.198
4914,163.8,588.11,446.41,4.588,-2.417,5.186
4915,163.833,588.01,446.22,3.308,-1.642,3.693
4916,163.867,588.25,446.86,2.176,-0.693,2.284
4917,163.9,588.28,446.7,1.101,-0.418,1.177
4918,163.933,588.58,446.95,0.046,-1.086,1.087
4919,163.967,588.64,448.31,-0.57,-2.667,2.727
4920,164.0,588.73,448.5,-0.599,-4.239,4.281
4921,164.033,588.81,449.23,-0.378,-5.82,5.832
4922,164.067,588.71,448.18,-0.268,-6.194,6.2
4923,164.1,588.49,447.48,-0.292,-5.411,5.419
4924,164.133,588.47,447.06,-0.362,-4.093,4.109
4925,164.167,588.4,445.78,-0.511,-3.154,3.195
4926,164.2,588.23,445.47,-0.774,-2.209,2.341
4927,164.233,588.52,446.43,-1.078,-1.672,1.989
4928,164.267,588.4,445.72,-1.349,-1.231,1.826
4929,164.3,588.15,445.05,-1.539,-1.221,1.964
4930,164.333,588.62,443.9,-1.627,-0.937,1.878
4931,164.367,588.38,443.66,-1.584,-0.185,1.594
4932,164.4,588.18,444.23,-1.638,0.299,1.665
4933,164.433,588.45,445.52,-1.589,0.741,1.753
4934,164.467,588.14,447.54,-1.691,1.717,2.41
4935,164.5,587.82,449.18,-1.801,2.376,2.981
4936,164.533,587.77,449.86,-1.912,2.931,3.499
4937,164.567,588.03,448.87,-1.992,2.803,3.439
4938,164.6,587.9,447.25,-2.094,2.591,3.331
4939,164.633,587.81,445.73,-2.141,2.091,2.993
4940,164.667,587.71,445.3,-2.064,0.977,2.284
4941,164.7,587.78,444.77,-1.815,-0.231,1.829
4942,164.733,587.79,444.93,-1.379,-1.336,1.92
4943,164.767,587.61,445.02,-1.052,-3.379,3.539
4944,164.8,587.41,445.91,-0.642,-5.45,5.488
4945,164.833,587.36,446.15,-0.124,-7.141,7.142
4946,164.867,587.29,445.91,0.147,-7.911,7.912
4947,164.9,587.42,446.4,0.328,-7.763,7.77
4948,164.933,587.35,447.48,0.475,-6.628,6.645
4949,164.967,587.52,446.97,0.448,-5.663,5.681
4950,165.0,587.63,446.34,0.535,-5.052,5.08
4951,165.033,587.67,445.54,0.946,-5.532,5.612
4952,165.067,587.56,444.62,1.337,-6.55,6.685
4953,165.1,587.73,443.75,1.559,-7.268,7.433
4954,165.133,588.0,443.03,1.711,-7.231,7.431
4955,165.167,588.01,442.89,1.696,-5.946,6.183
4956,165.2,587.89,443.16,1.51,-4.089,4.359
4957,165.233,587.83,442.58,1.102,-2.524,2.754
4958,165.267,587.84,442.95,0.516,-1.051,1.171
4959,165.3,587.74,443.4,-0.021,0.192,0.193
4960,165.333,587.75,443.64,-0.442,1.233,1.31
4961,165.367,587.69,444.04,-0.742,2.336,2.451
4962,165.4,587.94,444.3,-0.936,3.793,3.907
4963,165.433,588.19,443.68,-1.028,5.124,5.226
4964,165.467,588.27,444.57,-0.962,6.03,6.107
4965,165.5,588.25,444.54,-0.76,6.449,6.494
4966,165.533,587.77,445.64,-0.58,6.504,6.53
4967,165.567,587.67,445.94,-0.443,6.147,6.163
4968,165.6,587.43,445.8,-0.221,5.584,5.588
4969,165.633,587.24,445.51,-0.07,4.862,4.862
4970,165.667,587.23,444.24,-0.155,4.062,4.065
4971,165.7,587.37,443.15,-0.27,3.173,3.184
4972,165.733,587.54,444.28,-0.362,2.636,2.661
4973,165.767,587.77,444.89,-0.573,3.042,3.095
4974,165.8,587.83,446.26,-0.909,3.919,4.023
4975,165.833,587.89,446.87,-1.21,5.333,5.469
4976,165.867,587.86,447.28,-1.36,6.563,6.702
4977,165.9,587.93,447.35,-1.354,7.506,7.627
4978,165.933,587.81,447.35,-1.45,8.071,8.2
4979,165.967,587.73,446.38,-1.647,8.963,9.113
4980,166.0,587.34,446.4,-1.863,8.935,9.127
4981,166.033,587.2,446.22,-2.181,8.721,8.989
4982,166.067,587.14,446.44,-2.268,7.74,8.066
4983,166.1,586.98,446.72,-2.358,6.228,6.66
4984,166.133,586.85,447.43,-2.408,3.828,4.522
4985,166.167,586.91,448.59,-2.272,1.516,2.731
4986,166.2,586.72,449.93,-1.946,-0.14,1.951
4987,166.233,586.53,450.14,-1.501,-0.291,1.529
4988,166.267,586.69,449.84,-0.96,-0.555,1.109
4989,166.3,586.93,449.37,-0.493,-0.701,0.857
4990,166.333,587.11,447.96,0.054,-0.926,0.928
4991,166.367,586.99,447.77,0.61,-1.68,1.788
4992,166.4,586.9,447.46,1.043,-2.52,2.727
4993,166.433,587.02,447.3,1.336,-3.447,3.697
4994,166.467,587.02,446.58,1.598,-4.473,4.75
4995,166.5,586.87,447.04,1.591,-4.428,4.706
4996,166.533,586.89,446.96,1.492,-3.919,4.194
4997,166.567,586.74,446.79,2.212,-2.95,3.687
4998,166.6,586.81,446.62,2.271,-1.762,2.874
4999,166.633,587.11,447.99,1.886,-0.516,1.955
5000,166.667,587.28,447.95,1.18,0.651,1.347
5001,166.7,587.35,448.24,0.184,1.007,1.023
5002,166.733,587.4,447.13,-0.902,0.173,0.918
5003,166.767,587.36,447.26,-1.943,-1.505,2.458
5004,166.8,587.49,447.3,-2.987,-4.007,4.998
5005,166.833,587.32,446.55,-4.054,-6.703,7.834
5006,166.867,587.1,447.14,-5.12,-8.499,9.922
5007,166.9,587.12,446.95,-6.02,-9.416,11.176
5008,166.933,586.96,447.01,-6.727,-9.633,11.749
5009,166.967,586.6,447.3,-7.289,-9.518,11.988
5010,167.0,586.63,446.2,-7.623,-9.292,12.019
5011,167.033,586.73,445.33,-7.584,-9.659,12.28
5012,167.067,584.22,444.57,-7.206,-10.394,12.648
5013,167.1,584.33,443.88,-6.431,-10.556,12.36
5014,167.133,584.39,443.42,-5.422,-9.706,11.118
5015,167.167,584.45,442.63,-4.403,-8.053,9.178
5016,167.2,584.48,442.58,-3.403,-5.404,6.386
5017,167.233,584.56,442.77,-2.433,-2.341,3.376
5018,167.267,584.65,443.22,-1.528,1.448,2.105
5019,167.3,584.68,444.58,-0.667,4.873,4.919
5020,167.333,584.71,445.44,0.036,7.487,7.487
5021,167.367,584.74,445.45,0.678,9.52,9.544
5022,167.4,584.81,444.28,1.216,10.349,10.42
5023,167.433,584.94,443.16,1.491,10.067,10.177
5024,167.467,585.04,442.38,1.538,8.665,8.8
5025,167.5,585.1,442.93,1.432,6.106,6.272
5026,167.533,585.06,444.48,0.973,3.323,3.462
5027,167.567,584.88,447.02,0.015,0.528,0.528
5028,167.6,584.69,448.5,0.048,-1.905,1.905
5029,167.633,584.58,449.4,0.083,-3.653,3.654
5030,167.667,584.58,448.45,0.114,-4.454,4.455
5031,167.7,584.64,447.14,0.155,-4.582,4.585
5032,167.733,584.74,445.59,0.229,-4.221,4.227
5033,167.767,584.86,443.95,0.288,-3.415,3.427
5034,167.8,584.95,442.87,0.313,-2.259,2.281
5035,167.833,584.97,442.42,0.342,-1.39,1.431
5036,167.867,584.94,442.38,0.38,-0.768,0.856
5037,167.9,584.98,442.43,0.395,-0.182,0.435
5038,167.933,585.01,443.2,0.386,1.13,1.194
5039,167.967,585.02,444.14,0.335,2.981,3.0
5040,168.0,585.03,445.17,0.212,5.622,5.625
5041,168.033,585.0,446.06,-0.003,8.665,8.665
5042,168.067,584.98,446.97,-0.248,11.507,11.509
5043,168.1,584.9,447.5,-0.424,12.881,12.888
5044,168.133,584.86,447.56,-0.531,13.099,13.11
5045,168.167,584.87,446.79,-0.572,11.895,11.909
5046,168.2,584.85,447.05,-0.55,9.907,9.923
5047,168.233,584.8,447.33,-0.45,6.957,6.971
5048,168.267,584.8,447.58,-0.35,4.21,4.225
5049,168.3,584.82,447.72,-0.237,1.664,1.681
5050,168.333,584.8,447.86,-0.575,-0.343,0.67
5051,168.367,584.79,447.75,-1.084,-2.047,2.316
5052,168.4,584.85,447.61,-1.5,-3.196,3.531
5053,168.433,584.89,447.03,-1.85,-3.852,4.274
5054,168.467,584.87,447.32,-1.96,-4.294,4.72
5055,168.5,584.87,447.47,-1.48,-4.718,4.945
5056,168.533,584.89,447.32,-0.224,-4.649,4.655
5057,168.567,584.88,446.93,1.694,-4.41,4.724
5058,168.6,584.82,447.22,3.994,-4.043,5.684
5059,168.633,584.84,446.72,6.288,-3.204,7.057
5060,168.667,584.92,446.29,8.334,-1.756,8.517
5061,168.7,584.96,445.92,10.316,0.558,10.331
5062,168.733,584.91,446.81,12.138,2.985,12.5
5063,168.767,584.97,446.17,13.832,4.957,14.693
5064,168.8,584.95,446.35,15.089,6.321,16.36
5065,168.833,586.15,446.13,15.797,6.854,17.219
5066,168.867,587.31,446.47,16.011,6.282,17.2
5067,168.9,588.34,446.42,15.798,5.123,16.608
5068,168.933,589.68,446.85,15.085,3.579,15.504
5069,168.967,590.94,447.56,13.796,1.951,13.934
5070,169.0,591.52,448.82,12.192,-0.032,12.192
5071,169.033,591.32,448.91,10.217,-2.734,10.577
5072,169.067,590.85,449.51,7.811,-5.344,9.464
5073,169.1,590.39,449.84,5.168,-7.927,9.462
5074,169.133,590.43,449.22,2.41,-10.345,10.622
5075,169.167,590.87,447.98,0.133,-11.838,11.839
5076,169.2,590.72,446.46,-1.848,-12.775,12.908
5077,169.233,590.53,444.95,-3.384,-12.88,13.318
5078,169.267,590.02,444.1,-4.338,-12.75,13.468
5079,169.3,589.88,443.29,-4.626,-12.007,12.868
5080,169.333,589.91,442.98,-4.487,-10.693,11.597
5081,169.367,589.85,443.49,-4.014,-9.121,9.965
5082,169.4,589.64,443.49,-3.429,-7.182,7.959
5083,169.433,589.47,443.31,-3.024,-4.563,5.474
5084,169.467,589.57,443.26,-2.984,-2.168,3.689
5085,169.5,589.28,443.16,-3.634,0.392,3.655
5086,169.533,589.16,444.29,-4.742,2.43,5.329
5087,169.567,589.39,444.41,-6.107,4.293,7.465
5088,169.6,589.6,445.34,-7.232,5.55,9.117
5089,169.633,590.01,445.6,-8.18,5.626,9.928
5090,169.667,589.26,444.99,-9.192,5.134,10.529
5091,169.7,588.83,445.21,-10.191,4.605,11.183
5092,169.733,588.22,445.03,-10.968,4.473,11.846
5093,169.767,587.51,444.6,-11.469,5.029,12.523
5094,169.8,586.66,444.82,-11.519,6.068,13.02
5095,169.833,586.78,444.4,-11.203,8.168,13.865
5096,169.867,586.02,445.2,-10.61,11.024,15.3
5097,169.9,585.38,445.43,-9.901,13.116,16.433
5098,169.933,585.24,445.3,-8.747,14.455,16.896
5099,169.967,584.88,446.73,-7.351,15.053,16.752
5100,170.0,584.83,447.02,-5.829,15.051,16.141
5101,170.033,584.66,447.59,-4.297,14.606,15.224
5102,170.067,584.87,448.08,-2.743,13.723,13.995
5103,170.1,584.57,448.48,-1.706,13.424,13.532
5104,170.133,584.68,449.97,-1.073,13.27,13.313
5105,170.167,585.15,451.13,-0.944,12.946,12.98
5106,170.2,585.1,451.98,-0.9,12.847,12.879
5107,170.233,585.08,452.49,-1.145,12.488,12.541
5108,170.267,584.98,452.7,-1.49,11.771,11.865
5109,170.3,584.96,452.87,-1.82,11.45,11.594
5110,170.333,584.83,451.55,-1.985,10.869,11.049
5111,170.367,584.61,449.67,-2.492,10.286,10.583
5112,170.4,584.75,449.64,-2.818,9.34,9.756
5113,170.433,584.26,450.15,-2.967,8.581,9.08
5114,170.467,583.98,451.35,-3.142,8.633,9.187
5115,170.5,583.45,452.89,-3.276,8.545,9.151
5116,170.533,583.4,455.06,-3.033,9.167,9.655
5117,170.567,583.14,456.42,-3.139,10.735,11.185
5118,170.6,583.62,456.38,-3.681,11.953,12.507
5119,170.633,583.8,455.71,-4.238,12.898,13.577
5120,170.667,583.62,455.62,-4.798,12.995,13.852
5121,170.7,583.5,455.41,-5.479,12.659,13.794
5122,170.733,583.51,455.31,-6.094,11.825,13.303
5123,170.767,583.35,455.92,-6.636,10.439,12.369
5124,170.8,583.08,455.39,-7.115,8.609,11.169
5125,170.833,582.79,455.71,-7.582,6.329,9.876
5126,170.867,582.58,456.66,-8.014,4.07,8.988
5127,170.9,582.12,457.73,-8.339,3.057,8.882
5128,170.933,581.69,458.52,-8.714,2.82,9.159
5129,170.967,581.27,458.65,-8.837,3.495,9.503
5130,171.0,580.99,459.15,-8.737,4.585,9.867
5131,171.033,579.53,458.65,-8.17,5.807,10.024
5132,171.067,579.67,456.64,-7.338,5.895,9.412
5133,171.1,579.93,457.04,-6.079,5.442,8.159
5134,171.133,580.16,457.69,-4.785,4.979,6.906
5135,171.167,580.21,458.59,-3.457,4.961,6.047
5136,171.2,580.08,458.6,-2.004,5.085,5.466
5137,171.233,579.97,458.6,-0.6,5.06,5.095
5138,171.267,579.82,458.72,0.577,5.13,5.162
5139,171.3,579.75,458.74,1.543,4.83,5.07
5140,171.333,579.74,458.73,2.282,4.484,5.031
5141,171.367,579.83,459.8,2.813,4.161,5.023
5142,171.4,579.96,460.14,3.109,4.031,5.091
5143,171.433,580.07,460.52,3.252,3.79,4.994
5144,171.467,580.25,460.29,3.188,2.96,4.35
5145,171.5,580.47,460.19,2.903,1.904,3.471
5146,171.533,580.61,459.79,2.414,1.091,2.649
5147,171.567,580.8,460.84,2.392,0.351,2.417
5148,171.6,580.91,460.79,2.222,0.503,2.278
5149,171.633,580.93,460.55,1.866,0.71,1.996
5150,171.667,580.88,459.89,1.33,1.023,1.678
5151,171.7,580.73,459.23,0.686,1.17,1.357
5152,171.733,580.73,459.41,0.038,1.496,1.496
5153,171.767,580.79,459.23,-0.499,2.712,2.757
5154,171.8,580.83,459.43,-0.811,5.016,5.081
5155,171.833,580.92,460.61,-0.944,8.106,8.161
5156,171.867,580.91,461.55,-0.903,12.048,12.081
5157,171.9,580.75,461.49,-0.828,15.339,15.361
5158,171.933,580.55,461.45,-0.833,17.312,17.332
5159,171.967,580.43,462.38,-0.908,17.89,17.913
5160,172.0,580.41,463.31,-1.108,17.19,17.226
5161,172.033,580.26,462.56,-1.348,15.898,15.955
5162,172.067,580.26,462.87,-1.518,14.688,14.766
5163,172.1,580.39,463.8,-1.568,13.684,13.774
5164,172.133,580.47,464.97,-1.525,12.958,13.048
5165,172.167,580.53,465.96,-1.496,11.657,11.753
5166,172.2,580.6,467.23,-1.555,9.371,9.499
5167,172.233,580.69,468.81,-1.604,6.811,6.997
5168,172.267,580.59,468.94,-1.509,3.538,3.846
5169,172.3,580.31,467.89,-0.699,0.41,0.81
5170,172.333,580.02,466.7,-0.606,-1.895,1.99
5171,172.367,579.63,464.45,-1.02,-3.205,3.364
5172,172.4,579.41,463.17,-1.82,-4.682,5.023
5173,172.433,579.41,463.6,-2.719,-5.578,6.205
5174,172.467,579.5,464.39,-3.739,-6.394,7.407
5175,172.5,579.79,466.25,-4.593,-6.614,8.053
5176,172.533,579.93,467.3,-5.525,-7.208,9.082
5177,172.567,579.92,467.6,-6.587,-7.692,10.127
5178,172.6,579.59,465.52,-7.682,-7.957,11.06
5179,172.633,579.18,463.04,-8.708,-7.759,11.663
5180,172.667,578.92,461.99,-9.844,-7.649,12.466
5181,172.7,578.88,462.77,-10.811,-6.974,12.866
5182,172.733,578.81,463.14,-11.513,-6.37,13.158
5183,172.767,578.25,464.62,-11.905,-5.775,13.231
5184,172.8,575.78,465.67,-11.948,-5.402,13.112
5185,172.833,575.96,465.43,-11.572,-4.61,12.457
5186,172.867,575.9,463.23,-10.803,-2.98,11.206
5187,172.9,575.84,462.95,-9.764,-0.444,9.775
5188,172.933,575.46,461.99,-8.594,2.064,8.839
5189,172.967,575.32,462.46,-7.259,4.23,8.401
5190,173.0,574.58,460.82,-5.909,5.655,8.179
5191,173.033,574.25,460.82,-4.931,5.177,7.15
5192,173.067,574.42,462.25,-4.134,3.913,5.692
5193,173.1,574.54,463.58,-3.447,2.377,4.187
5194,173.133,574.49,464.17,-2.818,1.85,3.371
5195,173.167,575.05,465.81,-2.217,1.821,2.869
5196,173.2,575.27,466.06,-1.579,2.571,3.017
5197,173.233,575.3,466.79,-1.355,2.888,3.19
5198,173.267,575.07,465.89,-1.538,3.391,3.724
5199,173.3,574.74,465.7,-1.954,2.664,3.304
5200,173.333,574.3,464.83,-1.534,0.905,1.782
5201,173.367,573.78,462.68,-1.312,-1.062,1.688
5202,173.4,573.61,461.4,-1.233,-2.883,3.136
5203,173.433,573.73,461.98,-0.745,-4.342,4.406
5204,173.467,573.59,462.17,0.209,-4.599,4.603
5205,173.5,573.6,462.94,1.411,-5.163,5.352
5206,173.533,574.19,465.19,3.203,-4.08,5.187
5207,173.567,574.47,465.57,5.176,-2.731,5.852
5208,173.6,574.59,464.74,7.015,-1.928,7.275
5209,173.633,574.81,463.02,8.383,-1.27,8.479
5210,173.667,575.04,463.53,9.172,-1.199,9.25
5211,173.7,574.87,462.97,9.377,-1.223,9.456
5212,173.733,575.25,463.29,8.825,-1.594,8.968
5213,173.767,575.48,462.46,7.59,-2.828,8.099
5214,173.8,575.73,463.07,5.87,-4.291,7.272
5215,173.833,576.32,463.23,3.682,-6.527,7.494
5216,173.867,577.1,462.48,1.306,-9.101,9.194
5217,173.9,578.16,463.59,-1.062,-10.748,10.8
5218,173.933,577.96,463.16,-3.147,-11.3,11.73
5219,173.967,577.59,461.52,-4.78,-11.425,12.384
5220,174.0,577.09,461.62,-5.69,-10.354,11.815
5221,174.033,576.17,459.93,-5.901,-8.583,10.416
5222,174.067,575.49,459.96,-5.716,-7.611,9.518
5223,174.1,574.71,460.57,-5.104,-6.653,8.386
5224,174.133,574.44,460.13,-3.997,-4.881,6.309
5225,174.167,574.65,461.28,-2.534,-2.185,3.346
5226,174.2,574.19,459.81,-0.802,0.269,0.846
5227,174.233,574.22,459.3,1.401,3.095,3.397
5228,174.267,574.34,458.94,3.768,5.706,6.838
5229,174.3,574.49,458.76,6.096,7.695,9.817
5230,174.333,575.08,459.39,8.266,8.06,11.545
5231,174.367,575.78,460.43,10.136,7.798,12.788
5232,174.4,576.85,461.25,11.448,7.76,13.831
5233,174.433,577.63,462.16,11.709,6.449,13.367
5234,174.467,578.05,463.29,11.372,4.959,12.406
5235,174.5,578.25,463.16,10.509,4.275,11.345
5236,174.533,578.44,463.04,9.133,3.178,9.67
5237,174.567,578.55,463.75,7.548,2.581,7.977
5238,174.6,578.68,463.8,5.864,2.165,6.251
5239,174.633,578.65,462.72,4.328,1.299,4.519
5240,174.667,578.66,462.22,2.946,0.732,3.036
5241,174.7,578.64,461.86,1.59,-0.035,1.591
5242,174.733,578.48,460.77,0.715,0.553,0.904
5243,174.767,578.23,459.41,0.13,1.479,1.484
5244,174.8,578.34,460.05,-0.151,2.67,2.674
5245,174.833,578.63,462.09,0.003,4.392,4.392
5246,174.867,578.69,462.82,0.315,5.639,5.647
5247,174.9,578.67,462.74,0.637,5.453,5.49
5248,174.933,578.79,463.85,0.786,4.635,4.702
5249,174.967,578.81,464.01,0.835,3.824,3.914
5250,175.0,578.75,463.35,0.915,3.305,3.429
5251,175.033,578.84,463.6,1.018,3.126,3.288
5252,175.067,579.02,464.19,1.055,2.753,2.948
5253,175.1,579.13,464.21,1.069,2.009,2.276
5254,175.133,579.27,464.94,0.917,0.363,0.987
5255,175.167,579.27,465.22,0.664,-1.502,1.642
5256,175.2,579.17,464.58,0.364,-3.281,3.301
5257,175.233,578.91,462.65,0.01,-5.199,5.199
5258,175.267,578.81,461.86,-0.335,-6.784,6.792
5259,175.3,578.79,461.23,-0.568,-7.698,7.719
5260,175.333,578.64,459.93,-0.807,-8.291,8.331
5261,175.367,578.7,460.02,-1.097,-8.932,9.0
5262,175.4,579.0,462.35,-1.35,-9.319,9.417
5263,175.433,579.19,464.0,-1.411,-8.316,8.434
5264,175.467,579.2,464.29,-1.36,-7.051,7.181
5265,175.5,579.0,462.89,-1.194,-5.044,5.184
5266,175.533,578.84,461.69,-1.028,-3.384,3.537
5267,175.567,578.74,461.29,-0.897,-2.605,2.755
5268,175.6,578.53,459.93,-0.786,-1.986,2.136
5269,175.633,578.52,459.91,-0.803,-2.367,2.5
5270,175.667,578.53,459.97,-0.911,-3.288,3.412
5271,175.7,578.41,459.24,-0.91,-3.187,3.314
5272,175.733,578.35,459.1,-0.895,-3.298,3.417
5273,175.767,578.37,459.4,-0.792,-2.576,2.695
5274,175.8,578.47,460.63,-0.713,-2.361,2.466
5275,175.833,578.62,461.72,-0.635,-2.549,2.627
5276,175.867,578.7,462.08,-0.481,-2.517,2.562
5277,175.9,578.8,462.67,-0.371,-2.814,2.839
5278,175.933,578.66,461.26,-0.368,-3.693,3.711
5279,175.967,578.45,460.1,-0.294,-3.47,3.482
5280,176.0,578.21,457.7,-0.161,-2.658,2.663
5281,176.033,578.31,458.19,0.121,-0.477,0.492
5282,176.067,578.41,459.63,0.547,2.806,2.858
5283,176.1,578.38,459.29,1.019,6.231,6.314
5284,176.133,578.6,461.55,1.458,8.746,8.866
5285,176.167,578.72,462.5,1.654,8.868,9.021
5286,176.2,578.43,459.44,1.531,6.136,6.324
5287,176.233,578.35,458.8,1.298,2.567,2.877
5288,176.267,578.31,457.26,1.023,-1.196,1.573
5289,176.3,578.46,457.97,0.758,-4.397,4.462
5290,176.333,578.58,459.28,0.52,-6.859,6.878
5291,176.367,578.79,461.37,0.311,-8.243,8.249
5292,176.4,579.19,464.89,0.083,-9.263,9.263
5293,176.433,579.52,467.25,-0.23,-10.542,10.544
5294,176.467,579.41,465.2,-0.448,-10.529,10.538
5295,176.5,579.29,463.46,-0.539,-9.588,9.603
5296,176.533,579.03,460.31,-0.521,-7.326,7.344
5297,176.567,578.6,456.21,-0.455,-4.222,4.247
5298,176.6,578.13,451.84,-0.409,-1.296,1.359
5299,176.633,577.88,450.2,-0.34,1.771,1.804
5300,176.667,577.93,451.37,-0.387,3.238,3.261
5301,176.7,578.27,455.43,-0.488,3.437,3.472
5302,176.733,578.52,458.41,-0.337,5.298,5.309
5303,176.767,578.76,461.29,-0.043,7.484,7.485
5304,176.8,578.93,463.22,0.346,10.402,10.408
5305,176.833,579.0,463.83,0.811,13.891,13.915
5306,176.867,578.94,462.75,1.253,16.971,17.017
5307,176.9,578.94,462.84,1.579,18.623,18.69
5308,176.933,578.99,463.48,1.605,17.35,17.424
5309,176.967,578.87,462.49,1.333,13.355,13.421
5310,177.0,578.77,461.92,0.938,8.67,8.721
5311,177.033,578.83,462.49,0.417,3.193,3.221
5312,177.067,578.75,461.54,-0.115,-2.079,2.082
5313,177.1,578.76,460.94,-0.494,-5.756,5.777
5314,177.133,578.85,461.03,-0.61,-6.591,6.619
5315,177.167,578.99,461.93,-0.411,-4.894,4.911
5316,177.2,579.08,462.84,-0.024,-1.534,1.534
5317,177.233,578.93,461.83,0.37,1.83,1.867
5318,177.267,578.86,461.78,0.81,5.454,5.514
5319,177.3,578.89,462.57,1.246,8.929,9.016
5320,177.333,578.75,461.77,1.65,12.024,12.137
5321,177.367,578.76,461.86,1.983,14.632,14.765
5322,177.4,578.86,462.71,2.257,17.148,17.296
5323,177.433,579.06,464.2,2.415,18.494,18.651
5324,177.467,579.18,464.87,2.33,17.898,18.049
5325,177.5,579.27,464.99,2.069,15.949,16.083
5326,177.533,579.41,465.38,1.509,12.736,12.825
5327,177.567,579.51,465.99,0.706,7.971,8.002
5328,177.6,579.58,466.42,-0.04,2.818,2.818
5329,177.633,579.69,466.9,-0.645,-2.35,2.437
5330,177.667,579.68,467.5,-1.349,-7.072,7.2
5331,177.7,579.7,468.05,-2.305,-11.503,11.731
5332,177.733,579.76,468.62,-2.594,-14.954,15.177
5333,177.767,579.68,468.21,-2.143,-16.015,16.158
5334,177.8,579.53,466.86,-0.978,-15.929,15.959
5335,177.833,579.3,464.81,0.74,-15.79,15.808
5336,177.867,579.08,462.58,3.074,-14.987,15.299
5337,177.9,578.87,460.32,5.443,-14.111,15.125
5338,177.933,578.66,458.84,7.496,-12.514,14.587
5339,177.967,578.65,458.17,9.093,-11.101,14.35
5340,178.0,578.78,458.37,10.458,-9.102,13.864
5341,178.033,579.45,459.14,11.752,-5.524,12.986
5342,178.067,580.22,460.35,12.608,-1.32,12.677
5343,178.1,580.78,461.74,12.923,2.635,13.189
5344,178.133,581.28,463.49,12.618,5.609,13.809
5345,178.167,582.46,464.65,11.842,6.93,13.721
5346,178.2,584.43,465.74,10.629,6.702,12.566
5347,178.233,584.69,464.97,8.888,4.41,9.922
5348,178.267,584.76,462.3,6.559,0.957,6.629
5349,178.3,584.47,460.72,4.191,-3.202,5.275
5350,178.333,583.95,460.27,1.496,-7.422,7.571
5351,178.367,582.9,460.45,-1.367,-11.663,11.742
5352,178.4,582.48,462.01,-4.464,-14.946,15.599
5353,178.433,582.58,461.85,-7.227,-16.969,18.444
5354,178.467,582.87,462.74,-9.015,-17.735,19.895
5355,178.5,582.69,462.46,-9.692,-16.652,19.267
5356,178.533,581.9,459.64,-9.751,-14.329,17.332
5357,178.567,581.55,457.26,-9.405,-11.366,14.753
5358,178.6,581.34,455.44,-8.75,-8.477,12.183
5359,178.633,581.35,454.79,-7.734,-6.074,9.834
5360,178.667,581.01,455.59,-6.242,-3.576,7.194
5361,178.7,580.66,456.32,-4.996,-1.272,5.156
5362,178.733,580.55,458.56,-3.877,0.504,3.909
5363,178.767,580.72,459.0,-2.982,1.84,3.504
5364,178.8,579.91,459.09,-2.384,3.669,4.375
5365,178.833,579.9,458.64,-1.982,5.825,6.153
5366,178.867,580.05,459.34,-1.715,7.457,7.652
5367,178.9,581.0,459.09,-0.736,8.257,8.29
5368,178.933,581.49,459.21,0.813,7.725,7.768
5369,178.967,580.96,459.73,1.841,6.677,6.926
5370,179.0,579.92,458.76,1.276,-6.903,7.02
5371,179.033,579.85,458.18,1.155,-3.596,3.777
5372,179.067,579.85,458.18,0.146,-1.077,1.087
5373,179.1,579.97,459.22,-1.519,0.455,1.586
5374,179.133,580.23,461.02,-3.383,1.263,3.611
5375,179.167,580.33,460.56,-5.62,1.608,5.846
5376,179.2,581.22,459.91,-7.741,1.987,7.992
5377,179.233,580.2,458.5,-9.031,2.854,9.471
5378,179.267,580.12,457.71,-9.618,3.391,10.199
5379,179.3,580.08,457.03,-9.683,4.631,10.733
5380,179.333,580.02,456.23,-8.748,4.794,9.976
5381,179.367,580.08,456.55,-7.004,4.229,8.182
5382,179.4,578.84,457.27,-4.559,2.215,5.069
5383,179.433,576.78,457.42,-2.457,-0.048,2.458
5384,179.467,576.01,456.98,-1.435,-3.054,3.375
5385,179.5,577.58,487.65,-0.891,-6.615,6.675
5386,179.533,575.15,455.28,-0.104,-9.579,9.579
5387,179.567,576.18,454.37,0.695,-11.746,11.767
5388,179.6,577.26,455.01,1.318,-13.719,13.782
5389,179.633,577.89,456.63,1.411,-15.209,15.274
5390,179.667,579.18,458.53,1.057,-16.598,16.631
5391,179.7,580.39,458.84,0.691,-17.121,17.135
5392,179.733,580.39,458.09,-0.19,-17.315,17.316
5393,179.767,580.36,456.46,-0.586,-16.526,16.536
5394,179.8,580.16,452.73,-0.609,-14.125,14.138
5395,179.833,579.78,452.37,-0.489,-10.625,10.636
5396,179.867,578.8,452.31,-0.617,-5.938,5.97
5397,179.9,577.19,453.29,-1.386,-0.559,1.495
5398,179.933,576.08,453.16,-1.819,5.12,5.433
5399,179.967,576.54,454.3,-1.183,11.116,11.178
5400,180.0,577.03,455.21,0.233,17.923,17.924
5401,180.033,577.04,455.76,1.188,6.812,6.915
5402,180.067,576.86,456.22,3.7,7.923,8.745
5403,180.1,577.08,458.14,6.28,9.616,11.485
5404,180.133,578.23,458.7,8.687,11.229,14.197
5405,180.167,579.51,458.36,11.322,11.949,16.461
5406,180.2,580.2,457.73,13.665,11.033,17.563
5407,180.233,580.96,458.38,14.278,8.863,16.806
5408,180.267,581.46,458.95,13.777,6.33,15.161
5409,180.3,581.2,457.77,11.835,3.56,12.359
5410,180.333,580.86,457.42,9.423,2.743,9.814
5411,180.367,581.01,457.29,6.578,2.693,7.108
5412,180.4,581.74,457.23,3.56,3.302,4.856
5413,180.433,581.87,457.42,0.749,3.844,3.916
5414,180.467,581.89,458.17,-0.688,4.642,4.692
5415,180.5,581.84,458.85,-1.897,4.793,5.155
5416,180.533,581.83,459.8,-3.022,4.627,5.527
5417,180.567,581.71,459.12,-3.798,3.663,5.277
5418,180.6,581.7,459.23,-3.892,3.204,5.041
5419,180.633,581.69,459.24,-3.699,2.397,4.407
5420,180.667,580.64,459.37,-3.16,1.689,3.583
5421,180.7,578.91,459.87,-2.395,1.238,2.696
5422,180.733,579.41,460.52,-1.531,0.747,1.703
5423,180.767,579.75,460.14,-0.816,-0.938,1.243
5424,180.8,581.22,460.69,-0.11,-3.716,3.717
5425,180.833,581.07,459.88,0.822,-6.765,6.815
5426,180.867,580.96,458.94,2.079,-9.309,9.538
5427,180.9,581.23,457.87,3.449,-11.005,11.533
5428,180.933,582.31,457.04,4.522,-11.681,12.526
5429,180.967,581.22,456.58,5.495,-10.976,12.275
5430,181.0,581.04,457.02,6.249,-9.872,11.684
5431,181.033,581.13,457.06,6.745,-8.288,10.686
5432,181.067,581.35,458.95,6.681,-7.002,9.678
5433,181.1,581.44,458.53,6.194,-5.103,8.025
5434,181.133,582.51,457.66,5.26,-3.376,6.25
5435,181.167,582.69,456.11,3.864,-2.096,4.396
5436,181.2,582.48,454.43,2.559,-1.288,2.865
5437,181.233,582.64,453.6,2.234,-0.689,2.338
5438,181.267,583.0,454.27,2.003,-0.645,2.105
5439,181.3,582.99,455.21,1.975,-0.653,2.08
5440,181.333,583.09,457.28,1.298,-1.622,2.077
5441,181.367,583.13,458.09,0.743,-2.395,2.508
5442,181.4,583.11,458.41,0.231,-3.241,3.25
5443,181.433,583.02,458.46,-0.388,-3.255,3.278
5444,181.467,582.68,457.2,-1.543,-2.394,2.848
5445,181.5,582.41,456.88,-2.066,-0.77,2.205
5446,181.533,582.07,455.84,-2.135,1.335,2.518
5447,181.567,582.27,455.46,-2.326,3.418,4.134
5448,181.6,582.33,454.41,-2.273,4.165,4.745
5449,181.633,582.36,454.18,-1.658,4.362,4.667
5450,181.667,582.4,454.81,-1.4,3.928,4.17
5451,181.7,582.63,455.79,-1.256,4.019,4.211
5452,181.733,582.47,455.91,-1.085,3.885,4.033
5453,181.767,582.36,456.31,-1.021,3.65,3.79
5454,181.8,582.09,456.52,-1.177,3.027,3.248
5455,181.833,582.15,457.75,-1.391,1.951,2.396
5456,181.867,581.94,457.94,-1.702,0.116,1.706
5457,181.9,582.02,459.24,-2.077,-2.13,2.976
5458,181.933,582.19,459.21,-2.457,-4.193,4.86
5459,181.967,582.23,458.93,-2.817,-5.629,6.295
5460,182.0,581.99,458.39,-3.05,-6.369,7.061
5461,182.033,581.46,456.91,-3.103,-6.719,7.401
5462,182.067,582.08,456.14,-2.912,-6.417,7.047
5463,182.1,582.01,455.4,-2.683,-5.629,6.236
5464,182.133,581.24,454.46,-2.37,-3.864,4.533
5465,182.167,581.01,454.16,-1.981,-1.375,2.411
5466,182.2,580.88,452.3,-1.519,1.802,2.357
5467,182.233,580.92,453.02,-1.179,5.174,5.306
5468,182.267,581.0,454.16,-0.78,9.296,9.329
5469,182.3,581.09,455.46,-0.332,13.968,13.972
5470,182.333,581.19,457.23,0.139,18.049,18.049
5471,182.367,581.3,458.53,0.555,21.094,21.101
5472,182.4,581.39,460.1,0.99,22.73,22.752
5473,182.433,581.38,460.74,1.276,21.989,22.026
5474,182.467,581.34,460.13,1.261,18.711,18.754
5475,182.5,581.39,460.43,1.025,13.81,13.848
5476,182.533,581.39,460.56,0.79,8.668,8.704
5477,182.567,581.49,461.02,0.841,4.452,4.531
5478,182.6,581.55,461.49,0.532,0.272,0.597
5479,182.633,581.57,461.97,0.151,-3.28,3.283
5480,182.667,581.58,462.61,0.011,-6.391,6.391
5481,182.7,581.52,462.31,-0.088,-9.376,9.376
5482,182.733,581.52,461.96,-0.244,-11.792,11.795
5483,182.767,581.43,460.41,-0.453,-13.706,13.714
5484,182.8,581.23,457.84,-0.703,-14.939,14.956
5485,182.833,581.27,456.99,-0.935,-15.399,15.427
5486,182.867,581.14,455.3,-1.14,-15.436,15.478
5487,182.9,581.09,454.81,-1.298,-14.947,15.004
5488,182.933,581.11,455.09,-1.401,-13.903,13.974
5489,182.967,581.36,457.56,-1.4,-11.961,12.043
5490,183.0,581.54,459.54,-1.35,-9.072,9.172
5491,183.033,581.57,459.34,-1.244,-5.557,5.694
5492,183.067,581.38,457.53,-1.029,-1.472,1.796
5493,183.1,581.27,456.95,-0.287,2.687,2.702
5494,183.133,580.94,455.15,-0.09,6.184,6.184
5495,183.167,580.72,454.12,-0.153,8.61,8.611
5496,183.2,580.57,453.69,-0.328,9.937,9.942
5497,183.233,580.71,455.5,-0.455,10.155,10.165
5498,183.267,580.82,456.61,-0.533,9.259,9.274
5499,183.3,580.99,457.55,-0.284,8.082,8.087
5500,183.333,581.09,458.38,0.337,7.523,7.531
5501,183.367,581.18,459.42,1.008,7.201,7.272
5502,183.4,581.22,460.5,1.287,7.421,7.532
5503,183.433,581.22,460.66,0.605,7.642,7.665
5504,183.467,581.17,460.07,-0.138,7.488,7.489
5505,183.5,581.31,460.2,-0.814,5.881,5.937
5506,183.533,581.36,459.81,-1.432,2.907,3.241
5507,183.567,581.32,459.04,-1.972,-0.455,2.024
5508,183.6,579.9,458.19,-2.375,-3.316,4.079
5509,183.633,580.61,458.2,-2.638,-5.833,6.402
5510,183.667,581.04,458.67,-2.633,-7.221,7.686
5511,183.7,581.33,458.47,-2.411,-8.025,8.379
5512,183.733,581.42,458.75,-1.999,-8.384,8.619
5513,183.767,581.41,458.95,-1.532,-8.822,8.954
5514,183.8,580.71,458.63,-1.026,-9.249,9.306
5515,183.833,579.65,457.99,-0.46,-8.659,8.671
5516,183.867,578.66,456.8,0.134,-7.545,7.546
5517,183.9,578.71,456.15,0.729,-6.18,6.222
5518,183.933,580.55,456.17,1.274,-5.022,5.181
5519,183.967,581.08,456.81,1.741,-4.088,4.443
5520,184.0,581.16,457.45,2.099,-2.964,3.632
5521,184.033,581.16,457.54,2.219,-2.006,2.991
5522,184.067,581.14,457.13,2.088,-0.994,2.313
5523,184.1,581.18,456.72,1.794,0.923,2.017
5524,184.133,581.12,455.78,2.097,3.239,3.859
5525,184.167,581.0,454.78,2.125,5.924,6.293
5526,184.2,580.98,455.18,1.916,8.534,8.747
5527,184.233,581.02,456.63,1.466,11.178,11.273
5528,184.267,581.11,457.64,0.79,13.299,13.322
5529,184.3,581.23,459.34,-0.134,14.56,14.561
5530,184.333,581.17,458.94,-0.92,14.687,14.716
5531,184.367,581.12,459.1,-1.225,13.592,13.647
5532,184.4,581.0,459.07,-0.852,11.638,11.669
5533,184.433,580.92,459.23,-0.039,9.478,9.478
5534,184.467,580.85,459.93,0.196,6.804,6.807
5535,184.5,580.85,460.59,0.192,3.441,3.447
5536,184.533,580.91,461.34,0.129,-0.457,0.475
5537,184.567,581.02,462.14,-0.06,-4.84,4.84
5538,184.6,581.01,461.36,-0.3,-9.035,9.04
5539,184.633,581.14,461.64,-0.594,-12.359,12.374
5540,184.667,581.24,460.95,-0.87,-14.061,14.088
5541,184.7,581.25,459.94,-0.995,-13.749,13.785
5542,184.733,581.18,458.55,-1.002,-12.398,12.438
5543,184.767,581.08,457.07,-0.909,-10.638,10.677
5544,184.8,580.98,455.58,-0.744,-8.677,8.709
5545,184.833,580.82,454.8,-0.638,-7.441,7.468
5546,184.867,580.71,454.85,-0.575,-6.318,6.344
5547,184.9,580.73,455.66,-0.598,-5.602,5.634
5548,184.933,580.64,455.51,-0.685,-5.326,5.37
5549,184.967,580.56,455.95,-0.705,-4.49,4.545
5550,185.0,580.55,456.54,-0.658,-3.493,3.554
5551,185.033,580.47,456.98,-0.583,-2.61,2.675
5552,185.067,580.64,458.23,-0.431,-1.508,1.568
5553,185.1,580.77,459.28,-0.177,0.627,0.652
5554,185.133,580.9,459.36,0.147,3.441,3.444
5555,185.167,581.05,458.61,0.41,5.675,5.69
5556,185.2,581.03,457.21,0.53,7.106,7.125
5557,185.233,580.99,456.41,0.539,8.213,8.231
5558,185.267,580.86,455.37,0.374,8.317,8.325
5559,185.3,580.62,454.47,0.03,7.214,7.214
5560,185.333,580.47,454.2,-0.412,5.954,5.969
5561,185.367,580.41,454.73,-0.836,5.325,5.39
5562,185.4,580.48,456.01,-1.188,4.971,5.111
5563,185.433,580.69,458.53,-1.535,4.095,4.374
5564,185.467,580.69,459.47,-1.806,3.26,3.727
5565,185.5,580.75,460.75,-1.935,2.619,3.256
5566,185.533,580.87,462.69,-1.928,2.04,2.806
5567,185.567,580.84,463.55,-1.761,1.285,2.18
5568,185.6,580.57,461.11,-1.594,-0.334,1.628
5569,185.633,580.36,459.25,-1.369,-2.473,2.826
5570,185.667,580.16,457.81,-1.095,-4.567,4.696
5571,185.7,580.04,457.01,-0.864,-6.383,6.441
5572,185.733,579.84,455.04,-0.6,-7.207,7.232
5573,185.767,579.85,454.93,-0.297,-6.674,6.681
5574,185.8,580.02,456.58,-0.032,-5.43,5.431
5575,185.833,580.15,457.55,0.191,-3.955,3.96
5576,185.867,580.22,457.0,0.32,-2.925,2.942
5577,185.9,580.23,456.55,0.458,-1.108,1.199
5578,185.933,580.3,457.09,0.552,1.068,1.202
5579,185.967,580.4,457.76,0.593,3.439,3.489
5580,186.0,580.42,457.8,0.755,6.757,6.799
5581,186.033,580.4,457.84,1.01,10.666,10.714
5582,186.067,580.44,458.55,1.204,13.233,13.288
5583,186.1,580.6,459.97,1.352,13.977,14.042
5584,186.133,580.63,460.6,1.425,13.296,13.372
5585,186.167,580.56,460.52,1.409,12.109,12.191
5586,186.2,580.53,460.61,1.208,9.864,9.938
5587,186.233,580.39,460.01,0.806,6.915,6.962
5588,186.267,580.11,457.78,0.323,4.38,4.392
5589,186.3,580.0,457.01,-0.192,2.774,2.78
5590,186.333,580.11,457.95,-0.788,1.207,1.441
5591,186.367,580.44,461.42,-1.427,-0.314,1.462
5592,186.4,580.64,462.8,-2.055,-0.695,2.169
5593,186.433,580.93,464.66,-2.544,1.029,2.744
5594,186.467,581.07,464.96,-2.974,3.559,4.638
5595,186.5,580.91,463.72,-3.447,5.966,6.891
5596,186.533,580.55,460.89,-3.946,7.895,8.827
5597,186.567,580.17,459.18,-4.359,10.277,11.163
5598,186.6,579.64,457.78,-4.867,12.371,13.294
5599,186.633,579.26,458.94,-5.838,13.459,14.67
5600,186.667,578.86,458.8,-6.245,14.406,15.701
5601,186.7,578.72,460.65,-5.957,15.506,16.611
5602,186.733,578.71,462.63,-5.566,15.82,16.771
5603,186.767,578.77,465.23,-5.024,15.305,16.109
5604,186.8,578.71,466.21,-4.241,14.909,15.5
5605,186.833,578.66,467.28,-3.391,14.872,15.254
5606,186.867,578.59,468.65,-2.805,14.751,15.015
5607,186.9,578.48,469.23,-2.373,13.363,13.572
5608,186.933,578.14,467.21,-1.935,10.531,10.708
5609,186.967,577.86,465.91,-2.01,6.004,6.331
5610,187.0,577.74,465.73,-2.458,0.192,2.465
5611,187.033,577.72,467.04,-3.176,-5.997,6.786
5612,187.067,577.57,466.56,-4.571,-11.045,11.953
5613,187.1,577.86,466.69,-6.119,-14.65,15.877
5614,187.133,579.22,467.24,-7.097,-16.314,17.79
5615,187.167,578.65,465.97,-7.478,-15.97,17.634
5616,187.2,577.42,463.75,-7.362,-13.883,15.714
5617,187.233,577.05,462.64,-6.822,-10.679,12.672
5618,187.267,576.59,462.4,-6.053,-7.061,9.3
5619,187.3,576.03,463.02,-5.161,-4.131,6.611
5620,187.333,575.67,463.17,-4.143,-0.767,4.213
5621,187.367,575.91,463.14,-3.022,2.259,3.773
5622,187.4,575.72,462.24,-1.849,4.508,4.873
5623,187.433,575.04,462.87,-0.6,8.679,8.7
5624,187.467,575.17,463.16,0.74,14.295,14.314
5625,187.5,575.11,463.89,2.171,18.927,19.051
5626,187.533,575.08,464.86,3.606,17.009,17.387
5627,187.567,576.56,465.73,4.968,8.813,10.117
5628,187.6,577.66,466.55,6.344,-1.804,6.596
5629,187.633,577.7,467.52,7.397,-11.076,13.319
5630,187.667,577.52,466.03,7.15,-19.228,20.515
5631,187.7,577.57,466.18,5.724,-25.484,26.119
5632,187.733,577.49,465.51,4.791,-29.301,29.69
5633,187.767,577.58,465.35,4.005,-30.689,30.949
5634,187.8,577.72,466.06,3.34,-30.37,30.553
5635,187.833,577.87,465.03,3.854,-21.086,21.435
5636,187.867,577.98,464.59,3.698,-22.939,23.235
5637,187.9,578.09,463.69,3.347,-22.894,23.137
5638,187.933,578.06,454.89,2.694,-20.857,21.031
5639,187.967,578.17,446.05,2.234,-17.901,18.04
5640,188.0,578.26,439.87,2.888,-14.2,14.491
5641,188.033,578.34,446.35,5.589,-10.17,11.605
5642,188.067,578.42,455.66,9.322,-6.003,11.088
5643,188.1,578.34,462.96,13.219,-1.472,13.3
5644,188.133,578.33,463.46,16.416,2.709,16.638
5645,188.167,578.83,463.42,18.212,6.268,19.261
5646,188.2,581.23,463.1,18.939,9.744,21.299
5647,188.233,581.51,462.88,18.737,11.877,22.184
5648,188.267,581.86,461.81,17.785,12.527,21.753
5649,188.3,582.46,461.18,16.24,10.917,19.569
5650,188.333,580.61,438.7,14.213,6.63,15.684
5651,188.367,582.56,459.39,11.76,0.145,11.761
5652,188.4,583.5,458.1,8.933,-8.89,12.602
5653,188.433,585.63,457.15,6.143,-20.347,21.254
5654,188.467,588.27,456.75,3.503,-28.956,29.167
5655,188.5,588.63,456.82,0.962,-32.275,32.289
5656,188.533,586.32,457.18,-1.285,-29.046,29.075
5657,188.567,585.02,457.26,-3.024,-24.846,25.03
5658,188.6,582.74,455.96,-4.189,-22.226,22.618
5659,188.633,581.08,454.89,-4.502,-22.234,22.686
5660,188.667,581.55,452.67,-4.06,-22.648,23.009
5661,188.7,581.98,450.57,-3.043,-23.407,23.604
5662,188.733,582.3,448.74,-2.426,-24.403,24.523
5663,188.767,582.74,447.36,-1.839,-25.815,25.881
5664,188.8,583.04,446.93,-1.222,-27.091,27.119
5665,188.833,583.3,446.07,-0.583,-28.971,28.977
5666,188.867,583.68,445.66,1.354,-18.107,18.157
5667,188.9,584.34,445.63,2.901,-14.76,15.042
5668,188.933,584.38,446.16,4.374,-10.751,11.607
5669,188.967,584.47,446.11,5.001,-6.197,7.964
5670,189.0,584.76,445.99,3.965,-1.576,4.267
5671,189.033,584.89,445.52,1.93,2.54,3.19
5672,189.067,584.71,445.6,0.017,5.577,5.577
5673,189.1,584.49,445.38,-1.935,6.767,7.038
5674,189.133,583.91,445.63,-3.388,6.718,7.524
5675,189.167,583.65,446.04,-3.942,5.333,6.632
5676,189.2,583.4,446.59,-4.379,3.387,5.536
5677,189.233,582.72,446.96,-4.374,1.63,4.668
5678,189.267,582.88,447.28,-3.689,0.406,3.712
5679,189.3,583.03,446.88,-3.01,-0.514,3.054
5680,189.333,582.92,447.31,-1.364,-1.124,1.767
5681,189.367,583.18,447.14,1.704,-1.315,2.152
5682,189.4,583.61,447.33,5.579,-1.521,5.782
5683,189.433,584.01,447.01,8.752,-1.538,8.886
5684,189.467,584.23,446.34,11.595,-2.569,11.876
5685,189.5,584.31,445.63,13.858,-2.595,14.098
5686,189.533,584.07,444.89,15.466,-2.549,15.675
5687,189.567,584.19,444.11,16.002,-2.881,16.259
5688,189.6,584.33,444.5,16.015,-3.516,16.396
5689,189.633,585.35,444.93,15.524,-4.532,16.172
5690,189.667,586.32,445.64,14.923,-6.215,16.166
5691,189.7,587.68,446.51,13.52,-7.959,15.688
5692,189.733,588.63,446.47,11.637,-9.714,15.158
5693,189.767,589.19,445.91,9.798,-9.675,13.77
5694,189.8,591.26,445.83,7.496,-9.098,11.788
5695,189.833,591.42,444.91,5.244,-7.997,9.563
5696,189.867,589.73,444.1,3.34,-6.981,7.739
5697,189.9,587.89,443.96,1.252,-6.335,6.457
5698,189.933,588.11,443.05,-1.138,-6.394,6.495
5699,189.967,587.86,444.29,-3.449,-7.254,8.032
5700,190.0,587.87,441.53,-5.773,-8.423,10.212
5701,190.033,587.55,440.05,-7.87,-9.531,12.36
5702,190.067,588.13,440.04,-9.251,-10.118,13.71
5703,190.1,587.86,439.78,-10.023,-9.809,14.025
5704,190.133,587.43,440.58,-10.925,-9.176,14.268
5705,190.167,586.39,442.53,-12.277,-8.579,14.977
5706,190.2,586.63,443.85,-13.89,-7.862,15.961
5707,190.233,586.52,445.38,-15.505,-7.887,17.396
5708,190.267,586.06,442.57,-16.827,-8.306,18.765
5709,190.3,586.22,441.13,-17.995,-8.685,19.982
5710,190.333,585.41,439.8,-19.957,-9.009,21.897
5711,190.367,584.08,438.33,-22.146,-8.66,23.779
5712,190.4,583.5,437.62,-23.455,-8.323,24.888
5713,190.433,583.15,437.17,-23.142,-8.739,24.737
5714,190.467,582.0,437.65,-22.162,-9.279,24.026
5715,190.5,581.19,438.05,-20.537,-11.362,23.47
5716,190.533,580.13,438.36,-18.255,-12.482,22.114
5717,190.567,578.43,438.25,-15.1,-12.311,19.483
5718,190.6,576.58,437.75,-11.903,-11.192,16.338
5719,190.633,576.67,437.32,-8.342,-8.584,11.97
5720,190.667,577.38,437.47,-4.437,-5.633,7.171
5721,190.7,578.38,436.63,0.199,-3.501,3.507
5722,190.733,578.7,436.9,4.952,-2.704,5.642
5723,190.767,578.59,437.17,9.548,-3.847,10.294
5724,190.8,579.07,437.07,13.89,-4.627,14.641
5725,190.833,579.63,436.19,16.998,-5.708,17.931
5726,190.867,580.46,434.28,18.98,-6.914,20.2
5727,190.9,581.28,433.44,19.904,-8.216,21.533
5728,190.933,581.49,433.69,19.596,-9.444,21.753
5729,190.967,581.91,433.81,17.976,-10.74,20.94
5730,191.0,582.83,435.04,15.573,-12.808,20.163
5731,191.033,583.48,435.77,12.41,-14.972,19.447
5732,191.067,583.79,435.74,9.007,-16.788,19.051
5733,191.1,584.58,435.22,6.095,-18.698,19.667
5734,191.133,585.13,433.35,3.293,-19.747,20.019
5735,191.167,585.56,432.06,0.945,-20.907,20.928
5736,191.2,585.53,430.92,-1.239,-21.696,21.731
5737,191.233,584.86,430.29,-3.502,-22.061,22.337
5738,191.267,584.07,429.6,-5.444,-22.788,23.429
5739,191.3,582.9,428.04,-6.563,-23.653,24.547
5740,191.333,582.33,427.0,-6.843,-23.994,24.95
5741,191.367,582.03,425.85,-6.405,-23.745,24.594
5742,191.4,582.27,425.48,-5.525,-21.894,22.581
5743,191.433,582.44,424.69,-4.279,-19.125,19.598
5744,191.467,582.64,424.49,-2.541,-15.328,15.537
5745,191.5,582.75,425.49,-0.455,-10.951,10.96
5746,191.533,582.88,425.5,1.374,-7.003,7.137
5747,191.567,582.53,424.4,3.945,-4.39,5.902
5748,191.6,581.77,424.55,6.927,-3.014,7.555
5749,191.633,583.33,423.0,9.322,-2.78,9.727
5750,191.667,583.41,423.59,11.074,-2.713,11.401
5751,191.7,583.74,422.71,12.147,-2.526,12.407
5752,191.733,584.39,422.77,12.705,-1.818,12.834
5753,191.767,585.09,423.85,12.306,-1.258,12.37
5754,191.8,585.55,424.72,11.216,-0.963,11.257
5755,191.833,585.57,424.41,9.938,-1.204,10.01
5756,191.867,585.68,424.67,8.457,-2.094,8.712
5757,191.9,585.92,424.19,6.861,-2.966,7.474
5758,191.933,586.08,424.51,4.984,-3.603,6.15
5759,191.967,586.46,423.25,2.916,-3.881,4.855
5760,192.0,586.98,422.22,0.654,-3.815,3.871
5761,192.033,588.28,421.15,-1.724,-4.235,4.572
5762,192.067,587.23,421.56,-4.13,-4.943,6.441
5763,192.1,586.26,422.23,-6.192,-5.404,8.218
5764,192.133,586.25,423.22,-7.45,-5.407,9.205
5765,192.167,586.03,423.94,-8.851,-4.186,9.791
5766,192.2,585.37,423.85,-9.69,-2.717,10.063
5767,192.233,584.05,422.48,-9.96,-0.747,9.988
5768,192.267,584.1,421.47,-9.735,1.04,9.791
5769,192.3,584.12,420.28,-9.109,2.18,9.366
5770,192.333,584.0,420.74,-8.056,1.972,8.293
5771,192.367,583.86,421.86,-6.503,1.08,6.593
5772,192.4,583.66,422.57,-4.623,0.097,4.624
5773,192.433,583.46,422.46,-2.587,-0.677,2.674
5774,192.467,583.24,422.72,-0.479,-1.637,1.706
5775,192.5,583.14,422.65,1.412,-1.584,2.123
5776,192.533,583.18,422.85,2.915,-0.613,2.978
5777,192.567,583.28,423.38,3.319,1.885,3.817
5778,192.6,583.51,424.31,3.616,4.916,6.103
5779,192.633,583.94,423.62,3.846,8.21,9.066
5780,192.667,584.35,422.82,3.634,11.082,11.662
5781,192.7,584.73,421.65,3.176,12.577,12.972
5782,192.733,585.06,421.13,2.792,12.558,12.864
5783,192.767,585.19,421.39,2.986,11.99,12.356
5784,192.8,585.16,421.5,3.315,10.797,11.294
5785,192.833,584.93,423.28,3.655,9.734,10.398
5786,192.867,584.7,425.51,3.94,8.417,9.294
5787,192.9,584.58,426.34,4.034,6.736,7.852
5788,192.933,584.51,427.33,4.033,4.817,6.282
5789,192.967,584.51,428.38,4.088,2.692,4.895
5790,193.0,584.72,428.46,4.297,0.412,4.317
5791,193.033,584.88,428.68,4.617,-1.414,4.829
5792,193.067,585.14,427.61,4.971,-2.981,5.796
5793,193.1,585.43,426.61,5.321,-4.664,7.075
5794,193.133,585.96,424.86,5.601,-6.637,8.685
5795,193.167,586.57,422.88,5.656,-8.206,9.967
5796,193.2,586.95,422.15,5.502,-8.971,10.524
5797,193.233,587.16,422.34,5.043,-8.606,9.975
5798,193.267,587.26,422.34,4.128,-7.207,8.306
5799,193.3,587.02,423.15,2.997,-4.708,5.581
5800,193.333,586.8,423.75,1.884,-1.187,2.227
5801,193.367,586.68,424.26,0.588,2.393,2.465
5802,193.4,586.88,424.33,-0.879,5.284,5.356
5803,193.433,587.06,424.23,-2.263,7.443,7.779
5804,193.467,587.0,425.02,-3.351,8.826,9.441
5805,193.5,586.81,425.75,-4.024,9.307,10.139
5806,193.533,586.64,425.66,-3.843,9.056,9.838
5807,193.567,586.51,425.7,-2.83,8.249,8.721
5808,193.6,586.44,426.12,-1.075,6.894,6.977
5809,193.633,586.41,426.25,1.436,5.193,5.388
5810,193.667,586.47,426.47,4.534,3.46,5.704
5811,193.7,586.41,426.28,7.949,2.1,8.222
5812,193.733,586.49,426.28,11.668,1.119,11.721
5813,193.767,586.93,426.45,15.527,0.511,15.536
5814,193.8,587.15,425.91,19.126,0.098,19.127
5815,193.833,587.02,425.63,22.315,-0.309,22.317
5816,193.867,587.74,425.37,24.887,-1.028,24.908
5817,193.9,589.06,425.31,26.528,-2.001,26.603
5818,193.933,590.4,426.18,26.831,-2.768,26.974
5819,193.967,591.85,426.73,25.557,-2.698,25.699
5820,194.0,593.54,426.89,22.797,-2.17,22.9
5821,194.033,594.35,427.09,19.005,-1.047,19.034
5822,194.067,595.2,426.11,14.519,0.441,14.526
5823,194.1,596.03,425.97,9.363,2.222,9.623
5824,194.133,596.58,425.44,3.74,4.058,5.518
5825,194.167,596.73,425.42,-1.772,5.264,5.554
5826,194.2,596.64,425.87,-7.086,5.771,9.139
5827,194.233,595.9,426.05,-11.866,6.274,13.423
5828,194.267,594.65,425.62,-15.703,6.484,16.989
5829,194.3,593.41,425.92,-18.627,6.055,19.586
5830,194.333,592.1,425.9,-20.415,5.252,21.08
5831,194.367,590.7,426.86,-20.739,4.335,21.187
5832,194.4,589.53,428.13,-19.835,3.559,20.152
5833,194.433,588.72,429.33,-17.977,2.725,18.183
5834,194.467,588.5,429.65,-15.348,1.614,15.433
5835,194.5,588.74,429.64,-12.294,0.696,12.314
5836,194.533,588.73,428.61,-9.248,0.065,9.249
5837,194.567,588.51,428.22,-6.134,-0.501,6.155
5838,194.6,588.78,427.54,-3.58,-0.422,3.605
5839,194.633,589.35,426.39,-1.764,-0.237,1.78
5840,194.667,589.32,426.66,-0.612,0.064,0.615
5841,194.7,589.58,427.14,0.178,0.267,0.321
5842,194.733,589.87,426.51,1.03,0.02,1.03
5843,194.767,589.72,426.17,1.825,-0.335,1.855
5844,194.8,589.55,426.37,3.058,-0.416,3.087
5845,194.833,589.4,427.13,4.962,-0.255,4.969
5846,194.867,589.37,427.66,7.119,0.555,7.14
5847,194.9,589.34,428.03,9.319,1.378,9.421
5848,194.933,589.22,429.1,11.692,2.243,11.905
5849,194.967,589.11,429.92,14.133,3.189,14.488
5850,195.0,589.19,429.73,16.136,4.021,16.629
5851,195.033,589.31,429.2,17.443,4.418,17.994
5852,195.067,589.59,428.58,18.026,4.486,18.576
5853,195.1,590.98,427.66,18.104,3.989,18.539
5854,195.133,592.77,427.0,17.07,3.096,17.349
5855,195.167,594.66,426.82,14.93,2.38,15.118
5856,195.2,596.17,426.92,12.061,1.936,12.216
5857,195.233,596.51,427.62,8.316,1.84,8.517
5858,195.267,597.21,428.17,3.949,2.294,4.567
5859,195.3,597.03,429.07,-0.503,2.958,3.0
5860,195.333,595.76,429.83,-4.741,3.615,5.962
5861,195.367,594.89,430.3,-8.584,4.5,9.692
5862,195.4,594.43,431.2,-11.935,5.353,13.08
5863,195.433,593.55,431.25,-14.528,6.31,15.839
5864,195.467,592.45,430.16,-16.659,6.481,17.875
5865,195.5,591.72,429.2,-17.933,6.0,18.91
5866,195.533,590.89,428.55,-18.235,5.139,18.945
5867,195.567,590.2,428.72,-17.514,4.086,17.984
5868,195.6,589.27,429.18,-15.39,3.129,15.705
5869,195.633,589.34,430.16,-11.984,2.681,12.28
5870,195.667,589.35,431.34,-7.679,2.244,8.0
5871,195.7,589.43,431.38,-2.99,1.646,3.413
5872,195.733,590.05,430.6,1.84,0.716,1.975
5873,195.767,590.54,430.25,6.32,0.128,6.321
5874,195.8,590.77,430.67,9.794,-0.315,9.799
5875,195.833,590.78,431.43,11.867,-0.775,11.892
5876,195.867,590.72,431.05,12.78,-0.929,12.814
5877,195.9,590.65,431.04,12.558,-1.148,12.611
5878,195.933,590.23,430.57,11.293,-1.571,11.402
5879,195.967,590.96,430.89,9.517,-2.374,9.809
5880,196.0,591.58,430.64,7.838,-2.747,8.305
5881,196.033,592.42,430.47,5.683,-2.624,6.259
5882,196.067,593.84,430.27,3.252,-2.314,3.991
5883,196.1,594.95,429.63,0.189,-1.718,1.728
5884,196.133,595.1,428.47,-3.392,-0.86,3.499
5885,196.167,594.67,428.49,-7.394,-0.098,7.395
5886,196.2,593.72,429.11,-11.302,0.827,11.332
5887,196.233,591.79,430.7,-14.896,1.716,14.994
5888,196.267,590.5,430.71,-18.33,3.099,18.59
5889,196.3,589.05,431.24,-21.795,4.392,22.233
5890,196.333,588.47,431.73,-24.904,5.042,25.409
5891,196.367,588.56,431.24,-27.076,5.796,27.689
5892,196.4,588.71,431.38,-28.25,6.394,28.964
5893,196.433,588.48,430.83,-28.357,7.231,29.264
5894,196.467,587.59,431.08,-27.16,9.204,28.677
5895,196.5,585.46,430.95,-25.193,11.357,27.635
5896,196.533,584.01,431.02,-22.508,13.505,26.248
5897,196.567,582.3,432.2,-19.442,15.061,24.593
5898,196.6,581.58,433.01,-16.654,15.772,22.937
5899,196.633,581.85,433.75,-14.393,16.433,21.845
5900,196.667,581.95,434.68,-12.699,16.933,21.166
5901,196.7,581.63,434.16,-11.471,17.589,20.999
5902,196.733,581.2,434.55,-10.581,18.368,21.198
5903,196.767,580.8,434.67,-9.582,18.274,20.634
5904,196.8,581.21,435.98,-8.634,17.929,19.899
5905,196.833,581.49,438.28,-7.38,17.593,19.078
5906,196.867,581.04,438.55,-6.22,16.877,17.987
5907,196.9,580.63,440.4,-5.556,16.055,16.99
5908,196.933,580.23,441.24,-5.784,14.344,15.466
5909,196.967,579.94,440.08,-6.474,12.884,14.419
5910,197.0,579.66,439.19,-7.353,11.538,13.682
5911,197.033,579.29,438.49,-7.677,10.631,13.114
5912,197.067,578.97,438.69,-7.866,9.911,12.653
5913,197.1,578.69,439.67,-7.766,9.06,11.933
5914,197.133,578.23,439.72,-7.647,7.795,10.919
5915,197.167,578.0,441.3,-7.958,6.103,10.028
5916,197.2,577.63,441.8,-8.498,3.597,9.228
5917,197.233,577.25,441.67,-8.883,1.786,9.061
5918,197.267,577.1,442.16,-8.975,0.098,8.976
5919,197.3,577.08,442.69,-8.586,-1.162,8.664
5920,197.333,576.81,441.83,-8.672,-3.0,9.176
5921,197.367,576.72,441.18,-9.445,-5.801,11.084
5922,197.4,576.63,440.73,-10.221,-7.949,12.948
5923,197.433,577.05,441.68,-10.922,-10.353,15.05
5924,197.467,576.54,441.38,-11.261,-12.677,16.956
5925,197.5,575.65,440.7,-11.479,-13.981,18.09
5926,197.533,574.36,439.62,-11.347,-14.359,18.301
5927,197.567,573.54,438.97,-10.74,-13.737,17.437
5928,197.6,573.22,437.7,-10.035,-12.904,16.346
5929,197.633,573.16,437.09,-9.066,-12.094,15.115
5930,197.667,573.36,436.56,-7.661,-10.777,13.223
5931,197.7,573.39,436.86,-6.071,-10.049,11.741
5932,197.733,573.06,435.8,-4.218,-9.287,10.2
5933,197.767,572.58,435.39,-2.199,-8.216,8.505
5934,197.8,571.6,435.06,-0.483,-7.789,7.804
5935,197.833,571.71,436.25,0.578,-8.274,8.294
5936,197.867,572.49,437.5,1.042,-9.163,9.223
5937,197.9,572.83,437.33,0.866,-10.36,10.396
5938,197.933,573.23,437.02,0.024,-11.754,11.754
5939,197.967,573.14,436.15,-1.719,-13.663,13.771
5940,198.0,573.53,434.97,-3.742,-15.127,15.583
5941,198.033,573.44,433.91,-5.771,-16.172,17.171
5942,198.067,572.98,432.73,-7.56,-17.005,18.61
5943,198.1,573.18,432.58,-8.866,-17.426,19.552
5944,198.133,572.92,432.18,-9.838,-17.138,19.761
5945,198.167,572.25,431.46,-10.615,-16.411,19.545
5946,198.2,571.58,431.21,-11.667,-15.269,19.216
5947,198.233,570.51,430.14,-12.703,-14.079,18.963
5948,198.267,569.25,428.59,-13.697,-12.162,18.318
5949,198.3,568.45,428.1,-14.357,-9.845,17.408
5950,198.333,568.16,427.92,-14.117,-7.248,15.869
5951,198.367,568.07,428.34,-13.071,-5.031,14.005
5952,198.4,568.07,429.11,-12.113,-3.545,12.621
5953,198.433,568.25,430.22,-11.162,-2.196,11.376
5954,198.467,568.44,430.74,-10.135,-1.193,10.205
5955,198.5,568.17,430.0,-8.435,-0.172,8.437
5956,198.533,567.83,429.31,-6.557,0.864,6.614
5957,198.567,567.84,429.54,-3.99,1.927,4.431
5958,198.6,567.33,429.11,-0.742,3.168,3.254
5959,198.633,566.77,428.81,2.175,3.417,4.051
5960,198.667,566.25,428.69,4.847,3.081,5.744
5961,198.7,566.51,428.73,7.032,2.348,7.414
5962,198.733,566.44,428.67,8.535,1.232,8.623
5963,198.767,566.93,428.58,9.779,0.026,9.779
5964,198.8,567.45,428.84,10.813,-0.441,10.822
5965,198.833,567.9,429.6,11.641,-0.149,11.642
5966,198.867,567.76,430.14,12.395,0.931,12.43
5967,198.9,568.8,430.61,12.661,1.751,12.781
5968,198.933,570.27,430.57,12.214,2.552,12.478
5969,198.967,571.69,430.66,11.678,2.368,11.915
5970,199.0,572.27,430.18,10.985,1.457,11.081
5971,199.033,573.09,429.82,10.226,0.308,10.23
5972,199.067,572.7,429.24,9.505,-0.413,9.514
5973,199.1,571.87,428.4,8.671,-0.899,8.717
5974,199.133,571.77,429.09,8.043,-0.599,8.065
5975,199.167,571.25,429.38,7.894,0.356,7.902
5976,199.2,571.25,429.87,8.012,2.134,8.291
5977,199.233,571.65,430.06,8.265,3.9,9.139
5978,199.267,571.7,430.85,8.905,6.104,10.796
5979,199.3,572.24,431.14,9.646,8.815,13.067
5980,199.333,572.86,430.77,10.433,11.912,15.835
5981,199.367,572.93,429.89,11.21,14.637,18.436
5982,199.4,573.82,430.61,12.338,16.885,20.912
5983,199.433,575.55,430.3,13.278,18.277,22.591
5984,199.467,575.97,431.39,13.647,18.761,23.2
5985,199.5,576.26,432.49,12.675,18.755,22.636
5986,199.533,576.69,434.34,10.785,18.357,21.291
5987,199.567,577.01,435.51,8.267,18.074,19.874
5988,199.6,577.27,436.38,5.9,17.695,18.652
5989,199.633,577.37,436.68,4.271,16.896,17.428
5990,199.667,577.01,437.06,3.294,15.055,15.411
5991,199.7,577.32,436.65,3.141,12.264,12.66
5992,199.733,577.33,437.72,3.636,8.46,9.208
5993,199.767,577.18,437.97,4.542,4.728,6.556
5994,199.8,577.07,437.89,5.825,0.618,5.858
5995,199.833,576.94,437.28,7.316,-3.045,7.924
5996,199.867,576.94,437.13,8.856,-6.323,10.882
5997,199.9,576.97,436.82,10.764,-8.663,13.817
5998,199.933,577.04,436.91,12.771,-10.512,16.541
5999,199.967,577.12,437.55,14.294,-10.979,18.024
6000,200.0,578.7,437.06,15.739,-10.507,18.924
6001,200.033,580.56,436.73,17.018,-9.073,19.286
6002,200.067,581.79,434.93,17.913,-6.738,19.139
6003,200.1,582.7,433.41,18.274,-4.189,18.748
6004,200.133,583.16,433.18,18.049,-1.76,18.134
6005,200.167,583.17,433.25,17.179,0.819,17.199
6006,200.2,583.24,434.0,15.837,3.579,16.237
6007,200.233,583.22,435.51,13.867,6.676,15.391
6008,200.267,583.18,435.62,11.438,8.842,14.457
6009,200.3,583.53,436.33,8.317,10.617,13.487
6010,200.333,583.83,435.82,4.629,12.235,13.082
6011,200.367,584.33,436.4,0.649,13.468,13.483
6012,200.4,584.8,437.29,-3.364,14.464,14.85
6013,200.433,584.96,438.37,-7.09,15.779,17.299
6014,200.467,584.85,439.2,-10.19,16.925,19.756
6015,200.5,584.47,439.95,-12.304,17.064,21.037
6016,200.533,583.95,440.51,-14.06,16.383,21.589
6017,200.567,583.32,439.58,-15.725,15.049,21.765
6018,200.6,582.68,439.75,-17.185,13.769,22.021
6019,200.633,581.85,440.46,-18.459,12.843,22.487
6020,200.667,581.02,440.95,-19.425,12.555,23.129
6021,200.7,580.28,440.92,-19.866,13.378,23.951
6022,200.733,579.16,441.12,-19.722,14.334,24.381
6023,200.767,577.79,442.42,-18.952,14.469,23.844
6024,200.8,577.26,443.12,-17.308,14.828,22.791
6025,200.833,576.99,443.4,-15.121,14.474,20.932
6026,200.867,576.86,444.78,-12.262,14.534,19.016
6027,200.9,576.78,445.64,-8.991,15.101,17.575
6028,200.933,576.75,445.21,-6.116,15.271,16.45
6029,200.967,576.68,444.81,-4.171,14.537,15.123
6030,201.0,576.5,444.99,-3.223,12.806,13.206
6031,201.033,576.4,445.76,-3.164,10.031,10.518
6032,201.067,576.25,446.16,-3.778,6.398,7.43
6033,201.1,576.11,447.14,-4.846,2.86,5.627
6034,201.133,576.07,448.47,-5.758,0.352,5.768
6035,201.167,576.13,448.66,-5.997,-1.197,6.115
6036,201.2,576.27,447.3,-5.926,-2.601,6.472
6037,201.233,576.35,446.81,-5.621,-3.507,6.625
6038,201.267,576.54,447.15,-4.845,-3.598,6.034
6039,201.3,576.21,446.37,-3.381,-3.735,5.038
6040,201.333,575.93,446.92,-1.683,-3.733,4.095
6041,201.367,574.88,446.6,0.159,-3.553,3.557
6042,201.4,573.24,444.78,2.169,-3.858,4.425
6043,201.433,572.44,443.98,4.345,-4.617,6.34
6044,201.467,572.74,443.85,6.326,-4.934,8.022
6045,201.5,573.57,444.25,7.993,-3.657,8.789
6046,201.533,574.85,445.18,9.481,-1.189,9.555
6047,201.567,576.34,446.44,10.747,2.059,10.943
6048,201.6,578.07,448.29,11.828,6.195,13.352
6049,201.633,578.82,447.76,12.611,9.765,15.949
6050,201.667,578.49,446.35,13.094,12.4,18.033
6051,201.7,578.66,446.55,13.186,14.215,19.389
6052,201.733,578.81,446.81,12.776,15.694,20.237
6053,201.767,578.82,446.42,11.809,16.957,20.664
6054,201.8,578.82,446.64,10.128,17.333,20.075
6055,201.833,579.15,446.94,7.976,17.513,19.243
6056,201.867,579.47,447.81,5.459,16.085,16.986
6057,201.9,579.51,449.21,3.123,13.862,14.21
6058,201.933,579.19,451.27,1.634,11.684,11.798
6059,201.967,579.36,453.37,1.066,9.8,9.858
6060,202.0,579.74,453.37,1.065,7.471,7.547
6061,202.033,579.92,453.3,1.531,4.958,5.189
6062,202.067,580.05,452.78,2.235,2.557,3.396
6063,202.1,580.05,451.32,2.793,-0.247,2.804
6064,202.133,580.23,451.41,2.834,-4.425,5.255
6065,202.167,580.26,451.01,2.597,-8.411,8.802
6066,202.2,580.25,450.63,2.472,-11.479,11.742
6067,202.233,580.25,450.76,2.256,-13.987,14.168
6068,202.267,580.26,449.9,2.011,-15.877,16.004
6069,202.3,580.38,449.24,1.827,-16.252,16.355
6070,202.333,580.53,447.9,1.458,-15.368,15.437
6071,202.367,580.56,448.14,0.993,-13.525,13.562
6072,202.4,580.59,447.59,0.43,-11.022,11.03
6073,202.433,580.64,447.4,-0.182,-8.1,8.102
6074,202.467,580.61,446.48,-0.489,-5.193,5.216
6075,202.5,580.79,447.15,-0.618,-3.18,3.24
6076,202.533,580.8,447.52,-0.71,-0.977,1.207
6077,202.567,580.65,446.82,-0.694,1.181,1.37
6078,202.6,580.65,446.53,-0.784,3.344,3.434
6079,202.633,580.56,447.48,-0.922,5.998,6.068
6080,202.667,580.33,447.68,-1.129,8.197,8.275
6081,202.7,580.26,448.15,-1.273,9.804,9.886
6082,202.733,580.21,448.54,-1.409,10.682,10.774
6083,202.767,580.02,449.14,-1.479,10.505,10.609
6084,202.8,579.75,448.82,-1.493,9.769,9.883
6085,202.833,580.17,448.58,-1.463,8.707,8.829
6086,202.867,580.22,449.1,-1.467,7.775,7.912
6087,202.9,580.21,449.9,-1.563,6.342,6.532
6088,202.933,580.41,450.57,-1.696,4.841,5.13
6089,202.967,580.39,450.72,-1.729,3.132,3.578
6090,203.0,580.23,451.57,-1.735,1.853,2.538
6091,203.033,579.99,451.38,-2.071,0.764,2.207
6092,203.067,579.58,451.13,-2.238,-0.262,2.253
6093,203.1,579.57,450.69,-2.274,-0.678,2.373
6094,203.133,579.64,449.95,-2.294,-0.421,2.332
6095,203.167,579.63,449.37,-2.362,-0.144,2.367
6096,203.2,579.45,449.24,-2.351,0.302,2.371
6097,203.233,579.44,449.36,-2.155,0.51,2.215
6098,203.267,579.35,449.63,-1.809,1.004,2.069
6099,203.3,579.28,449.99,-1.454,1.591,2.155
6100,203.333,579.11,449.96,-0.9,2.118,2.301
6101,203.367,579.01,450.09,-0.38,2.441,2.47
6102,203.4,579.17,450.29,0.25,2.588,2.6
6103,203.433,579.3,450.53,0.718,2.124,2.242
6104,203.467,579.09,451.12,0.873,0.647,1.086
6105,203.5,579.07,451.69,0.931,-1.121,1.457
6106,203.533,579.7,451.32,1.01,-2.635,2.822
6107,203.567,579.46,451.16,0.754,-4.256,4.322
6108,203.6,579.37,451.01,0.498,-6.281,6.301
6109,203.633,579.31,450.54,0.162,-8.682,8.683
6110,203.667,579.5,449.99,-0.304,-10.763,10.767
6111,203.7,579.68,449.57,-0.882,-12.718,12.749
6112,203.733,579.5,449.73,-1.24,-14.098,14.152
6113,203.767,579.25,448.63,-1.599,-14.528,14.616
6114,203.8,579.47,447.07,-1.751,-13.703,13.814
6115,203.833,579.54,446.46,-1.742,-12.411,12.533
6116,203.867,579.32,446.49,-1.525,-10.454,10.565
6117,203.9,578.85,445.9,-1.314,-8.385,8.488
6118,203.933,578.87,445.84,-1.434,-6.328,6.488
6119,203.967,578.98,446.96,-1.537,-4.707,4.952
6120,204.0,578.74,447.47,-1.306,-3.301,3.55
6121,204.033,578.21,445.64,-0.917,-2.495,2.658
6122,204.067,578.59,444.93,-0.888,-1.545,1.782
6123,204.1,578.74,445.0,-0.946,-0.69,1.17
6124,204.133,578.84,445.75,-0.778,0.254,0.818
6125,204.167,579.02,446.03,-0.37,1.12,1.179
6126,204.2,579.32,447.41,-0.155,1.916,1.922
6127,204.233,579.14,448.19,-0.238,2.346,2.358
6128,204.267,579.25,448.08,-0.272,2.071,2.089
6129,204.3,578.98,446.63,-0.095,1.668,1.671
6130,204.333,578.66,446.15,0.032,1.669,1.669
6131,204.367,578.24,445.24,-0.01,1.597,1.597
6132,204.4,578.25,445.14,-0.079,1.686,1.688
6133,204.433,578.9,445.19,0.129,2.574,2.577
6134,204.467,578.97,446.27,0.504,4.2,4.23
6135,204.5,578.67,446.57,0.768,5.153,5.209
6136,204.533,578.53,447.47,0.895,4.941,5.021
6137,204.567,578.7,447.63,1.274,4.467,4.645
6138,204.6,579.21,447.93,1.506,3.511,3.82
6139,204.633,579.04,447.5,1.54,1.827,2.389
6140,204.667,578.67,447.37,1.555,-0.074,1.557
6141,204.7,578.88,447.12,1.572,-1.504,2.175
6142,204.733,579.33,447.3,1.486,-2.8,3.17
6143,204.767,579.49,447.45,1.408,-4.161,4.393
6144,204.8,579.42,447.69,1.088,-5.323,5.433
6145,204.833,579.32,447.8,0.817,-5.665,5.724
6146,204.867,579.46,448.58,0.717,-5.633,5.678
6147,204.9,579.62,448.4,0.734,-5.053,5.106
6148,204.933,579.48,447.18,0.785,-4.301,4.373
6149,204.967,579.0,444.9,0.638,-3.42,3.479
6150,205.0,578.81,443.34,0.476,-3.037,3.074
6151,205.033,579.08,442.75,0.474,-2.863,2.902
6152,205.067,579.12,443.16,0.539,-3.307,3.35
6153,205.1,579.2,444.31,0.466,-3.799,3.827
6154,205.133,579.62,446.52,0.199,-4.154,4.158
6155,205.167,579.79,447.77,0.15,-3.679,3.682
6156,205.2,579.75,448.21,0.37,-2.419,2.447
6157,205.233,579.56,447.7,0.633,-0.256,0.682
6158,205.267,579.48,447.26,0.806,2.295,2.433
6159,205.3,579.61,446.51,0.781,4.926,4.987
6160,205.333,579.54,445.67,0.528,7.183,7.203
6161,205.367,579.31,444.96,0.213,9.149,9.152
6162,205.4,579.48,444.55,-0.247,10.26,10.263
6163,205.433,579.65,444.51,-0.839,10.857,10.89
6164,205.467,579.56,444.75,-1.261,11.077,11.149
6165,205.5,579.44,445.47,-1.116,11.449,11.503
6166,205.533,579.33,446.57,-0.439,12.313,12.321
6167,205.567,579.42,448.31,0.544,14.065,14.075
6168,205.6,579.8,449.94,1.849,16.623,16.726
6169,205.633,579.92,451.28,3.326,19.089,19.376
6170,205.667,579.74,451.94,4.611,20.656,21.164
6171,205.7,579.73,452.25,5.701,21.412,22.157
6172,205.733,579.7,452.06,6.705,20.621,21.684
6173,205.767,579.48,452.02,7.729,18.329,19.892
6174,205.8,579.63,452.16,8.661,14.891,17.226
6175,205.833,580.21,452.8,9.309,11.44,14.749
6176,205.867,580.77,453.08,9.77,8.768,13.128
6177,205.9,581.48,453.27,10.12,6.974,12.29
6178,205.933,582.3,453.0,10.143,6.125,11.849
6179,205.967,582.94,453.39,9.805,6.423,11.721
6180,206.0,583.24,454.71,9.258,7.02,11.619
6181,206.033,583.42,455.96,8.582,7.517,11.409
6182,206.067,583.43,456.21,7.836,7.429,10.798
6183,206.1,583.37,455.5,6.908,6.587,9.545
6184,206.133,583.38,455.3,5.681,5.569,7.955
6185,206.167,583.58,454.7,4.309,5.091,6.67
6186,206.2,583.83,453.46,3.036,4.83,5.705
6187,206.233,583.94,453.9,1.741,5.127,5.414
6188,206.267,583.87,455.73,0.924,6.241,6.309
6189,206.3,583.85,457.84,0.784,8.114,8.152
6190,206.333,583.9,458.74,1.089,10.582,10.638
6191,206.367,583.88,458.48,1.764,13.225,13.342
6192,206.4,583.87,458.1,2.123,15.482,15.627
6193,206.433,583.92,457.44,1.952,16.933,17.045
6194,206.467,583.99,455.84,1.045,17.479,17.51
6195,206.5,584.0,455.75,-0.621,17.197,17.208
6196,206.533,583.96,456.49,-2.304,15.92,16.086
6197,206.567,583.88,458.61,-4.21,13.483,14.125
6198,206.6,583.95,461.21,-6.313,10.712,12.434
6199,206.633,584.01,462.95,-8.294,8.285,11.723
6200,206.667,584.01,462.97,-10.495,5.327,11.769
6201,206.7,583.92,463.76,-12.57,1.749,12.691
6202,206.733,584.18,463.81,-14.137,-1.896,14.264
6203,206.767,583.48,463.38,-14.831,-3.999,15.361
6204,206.8,582.45,462.46,-14.34,-5.712,15.435
6205,206.833,581.4,461.04,-12.954,-7.854,15.149
6206,206.867,579.65,459.02,-10.904,-10.203,14.934
6207,206.9,579.04,457.73,-8.427,-12.379,14.975
6208,206.933,578.74,457.22,-5.579,-14.063,15.129
6209,206.967,578.84,457.86,-2.587,-15.448,15.663
6210,207.0,579.4,458.39,0.393,-15.581,15.586
6211,207.033,578.82,458.42,3.305,-13.022,13.435
6212,207.067,578.85,458.55,6.024,-9.004,10.834
6213,207.1,579.36,457.56,8.322,-4.666,9.541
6214,207.133,579.69,455.83,10.087,-0.998,10.137
6215,207.167,581.33,455.61,11.218,1.333,11.297
6216,207.2,582.8,456.98,11.628,2.801,11.96
6217,207.233,583.77,459.86,11.348,3.035,11.747
6218,207.267,584.12,458.7,9.992,2.359,10.267
6219,207.3,583.67,457.91,7.789,1.534,7.939
6220,207.333,583.35,457.63,5.128,1.024,5.229
6221,207.367,583.02,457.41,2.341,1.21,2.635
6222,207.4,582.94,457.55,0.176,2.345,2.351
6223,207.433,582.68,457.48,-1.487,3.766,4.049
6224,207.467,582.53,458.86,-2.705,4.804,5.513
6225,207.5,582.39,460.76,-3.754,4.888,6.163
6226,207.533,582.13,458.66,-4.87,3.551,6.027
6227,207.567,581.86,457.68,-5.146,1.445,5.345
6228,207.6,581.94,456.84,-4.494,-1.16,4.641
6229,207.633,581.94,456.26,-3.122,-3.227,4.49
6230,207.667,581.95,456.89,-1.036,-3.916,4.051
6231,207.7,581.99,458.12,1.028,-3.523,3.67
6232,207.733,581.82,459.5,2.695,-2.692,3.81
6233,207.767,581.81,460.92,3.861,-2.338,4.513
6234,207.8,582.26,461.06,4.602,-1.097,4.731
6235,207.833,582.67,460.26,5.342,0.872,5.413
6236,207.867,582.91,458.62,6.04,3.188,6.83
6237,207.9,582.99,456.77,6.443,5.999,8.803
6238,207.933,582.82,455.7,6.09,8.934,10.813
6239,207.967,582.74,455.65,5.852,12.155,13.49
6240,208.0,583.18,455.93,5.317,14.521,15.464
6241,208.033,583.95,457.69,4.659,15.018,15.724
6242,208.067,584.37,459.29,4.323,16.085,16.656
6243,208.1,584.35,460.83,4.2,16.83,17.346
6244,208.133,584.27,461.96,3.831,16.743,17.176
6245,208.167,584.31,463.04,3.097,16.341,16.632
6246,208.2,584.15,464.07,1.488,14.697,14.772
6247,208.233,584.14,464.75,-0.131,12.056,12.057
6248,208.267,584.15,464.48,-2.667,8.156,8.581
6249,208.3,584.11,464.36,-5.035,3.111,5.919
6250,208.333,583.73,464.23,-7.153,-1.417,7.292
6251,208.367,583.14,464.34,-9.696,-5.87,11.335
6252,208.4,583.02,463.88,-12.302,-9.81,15.735
6253,208.433,583.89,463.49,-14.106,-12.401,18.782
6254,208.467,583.22,462.52,-15.179,-13.888,20.574
6255,208.5,583.23,461.7,-15.375,-13.97,20.774
6256,208.533,582.91,461.32,-15.464,-12.441,19.847
6257,208.567,581.54,459.18,-15.097,-9.782,17.989
6258,208.6,580.0,457.96,-14.594,-6.11,15.822
6259,208.633,578.8,458.32,-13.978,-2.212,14.152
6260,208.667,577.77,458.29,-12.659,1.857,12.794
6261,208.7,578.12,459.87,-10.668,5.814,12.149
6262,208.733,576.88,460.92,-8.185,9.463,12.512
6263,208.767,578.36,462.58,-5.245,12.627,13.673
6264,208.8,578.22,463.97,-2.112,15.523,15.666
6265,208.833,577.53,462.51,1.028,17.941,17.97
6266,208.867,578.52,462.58,4.01,19.677,20.082
6267,208.9,579.52,463.31,6.71,20.384,21.46
6268,208.933,579.07,463.73,8.796,20.223,22.053
6269,208.967,579.06,465.26,9.608,19.137,21.413
6270,209.0,578.76,466.27,9.709,17.581,20.083
6271,209.033,579.76,467.08,8.798,15.791,18.077
6272,209.067,579.61,467.25,7.067,13.745,15.456
6273,209.1,580.22,466.96,5.097,12.709,13.692
6274,209.133,581.5,467.57,3.233,12.854,13.255
6275,209.167,581.68,468.15,1.768,13.73,13.844
6276,209.2,581.49,468.8,0.611,15.671,15.682
6277,209.233,581.5,469.23,-0.868,17.959,17.98
6278,209.267,581.0,469.62,-1.689,20.745,20.814
6279,209.3,580.44,470.02,-3.055,23.567,23.764
6280,209.333,579.7,470.46,-4.143,26.089,26.416
6281,209.367,579.2,471.12,-4.421,29.57,29.899
6282,209.4,579.04,472.09,-4.563,33.385,33.696
6283,209.433,579.1,473.33,-4.757,37.092,37.395
6284,209.467,579.22,474.91,-4.435,40.82,41.06
6285,209.5,579.47,476.61,-3.779,43.742,43.904
6286,209.533,579.67,478.33,-2.773,46.007,46.091
6287,209.567,579.63,480.18,-2.124,47.711,47.758
6288,209.6,579.53,482.07,-1.376,49.185,49.205
6289,209.633,579.37,483.92,-1.159,50.926,50.939
6290,209.667,578.71,485.79,-1.958,52.661,52.697
6291,209.7,578.54,487.75,-3.5,54.443,54.555
6292,209.733,578.64,489.6,-5.607,56.234,56.513
6293,209.767,578.8,491.24,-8.144,57.732,58.304
6294,209.8,579.03,492.55,-10.536,58.866,59.802
6295,209.833,579.06,493.93,-12.459,59.52,60.81
6296,209.867,578.87,495.4,-13.619,59.602,61.138
6297,209.9,578.36,497.08,-13.909,59.326,60.934
6298,209.933,577.62,499.06,-13.312,58.622,60.115
6299,209.967,576.78,501.1,-11.965,57.67,58.898
6300,210.0,575.8,503.68,-10.038,56.726,57.607
6301,210.033,575.07,506.28,-7.599,55.792,56.307
6302,210.067,574.36,508.75,-4.728,54.793,54.997
6303,210.1,573.65,511.14,-1.535,53.412,53.434
6304,210.133,573.55,513.11,1.81,51.313,51.344
6305,210.167,573.63,514.64,5.049,48.338,48.601
6306,210.2,574.2,515.63,8.309,44.1,44.876
6307,210.233,575.26,515.94,11.238,38.539,40.144
6308,210.267,576.37,516.56,13.56,31.924,34.685
6309,210.3,577.25,517.11,15.072,24.506,28.77
6310,210.333,577.95,517.86,15.527,16.998,23.022
6311,210.367,578.63,519.04,14.883,9.684,17.756
6312,210.4,579.23,519.96,13.18,3.053,13.529
6313,210.433,579.55,521.07,10.576,-2.515,10.871
6314,210.467,579.83,521.8,7.262,-6.963,10.061
6315,210.5,580.19,521.53,3.613,-10.311,10.926
6316,210.533,580.21,520.62,-0.113,-12.607,12.607
6317,210.567,579.87,519.17,-3.753,-14.062,14.554
6318,210.6,579.4,517.58,-7.079,-14.63,16.253
6319,210.633,578.76,516.12,-9.578,-14.782,17.614
6320,210.667,578.25,514.72,-11.306,-14.456,18.353
6321,210.7,577.69,514.15,-12.086,-13.885,18.409
6322,210.733,577.23,514.03,-11.924,-13.196,17.785
6323,210.767,576.79,514.01,-10.912,-12.239,16.397
6324,210.8,576.4,514.42,-9.336,-10.809,14.282
6325,210.833,576.16,514.56,-7.227,-8.954,11.507
6326,210.867,575.99,515.0,-4.831,-6.74,8.293
6327,210.9,575.88,515.23,-2.398,-4.585,5.174
6328,210.933,575.87,515.11,-0.095,-2.441,2.443
6329,210.967,576.05,514.98,2.238,-1.294,2.585
6330,211.0,576.02,515.13,4.276,-1.239,4.452
6331,211.033,576.17,514.86,5.783,-1.885,6.083
6332,211.067,576.45,514.67,6.989,-3.046,7.624
6333,211.1,577.02,513.93,7.905,-4.387,9.041
6334,211.133,577.36,513.55,8.458,-5.527,10.104
6335,211.167,577.91,512.75,8.588,-6.288,10.644
6336,211.2,578.46,512.2,8.116,-6.418,10.347
6337,211.233,578.83,512.18,7.487,-6.394,9.846
6338,211.267,578.76,512.7,6.588,-6.192,9.041
6339,211.3,578.78,512.68,5.592,-5.916,8.141
6340,211.333,578.59,512.8,5.036,-5.963,7.805
6341,211.367,578.63,512.66,4.557,-6.126,7.636
6342,211.4,578.86,512.44,4.11,-6.43,7.632
6343,211.433,579.2,511.54,3.577,-6.867,7.743
6344,211.467,579.07,511.69,2.591,-7.275,7.723
6345,211.5,579.3,511.75,0.986,-7.664,7.727
6346,211.533,579.62,511.48,-0.665,-8.277,8.304
6347,211.567,579.38,511.25,-1.729,-9.043,9.207
6348,211.6,579.08,511.01,-1.95,-9.967,10.156
6349,211.633,578.87,510.48,-1.688,-10.747,10.879
6350,211.667,578.96,509.8,-1.093,-11.366,11.418
6351,211.7,579.59,508.94,-0.293,-11.836,11.84
6352,211.733,579.58,508.65,0.703,-12.148,12.169
6353,211.767,579.92,508.07,1.86,-12.481,12.619
6354,211.8,580.15,507.67,3.075,-12.836,13.2
6355,211.833,579.15,507.78,4.018,-12.836,13.45
6356,211.867,578.59,507.83,4.847,-12.502,13.409
6357,211.9,578.01,507.58,5.491,-11.204,12.478
6358,211.933,577.66,507.32,5.717,-8.629,10.351
6359,211.967,578.38,506.95,5.834,-5.028,7.702
6360,212.0,580.02,506.53,5.782,-1.013,5.87
6361,212.033,581.54,506.17,5.619,3.104,6.419
6362,212.067,582.03,506.01,5.07,6.83,8.506
6363,212.1,581.76,505.83,4.104,9.818,10.641
6364,212.133,581.62,505.72,2.976,11.642,12.016
6365,212.167,581.78,505.42,1.564,12.973,13.067
6366,212.2,581.76,505.96,-0.335,13.947,13.951
6367,212.233,581.31,506.98,-2.81,14.411,14.682
6368,212.267,580.51,508.59,-5.511,14.443,15.459
6369,212.3,579.92,510.11,-7.904,14.285,16.325
6370,212.333,579.85,511.61,-9.82,13.693,16.851
6371,212.367,579.72,513.24,-10.806,12.682,16.661
6372,212.4,579.58,513.64,-11.069,11.1,15.676
6373,212.433,579.81,512.71,-10.996,9.392,14.461
6374,212.467,579.13,512.31,-10.382,7.555,12.84
6375,212.5,578.85,511.51,-9.13,5.726,10.777
6376,212.533,577.93,510.49,-7.722,3.979,8.687
6377,212.567,577.12,510.16,-6.775,2.43,7.198
6378,212.6,576.87,510.25,-6.047,1.103,6.147
6379,212.633,576.38,511.32,-5.167,0.14,5.169
6380,212.667,576.38,511.4,-4.373,-0.339,4.386
6381,212.7,577.01,511.29,-4.089,0.035,4.09
6382,212.733,577.69,511.93,-4.324,1.139,4.472
6383,212.767,578.67,512.09,-4.868,2.577,5.508
6384,212.8,578.31,512.09,-5.322,3.751,6.512
6385,212.833,577.23,512.65,-5.514,4.574,7.165
6386,212.867,576.2,512.8,-5.61,4.939,7.474
6387,212.9,575.32,513.33,-5.642,4.58,7.267
6388,212.933,575.8,513.25,-5.623,3.843,6.811
6389,212.967,576.5,513.2,-5.759,3.22,6.598
6390,213.0,576.28,513.05,-5.622,2.385,6.107
6391,213.033,575.56,513.0,-5.345,1.378,5.519
6392,213.067,575.36,512.94,-4.573,0.739,4.633
6393,213.1,575.08,512.94,-3.275,0.61,3.332
6394,213.133,574.47,513.02,-1.792,1.408,2.279
6395,213.167,574.08,513.22,-0.116,2.995,2.997
6396,213.2,574.2,513.37,1.563,5.437,5.658
6397,213.233,574.52,513.26,2.875,8.602,9.07
6398,213.267,575.05,513.53,3.585,12.055,12.577
6399,213.3,575.5,514.36,3.192,16.134,16.446
6400,213.333,575.73,515.26,2.069,21.073,21.174
6401,213.367,575.89,516.03,0.765,26.315,26.326
6402,213.4,576.13,516.52,-0.433,32.156,32.159
6403,213.433,576.37,516.86,-1.261,37.972,37.993
6404,213.467,576.46,517.5,-2.019,43.238,43.285
6405,213.5,576.41,518.72,-2.733,47.399,47.478
6406,213.533,576.12,521.05,-3.161,51.104,51.201
6407,213.567,575.65,523.74,-3.096,54.183,54.272
6408,213.6,575.04,526.62,-2.837,56.927,56.998
6409,213.633,574.56,528.88,-2.229,59.311,59.353
6410,213.667,574.37,530.27,-1.079,61.329,61.338
6411,213.7,574.2,532.11,0.598,62.486,62.489
6412,213.733,574.02,534.55,2.759,62.94,63.001
6413,213.767,573.91,537.25,5.331,62.729,62.955
6414,213.8,574.11,539.61,7.864,62.5,62.993
6415,213.833,574.79,541.37,10.142,61.8,62.627
6416,213.867,575.59,543.25,12.046,61.011,62.188
6417,213.9,576.54,544.12,13.427,60.076,61.558
6418,213.933,577.59,544.93,13.978,58.783,60.422
6419,213.967,578.25,546.85,13.465,57.936,59.48
6420,214.0,578.34,550.09,12.088,57.912,59.16
6421,214.033,578.45,552.29,9.939,58.569,59.407
6422,214.067,578.63,554.8,7.195,59.697,60.129
6423,214.1,579.03,556.68,4.161,61.034,61.176
6424,214.133,579.21,558.38,1.083,62.359,62.368
6425,214.167,579.42,559.78,-1.871,63.995,64.023
6426,214.2,579.63,562.1,-4.567,66.118,66.276
6427,214.233,579.37,564.39,-6.852,68.792,69.132
6428,214.267,578.6,567.48,-8.503,71.378,71.882
6429,214.3,577.98,569.36,-9.284,73.475,74.06
6430,214.333,577.31,571.83,-9.129,74.536,75.093
6431,214.367,576.65,573.49,-8.255,74.308,74.766
6432,214.4,576.04,575.43,-6.833,72.863,73.183
6433,214.433,575.79,578.72,-5.11,71.114,71.298
6434,214.467,576.05,581.45,-3.174,69.334,69.406
6435,214.5,576.12,583.9,-0.951,67.283,67.29
6436,214.533,576.26,586.76,1.622,64.799,64.819
6437,214.567,576.52,589.26,4.356,62.641,62.792
6438,214.6,576.71,591.73,7.106,60.383,60.8
6439,214.633,577.02,594.01,9.597,58.263,59.048
6440,214.667,577.44,595.59,11.556,56.409,57.58
6441,214.7,577.81,597.31,12.66,54.907,56.347
6442,214.733,578.3,598.08,12.644,53.444,54.919
6443,214.767,578.83,598.84,11.608,51.842,53.125
6444,214.8,579.25,599.21,9.928,49.593,50.577
6445,214.833,579.52,600.26,7.857,47.108,47.759
6446,214.867,579.8,602.38,5.624,44.357,44.712
6447,214.9,580.18,604.61,3.368,41.621,41.757
6448,214.933,580.71,606.47,1.361,39.053,39.076
6449,214.967,580.88,608.73,-0.469,36.219,36.222
6450,215.0,580.66,611.24,-2.279,33.175,33.253
6451,215.033,580.35,612.87,-3.918,30.249,30.501
6452,215.067,580.01,613.41,-5.303,26.91,27.427
6453,215.1,579.46,614.01,-6.297,23.361,24.194
6454,215.133,578.64,614.32,-6.857,20.071,21.21
6455,215.167,578.04,614.28,-7.077,16.848,18.274
6456,215.2,577.69,614.35,-6.86,13.405,15.058
6457,215.233,577.66,614.1,-6.382,10.104,11.951
6458,215.267,577.88,614.05,-5.753,7.089,9.13
6459,215.3,578.15,614.01,-5.097,4.933,7.093
6460,215.333,578.14,614.29,-4.334,3.244,5.414
6461,215.367,578.01,614.19,-3.39,1.799,3.838
6462,215.4,577.97,614.61,-2.421,0.617,2.499
6463,215.433,577.74,615.04,-1.68,-0.328,1.712
6464,215.467,577.67,615.16,-1.255,-1.459,1.924
6465,215.5,577.68,615.59,-0.992,-2.322,2.525
6466,215.533,577.76,615.57,-0.77,-3.938,4.013
6467,215.567,577.85,616.19,-0.692,-5.576,5.619
6468,215.6,577.66,616.69,-0.704,-7.545,7.578
6469,215.633,577.5,615.82,-0.648,-10.412,10.432
6470,215.667,577.5,614.76,-0.419,-13.057,13.064
6471,215.7,577.13,614.66,-0.007,-14.726,14.726
6472,215.733,577.1,613.41,0.582,-15.52,15.531
6473,215.767,577.18,612.66,1.285,-15.175,15.229
6474,215.8,577.42,610.72,1.979,-14.29,14.427
6475,215.833,577.53,610.36,2.529,-12.751,12.999
6476,215.867,577.48,610.69,2.895,-11.204,11.572
6477,215.9,577.61,610.36,3.136,-9.574,10.075
6478,215.933,578.09,609.78,3.351,-8.443,9.083
6479,215.967,578.43,610.46,3.685,-7.622,8.466
6480,216.0,578.5,609.55,4.19,-6.855,8.034
6481,216.033,578.47,609.87,4.771,-5.99,7.657
6482,216.067,578.65,608.83,5.155,-4.535,6.865
6483,216.1,578.72,609.22,5.462,-3.392,6.43
6484,216.133,578.65,611.42,5.84,-2.668,6.421
6485,216.167,578.8,612.2,5.998,-1.726,6.241
6486,216.2,579.02,611.71,6.003,-1.033,6.091
6487,216.233,579.24,611.03,6.054,-0.705,6.095
6488,216.267,579.39,609.66,5.905,-0.245,5.91
6489,216.3,579.45,609.07,5.367,1.276,5.516
6490,216.333,579.56,608.01,4.294,5.594,7.052
6491,216.367,579.96,607.84,2.842,10.529,10.906
6492,216.4,580.48,608.05,1.45,15.942,16.007
6493,216.433,580.77,609.4,0.091,21.057,21.057
6494,216.467,580.97,610.81,-1.273,26.171,26.202
6495,216.5,580.82,612.4,-2.389,29.841,29.936
6496,216.533,580.59,613.55,-3.162,32.605,32.758
6497,216.567,580.7,613.86,-3.465,34.299,34.473
6498,216.6,580.37,615.06,-3.223,35.68,35.825
6499,216.633,579.73,616.17,-2.553,34.922,35.015
6500,216.667,579.6,617.07,-0.808,32.029,32.039
6501,216.7,579.11,619.63,0.534,27.424,27.429
6502,216.733,578.51,622.02,1.456,22.36,22.408
6503,216.767,578.15,625.12,2.001,17.389,17.504
6504,216.8,578.25,626.09,2.213,13.535,13.715
6505,216.833,578.8,623.8,2.288,10.236,10.489
6506,216.867,579.6,623.65,2.394,7.93,8.283
6507,216.9,580.07,621.99,2.479,6.475,6.933
6508,216.933,580.76,621.6,2.523,5.599,6.142
6509,216.967,581.4,620.33,2.513,5.556,6.097
6510,217.0,581.63,620.28,2.267,6.389,6.779
6511,217.033,581.86,620.75,1.77,7.711,7.911
6512,217.067,581.92,620.53,0.908,9.395,9.438
6513,217.1,581.38,620.16,-0.585,11.536,11.551
6514,217.133,580.84,623.17,-2.524,14.219,14.442
6515,217.167,578.37,624.89,-4.595,17.727,18.313
6516,217.2,578.34,627.14,-6.768,21.643,22.677
6517,217.233,578.45,628.43,-8.685,25.6,27.033
6518,217.267,578.65,629.14,-10.037,29.211,30.888
6519,217.3,579.05,628.65,-10.627,30.655,32.444
6520,217.333,579.41,628.89,-10.498,30.205,31.978
6521,217.367,579.55,629.35,-9.833,29.167,30.78
6522,217.4,579.44,630.05,-8.881,27.173,28.588
6523,217.433,578.89,631.85,-7.598,25.246,26.365
6524,217.467,578.09,632.44,-6.241,23.317,24.138
6525,217.5,577.31,632.58,-4.961,21.235,21.807
6526,217.533,576.6,632.91,-3.774,19.13,19.499
6527,217.567,576.18,633.68,-2.869,16.773,17.017
6528,217.6,576.04,635.49,-2.356,15.368,15.548
6529,217.633,576.18,636.64,-2.034,15.384,15.518
6530,217.667,576.48,637.06,-1.942,15.408,15.53
6531,217.7,576.7,638.44,-0.949,15.545,15.574
6532,217.733,576.96,638.21,0.07,15.142,15.143
6533,217.767,577.24,637.14,1.069,13.889,13.93
6534,217.8,577.4,637.24,1.953,12.355,12.508
6535,217.833,577.48,637.53,2.571,10.435,10.747
6536,217.867,577.5,638.56,2.838,8.118,8.6
6537,217.9,577.56,638.87,2.701,5.829,6.425
6538,217.933,577.59,638.89,2.142,4.074,4.603
6539,217.967,577.6,638.08,1.293,2.457,2.776
6540,218.0,577.48,639.16,0.364,1.804,1.84
6541,218.033,577.36,639.81,-0.509,2.716,2.763
6542,218.067,577.22,641.17,-1.144,4.731,4.868
6543,218.1,577.11,641.38,-1.51,6.928,7.091
6544,218.133,576.97,641.4,-1.56,8.069,8.219
6545,218.167,576.9,640.7,-1.414,8.453,8.571
6546,218.2,576.98,640.0,-1.182,8.442,8.524
6547,218.233,577.1,639.21,-0.906,7.745,7.797
6548,218.267,577.18,639.44,-0.684,7.665,7.696
6549,218.3,577.28,638.8,-0.639,8.327,8.352
6550,218.333,577.28,640.14,-0.708,9.796,9.822
6551,218.367,577.13,642.05,-0.924,12.546,12.58
6552,218.4,576.95,643.94,-1.214,15.941,15.987
6553,218.433,576.81,645.22,-1.606,19.851,19.916
6554,218.467,576.78,646.24,-2.038,24.299,24.385
6555,218.5,576.79,646.36,-2.514,28.858,28.967
6556,218.533,576.86,645.16,-2.965,32.786,32.919
6557,218.567,576.87,644.15,-3.347,34.824,34.984
6558,218.6,576.85,644.33,-3.586,34.671,34.856
6559,218.633,576.63,646.07,-3.702,32.576,32.785
6560,218.667,576.39,647.98,-3.915,28.601,28.868
6561,218.7,576.1,650.3,-4.169,23.337,23.707
6562,218.733,575.84,652.55,-4.284,17.637,18.15
6563,218.767,575.64,653.62,-3.855,11.789,12.403
6564,218.8,575.6,655.78,-3.119,6.767,7.452
6565,218.833,575.51,657.13,-2.281,3.321,4.029
6566,218.867,575.55,656.82,-1.34,0.96,1.648
6567,218.9,575.56,655.88,-0.283,-1.275,1.306
6568,218.933,575.63,654.58,0.838,-3.525,3.624
6569,218.967,575.6,652.24,1.97,-5.893,6.214
6570,219.0,575.62,650.87,3.07,-8.522,9.058
6571,219.033,575.65,648.36,4.195,-11.089,11.856
6572,219.067,575.67,648.21,5.265,-12.076,13.174
6573,219.1,575.6,647.77,6.112,-10.989,12.575
6574,219.133,575.58,647.9,6.541,-8.002,10.335
6575,219.167,576.29,648.69,6.626,-4.155,7.821
6576,219.2,577.23,650.09,6.344,0.309,6.352
6577,219.233,577.94,651.06,5.759,4.576,7.356
6578,219.267,577.64,653.06,4.957,7.295,8.82
6579,219.3,577.57,653.05,4.061,8.328,9.266
6580,219.333,577.67,652.83,3.161,7.183,7.848
6581,219.367,577.72,651.72,2.322,3.978,4.606
6582,219.4,577.75,651.48,1.55,-0.886,1.786
6583,219.433,577.88,650.95,0.988,-7.307,7.374
6584,219.467,578.08,650.72,0.686,-14.339,14.356
6585,219.5,578.23,650.87,0.775,-20.929,20.944
6586,219.533,578.05,651.51,1.236,-27.379,27.407
6587,219.567,577.66,650.91,2.117,-32.352,32.421
6588,219.6,577.4,649.72,3.52,-35.994,36.166
6589,219.633,577.42,647.83,5.366,-38.252,38.627
6590,219.667,577.5,646.0,7.571,-39.359,40.081
6591,219.7,577.78,643.33,9.676,-39.493,40.661
6592,219.733,578.24,640.41,11.319,-38.359,39.994
6593,219.767,578.84,639.07,12.383,-36.676,38.71
6594,219.8,579.45,638.78,13.251,-34.73,37.172
6595,219.833,579.98,637.99,13.826,-31.786,34.663
6596,219.867,580.64,636.89,13.985,-28.184,31.463
6597,219.9,581.38,636.23,13.683,-24.1,27.714
6598,219.933,582.01,636.55,12.93,-19.787,23.637
6599,219.967,582.57,636.05,11.949,-14.606,18.87
6600,220.0,582.96,635.34,10.617,-8.601,13.664
6601,220.033,583.33,635.58,8.708,-2.774,9.139
6602,220.067,583.53,635.75,6.701,2.679,7.217
6603,220.1,583.34,635.0,4.867,7.652,9.069
6604,220.133,583.23,634.98,3.078,12.005,12.393
6605,220.167,583.15,635.72,1.375,15.835,15.894
6606,220.2,583.07,636.83,-0.081,18.683,18.684
6607,220.233,583.04,636.6,-1.151,21.518,21.548
6608,220.267,582.96,638.0,-2.027,24.521,24.604
6609,220.3,582.86,638.45,-2.785,27.053,27.196
6610,220.333,582.75,638.47,-3.49,28.485,28.698
6611,220.367,582.69,638.97,-4.06,28.686,28.972
6612,220.4,582.78,641.0,-4.642,27.932,28.315
6613,220.433,582.97,643.24,-5.282,25.813,26.347
6614,220.467,582.58,644.42,-6.065,21.748,22.578
6615,220.5,582.22,644.81,-6.958,16.198,17.629
6616,220.533,582.4,646.11,-7.956,9.333,12.264
6617,220.567,582.03,646.05,-9.092,1.288,9.183
6618,220.6,581.41,645.93,-10.245,-6.903,12.353
6619,220.633,581.22,645.61,-11.154,-14.449,18.253
6620,220.667,581.01,645.01,-11.643,-20.821,23.855
6621,220.7,580.66,644.94,-11.774,-25.997,28.539
6622,220.733,579.91,643.49,-11.563,-29.937,32.092
6623,220.767,579.4,641.94,-10.809,-32.302,34.062
6624,220.8,578.93,640.11,-9.715,-34.165,35.519
6625,220.833,578.57,637.99,-8.379,-35.169,36.154
6626,220.867,578.15,636.14,-6.878,-34.843,35.515
6627,220.9,577.91,633.98,-5.24,-33.044,33.457
6628,220.933,577.65,632.46,-3.603,-30.746,30.957
6629,220.967,577.62,631.53,-2.108,-27.744,27.824
6630,221.0,577.59,631.09,-0.602,-24.308,24.316
6631,221.033,577.74,631.88,0.795,-20.705,20.721
6632,221.067,578.05,633.01,1.667,-17.442,17.521
6633,221.1,578.37,633.07,2.2,-14.195,14.365
6634,221.133,578.7,633.46,2.562,-11.201,11.49
6635,221.167,578.71,633.01,2.698,-8.263,8.692
6636,221.2,578.82,632.06,2.346,-5.919,6.367
6637,221.233,579.02,630.32,1.831,-4.201,4.583
6638,221.267,578.6,629.12,1.239,-3.252,3.48
6639,221.3,578.42,628.75,0.278,-3.179,3.191
6640,221.333,578.33,628.89,-1.253,-3.64,3.85
6641,221.367,578.33,629.18,-3.514,-4.284,5.541
6642,221.4,578.21,629.28,-6.4,-5.037,8.145
6643,221.433,578.01,629.94,-9.872,-5.386,11.246
6644,221.467,577.61,629.08,-13.889,-5.76,15.036
6645,221.5,577.13,628.7,-17.78,-6.019,18.771
6646,221.533,576.72,629.19,-21.266,-6.213,22.155
6647,221.567,576.4,629.27,-24.149,-6.967,25.134
6648,221.6,576.02,629.28,-26.376,-8.919,27.843
6649,221.633,575.47,629.34,-27.883,-11.244,30.065
6650,221.667,574.39,628.44,-28.78,-14.566,32.256
6651,221.7,573.57,628.26,-28.935,-18.273,34.222
6652,221.733,571.81,626.68,-28.548,-22.362,36.264
6653,221.767,569.85,625.96,-27.465,-25.412,37.418
6654,221.8,568.08,625.47,-25.45,-27.063,37.149
6655,221.833,566.69,624.63,-22.689,-27.372,35.553
6656,221.867,565.81,623.56,-19.189,-26.621,32.816
6657,221.9,565.34,622.37,-15.072,-24.438,28.713
6658,221.933,565.35,620.81,-10.51,-21.621,24.04
6659,221.967,566.34,620.19,-5.992,-18.184,19.146
6660,222.0,566.61,619.37,-1.475,-14.308,14.383
6661,222.033,566.93,618.6,2.897,-9.814,10.233
6662,222.067,567.11,618.0,6.761,-5.293,8.587
6663,222.1,567.26,618.25,9.729,-1.07,9.788
6664,222.133,567.34,617.76,11.873,2.481,12.129
6665,222.167,567.64,618.32,13.209,5.223,14.204
6666,222.2,568.04,618.78,13.903,6.947,15.542
6667,222.233,568.91,620.64,13.547,7.415,15.444
6668,222.267,569.36,621.53,13.072,6.909,14.786
6669,222.3,569.84,622.08,12.656,5.615,13.845
6670,222.333,570.47,622.34,12.538,3.593,13.042
6671,222.367,570.8,622.71,12.734,1.205,12.791
6672,222.4,570.84,621.6,13.207,-1.403,13.281
6673,222.433,570.72,621.74,13.731,-4.003,14.303
6674,222.467,571.22,620.61,14.057,-6.215,15.37
6675,222.5,571.44,620.91,13.687,-8.214,15.963
6676,222.533,571.63,620.3,12.951,-9.602,16.122
6677,222.567,572.16,619.33,11.845,-9.995,15.499
6678,222.6,573.2,618.58,10.787,-9.199,14.177
6679,222.633,573.91,618.08,9.95,-7.559,12.496
6680,222.667,574.38,617.11,9.366,-4.864,10.554
6681,222.7,574.74,617.26,8.878,-1.682,9.036
6682,222.733,575.65,617.21,8.096,1.751,8.283
6683,222.767,575.57,618.37,6.644,4.381,7.958
6684,222.8,575.57,618.98,4.684,6.404,7.934
6685,222.833,575.27,619.44,1.857,7.706,7.927
6686,222.867,574.91,619.58,-1.373,8.356,8.468
6687,222.9,574.39,619.88,-4.347,8.171,9.256
6688,222.933,574.17,620.22,-6.605,7.886,10.287
6689,222.967,574.27,620.78,-7.853,6.988,10.511
6690,223.0,574.47,621.42,-8.797,5.792,10.532
6691,223.033,574.66,621.9,-9.306,3.697,10.013
6692,223.067,574.97,621.89,-9.213,1.284,9.302
6693,223.1,574.6,621.49,-8.73,-1.23,8.817
6694,223.133,573.72,620.77,-8.037,-3.615,8.812
6695,223.167,572.64,620.17,-7.235,-5.687,9.202
6696,223.2,571.42,619.57,-6.223,-6.944,9.324
6697,223.233,570.83,619.27,-4.891,-7.742,9.158
6698,223.267,570.63,619.3,-3.975,-8.064,8.991
6699,223.3,570.68,619.21,-3.136,-8.351,8.92
6700,223.333,572.08,619.29,-2.519,-8.387,8.757
6701,223.367,573.06,619.19,-2.029,-8.184,8.432
6702,223.4,573.26,618.97,-1.565,-7.67,7.828
6703,223.433,572.86,618.57,-0.948,-6.843,6.909
6704,223.467,571.96,617.88,-0.315,-5.835,5.843
6705,223.5,571.89,617.84,0.258,-4.85,4.857
6706,223.533,571.97,617.88,0.562,-4.082,4.12
6707,223.567,571.92,617.65,0.763,-3.317,3.403
6708,223.6,572.11,617.76,0.458,-2.667,2.706
6709,223.633,571.99,617.74,-0.213,-2.129,2.139
6710,223.667,572.1,617.54,-1.069,-1.666,1.979
6711,223.7,572.02,617.25,-1.888,-1.44,2.374
6712,223.733,571.45,616.98,-2.357,-1.419,2.751
6713,223.767,571.39,617.2,-2.49,-1.639,2.981
6714,223.8,571.28,617.23,-2.301,-2.147,3.147
6715,223.833,571.32,617.12,-1.538,-2.52,2.952
6716,223.867,571.47,617.06,-1.166,-3.062,3.276
6717,223.9,571.59,617.14,-1.236,-3.624,3.829
6718,223.933,571.63,617.06,-1.678,-4.378,4.689
6719,223.967,571.81,617.1,-2.016,-5.163,5.543
6720,224.0,571.79,617.17,-1.94,-5.706,6.027
6721,224.033,571.91,617.22,-1.925,-6.44,6.722
6722,224.067,571.32,616.37,-2.116,-7.51,7.802
6723,224.1,570.91,615.58,-2.542,-8.835,9.194
6724,224.133,570.57,614.78,-3.31,-10.723,11.222
6725,224.167,570.4,614.11,-4.373,-13.195,13.9
6726,224.2,570.39,613.78,-5.803,-16.177,17.187
6727,224.233,570.49,613.7,-7.09,-19.191,20.459
6728,224.267,570.61,613.71,-7.942,-22.024,23.412
6729,224.3,570.8,613.68,-8.667,-24.833,26.302
6730,224.333,570.33,612.75,-8.802,-27.345,28.727
6731,224.367,570.16,611.99,-8.314,-29.271,30.429
6732,224.4,569.89,610.76,-7.03,-30.592,31.39
6733,224.433,569.86,609.76,-4.72,-31.382,31.735
6734,224.467,569.32,608.46,-1.418,-31.533,31.565
6735,224.5,568.7,606.78,2.713,-31.122,31.24
6736,224.533,568.37,605.24,7.62,-30.334,31.277
6737,224.567,568.23,603.75,12.589,-29.3,31.89
6738,224.6,568.41,602.31,17.762,-27.582,32.806
6739,224.633,568.79,601.26,22.72,-25.168,33.906
6740,224.667,569.74,600.64,27.222,-22.232,35.147
6741,224.7,571.16,600.59,30.939,-18.881,36.245
6742,224.733,572.13,600.25,33.789,-15.373,37.121
6743,224.767,573.47,599.99,35.536,-12.015,37.512
6744,224.8,575.67,600.01,36.021,-9.228,37.184
6745,224.833,577.54,599.97,35.201,-7.331,35.956
6746,224.867,579.58,599.71,33.679,-6.146,34.235
6747,224.9,581.32,599.51,31.164,-5.789,31.697
6748,224.933,582.4,599.38,27.673,-6.235,28.367
6749,224.967,583.12,599.16,23.043,-7.293,24.169
6750,225.0,583.32,598.82,18.021,-9.222,20.243
6751,225.033,582.83,598.59,12.943,-11.52,17.327
6752,225.067,582.71,598.29,8.011,-14.079,16.199
6753,225.1,582.27,597.71,3.505,-16.609,16.974
6754,225.133,582.03,596.85,-0.209,-19.175,19.176
6755,225.167,581.87,596.17,-3.182,-21.794,22.025
6756,225.2,581.98,595.41,-5.593,-24.345,24.979
6757,225.233,581.87,594.51,-7.555,-26.806,27.851
6758,225.267,581.89,593.45,-8.654,-29.016,30.279
6759,225.3,582.05,592.49,-8.876,-30.593,31.855
6760,225.333,582.1,591.56,-8.631,-31.512,32.673
6761,225.367,581.4,590.7,-7.8,-31.614,32.562
6762,225.4,580.97,589.64,-6.683,-30.972,31.685
6763,225.433,580.76,588.87,-5.492,-29.624,30.129
6764,225.467,581.05,587.31,-4.174,-28.065,28.373
6765,225.5,580.81,586.55,-3.095,-25.355,25.543
6766,225.533,580.6,585.44,-2.345,-21.019,21.15
6767,225.567,580.44,584.36,-1.467,-15.759,15.828
6768,225.6,580.28,583.04,-0.6,-10.408,10.426
6769,225.633,579.62,582.45,0.48,-5.916,5.935
6770,225.667,579.43,582.39,1.689,-2.333,2.88
6771,225.7,579.68,582.52,3.28,-1.739,3.713
6772,225.733,580.2,582.63,5.077,-5.069,7.174
6773,225.767,580.79,583.22,6.892,-10.794,12.807
6774,225.8,581.42,583.46,8.459,-17.801,19.709
6775,225.833,582.05,583.56,9.6,-25.111,26.883
6776,225.867,582.37,583.3,10.27,-31.65,33.275
6777,225.9,582.49,583.31,10.76,-36.593,38.142
6778,225.933,582.49,583.24,10.889,-38.806,40.305
6779,225.967,582.18,584.19,10.604,-39.481,40.88
6780,226.0,582.38,582.86,9.543,-38.204,39.377
6781,226.033,583.05,579.17,7.904,-35.471,36.341
6782,226.067,583.55,574.82,5.871,-31.236,31.783
6783,226.1,584.1,570.29,4.001,-25.881,26.188
6784,226.133,584.58,566.55,2.554,-19.499,19.665
6785,226.167,585.16,562.12,1.987,-12.695,12.85
6786,226.2,585.03,561.94,1.977,-5.789,6.117
6787,226.233,584.58,565.87,2.141,1.177,2.444
6788,226.267,584.31,569.43,2.249,8.048,8.356
6789,226.3,584.2,573.15,2.265,14.451,14.628
6790,226.333,584.0,576.7,2.001,20.461,20.559
6791,226.367,583.66,579.33,1.43,25.901,25.941
6792,226.4,583.35,580.7,0.737,30.263,30.272
6793,226.433,583.32,579.39,-0.148,32.992,32.992
6794,226.467,583.36,579.52,-1.196,34.164,34.185
6795,226.5,583.8,579.23,-2.203,32.766,32.84
6796,226.533,584.69,578.78,-3.184,29.531,29.702
6797,226.567,585.75,578.02,-3.97,24.75,25.066
6798,226.6,585.93,577.69,-4.179,18.615,19.079
6799,226.633,585.56,577.82,-3.796,13.199,13.734
6800,226.667,584.64,578.78,-2.563,8.332,8.718
6801,226.7,583.89,580.09,-0.961,5.716,5.796
6802,226.733,583.49,581.28,0.699,4.704,4.756
6803,226.767,583.26,582.62,2.263,5.201,5.672
6804,226.8,582.95,583.83,3.506,8.58,9.268
6805,226.833,582.9,584.45,4.402,12.141,12.915
6806,226.867,582.82,584.56,5.208,13.598,14.561
6807,226.9,582.57,585.19,5.81,14.801,15.9
6808,226.933,582.78,585.97,6.332,15.045,16.323
6809,226.967,583.45,585.58,6.832,15.198,16.663
6810,227.0,584.7,584.54,7.283,14.489,16.216
6811,227.033,586.32,582.41,7.544,14.039,15.938
6812,227.067,587.56,581.79,6.964,14.163,15.783
6813,227.1,588.15,583.19,5.268,13.331,14.334
6814,227.133,588.31,582.84,2.75,10.732,11.079
6815,227.167,587.19,584.84,-0.344,8.641,8.648
6816,227.2,585.84,587.89,-3.664,4.551,5.843
6817,227.233,585.02,591.72,-6.989,-0.723,7.027
6818,227.267,584.59,592.45,-9.743,-6.043,11.465
6819,227.3,584.51,588.32,-11.732,-11.292,16.284
6820,227.333,584.41,586.89,-13.072,-15.573,20.332
6821,227.367,583.82,589.19,-13.738,-19.584,23.922
6822,227.4,583.67,587.05,-13.557,-21.496,25.414
6823,227.433,583.47,585.78,-12.072,-21.183,24.381
6824,227.467,583.0,584.89,-9.787,-21.386,23.519
6825,227.5,582.5,584.35,-6.967,-20.931,22.06
6826,227.533,581.74,581.39,-3.793,-19.344,19.712
6827,227.567,581.62,576.87,-0.72,-16.091,16.107
6828,227.6,581.58,575.74,1.515,-11.898,11.994
6829,227.633,581.62,577.51,2.834,-9.028,9.463
6830,227.667,581.9,575.06,3.213,-5.026,5.966
6831,227.7,582.65,578.1,3.662,-1.176,3.846
6832,227.733,583.71,580.93,4.619,1.46,4.844
6833,227.767,583.85,582.6,6.229,1.567,6.424
6834,227.8,583.59,584.44,8.01,0.143,8.011
6835,227.833,583.9,584.44,9.574,-0.26,9.578
6836,227.867,584.24,586.47,10.701,-0.496,10.712
6837,227.9,584.53,584.91,11.548,-2.54,11.823
6838,227.933,584.16,580.81,11.649,-4.559,12.509
6839,227.967,584.52,581.04,11.003,-6.967,13.024
6840,228.0,585.08,579.68,9.882,-9.923,14.004
6841,228.033,585.05,577.67,8.729,-13.556,16.123
6842,228.067,584.67,575.85,7.799,-16.345,18.11
6843,228.1,585.31,574.67,6.98,-16.569,17.979
6844,228.133,586.34,577.03,6.524,-15.068,16.419
6845,228.167,587.73,576.82,5.932,-13.108,14.388
6846,228.2,588.4,576.91,5.491,-8.551,10.162
6847,228.233,588.62,577.21,5.288,-4.016,6.64
6848,228.267,587.89,577.85,4.836,-0.02,4.836
6849,228.3,587.39,578.04,4.233,3.328,5.384
6850,228.333,586.94,578.03,3.423,5.435,6.423
6851,228.367,586.6,578.08,2.09,6.841,7.153
6852,228.4,586.24,577.88,0.438,6.031,6.047
6853,228.433,586.47,577.57,-1.397,4.366,4.584
6854,228.467,586.96,577.61,-2.856,3.491,4.51
6855,228.5,587.52,577.84,-4.189,1.625,4.493
6856,228.533,587.48,578.12,-5.574,-0.407,5.589
6857,228.567,587.51,578.3,-6.846,-1.959,7.121
6858,228.6,587.46,578.24,-7.603,-2.602,8.036
6859,228.633,586.8,578.14,-7.92,-2.096,8.193
6860,228.667,587.28,577.85,-7.863,-2.207,8.167
6861,228.7,587.17,577.61,-7.931,-1.95,8.167
6862,228.733,586.07,577.52,-8.407,-1.457,8.532
6863,228.767,584.95,577.37,-9.474,-0.863,9.513
6864,228.8,584.03,577.42,-10.404,-0.536,10.418
6865,228.833,583.72,577.44,-11.096,-0.521,11.108
6866,228.867,583.88,577.31,-11.118,-0.765,11.144
6867,228.9,583.83,577.29,-10.609,-1.083,10.664
6868,228.933,583.71,577.31,-9.002,-1.341,9.101
6869,228.967,583.34,577.36,-6.973,-1.045,7.05
6870,229.0,582.97,577.56,-4.85,-0.555,4.882
6871,229.033,582.81,577.74,-2.407,0.397,2.439
6872,229.067,583.15,577.99,-0.09,1.751,1.754
6873,229.1,583.66,578.19,2.191,3.516,4.143
6874,229.133,583.66,578.14,4.375,5.696,7.182
6875,229.167,583.06,578.07,6.632,8.19,10.538
6876,229.2,582.38,577.99,7.658,10.791,13.232
6877,229.233,582.41,577.92,7.37,13.388,15.282
6878,229.267,583.29,577.83,6.497,15.331,16.65
6879,229.3,584.04,578.01,5.986,16.729,17.768
6880,229.333,584.93,578.69,5.886,17.383,18.353
6881,229.367,585.22,579.8,6.056,17.37,18.396
6882,229.4,585.96,580.8,6.031,16.904,17.947
6883,229.433,585.59,582.14,5.814,16.76,17.74
6884,229.467,585.83,582.89,5.317,14.953,15.87
6885,229.5,586.28,584.29,4.278,12.362,13.081
6886,229.533,585.56,584.98,2.857,9.613,10.029
6887,229.567,585.79,585.41,0.999,7.069,7.14
6888,229.6,585.41,585.43,-1.567,4.956,5.198
6889,229.633,584.67,585.07,-4.518,3.42,5.667
6890,229.667,583.66,584.32,-7.387,2.657,7.851
6891,229.7,583.95,583.62,-9.431,2.954,9.883
6892,229.733,585.05,582.64,-9.899,1.089,9.959
6893,229.767,586.2,582.64,-9.064,-2.597,9.428
6894,229.8,585.87,582.48,-7.493,-6.702,10.053
6895,229.833,585.36,582.61,-5.348,-9.701,11.078
6896,229.867,584.41,582.7,-2.947,-12.296,12.644
6897,229.9,583.59,582.62,-0.841,-14.626,14.65
6898,229.933,582.6,580.39,0.56,-15.057,15.068
6899,229.967,581.59,582.56,1.911,-14.408,14.534
6900,230.0,581.51,583.95,3.036,-14.266,14.585
6901,230.033,581.59,584.37,3.529,-15.218,15.621
6902,230.067,582.22,584.07,3.701,-15.928,16.352
6903,230.1,583.67,582.85,3.225,-15.947,16.27
6904,230.133,584.86,580.63,2.855,-16.392,16.638
6905,230.167,586.06,577.22,2.983,-16.682,16.947
6906,230.2,586.88,571.73,3.311,-15.574,15.922
6907,230.233,586.58,573.1,3.124,-13.058,13.426
6908,230.267,586.09,575.89,2.094,-9.645,9.87
6909,230.3,585.48,577.8,-0.127,-5.69,5.691
6910,230.333,584.58,577.26,-2.362,-1.652,2.883
6911,230.367,583.32,578.19,-4.677,2.026,5.097
6912,230.4,583.26,579.65,-7.053,5.186,8.754
6913,230.433,583.44,577.41,-9.413,7.719,12.173
6914,230.467,583.27,575.19,-11.373,10.87,15.732
6915,230.5,582.71,576.51,-12.528,13.49,18.41
6916,230.533,582.42,579.05,-12.739,14.595,19.372
6917,230.567,582.72,579.66,-11.844,14.211,18.499
6918,230.6,583.04,579.01,-10.237,12.448,16.117
6919,230.633,582.27,581.02,-8.789,9.874,13.219
6920,230.667,580.82,582.72,-7.904,7.221,10.705
6921,230.7,580.41,582.18,-7.947,5.043,9.412
6922,230.733,580.62,580.94,-9.154,6.829,11.421
6923,230.767,580.65,580.71,-10.685,9.36,14.205
6924,230.8,580.98,579.93,-12.161,11.044,16.428
6925,230.833,579.94,579.82,-13.736,11.427,17.868
6926,230.867,578.98,580.17,-15.23,10.981,18.776
6927,230.9,578.6,580.79,-16.206,10.125,19.108
6928,230.933,578.47,581.87,-17.045,7.545,18.64
6929,230.967,578.41,583.3,-18.356,5.521,19.168
6930,231.0,578.35,582.47,-20.261,5.585,21.016
6931,231.033,577.53,583.01,-21.652,4.843,22.187
6932,231.067,576.13,583.64,-21.664,3.075,21.881
6933,231.1,574.63,584.31,-20.614,1.162,20.647
6934,231.133,573.54,584.55,-18.961,0.155,18.962
6935,231.167,572.96,584.51,-16.276,-1.243,16.323
6936,231.2,572.71,585.77,-12.219,-4.732,13.103
6937,231.233,573.12,583.65,-7.85,-8.981,11.928
6938,231.267,572.88,581.81,-3.675,-14.113,14.583
6939,231.3,572.01,580.55,0.59,-20.297,20.306
6940,231.333,571.64,579.85,4.906,-25.874,26.335
6941,231.367,571.51,580.69,9.264,-28.775,30.229
6942,231.4,571.46,579.3,13.683,-28.013,31.176
6943,231.433,571.45,579.61,17.694,-24.692,30.377
6944,231.467,572.87,579.37,20.952,-19.402,28.555
6945,231.5,575.91,576.85,23.222,-14.394,27.321
6946,231.533,578.18,577.37,24.222,-10.056,26.226
6947,231.567,578.72,576.91,24.243,-7.799,25.467
6948,231.6,578.87,575.96,23.385,-8.05,24.731
6949,231.633,579.24,573.89,22.459,-9.241,24.286
6950,231.667,579.22,571.03,21.303,-10.605,23.796
6951,231.7,578.98,571.17,19.689,-11.34,22.721
6952,231.733,579.93,571.12,17.462,-11.75,21.047
6953,231.767,581.31,573.69,14.241,-11.186,18.109
6954,231.8,581.97,578.17,10.32,-9.504,14.03
6955,231.833,581.52,582.19,6.218,-6.9,9.289
6956,231.867,581.78,582.28,2.598,-3.678,4.504
6957,231.9,581.75,578.68,-0.095,-0.886,0.891
6958,231.933,581.79,575.05,-1.481,2.284,2.722
6959,231.967,581.86,569.75,-1.589,4.75,5.009
6960,232.0,581.82,566.58,-1.28,6.38,6.507
6961,232.033,581.85,566.03,-1.795,8.393,8.582
6962,232.067,581.68,568.19,-3.408,9.216,9.826
6963,232.1,582.1,572.97,-5.056,9.345,10.625
6964,232.133,581.25,575.95,-5.829,9.303,10.979
6965,232.167,580.51,578.35,-6.217,9.754,11.566
6966,232.2,579.93,579.41,-5.584,11.819,13.071
6967,232.233,579.58,578.66,-3.965,14.284,14.824
6968,232.267,579.57,579.08,-2.858,17.275,17.51
6969,232.3,580.02,579.18,-2.703,19.475,19.662
6970,232.333,581.04,579.15,-3.387,18.941,19.241
6971,232.367,581.23,578.98,-3.937,14.799,15.314
6972,232.4,580.77,578.7,-4.403,9.36,10.344
6973,232.433,579.68,578.31,-5.177,3.973,6.526
6974,232.467,578.84,578.09,-6.055,-0.923,6.125
6975,232.5,578.54,578.12,-6.853,-3.734,7.805
6976,232.533,578.83,578.09,-7.957,-4.412,9.098
6977,232.567,579.99,578.63,-8.675,-3.311,9.285
6978,232.6,580.65,578.96,-9.413,-1.771,9.578
6979,232.633,579.73,578.76,-10.279,-1.22,10.352
6980,232.667,579.36,578.79,-10.395,-0.423,10.403
6981,232.7,577.64,578.39,-10.489,-0.288,10.493
6982,232.733,575.74,578.38,-10.266,-1.144,10.329
6983,232.767,575.56,578.63,-9.434,-0.583,9.452
6984,232.8,575.69,578.8,-7.471,0.104,7.472
6985,232.833,576.28,579.67,-4.788,0.557,4.82
6986,232.867,576.16,580.84,-3.21,0.415,3.237
6987,232.9,575.44,579.29,-2.164,-0.171,2.171
6988,232.933,575.87,578.22,-1.075,-1.118,1.551
6989,232.967,576.05,577.36,0.044,-2.322,2.322
6990,233.0,575.85,576.95,1.073,-3.829,3.977
6991,233.033,576.74,577.02,1.696,-4.128,4.463
6992,233.067,576.17,577.18,1.438,-4.058,4.305
6993,233.1,576.54,578.39,-0.503,-4.095,4.126
6994,233.133,576.47,579.63,-3.661,-3.894,5.345
6995,233.167,575.54,578.56,-7.119,-3.605,7.979
6996,233.2,576.35,578.51,-11.006,-3.124,11.441
6997,233.233,577.01,580.0,-14.407,-2.409,14.607
6998,233.267,577.2,577.91,-16.791,-2.179,16.932
6999,233.3,575.59,576.59,-18.535,-1.806,18.623
7000,233.333,573.29,575.8,-19.663,-0.592,19.672
7001,233.367,573.41,575.84,-20.564,0.05,20.564
7002,233.4,572.76,575.94,-21.007,-0.537,21.013
7003,233.433,571.04,576.36,-20.663,-1.91,20.751
7004,233.467,569.76,577.31,-20.073,-3.541,20.383
7005,233.5,568.63,579.06,-19.116,-5.283,19.833
7006,233.533,567.83,577.46,-17.368,-7.333,18.853
7007,233.567,567.61,577.25,-15.959,-8.711,18.182
7008,233.6,568.29,577.37,-13.901,-8.906,16.51
7009,233.633,568.4,576.6,-11.681,-8.977,14.732
7010,233.667,568.29,576.47,-8.965,-9.41,12.997
7011,233.7,568.22,575.77,-5.995,-9.56,11.284
7012,233.733,568.11,575.3,-3.528,-9.281,9.929
7013,233.767,568.08,576.33,-1.651,-9.583,9.724
7014,233.8,567.8,575.96,-0.243,-8.65,8.654
7015,233.833,567.3,573.45,0.524,-7.062,7.081
7016,233.867,566.98,572.15,1.508,-4.848,5.077
7017,233.9,566.79,571.0,1.619,-2.038,2.602
7018,233.933,566.82,571.87,1.32,1.062,1.694
7019,233.967,567.1,572.36,0.625,3.96,4.009
7020,234.0,567.4,573.4,0.746,6.57,6.612
7021,234.033,567.16,575.76,1.826,7.905,8.114
7022,234.067,568.08,576.43,3.84,9.382,10.137
7023,234.1,568.37,575.84,5.937,10.964,12.468
7024,234.133,568.61,575.82,7.896,13.181,15.365
7025,234.167,568.05,576.05,9.725,15.348,18.17
7026,234.2,568.75,577.26,11.323,16.33,19.872
7027,234.233,569.18,577.44,12.349,15.998,20.209
7028,234.267,569.12,577.52,13.091,14.172,19.293
7029,234.3,568.14,576.94,13.095,9.617,16.247
7030,234.333,569.04,577.33,11.509,3.259,11.962
7031,234.367,569.61,577.8,8.79,-1.94,9.001
7032,234.4,570.41,577.59,5.846,-5.3,7.891
7033,234.433,570.91,577.75,2.917,-7.209,7.777
7034,234.467,573.16,578.58,0.321,-8.478,8.484
7035,234.5,573.18,578.71,-1.96,-8.823,9.038
7036,234.533,572.72,579.2,-3.922,-8.653,9.5
7037,234.567,571.79,579.85,-5.231,-8.902,10.325
7038,234.6,571.92,579.23,-6.999,-8.776,11.225
7039,234.633,571.16,575.84,-9.145,-7.947,12.115
7040,234.667,570.2,573.34,-11.355,-6.846,13.259
7041,234.7,569.12,572.02,-12.715,-4.261,13.41
7042,234.733,568.35,571.62,-13.601,-1.462,13.68
7043,234.767,566.57,572.02,-13.906,1.454,13.982
7044,234.8,565.19,574.38,-13.184,4.008,13.78
7045,234.833,566.24,577.52,-11.608,6.405,13.258
7046,234.867,567.73,578.18,-9.751,8.08,12.664
7047,234.9,568.09,577.06,-7.873,9.207,12.114
7048,234.933,568.36,577.18,-5.675,10.344,11.798
7049,234.967,568.02,577.48,-2.925,12.418,12.758
7050,235.0,567.44,577.62,-1.018,13.717,13.755
7051,235.033,566.64,578.05,0.673,13.853,13.869
7052,235.067,565.56,578.66,2.052,11.884,12.06
7053,235.1,565.67,578.6,2.493,7.198,7.617
7054,235.133,566.53,579.1,2.032,0.28,2.051
7055,235.167,567.33,580.44,0.756,-6.429,6.473
7056,235.2,567.53,578.67,-1.229,-12.317,12.378
7057,235.233,567.42,577.38,-3.601,-17.09,17.465
7058,235.267,567.07,576.35,-6.084,-20.627,21.506
7059,235.3,565.93,576.07,-7.711,-22.483,23.769
7060,235.333,566.34,576.16,-7.603,-24.944,26.077
7061,235.367,566.43,576.76,-6.255,-28.231,28.916
7062,235.4,567.42,576.9,-3.991,-31.099,31.354
7063,235.433,567.47,576.36,-1.094,-32.309,32.328
7064,235.467,566.74,572.39,1.206,-31.847,31.87
7065,235.5,565.95,569.68,2.965,-29.751,29.899
7066,235.533,564.78,567.4,4.167,-26.103,26.433
7067,235.567,563.58,566.24,4.831,-21.269,21.811
7068,235.6,564.27,566.13,5.831,-17.015,17.987
7069,235.633,564.02,566.88,7.003,-12.577,14.395
7070,235.667,564.53,566.94,7.927,-8.461,11.595
7071,235.7,565.7,566.92,8.371,-5.116,9.811
7072,235.733,567.3,566.79,7.7,-2.061,7.971
7073,235.767,569.05,566.73,6.487,0.384,6.498
7074,235.8,571.0,565.47,4.526,2.129,5.002
7075,235.833,571.87,567.31,2.305,2.957,3.749
7076,235.867,571.15,568.79,-0.664,2.953,3.027
7077,235.9,568.98,569.93,-3.523,2.393,4.259
7078,235.933,566.71,570.79,-6.031,1.921,6.33
7079,235.967,566.11,570.64,-8.357,2.115,8.62
7080,236.0,565.73,569.87,-9.746,3.885,10.492
7081,236.033,565.77,568.62,-9.687,7.269,12.111
7082,236.067,566.6,566.75,-8.995,11.509,14.607
7083,236.1,566.62,567.82,-7.363,16.152,17.751
7084,236.133,566.02,567.83,-5.659,20.226,21.002
7085,236.167,565.07,567.92,-2.457,24.464,24.587
7086,236.2,563.84,566.97,1.227,27.83,27.857
7087,236.233,564.29,567.61,4.825,30.729,31.105
7088,236.267,563.99,569.29,8.006,33.687,34.625
7089,236.3,564.72,571.97,10.13,35.228,36.655
7090,236.333,566.28,575.48,10.054,35.98,37.358
7091,236.367,568.5,579.28,8.225,35.367,36.311
7092,236.4,569.89,582.1,5.829,32.223,32.746
7093,236.433,569.58,583.19,4.377,26.725,27.081
7094,236.467,570.02,582.14,3.8,18.796,19.176
7095,236.5,569.47,581.88,4.197,9.823,10.682
7096,236.533,567.42,580.36,4.854,0.797,4.919
7097,236.567,567.45,580.02,5.149,-8.425,9.873
7098,236.6,567.66,579.77,4.38,-15.557,16.162
7099,236.633,568.39,580.7,2.571,-21.434,21.587
7100,236.667,566.97,578.52,0.765,-24.828,24.84
7101,236.7,566.69,578.3,-0.99,-26.451,26.47
7102,236.733,566.75,576.93,-2.462,-24.893,25.014
7103,236.767,566.51,573.63,-3.774,-21.175,21.508
7104,236.8,566.67,572.86,-4.104,-15.701,16.228
7105,236.833,568.46,572.74,-3.387,-9.389,9.981
7106,236.867,570.14,570.86,-2.732,-2.931,4.007
7107,236.9,570.89,571.39,-2.411,2.452,3.439
7108,236.933,570.01,572.26,-2.175,7.644,7.947
7109,236.967,569.83,574.33,-2.006,11.828,11.997
7110,237.0,567.76,575.44,-2.625,15.829,16.045
7111,237.033,566.38,576.0,-3.235,18.781,19.058
7112,237.067,565.64,579.04,-2.764,20.993,21.174
7113,237.1,565.37,579.91,-1.945,21.701,21.788
7114,237.133,565.97,580.45,-1.668,21.014,21.08
7115,237.167,565.34,579.32,-1.899,17.962,18.062
7116,237.2,565.53,579.8,-1.384,14.363,14.43
7117,237.233,566.77,578.98,-0.865,9.839,9.877
7118,237.267,567.69,579.25,-0.608,5.312,5.347
7119,237.3,568.23,579.5,-0.518,1.859,1.93
7120,237.333,567.76,580.33,-0.024,-0.866,0.866
7121,237.367,568.51,580.81,0.334,-2.846,2.865
7122,237.4,568.42,582.08,0.593,-3.177,3.232
7123,237.433,567.35,580.24,0.485,-1.343,1.428
7124,237.467,567.2,579.72,0.486,1.623,1.694
7125,237.5,567.73,578.62,-0.374,3.951,3.969
7126,237.533,567.49,578.0,-1.353,6.019,6.17
7127,237.567,566.81,577.92,-2.353,7.477,7.839
7128,237.6,565.69,578.6,-2.667,6.732,7.241
7129,237.633,566.13,579.15,-2.127,5.184,5.603
7130,237.667,565.91,580.51,-0.762,2.617,2.725
7131,237.7,565.21,581.67,1.557,1.666,2.28
7132,237.733,565.42,582.29,4.407,0.878,4.494
7133,237.767,566.39,582.27,7.057,0.997,7.127
7134,237.8,568.36,583.05,9.268,1.487,9.387
7135,237.833,569.53,583.27,10.983,1.334,11.064
7136,237.867,569.99,583.09,13.168,0.17,13.169
7137,237.9,569.17,583.55,14.687,-1.444,14.757
7138,237.933,568.46,580.56,15.634,-4.561,16.286
7139,237.967,567.63,578.3,16.21,-6.884,17.611
7140,238.0,567.98,577.83,16.024,-8.68,18.224
7141,238.033,569.43,577.08,14.496,-8.715,16.914
7142,238.067,571.5,577.82,12.027,-7.203,14.019
7143,238.1,572.51,579.67,9.033,-4.291,10.0
7144,238.133,573.08,580.63,6.857,-1.089,6.943
7145,238.167,572.5,582.79,4.585,2.315,5.136
7146,238.2,572.52,581.22,2.668,5.213,5.856
7147,238.233,572.61,580.65,1.504,7.52,7.669
7148,238.267,572.75,579.53,1.087,8.413,8.483
7149,238.3,573.08,578.07,1.037,8.275,8.34
7150,238.333,573.43,578.68,0.549,7.026,7.047
7151,238.367,572.24,579.85,-0.332,4.773,4.785
7152,238.4,571.47,580.32,-1.28,1.002,1.626
7153,238.433,570.63,582.31,-1.916,-3.198,3.728
7154,238.467,570.35,583.16,-2.064,-5.847,6.201
7155,238.5,570.26,584.07,-1.362,-6.72,6.857
7156,238.533,570.84,583.14,-0.09,-6.294,6.295
7157,238.567,571.72,582.04,1.219,-4.719,4.874
7158,238.6,572.98,580.28,1.736,-2.866,3.351
7159,238.633,572.57,579.55,2.169,-1.416,2.59
7160,238.667,572.77,578.74,2.895,-0.197,2.901
7161,238.7,572.88,578.04,3.504,0.269,3.515
7162,238.733,573.17,576.86,3.944,1.009,4.071
7163,238.767,572.99,577.6,4.289,1.712,4.618
7164,238.8,572.75,578.57,3.866,2.698,4.714
7165,238.833,572.62,579.09,2.243,3.705,4.331
7166,238.867,572.49,579.91,-0.792,3.77,3.852
7167,238.9,571.91,582.87,-3.759,3.172,4.918
7168,238.933,571.86,583.22,-6.288,2.491,6.764
7169,238.967,571.94,583.04,-8.512,1.054,8.577
7170,239.0,572.11,582.55,-9.81,-0.298,9.814
7171,239.033,572.24,581.52,-9.935,-1.323,10.023
7172,239.067,572.29,581.15,-9.378,-2.381,9.676
7173,239.1,572.96,581.26,-8.36,-3.67,9.13
7174,239.133,572.49,581.22,-7.357,-4.781,8.774
7175,239.167,570.67,580.96,-5.706,-5.982,8.267
7176,239.2,570.38,579.29,-3.814,-6.94,7.919
7177,239.233,569.57,578.35,-1.862,-7.221,7.457
7178,239.267,568.12,577.2,-0.272,-5.958,5.965
7179,239.3,567.77,576.05,1.114,-2.803,3.016
7180,239.333,568.32,576.74,2.492,1.619,2.972
7181,239.367,569.79,578.75,3.82,6.982,7.959
7182,239.4,570.5,580.34,5.216,12.856,13.874
7183,239.433,570.76,581.83,7.263,15.763,17.356
7184,239.467,572.28,583.16,8.745,15.457,17.759
7185,239.5,572.72,583.05,9.429,12.523,15.676
7186,239.533,572.65,580.9,9.088,7.661,11.886
7187,239.567,572.83,580.24,7.918,2.767,8.387
7188,239.6,572.8,580.26,5.958,-2.221,6.358
7189,239.633,572.72,580.78,2.956,-7.045,7.641
7190,239.667,572.4,581.75,-0.233,-11.504,11.506
7191,239.7,572.08,582.98,-2.55,-16.473,16.67
7192,239.733,571.87,584.06,-4.548,-22.27,22.73
7193,239.767,572.15,584.61,-5.981,-27.859,28.494
7194,239.8,572.51,582.11,-6.244,-32.603,33.196
7195,239.833,572.53,578.99,-5.491,-35.771,36.19
7196,239.867,572.42,575.23,-4.182,-37.672,37.903
7197,239.9,571.78,570.12,-2.829,-38.156,38.26
7198,239.933,569.79,568.29,-1.259,-36.63,36.652
7199,239.967,569.47,569.35,0.613,-32.851,32.857
7200,240.0,569.57,570.95,1.954,-28.219,28.286
7201,240.033,570.29,572.9,2.984,-22.192,22.392
7202,240.067,570.93,572.45,3.888,-14.209,14.732
7203,240.1,571.85,571.85,4.564,-5.268,6.97
7204,240.133,572.85,570.01,5.004,4.098,6.468
7205,240.167,573.19,567.1,5.217,13.314,14.299
7206,240.2,573.05,565.84,5.324,21.701,22.345
7207,240.233,572.88,568.02,5.312,28.518,29.008
7208,240.267,572.9,569.44,5.159,32.986,33.387
7209,240.3,572.94,571.63,4.691,34.576,34.893
7210,240.333,572.81,574.48,3.74,34.553,34.754
7211,240.367,572.9,578.0,2.466,33.193,33.285
7212,240.4,572.85,580.52,0.887,31.095,31.108
7213,240.433,572.73,581.63,-0.768,30.227,30.237
7214,240.467,572.66,580.82,-1.55,30.063,30.103
7215,240.5,572.66,581.42,-1.924,29.484,29.547
7216,240.533,572.76,581.04,-1.904,27.721,27.786
7217,240.567,572.86,580.97,-1.756,24.27,24.333
7218,240.6,572.8,581.46,-1.368,19.342,19.39
7219,240.633,572.8,581.96,-0.906,12.657,12.689
7220,240.667,572.75,582.4,-0.55,5.019,5.05
7221,240.7,572.65,582.67,-0.263,-1.482,1.505
7222,240.733,572.68,582.71,0.086,-6.253,6.254
7223,240.767,572.78,582.83,-0.005,-9.895,9.895
7224,240.8,572.73,582.99,-0.162,-11.663,11.664
7225,240.833,572.75,582.75,-0.407,-11.504,11.511
7226,240.867,572.56,582.88,-0.889,-10.5,10.537
7227,240.9,572.36,583.56,-1.139,-9.536,9.603
7228,240.933,572.33,583.36,-1.639,-8.714,8.867
7229,240.967,572.39,582.47,-1.433,-7.759,7.89
7230,241.0,572.62,580.87,-0.109,-5.978,5.979
7231,241.033,572.87,579.27,1.527,-4.05,4.328
7232,241.067,573.23,576.96,3.3,-1.785,3.752
7233,241.1,573.36,575.94,5.213,0.559,5.243
7234,241.133,573.26,576.49,7.178,2.99,7.776
7235,241.167,572.91,578.64,8.992,4.832,10.208
7236,241.2,572.62,580.5,10.825,7.237,13.021
7237,241.233,572.31,582.35,12.652,9.796,16.0
7238,241.267,573.36,583.44,14.154,11.65,18.331
7239,241.3,573.79,583.98,15.345,12.149,19.573
7240,241.333,574.4,583.33,16.175,10.953,19.534
7241,241.367,575.92,583.42,16.68,8.224,18.598
7242,241.4,576.54,583.49,16.688,4.296,17.232
7243,241.433,578.7,583.33,16.302,-1.156,16.343
7244,241.467,579.24,582.86,15.416,-6.107,16.581
7245,241.5,578.4,582.49,14.096,-10.216,17.409
7246,241.533,578.69,581.95,12.385,-13.295,18.17
7247,241.567,579.06,581.75,10.122,-14.959,18.062
7248,241.6,579.16,581.94,7.329,-14.52,16.265
7249,241.633,579.35,581.43,4.414,-12.463,13.222
7250,241.667,579.79,582.17,1.584,-9.127,9.263
7251,241.7,579.72,579.9,-0.966,-5.166,5.256
7252,241.733,579.47,577.35,-2.901,-1.188,3.134
7253,241.767,579.55,576.03,-3.985,2.174,4.54
7254,241.8,579.31,575.92,-4.738,4.701,6.675
7255,241.833,579.1,576.95,-4.654,6.329,7.855
7256,241.867,578.51,579.01,-3.959,7.548,8.524
7257,241.9,578.38,581.09,-3.23,7.975,8.604
7258,241.933,578.18,584.19,-1.481,8.212,8.345
7259,241.967,578.2,584.06,-0.449,8.539,8.551
7260,242.0,578.17,583.53,0.231,8.646,8.649
7261,242.033,578.01,583.4,1.279,8.093,8.193
7262,242.067,578.32,582.9,2.025,7.031,7.317
7263,242.1,578.75,582.4,2.391,5.19,5.714
7264,242.133,578.75,582.64,2.555,2.524,3.592
7265,242.167,578.76,582.48,2.184,-0.521,2.246
7266,242.2,579.08,581.43,1.876,-4.421,4.803
7267,242.233,579.22,580.74,2.022,-7.658,7.92
7268,242.267,579.47,580.31,2.053,-9.476,9.695
7269,242.3,579.77,580.32,1.623,-10.004,10.135
7270,242.333,579.61,580.61,0.636,-9.401,9.423
7271,242.367,579.8,581.18,-1.001,-8.169,8.23
7272,242.4,580.15,582.18,-3.087,-6.863,7.525
7273,242.433,578.67,581.85,-5.186,-5.678,7.69
7274,242.467,578.3,580.52,-6.376,-5.707,8.557
7275,242.5,578.06,579.6,-6.846,-5.857,9.01
7276,242.533,577.67,579.4,-6.982,-5.873,9.124
7277,242.567,577.76,579.2,-6.962,-5.909,9.131
7278,242.6,577.95,579.48,-6.996,-5.759,9.062
7279,242.633,578.06,579.59,-7.333,-5.218,9.0
7280,242.667,579.02,579.6,-7.637,-4.644,8.938
7281,242.7,578.34,579.22,-7.461,-3.785,8.367
7282,242.733,576.62,578.88,-6.705,-2.164,7.045
7283,242.767,575.78,578.51,-5.423,0.267,5.429
7284,242.8,575.18,578.52,-3.926,3.272,5.111
7285,242.833,575.16,578.58,-2.597,6.163,6.688
7286,242.867,575.77,579.04,-1.154,10.492,10.555
7287,242.9,577.18,579.54,0.031,15.846,15.846
7288,242.933,578.06,579.84,0.613,20.325,20.334
7289,242.967,577.16,580.32,1.737,23.783,23.846
7290,243.0,576.04,581.06,2.821,25.375,25.531
7291,243.033,575.51,581.91,3.933,27.161,27.444
7292,243.067,575.62,582.95,5.041,27.935,28.387
7293,243.1,575.95,584.21,5.88,27.417,28.04
7294,243.133,576.94,585.39,6.213,26.542,27.26
7295,243.167,578.07,586.7,6.132,26.73,27.424
7296,243.2,578.56,587.8,5.181,26.272,26.778
7297,243.233,578.35,588.94,4.0,24.68,25.002
7298,243.267,578.02,589.87,3.072,21.337,21.557
7299,243.3,577.8,591.2,2.207,18.232,18.365
7300,243.333,578.01,593.95,1.382,16.059,16.118
7301,243.367,577.84,592.61,0.272,13.973,13.976
7302,243.4,577.82,589.89,-1.477,10.746,10.847
7303,243.433,578.04,588.84,-3.841,9.427,10.18
7304,243.467,577.67,588.47,-6.64,9.175,11.326
7305,243.5,577.6,591.65,-9.027,9.571,13.157
7306,243.533,577.2,590.9,-10.61,9.911,14.519
7307,243.567,576.92,592.1,-11.748,9.771,15.28
7308,243.6,576.65,594.67,-12.244,10.32,16.013
7309,243.633,576.61,595.22,-12.38,9.532,15.625
7310,243.667,576.27,591.82,-12.436,6.592,14.075
7311,243.7,575.46,590.94,-12.723,3.034,13.08
7312,243.733,574.37,591.63,-13.294,-1.493,13.378
7313,243.767,573.53,594.93,-13.68,-6.575,15.178
7314,243.8,572.74,595.24,-13.605,-11.897,18.073
7315,243.833,572.22,593.59,-13.0,-17.511,21.809
7316,243.867,572.33,593.49,-11.86,-24.462,27.185
7317,243.9,573.09,596.56,-10.282,-30.68,32.357
7318,243.933,572.98,593.17,-8.323,-34.845,35.825
7319,243.967,572.54,590.5,-6.627,-36.861,37.452
7320,244.0,572.02,587.75,-5.033,-37.278,37.616
7321,244.033,571.36,585.71,-3.549,-37.118,37.287
7322,244.067,571.52,584.39,-2.069,-35.95,36.009
7323,244.1,571.02,579.7,-0.482,-35.239,35.242
7324,244.133,571.02,578.46,1.459,-35.009,35.04
7325,244.167,570.91,579.96,2.76,-35.244,35.352
7326,244.2,570.97,578.92,3.573,-33.043,33.236
7327,244.233,571.64,579.24,3.728,-28.702,28.943
7328,244.267,572.22,579.23,3.646,-22.837,23.126
7329,244.3,572.62,579.1,3.37,-17.292,17.617
7330,244.333,572.92,578.79,3.01,-12.432,12.791
7331,244.367,572.57,578.7,2.691,-8.829,9.23
7332,244.4,572.48,578.23,2.588,-7.599,8.028
7333,244.433,572.02,577.54,1.787,-10.737,10.884
7334,244.467,572.39,575.99,1.516,-14.037,14.118
7335,244.5,572.99,575.48,1.489,-16.993,17.058
7336,244.533,573.32,572.8,1.683,-18.43,18.506
7337,244.567,573.68,572.38,2.087,-19.913,20.022
7338,244.6,573.48,573.84,2.401,-20.931,21.068
7339,244.633,572.13,573.64,2.797,-20.691,20.879
7340,244.667,572.04,574.89,3.291,-20.499,20.761
7341,244.7,571.64,574.86,4.318,-20.373,20.825
7342,244.733,572.13,573.58,6.088,-19.216,20.158
7343,244.767,572.48,571.09,7.656,-17.706,19.291
7344,244.8,573.01,567.26,8.518,-15.845,17.99
7345,244.833,573.86,564.56,8.738,-15.288,17.609
7346,244.867,574.8,564.72,8.287,-15.028,17.161
7347,244.9,574.92,566.57,7.415,-15.137,16.855
7348,244.933,576.22,569.47,6.441,-15.303,16.603
7349,244.967,575.44,570.16,5.788,-15.043,16.118
7350,245.0,575.19,569.79,4.861,-14.826,15.603
7351,245.033,575.01,566.85,2.927,-15.464,15.738
7352,245.067,575.15,566.39,-0.193,-15.59,15.591
7353,245.1,575.21,564.02,-4.22,-15.517,16.081
7354,245.133,575.75,564.28,-8.553,-15.699,17.878
7355,245.167,576.06,566.0,-12.024,-14.99,19.217
7356,245.2,575.52,565.3,-14.619,-14.351,20.486
7357,245.233,573.87,564.24,-15.592,-12.005,19.679
7358,245.267,572.93,562.82,-15.08,-7.601,16.888
7359,245.3,572.75,560.86,-13.618,-2.341,13.818
7360,245.333,572.45,562.5,-10.932,4.263,11.734
7361,245.367,572.21,562.73,-7.682,11.588,13.903
7362,245.4,572.23,562.91,-4.393,17.963,18.492
7363,245.433,571.49,562.66,-1.172,21.918,21.95
7364,245.467,570.13,561.18,1.45,22.73,22.776
7365,245.5,569.01,561.62,4.455,22.406,22.844
7366,245.533,569.15,563.64,7.047,22.866,23.927
7367,245.567,570.46,566.71,9.563,24.485,26.286
7368,245.6,571.94,570.09,11.555,26.855,29.235
7369,245.633,573.55,573.13,12.754,29.282,31.939
7370,245.667,575.0,575.3,12.75,29.451,32.092
7371,245.7,576.11,577.55,11.388,25.756,28.161
7372,245.733,576.34,575.55,9.428,19.523,21.68
7373,245.767,575.76,571.43,7.692,11.398,13.751
7374,245.8,576.09,569.44,5.231,3.247,6.157
7375,245.833,575.22,567.89,2.271,-3.38,4.072
7376,245.867,574.63,567.53,-1.51,-9.068,9.193
7377,245.9,574.28,568.76,-5.55,-13.731,14.81
7378,245.933,574.57,572.02,-9.869,-17.075,19.722
7379,245.967,574.28,575.94,-13.325,-18.337,22.667
7380,246.0,573.35,577.49,-14.91,-16.299,22.09
7381,246.033,573.47,574.62,-14.117,-11.955,18.499
7382,246.067,572.66,572.32,-11.567,-5.787,12.934
7383,246.1,572.09,567.01,-7.888,1.945,8.125
7384,246.133,571.89,563.85,-4.139,8.879,9.797
7385,246.167,571.83,563.05,-1.175,13.462,13.514
7386,246.2,572.06,564.53,0.498,14.928,14.937
7387,246.233,571.38,566.85,0.904,12.503,12.535
7388,246.267,570.09,570.44,0.939,8.434,8.487
7389,246.3,570.72,572.8,1.363,4.709,4.903
7390,246.333,570.73,574.44,1.961,2.626,3.277
7391,246.367,572.2,574.35,3.388,3.73,5.039
7392,246.4,573.33,575.35,4.607,6.633,8.076
7393,246.433,574.99,576.25,5.632,10.731,12.119
7394,246.467,575.69,576.33,5.578,13.603,14.702
7395,246.5,575.48,575.52,4.488,13.019,13.771
7396,246.533,574.29,575.24,3.277,9.179,9.746
7397,246.567,573.03,573.83,1.44,3.727,3.995
7398,246.6,571.15,569.69,-0.501,-2.931,2.973
7399,246.633,570.34,567.53,-2.085,-7.747,8.022
7400,246.667,570.67,567.17,-3.24,-10.022,10.533
7401,246.7,572.1,568.43,-3.447,-9.386,9.999
7402,246.733,573.95,571.02,-3.657,-7.164,8.044
7403,246.767,574.88,574.05,-3.589,-4.355,5.643
7404,246.8,574.99,577.73,-2.623,-1.888,3.232
7405,246.833,574.11,578.76,-1.457,0.372,1.504
7406,246.867,572.16,576.21,-0.023,2.644,2.645
7407,246.9,571.71,574.78,1.336,4.884,5.063
7408,246.933,570.85,571.81,2.772,7.861,8.335
7409,246.967,571.08,569.75,3.503,10.213,10.797
7410,247.0,572.09,569.42,2.874,11.077,11.444
7411,247.033,572.39,569.5,1.51,10.494,10.603
7412,247.067,573.08,571.06,0.478,8.078,8.092
7413,247.1,574.1,573.27,0.193,4.441,4.445
7414,247.133,574.49,574.88,0.84,1.771,1.96
7415,247.167,574.56,575.84,2.279,-0.057,2.28
7416,247.2,573.01,575.1,3.983,0.328,3.996
7417,247.233,572.67,575.02,5.06,1.931,5.416
7418,247.267,572.8,575.94,5.172,4.073,6.583
7419,247.3,572.92,576.73,3.949,6.229,7.375
7420,247.333,573.06,577.3,2.092,6.918,7.228
7421,247.367,573.93,576.87,-0.168,6.116,6.119
7422,247.4,574.07,577.64,-2.22,4.853,5.337
7423,247.433,573.44,574.51,-3.818,2.534,4.582
7424,247.467,572.85,572.25,-4.47,0.129,4.472
7425,247.5,573.97,571.49,-4.584,-1.659,4.875
7426,247.533,574.79,571.46,-4.429,-3.396,5.581
7427,247.567,574.49,572.13,-3.993,-3.876,5.565
7428,247.6,573.45,573.57,-2.972,-2.573,3.931
7429,247.633,573.06,575.35,-2.165,-1.019,2.393
7430,247.667,572.48,578.37,-1.46,-0.032,1.461
7431,247.7,571.99,578.24,-0.253,-0.388,0.463
7432,247.733,572.01,578.57,1.839,-0.128,1.844
7433,247.767,571.57,578.12,4.3,-0.532,4.333
7434,247.8,572.21,576.32,6.631,-1.782,6.867
7435,247.833,572.01,574.16,9.063,-3.023,9.554
7436,247.867,572.5,572.27,11.785,-4.102,12.478
7437,247.9,573.94,571.32,13.575,-5.515,14.653
7438,247.933,574.45,571.38,14.494,-7.917,16.515
7439,247.967,574.92,572.59,14.556,-10.075,17.702
7440,248.0,575.64,573.65,13.946,-8.614,16.392
7441,248.033,576.11,576.07,11.951,-5.627,13.21
7442,248.067,577.2,576.71,8.635,-1.511,8.766
7443,248.1,577.03,574.15,4.521,3.472,5.7
7444,248.133,577.62,572.46,0.245,8.071,8.075
7445,248.167,578.2,571.85,-4.216,11.659,12.398
7446,248.2,577.21,573.3,-8.5,13.053,15.576
7447,248.233,576.72,572.56,-12.299,13.065,17.943
7448,248.267,576.19,574.44,-15.576,12.987,20.28
7449,248.3,576.08,576.43,-17.811,12.037,21.497
7450,248.333,575.15,576.62,-19.473,10.673,22.207
7451,248.367,573.05,575.9,-19.665,10.522,22.303
7452,248.4,571.89,576.86,-18.432,10.924,21.426
7453,248.433,570.79,578.05,-16.376,12.617,20.673
7454,248.467,570.52,581.88,-13.374,15.815,20.711
7455,248.5,570.44,578.83,-9.9,18.705,21.163
7456,248.533,570.38,578.37,-7.167,20.212,21.444
7457,248.567,570.28,578.03,-6.008,18.679,19.622
7458,248.6,570.31,577.17,-6.083,13.992,15.257
7459,248.633,570.36,577.64,-6.268,8.855,10.849
7460,248.667,570.54,578.63,-6.604,3.3,7.383
7461,248.7,570.82,580.01,-6.724,-0.955,6.791
7462,248.733,571.11,582.54,-5.678,-4.097,7.002
7463,248.767,571.41,581.51,-3.829,-5.445,6.656
7464,248.8,571.64,582.13,-1.15,-6.346,6.45
7465,248.833,572.23,583.56,1.578,-7.234,7.404
7466,248.867,571.99,582.48,4.045,-7.578,8.59
7467,248.9,571.02,583.1,6.889,-6.28,9.322
7468,248.933,569.5,581.63,9.503,-4.758,10.627
7469,248.967,567.58,577.71,12.612,-3.342,13.047
7470,249.0,565.88,574.86,15.404,-2.598,15.621
7471,249.033,566.2,573.39,17.734,-0.091,17.734
7472,249.067,569.37,573.48,19.177,2.738,19.372
7473,249.1,572.29,575.95,19.997,5.292,20.685
7474,249.133,574.87,577.82,20.237,7.589,21.613
7475,249.167,577.22,581.56,19.687,9.196,21.729
7476,249.2,578.55,582.6,18.493,9.778,20.919
7477,249.233,578.91,582.03,17.37,9.181,19.647
7478,249.267,578.96,582.07,15.87,9.071,18.28
7479,249.3,578.05,582.33,13.825,10.801,17.544
7480,249.333,577.2,582.65,10.91,12.774,16.799
7481,249.367,577.07,583.33,7.171,12.742,14.622
7482,249.4,576.79,582.73,3.345,10.925,11.426
7483,249.433,577.24,583.41,-0.391,6.312,6.324
7484,249.467,576.2,584.39,-3.217,-0.722,3.297
7485,249.5,575.87,582.11,-4.512,-6.95,8.286
7486,249.533,575.49,580.09,-3.928,-9.892,10.643
7487,249.567,576.08,578.61,-1.955,-8.363,8.588
7488,249.6,576.4,578.29,-0.016,-4.5,4.5
7489,249.633,576.69,579.31,1.754,0.056,1.755
7490,249.667,577.72,581.05,3.117,4.561,5.524
7491,249.7,578.73,583.96,3.857,7.054,8.04
7492,249.733,578.01,587.79,4.112,7.987,8.983
7493,249.767,577.81,586.02,3.864,8.219,9.082
7494,249.8,577.74,582.79,3.183,9.286,9.816
7495,249.833,578.45,579.49,2.544,10.818,11.113
7496,249.867,578.74,578.44,2.18,11.21,11.419
7497,249.9,578.11,579.28,1.633,10.957,11.078
7498,249.933,578.0,581.35,0.813,11.217,11.246
7499,249.967,577.37,586.53,-0.388,11.56,11.566
7500,250.0,576.85,590.61,-1.2,11.491,11.553
7501,250.033,576.82,590.75,-1.958,11.458,11.624
7502,250.067,577.05,587.01,-2.428,12.862,13.089
7503,250.1,577.55,585.46,-2.8,14.801,15.064
7504,250.133,577.86,584.0,-3.091,15.475,15.78
7505,250.167,578.14,583.55,-3.75,14.167,14.655
7506,250.2,578.03,584.36,-5.14,11.457,12.557
7507,250.233,577.58,586.47,-7.025,7.868,10.548
7508,250.267,577.45,589.32,-8.707,2.408,9.034
7509,250.3,577.14,588.68,-10.237,-2.411,10.517
7510,250.333,576.74,587.82,-11.326,-5.113,12.426
7511,250.367,575.93,590.25,-12.36,-4.379,13.113
7512,250.4,575.37,591.56,-13.428,-1.493,13.51
7513,250.433,575.26,591.51,-14.252,2.74,14.513
7514,250.467,574.61,590.28,-14.854,7.824,16.789
7515,250.5,573.85,588.13,-14.579,12.248,19.041
7516,250.533,573.49,587.8,-13.481,14.245,19.613
7517,250.567,573.06,584.5,-11.718,15.956,19.797
7518,250.6,572.11,582.6,-9.368,18.685,20.902
7519,250.633,571.22,584.56,-6.959,21.343,22.449
7520,250.667,571.47,588.74,-4.47,24.891,25.289
7521,250.7,572.0,592.65,-2.069,29.289,29.362
7522,250.733,571.9,594.48,0.257,33.761,33.762
7523,250.767,572.2,596.13,2.612,37.127,37.219
7524,250.8,572.64,597.58,4.735,37.953,38.248
7525,250.833,572.61,598.5,6.584,38.274,38.837
7526,250.867,572.46,598.0,8.09,37.065,37.938
7527,250.9,572.65,599.03,9.215,32.226,33.518
7528,250.933,573.44,600.53,10.143,24.638,26.644
7529,250.967,574.2,601.68,10.558,14.881,18.246
7530,251.0,574.31,600.85,10.863,3.912,11.546
7531,251.033,574.66,601.98,11.124,-7.226,13.265
7532,251.067,574.97,600.58,11.088,-18.645,21.693
7533,251.1,574.98,600.07,10.823,-27.994,30.013
7534,251.133,575.51,600.7,10.638,-34.136,35.756
7535,251.167,575.87,599.79,10.699,-39.117,40.554
7536,251.2,576.21,597.85,10.605,-44.501,45.747
7537,251.233,576.55,595.53,10.173,-50.37,51.387
7538,251.267,576.8,593.0,9.912,-56.161,57.029
7539,251.3,577.03,591.02,9.507,-60.339,61.084
7540,251.333,577.24,586.87,8.831,-61.842,62.469
7541,251.367,577.47,585.0,8.037,-60.002,60.538
7542,251.4,578.27,584.46,7.322,-53.979,54.473
7543,251.433,578.59,582.83,6.757,-46.399,46.889
7544,251.467,579.02,581.36,6.092,-38.895,39.369
7545,251.5,579.02,579.83,5.138,-32.697,33.098
7546,251.533,578.94,578.56,4.191,-28.072,28.383
7547,251.567,578.99,577.29,3.132,-25.193,25.387
7548,251.6,578.96,576.08,2.092,-22.874,22.97
7549,251.633,579.01,573.49,1.224,-21.369,21.404
7550,251.667,579.13,572.75,0.388,-21.378,21.382
7551,251.7,579.23,573.71,-0.449,-22.542,22.546
7552,251.733,579.38,575.4,-1.269,-24.356,24.39
7553,251.767,579.0,578.99,-1.982,-26.595,26.668
7554,251.8,578.83,580.55,-2.549,-29.008,29.12
7555,251.833,578.71,579.68,-2.886,-31.374,31.507
7556,251.867,578.8,576.35,-2.921,-32.796,32.926
7557,251.9,578.92,570.38,-2.699,-34.327,34.432
7558,251.933,578.78,566.12,-2.514,-36.595,36.681
7559,251.967,578.49,562.9,-2.185,-38.8,38.861
7560,252.0,578.39,561.3,-1.832,-40.286,40.328
7561,252.033,578.3,562.47,-1.393,-40.22,40.244
7562,252.067,578.33,562.46,-0.961,-37.841,37.854
7563,252.1,578.2,562.46,-0.608,-32.509,32.515
7564,252.133,578.18,562.34,-0.302,-24.688,24.689
7565,252.167,578.0,562.02,-0.042,-14.005,14.005
7566,252.2,578.07,561.83,0.066,-1.512,1.514
7567,252.233,578.24,561.48,0.014,11.264,11.264
7568,252.267,578.3,561.25,-0.224,23.16,23.162
7569,252.3,578.46,561.14,-0.441,32.081,32.084
7570,252.333,578.54,560.24,-0.768,37.68,37.688
7571,252.367,578.53,560.42,-0.929,40.035,40.046
7572,252.4,578.63,562.11,-1.138,40.046,40.062
7573,252.433,578.63,564.98,-1.58,40.664,40.695
7574,252.467,578.44,568.64,-1.913,41.626,41.67
7575,252.5,578.08,572.32,-2.118,42.598,42.65
7576,252.533,577.78,575.45,-2.292,42.942,43.003
7577,252.567,577.7,577.12,-2.28,40.996,41.059
7578,252.6,577.65,576.9,-2.147,37.052,37.114
7579,252.633,577.64,576.58,-1.869,30.133,30.191
7580,252.667,577.54,576.37,-1.431,21.028,21.077
7581,252.7,577.56,576.12,-0.868,11.922,11.953
7582,252.733,577.57,576.23,-0.19,2.375,2.382
7583,252.767,577.49,576.35,0.569,-7.111,7.134
7584,252.8,577.56,576.39,1.291,-15.869,15.922
7585,252.833,577.9,576.35,1.766,-23.109,23.176
7586,252.867,577.71,576.83,2.126,-27.5,27.582
7587,252.9,577.71,577.65,2.247,-29.456,29.541
7588,252.933,578.08,575.61,2.126,-28.563,28.642
7589,252.967,578.01,573.08,1.732,-25.061,25.121
7590,253.0,578.11,570.74,1.07,-20.229,20.257
7591,253.033,578.36,568.56,0.478,-14.995,15.003
7592,253.067,578.35,566.93,-0.051,-9.854,9.854
7593,253.1,578.28,565.69,-0.623,-5.055,5.093
7594,253.133,578.31,567.57,-1.048,-0.393,1.119
7595,253.167,578.16,569.85,-1.378,3.97,4.202
7596,253.2,578.24,568.92,-1.548,8.008,8.157
7597,253.233,578.11,569.67,-1.614,11.871,11.98
7598,253.267,577.76,570.99,-1.525,15.239,15.315
7599,253.3,577.57,572.44,-1.189,17.807,17.847
7600,253.333,577.66,573.61,-0.703,19.568,19.58
7601,253.367,577.45,574.22,-0.312,20.148,20.151
7602,253.4,577.53,576.24,0.252,18.893,18.894
7603,253.433,577.48,576.77,0.887,14.931,14.957
7604,253.467,577.55,575.96,1.311,10.985,11.063
7605,253.5,577.91,575.5,1.736,7.285,7.489
7606,253.533,577.91,575.12,2.088,3.067,3.71
7607,253.567,578.05,574.28,1.893,-0.011,1.893
7608,253.6,578.39,573.61,1.596,-2.415,2.894
7609,253.633,578.4,573.58,1.541,-4.187,4.462
7610,253.667,578.49,573.88,1.789,-7.131,7.352
7611,253.7,578.57,574.09,2.425,-11.785,12.032
7612,253.733,578.7,573.82,3.245,-15.726,16.057
7613,253.767,578.74,573.4,4.171,-19.712,20.149
7614,253.8,578.66,573.1,5.25,-23.742,24.316
7615,253.833,578.61,572.28,6.304,-26.227,26.974
7616,253.867,578.68,571.75,7.18,-27.927,28.835
7617,253.9,578.67,571.54,7.766,-28.702,29.734
7618,253.933,578.73,572.36,7.932,-29.803,30.841
7619,253.967,578.98,569.87,7.93,-30.977,31.976
7620,254.0,579.23,567.18,7.784,-32.187,33.115
7621,254.033,579.52,566.62,7.316,-33.161,33.959
7622,254.067,580.87,563.18,6.771,-33.903,34.573
7623,254.1,581.89,560.61,6.116,-34.251,34.793
7624,254.133,582.36,558.67,5.235,-34.388,34.784
7625,254.167,582.45,558.13,4.38,-34.371,34.648
7626,254.2,582.27,558.69,3.554,-34.862,35.043
7627,254.233,581.91,558.25,2.828,-36.027,36.138
7628,254.267,581.58,559.02,2.132,-37.913,37.973
7629,254.3,581.17,560.16,1.399,-40.593,40.617
7630,254.333,580.87,557.52,0.744,-44.078,44.084
7631,254.367,580.47,555.69,0.11,-47.681,47.681
7632,254.4,580.61,553.34,-0.374,-51.19,51.191
7633,254.433,580.96,551.09,-0.682,-54.085,54.089
7634,254.467,581.11,548.63,-0.261,-57.428,57.429
7635,254.5,581.21,547.19,0.355,-59.73,59.731
7636,254.533,581.43,544.92,0.234,-60.836,60.836
7637,254.567,581.55,542.33,-0.505,-61.926,61.929
7638,254.6,581.67,539.71,-2.281,-61.696,61.738
7639,254.633,581.83,537.4,-4.973,-60.066,60.272
7640,254.667,581.77,534.43,-8.239,-57.087,57.678
7641,254.7,581.58,532.18,-11.652,-53.213,54.474
7642,254.733,581.14,530.19,-14.724,-49.124,51.283
7643,254.767,580.6,528.88,-17.03,-44.533,47.678
7644,254.8,580.19,528.42,-18.349,-40.334,44.312
7645,254.833,579.63,528.65,-18.533,-37.403,41.743
7646,254.867,579.22,528.73,-17.621,-34.53,38.767
7647,254.9,578.44,528.66,-15.591,-32.349,35.91
7648,254.933,577.66,526.99,-12.907,-30.755,33.354
7649,254.967,575.3,525.49,-9.881,-29.775,31.372
7650,255.0,573.28,523.52,-6.568,-29.303,30.03
7651,255.033,573.33,521.67,-3.104,-29.577,29.739
7652,255.067,573.76,520.12,0.441,-30.78,30.783
7653,255.1,574.49,519.05,4.045,-32.546,32.796
7654,255.133,575.55,518.03,7.471,-33.929,34.742
7655,255.167,576.85,517.34,10.56,-35.584,37.118
7656,255.2,578.14,516.63,13.146,-36.918,39.188
7657,255.233,579.16,515.85,15.006,-37.767,40.639
7658,255.267,579.78,514.81,16.039,-38.009,41.255
7659,255.3,580.04,513.4,16.18,-37.783,41.102
7660,255.333,580.04,511.67,15.311,-38.005,40.974
7661,255.367,579.9,510.03,13.424,-38.674,40.937
7662,255.4,579.67,508.68,10.441,-39.721,41.071
7663,255.433,579.7,507.45,6.48,-42.016,42.513
7664,255.467,579.89,506.15,1.921,-44.63,44.671
7665,255.5,580.15,504.92,-1.997,-47.293,47.336
7666,255.533,580.55,502.92,-4.831,-49.659,49.893
7667,255.567,580.69,501.96,-7.097,-51.134,51.624
7668,255.6,580.53,500.97,-8.696,-51.627,52.354
7669,255.633,580.33,498.17,-9.722,-51.574,52.482
7670,255.667,579.78,496.51,-10.393,-51.0,52.048
7671,255.7,579.13,494.88,-10.907,-49.557,50.743
7672,255.733,578.49,492.86,-11.328,-47.82,49.143
7673,255.767,577.93,490.79,-11.684,-45.827,47.293
7674,255.8,577.39,488.61,-12.022,-44.065,45.676
7675,255.833,576.85,487.81,-12.017,-42.276,43.951
7676,255.867,576.43,486.29,-11.513,-40.566,42.168
7677,255.9,576.1,484.18,-10.391,-39.308,40.658
7678,255.933,576.22,483.65,-8.755,-37.603,38.609
7679,255.967,576.06,483.11,-6.777,-34.984,35.635
7680,256.0,575.79,482.41,-4.584,-32.018,32.344
7681,256.033,575.68,482.1,-2.323,-28.735,28.829
7682,256.067,575.65,481.04,-0.264,-25.181,25.182
7683,256.1,575.43,479.77,1.54,-22.252,22.305
7684,256.133,575.35,479.12,3.094,-20.388,20.621
7685,256.167,575.53,478.67,4.355,-19.204,19.691
7686,256.2,575.85,476.88,5.364,-19.955,20.663
7687,256.233,576.1,475.78,6.217,-22.79,23.623
7688,256.267,576.42,474.33,6.911,-25.706,26.618
7689,256.3,577.1,473.87,7.509,-28.925,29.884
7690,256.333,577.43,473.22,7.986,-30.419,31.45
7691,256.367,577.59,473.37,8.381,-30.337,31.473
7692,256.4,577.53,475.02,8.686,-28.539,29.831
7693,256.433,577.75,475.02,13.372,-19.731,23.835
7694,256.467,578.05,473.4,15.11,-12.113,19.366
7695,256.5,578.31,472.24,14.395,-5.147,15.288
7696,256.533,578.55,470.25,11.619,1.637,11.733
7697,256.567,578.86,468.34,7.646,7.016,10.377
7698,256.6,579.16,466.63,3.203,11.704,12.134
7699,256.633,579.48,465.1,-1.542,15.299,15.376
7700,256.667,579.68,464.64,-6.157,17.692,18.733
7701,256.7,580.01,466.91,-10.079,18.557,21.118
7702,256.733,580.25,471.49,-13.151,19.004,23.111
7703,256.767,580.53,474.12,-15.322,18.746,24.211
7704,256.8,580.63,479.14,-16.716,18.222,24.728
7705,256.833,580.79,481.59,-17.625,17.437,24.793
7706,256.867,580.95,483.25,-17.57,16.645,24.203
7707,256.9,581.13,485.21,-16.331,14.808,22.045
7708,256.933,568.97,473.63,-14.01,11.154,17.908
7709,256.967,569.5,474.94,-10.999,6.422,12.737
7710,257.0,570.49,475.15,-7.248,0.518,7.266
7711,257.033,572.28,473.92,-2.995,-5.533,6.292
7712,257.067,573.53,474.32,1.631,-10.646,10.77
7713,257.1,574.15,473.68,6.357,-14.203,15.561
7714,257.133,575.52,474.1,10.676,-15.491,18.813
7715,257.167,576.91,474.3,14.453,-13.456,19.748
7716,257.2,577.51,475.04,17.87,-7.957,19.562
7717,257.233,577.86,475.07,20.482,8.74,22.269
7718,257.267,578.28,475.48,22.044,19.611,29.505
7719,257.3,579.04,475.86,22.054,26.341,34.354
7720,257.333,580.21,475.52,20.762,27.043,34.093
7721,257.367,580.69,474.67,18.197,22.461,28.907
7722,257.4,580.59,475.19,13.688,13.263,19.06
7723,257.433,580.61,475.52,6.865,-0.358,6.875
7724,257.467,581.01,475.39,5.149,-10.582,11.768
7725,257.5,580.89,477.87,3.979,-21.698,22.06
7726,257.533,580.84,479.15,3.462,-33.074,33.255
7727,257.567,580.61,480.16,2.902,-43.691,43.787
7728,257.6,580.35,481.19,2.12,-53.688,53.729
7729,257.633,580.78,481.95,1.501,-62.344,62.362
7730,257.667,581.24,481.42,0.566,-69.478,69.481
7731,257.7,580.99,479.95,-0.74,-74.6,74.603
7732,257.733,580.98,452.74,-2.072,-77.474,77.501
7733,257.767,581.06,452.61,-3.256,-77.873,77.941
7734,257.8,581.83,451.03,-4.026,-75.999,76.106
7735,257.833,581.9,450.71,-4.225,-71.998,72.121
7736,257.867,581.12,451.19,-4.404,-65.527,65.675
7737,257.9,580.97,451.4,-5.007,-56.66,56.881
7738,257.933,581.03,450.77,-5.53,-46.287,46.617
7739,257.967,580.58,450.22,-5.936,-34.498,35.005
7740,258.0,580.27,449.32,-6.48,-21.288,22.253
7741,258.033,579.28,448.76,-6.714,-8.799,11.068
7742,258.067,578.53,448.81,-6.648,2.211,7.006
7743,258.1,578.42,448.89,-6.428,11.25,12.957
7744,258.133,578.24,449.78,-6.407,17.319,18.466
7745,258.167,578.42,450.48,-6.834,19.303,20.477
7746,258.2,578.62,451.12,-7.655,16.731,18.399
7747,258.233,578.89,450.98,-8.485,8.356,11.908
7748,258.267,579.32,451.05,-8.673,8.524,12.161
7749,258.3,579.32,451.12,-7.959,7.977,11.268
7750,258.333,578.34,451.22,-6.959,6.185,9.31
7751,258.367,577.36,450.97,-5.564,4.106,6.915
7752,258.4,577.63,451.3,-3.504,2.258,4.169
7753,258.433,577.53,451.93,-1.11,0.363,1.168
7754,258.467,577.33,452.24,1.282,-1.299,1.825
7755,258.5,577.25,452.11,3.497,-3.203,4.742
7756,258.533,576.63,452.16,5.27,-4.241,6.765
7757,258.567,575.77,452.88,6.926,-4.067,8.031
7758,258.6,575.33,452.78,8.638,-4.018,9.527
7759,258.633,576.07,452.1,9.996,-2.855,10.395
7760,258.667,577.24,451.03,10.983,-0.677,11.003
7761,258.7,578.71,449.2,11.949,1.658,12.064
7762,258.733,580.75,448.58,12.423,3.632,12.943
7763,258.767,581.67,449.07,12.196,5.519,13.387
7764,258.8,581.8,448.54,10.452,7.454,12.838
7765,258.833,581.92,451.67,7.628,8.717,11.584
7766,258.867,581.8,453.09,4.532,8.991,10.069
7767,258.9,581.54,452.66,1.327,9.16,9.256
7768,258.933,580.95,452.57,-2.213,8.311,8.601
7769,258.967,580.17,452.66,-5.623,6.609,8.677
7770,259.0,579.78,454.25,-8.784,4.32,9.788
7771,259.033,579.61,454.51,-11.699,2.03,11.874
7772,259.067,579.55,453.86,-13.954,0.026,13.954
7773,259.1,579.1,455.83,-15.044,-2.161,15.199
7774,259.133,578.92,455.45,-14.833,-4.157,15.405
7775,259.167,578.91,453.56,-13.719,-5.946,14.952
7776,259.2,577.52,452.54,-11.78,-8.144,14.321
7777,259.233,576.55,451.99,-9.389,-9.379,13.272
7778,259.267,575.53,451.3,-7.305,-9.582,12.049
7779,259.3,575.98,449.73,-5.724,-8.737,10.445
7780,259.333,576.19,449.41,-4.474,-5.991,7.477
7781,259.367,576.14,450.07,-3.421,-3.289,4.746
7782,259.4,576.53,449.54,-2.647,-0.38,2.674
7783,259.433,576.74,450.76,-2.346,3.037,3.838
7784,259.467,576.5,451.82,-2.18,6.311,6.677
7785,259.5,576.31,452.95,-2.064,9.449,9.671
7786,259.533,576.28,453.61,-2.051,11.237,11.422
7787,259.567,576.39,453.48,-2.165,12.154,12.345
7788,259.6,576.42,453.21,-2.609,13.076,13.334
7789,259.633,576.47,452.37,-3.404,12.802,13.247
7790,259.667,576.51,451.81,-4.738,12.268,13.151
7791,259.7,576.05,453.71,-6.523,12.394,14.006
7792,259.733,575.39,455.02,-7.458,12.695,14.724
7793,259.767,574.71,456.24,-7.433,12.202,14.287
7794,259.8,574.68,456.8,-6.302,11.054,12.724
7795,259.833,574.81,456.69,-4.652,9.238,10.343
7796,259.867,574.42,456.16,-2.663,7.354,7.821
7797,259.9,574.15,455.12,-0.452,4.771,4.793
7798,259.933,574.37,454.48,2.011,2.161,2.952
7799,259.967,574.29,454.86,4.728,-0.931,4.819
7800,260.0,574.44,455.13,7.472,-4.223,8.582
7801,260.033,574.55,456.26,10.162,-7.835,12.832
7802,260.067,574.48,457.58,12.535,-10.901,16.612
7803,260.1,574.66,458.13,14.429,-13.447,19.724
7804,260.133,575.49,457.89,15.667,-14.777,21.537
7805,260.167,576.9,456.8,16.182,-15.051,22.1
7806,260.2,578.39,454.69,15.852,-14.263,21.325
7807,260.233,578.95,452.24,14.886,-13.679,20.216
7808,260.267,579.24,451.06,13.479,-13.336,18.961
7809,260.3,579.59,449.83,11.742,-12.896,17.441
7810,260.333,579.66,450.51,9.533,-12.251,15.523
7811,260.367,579.96,449.78,6.902,-11.548,13.453
7812,260.4,580.67,449.84,4.268,-10.585,11.413
7813,260.433,580.58,450.53,1.757,-8.834,9.007
7814,260.467,579.99,451.24,-0.738,-5.968,6.013
7815,260.5,579.82,451.76,-2.947,-2.643,3.958
7816,260.533,579.5,452.59,-4.77,0.729,4.825
7817,260.567,579.28,451.85,-6.103,3.586,7.079
7818,260.6,578.95,451.83,-6.692,5.181,8.463
7819,260.633,578.78,450.42,-6.482,5.195,8.307
7820,260.667,578.52,450.1,-5.751,3.406,6.684
7821,260.7,578.3,450.17,-5.06,1.089,5.176
7822,260.733,578.12,450.63,-4.684,-1.34,4.871
7823,260.767,577.95,451.53,-4.421,-2.902,5.288
7824,260.8,577.99,451.36,-4.139,-4.139,5.853
7825,260.833,578.07,450.94,-3.904,-4.365,5.856
7826,260.867,578.1,451.2,-3.569,-4.383,5.653
7827,260.9,578.02,451.62,-3.267,-3.482,4.775
7828,260.933,577.95,451.79,-3.286,-2.309,4.016
7829,260.967,577.92,451.02,-3.411,-0.785,3.5
7830,261.0,577.87,450.21,-3.46,0.57,3.507
7831,261.033,577.66,449.87,-3.791,2.472,4.526
7832,261.067,577.48,449.15,-4.228,3.361,5.401
7833,261.1,577.23,448.78,-4.756,3.828,6.106
7834,261.133,576.85,449.09,-5.199,3.183,6.096
7835,261.167,576.4,450.68,-5.485,2.05,5.855
7836,261.2,576.26,450.7,-5.435,0.389,5.449
7837,261.233,576.13,451.4,-5.006,-1.47,5.217
7838,261.267,576.21,451.34,-4.32,-3.376,5.483
7839,261.3,576.22,452.05,-3.43,-5.054,6.108
7840,261.333,576.25,452.04,-2.431,-6.251,6.707
7841,261.367,576.21,451.85,-1.47,-6.612,6.774
7842,261.4,576.08,451.39,-0.611,-6.296,6.325
7843,261.433,575.79,451.64,0.174,-6.005,6.008
7844,261.467,575.47,450.8,0.806,-5.854,5.909
7845,261.5,575.25,450.4,1.276,-5.403,5.552
7846,261.533,575.53,447.64,1.503,-5.057,5.276
7847,261.567,575.83,446.72,1.385,-4.538,4.745
7848,261.6,576.23,445.85,0.884,-3.076,3.2
7849,261.633,576.61,446.01,0.277,-0.65,0.707
7850,261.667,576.83,447.21,-0.057,2.562,2.563
7851,261.7,576.8,448.81,-0.12,5.386,5.388
7852,261.733,576.56,450.27,0.07,8.341,8.341
7853,261.767,576.43,451.59,0.68,10.715,10.736
7854,261.8,576.38,451.79,1.482,12.711,12.797
7855,261.833,576.21,452.24,2.539,13.684,13.918
7856,261.867,576.15,452.2,3.614,14.259,14.71
7857,261.9,576.16,451.39,4.645,14.624,15.344
7858,261.933,576.13,451.3,5.756,14.226,15.346
7859,261.967,576.2,451.3,6.81,12.892,14.58
7860,262.0,576.2,451.26,7.902,10.755,13.346
7861,262.033,576.3,452.68,9.002,7.393,11.649
7862,262.067,576.91,453.79,9.627,4.29,10.54
7863,262.1,577.88,454.05,9.749,1.06,9.807
7864,262.133,578.7,454.09,9.271,-0.882,9.313
7865,262.167,579.02,453.58,7.964,-1.762,8.157
7866,262.2,579.58,453.49,6.118,-2.267,6.524
7867,262.233,580.03,453.22,4.0,-2.162,4.547
7868,262.267,580.01,453.36,1.935,-2.519,3.177
7869,262.3,580.07,453.54,-0.015,-3.394,3.394
7870,262.333,579.75,454.08,-1.804,-4.328,4.689
7871,262.367,579.58,453.57,-3.262,-5.316,6.237
7872,262.4,579.39,452.16,-4.44,-6.13,7.569
7873,262.433,578.74,451.76,-5.242,-6.764,8.558
7874,262.467,578.37,450.63,-5.487,-7.096,8.97
7875,262.5,577.81,450.08,-5.21,-7.157,8.852
7876,262.533,577.16,450.34,-4.261,-6.731,7.966
7877,262.567,577.02,451.11,-3.008,-5.937,6.656
7878,262.6,576.93,452.7,-1.743,-4.524,4.848
7879,262.633,576.97,452.42,-1.02,-2.795,2.975
7880,262.667,577.65,452.01,-0.515,-1.218,1.322
7881,262.7,578.13,452.04,0.153,0.381,0.41
7882,262.733,578.52,450.53,0.484,1.704,1.771
7883,262.767,578.66,450.67,0.469,2.589,2.631
7884,262.8,578.75,450.71,0.358,3.338,3.357
7885,262.833,578.79,450.75,0.125,3.297,3.3
7886,262.867,578.71,450.44,0.085,2.325,2.327
7887,262.9,578.78,449.99,0.157,0.579,0.6
7888,262.933,578.71,450.77,0.418,-0.988,1.073
7889,262.967,578.32,451.28,1.017,-2.501,2.7
7890,263.0,577.86,452.32,1.617,-3.263,3.641
7891,263.033,577.04,453.58,2.201,-3.273,3.944
7892,263.067,576.91,453.51,2.937,-2.809,4.064
7893,263.1,577.01,452.05,3.935,-2.628,4.732
7894,263.133,578.0,450.92,5.526,-3.609,6.6
7895,263.167,578.48,450.41,7.592,-4.957,9.067
7896,263.2,578.48,449.9,9.599,-6.545,11.618
7897,263.233,579.15,449.52,11.438,-8.34,14.155
7898,263.267,579.9,449.75,12.155,-9.174,15.229
7899,263.3,580.56,448.79,11.925,-9.502,15.248
7900,263.333,581.2,448.94,10.806,-8.572,13.793
7901,263.367,581.48,448.85,8.906,-6.428,10.984
7902,263.4,581.66,449.58,6.424,-3.539,7.334
7903,263.433,581.4,449.89,3.424,-0.048,3.424
7904,263.467,581.05,449.99,0.103,3.239,3.241
7905,263.5,581.06,449.7,-3.248,6.21,7.008
7906,263.533,581.5,449.17,-6.355,8.256,10.419
7907,263.567,582.1,448.3,-8.764,9.139,12.662
7908,263.6,582.24,448.23,-10.576,9.683,14.339
7909,263.633,581.46,448.84,-11.741,10.909,16.027
7910,263.667,580.35,449.7,-12.657,12.367,17.696
7911,263.7,579.02,451.02,-13.139,13.938,19.154
7912,263.733,577.25,452.43,-12.85,15.182,19.89
7913,263.767,577.16,453.69,-12.074,15.688,19.796
7914,263.8,577.05,454.91,-10.944,14.921,18.504
7915,263.833,577.06,454.44,-9.537,13.74,16.725
7916,263.867,577.13,453.3,-8.006,11.58,14.078
7917,263.9,577.18,452.95,-6.368,9.29,11.263
7918,263.933,577.2,453.01,-4.7,6.139,7.731
7919,263.967,577.16,453.44,-2.947,3.367,4.475
7920,264.0,577.14,454.14,-1.057,1.003,1.457
7921,264.033,577.07,455.4,0.734,-0.492,0.884
7922,264.067,576.98,456.49,2.076,-1.473,2.545
7923,264.1,576.97,456.55,2.692,-2.048,3.382
7924,264.133,577.01,455.37,2.52,-2.213,3.353
7925,264.167,577.1,454.55,1.922,-2.431,3.099
7926,264.2,577.26,452.97,1.136,-2.946,3.157
7927,264.233,577.37,451.88,0.423,-3.515,3.541
7928,264.267,577.43,451.53,0.319,-4.188,4.201
7929,264.3,577.47,451.96,0.227,-4.855,4.861
7930,264.333,577.44,452.37,0.206,-6.389,6.392
7931,264.367,577.34,453.75,0.192,-7.822,7.824
7932,264.4,577.26,454.19,0.115,-7.821,7.821
7933,264.433,577.14,455.81,0.028,-6.972,6.972
7934,264.467,577.16,455.26,-0.066,-5.025,5.025
7935,264.5,577.16,454.41,-0.147,-2.046,2.051
7936,264.533,577.21,452.45,-0.161,0.826,0.842
7937,264.567,577.28,451.17,-0.089,3.078,3.079
7938,264.6,577.25,450.89,0.078,4.158,4.159
7939,264.633,577.29,450.47,0.309,4.448,4.458
7940,264.667,577.31,450.83,0.601,4.447,4.488
7941,264.7,577.32,452.06,0.972,3.898,4.017
7942,264.733,577.36,452.64,1.33,3.827,4.052
7943,264.767,577.39,453.07,1.707,3.872,4.232
7944,264.8,577.45,452.93,2.09,3.502,4.078
7945,264.833,577.46,454.34,2.404,3.043,3.878
7946,264.867,577.51,455.76,2.642,2.529,3.657
7947,264.9,577.68,455.5,2.826,1.59,3.242
7948,264.933,577.77,455.92,2.991,0.421,3.02
7949,264.967,577.88,455.28,3.201,-1.856,3.7
7950,265.0,578.05,453.59,3.42,-4.466,5.625
7951,265.033,578.11,453.21,3.669,-7.485,8.336
7952,265.067,578.19,452.57,3.887,-10.113,10.834
7953,265.1,578.35,452.36,4.061,-12.509,13.152
7954,265.133,578.55,451.73,4.156,-14.205,14.801
7955,265.167,578.75,451.13,4.133,-14.867,15.431
7956,265.2,578.85,451.03,4.046,-14.852,15.394
7957,265.233,579.0,449.9,3.853,-13.939,14.461
7958,265.267,579.05,449.62,3.565,-12.132,12.645
7959,265.3,579.05,450.59,3.2,-9.68,10.195
7960,265.333,579.14,450.64,2.729,-6.403,6.96
7961,265.367,579.28,450.72,2.191,-3.058,3.762
7962,265.4,579.46,450.25,1.576,0.029,1.576
7963,265.433,579.61,449.71,0.93,2.691,2.847
7964,265.467,579.7,449.08,0.346,4.197,4.211
7965,265.5,579.72,448.4,-0.18,5.178,5.182
7966,265.533,579.65,448.4,-0.627,6.038,6.071
7967,265.567,579.58,448.75,-0.935,6.136,6.207
7968,265.6,579.42,450.24,-1.182,6.369,6.478
7969,265.633,579.36,450.85,-1.419,7.015,7.157
7970,265.667,579.33,451.55,-1.571,7.324,7.49
7971,265.7,579.17,452.86,-1.654,7.736,7.911
7972,265.733,579.11,452.7,-1.586,7.639,7.802
7973,265.767,579.01,452.57,-1.414,7.42,7.553
7974,265.8,578.91,452.72,-1.105,7.095,7.181
7975,265.833,578.89,452.86,-0.628,5.745,5.78
7976,265.867,578.94,452.44,-0.079,4.055,4.056
7977,265.9,579.12,451.27,0.463,2.246,2.293
7978,265.933,579.2,451.21,1.008,0.052,1.009
7979,265.967,579.21,451.74,1.384,-0.905,1.654
7980,266.0,579.25,451.8,1.62,-1.122,1.971
7981,266.033,579.19,452.46,1.732,-0.674,1.858
7982,266.067,579.11,453.85,1.79,0.088,1.792
7983,266.1,579.23,453.85,1.807,0.833,1.99
7984,266.133,579.5,452.34,1.839,1.019,2.102
7985,266.167,579.61,452.46,1.84,0.936,2.064
7986,266.2,579.74,451.62,1.783,0.523,1.858
7987,266.233,579.77,451.43,1.638,0.237,1.655
7988,266.267,579.79,451.84,1.449,0.143,1.456
7989,266.3,579.77,451.93,1.288,-0.046,1.289
7990,266.333,579.7,452.84,1.143,-0.149,1.153
7991,266.367,579.7,453.29,1.042,-0.375,1.108
7992,266.4,579.76,453.26,0.969,-0.554,1.116
7993,266.433,579.62,454.71,0.832,-0.217,0.86
7994,266.467,579.78,452.93,0.694,0.189,0.719
7995,266.5,579.9,451.92,0.581,0.45,0.735
7996,266.533,580.02,451.3,0.507,0.734,0.892
7997,266.567,580.07,451.04,0.486,0.698,0.851
7998,266.6,580.06,451.47,0.522,0.222,0.567
7999,266.633,580.01,452.02,0.569,-0.465,0.735
8000,266.667,579.93,452.88,0.508,-0.489,0.706
8001,266.7,579.83,454.03,0.385,-0.571,0.688
8002,266.733,579.97,453.1,0.22,-0.24,0.325
8003,266.767,580.01,452.81,0.054,0.324,0.328
8004,266.8,579.98,453.12,-0.111,0.89,0.897
8005,266.833,580.05,452.67,-0.26,1.51,1.532
8006,266.867,580.05,452.35,-0.376,2.174,2.206
8007,266.9,580.04,452.15,-0.503,3.176,3.216
8008,266.933,580.07,452.09,-0.595,4.153,4.196
8009,266.967,580.04,452.35,-0.486,3.476,3.51
8010,267.0,579.99,452.58,-0.354,3.044,3.065
8011,267.033,579.86,453.01,-0.163,2.174,2.18
8012,267.067,579.8,453.69,-0.014,1.481,1.481
8013,267.1,579.83,453.36,0.15,0.344,0.375
8014,267.133,579.82,453.32,0.252,-0.382,0.457
8015,267.167,579.87,453.16,0.346,-1.059,1.114
8016,267.2,579.96,453.12,0.611,-2.075,2.163
8017,267.233,579.97,453.27,0.901,-4.019,4.118
8018,267.267,579.96,453.52,0.948,-5.473,5.555
8019,267.3,579.96,453.77,1.007,-6.835,6.908
8020,267.333,579.96,454.3,0.998,-7.386,7.453
8021,267.367,580.04,453.7,0.881,-7.247,7.3
8022,267.4,580.23,451.96,0.652,-5.871,5.907
8023,267.433,580.33,450.61,0.381,-3.887,3.906
8024,267.467,580.29,450.58,0.077,-1.622,1.624
8025,267.5,580.32,449.74,-0.166,-0.011,0.167
8026,267.533,580.23,450.42,-0.314,0.596,0.674
8027,267.567,580.26,450.21,-0.281,0.195,0.342
8028,267.6,580.15,451.78,0.38,-0.917,0.993
8029,267.633,580.23,451.31,1.421,-2.1,2.536
8030,267.667,580.26,451.28,2.455,-2.79,3.716
8031,267.7,579.89,451.61,2.913,-2.422,3.788
8032,267.733,579.78,452.76,2.366,-1.223,2.664
8033,267.767,580.06,453.25,0.85,0.485,0.979
8034,267.8,579.91,454.54,-1.109,1.821,2.132
8035,267.833,579.98,453.63,-2.914,2.304,3.715
8036,267.867,580.08,453.28,-4.189,1.346,4.4
8037,267.9,580.31,451.15,-5.02,-0.675,5.066
8038,267.933,580.49,449.5,-5.728,-2.786,6.369
8039,267.967,580.67,447.88,-6.563,-3.737,7.552
8040,268.0,580.72,447.8,-7.515,-3.917,8.475
8041,268.033,580.69,448.96,-8.755,-2.962,9.243
8042,268.067,580.52,450.72,-10.161,-2.154,10.387
8043,268.1,578.96,452.17,-11.772,-1.217,11.835
8044,268.133,577.09,453.8,-14.142,-0.692,14.159
8045,268.167,575.45,454.3,-17.338,-0.049,17.338
8046,268.2,574.7,453.38,-19.602,0.958,19.625
8047,268.233,575.11,452.04,-20.069,2.273,20.198
8048,268.267,576.26,450.23,-19.008,3.212,19.278
8049,268.3,577.07,449.36,-16.806,3.552,17.177
8050,268.333,576.97,449.13,-13.488,2.254,13.675
8051,268.367,575.96,449.75,-9.378,0.392,9.386
8052,268.4,574.66,451.13,-4.797,-1.68,5.083
8053,268.433,573.51,452.82,-0.087,-3.089,3.09
8054,268.467,572.75,452.46,4.419,-3.514,5.646
8055,268.5,572.08,451.57,8.473,-2.904,8.957
8056,268.533,571.84,450.5,11.818,-1.553,11.92
8057,268.567,571.74,450.59,14.255,1.054,14.294
8058,268.6,571.99,451.19,15.615,4.193,16.168
8059,268.633,574.46,451.01,16.526,6.332,17.697
8060,268.667,578.54,451.6,17.335,6.285,18.439
8061,268.7,580.06,451.47,18.214,4.554,18.775
8062,268.733,580.19,450.85,19.003,1.838,19.092
8063,268.767,580.31,450.12,19.141,-1.996,19.245
8064,268.8,580.35,449.83,18.134,-8.831,20.17
8065,268.833,580.32,450.48,15.874,-17.131,23.355
8066,268.867,580.23,451.08,12.653,-26.467,29.336
8067,268.9,580.22,450.48,9.019,-36.0,37.113
8068,268.933,580.18,450.06,5.424,-45.333,45.656
8069,268.967,580.28,449.17,2.18,-54.275,54.319
8070,269.0,580.3,448.95,-0.572,-61.028,61.03
8071,269.033,580.38,448.48,-2.51,-64.974,65.022
8072,269.067,580.4,444.85,-3.53,-65.744,65.839
8073,269.1,580.39,439.87,-3.452,-63.471,63.565
8074,269.133,580.32,436.3,-2.189,-58.416,58.457
8075,269.167,580.27,433.66,-0.824,-50.051,50.058
8076,269.2,580.28,429.96,-0.621,-39.151,39.156
8077,269.233,580.25,425.41,-0.914,-26.242,26.257
8078,269.267,580.34,421.45,-1.191,-12.283,12.341
8079,269.3,580.33,424.08,-1.394,1.543,2.079
8080,269.333,580.33,425.96,-1.537,14.87,14.949
8081,269.367,580.32,429.21,-1.646,26.918,26.968
8082,269.4,580.28,432.33,-1.737,37.009,37.05
8083,269.433,580.17,435.47,-1.9,46.204,46.243
8084,269.467,579.97,438.79,-2.056,54.074,54.114
8085,269.5,579.8,441.05,-2.195,60.906,60.945
8086,269.533,579.56,443.32,-2.253,65.169,65.208
8087,269.567,579.36,445.82,-2.294,65.35,65.39
8088,269.6,579.28,447.81,-2.909,62.762,62.83
8089,269.633,579.34,449.28,-3.511,57.662,57.769
8090,269.667,579.47,449.28,-4.226,49.679,49.858
8091,269.7,579.49,448.34,-4.912,39.261,39.567
8092,269.733,579.46,447.15,-5.343,27.789,28.298
8093,269.767,579.37,446.98,-5.584,17.593,18.457
8094,269.8,579.06,448.85,-5.894,10.065,11.663
8095,269.833,578.7,450.92,-6.356,3.407,7.212
8096,269.867,578.36,453.13,-6.714,-1.802,6.952
8097,269.9,578.09,456.0,-6.941,-5.789,9.038
8098,269.933,577.98,456.73,-6.993,-8.696,11.159
8099,269.967,577.77,456.54,-6.581,-10.604,12.481
8100,270.0,577.35,453.91,-5.99,-11.77,13.207
8101,270.033,576.74,451.06,-5.468,-11.74,12.951
8102,270.067,576.0,449.28,-4.776,-10.621,11.645
8103,270.1,576.71,446.77,-4.156,-8.742,9.679
8104,270.133,576.48,445.78,-3.789,-7.044,7.999
8105,270.167,576.7,446.1,-3.706,-4.695,5.981
8106,270.2,576.81,446.61,-3.642,-1.929,4.121
8107,270.233,576.39,447.9,-3.869,1.816,4.274
8108,270.267,576.02,448.62,-3.987,6.485,7.612
8109,270.3,576.07,449.75,-4.013,12.222,12.864
8110,270.333,576.55,450.42,-3.859,17.581,18.0
8111,270.367,576.63,451.43,-3.535,21.687,21.973
8112,270.4,576.64,452.04,-3.041,23.926,24.118
8113,270.433,576.52,453.08,-2.463,23.728,23.855
8114,270.467,575.6,454.2,-1.915,21.19,21.276
8115,270.5,575.04,455.29,-1.438,16.684,16.746
8116,270.533,574.94,455.96,-0.963,11.676,11.716
8117,270.567,574.39,456.19,-0.325,7.381,7.389
8118,270.6,574.33,455.7,0.685,3.315,3.385
8119,270.633,574.76,456.69,1.358,0.393,1.414
8120,270.667,575.41,455.3,2.034,-1.046,2.287
8121,270.7,575.51,454.89,2.506,-1.666,3.009
8122,270.733,576.37,454.1,2.723,-1.688,3.204
8123,270.767,576.49,454.1,2.936,-1.445,3.272
8124,270.8,576.57,453.13,3.173,-0.516,3.215
8125,270.833,576.56,452.66,3.348,0.026,3.348
8126,270.867,576.54,453.05,3.213,-0.089,3.214
8127,270.9,576.44,453.87,2.846,-0.82,2.962
8128,270.933,576.36,453.99,2.167,-1.089,2.425
8129,270.967,576.25,454.98,1.152,-0.462,1.241
8130,271.0,576.19,455.87,0.27,0.762,0.808
8131,271.033,576.19,456.65,-0.458,2.069,2.119
8132,271.067,576.21,456.08,-1.186,4.169,4.334
8133,271.1,576.18,456.36,-1.486,5.863,6.048
8134,271.133,576.17,456.71,-1.414,6.977,7.119
8135,271.167,576.21,455.78,-1.169,6.57,6.673
8136,271.2,576.19,455.13,-0.949,6.089,6.162
8137,271.233,576.22,454.79,-0.577,5.636,5.665
8138,271.267,576.29,454.22,-0.435,4.997,5.016
8139,271.3,576.43,452.87,-0.291,3.725,3.736
8140,271.333,576.42,453.24,-0.227,3.257,3.265
8141,271.367,576.27,455.27,-0.176,3.134,3.139
8142,271.4,576.06,457.93,-0.189,3.19,3.195
8143,271.433,575.91,459.4,-0.225,3.26,3.268
8144,271.467,575.87,459.37,-0.277,3.536,3.546
8145,271.5,575.89,459.07,-0.352,3.855,3.871
8146,271.533,575.91,458.98,-0.434,4.273,4.295
8147,271.567,576.09,456.46,-0.534,4.391,4.423
8148,271.6,576.16,455.69,-0.658,4.025,4.078
8149,271.633,576.15,455.84,-0.77,2.799,2.903
8150,271.667,576.11,456.5,-0.89,0.555,1.049
8151,271.7,576.09,456.68,-0.995,-2.037,2.268
8152,271.733,576.15,455.9,-1.025,-4.891,4.997
8153,271.767,576.06,456.16,-1.067,-7.478,7.554
8154,271.8,575.91,457.16,-1.132,-9.364,9.432
8155,271.833,575.9,456.53,-1.276,-10.117,10.197
8156,271.867,575.75,456.8,-1.43,-10.697,10.792
8157,271.9,575.68,456.86,-1.55,-11.513,11.617
8158,271.933,575.61,456.7,-1.546,-13.322,13.411
8159,271.967,575.51,456.73,-1.38,-15.8,15.86
8160,272.0,575.52,455.9,-1.079,-18.43,18.461
8161,272.033,575.5,454.05,-0.706,-20.949,20.961
8162,272.067,575.49,451.97,-0.308,-23.242,23.244
8163,272.1,575.5,451.16,0.027,-24.634,24.634
8164,272.133,575.5,450.37,0.284,-25.068,25.069
8165,272.167,575.59,449.75,0.477,-25.02,25.025
8166,272.2,575.6,449.34,0.637,-24.95,24.958
8167,272.233,575.54,449.24,0.738,-24.459,24.47
8168,272.267,575.61,448.25,0.722,-22.93,22.942
8169,272.3,575.67,446.81,0.616,-20.034,20.044
8170,272.333,575.72,445.89,0.465,-16.403,16.409
8171,272.367,575.74,446.25,0.237,-12.268,12.27
8172,272.4,575.81,446.01,0.004,-7.126,7.126
8173,272.433,575.84,446.07,-0.238,-1.845,1.86
8174,272.467,575.79,445.88,-0.482,2.91,2.95
8175,272.5,575.67,445.83,-0.673,6.488,6.523
8176,272.533,575.6,445.56,-0.842,8.748,8.789
8177,272.567,575.58,444.69,-1.015,11.118,11.165
8178,272.6,575.52,445.55,-1.124,13.125,13.173
8179,272.633,575.5,445.76,-1.171,14.105,14.154
8180,272.667,575.5,446.57,-1.135,14.928,14.972
8181,272.7,575.44,448.18,-1.085,15.521,15.559
8182,272.733,575.39,449.77,-0.977,15.566,15.596
8183,272.767,575.32,451.6,-0.649,14.246,14.261
8184,272.8,575.32,451.75,-0.145,12.081,12.082
8185,272.833,575.33,451.45,0.554,10.159,10.174
8186,272.867,575.33,452.67,1.554,8.039,8.188
8187,272.9,575.32,451.16,2.743,5.415,6.071
8188,272.933,575.32,450.2,3.404,2.814,4.417
8189,272.967,575.34,449.85,3.108,0.716,3.19
8190,273.0,575.34,449.93,1.958,-0.674,2.071
8191,273.033,575.33,450.9,0.016,-1.99,1.99
8192,273.067,575.45,449.79,-2.78,-2.938,4.045
8193,273.1,575.47,450.16,-6.299,-3.096,7.019
8194,273.133,575.5,451.34,-9.996,-3.266,10.516
8195,273.167,575.48,450.83,-13.383,-3.104,13.738
8196,273.2,575.52,449.95,-16.505,-2.388,16.677
8197,273.233,575.51,449.16,-19.203,-0.832,19.221
8198,273.267,575.16,449.68,-21.222,1.03,21.247
8199,273.3,574.53,450.5,-22.414,2.262,22.528
8200,273.333,573.51,450.12,-22.62,3.083,22.829
8201,273.367,571.65,450.88,-21.673,3.618,21.972
8202,273.4,569.25,451.6,-19.539,2.587,19.71
8203,273.433,567.7,452.13,-16.242,1.285,16.293
8204,273.467,567.05,451.39,-12.303,0.361,12.309
8205,273.5,566.52,450.12,-8.171,0.389,8.18
8206,273.533,566.33,450.01,-3.772,1.027,3.91
8207,273.567,566.9,449.82,0.851,1.731,1.929
8208,273.6,568.03,450.02,5.328,3.381,6.31
8209,273.633,568.89,450.87,9.259,5.249,10.643
8210,273.667,569.2,452.3,12.478,6.322,13.988
8211,273.7,569.99,453.26,14.948,7.138,16.565
8212,273.733,571.0,452.31,16.454,7.7,18.167
8213,273.767,571.9,451.26,16.77,8.581,18.838
8214,273.8,572.83,450.7,15.843,9.309,18.376
8215,273.833,573.52,450.66,13.714,9.552,16.712
8216,273.867,573.72,450.8,10.652,9.845,14.504
8217,273.9,573.51,452.16,7.5,9.17,11.846
8218,273.933,572.72,454.25,4.891,7.294,8.783
8219,273.967,572.46,455.61,2.602,4.138,4.888
8220,274.0,572.8,455.5,0.315,0.303,0.437
8221,274.033,572.74,455.42,-1.643,-3.432,3.805
8222,274.067,572.3,454.93,-3.156,-6.61,7.324
8223,274.1,571.94,454.18,-4.55,-8.415,9.567
8224,274.133,572.08,453.1,-5.97,-9.182,10.952
8225,274.167,572.28,452.53,-6.794,-9.901,12.008
8226,274.2,572.23,452.06,-6.816,-10.847,12.811
8227,274.233,572.13,452.33,-6.481,-11.97,13.612
8228,274.267,572.06,451.83,-6.254,-12.425,13.91
8229,274.3,572.09,450.94,-6.808,-11.844,13.662
8230,274.333,572.16,449.92,-7.256,-10.31,12.607
8231,274.367,572.09,448.6,-7.122,-8.034,10.736
8232,274.4,571.32,448.16,-6.339,-5.778,8.577
8233,274.433,570.33,448.18,-4.954,-3.852,6.275
8234,274.467,569.76,448.7,-2.788,-2.92,4.037
8235,274.5,569.76,450.0,-0.18,-2.507,2.513
8236,274.533,569.71,451.6,2.388,-1.667,2.912
8237,274.567,569.8,452.15,4.92,-0.692,4.968
8238,274.6,570.44,451.15,7.535,-0.175,7.537
8239,274.633,571.23,450.16,10.054,-0.185,10.056
8240,274.667,570.95,450.42,12.207,-0.428,12.215
8241,274.7,570.65,450.33,14.107,-0.656,14.123
8242,274.733,570.75,449.96,15.741,-1.29,15.793
8243,274.767,571.61,449.56,16.79,-2.038,16.913
8244,274.8,574.52,448.82,17.198,-2.75,17.416
8245,274.833,575.95,448.03,16.861,-3.262,17.174
8246,274.867,576.24,447.28,15.706,-3.224,16.034
8247,274.9,576.21,448.38,13.939,-2.273,14.123
8248,274.933,576.18,449.3,11.978,-0.549,11.991
8249,274.967,576.12,450.65,10.084,1.502,10.195
8250,275.0,576.12,451.06,8.046,3.684,8.85
8251,275.033,576.17,450.12,5.69,5.649,8.018
8252,275.067,576.21,448.9,3.245,6.205,7.003
8253,275.1,576.2,448.85,0.767,6.3,6.347
8254,275.133,576.48,449.39,-1.911,7.121,7.373
8255,275.167,576.8,450.15,-5.009,8.126,9.546
8256,275.2,576.47,450.27,-7.519,8.677,11.482
8257,275.233,575.96,451.5,-8.72,8.561,12.22
8258,275.267,575.91,451.42,-8.438,8.008,11.633
8259,275.3,575.85,451.53,-7.2,6.803,9.906
8260,275.333,575.8,451.82,-6.559,4.749,8.098
8261,275.367,575.76,451.81,-6.166,2.646,6.71
8262,275.4,575.27,451.77,-5.479,1.142,5.597
8263,275.433,574.53,451.46,-4.779,-0.905,4.864
8264,275.467,573.69,451.78,-4.257,-2.885,5.142
8265,275.5,573.29,452.04,-3.764,-4.842,6.133
8266,275.533,573.15,451.8,-3.346,-6.404,7.225
8267,275.567,573.0,453.16,-3.049,-7.127,7.751
8268,275.6,573.11,453.09,-2.886,-6.784,7.372
8269,275.633,573.44,451.41,-2.916,-5.922,6.601
8270,275.667,574.54,450.57,-3.685,-4.819,6.067
8271,275.7,575.26,449.55,-5.051,-3.777,6.307
8272,275.733,575.09,448.95,-6.648,-2.402,7.069
8273,275.767,574.32,448.05,-8.038,-1.285,8.14
8274,275.8,573.74,447.75,-8.838,-0.014,8.838
8275,275.833,573.62,449.04,-8.887,1.17,8.964
8276,275.867,573.21,449.89,-8.46,2.668,8.871
8277,275.9,572.09,450.32,-7.691,4.259,8.792
8278,275.933,571.53,451.99,-6.491,5.64,8.599
8279,275.967,571.37,452.75,-4.853,6.76,8.322
8280,276.0,570.98,452.73,-2.739,7.29,7.787
8281,276.033,570.62,452.09,-0.392,7.169,7.179
8282,276.067,570.31,451.62,2.051,6.625,6.935
8283,276.1,570.01,451.31,4.716,4.745,6.69
8284,276.133,569.94,451.34,7.499,2.586,7.933
8285,276.167,571.01,451.43,10.182,0.76,10.211
8286,276.2,572.16,451.83,12.068,-0.959,12.106
8287,276.233,573.7,452.0,12.992,-2.344,13.202
8288,276.267,575.21,451.98,13.195,-3.358,13.616
8289,276.3,575.71,452.06,12.958,-3.67,13.468
8290,276.333,575.6,452.5,12.324,-3.086,12.704
8291,276.367,575.61,451.57,11.178,-2.317,11.415
8292,276.4,575.46,450.83,9.462,-1.342,9.557
8293,276.433,575.22,450.48,7.253,-0.086,7.253
8294,276.467,575.07,450.53,5.083,0.629,5.122
8295,276.5,575.04,450.72,2.796,0.861,2.926
8296,276.533,575.24,451.07,0.749,0.798,1.095
8297,276.567,575.58,451.59,-0.728,0.514,0.892
8298,276.6,575.68,452.33,-1.683,0.3,1.71
8299,276.633,575.61,451.76,-1.899,0.385,1.938
8300,276.667,575.48,451.53,-1.287,0.4,1.348
8301,276.7,575.49,451.41,-0.363,0.389,0.532
8302,276.733,575.55,451.46,0.74,0.197,0.766
8303,276.767,575.6,451.55,1.588,-0.073,1.59
8304,276.8,575.65,451.93,1.889,-0.33,1.917
8305,276.833,575.55,451.9,1.866,-0.699,1.992
8306,276.867,575.11,451.74,1.774,-1.432,2.28
8307,276.9,575.0,451.53,1.576,-1.704,2.321
8308,276.933,576.02,451.29,1.388,-1.93,2.377
8309,276.967,576.07,450.99,1.293,-1.507,1.985
8310,277.0,576.37,450.73,1.333,-0.94,1.631
8311,277.033,576.48,450.56,1.467,-0.521,1.557
8312,277.067,576.13,451.07,1.555,-0.137,1.561
8313,277.1,576.14,451.25,1.426,0.314,1.46
8314,277.133,576.11,450.97,1.156,0.531,1.272
8315,277.167,576.08,451.21,0.788,1.169,1.41
8316,277.2,576.08,451.43,0.427,1.88,1.928
8317,277.233,576.03,451.62,0.042,2.921,2.922
8318,277.267,576.04,451.71,-0.334,3.599,3.614
8319,277.3,576.06,451.68,-0.63,3.458,3.515
8320,277.333,576.14,451.75,-0.851,2.668,2.8
8321,277.367,576.22,451.77,-0.909,1.76,1.981
8322,277.4,576.27,451.36,-0.497,0.451,0.671
8323,277.433,576.27,452.09,0.318,-1.103,1.148
8324,277.467,576.27,451.48,0.911,-2.337,2.508
8325,277.5,576.16,451.52,1.55,-2.873,3.265
8326,277.533,576.06,452.22,2.012,-2.493,3.204
8327,277.567,575.99,452.7,2.286,-1.163,2.565
8328,277.6,576.03,452.59,2.271,1.003,2.483
8329,277.633,576.09,452.4,1.996,3.476,4.008
8330,277.667,576.29,451.8,1.697,5.404,5.664
8331,277.7,576.5,451.53,1.674,6.546,6.757
8332,277.733,576.78,450.35,2.226,7.318,7.649
8333,277.767,577.03,450.24,3.226,7.936,8.567
8334,277.8,577.2,451.36,4.297,8.737,9.737
8335,277.833,577.38,452.26,5.417,10.044,11.412
8336,277.867,577.59,452.57,6.453,12.392,13.972
8337,277.9,577.64,453.97,7.388,15.466,17.14
8338,277.933,577.63,455.77,8.322,18.715,20.481
8339,277.967,577.55,456.98,9.231,21.211,23.133
8340,278.0,577.54,457.72,10.064,23.184,25.274
8341,278.033,577.6,457.93,10.961,24.255,26.617
8342,278.067,577.75,457.75,11.829,23.898,26.666
8343,278.1,578.85,456.37,12.486,22.208,25.478
8344,278.133,580.06,455.48,12.979,20.286,24.083
8345,278.167,581.2,456.88,13.43,18.179,22.602
8346,278.2,581.89,459.0,13.748,15.667,20.844
8347,278.233,581.76,460.87,13.848,12.954,18.963
8348,278.267,581.59,462.69,13.708,10.422,17.22
8349,278.3,581.97,464.11,13.296,7.868,15.449
8350,278.333,582.32,464.86,12.621,5.052,13.595
8351,278.367,582.86,463.69,11.675,2.496,11.939
8352,278.4,583.42,462.01,10.465,0.968,10.51
8353,278.433,583.71,461.08,9.116,-0.254,9.12
8354,278.467,583.98,460.33,7.631,-1.117,7.712
8355,278.5,584.25,460.17,6.185,-1.421,6.346
8356,278.533,584.2,460.35,5.1,-1.744,5.39
8357,278.567,584.24,461.13,4.541,-1.992,4.959
8358,278.6,584.67,462.12,4.364,-2.663,5.112
8359,278.633,585.0,461.33,4.141,-2.815,5.007
8360,278.667,585.04,460.18,3.648,-2.304,4.315
8361,278.7,585.05,460.03,2.538,-1.555,2.977
8362,278.733,585.14,459.51,1.072,-0.957,1.437
8363,278.767,585.11,459.94,-0.437,-0.937,1.034
8364,278.8,585.06,460.98,-1.837,-1.826,2.59
8365,278.833,585.03,462.14,-2.84,-3.861,4.793
8366,278.867,585.0,462.83,-3.272,-6.606,7.372
8367,278.9,584.94,462.69,-3.141,-8.968,9.502
8368,278.933,584.83,462.91,-2.615,-10.427,10.75
8369,278.967,584.98,461.92,-1.844,-10.751,10.908
8370,279.0,585.18,459.83,-0.824,-10.513,10.545
8371,279.033,584.93,458.4,0.676,-9.952,9.975
8372,279.067,584.37,456.71,2.818,-9.48,9.89
8373,279.1,584.2,456.51,5.776,-9.468,11.091
8374,279.133,584.0,456.49,8.763,-9.221,12.721
8375,279.167,583.89,457.13,11.275,-8.32,14.012
8376,279.2,584.42,457.11,13.023,-6.379,14.501
8377,279.233,584.84,456.83,13.793,-3.791,14.304
8378,279.267,585.78,457.13,13.565,-0.319,13.568
8379,279.3,587.2,457.7,12.039,3.692,12.592
8380,279.333,587.99,458.8,9.475,7.375,12.007
8381,279.367,588.52,459.3,7.373,10.277,12.648
8382,279.4,588.75,459.34,5.757,12.251,13.536
8383,279.433,589.01,459.26,4.358,13.428,14.118
8384,279.467,589.69,458.13,3.169,13.021,13.401
8385,279.5,590.36,458.15,1.791,12.106,12.238
8386,279.533,590.29,458.47,-0.475,11.131,11.141
8387,279.567,589.73,459.7,-2.72,9.906,10.273
8388,279.6,587.96,461.54,-3.938,8.629,9.485
8389,279.633,586.49,461.39,-4.435,6.926,8.224
8390,279.667,585.44,461.75,-5.327,4.969,7.285
8391,279.7,584.95,461.96,-6.681,2.598,7.169
8392,279.733,585.05,462.13,-7.046,0.108,7.047
8393,279.767,585.39,462.13,-5.968,-1.56,6.168
8394,279.8,587.16,461.57,-4.138,-2.828,5.012
8395,279.833,589.49,461.45,-2.64,-3.99,4.784
8396,279.867,589.04,461.27,-1.391,-5.164,5.348
8397,279.9,588.11,460.92,-0.8,-6.336,6.386
8398,279.933,587.4,460.38,-0.538,-7.569,7.589
8399,279.967,586.47,460.7,-0.413,-8.462,8.472
8400,280.0,585.92,459.61,-0.207,-8.191,8.193
8401,280.033,587.06,458.76,0.272,-7.474,7.479
8402,280.067,587.25,458.19,0.391,-5.892,5.905
8403,280.1,585.65,458.35,-1.112,-3.786,3.945
8404,280.133,584.01,458.72,-3.349,-1.491,3.666
8405,280.167,585.17,459.12,-5.884,1.385,6.045
8406,280.2,587.85,459.54,-8.267,3.481,8.969
8407,280.233,587.62,460.4,-10.379,5.403,11.701
8408,280.267,586.07,459.91,-12.083,6.575,13.756
8409,280.3,584.65,459.8,-13.222,6.37,14.677
8410,280.333,584.31,460.09,-14.673,6.347,15.987
8411,280.367,583.94,459.89,-17.083,6.282,18.202
8412,280.4,584.61,459.94,-19.372,6.064,20.299
8413,280.433,585.08,460.73,-21.261,6.381,22.198
8414,280.467,585.12,461.14,-22.662,7.071,23.74
8415,280.5,583.62,461.35,-23.3,7.505,24.479
8416,280.533,580.12,462.64,-23.107,8.118,24.491
8417,280.567,577.03,463.13,-22.864,8.149,24.273
8418,280.6,576.73,463.08,-22.471,8.804,24.134
8419,280.633,576.71,461.89,-20.846,8.798,22.627
8420,280.667,576.81,460.68,-17.652,8.326,19.517
8421,280.7,576.75,461.57,-14.252,8.087,16.386
8422,280.733,576.87,461.18,-11.968,8.32,14.576
8423,280.767,576.79,461.82,-9.852,7.925,12.644
8424,280.8,576.44,464.51,-7.282,7.793,10.666
8425,280.833,576.3,465.05,-4.175,7.034,8.179
8426,280.867,576.09,465.62,-1.157,6.295,6.4
8427,280.9,575.88,466.47,1.639,5.654,5.887
8428,280.933,575.87,465.76,3.333,5.964,6.833
8429,280.967,575.92,465.07,3.693,6.352,7.347
8430,281.0,576.11,464.27,2.629,6.771,7.263
8431,281.033,576.26,463.65,0.833,6.814,6.865
8432,281.067,576.21,465.04,-0.288,6.014,6.021
8433,281.1,576.47,464.13,-0.3,4.668,4.678
8434,281.133,576.45,465.5,-0.225,3.603,3.61
8435,281.167,576.42,466.87,-0.239,3.797,3.804
8436,281.2,576.44,466.86,-0.459,5.65,5.669
8437,281.233,576.53,465.79,-0.821,7.786,7.829
8438,281.267,576.44,466.08,-1.394,10.616,10.707
8439,281.3,576.21,465.77,-2.065,13.48,13.637
8440,281.333,575.81,467.51,-2.656,15.347,15.575
8441,281.367,575.57,468.0,-3.226,16.87,17.175
8442,281.4,575.36,469.19,-3.559,17.27,17.632
8443,281.433,575.49,468.4,-3.602,16.156,16.553
8444,281.467,575.62,468.28,-3.449,14.162,14.575
8445,281.5,575.73,468.33,-3.168,11.689,12.111
8446,281.533,575.73,469.6,-2.827,9.057,9.487
8447,281.567,575.47,471.01,-2.369,6.35,6.778
8448,281.6,575.17,472.65,-1.969,4.001,4.459
8449,281.633,574.92,473.2,-1.641,2.218,2.759
8450,281.667,574.79,472.85,-1.163,-0.432,1.241
8451,281.7,574.79,471.75,-0.576,-3.969,4.01
8452,281.733,574.86,471.11,-0.024,-7.507,7.507
8453,281.767,574.95,470.6,0.373,-9.973,9.98
8454,281.8,575.01,470.41,0.675,-11.935,11.954
8455,281.833,575.12,469.42,0.954,-12.94,12.976
8456,281.867,575.33,467.92,1.111,-12.939,12.987
8457,281.9,575.28,467.48,1.253,-12.46,12.522
8458,281.933,575.21,467.29,1.338,-11.444,11.522
8459,281.967,575.18,467.53,1.259,-9.327,9.412
8460,282.0,575.25,467.6,0.972,-6.037,6.115
8461,282.033,575.3,467.91,0.477,-1.525,1.598
8462,282.067,575.15,468.93,-0.116,3.506,3.508
8463,282.1,575.57,466.97,-0.62,8.697,8.719
8464,282.133,575.76,466.61,-0.986,13.536,13.572
8465,282.167,575.63,467.48,-1.17,17.558,17.597
8466,282.2,575.43,468.58,-1.269,21.173,21.211
8467,282.233,575.31,469.6,-1.278,24.174,24.208
8468,282.267,575.21,470.23,-1.146,25.961,25.986
8469,282.3,575.02,471.52,-0.86,26.472,26.486
8470,282.333,574.72,473.29,-0.274,25.314,25.316
8471,282.367,574.88,472.85,0.623,22.752,22.761
8472,282.4,574.84,474.33,1.802,19.089,19.174
8473,282.433,575.0,474.8,3.281,14.158,14.533
8474,282.467,575.16,476.05,4.917,8.723,10.014
8475,282.5,575.42,476.86,6.558,3.191,7.293
8476,282.533,575.74,477.39,8.012,-1.752,8.202
8477,282.567,575.98,477.6,9.216,-5.756,10.865
8478,282.6,576.12,477.26,10.279,-9.296,13.859
8479,282.633,576.35,476.05,10.948,-11.199,15.661
8480,282.667,576.6,475.33,11.263,-11.943,16.416
8481,282.7,577.16,473.47,11.222,-11.751,16.249
8482,282.733,577.81,472.0,10.846,-11.095,15.516
8483,282.767,578.44,471.07,10.114,-9.926,14.171
8484,282.8,579.15,469.99,9.048,-8.04,12.104
8485,282.833,579.6,469.32,7.85,-5.967,9.86
8486,282.867,579.86,469.29,6.588,-3.367,7.399
8487,282.9,579.79,470.39,5.374,-0.289,5.381
8488,282.933,579.58,472.46,4.367,2.589,5.077
8489,282.967,579.43,474.06,3.483,5.803,6.768
8490,283.0,579.37,475.25,2.822,7.87,8.361
8491,283.033,579.47,475.6,2.429,8.009,8.369
8492,283.067,579.65,474.93,2.156,6.577,6.922
8493,283.1,579.79,473.94,1.874,4.282,4.674
8494,283.133,579.76,473.62,1.499,1.967,2.473
8495,283.167,579.56,473.63,1.213,-0.546,1.33
8496,283.2,579.55,473.13,0.921,-2.556,2.717
8497,283.233,579.61,473.28,0.551,-3.595,3.637
8498,283.267,579.78,473.38,0.237,-5.016,5.021
8499,283.3,580.06,473.41,-0.122,-6.531,6.532
8500,283.333,580.21,473.82,-0.724,-6.926,6.964
8501,283.367,580.67,472.13,-1.553,-5.787,5.992
8502,283.4,580.66,472.2,-2.466,-3.5,4.281
8503,283.433,580.55,471.54,-3.166,-0.817,3.27
8504,283.467,580.46,469.81,-3.541,1.496,3.844
8505,283.5,580.16,469.68,-3.471,2.583,4.327
8506,283.533,579.5,471.64,-2.901,1.653,3.339
8507,283.567,578.88,473.62,-2.149,-0.428,2.191
8508,283.6,578.54,474.59,-1.348,-2.719,3.035
8509,283.633,578.63,473.96,-0.75,-4.286,4.351
8510,283.667,578.49,474.43,-0.316,-5.521,5.53
8511,283.7,578.74,472.72,0.169,-6.712,6.714
8512,283.733,579.09,470.67,0.765,-7.902,7.939
8513,283.767,579.08,471.68,1.343,-8.696,8.799
8514,283.8,579.18,472.84,1.91,-9.625,9.813
8515,283.833,579.51,472.46,2.382,-10.486,10.754
8516,283.867,580.04,471.05,2.819,-11.32,11.666
8517,283.9,580.48,469.7,2.245,-10.646,10.88
8518,283.933,580.66,468.41,1.008,-9.668,9.72
8519,283.967,580.79,466.73,0.067,-8.309,8.309
8520,284.0,580.6,466.37,-0.133,-6.264,6.265
8521,284.033,580.02,468.06,0.427,-3.725,3.749
8522,284.067,579.7,469.21,2.001,-2.286,3.038
8523,284.1,579.37,469.9,4.204,-1.759,4.557
8524,284.133,579.51,469.31,6.93,-2.471,7.357
8525,284.167,579.86,468.95,9.937,-3.699,10.603
8526,284.2,580.13,468.83,13.269,-5.971,14.551
8527,284.233,580.22,469.63,16.44,-7.516,18.077
8528,284.267,580.59,469.05,18.747,-8.183,20.455
8529,284.3,580.88,469.51,19.956,-9.322,22.026
8530,284.333,581.2,469.65,20.153,-11.105,23.01
8531,284.367,581.42,469.15,19.073,-11.85,22.454
8532,284.4,583.66,467.27,16.813,-11.592,20.422
8533,284.433,586.44,465.83,13.455,-10.133,16.843
8534,284.467,587.82,464.68,9.094,-6.534,11.198
8535,284.5,588.06,464.59,4.036,-1.745,4.397
8536,284.533,587.99,464.07,-1.352,3.612,3.856
8537,284.567,587.21,464.86,-6.704,8.595,10.901
8538,284.6,586.83,464.58,-11.963,13.468,18.014
8539,284.633,586.08,465.41,-16.87,18.569,25.088
8540,284.667,584.83,466.61,-21.348,24.139,32.224
8541,284.7,582.95,468.28,-25.127,29.85,39.017
8542,284.733,580.88,468.87,-27.891,35.361,45.037
8543,284.767,579.51,470.62,-29.075,38.023,47.866
8544,284.8,578.87,472.99,-28.835,39.241,48.696
8545,284.833,578.11,475.58,-27.17,37.93,46.657
8546,284.867,577.9,475.72,-24.124,34.2,41.852
8547,284.9,577.49,476.76,-19.587,28.263,34.387
8548,284.933,577.1,477.58,-14.813,21.286,25.933
8549,284.967,577.03,476.07,-10.366,13.362,16.911
8550,285.0,576.7,476.95,-6.321,5.665,8.488
8551,285.033,576.24,478.51,-2.606,-1.346,2.934
8552,285.067,575.95,479.92,0.633,-6.978,7.007
8553,285.1,576.04,480.42,3.756,-12.333,12.893
8554,285.133,576.48,479.32,6.493,-16.725,17.941
8555,285.167,577.17,477.61,8.62,-20.561,22.295
8556,285.2,577.78,475.11,10.098,-23.994,26.032
8557,285.233,578.3,471.55,11.395,-27.54,29.804
8558,285.267,578.13,471.74,12.73,-29.632,32.251
8559,285.3,578.15,470.13,13.918,-30.895,33.885
8560,285.333,578.36,469.55,14.687,-31.429,34.692
8561,285.367,578.85,468.97,15.135,-31.419,34.874
8562,285.4,579.45,468.91,15.106,-30.136,33.71
8563,285.433,580.42,468.82,14.844,-28.218,31.884
8564,285.467,580.83,469.76,14.3,-25.765,29.467
8565,285.5,581.43,469.49,13.382,-22.126,25.858
8566,285.533,582.18,467.85,12.281,-18.165,21.927
8567,285.567,583.03,465.27,11.371,-15.133,18.929
8568,285.6,583.36,463.85,10.453,-13.004,16.684
8569,285.633,583.24,462.58,9.51,-12.362,15.597
8570,285.667,583.25,461.84,8.623,-12.749,15.391
8571,285.7,583.53,461.73,7.667,-13.743,15.737
8572,285.733,583.48,463.12,6.58,-14.504,15.927
8573,285.767,583.51,463.14,5.275,-13.828,14.8
8574,285.8,583.64,463.8,4.092,-13.035,13.662
8575,285.833,583.84,463.89,3.293,-11.298,11.768
8576,285.867,584.14,463.15,2.583,-8.477,8.862
8577,285.9,584.37,462.53,1.951,-5.154,5.511
8578,285.933,584.31,461.92,1.368,-1.881,2.326
8579,285.967,584.42,460.92,0.673,1.171,1.351
8580,286.0,584.53,460.79,0.218,3.26,3.267
8581,286.033,584.64,460.04,-0.117,4.54,4.542
8582,286.067,584.29,460.45,-0.579,5.649,5.679
8583,286.1,584.49,459.85,-1.436,6.922,7.07
8584,286.133,584.73,460.36,-2.439,8.627,8.965
8585,286.167,584.57,461.39,-3.326,10.806,11.306
8586,286.2,584.26,462.66,-4.031,12.728,13.351
8587,286.233,583.94,463.83,-4.753,14.596,15.35
8588,286.267,583.74,464.88,-5.343,15.536,16.429
8589,286.3,583.65,465.56,-5.674,15.791,16.78
8590,286.333,583.02,466.32,-5.654,14.535,15.596
8591,286.367,583.0,465.64,-5.183,11.793,12.882
8592,286.4,582.96,465.69,-4.576,8.745,9.87
8593,286.433,583.0,466.03,-4.116,5.957,7.241
8594,286.467,582.98,466.34,-3.613,2.934,4.655
8595,286.5,582.66,466.37,-3.156,0.574,3.207
8596,286.533,582.3,466.37,-2.846,-1.234,3.102
8597,286.567,582.12,466.07,-2.737,-2.198,3.51
8598,286.6,582.23,466.52,-2.371,-3.138,3.934
8599,286.633,582.25,465.79,-2.052,-2.931,3.578
8600,286.667,582.27,464.86,-1.994,-1.967,2.801
8601,286.7,582.17,465.27,-1.984,-0.867,2.166
8602,286.733,582.3,464.85,-1.954,-0.547,2.029
8603,286.767,582.58,464.24,-1.839,-0.447,1.893
8604,286.8,582.71,463.94,-1.651,-0.479,1.719
8605,286.833,582.55,464.69,-1.591,-0.083,1.593
8606,286.867,581.89,466.32,-1.223,0.155,1.233
8607,286.9,581.44,466.86,-0.898,0.987,1.335
8608,286.933,581.5,466.27,-0.49,1.797,1.863
8609,286.967,581.47,467.02,0.055,2.237,2.237
8610,287.0,581.47,466.8,0.613,2.109,2.196
8611,287.033,581.69,466.12,1.37,1.61,2.114
8612,287.067,582.09,465.56,2.553,0.952,2.725
8613,287.1,582.07,465.94,3.851,0.445,3.877
8614,287.133,582.07,465.29,4.986,-0.711,5.036
8615,287.167,582.34,464.43,5.915,-1.522,6.107
8616,287.2,582.49,464.17,6.658,-1.655,6.861
8617,287.233,582.69,465.77,7.168,-1.667,7.359
8618,287.267,582.84,466.53,7.136,-1.481,7.288
8619,287.3,582.92,467.08,6.517,-0.718,6.556
8620,287.333,583.35,466.3,5.39,-0.149,5.392
8621,287.367,583.56,465.98,3.855,-0.095,3.856
8622,287.4,584.08,465.19,2.201,-0.552,2.27
8623,287.433,584.4,464.87,0.401,-0.765,0.863
8624,287.467,584.4,464.89,-1.413,-0.351,1.456
8625,287.5,584.53,465.35,-2.934,-0.614,2.997
8626,287.533,584.47,465.81,-3.95,-0.494,3.981
8627,287.567,583.8,465.92,-4.504,-0.065,4.505
8628,287.6,583.39,465.64,-4.754,-0.521,4.782
8629,287.633,583.09,466.26,-4.678,-1.664,4.965
8630,287.667,582.8,466.06,-4.485,-2.601,5.185
8631,287.7,582.29,465.55,-4.491,-3.005,5.404
8632,287.733,581.86,464.73,-4.306,-2.753,5.111
8633,287.767,581.86,464.39,-4.014,-2.57,4.766
8634,287.8,581.79,463.61,-3.597,-1.706,3.982
8635,287.833,581.63,464.72,-3.209,-0.768,3.299
8636,287.867,581.6,466.2,-2.681,0.685,2.767
8637,287.9,581.85,466.73,-1.514,1.945,2.465
8638,287.933,582.59,466.06,-0.52,3.038,3.083
8639,287.967,583.08,465.22,0.006,3.806,3.806
8640,288.0,583.25,465.55,0.188,4.151,4.155
8641,288.033,583.02,464.12,-0.089,4.372,4.372
8642,288.067,582.49,462.87,-0.822,4.413,4.488
8643,288.1,581.79,464.55,-1.886,4.619,4.99
8644,288.133,581.18,465.71,-3.202,5.107,6.028
8645,288.167,581.0,466.52,-4.628,5.327,7.057
8646,288.2,581.41,467.66,-5.836,4.904,7.623
8647,288.233,581.24,468.67,-6.841,5.677,8.89
8648,288.267,581.19,469.22,-7.523,6.034,9.644
8649,288.3,581.19,467.98,-8.027,7.452,10.953
8650,288.333,581.77,467.07,-8.26,9.258,12.407
8651,288.367,581.71,465.89,-7.979,9.632,12.507
8652,288.4,580.3,465.55,-7.151,7.686,10.498
8653,288.433,579.64,465.93,-5.93,4.038,7.174
8654,288.467,579.44,466.78,-4.677,-0.78,4.742
8655,288.5,579.16,468.13,-3.612,-4.541,5.803
8656,288.533,578.83,468.68,-2.742,-8.552,8.981
8657,288.567,578.55,469.2,-2.305,-9.74,10.009
8658,288.6,578.84,469.09,-1.957,-8.759,8.975
8659,288.633,579.16,468.86,-1.332,-6.917,7.044
8660,288.667,579.41,468.46,-0.536,-4.448,4.48
8661,288.7,579.11,469.57,0.269,-1.393,1.419
8662,288.733,579.24,466.69,0.795,1.509,1.705
8663,288.767,579.38,467.29,1.253,3.568,3.782
8664,288.8,579.67,464.1,1.448,5.319,5.512
8665,288.833,580.02,462.13,1.49,7.121,7.275
8666,288.867,580.1,462.09,0.932,8.566,8.616
8667,288.9,580.0,463.84,-0.081,9.992,9.992
8668,288.933,579.78,466.0,-0.785,11.247,11.274
8669,288.967,579.36,469.82,-1.351,11.972,12.048
8670,289.0,579.08,470.49,-1.879,12.15,12.294
8671,289.033,578.69,473.53,-2.292,11.516,11.742
8672,289.067,579.07,472.26,-2.602,10.913,11.218
8673,289.1,579.2,472.35,-2.614,9.691,10.038
8674,289.133,578.88,472.01,-2.541,7.579,7.994
8675,289.167,578.84,471.68,-2.455,5.471,5.997
8676,289.2,578.88,470.85,-2.298,3.837,4.472
8677,289.233,578.83,470.26,-1.662,1.345,2.137
8678,289.267,578.76,470.43,-0.902,-0.236,0.933
8679,289.3,578.99,469.05,-0.045,-2.448,2.448
8680,289.333,578.89,468.14,0.89,-3.908,4.008
8681,289.367,578.85,468.1,1.715,-4.362,4.687
8682,289.4,578.85,468.32,2.482,-4.178,4.86
8683,289.433,578.81,468.77,3.015,-3.151,4.361
8684,289.467,578.83,469.85,3.247,-1.486,3.571
8685,289.5,578.8,470.8,3.232,-0.187,3.237
8686,289.533,578.81,471.69,3.085,1.592,3.471
8687,289.567,579.17,471.03,2.844,2.29,3.652
8688,289.6,579.39,471.15,2.27,2.911,3.691
8689,289.633,579.63,472.56,1.527,2.799,3.189
8690,289.667,579.96,472.3,0.853,1.841,2.029
8691,289.7,580.16,470.69,0.313,-0.251,0.401
8692,289.733,580.01,469.33,-0.032,-3.186,3.186
8693,289.767,580.15,468.06,-0.346,-6.365,6.374
8694,289.8,580.23,466.74,-0.538,-10.0,10.015
8695,289.833,579.99,467.2,-0.681,-13.417,13.434
8696,289.867,579.67,468.21,-0.682,-14.914,14.93
8697,289.9,579.09,470.03,-0.511,-15.794,15.803
8698,289.933,578.78,470.37,-0.322,-16.128,16.131
8699,289.967,578.69,470.29,-0.077,-16.071,16.071
8700,290.0,578.87,469.14,0.287,-15.956,15.959
8701,290.033,578.91,467.74,0.746,-15.963,15.98
8702,290.067,579.31,465.5,1.312,-16.748,16.799
8703,290.1,579.65,464.25,1.833,-17.101,17.199
8704,290.133,579.89,462.88,2.222,-16.451,16.601
8705,290.167,580.23,461.96,2.602,-17.008,17.206
8706,290.2,580.31,461.91,2.723,-17.489,17.7
8707,290.233,580.1,462.55,2.592,-17.455,17.646
8708,290.267,580.3,462.54,2.261,-16.095,16.253
8709,290.3,580.41,462.63,1.716,-13.487,13.596
8710,290.333,580.31,463.78,0.95,-9.654,9.7
8711,290.367,580.25,461.42,0.117,-5.171,5.172
8712,290.4,580.02,460.88,-0.563,-1.354,1.467
8713,290.433,580.06,460.43,-0.816,0.608,1.017
8714,290.467,580.12,460.19,-0.574,1.058,1.204
8715,290.5,580.02,459.89,0.08,-0.448,0.455
8716,290.533,580.05,459.75,1.077,-3.149,3.328
8717,290.567,580.1,461.02,2.501,-6.723,7.173
8718,290.6,580.08,461.68,4.007,-9.913,10.692
8719,290.633,580.32,460.15,5.528,-12.743,13.891
8720,290.667,580.21,461.36,6.954,-14.567,16.142
8721,290.7,580.38,461.19,8.062,-15.578,17.541
8722,290.733,580.58,461.64,8.884,-16.105,18.393
8723,290.767,581.11,460.34,9.605,-16.627,19.202
8724,290.8,581.51,458.95,9.985,-17.095,19.797
8725,290.833,582.01,457.62,9.887,-17.199,19.838
8726,290.867,582.64,455.16,9.465,-17.947,20.29
8727,290.9,583.13,453.84,8.693,-16.545,18.69
8728,290.933,583.54,453.22,7.635,-14.202,16.125
8729,290.967,583.77,452.58,6.336,-11.197,12.865
8730,291.0,584.03,453.18,4.88,-7.794,9.196
8731,291.033,584.1,453.75,3.416,-4.579,5.713
8732,291.067,583.93,454.77,1.908,-1.343,2.333
8733,291.1,583.87,455.05,0.447,0.53,0.693
8734,291.133,583.7,455.28,-0.807,1.37,1.59
8735,291.167,583.54,454.81,-2.012,3.257,3.829
8736,291.2,583.48,454.76,-2.873,3.734,4.712
8737,291.233,583.42,454.81,-3.397,3.427,4.826
8738,291.267,583.18,455.13,-3.531,1.87,3.996
8739,291.3,582.92,456.06,-3.444,-0.339,3.461
8740,291.333,582.9,456.29,-3.181,-2.06,3.79
8741,291.367,582.77,457.27,-2.752,-3.88,4.756
8742,291.4,582.73,455.61,-2.27,-4.371,4.925
8743,291.433,582.92,454.46,-1.695,-3.884,4.238
8744,291.467,582.98,453.41,-1.024,-2.968,3.139
8745,291.5,582.93,452.37,-0.272,-1.605,1.627
8746,291.533,582.86,452.6,0.374,-0.451,0.586
8747,291.567,582.9,452.39,0.894,0.648,1.104
8748,291.6,582.91,453.66,1.363,1.607,2.108
8749,291.633,582.8,454.74,1.629,1.997,2.577
8750,291.667,582.91,453.48,1.721,1.881,2.549
8751,291.7,582.97,454.31,1.734,2.095,2.719
8752,291.733,582.97,454.9,1.654,2.631,3.108
8753,291.767,582.94,455.6,1.49,3.726,4.013
8754,291.8,582.98,456.9,1.259,4.801,4.964
8755,291.833,583.24,456.09,1.051,4.858,4.971
8756,291.867,583.46,456.54,0.902,3.755,3.862
8757,291.9,583.67,455.57,0.885,0.747,1.158
8758,291.933,583.75,454.51,0.889,-2.911,3.044
8759,291.967,583.62,454.07,0.689,-5.833,5.873
8760,292.0,583.41,453.99,0.3,-7.152,7.158
8761,292.033,583.29,454.34,-0.021,-5.958,5.958
8762,292.067,583.18,454.35,-0.113,-4.325,4.326
8763,292.1,583.05,453.65,-0.304,-1.855,1.88
8764,292.133,583.1,454.32,-0.593,0.304,0.666
8765,292.167,583.28,455.18,-0.631,1.769,1.878
8766,292.2,583.32,455.22,-0.411,2.722,2.752
8767,292.233,583.3,454.86,-0.12,2.578,2.581
8768,292.267,583.21,453.43,0.064,2.211,2.212
8769,292.3,583.32,452.28,0.031,1.272,1.272
8770,292.333,583.43,452.1,-0.162,-1.443,1.452
8771,292.367,583.27,452.83,-0.7,-3.729,3.794
8772,292.4,583.0,454.68,-1.604,-5.956,6.168
8773,292.433,582.87,457.68,-2.7,-7.277,7.762
8774,292.467,582.98,458.61,-3.605,-7.363,8.199
8775,292.5,583.27,457.91,-4.632,-6.424,7.92
8776,292.533,583.19,454.66,-5.639,-4.462,7.191
8777,292.567,582.7,453.77,-6.518,-2.719,7.062
8778,292.6,582.74,452.11,-7.243,-0.361,7.252
8779,292.633,582.91,450.72,-7.719,2.434,8.094
8780,292.667,582.49,449.48,-7.976,4.883,9.352
8781,292.7,581.59,450.66,-8.064,6.319,10.245
8782,292.733,580.8,452.12,-8.001,7.937,11.27
8783,292.767,580.31,452.26,-7.749,9.683,12.402
8784,292.8,580.14,453.02,-7.249,11.83,13.874
8785,292.833,579.93,456.14,-6.638,14.412,15.868
8786,292.867,579.99,457.36,-6.0,17.859,18.84
8787,292.9,580.3,458.28,-5.138,20.327,20.966
8788,292.933,580.38,458.8,-4.079,20.988,21.38
8789,292.967,579.64,458.9,-2.897,18.642,18.866
8790,293.0,579.7,458.8,-1.81,14.606,14.718
8791,293.033,579.79,457.89,-1.017,9.141,9.198
8792,293.067,579.75,458.84,-0.065,4.077,4.077
8793,293.1,579.8,458.05,0.851,-1.154,1.434
8794,293.133,579.82,458.11,1.184,-6.123,6.237
8795,293.167,579.8,458.36,0.657,-10.681,10.701
8796,293.2,579.72,459.6,-0.096,-13.8,13.8
8797,293.233,579.76,458.68,-0.718,-15.837,15.854
8798,293.267,579.79,457.6,-1.496,-16.905,16.971
8799,293.3,579.75,456.92,-2.533,-16.614,16.806
8800,293.333,579.75,456.28,-3.252,-14.975,15.324
8801,293.367,579.81,453.52,-3.64,-13.241,13.732
8802,293.4,579.61,453.29,-3.834,-11.303,11.935
8803,293.433,579.51,453.48,-4.038,-9.632,10.444
8804,293.467,579.4,454.34,-4.223,-7.934,8.987
8805,293.5,579.39,453.53,-3.939,-5.837,7.041
8806,293.533,579.4,453.47,-3.473,-4.256,5.493
8807,293.567,578.39,453.02,-2.871,-2.3,3.678
8808,293.6,577.86,452.44,-2.105,-0.926,2.3
8809,293.633,577.89,452.7,-1.24,0.862,1.51
8810,293.667,578.38,454.07,-0.328,2.523,2.545
8811,293.7,578.16,454.91,0.633,2.76,2.832
8812,293.733,577.74,454.88,1.651,1.277,2.087
8813,293.767,578.22,454.54,2.629,-1.146,2.868
8814,293.8,579.33,454.69,3.53,-4.912,6.049
8815,293.833,579.32,454.38,4.241,-8.982,9.933
8816,293.867,579.35,453.4,4.678,-12.926,13.747
8817,293.9,579.39,452.78,4.767,-15.042,15.779
8818,293.933,579.5,452.91,4.615,-15.762,16.423
8819,293.967,579.64,452.36,4.272,-16.321,16.87
8820,294.0,579.78,450.75,3.815,-17.364,17.778
8821,294.033,579.86,450.94,3.248,-18.405,18.689
8822,294.067,579.93,450.25,2.506,-19.857,20.014
8823,294.1,579.98,449.37,2.076,-20.984,21.087
8824,294.133,580.0,447.53,1.81,-21.576,21.651
8825,294.167,580.05,445.33,1.455,-21.901,21.949
8826,294.2,580.05,445.34,0.691,-22.443,22.454
8827,294.233,579.99,444.71,-0.11,-23.623,23.623
8828,294.267,579.87,444.43,-0.705,-25.258,25.268
8829,294.3,579.68,446.17,-1.375,-26.904,26.939
8830,294.333,579.65,446.31,-2.542,-28.689,28.802
8831,294.367,579.72,445.77,-3.75,-30.393,30.624
8832,294.4,579.83,444.18,-4.959,-31.583,31.97
8833,294.433,580.01,440.85,-6.056,-32.144,32.71
8834,294.467,580.03,438.95,-7.044,-32.601,33.353
8835,294.5,579.84,437.21,-8.026,-33.086,34.046
8836,294.533,579.35,436.06,-9.073,-33.541,34.747
8837,294.567,578.68,435.55,-10.117,-34.885,36.322
8838,294.6,577.99,434.3,-11.17,-36.786,38.444
8839,294.633,577.37,433.13,-12.144,-38.88,40.733
8840,294.667,576.86,431.95,-13.044,-40.402,42.456
8841,294.7,576.51,430.28,-13.83,-40.57,42.863
8842,294.733,576.18,429.46,-14.427,-39.952,42.477
8843,294.767,575.9,429.18,-14.864,-38.575,41.34
8844,294.8,575.52,428.55,-15.0,-35.89,38.899
8845,294.833,575.14,427.73,-14.729,-33.671,36.752
8846,294.867,574.79,426.74,-14.051,-31.558,34.544
8847,294.9,574.42,425.51,-12.965,-29.594,32.309
8848,294.933,573.84,423.53,-11.784,-27.329,29.762
8849,294.967,573.17,421.24,-10.446,-24.035,26.207
8850,295.0,572.65,419.25,-8.795,-19.946,21.799
8851,295.033,572.32,418.42,-7.201,-15.554,17.14
8852,295.067,571.99,418.16,-5.896,-10.317,11.883
8853,295.1,571.82,418.46,-4.746,-5.424,7.207
8854,295.133,571.6,418.85,-3.64,-1.004,3.776
8855,295.167,571.56,419.53,-2.658,3.093,4.078
8856,295.2,571.55,420.21,-1.816,6.897,7.132
8857,295.233,571.54,420.52,-0.896,10.081,10.12
8858,295.267,571.82,421.81,0.176,12.135,12.136
8859,295.3,572.04,421.63,0.906,12.646,12.678
8860,295.333,572.27,422.29,1.061,11.755,11.803
8861,295.367,572.4,422.68,0.915,9.526,9.569
8862,295.4,572.29,423.08,0.132,5.794,5.796
8863,295.433,572.61,423.01,-1.525,1.886,2.426
8864,295.467,572.46,423.3,-3.777,-2.18,4.361
8865,295.5,571.53,422.94,-6.346,-5.365,8.31
8866,295.533,571.0,423.48,-8.781,-7.828,11.763
8867,295.567,571.04,421.86,-10.725,-9.864,14.571
8868,295.6,571.04,421.15,-11.768,-12.002,16.809
8869,295.633,570.88,420.95,-11.693,-13.796,18.085
8870,295.667,570.92,420.02,-10.608,-15.88,19.097
8871,295.7,571.0,418.43,-8.728,-17.527,19.58
8872,295.733,570.35,417.76,-6.155,-18.832,19.812
8873,295.767,569.06,417.4,-3.028,-19.579,19.812
8874,295.8,568.35,417.27,0.512,-21.576,21.582
8875,295.833,568.17,417.07,4.267,-23.717,24.098
8876,295.867,567.39,416.97,8.014,-26.044,27.249
8877,295.9,567.31,417.76,11.496,-27.771,30.056
8878,295.933,568.18,416.12,14.719,-29.923,33.347
8879,295.967,569.46,415.3,17.196,-31.449,35.843
8880,296.0,571.24,413.05,18.918,-32.375,37.497
8881,296.033,572.87,411.36,20.295,-32.86,38.622
8882,296.067,574.25,409.72,21.224,-33.376,39.553
8883,296.1,575.1,409.22,21.425,-32.936,39.291
8884,296.133,575.32,407.57,20.851,-31.51,37.784
8885,296.167,575.61,407.53,19.57,-29.487,35.39
8886,296.2,576.01,405.84,17.535,-26.966,32.166
8887,296.233,576.38,404.01,14.731,-23.275,27.545
8888,296.267,576.82,401.7,11.594,-18.778,22.069
8889,296.3,576.92,402.3,8.754,-14.082,16.581
8890,296.333,576.97,402.77,6.278,-9.744,11.591
8891,296.367,576.94,403.18,4.208,-6.57,7.802
8892,296.4,577.04,402.2,3.089,-4.4,5.376
8893,296.433,576.97,403.56,2.934,-4.126,5.063
8894,296.467,577.05,403.54,3.414,-4.455,5.613
8895,296.5,577.28,402.97,4.275,-5.655,7.089
8896,296.533,577.45,403.19,5.143,-7.189,8.839
8897,296.567,577.64,403.3,5.761,-8.562,10.32
8898,296.6,577.88,403.47,6.054,-10.191,11.853
8899,296.633,578.19,402.77,6.121,-12.824,14.21
8900,296.667,578.54,401.84,6.22,-16.021,17.186
8901,296.7,578.86,401.42,6.319,-20.633,21.579
8902,296.733,579.14,400.13,6.252,-25.457,26.213
8903,296.767,579.41,398.24,5.866,-29.777,30.349
8904,296.8,579.58,396.58,5.009,-32.558,32.941
8905,296.833,579.72,395.16,3.715,-33.906,34.109
8906,296.867,579.71,395.19,2.093,-34.083,34.147
8907,296.9,579.73,394.61,0.337,-33.256,33.258
8908,296.933,579.64,394.45,-1.529,-30.446,30.485
8909,296.967,579.54,393.65,-3.283,-26.962,27.161
8910,297.0,579.48,392.42,-4.921,-22.384,22.918
8911,297.033,579.32,391.51,-6.374,-17.358,18.492
8912,297.067,579.32,389.1,-7.508,-13.043,15.05
8913,297.1,579.2,387.47,-8.22,-10.331,13.202
8914,297.133,578.93,386.42,-8.62,-8.983,12.45
8915,297.167,578.49,386.12,-8.685,-9.065,12.554
8916,297.2,577.85,386.89,-8.595,-9.616,12.897
8917,297.233,577.2,387.87,-8.465,-10.369,13.386
8918,297.267,576.71,389.12,-8.292,-11.34,14.048
8919,297.3,576.31,390.52,-8.111,-12.634,15.013
8920,297.333,576.23,389.97,-7.957,-14.289,16.355
8921,297.367,576.21,389.63,-7.78,-17.022,18.716
8922,297.4,576.12,389.23,-7.681,-20.79,22.164
8923,297.433,576.08,387.74,-7.606,-25.595,26.701
8924,297.467,576.0,385.6,-7.498,-31.059,31.952
8925,297.5,576.04,382.22,-7.249,-36.731,37.44
8926,297.533,575.98,379.5,-6.703,-42.768,43.29
8927,297.567,575.78,377.65,-5.735,-49.565,49.896
8928,297.6,575.35,377.48,-4.495,-55.83,56.011
8929,297.633,575.07,376.61,-2.947,-61.532,61.603
8930,297.667,574.56,376.82,-1.187,-65.806,65.816
8931,297.7,574.27,375.39,0.743,-68.382,68.386
8932,297.733,574.21,372.1,2.806,-69.174,69.231
8933,297.767,574.17,368.66,5.003,-68.69,68.872
8934,297.8,574.19,365.68,7.208,-67.673,68.056
8935,297.833,574.4,362.61,9.319,-67.421,68.062
8936,297.867,574.56,361.42,10.867,-66.524,67.405
8937,297.9,575.21,359.11,11.191,-64.668,65.629
8938,297.933,575.94,357.52,10.38,-61.989,62.852
8939,297.967,576.89,354.78,8.764,-58.398,59.052
8940,298.0,577.87,351.41,6.785,-53.591,54.019
8941,298.033,578.54,348.96,5.44,-47.689,47.999
8942,298.067,578.92,347.81,4.515,-41.009,41.257
8943,298.1,579.19,346.97,3.891,-33.923,34.146
8944,298.133,579.07,347.35,3.43,-27.006,27.223
8945,298.167,578.83,347.12,2.986,-20.276,20.495
8946,298.2,578.42,346.71,2.754,-15.175,15.423
8947,298.233,577.98,345.23,2.772,-11.205,11.543
8948,298.267,577.32,344.09,3.069,-8.253,8.805
8949,298.3,576.54,343.66,3.514,-6.359,7.266
8950,298.333,575.6,345.55,4.02,-5.564,6.864
8951,298.367,575.16,346.51,4.628,-5.46,7.157
8952,298.4,576.35,346.31,5.418,-7.193,9.006
8953,298.433,578.22,345.43,6.152,-10.059,11.791
8954,298.467,580.22,344.41,6.775,-14.213,15.745
8955,298.5,582.05,342.5,7.2,-18.957,20.278
8956,298.533,581.65,341.85,7.416,-24.335,25.44
8957,298.567,581.24,341.65,7.513,-30.282,31.2
8958,298.6,580.77,341.66,7.569,-36.636,37.409
8959,298.633,580.63,340.51,7.489,-42.912,43.561
8960,298.667,580.67,338.66,7.43,-49.58,50.134
8961,298.7,580.66,337.04,7.189,-55.52,55.984
8962,298.733,580.54,334.19,6.811,-60.44,60.822
8963,298.767,580.17,332.0,6.431,-64.94,65.258
8964,298.8,580.1,330.05,6.2,-68.511,68.791
8965,298.833,580.39,327.93,6.388,-71.52,71.805
8966,298.867,580.71,325.18,7.494,-74.552,74.928
8967,298.9,581.19,322.83,9.704,-77.685,78.289
8968,298.933,581.95,319.89,12.047,-80.051,80.952
8969,298.967,582.91,316.36,13.817,-81.618,82.779
8970,299.0,583.86,312.38,14.374,-82.532,83.775
8971,299.033,584.61,310.11,13.141,-82.889,83.924
8972,299.067,585.1,308.54,11.619,-82.647,83.46
8973,299.1,585.31,306.77,9.648,-81.65,82.218
8974,299.133,585.39,304.61,7.066,-80.184,80.495
8975,299.167,585.13,302.73,3.979,-78.389,78.49
8976,299.2,585.17,298.99,0.448,-75.898,75.899
8977,299.233,585.28,294.25,-3.332,-73.951,74.026
8978,299.267,585.21,292.12,-6.827,-72.463,72.784
8979,299.3,585.24,289.69,-9.61,-71.472,72.115
8980,299.333,585.23,288.35,-11.271,-71.308,72.193
8981,299.367,584.81,286.04,-12.02,-71.533,72.535
8982,299.4,583.79,284.2,-11.651,-71.728,72.668
8983,299.433,582.99,281.21,-10.17,-71.401,72.121
8984,299.467,582.3,278.48,-7.71,-70.895,71.313
8985,299.5,581.97,276.15,-4.815,-69.633,69.799
8986,299.533,582.33,275.61,-1.726,-66.901,66.923
8987,299.567,581.43,274.46,1.272,-63.361,63.374
8988,299.6,580.93,272.15,4.325,-59.833,59.989
8989,299.633,581.31,269.04,7.477,-57.01,57.498
8990,299.667,581.84,266.16,10.491,-54.685,55.682
8991,299.7,582.71,262.19,13.407,-52.994,54.664
8992,299.733,583.97,259.85,15.762,-51.775,54.121
8993,299.767,584.94,258.79,17.455,-49.684,52.661
8994,299.8,585.99,257.74,18.324,-47.385,50.805
8995,299.833,586.39,257.59,17.92,-45.07,48.501
8996,299.867,587.14,257.05,16.146,-42.951,45.885
8997,299.9,587.56,256.59,13.306,-41.126,43.225
8998,299.933,587.75,254.59,10.163,-40.036,41.306
8999,299.967,587.53,253.7,6.796,-39.309,39.892
9000,300.0,587.73,252.49,3.437,-38.947,39.098
9001,300.033,587.9,250.57,0.017,-39.245,39.245
9002,300.067,588.39,248.18,-3.547,-40.888,41.041
9003,300.1,588.33,246.02,-6.457,-43.46,43.937
9004,300.133,587.8,244.92,-8.712,-46.288,47.101
9005,300.167,587.27,243.43,-10.297,-48.818,49.892
9006,300.2,586.5,241.33,-11.124,-51.97,53.147
9007,300.233,585.98,240.79,-11.533,-55.026,56.221
9008,300.267,585.14,239.46,-11.547,-58.475,59.604
9009,300.3,584.38,237.26,-10.967,-62.614,63.567
9010,300.333,584.3,235.51,-10.007,-66.647,67.394
9011,300.367,584.54,232.51,-8.412,-70.184,70.687
9012,300.4,584.84,229.9,-6.486,-72.727,73.015
9013,300.433,584.56,227.29,-4.164,-74.976,75.092
9014,300.467,584.4,224.91,-1.354,-76.193,76.206
9015,300.5,584.17,222.58,1.86,-77.13,77.152
9016,300.533,584.27,220.89,5.208,-78.051,78.225
9017,300.567,584.21,218.79,8.545,-78.905,79.367
9018,300.6,584.24,215.69,11.407,-79.472,80.286
9019,300.633,584.79,211.55,13.745,-79.654,80.831
9020,300.667,585.13,206.5,15.617,-79.692,81.208
9021,300.7,585.48,203.31,16.791,-79.794,81.541
9022,300.733,586.56,200.98,17.34,-78.2,80.099
9023,300.767,587.46,199.86,17.034,-76.001,77.887
9024,300.8,588.09,199.71,16.167,-72.897,74.668
9025,300.833,588.85,199.09,14.905,-69.215,70.801
9026,300.867,589.49,197.07,12.975,-65.757,67.025
9027,300.9,590.17,193.76,11.674,-62.906,63.98
9028,300.933,590.64,191.08,10.03,-59.821,60.656
9029,300.967,590.67,188.0,8.043,-56.503,57.072
9030,301.0,590.88,185.06,5.713,-52.951,53.259
9031,301.033,590.84,182.62,3.04,-49.166,49.26
9032,301.067,590.49,180.91,0.023,-45.148,45.148
9033,301.1,590.01,179.94,-3.336,-40.896,41.032
9034,301.133,589.4,179.55,-7.038,-36.411,37.085
9035,301.167,588.6,179.34,-11.083,-31.693,33.575
9036,301.2,587.97,180.71,-15.471,-26.741,30.894
9037,301.233,587.34,179.46,-20.203,-21.556,29.543
9038,301.267,587.03,178.39,-25.277,-16.137,29.989
9039,301.3,586.72,176.37,-30.694,-10.485,32.436
9040,301.333,586.43,175.12,-36.455,-4.6,36.744
9041,301.367,586.49,174.77,-42.558,1.518,42.585
