frame,t_s,x_px,y_px,vx_px_s,vy_px_s,speed_px_s
0,0.0,524.81,267.12,-0.609,11.457,11.473
1,0.033,523.95,266.09,-9.306,6.841,11.55
2,0.067,523.17,262.89,-17.331,2.469,17.506
3,0.1,522.78,260.51,-24.684,-1.659,24.74
4,0.133,521.64,259.16,-31.366,-5.543,31.852
5,0.167,520.19,256.72,-37.376,-9.184,38.487
6,0.2,517.98,255.63,-42.714,-12.58,44.528
7,0.233,514.77,253.02,-47.38,-15.733,49.923
8,0.267,513.34,257.31,-51.374,-18.641,54.651
9,0.3,510.89,257.21,-54.696,-21.306,58.699
10,0.333,509.6,257.15,-57.347,-23.726,62.061
11,0.367,507.91,255.79,-59.325,-25.903,64.734
12,0.4,509.11,262.87,-60.632,-27.836,66.717
13,0.433,508.42,264.41,-61.267,-29.524,68.01
14,0.467,507.99,263.98,-61.231,-30.969,68.617
15,0.5,506.73,263.18,-60.522,-32.17,68.541
16,0.533,504.57,259.42,-62.781,-38.176,73.477
17,0.567,502.33,256.17,-63.487,-43.658,77.049
18,0.6,500.82,254.25,-62.044,-47.871,78.365
19,0.633,490.22,246.29,-59.593,-50.499,78.113
20,0.667,486.56,242.1,-55.225,-51.608,75.585
21,0.7,487.06,240.45,-46.821,-50.169,68.624
22,0.733,487.47,241.31,-35.155,-46.359,58.181
23,0.767,488.38,241.13,-20.729,-39.332,44.46
24,0.8,488.74,241.8,-4.871,-32.559,32.922
25,0.833,488.46,241.45,11.966,-24.633,27.386
26,0.867,486.96,240.43,27.78,-16.125,32.121
27,0.9,486.84,241.36,42.765,-4.919,43.047
28,0.933,486.0,241.43,53.995,2.805,54.068
29,0.967,485.69,241.75,61.389,7.698,61.87
30,1.0,491.59,242.08,64.37,10.48,65.217
31,1.033,497.47,242.72,63.543,10.722,64.441
32,1.067,501.35,241.95,59.343,9.45,60.09
33,1.1,504.26,242.38,50.951,7.183,51.455
34,1.133,509.37,242.6,38.536,3.18,38.667
35,1.167,513.47,242.72,28.063,1.311,28.094
36,1.2,511.91,242.54,18.201,0.856,18.222
37,1.233,510.08,242.0,8.831,2.039,9.063
38,1.267,508.37,242.03,-0.491,2.661,2.706
39,1.3,505.68,242.05,-9.712,2.984,10.16
40,1.333,502.84,242.23,-18.729,2.588,18.907
41,1.367,501.61,243.6,-27.29,1.622,27.338
42,1.4,499.05,241.46,-33.97,-0.115,33.97
43,1.433,498.1,241.25,-37.578,-1.714,37.617
44,1.467,497.9,242.19,-37.887,-3.576,38.055
45,1.5,498.06,242.17,-34.085,-5.52,34.529
46,1.533,497.14,242.28,-29.138,-7.546,30.1
47,1.567,495.75,243.07,-23.91,-9.51,25.732
48,1.6,496.61,242.81,-18.604,-11.851,22.058
49,1.633,497.31,242.85,-13.155,-14.106,19.288
50,1.667,497.75,242.24,-10.435,-16.93,19.888
51,1.7,498.38,241.75,-10.427,-17.217,20.128
52,1.733,496.35,238.91,-10.886,-16.956,20.149
53,1.767,495.34,237.67,-11.594,-16.081,19.825
54,1.8,493.85,236.59,-13.002,-18.136,22.315
55,1.833,492.95,235.29,-14.345,-21.845,26.134
56,1.867,493.27,234.66,-15.243,-26.715,30.758
57,1.9,493.82,236.26,-16.168,-32.588,36.378
58,1.933,492.01,234.51,-16.708,-38.664,42.12
59,1.967,491.77,234.21,-16.614,-43.809,46.853
60,2.0,491.1,233.41,-15.847,-46.445,49.074
61,2.033,490.43,232.52,-14.749,-46.123,48.424
62,2.067,489.6,230.55,-13.168,-43.59,45.536
63,2.1,489.39,231.15,-10.294,-39.28,40.607
64,2.133,488.62,230.07,-8.066,-34.323,35.258
65,2.167,490.03,230.8,-6.221,-28.628,29.296
66,2.2,490.11,223.9,-5.262,-22.663,23.266
67,2.233,489.64,219.4,-4.892,-16.047,16.776
68,2.267,488.74,213.91,-4.574,-9.193,10.268
69,2.3,488.62,215.94,-3.939,-1.925,4.384
70,2.333,488.28,217.41,-2.639,5.733,6.311
71,2.367,488.13,219.43,-0.706,13.684,13.702
72,2.4,488.0,221.09,1.122,21.351,21.381
73,2.433,489.38,226.88,2.39,26.679,26.786
74,2.467,489.75,231.42,4.388,30.737,31.049
75,2.5,489.37,232.01,6.397,33.032,33.646
76,2.533,488.89,231.63,8.246,33.706,34.7
77,2.567,489.06,231.72,10.142,32.957,34.482
78,2.6,488.23,230.6,11.866,30.997,33.19
79,2.633,489.27,231.79,12.887,26.316,29.302
80,2.667,489.6,231.73,13.968,20.128,24.5
81,2.7,490.97,232.44,14.127,11.442,18.18
82,2.733,491.02,231.13,13.794,4.33,14.458
83,2.767,492.72,232.83,13.034,-0.756,13.056
84,2.8,493.28,232.98,12.766,-1.019,12.807
85,2.833,493.85,232.51,11.768,-1.008,11.811
86,2.867,494.09,231.88,10.442,-0.225,10.444
87,2.9,494.37,231.15,7.803,-0.325,7.81
88,2.933,494.72,231.4,5.394,1.324,5.554
89,2.967,494.43,232.25,3.035,2.848,4.162
90,3.0,493.89,232.74,0.364,2.536,2.562
91,3.033,493.82,233.12,-1.339,3.081,3.359
92,3.067,493.15,232.85,-3.566,2.479,4.343
93,3.1,493.12,233.29,-5.027,2.616,5.667
94,3.133,493.92,234.49,-5.527,3.443,6.512
95,3.167,494.07,234.67,-5.719,3.995,6.976
96,3.2,493.84,234.6,-4.643,5.863,7.479
97,3.233,493.4,234.69,-4.063,6.241,7.448
98,3.267,493.24,234.23,-1.841,9.257,9.439
99,3.3,491.47,231.12,-0.266,10.26,10.263
100,3.333,491.53,231.36,1.355,9.953,10.045
101,3.367,491.32,231.58,3.763,10.185,10.858
102,3.4,494.07,236.16,5.868,9.497,11.163
103,3.433,494.65,236.7,8.344,9.357,12.537
104,3.467,493.86,235.5,10.254,7.832,12.902
105,3.5,494.45,236.74,11.695,5.18,12.791
106,3.533,492.99,234.63,13.09,1.847,13.219
107,3.567,495.4,237.81,14.084,-1.781,14.196
108,3.6,495.24,237.03,15.268,-5.057,16.084
109,3.633,496.18,237.57,16.981,-8.965,19.203
110,3.667,497.21,237.91,18.634,-13.287,22.886
111,3.7,496.8,235.12,19.865,-18.008,26.812
112,3.733,499.14,237.05,20.674,-22.781,30.763
113,3.767,498.17,231.61,21.254,-27.977,35.135
114,3.8,499.97,231.84,21.573,-32.285,38.829
115,3.833,501.39,232.1,23.191,-34.542,41.605
116,3.867,500.71,228.73,25.548,-34.098,42.607
117,3.9,502.19,228.47,28.742,-31.955,42.979
118,3.933,501.88,225.41,29.879,-28.347,41.186
119,3.967,503.03,225.74,32.924,-27.494,42.894
120,4.0,504.78,225.52,38.436,-27.853,47.467
121,4.033,506.31,224.98,38.46,-29.411,48.417
122,4.067,508.57,223.83,43.973,-31.252,53.947
123,4.1,510.75,221.95,51.951,-35.557,62.954
124,4.133,511.79,221.68,62.168,-39.844,73.84
125,4.167,512.73,220.1,73.458,-44.584,85.929
126,4.2,514.73,219.35,84.747,-50.325,98.563
127,4.233,517.4,218.39,96.887,-55.636,111.725
128,4.267,520.53,218.56,105.816,-61.36,122.32
129,4.3,524.24,216.89,113.849,-64.526,130.864
130,4.333,527.3,216.59,119.502,-67.445,137.221
131,4.367,530.58,211.99,122.876,-69.874,141.354
132,4.4,534.56,208.5,124.883,-70.13,143.227
133,4.433,542.64,197.65,123.58,-69.39,141.728
134,4.467,544.31,197.08,119.977,-66.478,137.164
135,4.5,544.89,196.44,113.423,-62.273,129.393
136,4.533,563.93,193.97,103.342,-56.908,117.975
137,4.567,564.55,193.84,90.92,-50.691,104.096
138,4.6,565.07,193.95,77.242,-43.203,88.504
139,4.633,566.07,192.78,62.236,-34.632,71.223
140,4.667,566.49,191.37,47.602,-25.966,54.224
141,4.7,566.96,191.17,34.426,-16.914,38.357
142,4.733,565.07,192.25,23.338,-8.731,24.918
143,4.767,567.53,190.55,12.787,-0.985,12.825
144,4.8,567.89,190.37,5.372,3.649,6.494
145,4.833,567.87,190.83,-0.897,6.669,6.729
146,4.867,566.56,190.47,-5.247,6.123,8.063
147,4.9,564.42,190.62,-6.302,3.768,7.342
148,4.933,563.9,190.76,-3.791,-0.554,3.831
149,4.967,563.43,191.9,0.421,-2.151,2.191
150,5.0,563.95,191.89,4.088,-4.544,6.113
151,5.033,566.63,191.9,13.52,-6.809,15.137
152,5.067,568.98,192.2,17.701,-8.294,19.548
153,5.1,569.63,191.45,23.142,-9.565,25.04
154,5.133,571.61,191.21,29.866,-10.542,31.672
155,5.167,572.73,190.63,36.661,-10.515,38.139
156,5.2,573.33,189.6,42.7,-9.253,43.691
157,5.233,572.73,189.47,48.939,-7.505,49.511
158,5.267,576.34,187.24,57.074,-6.374,57.429
159,5.3,575.16,188.12,65.308,-4.664,65.475
160,5.333,578.32,186.55,75.572,-2.055,75.6
161,5.367,582.41,186.39,86.628,1.449,86.64
162,5.4,584.94,186.79,99.546,5.592,99.703
163,5.433,586.71,187.53,114.3,10.543,114.785
164,5.467,586.65,189.0,129.423,15.866,130.392
165,5.5,598.9,190.8,144.304,20.712,145.783
166,5.533,602.28,191.06,159.156,25.331,161.159
167,5.567,606.64,192.48,171.092,29.213,173.568
168,5.6,611.19,193.55,179.58,31.812,182.376
169,5.633,615.48,194.07,184.854,33.413,187.85
170,5.667,621.69,194.24,186.075,33.547,189.075
171,5.7,631.07,194.42,184.29,32.55,187.143
172,5.733,639.46,195.16,180.537,30.852,183.154
173,5.767,647.66,196.89,174.383,27.764,176.579
174,5.8,655.43,199.56,165.473,25.123,167.369
175,5.833,659.43,200.82,154.844,21.193,156.288
176,5.867,664.62,201.05,137.472,17.159,138.539
177,5.9,667.3,202.22,120.26,12.655,120.924
178,5.933,669.47,202.13,102.205,7.812,102.504
179,5.967,671.98,202.19,84.941,2.739,84.985
180,6.0,674.8,202.02,71.533,-2.067,71.563
181,6.033,674.78,201.33,56.427,-6.72,56.826
182,6.067,676.72,200.84,42.997,-10.483,44.256
183,6.1,678.4,200.43,31.622,-13.635,34.436
184,6.133,680.42,199.99,22.275,-16.083,27.474
185,6.167,682.56,199.88,16.617,-17.561,24.177
186,6.2,682.79,199.28,14.135,-17.78,22.714
187,6.233,680.52,198.21,13.071,-16.658,21.174
188,6.267,680.63,197.79,13.247,-14.261,19.464
189,6.3,677.06,196.03,14.016,-11.43,18.085
190,6.333,676.53,195.09,14.362,-8.833,16.861
191,6.367,686.72,194.76,15.66,-5.818,16.706
192,6.4,683.93,195.17,16.855,-2.433,17.029
193,6.433,685.39,195.97,18.195,0.756,18.211
194,6.467,686.7,197.42,20.278,4.482,20.767
195,6.5,686.49,197.79,22.468,8.19,23.914
196,6.533,685.91,198.09,23.595,11.933,26.441
197,6.567,686.48,198.64,24.716,16.084,29.488
198,6.6,686.97,198.92,25.151,20.385,32.375
199,6.633,689.16,199.28,24.795,24.985,35.201
200,6.667,689.97,199.79,24.452,30.289,38.927
201,6.7,690.98,200.42,23.559,36.199,43.19
202,6.733,692.07,201.43,22.69,41.868,47.621
203,6.767,693.04,202.47,22.852,46.771,52.055
204,6.8,693.78,204.44,23.62,50.763,55.989
205,6.833,695.03,206.55,27.794,54.718,61.373
206,6.867,695.7,208.03,34.702,58.061,67.641
207,6.9,696.12,210.48,39.798,61.549,73.295
208,6.933,697.49,213.1,46.433,64.827,79.74
209,6.967,697.61,215.14,51.862,67.677,85.263
210,7.0,697.92,218.11,57.383,70.502,90.903
211,7.033,699.73,221.23,61.409,73.765,95.981
212,7.067,702.61,224.19,65.553,77.39,101.423
213,7.1,705.85,227.66,69.039,81.091,106.499
214,7.133,710.12,230.75,71.95,84.837,111.239
215,7.167,712.29,232.54,73.956,89.936,116.439
216,7.2,714.62,233.02,75.03,95.282,121.277
217,7.233,717.13,234.76,74.77,100.616,125.357
218,7.267,720.96,238.1,72.948,105.526,128.285
219,7.3,724.57,241.56,70.121,110.934,131.237
220,7.333,727.32,245.26,66.467,115.952,133.652
221,7.367,729.91,250.79,61.885,119.095,134.214
222,7.4,728.14,255.32,57.783,123.034,135.928
223,7.433,729.09,260.61,53.438,126.575,137.393
224,7.467,731.9,266.66,48.739,131.644,140.377
225,7.5,730.96,271.32,44.07,130.351,137.599
226,7.533,734.44,275.74,41.019,135.009,141.103
227,7.567,735.55,280.33,39.21,142.457,147.754
228,7.6,737.29,285.31,38.08,152.088,156.782
229,7.633,739.08,290.95,37.231,162.225,166.442
230,7.667,739.31,293.55,36.122,172.083,175.834
231,7.7,740.18,297.92,35.31,182.345,185.733
232,7.733,741.64,303.02,34.902,194.896,197.997
233,7.767,743.75,309.31,34.796,207.519,210.416
234,7.8,745.09,314.21,33.946,219.523,222.132
235,7.833,746.56,320.36,32.129,230.28,232.511
236,7.867,748.05,330.89,29.28,238.961,240.748
237,7.9,746.99,337.89,24.882,244.966,246.226
238,7.933,747.8,347.38,21.53,247.969,248.902
239,7.967,748.47,352.71,18.296,245.862,246.541
240,8.0,750.71,379.48,14.574,239.019,239.463
241,8.033,750.79,382.02,11.993,228.888,229.202
242,8.067,750.73,387.93,9.113,218.161,218.352
243,8.1,750.81,393.08,6.471,204.755,204.858
244,8.133,751.17,399.19,3.911,188.818,188.858
245,8.167,750.99,405.76,1.497,167.295,167.302
246,8.2,751.24,411.02,0.166,145.251,145.251
247,8.233,751.09,412.14,-0.324,118.669,118.67
248,8.267,750.78,415.39,-0.029,93.454,93.454
249,8.3,750.74,417.32,0.526,71.473,71.475
250,8.333,750.38,418.98,1.015,51.757,51.767
251,8.367,750.13,421.2,1.325,37.124,37.148
252,8.4,750.58,421.53,0.972,25.377,25.395
253,8.433,750.57,422.03,1.437,16.968,17.029
254,8.467,750.99,426.15,1.973,12.501,12.656
255,8.5,750.84,429.12,2.855,14.57,14.847
256,8.533,751.54,430.46,2.641,10.747,11.066
257,8.567,751.18,425.11,2.512,9.807,10.124
258,8.6,751.73,422.5,2.503,10.725,11.013
259,8.633,752.24,418.65,2.346,14.984,15.166
260,8.667,752.48,421.8,1.714,18.869,18.947
261,8.7,752.39,419.93,1.256,23.336,23.37
262,8.733,752.45,429.61,0.362,26.799,26.801
263,8.767,751.89,431.14,-0.678,30.085,30.092
264,8.8,751.05,429.08,-1.671,32.671,32.714
265,8.833,751.08,432.8,-2.525,34.946,35.037
266,8.867,750.87,432.14,-3.217,35.388,35.534
267,8.9,751.27,432.15,-3.457,33.697,33.874
268,8.933,751.37,435.81,-3.444,32.41,32.593
269,8.967,751.58,436.99,-2.809,29.57,29.703
270,9.0,751.16,437.46,-1.761,25.714,25.774
271,9.033,751.68,438.14,0.122,18.298,18.299
272,9.067,751.38,439.97,1.95,6.734,7.011
273,9.1,751.0,440.9,4.877,-10.251,11.352
274,9.133,750.99,437.65,7.88,-20.835,22.275
275,9.167,751.42,439.54,10.024,-24.663,26.622
276,9.2,751.01,436.73,11.455,-24.84,27.354
277,9.233,751.48,435.54,12.21,-19.022,22.604
278,9.267,751.94,435.78,12.399,-13.244,18.142
279,9.3,752.5,434.44,12.088,-5.033,13.094
280,9.333,752.86,432.24,11.209,7.082,13.259
281,9.367,753.87,433.16,9.698,19.514,21.791
282,9.4,754.68,434.55,7.513,33.362,34.197
283,9.433,755.4,432.26,4.31,48.346,48.538
284,9.467,755.77,434.42,0.467,61.596,61.598
285,9.5,755.99,430.97,-4.824,76.562,76.714
286,9.533,755.5,432.21,-9.733,89.798,90.324
287,9.567,755.62,437.02,-12.877,97.922,98.765
288,9.6,753.66,458.66,-15.251,100.349,101.501
289,9.633,751.94,459.27,-17.777,96.732,98.351
290,9.667,751.48,461.64,-21.52,89.943,92.481
291,9.7,750.57,464.05,-26.413,79.078,83.372
292,9.733,749.55,466.51,-32.072,65.902,73.292
293,9.767,747.66,468.1,-40.6,53.546,67.198
294,9.8,745.83,468.95,-51.178,39.088,64.398
295,9.833,744.54,469.23,-62.463,25.559,67.49
296,9.867,742.59,469.72,-73.813,14.837,75.289
297,9.9,740.93,470.56,-84.955,4.803,85.091
298,9.933,739.47,470.53,-95.668,-4.295,95.765
299,9.967,737.49,471.05,-106.522,-8.646,106.873
300,10.0,737.59,462.59,-116.061,-9.614,116.458
301,10.033,734.86,457.95,-123.832,-3.422,123.879
302,10.067,726.69,459.12,-130.2,8.893,130.503
303,10.1,719.0,460.51,-133.815,25.121,136.152
304,10.133,711.94,464.05,-134.127,34.589,138.515
305,10.167,706.22,468.07,-132.428,44.636,139.748
306,10.2,699.59,470.63,-130.612,54.684,141.597
307,10.233,692.76,476.12,-128.584,63.779,143.532
308,10.267,690.59,475.27,-127.203,71.416,145.88
309,10.3,688.81,480.28,-125.468,77.32,147.379
310,10.333,685.72,482.43,-123.897,81.539,148.321
311,10.367,682.64,483.1,-124.045,83.946,149.78
312,10.4,679.11,486.79,-125.976,84.117,151.478
313,10.433,675.71,491.18,-129.238,81.117,152.586
314,10.467,674.37,493.27,-133.317,75.625,153.273
315,10.5,670.89,495.17,-127.401,66.587,143.752
316,10.533,666.25,496.32,-135.478,59.933,148.143
317,10.567,662.78,496.82,-153.986,55.721,163.757
318,10.6,654.6,498.42,-177.377,51.943,184.826
319,10.633,645.04,500.4,-204.602,49.014,210.391
320,10.667,636.33,502.91,-232.264,46.099,236.795
321,10.7,629.19,504.21,-258.048,43.309,261.657
322,10.733,621.2,506.14,-278.982,40.96,281.973
323,10.767,614.24,507.62,-294.924,37.52,297.301
324,10.8,605.14,509.1,-306.794,35.613,308.854
325,10.833,595.93,509.97,-309.06,32.649,310.78
326,10.867,588.73,510.66,-302.265,29.69,303.72
327,10.9,582.28,511.14,-283.118,29.376,284.638
328,10.933,574.3,512.5,-259.924,28.51,261.483
329,10.967,563.43,512.72,-233.511,26.155,234.971
330,11.0,520.41,514.33,-205.493,22.974,206.774
331,11.033,519.49,514.62,-178.327,19.303,179.369
332,11.067,518.26,514.86,-152.503,16.11,153.352
333,11.1,516.16,515.71,-127.0,13.378,127.703
334,11.133,518.42,516.51,-102.853,10.848,103.423
335,11.167,519.99,517.46,-79.537,8.474,79.988
336,11.2,520.97,517.28,-57.475,5.826,57.769
337,11.233,521.18,517.49,-39.356,3.649,39.525
338,11.267,526.71,517.15,-23.031,2.406,23.157
339,11.3,534.99,517.69,-12.76,0.962,12.796
340,11.333,532.14,518.29,-8.381,-0.726,8.412
341,11.367,529.37,519.19,-9.147,-2.56,9.499
342,11.4,514.33,515.81,-15.835,-4.451,16.449
343,11.433,512.41,515.41,-29.26,-5.995,29.868
344,11.467,510.57,515.43,-47.43,-7.958,48.093
345,11.5,507.04,515.99,-68.819,-9.247,69.438
346,11.533,508.03,516.25,-72.769,-10.586,73.535
347,11.567,510.01,515.25,-73.905,-11.739,74.832
348,11.6,505.47,515.32,-73.334,-11.692,74.261
349,11.633,504.51,515.43,-67.779,-11.801,68.799
350,11.667,502.77,515.44,-59.608,-12.821,60.971
351,11.7,499.74,515.7,-49.575,-13.444,51.366
352,11.733,499.36,515.48,-37.068,-12.184,39.019
353,11.767,492.91,512.92,-23.206,-9.843,25.207
354,11.8,492.11,512.41,-11.789,-7.243,13.836
355,11.833,493.16,511.8,-6.32,-5.002,8.06
356,11.867,493.8,511.54,-3.479,-3.387,4.855
357,11.9,494.66,511.56,-4.41,-2.9,5.278
358,11.933,496.77,511.28,-0.431,-1.72,1.773
359,11.967,496.33,512.02,3.655,-0.559,3.697
360,12.0,496.61,511.89,6.357,0.789,6.406
361,12.033,496.86,511.85,10.288,1.376,10.38
362,12.067,496.51,512.68,13.621,1.11,13.666
363,12.1,500.32,511.47,13.49,1.547,13.578
364,12.133,499.68,512.38,13.879,1.809,13.996
365,12.167,499.21,515.68,14.282,2.493,14.498
366,12.2,499.71,516.49,14.75,2.692,14.993
367,12.233,497.99,514.46,16.611,1.851,16.714
368,12.267,497.98,512.45,18.382,-0.531,18.389
369,12.3,498.34,512.02,22.969,-2.743,23.132
370,12.333,498.33,511.72,27.344,-4.178,27.661
371,12.367,499.09,511.35,32.116,-5.572,32.596
372,12.4,502.18,511.0,33.967,-5.975,34.488
373,12.433,502.43,511.62,34.841,-6.111,35.373
374,12.467,502.48,511.89,32.107,-5.567,32.586
375,12.5,506.16,511.26,28.13,-5.031,28.577
376,12.533,507.19,511.91,23.126,-3.922,23.456
377,12.567,507.11,513.16,18.058,-2.902,18.29
378,12.6,510.75,512.51,12.462,-1.658,12.572
379,12.633,512.99,512.51,4.073,0.443,4.097
380,12.667,513.05,510.48,-4.631,2.676,5.349
381,12.7,512.98,509.63,-13.851,2.898,14.151
382,12.733,510.8,509.3,-23.071,1.586,23.125
383,12.767,507.81,510.73,-31.927,-0.236,31.928
384,12.8,504.63,512.23,-38.914,-1.665,38.949
385,12.833,503.16,511.25,-37.695,-1.521,37.725
386,12.867,497.35,512.22,-40.455,-4.333,40.687
387,12.9,498.33,511.02,-46.509,-9.008,47.373
388,12.933,495.17,510.9,-55.481,-15.571,57.625
389,12.967,496.15,510.22,-64.02,-23.12,68.067
390,13.0,495.39,509.72,-71.494,-32.159,78.394
391,13.033,494.07,508.49,-78.236,-38.88,87.364
392,13.067,490.6,508.56,-85.075,-46.243,96.831
393,13.1,488.78,506.72,-90.677,-54.527,105.809
394,13.133,487.34,505.18,-96.32,-62.153,114.632
395,13.167,484.69,502.55,-102.244,-70.067,123.948
396,13.2,482.96,500.27,-107.806,-76.047,131.929
397,13.233,479.47,497.69,-113.03,-80.102,138.536
398,13.267,478.34,495.44,-116.939,-81.938,142.789
399,13.3,473.12,491.56,-118.3,-81.829,143.843
400,13.333,449.17,482.08,-116.351,-79.184,140.74
401,13.367,448.48,481.31,-113.271,-75.261,135.994
402,13.4,449.28,479.74,-105.82,-70.563,127.189
403,13.433,449.69,479.8,-96.141,-63.965,115.476
404,13.467,447.58,478.24,-83.57,-56.841,101.069
405,13.5,446.07,479.27,-70.646,-49.309,86.153
406,13.533,441.69,473.48,-57.025,-41.322,70.423
407,13.567,441.58,472.42,-42.927,-32.748,53.992
408,13.6,441.27,471.89,-28.06,-24.887,37.506
409,13.633,440.06,470.52,-13.556,-17.41,22.066
410,13.667,439.76,471.68,-0.492,-11.08,11.091
411,13.7,440.05,471.9,10.849,-5.544,12.183
412,13.733,440.63,472.66,18.078,-1.635,18.152
413,13.767,441.73,473.49,21.282,1.01,21.306
414,13.8,441.85,473.27,19.924,1.579,19.987
415,13.833,440.97,470.12,15.562,1.364,15.621
416,13.867,443.49,471.31,18.608,3.323,18.903
417,13.9,445.11,471.6,20.759,4.405,21.221
418,13.933,444.46,471.01,21.323,5.361,21.987
419,13.967,445.56,471.82,20.877,6.649,21.911
420,14.0,447.2,473.13,20.16,7.619,21.552
421,14.033,448.16,473.59,19.098,7.461,20.504
422,14.067,448.38,473.56,18.007,9.05,20.154
423,14.1,448.77,473.62,18.113,11.705,21.566
424,14.133,448.48,473.57,17.196,14.078,22.224
425,14.167,447.86,473.89,17.1,17.048,24.146
426,14.2,446.82,473.79,17.843,19.707,26.584
427,14.233,448.32,474.67,18.83,21.797,28.804
428,14.267,450.86,474.71,18.402,22.665,29.195
429,14.3,451.0,475.83,18.854,21.137,28.323
430,14.333,450.45,475.98,20.333,20.275,28.714
431,14.367,452.06,477.98,21.852,20.419,29.907
432,14.4,453.83,480.28,21.324,19.778,29.084
433,14.433,455.46,482.39,20.273,19.881,28.395
434,14.467,455.24,481.42,20.04,20.914,28.966
435,14.5,455.34,482.83,18.842,22.5,29.347
436,14.533,454.99,482.71,16.103,23.679,28.636
437,14.567,458.48,483.81,12.895,25.153,28.265
438,14.6,456.07,482.64,9.777,26.868,28.592
439,14.633,458.29,483.66,6.588,29.178,29.912
440,14.667,458.24,484.18,3.632,31.334,31.544
441,14.7,457.3,483.89,1.416,33.313,33.343
442,14.733,456.75,484.55,1.15,35.402,35.42
443,14.767,460.04,486.06,2.116,36.342,36.403
444,14.8,457.97,490.66,2.977,36.433,36.554
445,14.833,455.25,490.07,4.141,35.392,35.634
446,14.867,455.66,492.38,6.49,35.51,36.098
447,14.9,457.83,495.5,8.245,35.791,36.728
448,14.933,457.46,496.31,9.471,35.592,36.831
449,14.967,456.17,497.57,9.149,33.927,35.139
450,15.0,457.1,498.07,8.839,32.223,33.414
451,15.033,459.13,499.47,7.903,28.77,29.835
452,15.067,459.75,499.61,6.64,23.852,24.759
453,15.1,459.93,499.82,2.87,16.695,16.94
454,15.133,460.36,498.57,-0.423,8.731,8.741
455,15.167,461.24,498.5,-4.599,-0.123,4.601
456,15.2,462.19,497.88,-8.823,-9.299,12.818
457,15.233,461.74,496.75,-13.183,-18.696,22.876
458,15.267,459.91,497.32,-16.922,-27.183,32.02
459,15.3,458.38,498.81,-21.635,-34.805,40.981
460,15.333,457.57,500.79,-25.683,-44.137,51.065
461,15.367,455.51,499.02,-27.359,-52.191,58.927
462,15.4,454.77,496.33,-27.179,-58.582,64.58
463,15.433,452.97,492.71,-26.376,-65.227,70.358
464,15.467,452.76,489.35,-24.567,-71.404,75.512
465,15.5,450.9,484.95,-21.478,-78.024,80.926
466,15.533,450.16,481.08,-17.052,-83.634,85.355
467,15.567,449.84,477.78,-13.319,-89.786,90.768
468,15.6,450.22,475.19,-10.183,-97.189,97.721
469,15.633,450.73,472.82,-7.787,-104.553,104.842
470,15.667,449.98,469.4,-6.12,-110.182,110.351
471,15.7,449.26,465.66,-5.494,-109.213,109.351
472,15.733,450.39,463.75,-7.778,-110.709,110.982
473,15.767,450.68,459.77,-11.786,-113.348,113.959
474,15.8,449.96,455.34,-16.306,-117.713,118.837
475,15.833,451.1,452.91,-21.433,-125.322,127.142
476,15.867,450.95,449.75,-27.423,-136.807,139.528
477,15.9,449.17,442.67,-32.596,-147.865,151.415
478,15.933,446.92,437.11,-38.158,-160.167,164.65
479,15.967,445.39,431.4,-42.949,-172.591,177.855
480,16.0,444.5,426.97,-47.287,-184.102,190.078
481,16.033,440.8,419.75,-50.392,-193.453,199.908
482,16.067,438.77,414.1,-52.273,-200.566,207.266
483,16.1,436.95,411.64,-52.797,-204.651,211.351
484,16.133,435.48,407.27,-52.195,-205.828,212.342
485,16.167,433.27,400.9,-50.901,-204.765,210.997
486,16.2,430.25,379.11,-47.943,-199.598,205.275
487,16.233,430.5,373.83,-43.451,-190.224,195.124
488,16.267,429.84,367.56,-38.673,-178.866,182.999
489,16.3,428.43,361.48,-33.936,-167.09,170.502
490,16.333,427.59,358.11,-29.071,-153.28,156.012
491,16.367,427.29,356.1,-25.558,-140.39,142.698
492,16.4,425.28,348.49,-23.018,-129.158,131.193
493,16.433,425.13,345.75,-20.669,-116.829,118.644
494,16.467,424.58,343.62,-18.424,-106.931,108.506
495,16.5,423.74,340.94,-16.503,-99.222,100.585
496,16.533,423.65,338.34,-15.351,-95.036,96.268
497,16.567,423.49,336.91,-13.852,-93.798,94.815
498,16.6,423.14,334.56,-12.494,-94.656,95.477
499,16.633,422.6,332.15,-11.282,-99.254,99.893
500,16.667,422.62,331.02,-10.286,-107.35,107.841
501,16.7,421.61,326.35,-9.077,-117.665,118.014
502,16.733,420.68,319.99,-6.84,-121.582,121.774
503,16.767,419.81,313.92,-5.078,-123.911,124.015
504,16.8,419.57,311.64,-4.028,-124.272,124.337
505,16.833,419.6,305.22,-2.977,-121.37,121.406
506,16.867,420.36,300.83,-1.417,-115.79,115.799
507,16.9,420.79,296.61,-0.438,-110.376,110.377
508,16.933,420.76,288.57,0.887,-102.405,102.409
509,16.967,421.01,285.63,1.127,-92.783,92.79
510,17.0,420.92,282.44,0.211,-81.263,81.263
511,17.033,420.54,280.8,-1.09,-67.895,67.903
512,17.067,420.67,282.04,-2.658,-54.583,54.648
513,17.1,420.74,281.58,-4.274,-41.001,41.223
514,17.133,420.77,281.05,-6.254,-29.324,29.983
515,17.167,420.6,280.98,-8.443,-21.429,23.032
516,17.2,420.4,279.82,-10.598,-16.718,19.794
517,17.233,419.87,280.32,-12.169,-13.837,18.427
518,17.267,419.22,279.3,-12.916,-10.89,16.894
519,17.3,419.61,279.52,-13.0,-11.551,17.39
520,17.333,419.46,278.01,-12.344,-14.642,19.151
521,17.367,417.33,274.67,-10.833,-18.194,21.175
522,17.4,416.24,275.1,-9.056,-23.839,25.501
523,17.433,414.83,276.79,-6.938,-29.689,30.489
524,17.467,414.85,276.95,-4.613,-33.922,34.235
525,17.5,416.01,274.99,-2.199,-38.029,38.092
526,17.533,416.69,271.8,0.228,-40.808,40.809
527,17.567,416.77,271.13,3.659,-42.444,42.601
528,17.6,416.4,266.51,5.97,-43.683,44.089
529,17.633,417.0,265.11,8.041,-43.54,44.277
530,17.667,417.98,267.35,9.53,-42.097,43.162
531,17.7,418.15,266.17,10.27,-39.38,40.698
532,17.733,418.32,264.18,10.214,-34.807,36.275
533,17.767,418.26,258.89,9.511,-29.154,30.666
534,17.8,418.99,262.22,7.806,-20.274,21.725
535,17.833,419.41,260.4,4.716,-12.152,13.035
536,17.867,419.34,258.56,0.512,-5.189,5.214
537,17.9,419.44,259.69,-3.689,2.471,4.44
538,17.933,419.19,257.89,-7.671,9.642,12.322
539,17.967,419.33,258.29,-10.582,14.271,17.767
540,18.0,419.13,259.82,-12.708,18.202,22.199
541,18.033,419.08,261.26,-14.359,22.162,26.407
542,18.067,416.47,263.55,-15.668,26.188,30.517
543,18.1,417.36,265.35,-16.418,29.22,33.517
544,18.133,416.27,266.76,-16.257,33.19,36.957
545,18.167,415.37,268.7,-15.376,36.28,39.403
546,18.2,414.6,270.23,-14.466,37.597,40.284
547,18.233,413.7,271.45,-13.189,37.497,39.749
548,18.267,412.58,271.94,-11.619,36.778,38.57
549,18.3,412.55,267.17,-9.139,36.682,37.804
550,18.333,412.55,267.51,-6.917,34.675,35.358
551,18.367,412.66,270.51,-5.241,31.661,32.092
552,18.4,413.34,272.81,-3.472,29.025,29.232
553,18.433,413.88,274.3,-1.695,25.157,25.214
554,18.467,414.03,278.26,0.011,22.978,22.978
555,18.5,414.1,278.74,1.138,22.513,22.541
556,18.533,413.59,278.44,1.721,20.041,20.115
557,18.567,413.5,278.98,1.438,15.293,15.36
558,18.6,413.55,278.84,1.67,8.478,8.641
559,18.633,413.59,278.58,0.892,-0.512,1.029
560,18.667,413.08,279.77,-0.053,-10.38,10.38
561,18.7,413.3,278.08,-0.735,-20.27,20.284
562,18.733,413.46,277.49,-1.229,-30.869,30.893
563,18.767,413.8,275.77,-1.027,-41.733,41.745
564,18.8,412.82,276.13,0.447,-51.682,51.684
565,18.833,413.09,273.37,0.508,-52.533,52.536
566,18.867,414.17,273.15,1.735,-54.706,54.734
567,18.9,414.34,271.07,4.592,-58.757,58.937
568,18.933,414.16,269.69,10.008,-68.742,69.467
569,18.967,414.13,264.94,16.066,-75.785,77.469
570,19.0,414.5,256.75,22.737,-81.12,84.246
571,19.033,414.91,254.37,28.942,-78.153,83.34
572,19.067,415.73,253.54,36.779,-75.642,84.11
573,19.1,416.86,252.35,45.17,-73.359,86.15
574,19.133,418.27,252.92,53.559,-70.992,88.929
575,19.167,420.16,252.35,62.271,-73.301,96.181
576,19.2,421.63,249.61,68.495,-73.612,100.55
577,19.233,423.73,248.68,71.408,-68.338,98.839
578,19.267,425.53,247.56,71.155,-59.674,92.866
579,19.3,426.86,244.82,68.046,-49.642,84.229
580,19.333,434.45,228.14,61.995,-35.056,71.221
581,19.367,438.27,227.94,54.171,-22.427,58.63
582,19.4,441.2,228.42,46.17,-13.745,48.173
583,19.433,440.37,242.9,38.047,-8.41,38.965
584,19.467,442.13,243.5,31.527,-10.919,33.365
585,19.5,443.44,243.41,25.868,-13.316,29.094
586,19.533,446.75,228.08,19.675,-12.133,23.115
587,19.567,445.28,228.92,13.99,-9.566,16.948
588,19.6,443.84,229.38,8.954,-6.554,11.097
589,19.633,441.53,230.48,4.361,-2.865,5.218
590,19.667,435.98,245.74,0.785,-0.274,0.832
591,19.7,435.42,248.53,-0.805,0.845,1.167
592,19.733,436.22,244.53,-1.173,1.837,2.179
593,19.767,437.5,240.85,1.13,1.46,1.847
594,19.8,438.8,240.43,5.253,-0.337,5.263
595,19.833,443.61,226.42,10.742,-2.848,11.113
596,19.867,447.17,225.01,13.985,1.261,14.042
597,19.9,447.16,225.0,14.863,7.116,16.478
598,19.933,447.89,225.47,13.331,15.242,20.249
599,19.967,445.03,237.67,10.189,21.252,23.568
600,20.0,442.99,239.9,6.113,23.021,23.819
601,20.033,444.06,240.31,1.385,20.267,20.314
602,20.067,443.98,240.89,-5.38,22.232,22.874
603,20.1,444.01,241.58,-12.021,23.117,26.056
604,20.133,445.18,241.28,-18.8,24.293,30.718
605,20.167,445.9,241.67,-24.813,25.775,35.777
606,20.2,444.19,242.82,-26.55,16.279,31.143
607,20.233,444.57,242.81,-27.357,7.99,28.5
608,20.267,440.82,243.1,-26.229,-1.526,26.274
609,20.3,437.95,242.72,-23.401,-11.683,26.156
610,20.333,436.2,241.81,-18.851,-23.612,30.214
611,20.367,434.22,243.82,-14.82,-29.103,32.659
612,20.4,434.17,244.64,-11.805,-31.819,33.938
613,20.433,434.41,243.93,-8.599,-31.868,33.007
614,20.467,437.83,231.57,-6.162,-28.497,29.155
615,20.5,438.49,230.45,-2.957,-27.94,28.096
616,20.533,438.63,230.37,1.214,-27.235,27.262
617,20.567,438.56,230.43,5.099,-26.274,26.764
618,20.6,437.86,231.75,8.774,-24.968,26.465
619,20.633,438.23,231.89,12.457,-23.917,26.967
620,20.667,438.69,232.3,14.069,-21.452,25.654
621,20.7,436.85,241.15,12.891,-18.113,22.232
622,20.733,439.38,231.54,10.415,-14.564,17.905
623,20.767,439.65,231.01,6.515,-10.585,12.429
624,20.8,440.05,230.47,4.034,-6.756,7.869
625,20.833,440.24,229.9,3.276,-2.956,4.412
626,20.867,440.29,229.5,3.027,0.574,3.081
627,20.9,440.34,229.18,4.107,1.92,4.534
628,20.933,439.94,229.61,5.627,0.877,5.695
629,20.967,439.99,229.5,7.038,-1.988,7.313
630,21.0,440.51,228.6,6.585,-0.768,6.63
631,21.033,440.75,228.08,5.894,0.992,5.977
632,21.067,440.34,228.89,4.705,2.963,5.56
633,21.1,440.08,229.67,3.276,5.273,6.208
634,21.133,438.39,232.05,1.941,7.321,7.574
635,21.167,438.99,232.17,0.403,9.461,9.469
636,21.2,441.32,232.42,-1.366,11.286,11.369
637,21.233,443.66,232.5,-1.823,7.32,7.544
638,21.267,444.48,232.35,-2.629,5.75,6.322
639,21.3,443.42,232.31,-2.219,0.272,2.236
640,21.333,441.18,231.8,-2.295,-3.277,4.001
641,21.367,440.75,231.8,-2.988,-4.482,5.387
642,21.4,439.54,231.82,-4.024,-4.252,5.855
643,21.433,438.67,231.79,-4.544,-3.132,5.519
644,21.467,439.02,230.72,-5.028,-1.625,5.284
645,21.5,439.67,231.25,-5.655,0.2,5.659
646,21.533,438.85,231.42,-6.43,2.737,6.988
647,21.567,438.9,231.71,-7.225,6.229,9.54
648,21.6,438.81,231.7,-7.911,10.194,12.903
649,21.633,439.12,231.24,-9.122,14.76,17.351
650,21.667,439.48,230.55,-9.591,18.07,20.457
651,21.7,440.05,229.98,-9.319,20.939,22.919
652,21.733,440.41,229.74,-8.785,23.431,25.024
653,21.767,439.9,230.64,-8.652,24.719,26.19
654,21.8,436.9,240.82,-9.179,24.999,26.631
655,21.833,436.62,240.98,-9.699,23.609,25.524
656,21.867,437.01,239.5,-10.151,23.682,25.766
657,21.9,437.29,238.91,-10.646,22.911,25.264
658,21.933,435.62,239.05,-10.776,21.124,23.714
659,21.967,435.25,239.2,-10.192,18.664,21.266
660,22.0,435.1,239.83,-9.289,16.208,18.681
661,22.033,434.49,240.76,-8.235,13.095,15.469
662,22.067,433.63,241.31,-6.406,9.495,11.454
663,22.1,433.18,241.43,-4.288,5.308,6.824
664,22.133,434.67,240.51,-1.862,1.335,2.291
665,22.167,436.53,240.75,0.636,-1.932,2.034
666,22.2,437.19,240.69,2.906,-3.911,4.872
667,22.233,436.4,239.79,4.694,-4.635,6.597
668,22.267,435.21,240.48,5.633,-3.65,6.713
669,22.3,434.55,241.22,6.072,-1.254,6.2
670,22.333,433.83,243.96,7.488,-2.819,8.001
671,22.367,434.91,240.25,8.464,-5.008,9.835
672,22.4,435.3,240.0,8.565,-5.494,10.176
673,22.433,436.22,240.19,7.841,-5.284,9.455
674,22.467,436.84,239.87,7.245,-4.41,8.482
675,22.5,437.27,239.54,6.517,-2.852,7.114
676,22.533,437.43,239.4,5.286,-1.111,5.401
677,22.567,437.56,239.51,4.111,1.08,4.251
678,22.6,437.86,240.25,2.86,5.838,6.501
679,22.633,438.13,240.11,2.55,8.985,9.34
680,22.667,438.18,239.88,2.245,11.02,11.246
681,22.7,438.33,239.35,1.462,11.346,11.44
682,22.733,438.14,239.79,1.712,7.12,7.323
683,22.767,438.2,240.14,1.825,4.42,4.782
684,22.8,437.88,240.91,2.643,2.97,3.976
685,22.833,437.21,241.88,2.989,5.106,5.917
686,22.867,437.29,243.95,4.771,4.676,6.68
687,22.9,437.58,243.14,6.994,4.647,8.397
688,22.933,437.61,243.87,9.47,3.586,10.126
689,22.967,437.87,244.17,12.129,1.567,12.23
690,23.0,437.89,244.32,14.912,-1.359,14.974
691,23.033,438.82,244.88,17.496,-4.611,18.094
692,23.067,439.61,243.83,19.701,-8.264,21.364
693,23.1,442.09,235.98,21.696,-12.142,24.862
694,23.133,443.1,235.3,24.212,-18.507,30.475
695,23.167,444.25,235.05,25.795,-23.075,34.609
696,23.2,445.44,235.65,26.802,-26.322,37.566
697,23.233,443.29,245.43,26.001,-27.425,37.791
698,23.267,444.4,245.92,24.607,-27.025,36.549
699,23.3,444.7,244.97,22.998,-25.421,34.28
700,23.333,448.04,235.98,21.522,-22.339,31.02
701,23.367,448.39,234.57,20.911,-17.895,27.523
702,23.4,448.83,233.31,21.075,-12.95,24.736
703,23.433,450.06,232.73,21.935,-6.041,22.752
704,23.467,450.61,231.86,22.875,1.615,22.932
705,23.5,451.01,231.89,24.011,8.939,25.621
706,23.533,451.85,231.46,26.606,15.792,30.94
707,23.567,453.29,231.75,31.608,21.18,38.048
708,23.6,454.46,232.28,39.339,25.604,46.937
709,23.633,453.27,239.0,48.356,33.244,58.681
710,23.667,454.65,239.2,56.048,41.72,69.871
711,23.7,455.54,240.91,64.355,48.791,80.76
712,23.733,459.71,241.8,72.151,54.174,90.225
713,23.767,462.85,243.41,81.723,51.902,96.811
714,23.8,465.71,246.17,90.797,45.287,101.464
715,23.833,468.9,248.19,100.554,34.242,106.225
716,23.867,471.69,249.84,106.753,24.813,109.599
717,23.9,474.45,251.05,110.161,14.793,111.15
718,23.933,477.51,250.7,111.585,4.722,111.685
719,23.967,483.05,249.87,110.31,-5.35,110.44
720,24.0,489.81,250.16,106.949,-14.251,107.895
721,24.033,495.6,249.56,102.559,-22.238,104.942
722,24.067,498.63,249.07,97.255,-28.311,101.292
723,24.1,499.85,247.77,90.787,-31.277,96.024
724,24.133,500.2,245.02,82.768,-31.176,88.444
725,24.167,506.54,240.43,75.96,-31.664,82.295
726,24.2,508.29,239.49,71.452,-30.461,77.674
727,24.233,511.0,238.39,67.088,-26.956,72.301
728,24.267,511.57,238.31,64.626,-22.001,68.268
729,24.3,513.02,237.91,64.353,-16.221,66.366
730,24.333,511.25,239.42,67.429,-11.268,68.364
731,24.367,513.81,239.12,71.583,-6.484,71.876
732,24.4,517.64,238.89,78.802,-3.421,78.876
733,24.433,520.4,238.73,89.764,-2.637,89.803
734,24.467,524.49,239.27,103.3,-3.444,103.357
735,24.5,528.95,239.09,119.559,-5.427,119.682
736,24.533,532.44,240.01,136.232,-8.964,136.526
737,24.567,536.11,240.93,152.726,-13.477,153.32
738,24.6,540.64,239.65,169.121,-19.388,170.229
739,24.633,548.0,238.61,183.534,-25.914,185.355
740,24.667,554.75,237.9,198.278,-32.378,200.904
741,24.7,558.57,237.8,208.817,-37.061,212.08
742,24.733,569.95,234.27,217.704,-41.633,221.649
743,24.767,576.64,232.1,222.978,-45.091,227.492
744,24.8,584.1,229.64,225.288,-47.799,230.303
745,24.833,589.58,228.31,224.479,-49.755,229.927
746,24.867,600.35,224.64,222.934,-52.006,228.92
747,24.9,608.54,223.06,218.123,-53.534,224.597
748,24.933,615.41,222.4,209.677,-54.105,216.545
749,24.967,624.58,221.75,199.407,-53.602,206.486
750,25.0,629.73,221.02,187.264,-52.669,194.53
751,25.033,635.26,219.95,173.174,-50.94,180.51
752,25.067,639.19,218.16,156.107,-48.057,163.337
753,25.1,642.2,216.89,139.93,-45.725,147.212
754,25.133,649.72,214.6,125.418,-42.983,132.579
755,25.167,652.96,212.68,111.417,-39.465,118.2
756,25.2,657.73,210.43,97.841,-36.825,104.542
757,25.233,659.01,209.62,86.595,-35.597,93.626
758,25.267,661.47,207.68,75.015,-34.451,82.547
759,25.3,663.79,205.9,64.785,-33.751,73.05
760,25.333,665.25,204.92,56.199,-32.871,65.106
761,25.367,665.33,204.58,49.649,-32.061,59.101
762,25.4,667.53,204.15,43.207,-29.991,52.595
763,25.433,670.1,203.64,37.455,-27.344,46.375
764,25.467,670.72,203.09,33.298,-24.574,41.384
765,25.5,670.66,203.29,28.053,-22.523,35.976
766,25.533,670.82,203.53,22.662,-21.135,30.988
767,25.567,676.58,201.02,17.354,-20.466,26.833
768,25.6,676.91,200.6,13.319,-20.261,24.246
769,25.633,675.98,199.65,10.417,-20.567,23.055
770,25.667,675.03,196.84,7.41,-21.147,22.408
771,25.7,675.15,196.28,4.631,-21.382,21.878
772,25.733,676.02,195.57,2.082,-21.285,21.387
773,25.767,675.51,195.59,1.294,-21.569,21.607
774,25.8,675.64,195.92,0.265,-20.978,20.98
775,25.833,674.7,195.81,-0.453,-18.55,18.556
776,25.867,675.74,195.2,0.017,-16.192,16.192
777,25.9,675.56,194.46,1.639,-13.035,13.138
778,25.933,675.4,193.49,3.287,-10.243,10.757
779,25.967,673.63,192.09,5.975,-8.846,10.674
780,26.0,673.77,191.99,9.457,-8.246,12.547
781,26.033,675.46,191.57,13.545,-8.948,16.234
782,26.067,676.63,191.34,17.946,-11.277,21.195
783,26.1,676.88,191.37,19.065,-13.552,23.391
784,26.133,679.06,191.07,19.41,-15.365,24.756
785,26.167,678.67,191.65,19.836,-16.882,26.048
786,26.2,680.76,191.03,20.277,-17.257,26.626
787,26.233,680.68,191.18,19.894,-16.533,25.867
788,26.267,679.75,191.93,19.196,-15.331,24.566
789,26.3,681.81,191.42,17.682,-13.154,22.038
790,26.333,682.91,188.37,15.161,-11.307,18.914
791,26.367,682.53,188.25,12.613,-9.732,15.931
792,26.4,683.65,185.09,9.554,-8.912,13.065
793,26.433,685.37,183.52,5.859,-7.403,9.441
794,26.467,683.37,184.36,1.102,-5.403,5.515
795,26.5,682.3,184.54,-1.726,-3.309,3.732
796,26.533,681.97,185.27,-3.528,-2.276,4.199
797,26.567,682.23,186.88,-5.109,-1.158,5.238
798,26.6,683.49,188.71,-6.57,0.12,6.571
799,26.633,683.53,188.15,-7.185,1.298,7.301
800,26.667,682.76,188.17,-8.648,2.348,8.961
801,26.7,682.22,188.98,-8.582,2.743,9.01
802,26.733,682.6,188.09,-8.014,2.903,8.524
803,26.767,680.61,188.57,-6.451,2.495,6.916
804,26.8,680.67,186.82,-3.772,1.105,3.93
805,26.833,680.96,186.69,-0.895,-0.899,1.269
806,26.867,680.79,186.45,1.029,-2.082,2.322
807,26.9,679.71,187.92,3.8,-3.92,5.46
808,26.933,680.16,186.44,5.924,-4.157,7.237
809,26.967,682.76,185.05,6.623,-3.116,7.319
810,27.0,682.0,185.03,8.321,-1.474,8.451
811,27.033,681.91,186.94,10.925,0.697,10.948
812,27.067,682.04,187.27,13.642,3.522,14.09
813,27.1,682.87,187.26,16.294,6.593,17.577
814,27.133,683.39,187.37,16.373,9.035,18.701
815,27.167,685.93,187.79,15.843,11.816,19.764
816,27.2,686.34,188.26,15.674,14.549,21.386
817,27.233,685.87,188.96,15.542,17.222,23.198
818,27.267,685.76,189.61,8.21,17.96,19.747
819,27.3,686.57,190.03,5.956,19.605,20.49
820,27.333,685.98,190.5,7.532,23.271,24.46
821,27.367,688.17,191.07,12.36,29.315,31.814
822,27.4,688.05,192.71,23.812,39.099,45.779
823,27.433,689.26,193.7,34.885,47.278,58.756
824,27.467,690.98,195.34,45.448,55.359,71.625
825,27.5,691.2,196.64,55.5,63.99,84.705
826,27.533,690.82,199.08,65.197,72.4,97.429
827,27.567,691.31,201.07,73.659,78.893,107.934
828,27.6,691.35,202.7,81.607,84.69,117.61
829,27.633,696.01,205.24,88.26,90.242,126.228
830,27.667,698.52,208.06,93.231,94.826,132.981
831,27.7,700.1,211.62,95.102,98.203,136.705
832,27.733,702.54,214.38,94.194,99.797,137.23
833,27.767,724.17,224.38,90.897,99.017,134.412
834,27.8,726.58,228.66,84.981,95.268,127.663
835,27.833,728.65,232.96,76.465,89.003,117.339
836,27.867,730.08,234.47,66.739,81.038,104.983
837,27.9,720.62,230.5,55.791,72.315,91.335
838,27.933,724.13,233.77,44.378,62.425,76.591
839,27.967,726.94,236.64,32.347,51.905,61.159
840,28.0,726.11,238.35,20.269,41.458,46.147
841,28.033,726.64,240.12,9.44,31.816,33.187
842,28.067,728.19,242.95,-0.6,22.588,22.596
843,28.1,727.49,243.89,-8.884,13.835,16.441
844,28.133,726.62,243.05,-12.357,8.146,14.801
845,28.167,725.94,242.47,-12.83,5.133,13.819
846,28.2,725.06,241.04,-9.567,4.279,10.481
847,28.233,724.75,239.85,-1.606,5.551,5.779
848,28.267,724.8,239.24,10.869,9.23,14.259
849,28.3,726.05,240.32,16.531,11.555,20.169
850,28.333,727.58,241.8,21.61,13.52,25.491
851,28.367,729.11,242.84,25.27,14.697,29.233
852,28.4,728.64,242.86,27.346,14.751,31.071
853,28.433,729.46,243.54,33.256,17.054,37.374
854,28.467,730.65,244.97,37.889,18.717,42.26
855,28.5,730.95,245.58,40.937,20.247,45.671
856,28.533,730.86,246.05,43.572,21.879,48.757
857,28.567,734.76,247.34,45.215,22.773,50.626
858,28.6,739.23,250.54,45.075,21.617,49.991
859,28.633,740.3,249.89,43.752,18.509,47.506
860,28.667,741.15,249.38,41.729,14.356,44.129
861,28.7,742.54,250.0,39.338,8.8,40.311
862,28.733,743.48,250.15,36.595,3.337,36.747
863,28.767,744.52,250.58,33.403,-1.71,33.447
864,28.8,745.13,249.64,30.219,-5.772,30.765
865,28.833,745.53,249.26,26.493,-9.064,28.001
866,28.867,746.34,247.73,22.263,-11.977,25.281
867,28.9,746.53,248.53,17.569,-14.149,22.558
868,28.933,747.77,249.23,13.469,-14.772,19.991
869,28.967,748.38,249.95,9.965,-13.751,16.982
870,29.0,748.48,248.87,7.02,-11.754,13.691
871,29.033,748.92,247.01,5.142,-8.652,10.064
872,29.067,749.03,245.62,7.049,-1.397,7.186
873,29.1,748.91,244.63,7.358,5.036,8.916
874,29.133,749.36,244.44,6.0,9.522,11.255
875,29.167,749.3,244.38,1.799,10.468,10.622
876,29.2,748.59,245.94,-1.439,12.01,12.095
877,29.233,748.53,246.67,-4.103,13.556,14.163
878,29.267,748.97,248.14,-5.936,15.226,16.342
879,29.3,748.87,249.41,-5.42,19.005,19.763
880,29.333,749.18,250.28,-5.019,22.782,23.328
881,29.367,749.24,251.84,-4.828,25.424,25.879
882,29.4,749.17,253.34,-4.738,27.041,27.453
883,29.433,749.4,254.54,-4.279,27.714,28.042
884,29.467,749.07,255.04,-6.812,23.46,24.429
885,29.5,748.69,255.82,-8.71,16.702,18.837
886,29.533,748.58,256.83,-9.782,9.041,13.32
887,29.567,742.71,249.44,-10.097,0.722,10.123
888,29.6,743.32,249.52,-10.011,-8.015,12.824
889,29.633,742.67,248.93,-9.567,-16.298,18.899
890,29.667,748.83,256.61,-9.369,-22.494,24.368
891,29.7,748.85,257.41,-9.658,-26.237,27.958
892,29.733,748.99,258.04,-9.898,-28.543,30.21
893,29.767,748.72,258.24,-10.642,-29.49,31.351
894,29.8,743.61,251.62,-11.333,-28.877,31.021
895,29.833,742.74,248.24,-12.425,-26.847,29.582
896,29.867,742.32,245.76,-14.096,-23.477,27.384
897,29.9,741.21,244.16,-16.149,-19.149,25.049
898,29.933,739.39,239.38,-18.478,-14.15,23.273
899,29.967,744.72,243.42,-21.168,-9.064,23.027
900,30.0,744.06,243.82,-24.025,-3.856,24.333
901,30.033,743.02,243.22,-27.067,1.027,27.086
902,30.067,741.08,244.37,-30.418,4.822,30.797
903,30.1,739.45,246.96,-30.694,11.691,32.845
904,30.133,737.61,249.86,-30.195,19.153,35.757
905,30.167,735.95,250.04,-28.019,27.278,39.104
906,30.2,735.07,249.78,-27.262,30.809,41.14
907,30.233,733.91,250.12,-27.25,32.655,42.531
908,30.267,733.68,251.68,-28.259,31.948,42.653
909,30.3,731.65,252.22,-30.449,28.263,41.544
910,30.333,730.89,252.89,-31.557,25.158,40.359
911,30.367,730.25,253.83,-32.583,21.608,39.097
912,30.4,729.46,254.37,-34.265,17.835,38.628
913,30.433,728.6,254.54,-35.237,14.175,37.982
914,30.467,727.49,255.18,-35.067,12.94,37.379
915,30.5,726.36,255.54,-38.157,10.362,39.539
916,30.533,725.32,255.53,-42.957,8.042,43.704
917,30.567,724.18,255.57,-51.235,9.8,52.164
918,30.6,723.1,256.25,-57.911,11.308,59.005
919,30.633,721.84,256.28,-63.414,12.181,64.573
920,30.667,719.94,256.74,-67.332,11.33,68.278
921,30.7,715.46,258.23,-70.196,9.651,70.856
922,30.733,712.95,257.63,-72.538,7.133,72.888
923,30.767,710.04,257.37,-73.9,3.509,73.983
924,30.8,706.99,256.94,-75.457,-1.948,75.482
925,30.833,704.8,256.26,-75.434,-8.67,75.931
926,30.867,701.68,256.43,-74.991,-16.382,76.759
927,30.9,699.89,256.71,-72.952,-24.78,77.046
928,30.933,696.09,256.63,-70.991,-33.423,78.465
929,30.967,692.24,256.95,-68.453,-42.567,80.609
930,31.0,689.25,257.41,-66.518,-51.157,83.915
931,31.033,687.85,257.78,-65.618,-58.706,88.046
932,31.067,692.71,249.92,-65.553,-65.681,92.797
933,31.1,689.44,247.9,-66.03,-71.627,97.419
934,31.133,686.59,244.25,-67.367,-76.474,101.915
935,31.167,682.89,240.84,-69.688,-79.465,105.693
936,31.2,680.09,237.23,-72.624,-80.986,108.78
937,31.233,677.81,234.14,-76.918,-80.794,111.553
938,31.267,674.83,231.45,-81.478,-78.771,113.329
939,31.3,673.41,229.41,-84.585,-75.63,113.465
940,31.333,670.13,227.69,-88.613,-70.627,113.316
941,31.367,668.07,226.08,-92.49,-63.935,112.437
942,31.4,662.58,224.14,-96.277,-56.58,111.672
943,31.433,659.74,222.13,-97.562,-49.123,109.23
944,31.467,654.82,222.07,-97.609,-41.316,105.993
945,31.5,651.96,220.27,-95.059,-34.077,100.982
946,31.533,650.18,217.92,-90.297,-28.251,94.613
947,31.567,648.05,217.62,-83.037,-24.62,86.61
948,31.6,645.13,217.47,-77.326,-19.215,79.678
949,31.633,642.28,217.38,-69.89,-14.495,71.377
950,31.667,639.22,216.86,-61.579,-9.963,62.38
951,31.7,635.23,217.15,-52.129,-5.743,52.445
952,31.733,636.49,215.41,-41.275,-1.171,41.292
953,31.767,635.38,214.87,-30.253,3.104,30.412
954,31.8,631.03,215.8,-18.416,6.755,19.616
955,31.833,632.65,215.37,-7.604,9.522,12.185
956,31.867,632.77,215.27,2.722,11.662,11.976
957,31.9,635.63,216.18,11.18,12.94,17.101
958,31.933,632.59,217.73,19.481,13.711,23.822
959,31.967,634.59,218.35,26.189,14.196,29.789
960,32.0,635.61,219.23,32.298,13.235,34.904
961,32.033,638.17,220.11,37.086,11.844,38.931
962,32.067,639.35,220.67,40.032,11.003,41.517
963,32.1,640.89,220.87,41.189,9.907,42.364
964,32.133,641.62,220.87,40.832,8.291,41.665
965,32.167,643.46,220.97,39.082,6.347,39.594
966,32.2,645.73,221.12,36.724,4.345,36.98
967,32.233,646.2,219.97,34.378,1.773,34.424
968,32.267,647.85,219.62,30.078,-0.164,30.078
969,32.3,647.8,219.85,25.484,-1.185,25.512
970,32.333,648.59,220.33,22.433,-2.511,22.573
971,32.367,648.79,220.04,19.137,-2.864,19.35
972,32.4,649.55,220.11,16.776,-1.933,16.887
973,32.433,649.72,219.97,13.637,-0.457,13.644
974,32.467,650.18,219.81,13.039,0.84,13.066
975,32.5,650.76,220.31,12.867,2.095,13.037
976,32.533,651.2,220.74,13.55,3.174,13.916
977,32.567,651.34,220.44,13.777,3.696,14.264
978,32.6,651.26,220.23,16.225,3.458,16.59
979,32.633,651.41,220.52,16.746,2.388,16.916
980,32.667,651.86,220.44,16.578,1.312,16.63
981,32.7,651.71,220.37,14.09,-0.355,14.094
982,32.733,652.82,220.74,10.022,-2.041,10.228
983,32.767,653.91,221.29,4.607,-3.165,5.589
984,32.8,653.97,220.83,-2.553,-3.971,4.721
985,32.833,655.19,221.73,-10.479,-4.624,11.454
986,32.867,655.63,221.56,-18.444,-5.146,19.148
987,32.9,654.96,220.49,-26.748,-5.419,27.291
988,32.933,654.58,219.62,-35.632,-5.804,36.102
989,32.967,653.25,219.01,-43.936,-6.091,44.356
990,33.0,651.67,218.57,-51.68,-6.839,52.131
991,33.033,649.42,217.76,-59.206,-8.844,59.862
992,33.067,647.5,217.27,-64.959,-12.964,66.24
993,33.1,639.03,217.33,-71.943,-16.185,73.741
994,33.133,637.3,218.1,-80.887,-19.158,83.125
995,33.167,633.71,217.44,-90.779,-21.901,93.384
996,33.2,632.56,217.96,-100.88,-24.62,103.841
997,33.233,629.17,217.18,-108.85,-25.947,111.9
998,33.267,626.92,216.48,-116.836,-27.248,119.971
999,33.3,624.6,215.74,-121.792,-27.473,124.852
1000,33.333,622.31,214.63,-123.227,-26.271,125.996
1001,33.367,617.76,212.74,-123.398,-24.83,125.872
1002,33.4,614.29,210.8,-123.707,-23.858,125.987
1003,33.433,611.09,208.92,-121.839,-22.342,123.87
1004,33.467,606.01,206.42,-118.297,-20.377,120.039
1005,33.5,600.25,205.03,-113.213,-18.144,114.658
1006,33.533,594.55,205.1,-107.18,-15.904,108.353
1007,33.567,584.3,208.42,-100.41,-13.18,101.272
1008,33.6,580.02,207.07,-93.653,-10.156,94.202
1009,33.633,579.53,207.24,-83.824,-7.399,84.15
1010,33.667,579.49,207.39,-73.446,-5.068,73.621
1011,33.7,580.14,208.99,-62.365,-3.119,62.442
1012,33.733,578.18,208.01,-51.478,-2.231,51.527
1013,33.767,581.24,209.58,-39.823,-1.385,39.847
1014,33.8,578.65,208.57,-29.004,-1.044,29.023
1015,33.833,574.95,206.99,-18.819,-0.98,18.845
1016,33.867,573.89,205.57,-10.18,-1.185,10.249
1017,33.9,576.74,206.19,-3.454,-1.778,3.884
1018,33.933,575.99,205.73,0.595,-2.469,2.54
1019,33.967,574.98,205.38,1.232,-3.058,3.297
1020,34.0,573.95,205.22,-0.415,-2.687,2.719
1021,34.033,573.31,205.6,-3.285,-1.338,3.547
1022,34.067,572.86,205.5,-7.234,0.288,7.24
1023,34.1,572.66,205.54,-8.567,0.016,8.567
1024,34.133,573.33,206.25,-8.38,0.453,8.392
1025,34.167,573.47,206.12,-8.171,0.912,8.221
1026,34.2,574.87,206.99,-8.716,1.519,8.847
1027,34.233,575.16,208.01,-10.196,1.325,10.282
1028,34.267,574.29,207.69,-10.674,1.456,10.773
1029,34.3,574.51,207.84,-13.37,0.178,13.371
1030,34.333,572.64,207.04,-15.85,-1.592,15.929
1031,34.367,570.32,205.89,-16.264,-3.396,16.615
1032,34.4,569.71,205.7,-14.462,-4.571,15.167
1033,34.433,569.21,205.44,-10.551,-5.735,12.009
1034,34.467,569.57,205.36,-4.333,-6.329,7.671
1035,34.5,569.62,205.07,1.872,-6.737,6.992
1036,34.533,568.92,204.57,8.177,-6.443,10.41
1037,34.567,569.16,204.57,13.287,-6.27,14.692
1038,34.6,569.32,205.49,17.72,-5.644,18.597
1039,34.633,568.99,205.31,19.615,-5.466,20.363
1040,34.667,569.02,205.31,20.656,-5.372,21.343
1041,34.7,570.68,204.92,21.294,-4.682,21.803
1042,34.733,572.43,204.41,19.484,-4.379,19.97
1043,34.767,573.23,203.53,17.049,-4.455,17.621
1044,34.8,575.73,203.32,14.243,-4.18,14.843
1045,34.833,579.3,203.58,9.693,-4.277,10.594
1046,34.867,582.33,204.28,5.399,-4.45,6.997
1047,34.9,583.74,204.42,1.816,-4.081,4.467
1048,34.933,579.24,204.02,-0.963,-3.51,3.64
1049,34.967,574.16,203.28,-3.735,-2.915,4.738
1050,35.0,572.59,203.42,-6.571,-2.231,6.94
1051,35.033,570.25,202.36,-10.063,-1.752,10.214
1052,35.067,570.15,202.4,-12.953,-0.768,12.976
1053,35.1,568.97,201.67,-15.996,0.156,15.996
1054,35.133,572.49,203.11,-18.62,0.853,18.639
1055,35.167,572.46,203.51,-20.742,1.183,20.775
1056,35.2,571.57,203.21,-22.698,0.55,22.705
1057,35.233,573.6,203.86,-23.869,-0.318,23.872
1058,35.267,572.51,203.91,-23.869,-0.991,23.89
1059,35.3,571.45,203.2,-21.946,-1.067,21.972
1060,35.333,572.16,203.19,-19.893,-1.05,19.921
1061,35.367,570.98,203.57,-19.129,-1.242,19.169
1062,35.4,569.92,203.34,-21.8,-2.71,21.968
1063,35.433,567.09,202.95,-25.517,-3.869,25.808
1064,35.467,565.67,202.93,-27.765,-4.729,28.165
1065,35.5,563.49,202.52,-27.729,-5.11,28.196
1066,35.533,563.0,203.0,-26.223,-5.322,26.757
1067,35.567,561.22,202.32,-22.078,-4.389,22.51
1068,35.6,560.69,202.28,-17.314,-3.452,17.655
1069,35.633,559.71,201.15,-10.99,-1.823,11.14
1070,35.667,560.04,200.9,-6.132,-0.836,6.189
1071,35.7,562.57,201.98,-1.18,0.106,1.185
1072,35.733,563.44,202.33,3.851,1.184,4.029
1073,35.767,563.3,202.08,6.855,1.738,7.072
1074,35.8,561.91,201.43,9.334,1.943,9.534
1075,35.833,561.62,201.31,11.068,1.96,11.24
1076,35.867,561.73,201.45,12.844,2.93,13.174
1077,35.9,565.94,203.77,13.509,3.541,13.965
1078,35.933,565.7,203.44,12.808,3.861,13.378
1079,35.967,565.69,203.45,12.367,4.245,13.075
1080,36.0,566.23,203.58,11.608,4.428,12.423
1081,36.033,566.18,203.52,9.757,3.806,10.473
1082,36.067,564.59,202.44,8.925,3.574,9.614
1083,36.1,565.1,202.75,8.468,3.141,9.032
1084,36.133,564.91,202.64,8.378,2.705,8.804
1085,36.167,565.7,203.14,8.91,2.798,9.339
1086,36.2,565.54,203.02,11.06,3.932,11.738
1087,36.233,566.02,203.08,12.212,4.393,12.978
1088,36.267,567.61,203.54,12.567,4.623,13.39
1089,36.3,568.77,204.17,12.764,4.828,13.646
1090,36.333,570.75,205.71,13.487,5.326,14.501
1091,36.367,568.25,204.06,14.302,5.573,15.349
1092,36.4,568.76,204.08,16.194,6.537,17.463
1093,36.433,569.78,204.47,15.719,6.243,16.913
1094,36.467,569.54,204.34,15.366,6.124,16.541
1095,36.5,569.5,204.31,15.328,6.227,16.545
1096,36.533,573.23,206.47,14.224,6.07,15.465
1097,36.567,571.57,205.23,13.477,5.733,14.645
1098,36.6,572.68,206.18,13.936,5.808,15.098
1099,36.633,573.39,206.38,13.643,5.664,14.772
1100,36.667,574.84,206.87,13.213,5.652,14.371
1101,36.7,572.83,205.47,11.57,4.948,12.584
1102,36.733,572.95,205.91,11.498,5.056,12.561
1103,36.767,573.59,205.89,11.521,5.003,12.56
1104,36.8,573.85,206.03,10.922,4.642,11.867
1105,36.833,574.5,206.22,8.325,2.989,8.845
1106,36.867,575.98,207.68,6.361,1.849,6.624
1107,36.9,575.29,207.08,5.669,0.946,5.747
1108,36.933,576.94,207.86,5.448,0.012,5.448
1109,36.967,577.04,207.82,4.955,-1.388,5.146
1110,37.0,576.19,207.1,4.911,-2.646,5.578
1111,37.033,577.58,206.96,4.897,-3.94,6.285
1112,37.067,576.37,206.71,3.134,-5.936,6.713
1113,37.1,574.59,206.43,2.745,-6.612,7.159
1114,37.133,575.04,206.31,1.665,-7.418,7.602
1115,37.167,575.34,205.84,0.677,-7.911,7.94
1116,37.2,577.78,206.69,-1.159,-8.559,8.637
1117,37.233,575.41,204.85,-1.134,-7.356,7.443
1118,37.267,575.14,204.63,-1.869,-6.104,6.383
1119,37.3,575.08,204.42,-2.612,-4.566,5.26
1120,37.333,578.94,206.62,-3.884,-3.247,5.063
1121,37.367,575.94,203.48,-6.815,-2.197,7.16
1122,37.4,575.48,203.6,-11.605,-2.124,11.798
1123,37.433,574.12,203.32,-16.973,-1.879,17.076
1124,37.467,573.38,203.9,-24.943,-2.133,25.034
1125,37.5,572.26,204.2,-35.886,-1.794,35.931
1126,37.533,572.23,205.46,-48.048,-0.178,48.049
1127,37.567,571.69,205.99,-63.835,1.86,63.863
1128,37.6,569.2,205.43,-79.702,3.934,79.799
1129,37.633,568.23,205.8,-93.9,6.031,94.094
1130,37.667,565.28,205.76,-107.423,7.934,107.716
1131,37.7,562.41,206.31,-119.716,9.503,120.093
1132,37.733,556.14,204.34,-131.266,9.745,131.628
1133,37.767,552.78,204.09,-138.689,9.942,139.045
1134,37.8,546.42,203.66,-142.787,9.702,143.116
1135,37.833,540.21,204.29,-142.534,9.017,142.819
1136,37.867,535.34,205.39,-140.545,6.473,140.694
1137,37.9,529.4,206.9,-134.291,4.812,134.378
1138,37.933,522.18,208.3,-125.557,3.001,125.593
1139,37.967,516.43,210.13,-115.645,1.362,115.653
1140,38.0,513.55,210.23,-103.93,-0.233,103.93
1141,38.033,509.52,208.91,-89.913,-1.741,89.93
1142,38.067,510.44,208.05,-74.806,-3.587,74.891
1143,38.1,509.03,207.56,-60.474,-5.924,60.764
1144,38.133,506.86,206.7,-46.685,-8.092,47.381
1145,38.167,506.62,205.6,-34.145,-10.144,35.62
1146,38.2,507.31,204.81,-24.649,-12.242,27.522
1147,38.233,508.07,204.41,-17.358,-14.444,22.582
1148,38.267,507.58,204.2,-11.24,-15.79,19.382
1149,38.3,508.05,203.73,-8.36,-16.502,18.499
1150,38.333,506.31,203.44,-7.952,-16.285,18.123
1151,38.367,504.27,203.34,-9.501,-15.501,18.181
1152,38.4,502.18,203.21,-13.09,-14.298,19.385
1153,38.433,500.86,203.0,-17.112,-13.571,21.84
1154,38.467,503.21,202.86,-20.421,-12.812,24.107
1155,38.5,503.77,202.27,-21.521,-13.277,25.287
1156,38.533,502.46,201.79,-22.307,-13.717,26.187
1157,38.567,500.28,200.88,-22.074,-14.108,26.197
1158,38.6,500.13,200.64,-21.549,-14.503,25.974
1159,38.633,499.89,200.29,-19.792,-15.238,24.979
1160,38.667,497.4,199.16,-16.381,-15.569,22.599
1161,38.7,498.85,198.67,-12.891,-15.399,20.083
1162,38.733,497.2,197.57,-9.343,-14.621,17.351
1163,38.767,495.58,197.45,-6.23,-13.288,14.676
1164,38.8,494.8,197.05,-2.753,-11.604,11.926
1165,38.833,495.53,196.77,-0.408,-9.487,9.496
1166,38.867,496.51,196.59,2.243,-6.8,7.161
1167,38.9,497.68,196.15,4.755,-3.855,6.122
1168,38.933,497.79,196.97,7.882,-0.982,7.943
1169,38.967,498.86,196.3,11.656,0.938,11.693
1170,39.0,497.33,197.01,14.285,1.907,14.412
1171,39.033,498.17,196.05,15.735,3.171,16.051
1172,39.067,500.68,196.31,16.448,4.719,17.112
1173,39.1,500.59,196.69,17.762,7.037,19.105
1174,39.133,500.22,197.86,18.146,10.093,20.764
1175,39.167,499.91,198.16,17.325,13.563,22.003
1176,39.2,501.42,198.87,28.341,19.692,34.511
1177,39.233,501.9,199.45,30.649,24.875,39.474
1178,39.267,502.56,199.87,31.679,28.504,42.615
1179,39.3,501.95,200.5,13.501,30.142,33.027
1180,39.333,502.75,201.23,-4.07,32.158,32.414
1181,39.367,502.28,201.36,-19.215,33.877,38.947
1182,39.4,503.42,201.58,-33.84,35.4,48.972
1183,39.433,503.82,202.22,-48.091,36.447,60.342
1184,39.467,503.8,205.13,-59.605,36.348,69.814
1185,39.5,502.94,208.89,-68.329,36.963,77.686
1186,39.533,502.3,211.09,-73.771,36.932,82.5
1187,39.567,502.05,213.39,-76.523,36.849,84.933
1188,39.6,499.75,215.16,-76.048,36.125,84.192
1189,39.633,498.18,215.92,-72.668,35.425,80.843
1190,39.667,496.75,216.7,-63.662,33.762,72.061
1191,39.7,462.51,211.68,-54.995,34.152,64.737
1192,39.733,461.41,212.07,-50.119,37.042,62.322
1193,39.767,447.34,215.03,-45.008,39.518,59.895
1194,39.8,480.01,219.43,-40.559,41.573,58.08
1195,39.833,481.47,219.64,-34.646,43.186,55.366
1196,39.867,478.47,220.93,-29.825,45.47,54.379
1197,39.9,479.56,221.87,-24.44,48.018,53.88
1198,39.933,482.18,223.94,-20.578,50.35,54.393
1199,39.967,481.87,226.6,-18.983,53.424,56.697
1200,40.0,480.24,226.84,-19.764,55.661,59.065
1201,40.033,480.46,228.37,-21.957,56.037,60.185
1202,40.067,480.23,230.86,-26.188,55.049,60.961
1203,40.1,475.46,234.53,-33.114,52.114,61.745
1204,40.133,471.62,237.58,-41.949,46.991,62.991
1205,40.167,458.99,242.86,-54.764,40.871,68.334
1206,40.2,456.56,242.6,-72.077,34.139,79.753
1207,40.233,461.25,238.95,-74.514,30.873,80.657
1208,40.267,459.75,240.19,-73.538,29.856,79.368
1209,40.3,459.95,241.81,-58.975,29.389,65.892
1210,40.333,456.54,243.67,-54.898,28.7,61.948
1211,40.367,456.54,242.84,-49.095,28.345,56.69
1212,40.4,453.7,243.19,-41.707,31.055,51.999
1213,40.433,452.51,245.18,-33.954,35.846,49.374
1214,40.467,452.88,245.39,-27.472,41.559,49.819
1215,40.5,453.59,246.51,-21.483,47.842,52.444
1216,40.533,452.45,248.27,-15.738,56.948,59.082
1217,40.567,451.26,250.04,-12.319,68.798,69.893
1218,40.6,449.46,252.94,-12.065,82.338,83.217
1219,40.633,446.32,257.46,-13.088,96.759,97.64
1220,40.667,445.8,261.47,-15.167,110.219,111.258
1221,40.7,445.73,265.61,-13.48,123.213,123.948
1222,40.733,446.33,269.28,-10.604,135.382,135.796
1223,40.767,448.6,272.47,-10.292,149.31,149.664
1224,40.8,448.46,277.35,-10.078,162.442,162.755
1225,40.833,449.24,282.16,-11.091,174.277,174.629
1226,40.867,446.29,291.1,-11.254,183.838,184.182
1227,40.9,447.49,294.37,-11.661,191.688,192.043
1228,40.933,447.27,300.09,-10.879,196.906,197.207
1229,40.967,446.99,307.95,-9.396,198.568,198.79
1230,41.0,445.89,316.8,-7.618,196.376,196.524
1231,41.033,444.05,324.04,-6.83,192.422,192.543
1232,41.067,443.11,330.29,-6.621,186.546,186.664
1233,41.1,442.67,337.13,-7.019,179.136,179.273
1234,41.133,442.48,342.93,-7.549,170.8,170.967
1235,41.167,441.57,351.78,-6.852,160.183,160.329
1236,41.2,442.63,354.39,-5.984,148.553,148.674
1237,41.233,442.81,360.33,-5.141,136.884,136.98
1238,41.267,443.12,364.06,-4.509,126.428,126.509
1239,41.3,443.25,367.62,-5.24,117.814,117.931
1240,41.333,444.03,369.83,-6.898,112.68,112.891
1241,41.367,444.54,371.58,-9.749,109.679,110.111
1242,41.4,444.28,373.56,-11.732,106.563,107.207
1243,41.433,443.84,376.22,-14.282,106.516,107.469
1244,41.467,443.12,379.08,-16.999,108.529,109.852
1245,41.5,440.86,385.57,-19.99,111.907,113.679
1246,41.533,439.58,388.53,-22.244,113.752,115.906
1247,41.567,438.67,392.17,-23.227,115.228,117.546
1248,41.6,437.95,396.5,-23.456,115.832,118.183
1249,41.633,437.28,399.89,-22.848,114.019,116.286
1250,41.667,436.04,405.9,-21.832,111.909,114.019
1251,41.7,435.25,411.38,-19.82,106.616,108.443
1252,41.733,434.73,416.12,-17.785,100.555,102.116
1253,41.767,433.98,419.83,-15.61,92.628,93.934
1254,41.8,433.29,424.14,-13.256,83.106,84.157
1255,41.833,433.75,423.61,-10.717,72.517,73.305
1256,41.867,433.98,425.64,-8.559,61.602,62.194
1257,41.9,434.33,427.73,-7.149,51.701,52.193
1258,41.933,434.09,428.32,-6.265,42.555,43.014
1259,41.967,434.07,428.75,-6.143,34.6,35.141
1260,42.0,434.46,427.18,-6.311,26.936,27.665
1261,42.033,433.63,429.05,-6.265,19.128,20.127
1262,42.067,432.65,428.73,-6.281,13.332,14.738
1263,42.1,432.28,429.42,-6.407,9.326,11.314
1264,42.133,431.44,432.69,-6.727,6.816,9.577
1265,42.167,431.33,432.01,-7.225,5.835,9.287
1266,42.2,431.1,432.52,-7.25,4.411,8.487
1267,42.233,430.94,433.42,-6.87,3.122,7.546
1268,42.267,431.21,433.04,-5.516,4.174,6.917
1269,42.3,431.15,433.7,-3.795,4.941,6.23
1270,42.333,430.93,433.52,-1.764,3.829,4.216
1271,42.367,430.7,433.51,-0.227,2.567,2.577
1272,42.4,430.85,431.81,0.889,0.397,0.974
1273,42.433,430.82,431.27,1.421,-2.998,3.317
1274,42.467,431.25,430.13,1.565,-6.678,6.859
1275,42.5,430.69,432.29,1.361,-10.694,10.781
1276,42.533,430.72,432.58,0.83,-14.235,14.26
1277,42.567,430.9,431.75,0.786,-19.775,19.791
1278,42.6,431.1,431.03,0.191,-21.948,21.949
1279,42.633,431.52,430.15,-0.567,-23.55,23.557
1280,42.667,432.13,430.28,-0.728,-27.236,27.245
1281,42.7,432.24,432.14,-1.064,-28.961,28.981
1282,42.733,432.32,432.65,-1.827,-28.874,28.932
1283,42.767,430.58,426.61,-2.578,-27.669,27.788
1284,42.8,429.99,424.17,-3.347,-25.7,25.917
1285,42.833,429.57,422.83,-4.172,-23.075,23.449
1286,42.867,429.72,422.49,-5.332,-18.961,19.696
1287,42.9,429.85,421.72,-6.137,-15.403,16.58
1288,42.933,430.1,421.25,-6.942,-10.785,12.826
1289,42.967,430.57,420.2,-7.906,-4.816,9.257
1290,43.0,430.81,419.64,-8.637,1.789,8.82
1291,43.033,430.23,420.71,-9.131,8.289,12.332
1292,43.067,428.5,425.81,-8.988,13.735,16.414
1293,43.1,429.28,422.27,-8.712,19.373,21.241
1294,43.133,429.1,423.31,-8.55,24.892,26.319
1295,43.167,427.78,428.14,-8.399,30.833,31.957
1296,43.2,427.26,428.96,-8.325,35.128,36.101
1297,43.233,427.66,428.7,-8.478,37.015,37.973
1298,43.267,427.37,428.63,-8.884,35.663,36.753
1299,43.3,426.62,430.34,-8.486,34.493,35.521
1300,43.333,426.12,431.11,-7.799,32.949,33.859
1301,43.367,426.67,430.03,-6.675,31.285,31.989
1302,43.4,426.09,432.76,-5.181,28.217,28.689
1303,43.433,425.92,434.46,-3.686,24.948,25.219
1304,43.467,426.54,434.45,-2.46,22.058,22.195
1305,43.5,425.9,436.6,-1.79,20.54,20.618
1306,43.533,426.36,436.25,-1.637,19.388,19.457
1307,43.567,425.52,438.54,-1.683,17.508,17.589
1308,43.6,425.44,438.94,-1.465,13.795,13.872
1309,43.633,425.95,439.26,-2.039,12.206,12.375
1310,43.667,426.05,437.57,-2.595,10.262,10.585
1311,43.7,425.69,438.24,-2.614,6.675,7.169
1312,43.733,425.78,437.31,-2.398,2.658,3.58
1313,43.767,425.77,437.83,-2.411,-0.213,2.421
1314,43.8,425.51,438.6,-2.795,-1.732,3.288
1315,43.833,425.67,438.82,-2.941,-3.622,4.665
1316,43.867,425.56,438.04,-2.754,-5.097,5.793
1317,43.9,424.84,439.58,-3.179,-3.631,4.826
1318,43.933,424.56,439.84,-3.061,-2.859,4.188
1319,43.967,424.5,438.94,-2.588,-2.967,3.937
1320,44.0,424.57,436.51,-2.178,-3.528,4.146
1321,44.033,424.42,436.14,-2.193,-3.151,3.839
1322,44.067,424.25,437.51,-2.137,-2.72,3.459
1323,44.1,424.78,436.49,-1.129,-5.277,5.397
1324,44.133,425.43,435.63,-0.579,-6.935,6.959
1325,44.167,425.05,437.11,-0.269,-8.782,8.786
1326,44.2,424.74,437.29,0.443,-11.603,11.611
1327,44.233,424.47,438.36,0.871,-14.073,14.1
1328,44.267,424.08,437.57,1.381,-14.988,15.052
1329,44.3,424.62,436.24,1.375,-14.88,14.943
1330,44.333,424.69,436.81,1.194,-14.147,14.197
1331,44.367,424.57,436.7,0.858,-13.783,13.809
1332,44.4,425.55,432.84,1.092,-12.937,12.983
1333,44.433,425.33,432.04,1.961,-12.356,12.511
1334,44.467,425.08,432.18,3.437,-12.052,12.532
1335,44.5,424.55,433.82,5.718,-12.121,13.402
1336,44.533,426.25,429.75,8.386,-11.479,14.216
1337,44.567,426.12,428.97,11.249,-9.742,14.881
1338,44.6,425.07,432.81,14.107,-8.641,16.543
1339,44.633,426.49,430.31,16.579,-6.033,17.643
1340,44.667,427.12,429.36,18.443,-3.293,18.735
1341,44.7,426.45,433.45,20.4,-0.491,20.406
1342,44.733,427.68,433.9,21.642,1.684,21.708
1343,44.767,427.88,433.43,22.725,2.134,22.825
1344,44.8,429.66,432.33,24.43,2.808,24.591
1345,44.833,431.57,430.87,25.777,2.985,25.949
1346,44.867,433.53,431.63,27.411,1.636,27.46
1347,44.9,434.27,432.0,28.076,-3.719,28.322
1348,44.933,435.55,431.24,29.92,-3.861,30.168
1349,44.967,436.65,430.87,35.608,2.408,35.689
1350,45.0,436.87,432.0,41.435,8.405,42.279
1351,45.033,437.42,433.71,48.85,14.117,50.848
1352,45.067,438.4,433.37,55.134,21.115,59.039
1353,45.1,439.94,434.67,61.304,30.168,68.325
1354,45.133,441.7,433.41,68.665,38.311,78.63
1355,45.167,443.7,435.18,76.227,48.746,90.48
1356,45.2,445.28,434.52,84.809,61.038,104.491
1357,45.233,449.16,435.93,93.24,70.489,116.886
1358,45.267,452.88,438.97,100.936,78.481,127.857
1359,45.3,455.76,439.81,107.893,83.837,136.636
1360,45.333,460.34,443.42,112.796,86.981,142.438
1361,45.367,464.68,448.6,114.586,87.332,144.072
1362,45.4,473.51,462.83,113.356,84.845,141.592
1363,45.433,477.71,464.04,108.753,78.604,134.186
1364,45.467,475.63,457.21,101.21,70.223,123.186
1365,45.5,480.14,461.28,91.44,60.766,109.79
1366,45.533,481.77,463.33,81.127,50.577,95.602
1367,45.567,486.36,468.45,70.374,38.666,80.296
1368,45.6,490.6,469.89,60.635,28.038,66.804
1369,45.633,493.18,471.2,49.07,15.504,51.461
1370,45.667,494.57,470.19,38.199,3.725,38.381
1371,45.7,492.91,467.14,26.787,-8.56,28.122
1372,45.733,493.65,466.27,17.814,-16.798,24.485
1373,45.767,492.81,463.28,11.506,-21.44,24.332
1374,45.8,491.75,462.23,7.399,-23.719,24.846
1375,45.833,490.89,460.57,6.478,-21.733,22.678
1376,45.867,491.34,461.13,7.488,-16.098,17.755
1377,45.9,491.04,460.18,9.504,-8.428,12.703
1378,45.933,493.06,462.21,9.325,-5.359,10.755
1379,45.967,494.77,463.69,7.578,-3.128,8.198
1380,46.0,496.13,464.16,8.729,3.66,9.465
1381,46.033,495.66,463.0,9.167,9.771,13.398
1382,46.067,495.54,463.59,9.615,15.767,18.468
1383,46.1,492.25,460.01,10.176,20.327,22.732
1384,46.133,495.7,462.47,9.743,23.827,25.742
1385,46.167,495.65,464.55,8.286,25.282,26.605
1386,46.2,500.13,469.34,5.516,24.673,25.282
1387,46.233,501.19,469.18,4.33,24.732,25.108
1388,46.267,499.93,469.0,2.806,23.634,23.8
1389,46.3,499.38,470.43,1.4,22.675,22.718
1390,46.333,497.23,470.87,0.45,21.339,21.344
1391,46.367,495.16,469.92,0.467,20.122,20.128
1392,46.4,494.4,469.4,0.957,18.417,18.442
1393,46.433,494.21,469.54,2.531,17.395,17.578
1394,46.467,495.79,471.35,3.575,15.35,15.761
1395,46.5,495.16,471.65,4.082,12.836,13.469
1396,46.533,496.26,473.29,3.771,9.947,10.638
1397,46.567,499.19,474.9,3.329,7.56,8.261
1398,46.6,498.65,474.16,2.85,4.706,5.501
1399,46.633,498.82,473.58,4.629,4.884,6.729
1400,46.667,499.23,473.53,6.117,5.914,8.508
1401,46.7,500.79,475.31,8.844,7.834,11.815
1402,46.733,499.11,473.61,8.565,6.728,10.892
1403,46.767,498.66,473.55,6.416,5.306,8.326
1404,46.8,498.79,473.52,3.443,4.016,5.29
1405,46.833,499.08,473.58,-0.536,1.905,1.979
1406,46.867,498.79,474.16,-5.317,-1.221,5.455
1407,46.9,498.47,474.54,-9.02,-2.689,9.412
1408,46.933,497.65,474.39,-13.512,-4.573,14.265
1409,46.967,497.71,475.07,-15.827,-4.293,16.399
1410,47.0,497.41,474.54,-17.096,-3.715,17.495
1411,47.033,497.45,474.4,-16.01,-2.344,16.18
1412,47.067,497.9,474.5,-13.497,-0.723,13.516
1413,47.1,498.33,475.78,-10.715,0.368,10.722
1414,47.133,498.24,475.23,-7.0,1.437,7.146
1415,47.167,496.67,473.66,-2.905,1.863,3.451
1416,47.2,493.72,470.88,1.361,1.502,2.027
1417,47.233,493.68,472.25,1.878,-0.583,1.967
1418,47.267,493.38,472.56,4.478,-1.901,4.864
1419,47.3,493.18,472.47,8.654,-3.383,9.292
1420,47.333,493.21,472.91,14.221,-4.953,15.059
1421,47.367,495.9,475.2,20.555,-6.438,21.54
1422,47.4,496.65,473.76,26.669,-7.615,27.735
1423,47.433,502.53,477.35,34.032,-7.812,34.917
1424,47.467,503.43,475.53,43.747,-6.653,44.25
1425,47.5,504.89,475.03,55.001,-4.906,55.22
1426,47.533,505.75,474.32,66.37,-2.708,66.426
1427,47.567,506.72,472.42,77.516,-0.208,77.517
1428,47.6,507.03,470.6,88.601,1.585,88.615
1429,47.633,508.51,469.31,99.471,1.387,99.481
1430,47.667,510.64,469.56,110.027,0.832,110.031
1431,47.7,513.04,470.38,121.677,0.6,121.679
1432,47.733,524.2,471.72,134.647,2.158,134.665
1433,47.767,528.4,471.69,147.127,3.926,147.179
1434,47.8,533.0,472.78,158.155,6.339,158.282
1435,47.833,537.46,474.44,168.913,10.399,169.233
1436,47.867,542.92,476.49,178.612,15.368,179.272
1437,47.9,551.84,478.03,185.339,19.481,186.36
1438,47.933,558.62,478.11,189.955,24.092,191.477
1439,47.967,563.3,477.21,191.474,27.252,193.404
1440,48.0,567.81,476.09,189.718,29.962,192.069
1441,48.033,575.18,475.75,185.17,30.942,187.737
1442,48.067,583.18,474.99,179.183,31.142,181.869
1443,48.1,590.14,476.02,172.421,31.355,175.249
1444,48.133,596.52,478.96,165.898,31.691,168.898
1445,48.167,602.53,480.79,160.256,32.588,163.536
1446,48.2,605.79,483.18,155.494,33.09,158.976
1447,48.233,609.13,485.3,152.641,33.443,156.262
1448,48.267,612.79,487.41,147.657,33.316,151.369
1449,48.3,618.41,489.52,142.345,33.391,146.209
1450,48.333,621.24,489.56,135.755,32.88,139.68
1451,48.367,625.23,489.76,129.35,31.933,133.233
1452,48.4,630.51,490.54,124.804,30.505,128.478
1453,48.433,636.28,491.57,117.173,27.426,120.34
1454,48.467,637.71,490.12,108.26,23.593,110.801
1455,48.5,643.28,490.34,98.786,19.755,100.742
1456,48.533,648.32,492.36,89.69,15.979,91.102
1457,48.567,651.92,492.81,80.367,12.692,81.363
1458,48.6,654.81,493.01,71.206,11.275,72.093
1459,48.633,657.39,493.71,61.406,10.945,62.374
1460,48.667,658.62,493.83,51.761,10.343,52.784
1461,48.7,660.27,495.08,42.723,9.815,43.836
1462,48.733,660.63,495.48,34.816,9.065,35.977
1463,48.767,659.19,495.82,27.737,8.465,29.0
1464,48.8,658.96,496.06,22.613,7.505,23.826
1465,48.833,661.24,497.09,17.949,5.493,18.771
1466,48.867,661.9,496.97,14.925,2.983,15.22
1467,48.9,657.77,495.36,12.944,0.476,12.953
1468,48.933,659.82,495.71,11.626,-1.978,11.793
1469,48.967,660.22,495.49,9.854,-4.798,10.96
1470,49.0,662.16,495.05,9.215,-6.631,11.353
1471,49.033,664.26,495.82,7.24,-7.814,10.653
1472,49.067,665.89,496.27,4.854,-8.62,9.893
1473,49.1,665.45,495.14,1.992,-8.823,9.045
1474,49.133,666.97,494.31,-1.431,-7.929,8.057
1475,49.167,666.91,494.28,-6.032,-6.669,8.992
1476,49.2,665.02,494.44,-10.642,-4.985,11.751
1477,49.233,664.11,494.51,-16.311,-4.133,16.827
1478,49.267,664.43,493.41,-21.642,-3.168,21.873
1479,49.3,662.42,492.5,-25.704,-2.204,25.799
1480,49.333,660.95,492.3,-27.866,-1.484,27.905
1481,49.367,659.52,493.13,-29.999,-1.607,30.042
1482,49.4,658.47,493.44,-31.446,-1.635,31.488
1483,49.433,656.37,493.25,-30.734,-1.428,30.767
1484,49.467,654.88,493.67,-30.159,-1.718,30.208
1485,49.5,654.37,494.43,-28.183,-1.743,28.237
1486,49.533,655.46,495.28,-25.746,-1.638,25.798
1487,49.567,654.23,494.67,-22.771,-1.838,22.845
1488,49.6,653.36,494.53,-19.681,-2.303,19.815
1489,49.633,652.61,493.25,-16.001,-2.452,16.188
1490,49.667,653.1,492.51,-13.209,-2.213,13.393
1491,49.7,652.31,491.95,-12.218,-2.809,12.537
1492,49.733,653.37,492.9,-10.562,-3.243,11.049
1493,49.767,652.97,492.57,-8.075,-3.497,8.8
1494,49.8,653.11,492.25,-6.649,-2.934,7.267
1495,49.833,651.24,492.41,-5.066,-1.528,5.291
1496,49.867,650.13,492.84,-3.319,0.113,3.321
1497,49.9,648.3,491.99,-0.062,2.178,2.178
1498,49.933,649.47,492.64,3.228,4.215,5.309
1499,49.967,651.22,493.52,3.93,5.605,6.845
1500,50.0,651.77,493.4,7.808,7.68,10.953
1501,50.033,652.74,493.91,13.834,9.659,16.872
1502,50.067,652.51,494.04,20.092,11.15,22.978
1503,50.1,652.28,493.86,26.352,12.501,29.166
1504,50.133,652.32,493.92,32.032,13.273,34.673
1505,50.167,652.81,493.84,37.418,14.161,40.008
1506,50.2,656.76,496.16,41.5,15.109,44.165
1507,50.233,658.13,496.6,45.419,16.347,48.271
1508,50.267,658.06,496.86,47.435,16.637,50.268
1509,50.3,660.24,496.96,48.396,16.6,51.163
1510,50.333,662.42,497.14,47.078,16.158,49.774
1511,50.367,664.65,498.33,46.065,15.354,48.557
1512,50.4,663.69,497.88,44.332,13.429,46.321
1513,50.433,664.89,498.39,43.283,11.614,44.814
1514,50.467,675.03,501.21,42.449,9.467,43.492
1515,50.5,674.06,500.76,40.841,6.788,41.401
1516,50.533,672.66,500.73,37.854,3.84,38.048
1517,50.567,671.63,500.5,34.451,0.565,34.455
1518,50.6,672.16,500.4,32.066,-2.177,32.139
1519,50.633,673.57,500.56,29.481,-4.477,29.819
1520,50.667,674.3,500.45,27.135,-6.302,27.857
1521,50.7,675.67,500.13,25.374,-7.133,26.358
1522,50.733,675.5,499.1,23.031,-7.721,24.29
1523,50.767,676.62,498.78,20.033,-8.194,21.644
1524,50.8,676.93,498.16,15.595,-8.018,17.536
1525,50.833,679.47,497.83,11.081,-7.22,13.225
1526,50.867,678.99,496.97,6.285,-5.556,8.389
1527,50.9,680.64,497.6,0.235,-4.205,4.211
1528,50.933,681.23,497.53,-4.708,-2.093,5.153
1529,50.967,679.84,497.26,-9.187,-0.14,9.188
1530,51.0,678.89,497.11,-17.249,0.531,17.257
1531,51.033,680.31,497.73,-24.685,0.983,24.705
1532,51.067,679.46,498.44,-30.738,1.057,30.757
1533,51.1,676.09,497.93,-36.042,0.866,36.053
1534,51.133,675.27,498.22,-41.128,-0.103,41.129
1535,51.167,673.95,498.8,-45.595,-1.776,45.629
1536,51.2,671.9,498.96,-52.499,-2.214,52.546
1537,51.233,667.76,497.81,-55.704,-4.33,55.872
1538,51.267,665.02,498.17,-55.253,-7.332,55.737
1539,51.3,666.68,497.56,-51.863,-11.513,53.126
1540,51.333,664.4,497.03,-45.611,-17.114,48.716
1541,51.367,662.19,495.63,-36.589,-23.663,43.574
1542,51.4,662.13,495.25,-26.04,-29.796,39.571
1543,51.433,661.61,493.97,-16.919,-34.58,38.497
1544,51.467,661.97,493.65,-8.969,-38.457,39.489
1545,51.5,660.19,492.49,-1.802,-41.087,41.127
1546,51.533,658.52,491.48,4.212,-42.331,42.54
1547,51.567,656.38,490.2,8.74,-43.076,43.954
1548,51.6,656.58,488.55,12.887,-43.779,45.637
1549,51.633,658.11,487.72,17.785,-43.55,47.042
1550,51.667,659.05,486.36,21.374,-42.528,47.597
1551,51.7,670.22,479.69,25.853,-42.161,49.456
1552,51.733,669.92,478.27,30.956,-42.324,52.436
1553,51.767,670.53,476.45,37.742,-42.545,56.873
1554,51.8,670.76,475.21,44.117,-43.542,61.986
1555,51.833,671.01,476.01,46.977,-44.951,65.018
1556,51.867,666.7,477.3,46.675,-46.087,65.594
1557,51.9,665.33,477.83,46.077,-47.798,66.391
1558,51.933,667.19,475.16,44.304,-49.86,66.7
1559,51.967,668.95,473.69,39.928,-50.558,64.424
1560,52.0,672.08,471.65,34.318,-51.194,61.632
1561,52.033,676.63,468.95,28.507,-51.455,58.825
1562,52.067,679.46,466.9,22.23,-50.743,55.399
1563,52.1,681.14,465.33,15.846,-48.304,50.837
1564,52.133,682.62,462.85,10.402,-45.363,46.541
1565,52.167,686.11,459.2,4.422,-41.886,42.119
1566,52.2,684.29,457.63,0.379,-38.535,38.537
1567,52.233,681.56,456.01,-7.172,-32.845,33.619
1568,52.267,677.03,455.01,-13.558,-27.308,30.488
1569,52.3,674.83,454.4,-18.502,-22.821,29.379
1570,52.333,674.01,454.3,-22.504,-17.463,28.485
1571,52.367,676.88,452.83,-25.828,-13.696,29.234
1572,52.4,674.98,454.73,-26.058,-12.247,28.793
1573,52.433,672.42,456.41,-23.716,-12.093,26.621
1574,52.467,673.62,455.63,-20.008,-12.473,23.577
1575,52.5,671.43,456.54,-15.06,-13.863,20.469
1576,52.533,669.23,457.82,-9.51,-15.185,17.917
1577,52.567,668.86,457.58,-4.206,-16.552,17.078
1578,52.6,670.99,454.84,0.429,-18.136,18.141
1579,52.633,671.12,453.96,4.79,-19.346,19.93
1580,52.667,675.06,450.96,9.193,-20.875,22.809
1581,52.7,676.27,448.25,10.509,-21.652,24.067
1582,52.733,676.93,445.92,9.876,-22.443,24.52
1583,52.767,676.89,444.61,8.628,-22.974,24.541
1584,52.8,674.91,446.56,7.379,-23.367,24.505
1585,52.833,673.58,444.58,5.736,-23.208,23.907
1586,52.867,672.45,445.44,3.084,-22.366,22.577
1587,52.9,672.0,447.05,-2.591,-20.429,20.593
1588,52.933,671.91,446.28,-9.344,-18.974,21.15
1589,52.967,672.05,446.66,-16.63,-18.341,24.758
1590,53.0,672.81,447.22,-25.57,-18.302,31.445
1591,53.033,673.34,445.84,-33.262,-17.09,37.396
1592,53.067,672.67,445.23,-40.099,-15.783,43.093
1593,53.1,672.65,444.51,-46.495,-14.624,48.74
1594,53.133,671.33,441.51,-53.492,-12.437,54.919
1595,53.167,667.11,440.6,-60.053,-10.263,60.923
1596,53.2,664.21,439.57,-68.179,-6.626,68.5
1597,53.233,662.43,439.14,-76.642,-1.027,76.649
1598,53.267,658.45,439.09,-85.087,5.339,85.254
1599,53.3,655.5,439.78,-92.407,12.393,93.234
1600,53.333,652.02,440.08,-97.942,18.068,99.595
1601,53.367,648.8,439.96,-101.339,23.15,103.95
1602,53.4,645.33,441.11,-101.795,28.359,105.671
1603,53.433,642.07,442.78,-101.047,31.441,105.826
1604,53.467,639.69,445.19,-100.171,33.34,105.574
1605,53.5,636.79,450.58,-98.463,33.485,104.001
1606,53.533,631.25,450.85,-97.021,31.928,102.139
1607,53.567,627.62,451.27,-95.361,29.918,99.944
1608,53.6,624.55,452.35,-92.267,27.724,96.342
1609,53.633,621.88,453.1,-89.066,25.271,92.582
1610,53.667,619.67,454.05,-85.744,23.663,88.949
1611,53.7,618.14,453.75,-81.142,22.347,84.163
1612,53.733,616.53,451.85,-76.098,21.68,79.126
1613,53.767,614.98,452.16,-70.588,21.899,73.907
1614,53.8,611.76,452.04,-65.228,22.435,68.979
1615,53.833,609.4,452.42,-59.552,23.272,63.937
1616,53.867,606.33,455.41,-53.4,24.665,58.821
1617,53.9,601.17,454.23,-47.037,26.358,53.919
1618,53.933,598.77,455.95,-41.592,29.542,51.016
1619,53.967,599.07,458.1,-36.355,33.392,49.363
1620,54.0,598.36,460.81,-32.204,37.616,49.518
1621,54.033,599.68,463.28,-30.118,40.115,50.163
1622,54.067,600.23,465.29,-27.484,43.171,51.177
1623,54.1,598.59,466.03,-25.213,45.909,52.377
1624,54.133,597.73,466.67,-22.498,47.748,52.783
1625,54.167,596.86,467.78,-20.576,48.403,52.595
1626,54.2,596.08,468.9,-19.881,47.779,51.751
1627,54.233,595.88,469.94,-20.832,46.246,50.722
1628,54.267,593.56,470.28,-23.363,44.888,50.603
1629,54.3,594.22,471.89,-29.399,43.447,52.459
1630,54.333,592.85,473.3,-36.832,42.353,56.128
1631,54.367,590.87,475.01,-46.127,41.51,62.055
1632,54.4,588.24,478.97,-56.013,40.2,68.946
1633,54.433,587.81,480.0,-64.53,40.397,76.131
1634,54.467,585.4,482.1,-71.289,41.018,82.247
1635,54.5,583.0,483.7,-76.93,41.856,87.579
1636,54.533,582.79,484.99,-80.058,42.351,90.57
1637,54.567,580.17,484.74,-81.758,42.412,92.104
1638,54.6,577.99,485.48,-82.405,41.455,92.244
1639,54.633,573.01,486.29,-79.794,40.396,89.436
1640,54.667,569.45,487.59,-74.379,39.18,84.068
1641,54.7,566.01,488.57,-66.734,37.551,76.573
1642,54.733,562.29,490.04,-57.787,35.58,67.862
1643,54.767,557.79,491.93,-47.979,32.5,57.95
1644,54.8,557.57,493.22,-36.023,30.252,47.04
1645,54.833,556.03,494.64,-22.738,28.987,36.841
1646,54.867,556.37,496.63,-10.953,28.298,30.344
1647,54.9,556.98,497.44,-0.334,28.361,28.363
1648,54.933,558.81,498.36,11.154,27.709,29.87
1649,54.967,560.38,499.2,19.773,27.274,33.687
1650,55.0,562.36,499.69,26.519,25.984,37.127
1651,55.033,563.28,500.09,29.925,24.111,38.43
1652,55.067,564.55,499.92,29.807,21.602,36.811
1653,55.1,567.23,500.74,27.346,19.524,33.601
1654,55.133,567.42,500.67,22.267,17.318,28.209
1655,55.167,567.19,500.86,16.933,15.572,23.005
1656,55.2,567.31,501.32,11.59,13.822,18.038
1657,55.233,568.7,501.88,6.435,12.569,14.121
1658,55.267,569.69,505.09,2.3,11.514,11.741
1659,55.3,569.1,506.11,-0.39,10.02,10.028
1660,55.333,564.69,505.7,-0.34,8.452,8.459
1661,55.367,566.06,506.16,0.979,6.834,6.904
1662,55.4,567.15,505.8,5.362,5.06,7.373
1663,55.433,563.47,505.2,12.5,3.415,12.958
1664,55.467,563.97,504.56,21.806,1.807,21.881
1665,55.5,563.72,504.81,30.439,0.073,30.44
1666,55.533,567.14,504.66,37.308,-1.564,37.341
1667,55.567,569.29,504.74,44.333,-3.187,44.447
1668,55.6,571.37,504.39,50.121,-4.521,50.325
1669,55.633,574.27,504.81,53.04,-5.954,53.373
1670,55.667,576.21,504.26,54.687,-7.001,55.133
1671,55.7,577.56,504.32,55.514,-7.457,56.012
1672,55.733,579.57,503.77,54.868,-7.357,55.359
1673,55.767,581.79,503.29,52.423,-6.386,52.811
1674,55.8,586.79,503.66,47.569,-6.318,47.987
1675,55.833,586.22,503.96,40.703,-6.669,41.246
1676,55.867,590.75,504.14,34.282,-6.909,34.971
1677,55.9,590.2,503.58,26.134,-7.41,27.165
1678,55.933,588.68,503.1,17.067,-8.075,18.881
1679,55.967,584.85,502.48,10.307,-8.434,13.318
1680,56.0,585.5,502.05,4.455,-8.428,9.533
1681,56.033,587.79,501.35,1.226,-8.268,8.358
1682,56.067,586.41,500.9,-3.117,-7.656,8.266
1683,56.1,586.6,500.74,-8.696,-6.725,10.992
1684,56.133,588.1,500.75,-13.02,-5.648,14.193
1685,56.167,588.1,500.98,-17.164,-4.768,17.814
1686,56.2,587.09,501.03,-19.703,-3.831,20.072
1687,56.233,586.77,501.21,-21.331,-2.849,21.521
1688,56.267,585.07,500.71,-21.789,-1.596,21.847
1689,56.3,583.92,500.45,-22.467,-0.257,22.469
1690,56.333,583.35,500.31,-23.472,0.539,23.478
1691,56.367,583.06,500.35,-24.985,1.424,25.026
1692,56.4,583.24,500.25,-29.667,2.144,29.745
1693,56.433,582.14,500.83,-34.55,2.693,34.655
1694,56.467,580.03,500.99,-39.303,3.528,39.461
1695,56.5,578.04,501.45,-41.954,4.083,42.152
1696,56.533,573.37,501.63,-44.325,4.131,44.517
1697,56.567,573.01,501.4,-47.009,3.967,47.176
1698,56.6,575.42,500.92,-48.666,3.323,48.779
1699,56.633,573.56,501.11,-49.623,2.633,49.692
1700,56.667,573.0,501.14,-50.672,2.349,50.726
1701,56.7,569.88,501.59,-50.259,1.67,50.287
1702,56.733,568.44,501.45,-49.318,0.572,49.321
1703,56.767,565.43,501.34,-47.568,-0.63,47.573
1704,56.8,564.72,501.69,-44.795,-1.7,44.827
1705,56.833,559.54,502.71,-41.277,-3.305,41.409
1706,56.867,559.08,502.14,-35.854,-5.55,36.281
1707,56.9,559.17,501.54,-31.368,-8.591,32.523
1708,56.933,557.49,501.33,-28.099,-12.082,30.586
1709,56.967,556.69,499.71,-26.129,-15.721,30.493
1710,57.0,555.79,499.07,-23.906,-19.176,30.647
1711,57.033,555.68,498.8,-22.954,-22.463,32.116
1712,57.067,554.95,498.41,-20.139,-26.254,33.089
1713,57.1,555.23,498.8,-18.913,-29.721,35.228
1714,57.133,555.4,498.29,-20.702,-31.923,38.048
1715,57.167,555.76,496.31,-24.167,-32.948,40.861
1716,57.2,553.34,495.3,-28.616,-32.815,43.54
1717,57.233,553.34,494.37,-34.647,-31.176,46.608
1718,57.267,551.78,492.25,-42.703,-27.63,50.863
1719,57.3,550.69,489.85,-52.308,-23.095,57.18
1720,57.333,549.56,488.6,-63.151,-18.4,65.777
1721,57.367,543.95,487.87,-72.776,-14.218,74.152
1722,57.4,542.45,488.0,-81.792,-9.924,82.392
1723,57.433,540.15,488.47,-89.876,-5.614,90.051
1724,57.467,538.51,488.23,-96.249,-1.7,96.264
1725,57.5,533.88,487.95,-99.695,2.841,99.735
1726,57.533,531.95,487.58,-100.302,7.463,100.579
1727,57.567,526.4,489.54,-98.052,11.554,98.73
1728,57.6,523.9,491.3,-92.719,14.918,93.911
1729,57.633,520.6,492.19,-85.642,16.848,87.283
1730,57.667,517.89,492.97,-76.052,17.407,78.019
1731,57.7,511.65,494.13,-66.189,16.983,68.333
1732,57.733,509.02,493.86,-53.811,15.399,55.97
1733,57.767,506.83,492.37,-42.246,11.992,43.915
1734,57.8,507.09,492.0,-30.757,7.46,31.648
1735,57.833,506.41,492.47,-18.192,4.598,18.764
1736,57.867,507.7,493.1,-7.261,2.309,7.619
1737,57.9,508.46,493.49,3.945,0.708,4.008
1738,57.933,509.12,493.9,17.686,0.32,17.689
1739,57.967,511.41,494.47,24.944,-1.163,24.971
1740,58.0,511.54,494.02,25.842,-3.426,26.069
1741,58.033,512.47,493.32,22.625,-5.982,23.403
1742,58.067,512.67,492.87,13.961,-8.86,16.535
1743,58.1,512.58,492.27,3.605,-11.875,12.41
1744,58.133,513.8,491.51,-9.404,-15.628,18.239
1745,58.167,512.1,490.6,-23.271,-19.155,30.141
1746,58.2,513.24,490.24,-39.274,-23.115,45.572
1747,58.233,511.13,489.48,-53.964,-27.646,60.634
1748,58.267,512.33,490.38,-67.28,-31.743,74.392
1749,58.3,512.46,492.35,-78.594,-34.705,85.916
1750,58.333,507.12,489.59,-87.871,-36.523,95.159
1751,58.367,504.29,488.04,-94.749,-37.614,101.942
1752,58.4,500.45,485.77,-98.922,-37.584,105.821
1753,58.433,483.37,480.57,-100.146,-36.784,106.687
1754,58.467,482.48,479.12,-98.177,-35.574,104.424
1755,58.5,481.44,478.3,-93.47,-34.292,99.562
1756,58.533,479.9,477.45,-85.402,-32.584,91.407
1757,58.567,480.16,478.16,-74.244,-30.208,80.154
1758,58.6,477.95,476.77,-60.313,-27.709,66.374
1759,58.633,476.39,476.55,-44.779,-24.931,51.252
1760,58.667,472.87,474.96,-29.022,-22.341,36.625
1761,58.7,473.15,474.81,-12.508,-20.845,24.31
1762,58.733,473.17,474.71,2.386,-20.138,20.279
1763,58.767,472.99,474.05,15.508,-20.308,25.552
1764,58.8,473.8,473.84,23.604,-22.41,32.547
1765,58.833,474.13,473.3,26.849,-26.671,37.845
1766,58.867,476.49,473.03,26.488,-31.601,41.234
1767,58.9,477.71,471.38,21.758,-36.895,42.833
1768,58.933,479.58,470.0,13.213,-41.792,43.831
1769,58.967,481.63,468.79,10.739,-43.743,45.042
1770,59.0,482.57,467.46,6.112,-44.432,44.85
1771,59.033,483.34,465.77,-0.367,-45.223,45.224
1772,59.067,482.47,463.23,-6.796,-45.567,46.071
1773,59.1,480.8,460.94,-13.796,-46.28,48.292
1774,59.133,479.84,457.68,-21.718,-47.55,52.275
1775,59.167,478.03,454.87,-30.104,-49.805,58.196
1776,59.2,475.52,454.26,-36.768,-51.382,63.182
1777,59.233,472.44,452.81,-41.944,-52.288,67.032
1778,59.267,470.48,452.19,-45.542,-52.745,69.686
1779,59.3,470.31,452.36,-46.514,-51.443,69.353
1780,59.333,468.36,451.01,-46.785,-51.64,69.681
1781,59.367,468.47,451.0,-45.78,-52.891,69.952
1782,59.4,468.19,449.79,-44.71,-55.449,71.229
1783,59.433,467.9,447.74,-42.731,-57.505,71.643
1784,59.467,463.18,443.76,-40.375,-58.801,71.328
1785,59.5,463.08,439.79,-38.076,-58.673,69.945
1786,59.533,463.52,437.99,-36.444,-57.507,68.083
1787,59.567,461.06,435.23,-35.376,-55.259,65.613
1788,59.6,457.52,432.09,-34.373,-51.565,61.971
1789,59.633,457.59,431.62,-33.171,-46.506,57.124
1790,59.667,457.98,432.11,-32.321,-39.773,51.25
1791,59.7,458.1,431.51,-31.516,-31.753,44.738
1792,59.733,456.37,429.85,-30.266,-23.464,38.296
1793,59.767,454.91,428.25,-28.169,-14.945,31.888
1794,59.8,451.38,423.37,-25.411,-6.912,26.335
1795,59.833,451.02,424.55,-22.731,-0.059,22.731
1796,59.867,450.65,426.21,-18.915,6.161,19.893
1797,59.9,451.13,429.33,-15.781,10.611,19.017
1798,59.933,450.79,431.11,-10.349,15.427,18.576
1799,59.967,450.39,432.77,-6.276,17.868,18.939
1800,60.0,449.55,432.78,-2.359,18.647,18.795
1801,60.033,450.15,433.17,-0.191,19.051,19.052
1802,60.067,449.96,433.33,-1.174,18.415,18.453
1803,60.1,449.6,433.21,-3.843,17.866,18.275
1804,60.133,449.22,432.69,-6.175,17.555,18.609
1805,60.167,449.09,432.35,-10.429,16.59,19.596
1806,60.2,448.99,432.77,-18.126,14.615,23.284
1807,60.233,448.78,433.05,-28.454,12.739,31.175
1808,60.267,448.99,433.87,-39.074,11.101,40.62
1809,60.3,449.24,435.17,-48.715,9.183,49.573
1810,60.333,449.21,436.51,-53.515,10.28,54.494
1811,60.367,447.95,437.51,-55.581,11.96,56.853
1812,60.4,448.01,438.79,-55.936,12.613,57.34
1813,60.433,439.53,434.57,-53.887,13.272,55.497
1814,60.467,435.57,435.36,-49.202,13.985,51.151
1815,60.5,433.39,437.44,-42.913,13.804,45.079
1816,60.533,430.35,438.31,-33.21,15.017,36.447
1817,60.567,429.16,439.23,-21.868,16.227,27.231
1818,60.6,428.38,439.15,-10.249,16.745,19.633
1819,60.633,425.8,440.12,1.658,16.916,16.997
1820,60.667,425.35,441.18,14.222,18.119,23.034
1821,60.7,429.34,441.98,26.051,19.465,32.52
1822,60.733,434.36,440.96,36.443,20.367,41.748
1823,60.767,438.92,440.54,45.308,21.515,50.157
1824,60.8,442.9,442.1,51.444,21.962,55.936
1825,60.833,442.07,442.09,54.373,21.069,58.312
1826,60.867,442.73,442.53,57.342,22.149,61.47
1827,60.9,445.97,446.63,56.557,22.651,60.925
1828,60.933,446.98,447.1,49.85,21.077,54.123
1829,60.967,447.55,447.62,42.132,20.703,46.943
1830,61.0,450.09,449.71,32.974,19.656,38.388
1831,61.033,448.51,447.84,22.325,17.222,28.196
1832,61.067,447.35,447.54,12.068,14.252,18.675
1833,61.1,448.56,448.79,2.98,11.793,12.164
1834,61.133,449.31,449.97,-5.169,9.211,10.562
1835,61.167,448.12,448.56,-10.668,6.344,12.411
1836,61.2,448.27,448.72,-14.793,1.375,14.857
1837,61.233,448.96,449.73,-15.587,-0.535,15.596
1838,61.267,448.99,449.57,-18.248,-4.54,18.804
1839,61.3,450.23,451.05,-19.603,-5.226,20.288
1840,61.333,451.67,454.04,-21.083,-4.915,21.648
1841,61.367,443.45,448.66,-19.067,-1.115,19.099
1842,61.4,441.24,446.64,-16.912,1.488,16.978
1843,61.433,441.53,446.78,-16.141,0.936,16.168
1844,61.467,441.95,446.68,-15.941,-1.559,16.017
1845,61.5,442.21,447.14,-16.207,-5.398,17.082
1846,61.533,443.08,448.1,-17.474,-10.649,20.463
1847,61.567,443.12,448.62,-17.87,-15.76,23.827
1848,61.6,441.25,446.5,-16.996,-20.685,26.772
1849,61.633,440.58,446.51,-15.942,-26.389,30.83
1850,61.667,440.22,446.11,-14.628,-33.054,36.146
1851,61.7,443.72,450.46,-12.401,-39.154,41.07
1852,61.733,439.21,443.46,-9.62,-44.913,45.932
1853,61.767,443.94,449.5,-6.851,-50.426,50.889
1854,61.8,441.75,444.78,-4.449,-54.887,55.067
1855,61.833,440.96,441.36,-3.459,-59.398,59.499
1856,61.867,435.69,431.62,-4.323,-65.077,65.221
1857,61.9,435.58,429.92,-2.055,-66.81,66.841
1858,61.933,436.07,428.51,1.445,-65.714,65.729
1859,61.967,436.97,428.13,5.397,-62.761,62.993
1860,62.0,438.73,427.32,9.471,-58.071,58.838
1861,62.033,439.58,424.94,13.555,-52.798,54.51
1862,62.067,440.7,423.54,16.92,-46.211,49.211
1863,62.1,441.51,421.55,19.216,-38.625,43.141
1864,62.133,442.34,420.38,21.227,-28.37,35.432
1865,62.167,442.83,419.91,23.207,-17.619,29.138
1866,62.2,443.79,419.85,24.771,-6.953,25.728
1867,62.233,444.11,420.06,23.712,0.681,23.722
1868,62.267,444.29,420.25,23.804,10.316,25.943
1869,62.3,445.17,420.36,20.164,15.366,25.352
1870,62.333,446.3,421.49,15.817,19.707,25.27
1871,62.367,446.76,422.98,10.769,22.266,24.733
1872,62.4,447.23,422.63,8.044,26.672,27.858
1873,62.433,447.92,422.88,5.877,29.914,30.486
1874,62.467,447.91,423.49,3.931,31.925,32.166
1875,62.5,447.75,424.64,2.471,32.54,32.634
1876,62.533,447.18,428.1,0.148,32.168,32.169
1877,62.567,446.49,429.35,-1.805,31.175,31.228
1878,62.6,446.61,430.61,-4.127,29.484,29.772
1879,62.633,447.29,430.04,-6.322,27.701,28.413
1880,62.667,446.65,431.01,-8.001,25.438,26.666
1881,62.7,446.43,432.77,-9.689,23.314,25.247
1882,62.733,445.9,433.72,-11.037,21.244,23.94
1883,62.767,445.28,434.31,-11.945,18.796,22.27
1884,62.8,445.58,433.9,-12.087,15.992,20.046
1885,62.833,445.86,433.16,-11.683,12.723,17.273
1886,62.867,445.41,433.19,-11.047,9.095,14.31
1887,62.9,444.47,433.69,-10.532,5.586,11.921
1888,62.933,443.59,434.59,-10.274,2.983,10.698
1889,62.967,443.19,435.71,-10.394,1.506,10.502
1890,63.0,441.9,436.08,-10.52,0.916,10.559
1891,63.033,442.63,435.42,-10.577,0.998,10.624
1892,63.067,441.72,435.57,-10.125,0.414,10.133
1893,63.1,442.2,435.43,-9.121,0.041,9.121
1894,63.133,442.23,435.15,-8.273,-0.135,8.274
1895,63.167,441.34,435.76,-7.227,0.098,7.228
1896,63.2,442.03,434.9,-5.622,0.074,5.623
1897,63.233,441.71,433.79,-3.808,-0.719,3.876
1898,63.267,441.82,433.43,-1.914,-1.791,2.621
1899,63.3,441.56,433.5,0.011,-3.018,3.018
1900,63.333,440.89,434.82,1.361,-3.852,4.085
1901,63.367,439.99,435.79,2.14,-3.648,4.23
1902,63.4,440.12,435.43,2.7,-3.376,4.323
1903,63.433,440.61,435.41,2.96,-3.109,4.293
1904,63.467,441.12,434.81,3.239,-2.937,4.372
1905,63.5,441.52,434.62,3.467,-3.559,4.968
1906,63.533,442.0,434.57,4.132,-4.229,5.912
1907,63.567,442.06,434.45,4.209,-4.659,6.279
1908,63.6,442.32,433.79,4.36,-5.021,6.65
1909,63.633,443.57,432.47,3.938,-5.496,6.762
1910,63.667,443.18,432.46,3.525,-6.123,7.065
1911,63.7,442.74,432.79,4.022,-7.781,8.759
1912,63.733,442.28,433.34,3.898,-8.701,9.535
1913,63.767,442.15,433.38,3.681,-8.682,9.431
1914,63.8,442.25,433.25,3.132,-7.532,8.157
1915,63.833,442.65,432.92,2.41,-5.722,6.208
1916,63.867,442.73,431.63,1.907,-4.02,4.45
1917,63.9,442.47,431.8,1.997,-2.383,3.109
1918,63.933,442.97,431.87,2.118,-0.77,2.254
1919,63.967,443.09,431.55,2.2,0.581,2.275
1920,64.0,442.96,432.2,2.06,1.771,2.717
1921,64.033,442.94,431.75,1.91,2.778,3.371
1922,64.067,443.13,431.67,1.833,3.481,3.934
1923,64.1,443.68,431.14,1.591,4.357,4.639
1924,64.133,444.54,431.2,1.411,5.565,5.741
1925,64.167,444.55,431.77,0.734,7.227,7.264
1926,64.2,443.32,433.83,0.129,8.968,8.969
1927,64.233,443.45,434.11,-0.583,10.445,10.461
1928,64.267,443.35,434.7,-1.088,11.399,11.45
1929,64.3,443.32,434.45,-1.234,11.915,11.978
1930,64.333,443.34,434.68,-1.154,12.109,12.164
1931,64.367,443.18,434.88,-0.921,11.993,12.028
1932,64.4,442.84,434.43,-1.356,12.096,12.172
1933,64.433,443.0,434.71,-1.792,11.582,11.72
1934,64.467,443.04,435.09,-1.375,11.166,11.25
1935,64.5,443.49,435.99,-0.149,10.496,10.497
1936,64.533,443.64,436.79,1.125,9.196,9.265
1937,64.567,443.36,437.81,3.469,7.984,8.705
1938,64.6,444.01,437.69,6.927,7.015,9.858
1939,64.633,444.11,437.47,11.281,6.282,12.912
1940,64.667,444.0,437.86,15.679,5.492,16.613
1941,64.7,443.99,437.91,19.216,5.163,19.897
1942,64.733,444.75,438.1,22.391,4.188,22.779
1943,64.767,445.37,438.23,24.988,3.285,25.203
1944,64.8,445.64,438.36,26.83,2.208,26.92
1945,64.833,446.08,438.18,27.729,1.429,27.766
1946,64.867,446.31,438.01,27.203,0.922,27.218
1947,64.9,449.05,437.93,25.777,0.268,25.778
1948,64.933,451.86,438.59,23.938,0.225,23.939
1949,64.967,452.41,437.74,21.223,0.484,21.228
1950,65.0,453.0,438.02,17.623,0.849,17.643
1951,65.033,455.68,438.29,12.137,1.362,12.213
1952,65.067,456.29,438.3,5.88,1.529,6.076
1953,65.1,455.92,437.76,0.075,1.332,1.334
1954,65.133,454.32,438.03,-5.349,1.098,5.46
1955,65.167,452.5,439.07,-9.631,1.212,9.707
1956,65.2,452.37,438.81,-11.435,0.949,11.474
1957,65.233,452.45,438.92,-9.272,0.71,9.299
1958,65.267,451.59,438.87,-4.332,0.271,4.34
1959,65.3,450.9,438.9,2.216,-0.114,2.219
1960,65.333,450.35,438.8,10.115,-0.669,10.137
1961,65.367,450.95,438.25,19.495,-1.126,19.528
1962,65.4,451.01,438.64,29.182,-1.16,29.205
1963,65.433,450.47,438.38,37.815,-1.452,37.842
1964,65.467,450.71,438.22,44.398,-1.787,44.434
1965,65.5,451.68,438.47,49.427,-1.615,49.454
1966,65.533,455.79,437.95,53.128,-1.53,53.15
1967,65.567,459.76,438.29,53.605,-1.244,53.62
1968,65.6,463.27,438.14,51.402,-0.742,51.407
1969,65.633,467.33,438.27,47.829,-0.079,47.829
1970,65.667,471.51,437.75,43.49,0.379,43.492
1971,65.7,473.8,438.16,37.395,0.37,37.397
1972,65.733,472.06,438.11,27.812,0.542,27.817
1973,65.767,470.21,438.43,15.139,0.739,15.157
1974,65.8,469.43,438.26,0.829,0.824,1.169
1975,65.833,468.58,438.53,-14.451,1.41,14.52
1976,65.867,466.14,438.64,-28.943,1.716,28.994
1977,65.9,465.58,438.01,-42.25,1.797,42.288
1978,65.933,464.41,438.88,-53.289,1.288,53.305
1979,65.967,463.59,438.54,-61.071,0.772,61.076
1980,66.0,462.93,438.5,-65.081,0.312,65.082
1981,66.033,461.05,438.81,-65.523,-0.383,65.524
1982,66.067,459.77,438.34,-63.589,-0.853,63.594
1983,66.1,458.18,437.82,-59.875,-1.282,59.888
1984,66.133,453.67,438.08,-54.043,-2.133,54.086
1985,66.167,447.82,438.66,-47.591,-2.685,47.666
1986,66.2,444.13,438.89,-41.885,-2.694,41.971
1987,66.233,443.65,438.83,-36.961,-2.584,37.051
1988,66.267,443.96,438.63,-31.667,-2.41,31.759
1989,66.3,444.4,438.8,-26.042,-2.185,26.134
1990,66.333,445.96,437.17,-20.652,-1.792,20.729
1991,66.367,446.19,436.89,-15.186,-1.566,15.267
1992,66.4,446.19,437.22,-9.24,-1.229,9.321
1993,66.433,445.82,437.67,-3.852,-0.545,3.891
1994,66.467,445.58,437.68,0.851,-0.174,0.868
1995,66.5,445.0,437.56,4.572,0.054,4.573
1996,66.533,445.39,437.68,6.675,0.236,6.679
1997,66.567,445.42,437.74,7.499,0.136,7.5
1998,66.6,446.03,437.33,6.541,-0.049,6.542
1999,66.633,445.04,438.59,4.002,-0.221,4.008
2000,66.667,444.66,438.31,1.593,-0.643,1.718
2001,66.7,444.71,438.12,0.557,-1.04,1.18
2002,66.733,444.42,437.82,0.548,-1.613,1.703
2003,66.767,444.73,437.99,0.928,-2.006,2.21
2004,66.8,445.43,437.75,1.097,-2.242,2.496
2005,66.833,446.27,437.64,1.214,-2.645,2.911
2006,66.867,445.95,437.8,0.692,-2.28,2.383
2007,66.9,445.95,437.36,0.164,-1.739,1.747
2008,66.933,445.9,437.16,-0.324,-1.184,1.228
2009,66.967,446.03,436.65,-0.709,-0.712,1.005
2010,67.0,445.75,436.82,-1.121,-0.189,1.136
2011,67.033,445.77,436.61,-1.158,0.425,1.233
2012,67.067,445.74,436.43,-1.494,1.077,1.842
2013,67.1,445.85,436.71,-1.663,1.627,2.326
2014,67.133,445.38,437.35,-2.078,2.364,3.148
2015,67.167,444.49,438.22,-1.883,2.249,2.934
2016,67.2,444.05,438.12,-1.654,2.339,2.865
2017,67.233,444.47,438.5,-1.505,2.467,2.89
2018,67.267,444.29,438.27,-1.044,2.745,2.937
2019,67.3,444.96,438.0,-0.577,3.0,3.055
2020,67.333,445.43,437.81,-0.128,2.922,2.924
2021,67.367,445.74,437.64,0.303,2.423,2.442
2022,67.4,445.58,437.87,0.915,1.525,1.779
2023,67.433,445.31,437.95,1.325,0.737,1.517
2024,67.467,445.21,437.9,1.537,0.147,1.544
2025,67.5,445.38,437.88,1.59,-0.506,1.669
2026,67.533,445.25,437.9,1.635,-1.08,1.959
2027,67.567,445.7,437.76,1.43,-1.577,2.129
2028,67.6,445.46,437.92,0.85,-1.676,1.879
2029,67.633,445.18,438.09,0.242,-1.746,1.763
2030,67.667,444.52,438.73,-0.254,-1.928,1.945
2031,67.7,444.8,438.4,-0.325,-2.485,2.506
2032,67.733,445.23,438.19,-0.183,-2.838,2.844
2033,67.767,445.47,437.74,-0.024,-3.513,3.514
2034,67.8,446.01,436.87,0.319,-3.973,3.986
2035,67.833,446.12,436.9,0.717,-4.527,4.584
2036,67.867,445.49,437.2,1.028,-4.678,4.79
2037,67.9,445.15,437.34,1.14,-4.39,4.536
2038,67.933,445.27,437.07,1.259,-4.083,4.273
2039,67.967,445.48,436.37,1.166,-3.48,3.67
2040,68.0,445.37,436.74,1.095,-2.601,2.822
2041,68.033,445.28,436.4,0.692,-1.441,1.598
2042,68.067,445.44,436.56,0.393,-0.261,0.472
2043,68.1,446.04,436.27,0.496,0.796,0.938
2044,68.133,445.73,436.45,0.644,1.787,1.899
2045,68.167,445.59,436.56,0.618,2.875,2.94
2046,68.2,445.47,436.78,0.506,3.915,3.947
2047,68.233,445.79,436.6,0.224,4.798,4.803
2048,68.267,445.8,437.04,0.02,5.434,5.434
2049,68.3,446.14,436.98,-0.389,5.765,5.778
2050,68.333,445.81,437.89,-1.031,6.369,6.452
2051,68.367,445.57,437.96,-0.337,6.362,6.371
2052,68.4,445.4,437.95,1.352,5.9,6.053
2053,68.433,445.12,438.44,2.629,5.211,5.836
2054,68.467,445.56,438.42,1.889,4.568,4.943
2055,68.5,445.58,438.41,-0.984,4.206,4.319
2056,68.533,446.22,438.2,-4.1,3.377,5.312
2057,68.567,446.4,438.36,-6.352,2.614,6.869
2058,68.6,444.93,439.13,-7.601,1.569,7.761
2059,68.633,444.37,439.63,-7.255,0.567,7.277
2060,68.667,444.39,439.61,-6.705,-0.038,6.705
2061,68.7,445.18,438.76,-6.345,-0.136,6.347
2062,68.733,445.74,438.58,-6.111,0.039,6.112
2063,68.767,445.61,438.33,-6.041,0.436,6.056
2064,68.8,446.22,438.46,-5.726,0.724,5.772
2065,68.833,446.59,437.99,-5.44,1.228,5.577
2066,68.867,443.05,438.78,-4.703,1.412,4.91
2067,68.9,439.45,439.15,-3.059,1.384,3.358
2068,68.933,437.9,439.1,-0.699,1.451,1.61
2069,68.967,440.05,438.78,2.257,1.065,2.496
2070,69.0,444.26,438.49,4.695,0.771,4.758
2071,69.033,446.49,438.84,6.656,0.804,6.704
2072,69.067,446.97,438.96,7.727,1.124,7.809
2073,69.1,446.74,439.59,8.266,1.477,8.397
2074,69.133,443.62,440.43,9.098,1.429,9.209
2075,69.167,443.37,440.25,9.841,1.368,9.936
2076,69.2,444.03,439.65,10.126,1.38,10.22
2077,69.233,445.03,439.12,9.799,1.511,9.915
2078,69.267,446.04,439.04,8.601,1.798,8.787
2079,69.3,446.64,439.11,6.583,2.546,7.058
2080,69.333,447.52,439.02,3.876,3.225,5.042
2081,69.367,448.09,438.95,-0.191,4.589,4.593
2082,69.4,447.38,439.43,-3.093,5.465,6.28
2083,69.433,446.42,439.53,-3.938,6.467,7.572
2084,69.467,445.22,440.42,-3.386,7.304,8.051
2085,69.5,445.23,440.85,-2.597,8.066,8.474
2086,69.533,445.46,440.78,-2.745,8.923,9.336
2087,69.567,445.8,441.03,-3.881,9.814,10.554
2088,69.6,445.49,441.57,-5.753,10.598,12.059
2089,69.633,445.09,442.42,-7.103,10.802,12.928
2090,69.667,444.96,442.4,-6.586,10.162,12.11
2091,69.7,445.21,442.33,-6.134,9.507,11.314
2092,69.733,444.81,443.16,-6.093,9.068,10.924
2093,69.767,444.7,443.65,-5.833,8.868,10.615
2094,69.8,445.1,443.59,-5.555,9.414,10.931
2095,69.833,444.16,444.27,-4.718,10.362,11.386
2096,69.867,444.35,444.0,-3.867,11.955,12.565
2097,69.9,443.85,444.87,-3.281,13.968,14.349
2098,69.933,443.36,444.52,-2.915,15.892,16.157
2099,69.967,444.15,444.95,-1.515,18.173,18.236
2100,70.0,444.45,445.69,1.213,20.825,20.861
2101,70.033,443.99,446.4,4.555,22.78,23.231
2102,70.067,444.07,446.64,8.252,24.858,26.191
2103,70.1,444.94,447.35,11.756,27.256,29.684
2104,70.133,443.6,448.63,14.708,29.029,32.543
2105,70.167,442.62,450.31,17.372,29.969,34.64
2106,70.2,444.05,451.33,19.389,30.004,35.723
2107,70.233,446.34,452.56,20.781,29.24,35.872
2108,70.267,447.41,454.2,22.373,26.128,34.398
2109,70.3,448.81,454.48,23.212,21.224,31.452
2110,70.333,449.16,455.13,23.274,15.017,27.698
2111,70.367,449.79,455.21,22.742,7.37,23.906
2112,70.4,450.8,455.58,21.682,-1.144,21.712
2113,70.433,453.19,456.37,20.457,-10.481,22.986
2114,70.467,453.59,456.43,19.212,-19.758,27.558
2115,70.5,453.52,454.82,17.05,-28.425,33.146
2116,70.533,453.41,455.21,14.942,-36.578,39.513
2117,70.567,452.89,454.08,13.182,-43.8,45.74
2118,70.6,452.58,451.35,11.597,-49.47,50.811
2119,70.633,453.39,449.28,9.747,-53.72,54.597
2120,70.667,453.81,446.3,8.85,-56.473,57.162
2121,70.7,454.84,443.5,8.985,-57.496,58.194
2122,70.733,455.44,440.03,9.304,-57.009,57.764
2123,70.767,454.52,438.87,8.842,-54.939,55.646
2124,70.8,455.09,437.23,7.965,-51.874,52.482
2125,70.833,455.03,435.68,6.625,-47.263,47.725
2126,70.867,456.14,434.31,5.235,-41.233,41.564
2127,70.9,456.34,433.67,3.708,-34.276,34.476
2128,70.933,456.56,432.85,2.146,-27.356,27.44
2129,70.967,456.81,432.52,-0.4,-21.535,21.538
2130,71.0,457.99,431.38,-3.118,-17.03,17.313
2131,71.033,457.51,430.93,-5.478,-13.601,14.663
2132,71.067,457.08,430.45,-7.438,-12.356,14.422
2133,71.1,456.5,429.94,-8.488,-13.407,15.867
2134,71.133,455.81,430.16,-8.66,-15.757,17.98
2135,71.167,454.89,430.27,-8.274,-19.913,21.564
2136,71.2,454.28,429.39,-7.383,-24.646,25.728
2137,71.233,453.33,429.36,-6.651,-29.932,30.663
2138,71.267,453.12,428.68,-5.77,-34.78,35.255
2139,71.3,453.22,428.01,-4.331,-39.518,39.755
2140,71.333,453.08,426.61,-2.732,-44.237,44.322
2141,71.367,453.29,423.79,-0.851,-47.938,47.945
2142,71.4,453.9,420.98,0.628,-50.848,50.852
2143,71.433,454.18,418.51,2.488,-53.413,53.471
2144,71.467,454.76,416.41,4.249,-55.152,55.315
2145,71.5,455.39,414.13,6.462,-56.343,56.713
2146,71.533,455.55,412.3,8.488,-56.687,57.319
2147,71.567,455.87,410.01,10.567,-56.622,57.599
2148,71.6,455.84,408.62,12.498,-56.232,57.605
2149,71.633,456.02,406.83,14.076,-56.025,57.766
2150,71.667,455.71,405.98,14.835,-56.45,58.367
2151,71.7,455.6,404.08,14.63,-57.492,59.325
2152,71.733,456.06,402.82,13.326,-58.738,60.23
2153,71.767,455.98,401.41,11.217,-61.332,62.349
2154,71.8,456.76,399.13,8.352,-65.517,66.047
2155,71.833,457.24,397.93,4.795,-70.203,70.367
2156,71.867,458.2,394.95,1.117,-75.39,75.398
2157,71.9,459.55,392.37,-2.116,-79.636,79.664
2158,71.933,459.9,390.17,-5.315,-82.674,82.844
2159,71.967,461.11,387.09,-8.099,-84.075,84.464
2160,72.0,460.75,383.76,-10.674,-83.544,84.223
2161,72.033,459.53,380.32,-12.947,-81.381,82.405
2162,72.067,458.2,376.91,-14.534,-78.074,79.415
2163,72.1,456.37,373.4,-15.8,-72.512,74.214
2164,72.133,454.28,370.93,-16.441,-65.664,67.691
2165,72.167,452.81,368.72,-16.497,-57.326,59.653
2166,72.2,451.98,366.35,-15.966,-47.861,50.453
2167,72.233,451.63,363.94,-14.772,-37.635,40.43
2168,72.267,451.87,363.29,-13.317,-26.99,30.097
2169,72.3,452.27,364.61,-11.026,-17.321,20.533
2170,72.333,453.09,364.34,-8.381,-8.449,11.901
2171,72.367,453.79,365.27,-5.368,-1.108,5.481
2172,72.4,453.42,365.47,-2.344,5.058,5.575
2173,72.433,453.69,366.12,0.471,9.438,9.45
2174,72.467,453.66,366.37,3.203,11.832,12.257
2175,72.5,453.89,365.86,4.878,12.832,13.728
2176,72.533,453.87,366.34,5.909,12.482,13.81
2177,72.567,453.37,367.89,6.571,11.334,13.101
2178,72.6,453.41,367.75,7.276,9.069,11.627
2179,72.633,453.22,368.47,6.895,8.826,11.2
2180,72.667,452.89,368.78,8.136,6.381,10.34
2181,72.7,453.22,367.86,10.303,2.547,10.613
2182,72.733,453.62,367.49,13.801,-2.358,14.001
2183,72.767,454.65,365.84,18.179,-7.557,19.687
2184,72.8,455.35,365.92,23.47,-14.402,27.537
2185,72.833,456.32,365.75,28.399,-22.192,36.041
2186,72.867,457.56,365.02,32.253,-29.307,43.58
2187,72.9,458.96,364.37,35.068,-36.787,50.823
2188,72.933,459.81,364.29,37.207,-43.859,57.515
2189,72.967,460.61,363.83,38.409,-51.068,63.9
2190,73.0,461.78,362.54,38.78,-58.093,69.848
2191,73.033,462.98,361.2,38.33,-64.126,74.709
2192,73.067,464.39,358.7,36.672,-69.567,78.641
2193,73.1,465.09,356.99,34.25,-74.835,82.301
2194,73.133,469.74,347.67,30.91,-79.634,85.423
2195,73.167,470.05,345.43,26.912,-84.295,88.487
2196,73.2,471.53,342.09,21.993,-87.017,89.753
2197,73.233,471.61,339.22,17.42,-89.271,90.955
2198,73.267,471.74,336.19,13.659,-90.969,91.989
2199,73.3,470.29,336.22,10.635,-91.479,92.095
2200,73.333,470.43,334.01,8.568,-92.027,92.425
2201,73.367,471.19,330.04,7.78,-93.643,93.966
2202,73.4,471.51,327.1,8.036,-96.661,96.995
2203,73.433,471.85,323.29,9.038,-100.968,101.372
2204,73.467,471.97,320.26,10.661,-105.885,106.42
2205,73.5,471.94,317.25,12.741,-111.063,111.791
2206,73.533,471.3,313.72,14.8,-115.091,116.039
2207,73.567,471.62,310.38,17.293,-121.373,122.599
2208,73.6,471.89,306.5,18.902,-125.081,126.501
2209,73.633,472.51,303.49,20.573,-129.612,131.235
2210,73.667,473.58,300.42,20.29,-131.061,132.623
2211,73.7,476.87,292.7,19.454,-130.745,132.184
2212,73.733,478.26,288.18,17.086,-126.902,128.047
2213,73.767,479.17,282.63,13.469,-117.938,118.704
2214,73.8,479.83,276.6,9.754,-109.884,110.316
2215,73.833,480.46,270.95,5.875,-98.323,98.498
2216,73.867,479.98,267.55,1.933,-87.384,87.405
2217,73.9,479.12,266.33,-2.18,-78.034,78.065
2218,73.933,477.96,266.36,-7.199,-66.436,66.824
2219,73.967,476.96,265.39,-12.26,-55.744,57.076
2220,74.0,476.07,264.24,-17.236,-45.971,49.096
2221,74.033,475.68,260.32,-22.058,-36.446,42.602
2222,74.067,473.88,264.17,-25.85,-28.464,38.451
2223,74.1,474.47,259.18,-28.61,-22.721,36.535
2224,74.133,474.03,259.74,-29.171,-16.146,33.341
2225,74.167,472.8,262.38,-32.15,-13.865,35.012
2226,74.2,471.64,263.55,-34.433,-15.905,37.929
2227,74.233,471.0,262.17,-35.303,-19.636,40.397
2228,74.267,471.2,255.02,-34.563,-25.731,43.089
2229,74.3,468.84,260.59,-33.718,-31.941,46.445
2230,74.333,468.51,252.4,-31.957,-37.52,49.285
2231,74.367,467.09,251.94,-27.544,-40.828,49.25
2232,74.4,465.07,256.1,-20.557,-42.859,47.534
2233,74.433,465.26,250.63,-11.376,-43.744,45.199
2234,74.467,464.13,251.26,-0.993,-43.688,43.699
2235,74.5,463.3,251.04,9.563,-42.219,43.288
2236,74.533,463.15,248.15,19.722,-39.612,44.25
2237,74.567,462.75,247.21,28.895,-34.68,45.14
2238,74.6,462.18,247.1,37.458,-30.697,48.429
2239,74.633,459.1,238.97,43.948,-23.763,49.961
2240,74.667,467.43,238.95,47.798,-16.578,50.591
2241,74.7,472.02,239.27,47.363,-10.869,48.594
2242,74.733,472.99,240.38,42.963,-6.507,43.453
2243,74.767,474.25,242.29,35.12,-3.317,35.276
2244,74.8,479.28,242.3,24.029,2.563,24.165
2245,74.833,483.45,243.41,11.641,4.336,12.422
2246,74.867,482.89,243.02,-2.479,8.717,9.063
2247,74.9,481.26,244.52,-17.33,12.476,21.354
2248,74.933,478.44,245.39,-31.379,12.268,33.692
2249,74.967,475.9,245.39,-44.902,13.224,46.809
2250,75.0,473.74,244.82,-56.626,12.058,57.896
2251,75.033,471.29,244.67,-65.808,10.137,66.584
2252,75.067,468.01,245.67,-72.519,8.78,73.048
2253,75.1,463.91,245.32,-75.881,6.38,76.149
2254,75.133,458.74,244.95,-75.336,1.592,75.353
2255,75.167,453.81,245.13,-68.862,-0.36,68.863
2256,75.2,453.07,245.44,-61.677,-0.845,61.683
2257,75.233,453.08,244.92,-52.502,6.339,52.883
2258,75.267,452.99,245.45,-42.609,1.3,42.629
2259,75.3,452.68,244.66,-30.901,-2.964,31.043
2260,75.333,452.17,244.84,-20.551,-6.387,21.521
2261,75.367,452.13,244.31,-12.999,-10.685,16.827
2262,75.4,452.73,244.31,-6.821,-13.788,15.383
2263,75.433,452.79,245.46,-2.028,-15.97,16.098
2264,75.467,452.8,245.22,2.565,-9.062,9.418
2265,75.5,452.7,246.64,4.603,-13.435,14.202
2266,75.533,452.17,245.22,5.834,-6.208,8.519
2267,75.567,452.37,242.98,4.568,-8.582,9.723
2268,75.6,452.19,242.03,2.058,-11.132,11.321
2269,75.633,452.27,243.27,-0.601,-11.852,11.867
2270,75.667,452.76,244.15,-2.212,-11.021,11.241
2271,75.7,452.58,241.85,-2.219,-10.102,10.342
2272,75.733,449.94,221.11,-1.702,-7.53,7.72
2273,75.767,452.22,242.94,-1.114,-4.0,4.153
2274,75.8,451.53,241.97,-0.41,-0.773,0.875
2275,75.833,451.47,242.35,0.295,3.182,3.195
2276,75.867,452.07,246.2,1.19,6.631,6.737
2277,75.9,452.21,248.42,2.203,9.376,9.631
2278,75.933,452.4,249.55,2.867,11.6,11.949
2279,75.967,450.23,228.16,4.012,13.267,13.86
2280,76.0,452.64,251.13,4.65,14.68,15.399
2281,76.033,450.8,226.21,4.487,14.014,14.715
2282,76.067,452.54,244.55,3.482,13.142,13.595
2283,76.1,453.16,247.06,1.409,12.036,12.119
2284,76.133,453.03,246.55,-0.998,12.203,12.244
2285,76.167,452.78,246.1,-3.46,11.204,11.726
2286,76.2,453.13,248.15,-6.186,9.766,11.56
2287,76.233,452.78,246.16,-8.685,7.898,11.739
2288,76.267,452.54,245.33,-9.279,16.642,19.054
2289,76.3,452.06,245.6,-10.253,17.05,19.895
2290,76.333,451.94,244.56,-10.396,16.637,19.618
2291,76.367,451.74,244.83,-10.132,15.396,18.431
2292,76.4,451.23,246.54,-9.892,11.39,15.086
2293,76.433,450.74,247.91,-9.423,4.926,10.633
2294,76.467,448.2,247.75,-8.866,-4.399,9.897
2295,76.5,447.1,247.5,-6.914,-5.614,8.907
2296,76.533,446.66,248.88,-6.045,-18.294,19.267
2297,76.567,447.3,248.88,-4.109,-17.611,18.084
2298,76.6,448.56,250.53,-3.058,-23.785,23.98
2299,76.633,449.33,247.84,-2.51,-30.807,30.909
2300,76.667,449.67,246.87,-2.348,-36.87,36.945
2301,76.7,450.11,242.82,-1.758,-40.544,40.582
2302,76.733,450.21,240.94,-2.007,-45.235,45.28
2303,76.767,449.89,240.39,-2.745,-48.316,48.394
2304,76.8,449.47,237.73,-3.183,-48.709,48.813
2305,76.833,448.85,236.97,-3.914,-47.543,47.704
2306,76.867,448.56,235.27,-5.112,-45.214,45.502
2307,76.9,448.36,233.01,-6.524,-40.864,41.382
2308,76.933,447.79,229.54,-7.946,-35.759,36.631
2309,76.967,447.17,226.22,-9.062,-29.887,31.23
2310,77.0,446.48,228.46,-9.333,-23.883,25.641
2311,77.033,446.39,229.76,-8.991,-17.629,19.789
2312,77.067,445.89,228.4,-7.959,-12.153,14.527
2313,77.1,446.07,229.76,-6.624,-7.401,9.932
2314,77.133,446.09,230.59,-5.489,-4.573,7.144
2315,77.167,446.6,230.89,-4.21,-1.621,4.512
2316,77.2,445.38,228.14,-3.153,-0.14,3.157
2317,77.233,445.98,229.75,-2.01,1.781,2.686
2318,77.267,446.78,230.73,-1.172,3.064,3.281
2319,77.3,445.72,228.92,-0.44,2.764,2.798
2320,77.333,445.98,228.05,0.484,3.484,3.517
2321,77.367,446.42,229.96,0.639,2.855,2.926
2322,77.4,446.4,229.34,0.881,3.239,3.356
2323,77.433,446.16,229.18,1.122,4.23,4.376
2324,77.467,444.97,227.97,1.286,5.988,6.125
2325,77.5,445.15,228.84,1.461,8.984,9.102
2326,77.533,445.56,229.54,1.905,11.325,11.484
2327,77.567,445.87,230.09,2.428,13.273,13.493
2328,77.6,446.17,231.0,3.012,15.692,15.979
2329,77.633,446.69,231.59,3.273,17.126,17.436
2330,77.667,446.47,231.18,3.751,18.066,18.452
2331,77.7,447.13,232.19,3.037,16.922,17.192
2332,77.733,446.64,232.63,2.91,16.728,16.979
2333,77.767,446.84,234.0,3.028,16.559,16.834
2334,77.8,446.85,236.5,2.657,15.8,16.022
2335,77.833,446.04,235.67,2.785,15.812,16.055
2336,77.867,447.69,238.11,2.505,15.287,15.491
2337,77.9,447.53,236.2,2.235,14.401,14.573
2338,77.933,447.2,235.09,1.938,13.639,13.776
2339,77.967,447.29,235.63,1.153,12.132,12.187
2340,78.0,447.4,236.97,1.029,12.077,12.12
2341,78.033,447.21,237.3,0.627,12.107,12.123
2342,78.067,446.77,236.91,-0.312,9.523,9.529
2343,78.1,446.79,237.08,-0.856,7.326,7.375
2344,78.133,447.11,237.62,-0.852,5.959,6.02
2345,78.167,446.26,236.83,-1.466,3.112,3.44
2346,78.2,447.97,239.99,-1.268,1.523,1.982
2347,78.233,448.3,241.22,-0.937,-0.548,1.086
2348,78.267,447.52,240.04,0.096,-5.165,5.166
2349,78.3,447.47,239.43,0.205,-9.422,9.424
2350,78.333,447.12,238.39,-0.032,-12.166,12.166
2351,78.367,447.63,240.04,0.29,-12.474,12.477
2352,78.4,446.83,238.36,0.563,-12.153,12.166
2353,78.433,446.12,237.3,1.546,-8.942,9.075
2354,78.467,446.69,238.0,2.938,-3.297,4.416
2355,78.5,446.32,235.38,4.32,3.03,5.277
2356,78.533,447.09,232.99,5.576,8.835,10.447
2357,78.567,448.75,237.3,6.898,15.279,16.764
2358,78.6,448.82,236.6,8.939,21.896,23.65
2359,78.633,448.26,233.86,11.405,27.42,29.697
2360,78.667,449.94,236.53,14.142,32.743,35.666
2361,78.7,449.46,235.27,17.609,37.777,41.68
2362,78.733,449.06,236.66,20.57,40.182,45.141
2363,78.767,448.14,245.53,22.945,40.066,46.171
2364,78.8,450.29,250.04,24.871,39.054,46.301
2365,78.833,452.25,250.6,26.037,36.209,44.598
2366,78.867,453.97,251.6,26.42,33.556,42.709
2367,78.9,454.5,252.2,25.897,29.21,39.037
2368,78.933,454.52,251.18,25.268,23.893,34.775
2369,78.967,455.17,249.73,24.77,17.662,30.422
2370,79.0,456.35,249.57,24.3,9.454,26.075
2371,79.033,457.9,250.43,24.139,1.364,24.177
2372,79.067,459.58,248.78,23.866,-4.961,24.376
2373,79.1,460.29,247.91,22.428,-11.637,25.267
2374,79.133,461.0,249.09,21.458,-17.867,27.922
2375,79.167,461.31,247.63,21.119,-21.721,30.296
2376,79.2,461.55,247.21,19.746,-24.645,31.58
2377,79.233,461.06,247.06,18.431,-24.805,30.903
2378,79.267,461.01,247.48,18.095,-22.73,29.054
2379,79.3,461.63,246.63,19.416,-22.954,30.064
2380,79.333,462.4,247.66,20.493,-24.434,31.89
2381,79.367,463.89,244.93,21.469,-25.644,33.445
2382,79.4,465.09,242.26,22.293,-27.54,35.432
2383,79.433,466.25,240.92,22.847,-29.201,37.077
2384,79.467,467.53,239.64,24.643,-31.924,40.329
2385,79.5,468.0,239.49,26.713,-34.666,43.765
2386,79.533,468.92,239.83,29.163,-38.328,48.161
2387,79.567,469.81,238.74,32.036,-43.254,53.826
2388,79.6,471.97,235.15,35.598,-48.433,60.108
2389,79.633,472.18,234.31,40.152,-53.115,66.583
2390,79.667,472.77,233.51,45.379,-56.886,72.769
2391,79.7,474.82,231.43,52.33,-59.094,78.933
2392,79.733,477.34,230.03,59.954,-59.828,84.699
2393,79.767,478.76,228.2,67.961,-58.641,89.764
2394,79.8,480.09,226.83,77.17,-56.998,95.937
2395,79.833,482.89,224.62,87.792,-54.277,103.215
2396,79.867,485.58,221.53,99.652,-52.327,112.555
2397,79.9,488.51,219.2,112.352,-49.904,122.937
2398,79.933,493.53,214.02,125.168,-46.692,133.593
2399,79.967,496.86,212.76,138.207,-43.437,144.873
2400,80.0,502.54,210.69,151.712,-40.297,156.973
2401,80.033,508.55,210.16,164.713,-37.642,168.959
2402,80.067,514.75,210.04,175.115,-35.97,178.771
2403,80.1,520.29,211.7,181.148,-34.939,184.486
2404,80.133,526.02,212.99,184.8,-34.745,188.038
2405,80.167,532.51,211.58,184.967,-35.074,188.263
2406,80.2,536.87,211.24,183.765,-35.801,187.22
2407,80.233,543.2,210.3,179.66,-36.085,183.248
2408,80.267,551.69,207.33,171.608,-36.209,175.386
2409,80.3,559.02,205.62,162.641,-37.026,166.802
2410,80.333,565.22,202.83,152.741,-37.753,157.338
2411,80.367,571.0,200.71,142.221,-37.873,147.177
2412,80.4,575.68,199.15,131.776,-37.216,136.931
2413,80.433,580.71,197.37,122.767,-36.09,127.962
2414,80.467,583.93,196.19,115.125,-32.819,119.711
2415,80.5,583.86,195.56,109.754,-28.974,113.514
2416,80.533,583.84,194.48,106.557,-24.362,109.307
2417,80.567,586.25,193.16,104.244,-19.27,106.01
2418,80.6,592.84,191.72,101.803,-13.833,102.739
2419,80.633,593.87,194.33,101.218,-9.673,101.679
2420,80.667,599.26,194.97,102.08,-7.543,102.358
2421,80.7,600.72,195.22,104.89,-6.331,105.08
2422,80.733,604.33,194.84,109.743,-6.603,109.942
2423,80.767,611.15,194.07,115.612,-8.22,115.904
2424,80.8,614.32,195.59,120.367,-10.02,120.783
2425,80.833,619.3,195.05,123.891,-12.378,124.507
2426,80.867,624.18,193.6,125.405,-14.478,126.238
2427,80.9,629.61,192.43,123.946,-16.044,124.98
2428,80.933,633.75,191.15,120.331,-17.136,121.545
2429,80.967,636.65,189.94,114.572,-17.73,115.935
2430,81.0,639.89,188.97,106.245,-17.693,107.708
2431,81.033,641.12,188.84,96.37,-17.302,97.911
2432,81.067,644.35,188.17,87.015,-16.474,88.561
2433,81.1,650.11,186.99,77.987,-14.651,79.351
2434,81.133,652.76,186.46,67.71,-11.425,68.667
2435,81.167,655.89,186.73,58.616,-8.8,59.273
2436,81.2,656.17,186.95,48.531,-6.401,48.951
2437,81.233,657.27,187.21,40.25,-4.277,40.476
2438,81.267,657.74,187.47,33.288,-2.339,33.371
2439,81.3,658.6,187.62,26.932,-0.439,26.936
2440,81.333,658.41,187.86,21.961,0.011,21.961
2441,81.367,658.97,188.07,17.181,-0.204,17.183
2442,81.4,660.81,187.66,12.891,-0.48,12.9
2443,81.433,661.11,187.07,7.948,-1.054,8.018
2444,81.467,659.44,187.06,3.53,-1.641,3.893
2445,81.5,659.25,186.59,0.392,-2.071,2.108
2446,81.533,661.54,186.28,-1.277,-2.313,2.643
2447,81.567,661.98,186.57,-1.031,-2.682,2.873
2448,81.6,662.09,186.56,0.281,-2.825,2.839
2449,81.633,661.19,186.49,1.604,-2.713,3.151
2450,81.667,660.84,186.25,2.808,-2.293,3.625
2451,81.7,661.77,186.15,3.19,-1.93,3.729
2452,81.733,661.78,186.01,3.894,-1.445,4.154
2453,81.767,662.05,186.02,4.248,-0.96,4.355
2454,81.8,660.17,186.11,4.597,-0.523,4.626
2455,81.833,659.72,186.44,4.869,-0.094,4.87
2456,81.867,660.45,186.59,5.514,0.111,5.515
2457,81.9,660.72,186.34,6.277,0.062,6.277
2458,81.933,662.84,186.54,6.982,-0.095,6.983
2459,81.967,663.77,186.55,6.432,-0.051,6.432
2460,82.0,664.3,186.45,7.915,-0.147,7.916
2461,82.033,663.76,186.34,8.981,-0.015,8.981
2462,82.067,664.29,186.1,7.881,0.371,7.889
2463,82.1,664.81,185.57,6.337,0.598,6.366
2464,82.133,663.36,185.88,4.756,0.708,4.808
2465,82.167,663.44,186.01,3.292,0.645,3.355
2466,82.2,663.52,186.35,1.816,-0.282,1.838
2467,82.233,663.46,186.33,-0.049,-2.233,2.233
2468,82.267,663.98,186.44,-1.116,-3.754,3.917
2469,82.3,664.41,186.5,-3.035,-5.077,5.915
2470,82.333,664.52,186.41,-3.665,-4.356,5.693
2471,82.367,664.71,186.49,-3.617,-1.865,4.07
2472,82.4,664.74,186.44,-3.114,2.349,3.901
2473,82.433,662.85,186.67,-2.087,7.466,7.752
2474,82.467,664.49,186.58,-1.686,12.377,12.491
2475,82.5,661.16,186.71,-2.062,16.453,16.582
2476,82.533,661.54,186.56,-2.59,19.81,19.979
2477,82.567,663.51,186.24,-2.638,22.166,22.323
2478,82.6,663.66,186.06,-2.881,23.681,23.856
2479,82.633,663.03,185.97,-3.446,24.658,24.898
2480,82.667,663.23,186.07,-3.928,24.522,24.834
2481,82.7,663.77,188.5,-4.051,23.146,23.498
2482,82.733,663.96,192.7,-4.928,20.481,21.066
2483,82.767,661.97,195.21,-4.572,16.915,17.522
2484,82.8,663.02,199.0,-4.932,12.53,13.466
2485,82.833,662.42,198.86,-4.538,7.529,8.791
2486,82.867,662.42,197.77,-5.283,2.327,5.773
2487,82.9,661.84,195.2,-5.895,-2.973,6.602
2488,82.933,661.46,193.11,-5.166,-7.843,9.391
2489,82.967,661.24,191.79,-1.816,-12.434,12.566
2490,83.0,662.14,191.38,1.056,-16.591,16.625
2491,83.033,662.03,190.52,5.779,-20.15,20.962
2492,83.067,661.55,190.04,9.99,-22.799,24.892
2493,83.1,661.32,189.3,14.216,-24.206,28.071
2494,83.133,660.98,188.22,17.72,-23.968,29.807
2495,83.167,662.25,187.48,19.648,-22.183,29.633
2496,83.2,662.06,187.3,20.857,-18.499,27.879
2497,83.233,664.79,187.33,19.112,-14.116,23.76
2498,83.267,663.75,187.27,15.697,-10.517,18.895
2499,83.3,666.29,187.36,12.95,-7.702,15.068
2500,83.333,665.76,187.54,10.611,-6.74,12.571
2501,83.367,669.89,187.49,9.092,-6.636,11.256
2502,83.4,672.13,187.5,8.499,-6.826,10.9
2503,83.433,671.51,186.82,8.314,-6.234,10.392
2504,83.467,669.07,186.34,8.799,-4.737,9.993
2505,83.5,668.4,186.2,9.374,-2.252,9.641
2506,83.533,667.45,185.95,9.877,0.634,9.897
2507,83.567,668.39,185.79,10.337,5.315,11.623
2508,83.6,665.39,185.76,11.297,11.29,15.972
2509,83.633,664.13,185.4,12.627,17.957,21.952
2510,83.667,665.71,185.93,13.974,24.76,28.43
2511,83.7,665.04,186.38,15.697,31.682,35.357
2512,83.733,669.49,187.26,17.44,37.567,41.418
2513,83.767,673.18,188.57,15.454,41.26,44.06
2514,83.8,675.59,190.5,15.484,42.868,45.579
2515,83.833,675.8,192.02,15.759,42.486,45.314
2516,83.867,676.22,194.37,17.704,40.886,44.555
2517,83.9,675.31,196.67,18.933,38.348,42.767
2518,83.933,675.66,198.85,19.169,35.341,40.205
2519,83.967,675.18,201.23,19.251,32.28,37.584
2520,84.0,675.77,203.26,20.003,29.393,35.554
2521,84.033,675.33,205.79,20.193,26.299,33.157
2522,84.067,675.52,205.19,19.748,23.156,30.433
2523,84.1,675.02,203.77,18.052,20.072,26.995
2524,84.133,674.68,202.39,17.704,17.065,24.59
2525,84.167,675.79,201.62,18.755,15.096,24.076
2526,84.2,674.57,199.74,19.249,13.672,23.61
2527,84.233,675.61,199.01,20.399,12.987,24.183
2528,84.267,683.44,200.54,20.515,13.421,24.515
2529,84.3,684.55,202.7,22.177,15.562,27.092
2530,84.333,685.55,205.44,20.403,17.464,26.856
2531,84.367,685.97,207.08,15.88,19.109,24.846
2532,84.4,685.27,208.65,9.825,19.743,22.052
2533,84.433,684.38,209.23,3.355,19.309,19.599
2534,84.467,682.98,209.62,-4.83,17.536,18.189
2535,84.5,681.26,209.33,-13.802,14.039,19.687
2536,84.533,680.48,209.52,-23.903,8.533,25.38
2537,84.567,680.55,209.7,-33.747,1.179,33.768
2538,84.6,680.3,209.92,-42.577,-6.041,43.003
2539,84.633,679.11,210.49,-49.976,-12.22,51.448
2540,84.667,677.13,209.84,-55.097,-17.113,57.693
2541,84.7,676.84,209.68,-57.015,-20.232,60.498
2542,84.733,677.15,209.53,-56.149,-21.102,59.983
2543,84.767,675.79,208.29,-56.619,-20.257,60.134
2544,84.8,665.92,204.52,-53.616,-14.274,55.484
2545,84.833,664.79,203.33,-50.992,-6.526,51.408
2546,84.867,664.83,202.48,-47.427,1.653,47.455
2547,84.9,662.72,202.42,-45.431,9.832,46.483
2548,84.933,659.79,202.49,-43.601,17.477,46.973
2549,84.967,659.12,203.31,-40.193,24.896,47.279
2550,85.0,658.6,204.92,-35.852,31.171,47.508
2551,85.033,659.23,207.95,-29.763,35.769,46.533
2552,85.067,659.53,210.39,-22.646,39.365,45.414
2553,85.1,658.85,212.03,-15.284,42.086,44.776
2554,85.133,659.18,213.45,-10.421,42.416,43.678
2555,85.167,658.94,215.53,-4.592,42.164,42.414
2556,85.2,655.23,217.04,5.694,43.834,44.203
2557,85.233,654.91,220.13,13.891,44.305,46.431
2558,85.267,664.47,225.65,17.912,41.322,45.037
2559,85.3,655.38,221.23,20.301,37.386,42.542
2560,85.333,657.07,220.68,26.523,34.833,43.782
2561,85.367,655.46,220.58,32.023,31.353,44.816
2562,85.4,659.64,220.99,35.892,27.507,45.221
2563,85.433,663.27,221.42,39.654,23.84,46.269
2564,85.467,663.7,221.01,44.221,21.119,49.005
2565,85.5,665.95,222.03,48.203,19.03,51.823
2566,85.533,667.0,225.21,51.603,17.746,54.569
2567,85.567,668.34,226.97,53.902,16.752,56.445
2568,85.6,669.7,228.28,54.515,16.054,56.83
2569,85.633,677.68,233.26,54.493,16.118,56.827
2570,85.667,679.86,234.19,53.543,17.055,56.193
2571,85.7,672.53,228.81,51.25,18.071,54.343
2572,85.733,674.44,227.24,49.851,19.05,53.367
2573,85.767,679.99,230.43,48.292,19.012,51.9
2574,85.8,681.56,230.11,40.467,15.73,43.417
2575,85.833,680.99,227.83,35.677,13.548,38.163
2576,85.867,682.66,229.14,29.873,11.486,32.005
2577,85.9,684.83,230.69,25.605,10.182,27.555
2578,85.933,685.76,231.84,20.735,9.616,22.857
2579,85.967,685.83,232.33,15.446,10.298,18.565
2580,86.0,686.74,233.76,11.103,12.562,16.765
2581,86.033,687.37,234.81,7.073,16.027,17.518
2582,86.067,687.39,235.44,3.873,19.269,19.654
2583,86.1,688.41,236.11,1.82,22.511,22.585
2584,86.133,687.97,236.21,0.889,25.409,25.425
2585,86.167,686.44,235.83,-2.737,25.646,25.792
2586,86.2,685.74,235.94,-7.499,23.762,24.917
2587,86.233,684.66,236.48,-8.085,23.132,24.504
2588,86.267,683.65,236.82,-7.446,23.472,24.625
2589,86.3,683.93,237.55,-7.926,21.755,23.154
2590,86.333,683.93,239.22,-8.569,19.329,21.143
2591,86.367,684.91,241.2,-8.172,17.87,19.65
2592,86.4,685.47,242.31,-7.418,16.37,17.973
2593,86.433,685.65,243.45,-6.83,14.178,15.738
2594,86.467,685.16,243.59,-5.997,11.724,13.168
2595,86.5,684.94,244.08,-4.811,9.348,10.513
2596,86.533,684.54,244.08,-3.649,6.777,7.697
2597,86.567,684.49,243.98,-2.478,4.275,4.941
2598,86.6,683.84,243.49,-1.489,1.626,2.205
2599,86.633,683.47,243.25,-1.669,-1.361,2.154
2600,86.667,682.97,242.26,-2.427,-4.074,4.742
2601,86.7,682.93,242.2,-2.792,-5.943,6.566
2602,86.733,683.23,242.37,-3.094,-7.189,7.826
2603,86.767,682.79,241.02,-3.075,-8.309,8.859
2604,86.8,682.49,240.98,-2.517,-8.633,8.992
2605,86.833,683.01,241.4,-1.867,-8.536,8.738
2606,86.867,683.64,241.52,-1.139,-8.599,8.674
2607,86.9,683.78,240.93,-0.891,-9.118,9.162
2608,86.933,683.86,241.37,-0.953,-9.532,9.579
2609,86.967,683.57,241.31,-1.817,-10.221,10.382
2610,87.0,683.62,241.3,-4.26,-11.678,12.43
2611,87.033,683.29,240.86,-6.227,-13.498,14.865
2612,87.067,682.4,239.73,-7.695,-15.14,16.984
2613,87.1,681.93,239.17,-8.77,-15.984,18.232
2614,87.133,682.1,239.0,-8.722,-18.064,20.06
2615,87.167,682.26,238.26,-8.485,-19.591,21.349
2616,87.2,681.69,236.96,-8.207,-19.894,21.521
2617,87.233,681.22,235.86,-8.331,-19.166,20.898
2618,87.267,680.84,235.73,-8.721,-17.945,19.952
2619,87.3,680.4,234.69,-9.533,-15.487,18.186
2620,87.333,679.71,234.28,-10.215,-12.323,16.006
2621,87.367,679.22,234.2,-11.102,-8.801,14.167
2622,87.4,678.62,234.13,-12.248,-4.996,13.228
2623,87.433,677.45,233.17,-13.59,-0.799,13.613
2624,87.467,677.4,232.38,-14.923,3.017,15.225
2625,87.5,680.65,233.74,-15.745,6.235,16.935
2626,87.533,680.17,234.39,-16.266,8.623,18.411
2627,87.567,679.61,234.46,-16.409,10.371,19.411
2628,87.6,678.62,232.91,-15.948,11.721,19.792
2629,87.633,676.02,236.68,-14.745,12.559,19.369
2630,87.667,674.57,237.53,-13.241,12.629,18.298
2631,87.7,673.53,237.97,-11.916,12.554,17.308
2632,87.733,673.2,237.83,-9.68,13.209,16.376
2633,87.767,672.31,238.2,-7.319,13.746,15.573
2634,87.8,672.86,238.57,-5.244,13.987,14.938
2635,87.833,672.83,238.85,-3.886,14.904,15.403
2636,87.867,672.98,238.94,-3.535,15.612,16.007
2637,87.9,673.16,238.87,-5.195,14.738,15.627
2638,87.933,673.8,238.87,-6.642,15.149,16.541
2639,87.967,674.31,239.05,-7.898,17.099,18.835
2640,88.0,674.16,239.76,-9.27,20.474,22.475
2641,88.033,673.93,240.77,-12.795,23.58,26.828
2642,88.067,673.71,241.7,-16.622,26.095,30.94
2643,88.1,673.63,243.08,-20.875,28.57,35.384
2644,88.133,672.8,244.51,-25.235,31.937,40.704
2645,88.167,671.76,246.29,-28.618,33.711,44.22
2646,88.2,671.16,247.42,-31.046,34.641,46.517
2647,88.233,668.14,247.12,-32.484,34.35,47.277
2648,88.267,665.66,248.6,-33.342,33.648,47.369
2649,88.3,663.21,249.8,-33.392,32.62,46.681
2650,88.333,661.32,249.81,-32.925,31.146,45.322
2651,88.367,660.4,251.25,-31.495,29.366,43.062
2652,88.4,662.61,256.48,-28.761,28.345,40.381
2653,88.433,661.13,256.25,-25.386,26.409,36.632
2654,88.467,660.67,255.73,-21.637,23.654,32.058
2655,88.5,660.32,254.95,-18.241,20.319,27.305
2656,88.533,660.43,255.02,-15.397,16.756,22.756
2657,88.567,659.59,256.02,-13.054,13.079,18.479
2658,88.6,659.04,256.42,-11.681,9.754,15.218
2659,88.633,658.35,257.01,-11.992,6.923,13.847
2660,88.667,657.64,257.1,-13.283,3.288,13.684
2661,88.7,656.63,257.34,-16.003,-0.3,16.006
2662,88.733,655.58,258.74,-20.583,-3.95,20.959
2663,88.767,655.03,259.33,-25.804,-6.295,26.561
2664,88.8,655.17,259.18,-31.678,-8.059,32.687
2665,88.833,654.87,259.05,-38.568,-7.702,39.329
2666,88.867,654.04,258.49,-45.218,-5.065,45.5
2667,88.9,651.72,255.06,-51.446,-0.311,51.447
2668,88.933,649.89,254.99,-59.449,3.992,59.583
2669,88.967,647.06,255.51,-67.494,9.106,68.105
2670,89.0,644.6,256.48,-75.99,15.917,77.639
2671,89.033,642.25,257.13,-85.467,24.429,88.89
2672,89.067,638.96,257.94,-95.448,33.276,101.082
2673,89.1,635.59,258.37,-105.171,41.946,113.227
2674,89.133,632.64,258.24,-115.552,50.43,126.077
2675,89.167,627.97,261.44,-125.72,57.44,138.221
2676,89.2,623.5,263.36,-135.844,63.748,150.058
2677,89.233,618.66,266.94,-145.546,69.708,161.377
2678,89.267,613.38,270.54,-154.926,75.264,172.241
2679,89.3,608.01,275.33,-163.95,80.02,182.436
2680,89.333,604.4,277.59,-172.633,84.514,192.211
2681,89.367,598.68,280.92,-180.188,87.177,200.168
2682,89.4,591.68,283.19,-187.706,89.737,208.054
2683,89.433,585.29,285.23,-194.518,93.419,215.787
2684,89.467,578.3,288.62,-200.617,97.022,222.846
2685,89.5,571.22,290.19,-205.647,100.116,228.722
2686,89.533,565.38,291.44,-209.384,102.214,233.001
2687,89.567,558.2,294.46,-210.769,102.549,234.392
2688,89.6,550.09,297.31,-208.808,101.197,232.038
2689,89.633,543.92,300.25,-203.869,98.775,226.537
2690,89.667,536.5,305.92,-196.317,95.885,218.481
2691,89.7,529.81,311.13,-186.69,92.033,208.142
2692,89.733,523.24,315.73,-174.799,87.275,195.375
2693,89.767,517.85,318.49,-160.717,81.672,180.278
2694,89.8,512.94,321.63,-145.683,75.849,164.246
2695,89.833,507.9,323.23,-129.283,68.449,146.285
2696,89.867,501.35,327.64,-112.69,60.428,127.869
2697,89.9,497.57,328.34,-95.876,51.332,108.753
2698,89.933,494.94,329.14,-78.866,41.983,89.344
2699,89.967,493.15,329.11,-62.786,33.051,70.954
2700,90.0,493.24,328.48,-47.373,24.056,53.131
2701,90.033,494.4,327.43,-33.737,16.024,37.349
2702,90.067,494.24,327.96,-22.876,9.973,24.955
2703,90.1,492.92,328.6,-13.89,5.215,14.837
2704,90.133,492.07,329.07,-5.675,1.613,5.9
2705,90.167,490.6,330.31,-0.99,0.508,1.112
2706,90.2,491.37,330.11,1.886,-0.378,1.923
2707,90.233,491.21,331.62,3.26,-1.142,3.454
2708,90.267,490.58,332.03,3.604,-2.168,4.206
2709,90.3,492.43,330.73,4.847,-2.621,5.51
2710,90.333,493.04,330.23,2.858,-3.451,4.481
2711,90.367,492.59,330.07,-0.301,-4.593,4.603
2712,90.4,491.99,330.17,-3.386,-7.612,8.331
2713,90.433,491.21,330.05,-6.589,-11.448,13.209
2714,90.467,491.01,329.4,-10.034,-15.764,18.687
2715,90.5,489.57,328.72,-13.357,-20.726,24.657
2716,90.533,489.74,328.25,-16.948,-25.191,30.362
2717,90.567,490.24,327.01,-20.671,-28.446,35.163
2718,90.6,489.59,326.17,-24.35,-30.645,39.142
2719,90.633,487.02,326.57,-26.965,-32.137,41.952
2720,90.667,488.49,324.46,-29.762,-32.349,43.957
2721,90.7,488.47,323.77,-31.037,-31.632,44.315
2722,90.733,487.84,322.54,-31.315,-29.829,43.248
2723,90.767,486.79,321.37,-29.926,-28.162,41.093
2724,90.8,479.71,319.1,-25.966,-26.592,37.167
2725,90.833,480.83,317.42,-21.76,-24.432,32.717
2726,90.867,479.43,316.69,-17.181,-22.101,27.993
2727,90.9,478.98,315.68,-11.81,-19.886,23.129
2728,90.933,478.57,315.5,-4.588,-17.974,18.55
2729,90.967,479.19,314.71,2.306,-16.004,16.17
2730,91.0,480.03,315.65,8.41,-15.106,17.289
2731,91.033,481.02,315.84,14.489,-14.761,20.684
2732,91.067,480.68,316.03,19.276,-15.029,24.442
2733,91.1,481.09,315.57,22.572,-16.262,27.819
2734,91.133,480.91,315.86,23.806,-17.81,29.731
2735,91.167,484.14,315.02,24.37,-20.905,32.107
2736,91.2,486.1,313.36,22.927,-24.616,33.639
2737,91.233,487.63,312.02,18.228,-29.438,34.625
2738,91.267,488.61,310.77,11.902,-34.231,36.241
2739,91.3,487.78,309.55,3.899,-38.456,38.653
2740,91.333,488.36,308.31,-2.283,-40.736,40.799
2741,91.367,488.77,307.18,-9.279,-40.961,41.999
2742,91.4,488.49,306.09,-16.034,-39.35,42.492
2743,91.433,484.51,304.67,-22.138,-36.008,42.269
2744,91.467,483.94,301.79,-27.232,-31.658,41.759
2745,91.5,483.27,301.39,-31.235,-26.489,40.955
2746,91.533,481.72,300.02,-33.515,-21.741,39.949
2747,91.567,480.71,298.28,-34.899,-17.442,39.015
2748,91.6,478.7,298.25,-33.954,-13.66,36.598
2749,91.633,478.42,296.81,-30.374,-10.124,32.016
2750,91.667,477.7,296.58,-24.09,-7.52,25.236
2751,91.7,475.39,297.62,-17.549,-5.697,18.45
2752,91.733,476.74,299.72,-11.047,-4.072,11.773
2753,91.767,475.53,301.1,-4.779,-2.593,5.437
2754,91.8,474.9,302.05,0.994,-1.446,1.755
2755,91.833,475.23,301.79,6.397,-1.037,6.48
2756,91.867,475.06,301.05,10.312,-1.109,10.371
2757,91.9,476.13,299.57,11.451,-2.046,11.632
2758,91.933,476.95,298.07,12.196,-3.733,12.754
2759,91.967,478.33,296.74,12.837,-5.8,14.086
2760,92.0,479.58,296.13,12.063,-7.183,14.04
2761,92.033,479.54,296.12,9.779,-8.935,13.247
2762,92.067,481.26,296.51,7.075,-10.28,12.479
2763,92.1,481.75,296.71,3.108,-11.03,11.459
2764,92.133,480.68,296.58,-1.718,-11.832,11.956
2765,92.167,479.49,296.55,-6.976,-11.601,13.537
2766,92.2,478.89,296.85,-13.514,-11.025,17.44
2767,92.233,478.53,296.66,-19.89,-10.726,22.598
2768,92.267,477.53,295.88,-26.234,-11.134,28.499
2769,92.3,475.98,295.03,-31.14,-12.312,33.485
2770,92.333,474.94,294.82,-34.529,-14.137,37.311
2771,92.367,474.12,294.01,-35.478,-16.12,38.969
2772,92.4,475.77,293.86,-35.584,-18.283,40.006
2773,92.433,472.05,293.52,-33.219,-19.399,38.469
2774,92.467,470.98,292.83,-30.495,-19.841,36.382
2775,92.5,469.85,291.91,-28.455,-19.134,34.29
2776,92.533,468.91,291.17,-25.034,-17.015,30.269
2777,92.567,466.46,289.88,-20.653,-14.083,24.997
2778,92.6,465.4,289.13,-16.009,-10.773,19.296
2779,92.633,465.54,288.58,-11.663,-7.13,13.67
2780,92.667,463.88,287.66,-7.266,-3.353,8.002
2781,92.7,465.29,287.77,-3.533,-0.138,3.535
2782,92.733,467.57,288.49,0.16,2.778,2.783
2783,92.767,467.84,288.87,2.944,5.192,5.968
2784,92.8,468.21,289.62,4.786,7.231,8.671
2785,92.833,468.93,290.12,6.681,8.777,11.031
2786,92.867,466.79,290.55,8.059,9.268,12.282
2787,92.9,468.8,291.76,8.942,9.871,13.319
2788,92.933,465.98,291.46,7.178,9.005,11.516
2789,92.967,467.22,292.49,8.293,8.573,11.928
2790,93.0,470.82,293.09,9.013,7.573,11.772
2791,93.033,469.9,292.58,10.162,6.714,12.18
2792,93.067,470.25,292.4,10.523,5.638,11.938
2793,93.1,469.1,292.25,12.473,4.926,13.41
2794,93.133,468.76,291.73,14.526,4.471,15.198
2795,93.167,468.53,291.36,16.489,4.005,16.969
2796,93.2,470.12,292.18,19.817,4.139,20.244
2797,93.233,469.85,291.75,23.554,4.625,24.003
2798,93.267,470.78,291.61,25.312,4.12,25.645
2799,93.3,472.63,291.6,26.036,2.808,26.187
2800,93.333,473.27,292.03,25.353,0.712,25.363
2801,93.367,474.92,293.31,23.933,-1.505,23.981
2802,93.4,476.66,292.75,23.245,-3.782,23.55
2803,93.433,480.58,295.14,20.745,-6.958,21.881
2804,93.467,477.76,293.55,19.805,-9.817,22.105
2805,93.5,478.95,293.97,18.748,-12.703,22.646
2806,93.533,478.32,293.08,15.298,-16.294,22.35
2807,93.567,480.18,292.62,11.687,-19.043,22.343
2808,93.6,478.94,291.56,7.796,-20.706,22.126
2809,93.633,479.88,290.21,4.511,-21.206,21.68
2810,93.667,480.36,289.26,2.691,-19.855,20.036
2811,93.7,479.8,287.57,1.573,-17.887,17.956
2812,93.733,477.56,285.2,0.649,-15.519,15.533
2813,93.767,478.3,284.99,0.782,-12.566,12.59
2814,93.8,478.77,285.28,1.837,-8.637,8.83
2815,93.833,480.26,285.77,3.26,-4.204,5.32
2816,93.867,479.96,285.46,5.261,-0.052,5.262
2817,93.9,479.64,285.28,7.465,3.055,8.066
2818,93.933,480.93,286.38,9.732,6.087,11.479
2819,93.967,480.52,286.93,10.405,7.346,12.736
2820,94.0,480.06,287.08,12.155,8.519,14.844
2821,94.033,481.29,289.36,13.353,8.274,15.709
2822,94.067,482.32,290.14,14.662,7.351,16.402
2823,94.1,483.01,290.25,15.069,5.332,15.985
2824,94.133,484.04,290.01,15.587,2.44,15.777
2825,94.167,483.01,288.16,15.615,-0.668,15.629
2826,94.2,483.91,288.53,15.358,-4.645,16.045
2827,94.233,484.4,287.98,14.859,-8.312,17.026
2828,94.267,485.24,287.97,15.732,-10.674,19.011
2829,94.3,485.59,286.61,16.274,-12.275,20.384
2830,94.333,485.92,285.57,16.247,-14.026,21.464
2831,94.367,486.89,285.41,15.027,-15.612,21.669
2832,94.4,487.56,285.6,14.455,-15.684,21.329
2833,94.433,487.77,285.28,14.417,-15.175,20.932
2834,94.467,487.7,284.77,14.55,-14.607,20.617
2835,94.5,488.32,283.89,15.165,-14.925,21.278
2836,94.533,488.81,283.64,16.152,-16.141,22.835
2837,94.567,489.71,282.8,16.601,-18.828,25.101
2838,94.6,489.99,282.27,16.821,-22.402,28.014
2839,94.633,491.13,281.95,16.358,-27.414,31.923
2840,94.667,491.52,280.78,14.999,-33.274,36.498
2841,94.7,491.32,281.03,14.065,-37.311,39.874
2842,94.733,491.9,280.28,12.764,-39.285,41.307
2843,94.767,491.29,278.96,10.374,-39.803,41.133
2844,94.8,491.65,277.04,7.236,-39.058,39.723
2845,94.833,492.96,276.63,3.619,-37.178,37.354
2846,94.867,494.85,275.47,-0.321,-33.862,33.864
2847,94.9,494.64,271.73,-4.56,-29.857,30.203
2848,94.933,494.72,269.35,-8.892,-25.36,26.874
2849,94.967,493.4,266.29,-13.048,-20.363,24.185
2850,95.0,492.42,265.53,-16.334,-13.716,21.329
2851,95.033,491.81,266.05,-19.325,-6.582,20.415
2852,95.067,491.38,266.07,-21.745,-0.557,21.753
2853,95.1,489.87,266.26,-23.892,2.999,24.079
2854,95.133,489.18,269.21,-25.049,5.83,25.718
2855,95.167,488.29,273.06,-25.912,8.672,27.325
2856,95.2,486.68,274.42,-26.214,11.533,28.639
2857,95.233,484.75,272.96,-25.471,13.27,28.72
2858,95.267,484.81,272.88,-24.323,14.128,28.128
2859,95.3,484.21,272.11,-21.789,14.25,26.035
2860,95.333,483.88,272.8,-18.399,13.794,22.996
2861,95.367,483.81,272.79,-15.073,11.66,19.057
2862,95.4,483.43,273.43,-12.575,8.371,15.106
2863,95.433,483.05,273.73,-10.263,5.254,11.53
2864,95.467,482.94,273.98,-8.473,2.125,8.735
2865,95.5,482.06,270.71,-6.787,0.498,6.805
2866,95.533,482.03,268.71,-5.146,-0.396,5.162
2867,95.567,481.86,268.82,-3.783,-0.927,3.895
2868,95.6,482.14,273.36,-3.179,-1.184,3.392
2869,95.633,481.64,275.12,-2.727,-0.185,2.734
2870,95.667,481.65,274.75,-2.652,-0.119,2.655
2871,95.7,481.73,274.48,-2.877,-1.644,3.313
2872,95.733,481.5,274.46,-3.058,-3.364,4.546
2873,95.767,481.91,274.03,-2.598,-5.042,5.672
2874,95.8,481.47,273.24,-2.388,-6.298,6.735
2875,95.833,481.06,272.44,-2.261,-6.98,7.337
2876,95.867,481.07,272.26,-2.239,-7.586,7.91
2877,95.9,481.08,271.41,-2.341,-8.41,8.73
2878,95.933,481.01,270.98,-2.447,-9.409,9.722
2879,95.967,480.85,271.06,-2.448,-10.644,10.922
2880,96.0,481.01,270.07,-2.822,-12.82,13.127
2881,96.033,480.74,269.52,-2.933,-12.598,12.935
2882,96.067,480.35,268.95,-2.877,-10.327,10.72
2883,96.1,480.54,269.73,-2.647,-6.042,6.597
2884,96.133,480.63,268.94,-2.717,-3.795,4.667
2885,96.167,480.49,269.93,-2.509,-2.326,3.422
2886,96.2,480.28,270.49,-2.359,-1.558,2.827
2887,96.233,480.32,269.18,-2.282,-1.351,2.652
2888,96.267,480.03,270.18,-2.325,-2.02,3.08
2889,96.3,479.84,269.53,-2.522,-3.251,4.114
2890,96.333,479.95,269.34,-2.438,-3.625,4.369
2891,96.367,480.05,268.68,-2.151,-2.663,3.423
2892,96.4,479.9,269.26,-2.074,-1.3,2.448
2893,96.433,479.76,269.12,-1.842,2.033,2.743
2894,96.467,479.35,269.16,-1.516,5.583,5.785
2895,96.5,479.75,271.01,-1.095,8.877,8.944
2896,96.533,479.94,270.24,-0.946,12.086,12.123
2897,96.567,479.63,270.13,-0.657,15.178,15.192
2898,96.6,479.34,268.19,-0.44,18.093,18.098
2899,96.633,479.54,269.2,-0.14,20.133,20.133
2900,96.667,479.31,268.91,-0.117,22.227,22.228
2901,96.7,479.37,270.3,-0.169,23.411,23.411
2902,96.733,479.34,271.84,-0.247,23.811,23.812
2903,96.767,479.85,274.46,-0.482,23.922,23.927
2904,96.8,479.81,277.74,-0.447,22.006,22.011
2905,96.833,479.51,278.98,-0.361,19.25,19.253
2906,96.867,479.41,279.0,-0.378,15.176,15.181
2907,96.9,479.93,280.01,-0.485,10.683,10.694
2908,96.933,479.68,277.43,-0.551,5.759,5.786
2909,96.967,479.46,277.09,-0.629,0.946,1.136
2910,97.0,479.24,276.67,-0.469,-3.603,3.633
2911,97.033,479.42,276.73,-0.189,-7.561,7.563
2912,97.067,479.1,276.49,-0.268,-12.206,12.209
2913,97.1,479.51,276.43,-0.05,-15.443,15.443
2914,97.133,479.03,276.29,0.166,-17.163,17.164
2915,97.167,479.24,275.48,0.069,-19.472,19.472
2916,97.2,479.32,274.46,0.135,-19.662,19.663
2917,97.233,479.46,272.6,0.216,-18.45,18.451
2918,97.267,479.7,271.19,0.282,-16.219,16.221
2919,97.3,479.37,271.31,0.203,-13.033,13.034
2920,97.333,479.42,270.89,-0.035,-11.321,11.321
2921,97.367,479.52,271.83,-0.303,-10.176,10.181
2922,97.4,479.56,272.43,-0.32,-8.941,8.947
2923,97.433,479.54,272.51,-0.531,-8.555,8.571
2924,97.467,479.71,272.52,-0.568,-7.124,7.147
2925,97.5,479.78,272.52,-0.511,-5.434,5.458
2926,97.533,479.13,269.22,-0.471,-3.918,3.946
2927,97.567,479.46,271.17,-0.558,-2.593,2.652
2928,97.6,478.85,268.73,-0.446,-1.398,1.467
2929,97.633,478.9,268.44,-0.467,-0.528,0.704
2930,97.667,479.28,271.39,-0.189,0.171,0.255
2931,97.7,479.19,271.1,0.087,0.097,0.13
2932,97.733,479.17,270.85,0.352,-0.209,0.409
2933,97.767,479.35,271.02,0.614,-0.147,0.631
2934,97.8,479.15,269.17,0.638,0.686,0.937
2935,97.833,479.42,270.33,0.925,1.371,1.654
2936,97.867,479.91,270.85,1.234,2.171,2.497
2937,97.9,479.75,270.72,1.665,1.974,2.583
2938,97.933,479.7,270.98,2.117,0.926,2.311
2939,97.967,479.44,270.89,2.359,-0.812,2.495
2940,98.0,479.31,270.48,2.356,-2.851,3.698
2941,98.033,479.55,271.03,2.167,-4.821,5.285
2942,98.067,479.74,271.04,2.293,-4.782,5.303
2943,98.1,479.82,270.89,2.168,-5.802,6.194
2944,98.133,479.86,270.58,2.303,-5.389,5.861
2945,98.167,479.89,269.33,2.407,-3.803,4.501
2946,98.2,479.93,269.77,1.896,-4.591,4.967
2947,98.233,480.09,269.56,1.286,-5.05,5.211
2948,98.267,480.13,269.4,0.665,-4.946,4.991
2949,98.3,480.52,268.46,-0.211,-5.086,5.091
2950,98.333,480.45,268.01,-0.991,-4.024,4.145
2951,98.367,480.52,267.56,-2.012,-3.776,4.279
2952,98.4,480.16,268.18,-3.321,-3.248,4.645
2953,98.433,479.8,268.81,-4.667,-2.567,5.326
2954,98.467,479.93,269.82,-5.998,-1.574,6.201
2955,98.5,479.92,270.25,-7.123,-0.262,7.128
2956,98.533,479.76,269.65,-7.873,1.337,7.986
2957,98.567,479.24,268.56,-8.286,2.555,8.671
2958,98.6,478.84,268.9,-8.561,3.577,9.278
2959,98.633,478.23,268.56,-8.411,4.536,9.556
2960,98.667,477.59,267.03,-7.915,5.241,9.493
2961,98.7,477.85,269.53,-7.143,6.177,9.444
2962,98.733,477.61,269.5,-6.206,6.415,8.926
2963,98.767,477.18,268.79,-5.027,6.38,8.123
2964,98.8,477.1,269.27,-3.876,5.723,6.912
2965,98.833,476.78,269.2,-2.946,5.428,6.176
2966,98.867,476.85,270.96,-1.911,5.103,5.449
2967,98.9,476.78,270.92,-0.825,5.353,5.416
2968,98.933,476.93,271.64,0.073,5.286,5.286
2969,98.967,477.12,271.48,0.879,5.046,5.122
2970,99.0,477.43,271.23,1.336,3.5,3.747
2971,99.033,477.54,271.15,1.403,1.203,1.848
2972,99.067,477.4,271.29,1.19,-1.311,1.771
2973,99.1,477.7,271.19,0.809,-3.622,3.711
2974,99.133,477.47,270.57,0.169,-6.485,6.488
2975,99.167,477.31,270.19,-0.51,-8.898,8.912
2976,99.2,477.22,269.83,-0.852,-9.174,9.214
2977,99.233,477.3,269.82,-1.624,-11.769,11.88
2978,99.267,476.97,269.39,-2.233,-13.543,13.726
2979,99.3,477.18,269.74,-2.723,-14.036,14.297
2980,99.333,477.37,269.02,-3.313,-15.14,15.499
2981,99.367,477.1,268.95,-3.579,-14.95,15.372
2982,99.4,476.41,267.71,-3.726,-14.725,15.189
2983,99.433,476.47,267.11,-3.706,-13.518,14.017
2984,99.467,476.4,265.73,-3.545,-11.964,12.478
2985,99.5,476.32,266.03,-3.24,-10.14,10.645
2986,99.533,476.31,265.65,-2.736,-7.212,7.713
2987,99.567,476.09,265.29,-2.192,-3.765,4.357
2988,99.6,475.97,265.17,-1.512,-0.612,1.631
2989,99.633,476.07,265.91,-1.118,3.043,3.242
2990,99.667,476.17,265.64,-0.69,6.186,6.224
2991,99.7,475.72,263.19,-0.399,9.738,9.746
2992,99.733,476.07,266.52,-0.176,12.069,12.07
2993,99.767,475.66,266.14,-0.248,13.402,13.405
2994,99.8,475.62,265.54,-0.607,13.191,13.205
2995,99.833,475.95,268.58,-1.321,12.432,12.502
2996,99.867,475.83,268.87,-2.397,11.141,11.396
2997,99.9,475.85,269.69,-3.591,8.923,9.619
2998,99.933,475.98,269.83,-4.571,6.957,8.324
2999,99.967,476.03,270.09,-5.917,3.758,7.01
3000,100.0,475.95,271.16,-7.464,0.832,7.51
3001,100.033,475.35,270.19,-9.129,-2.383,9.435
3002,100.067,474.93,269.51,-10.892,-5.442,12.176
3003,100.1,474.35,269.81,-12.631,-8.195,15.057
3004,100.133,474.01,267.88,-14.138,-10.06,17.351
3005,100.167,473.34,268.05,-15.227,-10.747,18.637
3006,100.2,472.87,265.49,-16.183,-10.786,19.448
3007,100.233,472.1,265.95,-16.777,-8.817,18.952
3008,100.267,471.45,265.71,-17.207,-7.697,18.85
3009,100.3,471.29,267.5,-16.752,-5.461,17.62
3010,100.333,470.8,266.53,-15.837,-2.494,16.032
3011,100.367,470.21,266.23,-14.894,-0.921,14.922
3012,100.4,469.46,266.16,-13.892,0.287,13.895
3013,100.433,468.52,264.7,-13.015,0.268,13.018
3014,100.467,468.25,266.34,-11.734,0.791,11.761
3015,100.5,467.95,266.74,-10.506,1.153,10.569
3016,100.533,467.7,267.27,-9.547,0.942,9.593
3017,100.567,467.56,267.98,-8.708,0.254,8.712
3018,100.6,467.7,269.05,-8.073,-0.293,8.078
3019,100.633,467.64,269.11,-7.295,-1.437,7.435
3020,100.667,466.99,267.11,-6.453,-1.923,6.733
3021,100.7,466.88,266.62,-5.766,-2.768,6.396
3022,100.733,467.1,266.22,-5.333,-2.521,5.899
3023,100.767,467.12,266.05,-4.977,-2.839,5.73
3024,100.8,466.25,264.62,-4.48,-2.527,5.144
3025,100.833,465.72,264.41,-3.794,-1.286,4.006
3026,100.867,465.57,264.83,-3.276,-0.199,3.282
3027,100.9,465.78,265.42,-2.522,1.974,3.202
3028,100.933,466.43,267.75,-1.852,3.02,3.542
3029,100.967,465.61,267.02,-0.743,5.154,5.208
3030,101.0,465.36,267.16,0.379,7.051,7.062
3031,101.033,465.44,266.66,1.593,9.654,9.784
3032,101.067,465.74,267.8,2.758,11.563,11.888
3033,101.1,466.22,267.68,3.589,13.371,13.845
3034,101.133,466.14,267.94,4.142,13.731,14.342
3035,101.167,465.78,267.94,4.406,13.907,14.588
3036,101.2,466.14,268.26,5.051,12.869,13.825
3037,101.233,466.67,268.92,5.878,11.349,12.781
3038,101.267,467.41,271.2,6.72,9.058,11.278
3039,101.3,467.81,272.18,7.346,7.994,10.856
3040,101.333,467.45,269.33,8.38,7.231,11.068
3041,101.367,467.95,270.72,9.59,6.227,11.434
3042,101.4,467.66,268.83,10.564,5.833,12.067
3043,101.433,468.26,271.6,11.171,5.694,12.539
3044,101.467,468.19,272.19,11.121,4.469,11.985
3045,101.5,468.43,272.47,10.784,3.647,11.384
3046,101.533,468.5,270.99,9.549,3.543,10.185
3047,101.567,468.82,271.73,7.826,2.132,8.111
3048,101.6,469.82,270.4,5.062,1.945,5.423
3049,101.633,470.56,270.62,4.583,-0.632,4.627
3050,101.667,471.61,268.16,5.655,-5.308,7.756
3051,101.7,471.96,270.26,7.693,-11.121,13.522
3052,101.733,472.15,270.54,9.809,-18.176,20.654
3053,101.767,471.97,272.03,11.684,-26.093,28.59
3054,101.8,472.04,268.79,13.496,-35.752,38.214
3055,101.833,471.52,268.5,14.392,-45.586,47.803
3056,101.867,471.07,269.0,15.256,-53.749,55.873
3057,101.9,471.12,267.14,15.268,-61.613,63.476
3058,101.933,471.05,265.2,14.993,-66.877,68.537
3059,101.967,470.89,263.25,13.004,-68.988,70.203
3060,102.0,471.57,260.26,11.564,-71.158,72.091
3061,102.033,474.08,254.66,10.631,-73.523,74.287
3062,102.067,476.6,253.65,9.513,-73.306,73.92
3063,102.1,481.54,244.42,8.364,-72.176,72.659
3064,102.133,479.25,242.92,7.104,-69.526,69.888
3065,102.167,477.47,241.75,5.378,-65.656,65.876
3066,102.2,476.37,239.96,3.176,-59.439,59.524
3067,102.233,475.99,239.32,0.481,-52.061,52.063
3068,102.267,475.76,238.82,-3.747,-41.799,41.967
3069,102.3,474.27,239.46,-7.172,-33.18,33.947
3070,102.333,474.43,238.44,-9.353,-26.169,27.79
3071,102.367,473.49,238.78,-11.07,-19.701,22.598
3072,102.4,473.39,239.41,-12.279,-14.516,19.013
3073,102.433,473.06,239.62,-12.911,-9.954,16.303
3074,102.467,475.71,232.87,-12.427,-7.139,14.331
3075,102.5,474.79,233.35,-10.813,-5.604,12.179
3076,102.533,473.28,235.4,-8.246,-5.633,9.987
3077,102.567,473.32,234.11,-5.711,-5.311,7.799
3078,102.6,473.09,234.08,-4.021,-6.629,7.753
3079,102.633,472.16,235.21,-5.077,-5.188,7.26
3080,102.667,471.96,235.86,-5.862,-3.727,6.946
3081,102.7,471.21,237.46,-6.353,-2.157,6.71
3082,102.733,470.98,236.59,-6.996,-0.044,6.996
3083,102.767,474.05,230.72,-7.742,1.83,7.955
3084,102.8,473.38,230.32,-8.319,3.521,9.033
3085,102.833,470.97,235.16,-8.747,5.043,10.097
3086,102.867,470.59,235.83,-9.344,7.08,11.723
3087,102.9,470.67,235.81,-8.658,8.088,11.848
3088,102.933,470.74,235.22,-6.975,8.196,10.762
3089,102.967,470.19,236.43,-4.585,7.574,8.853
3090,103.0,470.16,236.03,-3.546,10.316,10.908
3091,103.033,469.99,236.84,-2.011,13.054,13.208
3092,103.067,469.59,236.96,0.129,14.623,14.624
3093,103.1,469.84,236.92,2.575,16.408,16.609
3094,103.133,469.79,237.31,4.89,17.876,18.533
3095,103.167,469.54,237.88,7.103,18.492,19.809
3096,103.2,469.38,238.2,8.842,18.375,20.392
3097,103.233,470.2,238.55,10.46,16.805,19.794
3098,103.267,470.71,239.94,11.567,14.703,18.708
3099,103.3,470.54,241.55,10.409,15.257,18.47
3100,103.333,472.29,241.78,8.546,16.9,18.938
3101,103.367,473.99,241.68,7.267,16.72,18.231
3102,103.4,473.99,243.39,5.806,15.981,17.003
3103,103.433,473.56,244.2,4.48,14.529,15.204
3104,103.467,473.67,244.23,2.894,13.804,14.104
3105,103.5,474.43,243.36,1.345,12.915,12.985
3106,103.533,474.0,243.46,-0.046,12.231,12.232
3107,103.567,473.98,243.72,-0.646,11.234,11.252
3108,103.6,472.74,244.15,0.682,9.618,9.642
3109,103.633,472.01,244.88,2.536,8.27,8.65
3110,103.667,471.83,245.47,5.166,7.026,8.721
3111,103.7,471.88,245.81,8.733,5.762,10.463
3112,103.733,471.99,245.95,12.294,5.212,13.353
3113,103.767,472.89,246.22,14.801,6.321,16.094
3114,103.8,473.82,246.44,18.194,5.83,19.105
3115,103.833,474.76,246.31,21.955,4.529,22.417
3116,103.867,475.6,246.18,24.865,3.391,25.095
3117,103.9,477.04,246.28,27.295,2.306,27.392
3118,103.933,477.64,247.69,28.708,0.901,28.722
3119,103.967,479.26,247.05,30.293,-1.337,30.323
3120,104.0,481.58,246.09,32.126,-4.344,32.418
3121,104.033,483.95,245.61,33.268,-6.473,33.892
3122,104.067,485.51,244.97,35.229,-9.29,36.434
3123,104.1,484.59,245.87,37.886,-12.427,39.872
3124,104.133,485.41,245.57,42.429,-16.802,45.634
3125,104.167,485.77,245.41,49.598,-21.367,54.004
3126,104.2,485.68,245.5,58.09,-26.416,63.814
3127,104.233,487.74,244.25,67.941,-31.468,74.874
3128,104.267,492.03,240.02,78.113,-35.733,85.898
3129,104.3,492.84,241.16,89.179,-39.273,97.444
3130,104.333,495.49,240.53,99.212,-41.834,107.672
3131,104.367,499.14,238.81,107.943,-43.197,116.265
3132,104.4,501.65,237.63,115.052,-44.092,123.212
3133,104.433,507.25,234.78,120.384,-44.563,128.368
3134,104.467,511.91,232.97,122.079,-44.965,130.097
3135,104.5,516.48,231.75,121.359,-45.599,129.642
3136,104.533,522.94,227.9,117.497,-46.308,126.294
3137,104.567,527.96,226.46,110.044,-46.811,119.586
3138,104.6,533.03,224.43,98.852,-46.901,109.414
3139,104.633,536.86,224.91,86.112,-47.422,98.306
3140,104.667,537.94,223.6,71.395,-47.785,85.911
3141,104.7,540.08,223.44,56.068,-48.259,73.977
3142,104.733,540.74,223.13,41.488,-49.209,64.364
3143,104.767,542.43,221.63,28.118,-49.803,57.192
3144,104.8,540.45,220.08,14.921,-48.432,50.678
3145,104.833,540.59,217.71,4.278,-47.636,47.828
3146,104.867,540.08,214.66,-4.88,-46.46,46.716
3147,104.9,539.26,212.89,-11.819,-44.743,46.278
3148,104.933,536.82,210.95,-15.421,-42.899,45.587
3149,104.967,538.95,207.59,-17.283,-40.387,43.93
3150,105.0,537.82,206.36,-17.045,-37.515,41.206
3151,105.033,536.82,205.89,-15.285,-35.06,38.247
3152,105.067,536.21,205.05,-11.146,-31.597,33.505
3153,105.1,536.95,204.4,-4.839,-27.901,28.318
3154,105.133,537.02,204.1,2.148,-23.589,23.686
3155,105.167,538.25,203.59,8.38,-19.924,21.615
3156,105.2,539.16,203.45,14.951,-16.058,21.94
3157,105.233,540.08,203.64,21.837,-12.551,25.187
3158,105.267,539.75,203.23,28.953,-9.862,30.587
3159,105.3,540.06,203.22,34.411,-7.533,35.225
3160,105.333,539.91,203.54,40.033,-5.818,40.453
3161,105.367,542.25,202.66,46.887,-4.633,47.115
3162,105.4,543.7,201.92,53.636,-3.085,53.724
3163,105.433,545.28,201.01,60.641,-2.143,60.679
3164,105.467,548.1,200.48,69.075,-1.24,69.087
3165,105.5,551.6,199.64,76.929,0.588,76.931
3166,105.533,557.44,199.71,84.664,2.282,84.695
3167,105.567,559.05,200.06,93.267,3.454,93.331
3168,105.6,560.2,200.52,103.125,4.831,103.239
3169,105.633,562.1,201.25,104.902,4.578,105.002
3170,105.667,566.72,202.15,112.189,4.243,112.269
3171,105.7,571.5,202.7,122.296,4.255,122.37
3172,105.733,574.68,202.74,133.578,4.799,133.664
3173,105.767,578.53,202.93,145.558,2.512,145.58
3174,105.8,585.04,202.51,157.232,-1.999,157.244
3175,105.833,592.29,202.05,168.245,-8.532,168.461
3176,105.867,595.38,201.97,178.209,-18.621,179.179
3177,105.9,601.39,200.77,186.238,-30.8,188.768
3178,105.933,607.26,200.41,193.524,-43.135,198.273
3179,105.967,612.98,198.92,198.643,-55.656,206.293
3180,106.0,618.08,196.93,201.853,-67.919,212.973
3181,106.033,625.14,195.26,202.014,-79.077,216.94
3182,106.067,630.44,193.36,196.749,-88.94,215.918
3183,106.1,634.13,189.55,188.172,-97.067,211.733
3184,106.133,660.52,189.38,176.556,-102.871,204.339
3185,106.167,661.7,185.53,162.597,-105.778,193.976
3186,106.2,663.81,179.67,145.913,-105.329,179.958
3187,106.233,666.81,170.84,126.932,-101.737,162.672
3188,106.267,668.26,167.48,106.709,-95.509,143.209
3189,106.3,671.31,163.76,85.96,-87.195,122.442
3190,106.333,673.59,159.5,65.926,-76.683,101.127
3191,106.367,676.77,159.13,45.871,-64.14,78.855
3192,106.4,678.84,159.03,29.013,-50.52,58.258
3193,106.433,677.8,156.45,14.38,-36.668,39.387
3194,106.467,678.62,155.59,2.743,-24.188,24.343
3195,106.5,676.68,155.39,-5.847,-13.749,14.941
3196,106.533,674.91,155.82,-9.981,-4.453,10.93
3197,106.567,674.37,157.01,-10.828,3.579,11.404
3198,106.6,673.17,158.76,-8.103,9.514,12.497
3199,106.633,673.32,160.57,0.637,13.823,13.838
3200,106.667,673.51,161.65,2.018,14.243,14.385
3201,106.7,673.56,161.26,5.033,12.049,13.058
3202,106.733,673.84,160.7,8.528,8.985,12.388
3203,106.767,675.81,160.85,12.991,7.407,14.954
3204,106.8,678.99,161.23,18.351,5.827,19.254
3205,106.833,678.9,160.95,23.78,4.928,24.285
3206,106.867,680.2,159.56,28.08,5.841,28.681
3207,106.9,680.27,157.74,31.559,6.978,32.321
3208,106.933,681.13,157.02,33.508,7.452,34.326
3209,106.967,681.43,157.63,33.166,8.588,34.26
3210,107.0,682.8,160.27,30.786,9.47,32.209
3211,107.033,682.78,161.23,28.31,10.338,30.139
3212,107.067,683.59,161.05,24.768,11.522,27.317
3213,107.1,686.22,161.54,19.869,12.876,23.677
3214,107.133,686.39,162.45,14.279,14.224,20.154
3215,107.167,686.48,163.73,7.976,15.466,17.402
3216,107.2,686.76,165.34,2.474,16.69,16.872
3217,107.233,688.71,165.97,-2.534,18.392,18.566
3218,107.267,688.07,166.73,-6.027,20.077,20.962
3219,107.3,688.03,167.05,-11.184,21.112,23.891
3220,107.333,686.84,167.0,-17.346,21.171,27.37
3221,107.367,687.55,166.14,-22.383,19.548,29.718
3222,107.4,684.78,164.94,-26.398,16.552,31.158
3223,107.433,681.76,164.92,-30.511,14.274,33.685
3224,107.467,682.75,165.25,-33.049,15.102,36.336
3225,107.5,681.43,167.32,-33.844,17.05,37.896
3226,107.533,678.18,169.64,-34.08,19.405,39.217
3227,107.567,677.29,171.6,-33.217,22.021,39.854
3228,107.6,676.91,173.45,-30.143,25.304,39.356
3229,107.633,677.2,174.82,-26.383,29.065,39.254
3230,107.667,677.71,175.36,-22.128,32.994,39.727
3231,107.7,675.6,175.15,-17.651,36.349,40.408
3232,107.733,674.64,174.26,-12.171,38.499,40.377
3233,107.767,671.51,174.05,-7.08,39.672,40.299
3234,107.8,674.12,174.2,-2.433,39.819,39.893
3235,107.833,674.82,174.47,1.182,38.868,38.886
3236,107.867,674.48,177.38,4.476,37.066,37.335
3237,107.9,673.01,182.89,5.77,35.12,35.59
3238,107.933,675.87,187.13,6.655,33.66,34.312
3239,107.967,675.35,186.07,7.653,32.894,33.772
3240,108.0,674.95,187.49,6.708,33.321,33.99
3241,108.033,676.12,187.48,5.469,33.61,34.052
3242,108.067,678.21,188.24,5.835,33.067,33.578
3243,108.1,677.22,189.02,6.428,31.975,32.615
3244,108.133,676.08,189.32,7.192,29.483,30.348
3245,108.167,676.74,189.27,6.757,26.172,27.03
3246,108.2,678.15,189.68,5.027,22.407,22.964
3247,108.233,677.26,190.44,3.061,18.352,18.605
3248,108.267,675.9,191.24,1.336,14.731,14.791
3249,108.3,675.94,191.72,2.099,11.481,11.671
3250,108.333,676.18,192.66,0.992,9.083,9.137
3251,108.367,675.57,193.68,-4.244,8.079,9.126
3252,108.4,675.94,194.65,-10.425,7.832,13.039
3253,108.433,676.42,195.7,-13.307,6.158,14.663
3254,108.467,677.18,195.96,-12.722,3.263,13.134
3255,108.5,678.8,194.88,-8.389,1.478,8.518
3256,108.533,679.13,194.38,-1.467,-0.665,1.61
3257,108.567,677.64,194.43,7.129,-2.946,7.713
3258,108.6,676.8,193.46,14.695,-5.762,15.784
3259,108.633,675.1,193.81,22.401,-8.925,24.114
3260,108.667,675.22,193.01,30.167,-11.823,32.401
3261,108.7,675.08,191.88,36.095,-14.244,38.803
3262,108.733,675.87,191.36,38.75,-15.993,41.921
3263,108.767,675.45,190.91,38.617,-17.037,42.208
3264,108.8,673.01,191.2,36.301,-17.361,40.239
3265,108.833,674.35,191.45,32.351,-16.815,36.461
3266,108.867,684.71,191.69,27.463,-15.611,31.59
3267,108.9,693.72,190.92,22.158,-14.078,26.252
3268,108.933,697.54,190.9,16.165,-12.397,20.372
3269,108.967,695.4,189.7,9.219,-11.04,14.383
3270,109.0,693.03,187.95,3.04,-9.467,9.943
3271,109.033,691.17,186.66,-6.347,-7.583,9.889
3272,109.067,687.35,186.37,-16.746,-5.621,17.664
3273,109.1,685.58,186.74,-27.199,-3.833,27.467
3274,109.133,682.72,187.21,-34.672,-1.372,34.699
3275,109.167,679.11,187.33,-38.85,0.725,38.856
3276,109.2,676.68,188.05,-40.146,3.129,40.268
3277,109.233,675.71,188.56,-38.106,6.209,38.609
3278,109.267,676.43,188.97,-32.704,9.924,34.177
3279,109.3,678.15,189.37,-23.377,14.271,27.389
3280,109.333,678.84,189.83,-9.04,18.542,20.628
3281,109.367,678.4,190.16,8.738,22.471,24.11
3282,109.4,678.22,190.77,24.856,25.907,35.902
3283,109.433,678.28,191.41,37.635,29.672,47.925
3284,109.467,679.5,192.5,46.812,33.33,57.465
3285,109.5,676.6,192.68,54.149,37.045,65.608
3286,109.533,681.69,193.94,59.444,41.08,72.258
3287,109.567,685.34,195.59,61.338,45.052,76.105
3288,109.6,691.36,197.46,61.063,48.291,77.85
3289,109.633,692.24,198.71,58.556,50.478,77.31
3290,109.667,694.21,200.92,54.664,51.314,74.975
3291,109.7,696.23,202.99,50.79,51.02,71.991
3292,109.733,698.08,205.02,47.212,49.375,68.314
3293,109.767,698.97,206.69,44.784,46.821,64.79
3294,109.8,699.73,208.17,42.97,43.279,60.988
3295,109.833,701.1,210.07,40.617,38.874,56.222
3296,109.867,702.82,212.17,37.249,33.668,50.21
3297,109.9,703.41,214.14,33.595,27.876,43.655
3298,109.933,702.81,214.77,30.356,22.089,37.542
3299,109.967,702.82,214.57,27.814,16.203,32.189
3300,110.0,702.64,214.24,25.298,10.407,27.355
3301,110.033,702.34,213.52,25.563,5.537,26.155
3302,110.067,704.33,213.06,25.281,1.757,25.342
3303,110.1,706.86,213.04,24.82,-0.928,24.838
3304,110.133,708.71,212.88,22.604,-2.563,22.748
3305,110.167,710.97,213.12,20.588,-2.927,20.795
3306,110.2,712.79,213.36,18.37,-2.204,18.502
3307,110.233,714.69,213.65,15.573,-0.849,15.596
3308,110.267,714.2,213.2,12.153,0.813,12.18
3309,110.3,712.6,213.08,8.93,3.155,9.47
3310,110.333,711.25,213.02,5.155,5.969,7.887
3311,110.367,711.38,213.27,1.131,8.106,8.185
3312,110.4,711.66,213.98,-3.03,9.51,9.981
3313,110.433,710.99,213.87,-6.92,9.484,11.74
3314,110.467,710.06,214.66,-9.9,8.583,13.103
3315,110.5,710.0,215.44,-11.628,7.251,13.704
3316,110.533,710.04,216.34,-11.955,5.971,13.363
3317,110.567,710.17,216.61,-10.602,4.543,11.534
3318,110.6,710.21,216.72,-8.486,2.727,8.914
3319,110.633,709.87,216.65,-5.97,1.037,6.059
3320,110.667,709.61,216.75,-3.182,-0.336,3.2
3321,110.7,709.12,216.02,-0.893,-1.82,2.027
3322,110.733,709.1,215.79,0.502,-3.614,3.648
3323,110.767,709.17,215.86,0.521,-5.432,5.457
3324,110.8,708.31,214.9,0.409,-7.123,7.135
3325,110.833,709.57,213.79,0.302,-8.308,8.314
3326,110.867,710.15,214.13,0.472,-9.032,9.044
3327,110.9,709.99,213.74,0.302,-9.528,9.532
3328,110.933,709.89,214.15,-0.331,-9.85,9.856
3329,110.967,710.14,214.28,-0.986,-9.411,9.462
3330,111.0,709.64,214.21,-1.232,-8.817,8.903
3331,111.033,709.47,213.14,-1.675,-8.068,8.24
3332,111.067,709.59,212.93,-2.144,-7.432,7.735
3333,111.1,709.64,213.57,-2.502,-6.804,7.249
3334,111.133,709.21,213.02,-2.844,-6.123,6.752
3335,111.167,708.8,212.15,-2.873,-5.594,6.288
3336,111.2,708.68,211.73,-2.834,-4.981,5.731
3337,111.233,708.9,211.86,-2.635,-4.205,4.962
3338,111.267,709.08,211.43,-2.442,-3.723,4.453
3339,111.3,708.27,211.71,-2.091,-3.41,4.0
3340,111.333,708.43,211.29,-0.924,-2.833,2.98
3341,111.367,708.43,211.13,-0.091,-1.809,1.811
3342,111.4,708.52,211.48,0.393,-1.012,1.086
3343,111.433,708.6,211.66,0.788,-0.469,0.917
3344,111.467,708.75,211.49,1.032,-0.266,1.065
3345,111.5,708.58,211.71,0.951,-0.327,1.006
3346,111.533,709.14,211.7,1.019,-0.751,1.266
3347,111.567,709.42,211.73,0.83,-0.523,0.981
3348,111.6,709.23,211.8,0.382,-0.207,0.434
3349,111.633,709.13,211.66,-0.383,-0.415,0.565
3350,111.667,708.62,211.98,-0.941,-0.773,1.218
3351,111.7,708.53,211.36,-1.414,-0.724,1.588
3352,111.733,708.7,211.15,-1.765,-0.332,1.795
3353,111.767,709.02,211.54,-2.143,-0.219,2.154
3354,111.8,708.98,211.24,-2.767,0.031,2.767
3355,111.833,708.61,210.97,-2.673,0.112,2.675
3356,111.867,708.33,210.77,-2.491,0.468,2.534
3357,111.9,708.22,210.61,-2.182,0.914,2.365
3358,111.933,708.13,211.33,-2.078,1.49,2.557
3359,111.967,708.12,211.6,-1.733,1.613,2.368
3360,112.0,708.06,211.81,-1.289,1.597,2.052
3361,112.033,707.66,212.39,-0.632,1.814,1.921
3362,112.067,707.94,211.94,-0.07,1.942,1.943
3363,112.1,708.02,211.83,0.185,2.216,2.224
3364,112.133,708.35,211.92,0.446,2.42,2.461
3365,112.167,708.12,212.33,0.535,2.839,2.889
3366,112.2,708.3,212.14,0.654,3.108,3.176
3367,112.233,708.32,211.7,0.883,3.609,3.716
3368,112.267,708.27,212.03,1.027,4.128,4.254
3369,112.3,708.69,212.2,0.66,4.49,4.538
3370,112.333,708.18,212.37,0.275,4.794,4.802
3371,112.367,708.05,212.34,-0.143,5.206,5.208
3372,112.4,707.96,212.6,-0.383,5.459,5.473
3373,112.433,708.62,212.14,-0.684,5.907,5.947
3374,112.467,708.44,213.02,-1.055,5.898,5.992
3375,112.5,708.36,213.95,-1.378,5.857,6.017
3376,112.533,708.31,213.74,-1.507,5.607,5.806
3377,112.567,707.95,214.33,-1.37,4.841,5.031
3378,112.6,708.02,214.36,-1.315,4.321,4.516
3379,112.633,707.78,214.71,-1.001,3.752,3.883
3380,112.667,707.82,214.56,-0.903,3.189,3.315
3381,112.7,708.04,214.43,-0.554,2.104,2.176
3382,112.733,707.81,214.31,-0.345,0.954,1.014
3383,112.767,707.61,214.34,-0.097,-0.28,0.296
3384,112.8,708.1,213.97,-0.031,-1.675,1.675
3385,112.833,707.85,213.93,-0.212,-3.174,3.181
3386,112.867,708.01,213.58,-0.201,-4.939,4.943
3387,112.9,707.74,213.91,0.06,-6.247,6.247
3388,112.933,707.86,213.68,0.453,-7.734,7.748
3389,112.967,708.14,213.9,0.432,-9.012,9.022
3390,113.0,708.21,213.48,0.148,-10.631,10.632
3391,113.033,707.98,213.31,-0.084,-12.022,12.022
3392,113.067,708.03,213.25,-0.233,-12.716,12.718
3393,113.1,708.26,212.48,-0.27,-13.291,13.293
3394,113.133,707.84,211.96,-0.259,-13.289,13.292
3395,113.167,708.04,210.99,0.03,-12.817,12.817
3396,113.2,707.76,210.66,0.424,-12.078,12.086
3397,113.233,707.86,209.93,0.919,-10.404,10.444
3398,113.267,707.69,209.8,1.667,-8.008,8.18
3399,113.3,708.13,209.34,2.448,-5.089,5.647
3400,113.333,708.26,208.98,3.058,-1.408,3.367
3401,113.367,708.43,209.22,4.056,2.656,4.848
3402,113.4,708.19,208.33,5.059,7.045,8.673
3403,113.433,708.13,208.66,6.294,11.45,13.066
3404,113.467,708.33,209.61,7.322,15.269,16.934
3405,113.5,709.12,211.15,8.001,18.065,19.758
3406,113.533,709.36,211.55,8.393,20.608,22.251
3407,113.567,709.49,212.1,8.576,22.484,24.064
3408,113.6,710.01,213.28,9.096,23.894,25.567
3409,113.633,710.39,214.15,9.255,24.43,26.125
3410,113.667,710.64,214.88,9.497,24.1,25.904
3411,113.7,711.02,216.68,9.037,22.942,24.658
3412,113.733,711.12,217.13,8.208,21.211,22.744
3413,113.767,711.22,217.74,7.123,18.852,20.153
3414,113.8,711.89,218.32,6.808,16.398,17.755
3415,113.833,712.33,218.41,6.221,13.574,14.932
3416,113.867,712.13,218.48,5.144,10.046,11.286
3417,113.9,712.1,218.54,3.48,5.897,6.847
3418,113.933,711.85,217.87,1.337,2.388,2.736
3419,113.967,712.04,218.5,-0.626,-1.075,1.244
3420,114.0,712.28,219.5,-2.214,-4.784,5.271
3421,114.033,712.52,219.23,-4.135,-8.543,9.491
3422,114.067,713.02,219.13,-6.238,-11.851,13.392
3423,114.1,711.87,217.79,-7.783,-14.465,16.426
3424,114.133,711.54,217.53,-9.019,-16.791,19.06
3425,114.167,710.74,216.98,-9.769,-18.175,20.634
3426,114.2,711.03,217.0,-10.516,-19.564,22.211
3427,114.233,711.44,216.02,-10.433,-20.058,22.609
3428,114.267,711.54,215.7,-9.983,-19.558,21.958
3429,114.3,709.44,213.64,-9.022,-18.314,20.415
3430,114.333,708.36,212.33,-8.2,-17.035,18.906
3431,114.367,707.94,212.18,-7.237,-15.548,17.149
3432,114.4,707.91,211.96,-6.311,-13.734,15.115
3433,114.433,708.69,210.92,-4.832,-11.528,12.5
3434,114.467,708.55,210.69,-3.462,-8.803,9.46
3435,114.5,707.9,211.17,-2.095,-6.328,6.666
3436,114.533,708.23,210.95,-0.549,-4.078,4.115
3437,114.567,709.18,211.1,0.663,-1.887,2.0
3438,114.6,709.05,211.09,1.277,-0.26,1.303
3439,114.633,709.11,211.66,2.129,1.122,2.407
3440,114.667,708.81,211.21,2.856,2.079,3.532
3441,114.7,709.82,213.34,3.22,2.636,4.161
3442,114.733,708.91,212.39,3.189,2.468,4.032
3443,114.767,708.97,211.72,2.624,2.006,3.303
3444,114.8,708.69,210.84,1.486,1.117,1.859
3445,114.833,709.07,211.09,0.914,0.248,0.947
3446,114.867,708.79,211.45,0.532,-0.439,0.69
3447,114.9,709.5,211.56,0.74,-1.077,1.307
3448,114.933,708.71,211.32,1.156,-2.042,2.347
3449,114.967,709.5,211.54,1.076,-2.027,2.294
3450,115.0,709.77,212.06,0.897,-1.88,2.083
3451,115.033,709.24,211.41,0.918,-1.761,1.986
3452,115.067,709.34,210.83,0.859,-1.555,1.776
3453,115.1,709.34,210.66,0.321,-1.375,1.412
3454,115.133,709.04,211.16,-0.243,-1.154,1.18
3455,115.167,708.71,211.11,-0.805,-1.176,1.425
3456,115.2,709.62,211.18,-1.182,-0.89,1.48
3457,115.233,709.72,211.13,-2.074,-1.792,2.741
3458,115.267,709.6,211.03,-2.454,-2.577,3.559
3459,115.3,709.41,210.37,-2.655,-3.349,4.274
3460,115.333,709.24,210.81,-2.614,-3.601,4.45
3461,115.367,709.62,211.06,-2.645,-4.221,4.982
3462,115.4,708.78,210.7,-2.516,-4.475,5.134
3463,115.433,708.23,211.33,-2.674,-4.347,5.104
3464,115.467,708.13,210.2,-2.48,-3.51,4.298
3465,115.5,708.04,210.16,-2.627,-2.851,3.877
3466,115.533,708.18,209.68,-3.257,-2.978,4.413
3467,115.567,708.21,209.58,-3.11,-3.201,4.463
3468,115.6,708.29,209.48,-3.016,-2.929,4.204
3469,115.633,708.41,209.45,-3.134,-2.714,4.145
3470,115.667,708.36,209.39,-2.815,-2.431,3.719
3471,115.7,708.39,209.2,-2.082,-1.732,2.709
3472,115.733,708.47,209.18,-1.631,-0.861,1.845
3473,115.767,708.25,209.14,-1.259,-0.197,1.274
3474,115.8,707.87,209.52,-0.999,0.371,1.065
3475,115.833,707.68,209.56,-0.679,1.081,1.277
3476,115.867,707.47,210.86,-0.221,1.701,1.715
3477,115.9,707.44,210.56,-0.155,2.08,2.085
3478,115.933,707.3,210.07,0.049,2.414,2.415
3479,115.967,707.42,208.77,0.545,1.998,2.07
3480,116.0,707.53,208.52,0.88,1.511,1.748
3481,116.033,708.47,209.2,1.271,1.047,1.646
3482,116.067,707.59,209.93,1.459,0.476,1.535
3483,116.1,707.72,209.75,1.664,-0.313,1.693
3484,116.133,708.47,210.61,1.569,-1.211,1.982
3485,116.167,708.29,210.6,1.286,-2.26,2.6
3486,116.2,708.26,210.0,0.867,-3.361,3.471
3487,116.233,708.23,209.4,0.224,-3.951,3.957
3488,116.267,708.23,209.51,-0.56,-4.808,4.84
3489,116.3,708.47,209.43,-1.2,-5.735,5.86
3490,116.333,708.39,209.57,-1.517,-6.645,6.816
3491,116.367,707.99,209.03,-1.873,-7.296,7.532
3492,116.4,707.86,208.55,-2.119,-8.683,8.938
3493,116.433,707.82,208.01,-1.966,-10.051,10.242
3494,116.467,707.37,207.73,-1.695,-11.49,11.614
3495,116.5,707.52,207.91,-1.406,-11.946,12.029
3496,116.533,707.28,206.97,-1.525,-11.365,11.467
3497,116.567,707.34,206.72,-2.229,-10.315,10.553
3498,116.6,706.96,206.53,-2.658,-9.104,9.484
3499,116.633,707.18,206.26,-3.39,-7.223,7.979
3500,116.667,707.15,206.14,-4.429,-5.721,7.236
3501,116.7,707.18,206.01,-5.671,-4.408,7.182
3502,116.733,707.38,204.74,-7.214,-2.774,7.729
3503,116.767,707.37,205.03,-9.132,-0.551,9.148
3504,116.8,706.96,205.36,-11.194,1.726,11.327
3505,116.833,706.22,205.27,-13.402,3.473,13.845
3506,116.867,706.06,204.98,-15.568,4.703,16.263
3507,116.9,705.7,205.33,-17.346,5.572,18.218
3508,116.933,704.37,205.62,-19.111,6.004,20.032
3509,116.967,703.47,206.82,-20.603,6.069,21.478
3510,117.0,702.35,207.46,-21.675,5.773,22.43
3511,117.033,702.14,207.37,-23.07,4.729,23.55
3512,117.067,701.29,207.36,-23.942,3.738,24.232
3513,117.1,700.36,207.46,-24.525,2.537,24.656
3514,117.133,699.91,207.01,-24.5,0.918,24.517
3515,117.167,698.62,207.3,-23.779,-0.805,23.792
3516,117.2,697.8,207.76,-22.914,-2.663,23.068
3517,117.233,697.19,207.67,-21.498,-5.02,22.076
3518,117.267,697.0,206.81,-19.945,-6.759,21.059
3519,117.3,696.58,205.81,-18.084,-8.393,19.937
3520,117.333,696.01,205.83,-16.008,-10.089,18.922
3521,117.367,695.36,205.35,-13.762,-12.379,18.511
3522,117.4,694.37,204.97,-11.738,-14.373,18.556
3523,117.433,694.07,204.73,-9.587,-16.409,19.004
3524,117.467,693.27,204.51,-6.944,-18.732,19.978
3525,117.5,692.69,204.07,-4.375,-20.916,21.368
3526,117.533,693.55,203.9,-1.439,-22.541,22.587
3527,117.567,693.44,203.19,1.314,-22.596,22.634
3528,117.6,693.76,202.43,4.303,-21.071,21.506
3529,117.633,694.15,202.08,6.969,-17.373,18.718
3530,117.667,693.76,201.21,8.926,-11.84,14.827
3531,117.7,694.75,200.18,10.078,-5.145,11.315
3532,117.733,694.87,200.08,10.749,1.997,10.933
3533,117.767,695.46,199.29,10.674,8.959,13.935
3534,117.8,695.57,198.32,9.96,15.811,18.687
3535,117.833,695.96,197.61,9.626,23.348,25.255
3536,117.867,696.76,199.09,10.085,30.598,32.217
3537,117.9,697.82,199.98,11.043,37.967,39.541
3538,117.933,698.01,201.94,12.621,45.266,46.993
3539,117.967,698.1,205.84,17.042,53.856,56.488
3540,118.0,698.99,209.1,21.158,61.088,64.649
3541,118.033,699.17,212.63,24.448,66.981,71.303
3542,118.067,699.27,215.18,26.302,70.536,75.281
3543,118.1,698.52,217.78,27.06,72.06,76.973
3544,118.133,698.69,218.5,23.62,70.39,74.248
3545,118.167,699.14,219.67,21.326,68.094,71.355
3546,118.2,701.09,220.73,20.692,65.461,68.653
3547,118.233,702.75,222.12,20.827,62.96,66.315
3548,118.267,705.57,224.8,24.601,61.269,66.023
3549,118.3,708.62,228.29,27.286,58.514,64.563
3550,118.333,710.08,230.42,26.272,53.368,59.484
3551,118.367,710.54,233.36,26.047,49.28,55.74
3552,118.4,711.39,235.55,25.685,45.314,52.087
3553,118.433,712.33,237.5,25.691,42.997,50.087
3554,118.467,706.21,234.64,25.838,41.239,48.665
3555,118.5,705.51,235.53,26.225,39.04,47.031
3556,118.533,706.01,235.84,26.218,36.006,44.54
3557,118.567,706.69,237.59,26.004,32.219,41.404
3558,118.6,708.04,239.37,25.541,27.695,37.674
3559,118.633,718.29,244.95,25.376,22.043,33.613
3560,118.667,719.35,245.59,25.058,16.53,30.019
3561,118.7,719.77,245.79,24.634,11.669,27.258
3562,118.733,720.06,244.93,26.641,10.191,28.524
3563,118.767,712.65,240.53,26.144,9.185,27.711
3564,118.8,712.64,240.17,22.097,7.457,23.321
3565,118.833,720.55,245.11,15.19,5.107,16.025
3566,118.867,720.39,245.0,6.827,3.073,7.487
3567,118.9,721.42,245.57,-2.431,0.766,2.549
3568,118.933,720.42,243.75,-14.808,-4.908,15.6
3569,118.967,719.93,243.23,-26.356,-9.09,27.88
3570,119.0,718.9,242.59,-32.971,-10.043,34.466
3571,119.033,717.83,243.02,-35.889,-8.845,36.963
3572,119.067,716.54,242.66,-35.241,-5.416,35.655
3573,119.1,715.21,242.94,-31.05,0.088,31.05
3574,119.133,713.83,244.25,-23.849,7.143,24.896
3575,119.167,713.06,245.67,-19.427,12.644,23.179
3576,119.2,712.58,246.66,-15.041,17.358,22.968
3577,119.233,703.53,241.39,-11.156,21.22,23.974
3578,119.267,703.69,241.22,-8.108,24.545,25.85
3579,119.3,706.08,243.03,-0.83,28.856,28.868
3580,119.333,707.59,244.14,7.327,32.764,33.573
3581,119.367,708.03,244.45,11.648,33.294,35.273
3582,119.4,708.85,244.73,15.35,31.807,35.317
3583,119.433,716.22,253.71,17.363,28.378,33.268
3584,119.467,716.81,253.77,17.945,24.167,30.1
3585,119.5,717.37,255.19,16.951,19.037,25.49
3586,119.533,717.19,255.91,14.066,13.348,19.392
3587,119.567,716.33,256.94,9.041,7.168,11.538
3588,119.6,715.03,256.14,1.234,1.479,1.927
3589,119.633,713.62,254.71,-9.116,-4.912,10.356
3590,119.667,712.34,253.12,-21.612,-12.438,24.936
3591,119.7,710.96,252.26,-35.908,-20.958,41.577
3592,119.733,710.19,250.79,-52.282,-29.246,59.906
3593,119.767,709.59,248.78,-64.251,-33.2,72.321
3594,119.8,707.12,247.77,-74.775,-33.914,82.107
3595,119.833,705.73,246.86,-84.413,-32.427,90.427
3596,119.867,704.17,245.8,-93.679,-27.347,97.589
3597,119.9,701.02,245.89,-100.767,-18.99,102.541
3598,119.933,697.23,245.26,-104.983,-7.706,105.266
3599,119.967,693.47,245.13,-110.151,1.026,110.156
3600,120.0,688.33,245.06,-113.931,10.136,114.381
3601,120.033,683.18,245.34,-116.406,18.349,117.843
3602,120.067,677.84,245.13,-116.584,25.293,119.296
3603,120.1,674.05,243.96,-113.843,29.89,117.701
3604,120.133,670.52,245.54,-107.683,32.291,112.421
3605,120.167,667.29,248.31,-99.228,33.007,104.574
3606,120.2,663.83,251.91,-89.199,32.335,94.879
3607,120.233,661.95,254.2,-78.644,30.147,84.224
3608,120.267,658.59,256.07,-68.132,26.898,73.249
3609,120.3,655.93,257.28,-58.18,23.108,62.601
3610,120.333,653.19,259.0,-48.142,18.623,51.619
3611,120.367,653.59,257.7,-39.432,13.704,41.746
3612,120.4,653.12,256.87,-32.368,8.795,33.542
3613,120.433,652.16,256.27,-26.992,3.724,27.247
3614,120.467,651.91,255.8,-23.559,-0.833,23.574
3615,120.5,652.41,255.0,-22.156,-4.875,22.686
3616,120.533,653.58,254.17,-22.081,-7.991,23.482
3617,120.567,653.4,253.26,-23.088,-10.165,25.227
3618,120.6,651.97,252.98,-24.52,-10.737,26.768
3619,120.633,648.64,253.6,-27.02,-8.429,28.304
3620,120.667,646.39,253.98,-29.981,-4.676,30.344
3621,120.7,644.43,254.27,-32.898,-0.278,32.899
3622,120.733,644.05,254.39,-35.331,3.813,35.536
3623,120.767,643.56,254.42,-36.841,7.278,37.553
3624,120.8,642.72,254.62,-37.303,10.172,38.665
3625,120.833,641.07,254.99,-37.868,12.299,39.815
3626,120.867,640.02,255.47,-36.596,12.569,38.694
3627,120.9,638.14,256.05,-35.594,12.613,37.762
3628,120.933,636.5,256.6,-34.755,12.247,36.85
3629,120.967,635.39,257.07,-32.4,10.511,34.062
3630,121.0,634.11,257.84,-30.365,8.266,31.47
3631,121.033,632.86,258.37,-30.791,6.877,31.55
3632,121.067,631.83,259.13,-34.005,6.879,34.694
3633,121.1,630.69,259.65,-41.053,9.353,42.105
3634,121.133,630.54,259.23,-48.799,12.131,50.284
3635,121.167,629.82,259.48,-56.806,16.21,59.074
3636,121.2,628.34,259.73,-66.908,22.506,70.592
3637,121.233,626.72,259.93,-77.868,30.422,83.599
3638,121.267,622.27,261.0,-90.416,39.614,98.714
3639,121.3,618.46,261.53,-104.425,49.625,115.617
3640,121.333,617.13,262.31,-119.473,59.811,133.608
3641,121.367,612.4,264.28,-134.411,69.421,151.28
3642,121.4,608.37,265.92,-149.188,77.964,168.331
3643,121.433,604.09,268.23,-163.052,85.878,184.286
3644,121.467,595.18,273.79,-175.119,93.285,198.416
3645,121.5,587.31,279.31,-185.48,100.784,211.093
3646,121.533,581.95,283.64,-191.941,107.231,219.863
3647,121.567,575.46,287.76,-195.53,113.513,226.091
3648,121.6,572.06,289.99,-196.777,120.074,230.519
3649,121.633,562.85,297.01,-194.608,125.827,231.743
3650,121.667,553.87,301.93,-190.64,132.192,231.988
3651,121.7,548.59,304.6,-185.769,139.504,232.318
3652,121.733,541.77,307.57,-180.585,147.161,232.954
3653,121.767,535.72,310.59,-175.301,154.52,233.681
3654,121.8,530.28,313.99,-169.111,161.537,233.865
3655,121.833,525.41,318.24,-162.815,168.37,234.217
3656,121.867,520.3,324.01,-157.541,174.713,235.252
3657,121.9,515.89,331.41,-152.324,180.78,236.398
3658,121.933,512.42,338.53,-147.763,186.524,237.96
3659,121.967,508.65,345.93,-143.879,191.939,239.879
3660,122.0,506.08,352.29,-138.666,195.438,239.633
3661,122.033,499.49,361.06,-132.018,196.601,236.814
3662,122.067,494.8,368.58,-125.117,195.284,231.927
3663,122.1,491.21,374.47,-117.951,191.979,225.319
3664,122.133,484.96,382.56,-112.125,187.681,218.623
3665,122.167,479.72,388.67,-104.834,179.731,208.071
3666,122.2,475.61,392.64,-95.768,168.779,194.056
3667,122.233,472.73,396.79,-86.717,157.746,180.01
3668,122.267,469.66,401.92,-76.526,145.717,164.589
3669,122.3,467.46,405.96,-65.664,133.227,148.531
3670,122.333,466.85,409.86,-54.443,120.728,132.436
3671,122.367,465.69,414.42,-43.368,109.178,117.476
3672,122.4,465.16,417.39,-32.79,100.612,105.82
3673,122.433,464.94,420.75,-22.872,91.752,94.56
3674,122.467,464.16,423.74,-14.666,83.069,84.353
3675,122.5,463.9,426.27,-8.368,73.305,73.781
3676,122.533,463.41,428.28,-4.63,62.924,63.094
3677,122.567,463.0,430.9,-1.978,52.441,52.478
3678,122.6,463.53,432.23,-1.041,42.499,42.512
3679,122.633,463.65,433.43,-1.52,32.718,32.753
3680,122.667,463.3,435.25,-2.874,22.934,23.114
3681,122.7,463.16,437.3,-4.51,13.644,14.37
3682,122.733,463.58,435.35,-5.892,4.25,7.265
3683,122.767,462.95,435.44,-7.345,-4.987,8.878
3684,122.8,462.5,435.78,-8.512,-14.712,16.997
3685,122.833,461.82,436.7,-9.024,-24.13,25.762
3686,122.867,461.14,436.61,-9.654,-32.596,33.995
3687,122.9,461.12,430.52,-9.1,-41.401,42.389
3688,122.933,460.45,428.74,-8.846,-48.024,48.832
3689,122.967,460.4,426.03,-7.799,-54.039,54.599
3690,123.0,460.48,425.94,-5.722,-58.246,58.526
3691,123.033,459.77,427.33,-3.137,-60.352,60.433
3692,123.067,459.82,425.65,-0.076,-61.022,61.022
3693,123.1,460.22,422.65,2.943,-59.927,60.0
3694,123.133,458.88,421.72,6.014,-56.601,56.92
3695,123.167,459.84,418.09,9.031,-51.131,51.923
3696,123.2,460.57,413.46,11.94,-45.536,47.075
3697,123.233,460.51,411.84,14.335,-40.723,43.172
3698,123.267,460.94,410.33,15.932,-34.353,37.868
3699,123.3,462.04,409.89,16.893,-27.157,31.982
3700,123.333,462.73,409.6,17.225,-20.441,26.73
3701,123.367,464.22,408.74,16.966,-15.017,22.657
3702,123.4,463.7,410.67,15.935,-9.856,18.737
3703,123.433,466.08,409.33,14.596,-3.301,14.964
3704,123.467,466.09,411.34,12.613,3.885,13.198
3705,123.5,465.78,411.62,10.096,11.689,15.446
3706,123.533,465.73,411.48,6.786,18.821,20.007
3707,123.567,465.7,413.31,3.169,23.823,24.033
3708,123.6,466.79,413.59,0.366,26.752,26.754
3709,123.633,466.49,413.23,-2.734,29.087,29.215
3710,123.667,466.03,412.01,-4.924,29.144,29.557
3711,123.7,465.62,413.36,-6.32,27.98,28.685
3712,123.733,465.54,415.68,-6.307,26.432,27.174
3713,123.767,464.99,416.9,-6.182,25.253,25.999
3714,123.8,464.76,417.29,-4.951,24.209,24.71
3715,123.833,464.27,419.32,-3.708,23.496,23.787
3716,123.867,463.93,421.6,-2.188,23.37,23.472
3717,123.9,464.36,421.01,-1.003,24.288,24.309
3718,123.933,463.22,422.86,1.036,24.171,24.193
3719,123.967,463.57,422.7,2.059,24.012,24.101
3720,124.0,463.58,423.12,3.117,22.156,22.375
3721,124.033,464.44,422.95,3.774,19.593,19.953
3722,124.067,466.04,422.39,4.67,16.486,17.134
3723,124.1,465.0,423.53,5.35,12.426,13.529
3724,124.133,466.04,422.71,5.38,7.931,9.584
3725,124.167,467.29,423.04,3.633,4.758,5.987
3726,124.2,467.04,424.35,1.603,3.175,3.557
3727,124.233,464.88,427.22,-0.175,1.894,1.903
3728,124.267,466.14,427.14,-1.713,0.249,1.731
3729,124.3,465.07,427.99,-3.124,-1.01,3.284
3730,124.333,465.33,427.71,-4.748,-1.319,4.927
3731,124.367,465.32,426.39,-5.129,-1.671,5.394
3732,124.4,465.44,424.22,-4.441,-3.005,5.362
3733,124.433,464.83,422.81,-4.402,-2.816,5.226
3734,124.467,464.71,422.54,-2.821,-3.893,4.808
3735,124.5,463.94,422.88,-0.486,-4.549,4.575
3736,124.533,464.44,422.98,1.593,-5.234,5.471
3737,124.567,463.31,424.0,1.513,-5.868,6.06
3738,124.6,462.8,424.42,-1.314,-6.546,6.677
3739,124.633,461.48,425.64,-5.777,-7.034,9.103
3740,124.667,464.16,424.24,-12.13,-5.659,13.385
3741,124.7,464.88,423.63,-19.386,-3.518,19.703
3742,124.733,464.65,423.78,-27.382,-1.148,27.407
3743,124.767,463.93,424.36,-33.635,0.356,33.637
3744,124.8,463.87,424.26,-38.759,1.567,38.79
3745,124.833,464.58,423.78,-42.012,2.308,42.075
3746,124.867,462.34,423.43,-43.787,2.53,43.86
3747,124.9,459.42,424.24,-44.283,3.461,44.418
3748,124.933,458.85,422.19,-43.392,6.015,43.807
3749,124.967,454.79,423.34,-38.776,8.602,39.719
3750,125.0,449.58,422.96,-31.732,10.501,33.424
3751,125.033,445.62,423.01,-22.408,12.056,25.445
3752,125.067,444.79,423.81,-12.079,14.08,18.551
3753,125.1,445.01,426.35,0.277,15.455,15.457
3754,125.133,447.14,427.49,13.943,16.792,21.826
3755,125.167,449.81,427.0,28.373,16.887,33.018
3756,125.2,451.17,427.77,40.89,17.234,44.373
3757,125.233,454.9,428.49,51.235,17.641,54.187
3758,125.267,457.37,428.85,59.37,17.424,61.874
3759,125.3,458.58,430.14,65.079,16.258,67.079
3760,125.333,460.9,430.45,67.754,14.354,69.258
3761,125.367,463.46,431.46,66.395,12.44,67.551
3762,125.4,467.33,430.66,62.098,11.04,63.072
3763,125.433,471.61,428.38,55.461,8.143,56.056
3764,125.467,471.31,428.92,46.129,5.081,46.408
3765,125.5,471.95,430.82,35.32,2.455,35.405
3766,125.533,472.61,432.01,25.112,0.634,25.12
3767,125.567,473.66,431.6,16.142,-0.566,16.152
3768,125.6,472.94,432.19,8.204,-1.353,8.315
3769,125.633,471.65,431.46,1.818,-3.158,3.644
3770,125.667,471.18,431.7,-3.698,-5.018,6.233
3771,125.7,470.76,431.18,-8.512,-5.825,10.314
3772,125.733,470.81,430.37,-11.304,-7.368,13.493
3773,125.767,470.63,430.15,-13.864,-8.479,16.252
3774,125.8,470.49,430.04,-15.627,-8.675,17.873
3775,125.833,470.11,430.18,-15.666,-9.304,18.221
3776,125.867,469.83,429.31,-14.611,-10.072,17.747
3777,125.9,469.66,426.92,-12.679,-11.151,16.885
3778,125.933,469.55,427.51,-10.425,-12.294,16.119
3779,125.967,467.97,429.67,-9.663,-10.943,14.598
3780,126.0,468.09,428.29,-8.682,-9.364,12.769
3781,126.033,467.65,427.47,-7.508,-8.635,11.443
3782,126.067,467.8,427.02,-6.139,-8.669,10.623
3783,126.1,467.83,426.5,-5.742,-8.234,10.038
3784,126.133,467.31,427.09,-5.846,-7.9,9.828
3785,126.167,467.21,426.66,-5.404,-7.308,9.089
3786,126.2,467.33,425.34,-5.125,-6.854,8.558
3787,126.233,466.26,427.04,-4.436,-7.025,8.308
3788,126.267,466.59,426.65,-4.085,-6.655,7.809
3789,126.3,466.88,425.15,-4.056,-5.938,7.191
3790,126.333,466.71,425.07,-3.896,-6.223,7.342
3791,126.367,466.92,425.21,-3.714,-6.696,7.658
3792,126.4,467.07,424.77,-3.715,-6.891,7.828
3793,126.433,465.83,425.83,-3.776,-5.491,6.665
3794,126.467,466.08,423.61,-3.9,-4.928,6.284
3795,126.5,466.61,423.5,-3.329,-5.343,6.295
3796,126.533,466.19,424.11,-2.498,-5.164,5.737
3797,126.567,464.95,424.91,-1.726,-4.767,5.07
3798,126.6,464.97,424.55,-0.941,-3.833,3.947
3799,126.633,465.72,424.0,-0.304,-2.678,2.695
3800,126.667,465.25,423.7,0.347,-1.373,1.416
3801,126.7,465.78,423.03,0.938,-0.273,0.977
3802,126.733,465.13,424.23,1.243,1.309,1.805
3803,126.767,465.5,423.58,2.352,1.588,2.838
3804,126.8,466.24,422.41,2.843,2.23,3.613
3805,126.833,465.98,424.1,3.022,3.082,4.316
3806,126.867,466.06,424.06,3.237,3.49,4.76
3807,126.9,466.58,423.94,3.274,3.121,4.523
3808,126.933,466.78,422.99,2.882,2.431,3.771
3809,126.967,466.78,424.81,3.159,0.733,3.243
3810,127.0,466.87,424.99,2.58,0.165,2.585
3811,127.033,466.22,424.9,1.67,-0.05,1.671
3812,127.067,466.7,425.41,0.718,-0.257,0.763
3813,127.1,466.46,424.95,0.161,-0.83,0.846
3814,127.133,466.4,425.18,-0.02,-1.27,1.271
3815,127.167,466.6,424.01,-0.211,-1.53,1.545
3816,127.2,466.63,424.15,-0.32,-1.454,1.489
3817,127.233,466.85,424.05,-0.81,-0.826,1.157
3818,127.267,465.92,424.63,-0.916,-0.143,0.927
3819,127.3,466.7,423.02,-1.156,1.139,1.623
3820,127.333,466.93,422.75,-1.365,3.035,3.328
3821,127.367,466.76,422.81,-1.127,3.866,4.027
3822,127.4,466.44,423.57,-0.733,4.505,4.565
3823,127.433,466.46,424.4,-0.105,4.995,4.996
3824,127.467,465.54,425.37,0.074,6.123,6.123
3825,127.5,466.7,425.49,0.112,6.455,6.456
3826,127.533,466.49,425.71,0.153,6.279,6.281
3827,127.567,466.52,425.8,0.266,5.818,5.824
3828,127.6,466.97,426.08,0.269,4.689,4.697
3829,127.633,466.58,426.28,0.31,3.937,3.949
3830,127.667,465.87,426.81,0.7,3.062,3.141
3831,127.7,466.1,426.99,0.991,2.616,2.798
3832,127.733,466.56,427.31,1.487,3.002,3.35
3833,127.767,466.89,426.42,2.694,2.888,3.949
3834,127.8,467.69,425.56,4.383,2.209,4.908
3835,127.833,467.68,425.43,6.025,3.563,7.0
3836,127.867,467.62,426.07,7.117,6.099,9.373
3837,127.9,467.85,426.46,9.142,10.734,14.1
3838,127.933,467.17,427.08,12.636,17.307,21.429
3839,127.967,468.06,427.33,17.387,23.512,29.242
3840,128.0,468.74,427.74,24.012,29.248,37.842
3841,128.033,469.12,428.91,31.419,35.375,47.313
3842,128.067,470.48,430.26,38.188,40.462,55.638
3843,128.1,471.46,432.18,44.744,44.974,63.441
3844,128.133,473.16,433.1,51.032,48.369,70.312
3845,128.167,474.4,434.49,57.384,50.523,76.456
3846,128.2,476.68,436.67,63.797,50.925,81.63
3847,128.233,478.94,436.99,68.758,50.227,85.15
3848,128.267,479.93,440.7,72.593,48.136,87.103
3849,128.3,482.91,444.95,74.325,45.606,87.201
3850,128.333,485.89,446.63,73.528,43.166,85.262
3851,128.367,491.16,449.29,70.464,41.126,81.588
3852,128.4,494.43,449.38,65.769,39.37,76.652
3853,128.433,496.63,447.48,59.413,36.971,69.977
3854,128.467,498.4,449.08,52.437,34.518,62.778
3855,128.5,499.09,450.2,44.36,32.195,54.812
3856,128.533,498.54,449.34,35.965,30.083,46.888
3857,128.567,501.35,450.76,27.821,28.225,39.632
3858,128.6,502.9,451.07,19.659,26.0,32.596
3859,128.633,503.26,452.0,11.937,23.858,26.678
3860,128.667,502.56,453.16,5.297,23.277,23.872
3861,128.7,501.08,455.22,-0.285,22.834,22.836
3862,128.733,501.13,456.38,-4.699,22.318,22.808
3863,128.767,499.41,458.11,-7.955,22.979,24.317
3864,128.8,499.19,459.52,-9.169,22.497,24.294
3865,128.833,499.23,460.48,-8.988,20.623,22.497
3866,128.867,499.8,460.32,-6.827,19.353,20.522
3867,128.9,499.7,459.21,-5.607,15.829,16.792
3868,128.933,499.98,460.26,-4.506,11.786,12.618
3869,128.967,499.96,460.14,-2.69,9.92,10.278
3870,129.0,500.42,460.25,-0.819,7.856,7.899
3871,129.033,500.2,460.61,1.265,6.227,6.354
3872,129.067,499.9,460.47,3.51,4.216,5.486
3873,129.1,500.08,461.98,5.157,2.632,5.79
3874,129.133,500.68,462.4,6.439,1.861,6.703
3875,129.167,499.98,460.33,6.282,1.242,6.403
3876,129.2,500.46,460.7,4.884,0.446,4.905
3877,129.233,500.39,460.91,3.798,0.266,3.807
3878,129.267,500.72,460.68,1.798,0.148,1.804
3879,129.3,501.22,462.17,0.921,0.865,1.263
3880,129.333,501.65,462.9,-0.501,0.651,0.821
3881,129.367,500.26,460.55,-1.623,0.745,1.785
3882,129.4,501.65,462.46,-3.401,0.336,3.417
3883,129.433,502.31,463.66,-5.101,0.429,5.119
3884,129.467,501.12,461.73,-6.599,0.261,6.604
3885,129.5,500.52,461.28,-5.955,0.854,6.016
3886,129.533,499.97,459.25,-6.036,1.231,6.16
3887,129.567,501.05,461.6,-6.704,1.426,6.854
3888,129.6,499.89,460.94,-7.744,1.459,7.88
3889,129.633,497.52,460.47,-8.575,1.067,8.641
3890,129.667,497.56,461.23,-9.264,-0.158,9.265
3891,129.7,498.6,463.2,-8.936,0.329,8.942
3892,129.733,497.75,462.53,-9.201,0.58,9.219
3893,129.767,498.33,463.5,-9.615,1.158,9.684
3894,129.8,496.66,461.46,-10.967,1.462,11.064
3895,129.833,497.57,462.62,-12.613,1.66,12.721
3896,129.867,496.8,460.98,-15.64,0.044,15.64
3897,129.9,497.65,461.81,-18.048,-0.398,18.053
3898,129.933,498.03,462.2,-21.791,-2.054,21.888
3899,129.967,497.92,462.26,-26.156,-4.649,26.566
3900,130.0,492.84,460.82,-29.568,-6.253,30.222
3901,130.033,492.15,461.06,-32.174,-7.284,32.989
3902,130.067,492.11,461.09,-34.053,-6.6,34.687
3903,130.1,492.38,461.83,-36.313,-6.044,36.812
3904,130.133,491.21,461.23,-38.467,-5.37,38.84
3905,130.167,489.24,462.17,-38.902,-3.922,39.099
3906,130.2,486.02,460.44,-38.165,-1.819,38.208
3907,130.233,484.63,460.51,-37.448,-0.864,37.458
3908,130.267,482.73,459.32,-35.87,0.201,35.871
3909,130.3,482.29,459.92,-33.798,0.421,33.8
3910,130.333,480.3,458.02,-30.355,1.551,30.394
3911,130.367,480.83,460.12,-26.745,2.195,26.835
3912,130.4,479.76,460.01,-22.203,3.505,22.478
3913,130.433,480.59,461.13,-17.539,4.48,18.102
3914,130.467,480.84,462.01,-13.466,5.441,14.524
3915,130.5,479.81,462.21,-10.716,5.354,11.979
3916,130.533,478.67,462.36,-6.06,6.591,8.954
3917,130.567,477.72,462.27,-1.753,7.73,7.926
3918,130.6,477.25,461.34,2.213,9.165,9.428
3919,130.633,478.31,462.56,4.66,10.21,11.223
3920,130.667,478.46,462.8,6.518,10.612,12.454
3921,130.7,477.93,461.75,7.186,9.207,11.68
3922,130.733,478.65,462.42,8.123,9.369,12.4
3923,130.767,479.57,462.85,8.151,9.55,12.555
3924,130.8,479.88,463.63,8.315,10.508,13.399
3925,130.833,480.64,463.99,7.769,10.662,13.193
3926,130.867,481.33,464.18,7.998,12.349,14.713
3927,130.9,481.54,464.83,6.949,12.397,14.212
3928,130.933,480.87,465.35,5.56,12.002,13.228
3929,130.967,480.72,465.1,2.653,10.767,11.089
3930,131.0,481.69,467.43,-0.26,9.462,9.465
3931,131.033,481.22,466.59,-3.994,5.787,7.031
3932,131.067,481.68,466.93,-6.86,2.519,7.308
3933,131.1,480.69,466.22,-8.637,-0.716,8.667
3934,131.133,480.73,465.48,-9.321,-3.388,9.917
3935,131.167,479.25,466.44,-11.123,-7.905,13.646
3936,131.2,479.6,468.88,-11.756,-11.401,16.376
3937,131.233,478.71,466.91,-11.072,-13.924,17.789
3938,131.267,479.12,465.92,-12.962,-19.517,23.429
3939,131.3,478.32,464.29,-13.951,-23.513,27.34
3940,131.333,478.03,464.14,-12.771,-25.606,28.614
3941,131.367,476.25,461.61,-10.086,-25.198,27.141
3942,131.4,476.39,461.65,-4.168,-19.95,20.381
3943,131.433,476.58,461.38,0.884,-14.753,14.779
3944,131.467,477.99,460.81,5.495,-10.732,12.057
3945,131.5,476.6,458.05,9.647,-6.41,11.583
3946,131.533,478.6,461.22,12.221,-3.542,12.724
3947,131.567,478.17,459.32,11.937,-3.575,12.461
3948,131.6,477.45,458.14,11.815,-2.722,12.125
3949,131.633,476.41,456.95,12.64,-0.379,12.645
3950,131.667,479.06,459.66,13.53,3.123,13.885
3951,131.7,478.07,457.62,15.382,6.912,16.864
3952,131.733,477.24,457.05,17.373,9.291,19.702
3953,131.767,485.22,465.95,19.568,11.78,22.84
3954,131.8,487.53,467.7,20.632,13.523,24.669
3955,131.833,487.36,468.43,22.842,16.997,28.472
3956,131.867,487.03,467.58,23.235,18.506,29.704
3957,131.9,480.39,459.2,23.272,19.337,30.258
3958,131.933,480.72,458.2,22.216,18.715,29.048
3959,131.967,481.15,459.83,20.364,16.447,26.176
3960,132.0,481.26,459.54,15.632,11.273,19.273
3961,132.033,482.53,459.91,11.545,7.648,13.849
3962,132.067,489.48,468.07,7.155,3.191,7.834
3963,132.1,490.32,468.79,3.483,0.175,3.487
3964,132.133,490.41,468.66,3.293,1.262,3.527
3965,132.167,490.82,468.84,3.252,2.556,4.136
3966,132.2,490.45,468.22,2.326,2.64,3.519
3967,132.233,489.24,467.74,1.969,3.563,4.071
3968,132.267,488.23,467.25,2.114,5.213,5.626
3969,132.3,488.33,467.52,-0.599,3.22,3.275
3970,132.333,483.61,462.02,-4.767,-0.858,4.844
3971,132.367,483.95,461.61,-9.845,-6.973,12.065
3972,132.4,483.55,461.45,-14.756,-13.081,19.719
3973,132.433,483.61,461.04,-18.15,-17.429,25.164
3974,132.467,483.42,461.71,-19.678,-19.115,27.434
3975,132.5,487.48,467.31,-18.87,-18.946,26.741
3976,132.533,488.48,468.19,-15.185,-15.809,21.92
3977,132.567,488.37,468.19,-9.898,-10.063,14.115
3978,132.6,488.27,467.99,-6.527,-6.641,9.311
3979,132.633,481.57,460.38,-3.426,-3.555,4.937
3980,132.667,481.82,460.28,-0.623,-0.343,0.711
3981,132.7,480.96,459.53,0.793,1.492,1.689
3982,132.733,480.98,459.76,2.056,3.25,3.846
3983,132.767,482.91,460.61,3.292,4.572,5.634
3984,132.8,482.45,459.86,4.434,5.769,7.276
3985,132.833,482.26,460.53,4.63,5.881,7.485
3986,132.867,483.12,462.01,6.06,7.494,9.637
3987,132.9,481.93,460.63,7.992,9.725,12.588
3988,132.933,487.15,466.55,10.465,12.531,16.326
3989,132.967,488.03,467.44,13.15,16.092,20.781
3990,133.0,488.01,467.63,15.788,19.136,24.809
3991,133.033,486.92,467.05,16.523,18.506,24.809
3992,133.067,486.97,466.41,16.602,16.822,23.635
3993,133.1,486.65,465.98,15.6,13.45,20.597
3994,133.133,486.58,466.14,13.157,8.369,15.593
3995,133.167,486.62,465.38,12.292,5.419,13.434
3996,133.2,488.43,467.24,10.964,2.094,11.162
3997,133.233,488.16,467.14,9.259,-0.842,9.297
3998,133.267,488.13,467.37,6.869,-4.492,8.208
3999,133.3,487.99,466.49,2.902,-8.325,8.817
4000,133.333,488.32,466.12,-0.46,-10.665,10.675
4001,133.367,490.18,467.24,-3.684,-12.164,12.71
4002,133.4,489.72,466.68,-7.213,-13.037,14.899
4003,133.433,489.58,465.8,-9.023,-12.008,15.02
4004,133.467,489.6,464.56,-12.322,-11.713,17.0
4005,133.5,490.6,464.9,-16.83,-12.014,20.678
4006,133.533,490.25,465.83,-20.44,-12.325,23.868
4007,133.567,488.03,463.89,-22.333,-12.629,25.657
4008,133.6,486.27,462.96,-23.512,-12.771,26.756
4009,133.633,484.14,461.57,-23.127,-12.341,26.214
4010,133.667,483.4,461.11,-20.472,-11.204,23.337
4011,133.7,481.58,460.65,-15.853,-9.278,18.368
4012,133.733,481.02,459.81,-11.396,-8.63,14.295
4013,133.767,481.28,461.41,-6.835,-8.188,10.666
4014,133.8,482.14,462.29,-1.471,-7.779,7.917
4015,133.833,481.13,461.93,3.747,-6.892,7.845
4016,133.867,481.61,462.07,10.012,-5.555,11.45
4017,133.9,483.0,461.85,15.709,-4.486,16.337
4018,133.933,483.3,462.34,21.757,-3.546,22.044
4019,133.967,483.59,459.86,27.618,-2.419,27.724
4020,134.0,487.24,460.07,31.943,-1.219,31.966
4021,134.033,488.11,459.49,34.584,-0.39,34.586
4022,134.067,488.67,459.73,35.288,-0.219,35.289
4023,134.1,490.84,460.29,34.581,-0.768,34.59
4024,134.133,492.11,460.25,32.747,-1.259,32.771
4025,134.167,491.4,459.18,31.054,-0.966,31.069
4026,134.2,490.38,458.7,26.563,-0.728,26.573
4027,134.233,491.13,459.94,21.824,0.065,21.824
4028,134.267,493.24,460.91,15.665,1.713,15.758
4029,134.3,493.77,461.22,8.298,2.905,8.792
4030,134.333,496.62,461.57,0.335,3.368,3.385
4031,134.367,496.27,461.57,-6.392,4.332,7.722
4032,134.4,496.28,460.86,-12.74,4.419,13.484
4033,134.433,495.15,460.85,-18.888,3.807,19.268
4034,134.467,493.51,460.39,-24.386,1.766,24.45
4035,134.5,493.56,460.74,-29.133,-0.448,29.137
4036,134.533,491.63,460.43,-33.233,-1.784,33.281
4037,134.567,490.06,459.15,-36.837,-3.115,36.968
4038,134.6,488.94,461.02,-39.009,-4.242,39.239
4039,134.633,487.0,461.24,-40.137,-6.04,40.589
4040,134.667,482.45,460.7,-40.206,-7.23,40.851
4041,134.7,483.24,461.39,-37.907,-6.596,38.476
4042,134.733,481.0,461.05,-34.242,-5.464,34.675
4043,134.767,481.22,460.56,-29.462,-4.479,29.8
4044,134.8,481.68,459.98,-24.875,-4.297,25.244
4045,134.833,481.16,459.9,-19.434,-3.941,19.829
4046,134.867,479.31,457.74,-14.489,-3.261,14.852
4047,134.9,478.63,457.49,-10.395,-2.871,10.785
4048,134.933,477.99,457.24,-6.899,-2.243,7.254
4049,134.967,478.3,457.95,-3.934,-1.459,4.196
4050,135.0,480.02,460.32,-1.426,-0.753,1.613
4051,135.033,478.72,458.54,0.13,-0.204,0.242
4052,135.067,480.22,459.34,1.899,0.82,2.068
4053,135.1,480.82,459.27,3.015,2.993,4.248
4054,135.133,480.36,460.99,3.472,4.444,5.639
4055,135.167,479.86,460.82,3.055,4.923,5.794
4056,135.2,477.97,458.81,3.971,5.579,6.848
4057,135.233,478.88,459.08,3.775,5.674,6.815
4058,135.267,479.06,459.01,3.903,5.135,6.45
4059,135.3,480.22,460.45,3.212,3.64,4.855
4060,135.333,480.05,460.46,1.689,1.926,2.562
4061,135.367,478.69,459.58,0.199,0.019,0.2
4062,135.4,479.97,460.0,-0.304,-0.541,0.621
4063,135.433,479.96,460.23,-0.881,-0.851,1.225
4064,135.467,480.45,460.0,-0.748,-0.667,1.002
4065,135.5,481.43,460.87,0.572,1.113,1.251
4066,135.533,481.45,461.33,0.962,1.467,1.754
4067,135.567,480.17,460.92,1.035,1.243,1.618
4068,135.6,480.03,460.03,1.352,1.52,2.034
4069,135.633,479.15,459.36,1.191,1.88,2.226
4070,135.667,479.57,460.34,0.469,0.797,0.925
4071,135.7,479.16,459.73,0.053,-0.683,0.685
4072,135.733,479.17,458.95,1.513,-1.225,1.946
4073,135.767,479.48,458.99,3.076,-1.846,3.587
4074,135.8,480.45,460.34,4.427,-2.374,5.024
4075,135.833,481.3,460.87,4.929,-4.427,6.625
4076,135.867,481.29,461.05,6.592,-5.383,8.511
4077,135.9,480.86,460.46,8.898,-6.655,11.111
4078,135.933,482.3,460.9,11.851,-7.222,13.878
4079,135.967,482.8,461.29,14.929,-8.4,17.13
4080,136.0,481.06,457.59,17.972,-9.792,20.466
4081,136.033,481.54,457.01,20.652,-11.664,23.718
4082,136.067,484.4,459.32,22.82,-13.69,26.612
4083,136.1,483.54,457.32,25.888,-15.403,30.124
4084,136.133,484.26,456.39,28.366,-16.922,33.03
4085,136.167,486.61,456.56,31.276,-17.565,35.871
4086,136.2,487.91,456.15,33.8,-17.906,38.25
4087,136.233,487.74,455.22,36.062,-17.791,40.212
4088,136.267,488.55,454.56,39.692,-15.909,42.762
4089,136.3,490.92,453.92,42.469,-14.025,44.725
4090,136.333,494.17,455.45,45.693,-12.542,47.383
4091,136.367,494.39,452.41,48.649,-11.835,50.068
4092,136.4,497.28,453.25,51.696,-11.962,53.062
4093,136.433,497.53,450.71,55.362,-12.945,56.855
4094,136.467,499.58,450.8,56.337,-13.52,57.937
4095,136.5,501.41,451.04,57.725,-16.415,60.013
4096,136.533,502.91,450.98,60.015,-19.066,62.971
4097,136.567,505.32,450.4,62.977,-22.79,66.974
4098,136.6,506.07,449.55,63.982,-28.971,70.236
4099,136.633,509.07,449.86,65.303,-34.971,74.078
4100,136.667,511.18,449.05,67.465,-40.717,78.8
4101,136.7,514.02,447.35,68.851,-46.288,82.964
4102,136.733,518.07,446.51,70.069,-51.248,86.81
4103,136.767,518.27,442.63,71.565,-55.601,90.626
4104,136.8,522.9,441.06,73.804,-59.699,94.927
4105,136.833,524.11,438.26,75.226,-63.811,98.644
4106,136.867,526.1,436.03,75.778,-68.753,102.319
4107,136.9,527.75,433.65,75.659,-73.23,105.295
4108,136.933,528.35,431.95,73.326,-77.594,106.759
4109,136.967,534.6,425.37,70.216,-80.694,106.966
4110,137.0,535.51,423.22,66.125,-84.06,106.951
4111,137.033,537.71,420.62,60.21,-88.263,106.844
4112,137.067,538.5,419.14,52.649,-93.046,106.909
4113,137.1,542.03,417.91,43.423,-97.983,107.174
4114,137.133,544.91,415.7,34.218,-102.645,108.198
4115,137.167,545.39,413.02,25.04,-107.414,110.295
4116,137.2,546.91,409.28,16.06,-110.424,111.585
4117,137.233,547.45,404.49,8.976,-113.335,113.69
4118,137.267,548.39,399.69,2.466,-115.848,115.874
4119,137.3,547.21,395.11,-1.352,-117.042,117.049
4120,137.333,546.95,391.08,-2.189,-114.685,114.705
4121,137.367,544.3,385.96,-2.378,-113.622,113.647
4122,137.4,543.24,382.93,-2.515,-114.809,114.837
4123,137.433,542.62,377.05,-2.629,-117.838,117.867
4124,137.467,541.69,371.82,-2.005,-122.663,122.679
4125,137.5,539.52,367.64,-3.309,-126.1,126.144
4126,137.533,539.51,364.8,-4.612,-129.067,129.149
4127,137.567,540.76,362.27,-6.463,-131.022,131.182
4128,137.6,542.73,359.99,-7.235,-132.849,133.046
4129,137.633,544.7,357.71,-9.292,-134.424,134.745
4130,137.667,545.83,355.17,-12.484,-135.619,136.192
4131,137.7,548.66,348.56,-16.233,-136.618,137.579
4132,137.733,547.69,345.38,-21.1,-136.828,138.445
4133,137.767,547.47,340.03,-26.818,-136.137,138.754
4134,137.8,546.42,335.19,-33.455,-134.356,138.458
4135,137.833,538.09,320.9,-39.617,-131.015,136.874
4136,137.867,535.56,315.66,-45.209,-126.749,134.57
4137,137.9,533.47,312.71,-48.652,-120.811,130.24
4138,137.933,531.96,310.3,-50.613,-115.034,125.676
4139,137.967,530.85,308.18,-50.689,-108.438,119.7
4140,138.0,529.29,306.25,-49.629,-101.59,113.065
4141,138.033,528.35,303.71,-47.91,-95.445,106.795
4142,138.067,527.72,301.0,-45.922,-89.95,100.994
4143,138.1,525.05,299.33,-44.379,-86.252,97.0
4144,138.133,524.08,296.77,-43.838,-83.386,94.207
4145,138.167,522.43,294.17,-44.58,-82.726,93.974
4146,138.2,521.57,291.82,-46.727,-85.085,97.072
4147,138.233,520.9,288.71,-51.925,-87.646,101.872
4148,138.267,520.67,286.28,-58.668,-92.425,109.473
4149,138.3,520.2,283.67,-66.652,-97.496,118.102
4150,138.333,518.99,279.59,-75.993,-103.877,128.707
4151,138.367,516.55,275.53,-81.883,-105.54,133.58
4152,138.4,512.94,270.12,-86.016,-105.04,135.765
4153,138.433,509.03,265.38,-87.477,-102.554,134.795
4154,138.467,502.82,260.85,-86.367,-98.729,131.174
4155,138.5,497.43,257.32,-82.975,-93.349,124.895
4156,138.533,494.84,255.64,-76.734,-86.55,115.668
4157,138.567,492.04,252.85,-68.722,-78.638,104.435
4158,138.6,489.84,252.19,-59.099,-68.95,90.812
4159,138.633,487.99,248.69,-48.032,-59.821,76.718
4160,138.667,486.29,246.99,-36.665,-50.18,62.148
4161,138.7,485.34,246.82,-25.264,-40.276,47.544
4162,138.733,485.75,245.25,-14.367,-31.574,34.689
4163,138.767,486.94,245.04,-5.002,-23.751,24.272
4164,138.8,487.24,242.9,2.277,-17.31,17.459
4165,138.833,488.88,242.78,7.24,-12.51,14.454
4166,138.867,490.02,242.78,9.791,-8.948,13.264
4167,138.9,491.76,243.08,10.207,-6.582,12.145
4168,138.933,492.1,242.58,8.307,-5.098,9.746
4169,138.967,492.22,243.24,5.089,-3.936,6.434
4170,139.0,492.3,243.22,2.48,-1.724,3.02
4171,139.033,490.89,242.77,0.276,0.502,0.573
4172,139.067,490.13,243.05,-2.337,1.691,2.885
4173,139.1,487.91,241.39,-5.167,1.644,5.422
4174,139.133,487.05,242.9,-7.008,1.467,7.16
4175,139.167,486.37,242.39,-7.498,2.424,7.881
4176,139.2,486.34,241.31,-6.462,3.716,7.454
4177,139.233,486.06,242.18,-4.799,4.136,6.335
4178,139.267,487.05,242.7,-2.058,5.135,5.532
4179,139.3,488.02,242.95,1.003,5.406,5.498
4180,139.333,488.58,242.98,4.996,6.801,8.439
4181,139.367,488.81,243.09,8.465,7.666,11.42
4182,139.4,488.7,242.98,10.893,7.328,13.129
4183,139.433,490.05,244.26,11.72,5.848,13.098
4184,139.467,490.03,244.99,11.355,4.028,12.048
4185,139.5,488.98,243.13,9.812,0.477,9.824
4186,139.533,489.16,242.74,6.037,-4.314,7.419
4187,139.567,489.68,243.09,1.309,-9.154,9.247
4188,139.6,491.38,246.05,-4.519,-13.916,14.631
4189,139.633,491.09,245.03,-9.456,-16.796,19.275
4190,139.667,490.14,243.92,-15.076,-19.434,24.596
4191,139.7,489.0,243.01,-20.663,-20.558,29.148
4192,139.733,489.77,243.04,-26.257,-20.146,33.095
4193,139.767,488.52,241.16,-31.502,-19.139,36.86
4194,139.8,487.39,240.41,-35.811,-17.402,39.815
4195,139.833,484.97,237.47,-39.745,-15.547,42.678
4196,139.867,483.18,235.81,-42.936,-13.1,44.89
4197,139.9,482.02,235.55,-46.193,-10.498,47.371
4198,139.933,480.48,235.17,-46.468,-6.722,46.952
4199,139.967,478.5,234.17,-48.012,-4.627,48.234
4200,140.0,475.91,235.57,-48.505,-2.74,48.582
4201,140.033,475.3,237.77,-47.226,-0.872,47.235
4202,140.067,473.91,239.12,-44.901,0.882,44.91
4203,140.1,472.82,240.19,-41.986,2.313,42.049
4204,140.133,469.49,239.99,-39.709,1.375,39.733
4205,140.167,469.02,240.1,-37.258,0.165,37.258
4206,140.2,468.07,239.03,-34.078,-1.467,34.109
4207,140.233,467.58,238.53,-31.276,-3.532,31.475
4208,140.267,467.75,237.99,-29.383,-6.777,30.155
4209,140.3,465.87,236.87,-28.68,-10.775,30.637
4210,140.333,465.0,236.97,-28.028,-14.967,31.774
4211,140.367,463.75,236.13,-27.402,-17.722,32.633
4212,140.4,465.14,235.93,-26.595,-18.383,32.33
4213,140.433,460.19,233.17,-25.321,-18.217,31.193
4214,140.467,462.38,234.58,-23.856,-16.253,28.867
4215,140.5,461.53,232.91,-22.328,-12.051,25.373
4216,140.533,460.23,233.45,-20.847,-7.263,22.076
4217,140.567,459.16,233.51,-19.244,-2.058,19.353
4218,140.6,458.26,233.28,-17.896,2.239,18.035
4219,140.633,458.0,233.92,-17.39,5.601,18.27
4220,140.667,457.21,233.34,-14.992,9.986,18.013
4221,140.7,455.3,233.21,-11.869,13.692,18.121
4222,140.733,455.79,233.09,-7.657,17.584,19.178
4223,140.767,455.19,233.65,-3.591,20.67,20.979
4224,140.8,457.06,236.16,-0.255,22.548,22.55
4225,140.833,456.64,237.6,3.519,25.083,25.328
4226,140.867,457.67,239.0,7.446,26.179,27.217
4227,140.9,458.23,238.86,11.462,26.352,28.737
4228,140.933,457.31,240.61,13.657,24.926,28.422
4229,140.967,456.79,240.8,17.967,24.669,30.518
4230,141.0,456.93,240.81,20.528,23.338,31.081
4231,141.033,458.76,241.85,22.182,22.155,31.351
4232,141.067,458.69,241.33,23.785,20.027,31.094
4233,141.1,460.14,243.43,24.648,16.671,29.757
4234,141.133,463.36,245.62,25.199,12.809,28.268
4235,141.167,464.06,243.98,24.48,7.149,25.503
4236,141.2,464.56,244.48,23.773,1.975,23.855
4237,141.233,464.08,243.74,23.952,-2.534,24.086
4238,141.267,465.28,244.14,24.642,-5.035,25.151
4239,141.3,466.76,245.51,26.8,-6.951,27.687
4240,141.333,467.74,243.14,29.333,-7.95,30.392
4241,141.367,468.27,243.26,33.511,-9.493,34.83
4242,141.4,469.13,243.17,38.327,-11.309,39.96
4243,141.433,470.94,244.15,44.047,-13.141,45.965
4244,141.467,471.08,242.3,51.419,-15.554,53.72
4245,141.5,472.34,240.6,60.233,-17.897,62.836
4246,141.533,474.37,239.0,70.117,-20.658,73.097
4247,141.567,475.29,237.62,78.922,-23.405,82.319
4248,141.6,477.95,237.48,87.101,-25.922,90.876
4249,141.633,480.33,236.7,93.465,-28.892,97.829
4250,141.667,485.17,238.82,97.02,-33.581,102.668
4251,141.7,489.09,238.55,99.107,-38.679,106.388
4252,141.733,493.83,238.23,99.269,-43.87,108.531
4253,141.767,498.16,235.17,97.333,-47.598,108.348
4254,141.8,502.13,234.37,93.314,-50.98,106.332
4255,141.833,505.87,230.0,86.046,-53.995,101.584
4256,141.867,508.7,228.5,75.838,-54.719,93.518
4257,141.9,511.67,225.99,64.208,-54.864,84.455
4258,141.933,513.51,224.43,51.606,-54.356,74.952
4259,141.967,514.31,222.09,38.165,-53.221,65.491
4260,142.0,514.26,219.56,24.562,-50.676,56.315
4261,142.033,513.02,218.69,11.19,-46.71,48.032
4262,142.067,513.07,216.11,-1.468,-41.357,41.383
4263,142.1,513.16,214.92,-11.641,-34.938,36.827
4264,142.133,513.8,212.57,-19.618,-27.721,33.96
4265,142.167,513.56,212.19,-24.873,-19.933,31.874
4266,142.2,511.39,214.05,-27.452,-13.673,30.668
4267,142.233,509.33,214.74,-27.626,-8.308,28.848
4268,142.267,508.6,213.9,-26.285,-4.613,26.687
4269,142.3,506.27,214.72,-23.883,-0.439,23.887
4270,142.333,506.19,214.28,-19.569,1.27,19.61
4271,142.367,507.04,213.43,-14.536,3.269,14.899
4272,142.4,506.46,214.12,-9.523,4.175,10.398
4273,142.433,505.7,215.04,-5.23,4.137,6.668
4274,142.467,504.55,214.28,-2.115,2.931,3.614
4275,142.5,505.13,214.05,0.289,1.167,1.202
4276,142.533,506.06,213.78,1.846,-0.323,1.874
4277,142.567,507.16,213.57,4.725,-3.256,5.739
4278,142.6,507.45,214.03,6.866,-5.08,8.541
4279,142.633,508.2,213.5,8.535,-7.105,11.105
4280,142.667,509.49,213.41,9.253,-8.187,12.355
4281,142.7,508.68,213.67,9.187,-8.829,12.741
4282,142.733,508.7,213.41,9.414,-9.906,13.666
4283,142.767,509.23,213.72,10.073,-10.89,14.834
4284,142.8,510.43,211.31,10.928,-11.22,15.662
4285,142.833,508.82,212.32,12.72,-11.445,17.111
4286,142.867,507.99,211.34,15.056,-11.202,18.766
4287,142.9,508.2,210.57,17.676,-9.979,20.298
4288,142.933,508.54,210.59,20.9,-8.58,22.592
4289,142.967,510.1,210.53,24.057,-6.492,24.917
4290,143.0,511.33,210.37,27.092,-3.304,27.293
4291,143.033,513.81,209.15,29.844,0.306,29.846
4292,143.067,512.87,210.59,31.159,4.394,31.468
4293,143.1,514.79,209.06,30.818,8.668,32.014
4294,143.133,516.05,209.61,28.443,12.433,31.042
4295,143.167,517.26,210.23,24.897,15.471,29.312
4296,143.2,518.44,211.24,19.31,17.976,26.383
4297,143.233,519.33,212.03,13.689,19.255,23.625
4298,143.267,520.42,212.49,8.057,19.687,21.272
4299,143.3,520.94,213.52,1.727,18.789,18.869
4300,143.333,521.9,214.26,-5.729,17.516,18.43
4301,143.367,521.65,215.56,-13.235,14.682,19.767
4302,143.4,519.83,216.75,-20.02,11.426,23.051
4303,143.433,517.31,218.34,-26.087,8.271,27.367
4304,143.467,515.69,217.92,-31.029,4.972,31.425
4305,143.5,514.7,217.41,-34.754,2.295,34.83
4306,143.533,512.06,217.33,-37.317,0.174,37.317
4307,143.567,510.87,216.65,-39.887,-0.952,39.898
4308,143.6,509.66,215.87,-39.598,-1.041,39.611
4309,143.633,510.4,215.14,-37.464,0.919,37.476
4310,143.667,509.34,215.54,-34.117,4.196,34.374
4311,143.7,509.63,214.98,-29.781,8.227,30.897
4312,143.733,508.11,215.24,-25.124,12.368,28.003
4313,143.767,505.82,215.04,-19.992,16.581,25.973
4314,143.8,504.43,215.04,-15.018,21.073,25.877
4315,143.833,503.31,216.55,-10.45,25.04,27.133
4316,143.867,503.77,218.17,-6.949,28.56,29.394
4317,143.9,503.72,220.02,-4.128,31.336,31.607
4318,143.933,504.06,221.59,-1.741,32.822,32.868
4319,143.967,504.61,223.67,0.323,32.112,32.113
4320,144.0,504.4,224.59,1.724,30.05,30.1
4321,144.033,504.85,225.97,2.63,26.899,27.027
4322,144.067,506.84,228.33,3.985,22.746,23.092
4323,144.1,506.7,227.94,5.024,17.823,18.517
4324,144.133,505.55,227.91,6.211,12.688,14.127
4325,144.167,505.47,227.14,6.322,7.502,9.811
4326,144.2,505.29,226.8,6.445,2.698,6.987
4327,144.233,505.95,226.93,3.024,-2.528,3.941
4328,144.267,505.9,226.88,0.867,-6.435,6.493
4329,144.3,506.04,226.26,0.167,-8.762,8.763
4330,144.333,506.34,226.29,0.854,-9.895,9.932
4331,144.367,506.54,225.99,2.367,-10.002,10.278
4332,144.4,505.88,225.01,4.241,-9.317,10.236
4333,144.433,505.61,224.35,6.384,-7.884,10.144
4334,144.467,506.07,224.44,8.788,-5.921,10.596
4335,144.5,506.95,224.59,11.082,-3.793,11.713
4336,144.533,507.01,224.68,13.681,-2.015,13.829
4337,144.567,506.94,224.41,16.275,-0.522,16.283
4338,144.6,507.61,224.7,17.396,-0.295,17.398
4339,144.633,507.59,224.66,17.984,-0.26,17.986
4340,144.667,507.94,225.17,18.536,-1.052,18.566
4341,144.7,507.33,224.08,18.802,-1.481,18.861
4342,144.733,514.09,226.62,18.993,-1.309,19.038
4343,144.767,513.64,225.74,18.675,-1.334,18.723
4344,144.8,513.61,224.93,18.184,-1.238,18.226
4345,144.833,513.03,225.43,17.677,-0.487,17.684
4346,144.867,513.65,225.22,17.057,0.966,17.084
4347,144.9,513.76,225.25,16.287,2.957,16.553
4348,144.933,514.41,224.75,15.93,5.392,16.818
4349,144.967,514.59,224.43,15.734,7.958,17.632
4350,145.0,515.03,223.54,15.589,10.468,18.778
4351,145.033,515.21,224.46,15.173,12.899,19.914
4352,145.067,515.14,224.69,14.92,14.933,21.109
4353,145.1,515.97,225.26,14.953,16.68,22.401
4354,145.133,516.54,225.96,15.148,18.268,23.732
4355,145.167,517.45,228.18,15.797,18.729,24.501
4356,145.2,518.32,229.28,16.864,17.797,24.518
4357,145.233,519.08,229.62,19.024,17.642,25.945
4358,145.267,519.96,231.21,18.048,16.657,24.56
4359,145.3,520.86,232.42,16.855,17.367,24.202
4360,145.333,521.3,233.08,15.455,18.718,24.274
4361,145.367,521.6,232.55,14.159,19.278,23.919
4362,145.4,521.89,231.9,12.293,18.194,21.957
4363,145.433,521.92,231.81,10.436,15.975,19.082
4364,145.467,522.42,232.25,8.264,12.823,15.256
4365,145.5,522.57,232.35,6.061,9.32,11.117
4366,145.533,522.81,232.11,3.727,5.954,7.024
4367,145.567,522.9,232.35,1.522,2.331,2.784
4368,145.6,523.09,232.78,-0.084,-0.789,0.793
4369,145.633,522.88,232.22,-1.519,-3.561,3.871
4370,145.667,522.78,234.22,-2.555,-5.792,6.331
4371,145.7,522.61,237.17,-3.075,-7.761,8.348
4372,145.733,522.41,237.88,-3.399,-9.678,10.257
4373,145.767,522.62,237.76,-3.611,-11.059,11.633
4374,145.8,522.5,233.96,-3.415,-12.336,12.8
4375,145.833,522.08,230.99,-3.101,-13.407,13.761
4376,145.867,521.77,228.79,-2.791,-14.476,14.743
4377,145.9,521.99,229.03,-2.362,-14.962,15.148
4378,145.933,521.66,228.49,-1.797,-14.718,14.827
4379,145.967,521.55,228.72,-0.977,-13.79,13.825
4380,146.0,521.46,228.42,-0.256,-12.466,12.468
4381,146.033,521.62,228.71,0.537,-10.461,10.474
4382,146.067,521.87,228.93,1.119,-7.66,7.741
4383,146.1,521.83,228.73,1.636,-4.471,4.761
4384,146.133,522.11,229.1,1.716,-1.154,2.068
4385,146.167,522.36,229.52,1.698,2.427,2.962
4386,146.2,521.99,228.8,1.637,5.182,5.434
4387,146.233,522.18,229.24,1.572,6.082,6.282
4388,146.267,522.7,229.67,1.238,4.979,5.13
4389,146.3,522.3,229.67,0.349,1.662,1.698
4390,146.333,522.0,229.17,-0.807,-1.567,1.762
4391,146.367,522.2,229.12,-2.188,-4.77,5.248
4392,146.4,522.23,229.02,-3.84,-7.584,8.501
4393,146.433,522.1,229.08,-5.635,-10.594,12.0
4394,146.467,521.86,228.93,-7.365,-13.406,15.296
4395,146.5,521.71,228.76,-7.411,-15.417,17.105
4396,146.533,521.27,228.05,-8.394,-17.523,19.429
4397,146.567,521.11,227.15,-9.85,-19.448,21.8
4398,146.6,520.58,226.33,-11.48,-21.218,24.124
4399,146.633,520.58,225.43,-12.691,-21.992,25.391
4400,146.667,520.22,225.16,-13.449,-22.292,26.035
4401,146.7,519.49,224.09,-13.98,-22.813,26.756
4402,146.733,518.52,222.31,-13.369,-21.835,25.603
4403,146.767,518.03,221.35,-12.255,-19.965,23.426
4404,146.8,517.78,221.06,-10.811,-17.58,20.638
4405,146.833,517.24,220.16,-9.105,-15.12,17.65
4406,146.867,517.13,220.17,-6.82,-12.156,13.938
4407,146.9,517.51,220.29,-4.438,-8.561,9.643
4408,146.933,517.42,220.07,-2.412,-5.472,5.981
4409,146.967,517.71,220.27,-0.595,-2.675,2.741
4410,147.0,513.8,218.46,0.611,-0.833,1.033
4411,147.033,515.17,219.24,1.196,-0.195,1.212
4412,147.067,516.28,219.44,1.26,-0.655,1.42
4413,147.1,517.31,220.11,0.944,-1.68,1.927
4414,147.133,517.78,219.63,0.436,-2.904,2.937
4415,147.167,517.96,219.63,-1.063,-4.638,4.758
4416,147.2,518.65,221.26,-3.183,-7.048,7.733
4417,147.233,517.93,220.65,-6.19,-10.218,11.946
4418,147.267,517.65,219.69,-9.845,-13.813,16.962
4419,147.3,516.84,218.69,-13.162,-17.707,22.063
4420,147.333,516.7,218.51,-16.759,-22.328,27.918
4421,147.367,515.53,217.64,-20.133,-26.528,33.303
4422,147.4,514.26,215.26,-22.989,-30.815,38.446
4423,147.433,513.59,214.56,-26.052,-35.037,43.661
4424,147.467,512.36,212.63,-27.096,-39.225,47.674
4425,147.5,511.84,211.65,-28.836,-42.56,51.409
4426,147.533,511.18,210.96,-27.715,-43.882,51.901
4427,147.567,510.58,210.63,-26.179,-44.227,51.394
4428,147.6,509.2,209.49,-23.997,-43.558,49.731
4429,147.633,507.44,207.23,-22.037,-41.98,47.412
4430,147.667,506.65,205.38,-19.616,-39.046,43.697
4431,147.7,505.39,202.88,-16.894,-35.338,39.169
4432,147.733,505.41,201.18,-14.521,-32.043,35.18
4433,147.767,506.24,200.22,-11.373,-28.932,31.087
4434,147.8,505.18,199.11,-8.694,-25.761,27.189
4435,147.833,505.6,199.08,-6.124,-22.431,23.252
4436,147.867,505.97,198.04,-4.42,-19.026,19.532
4437,147.9,505.79,197.85,-3.33,-15.651,16.002
4438,147.933,507.06,197.8,-3.138,-11.28,11.708
4439,147.967,503.59,199.02,-4.851,-6.983,8.503
4440,148.0,505.06,198.71,-5.357,-3.009,6.144
4441,148.033,504.58,198.5,-5.322,0.519,5.347
4442,148.067,504.82,198.3,-4.952,2.962,5.77
4443,148.1,504.31,198.46,-4.439,4.274,6.162
4444,148.133,505.31,198.07,-2.281,3.333,4.039
4445,148.167,505.08,197.41,-0.047,1.649,1.649
4446,148.2,504.93,197.2,1.614,-0.286,1.639
4447,148.233,505.03,196.99,3.584,-1.424,3.857
4448,148.267,503.34,197.94,4.796,-1.034,4.906
4449,148.3,503.19,198.9,5.83,0.126,5.831
4450,148.333,502.48,199.86,7.496,2.09,7.782
4451,148.367,502.34,199.75,7.88,4.268,8.961
4452,148.4,502.68,199.78,8.491,6.651,10.786
4453,148.433,504.44,198.73,9.586,9.069,13.196
4454,148.467,509.34,197.59,9.712,11.103,14.751
4455,148.5,509.1,197.89,11.341,12.232,16.681
4456,148.533,509.08,197.45,12.196,12.713,17.617
4457,148.567,509.16,197.75,12.645,12.612,17.86
4458,148.6,509.18,197.28,11.747,11.889,16.713
4459,148.633,505.8,200.2,9.627,10.327,14.118
4460,148.667,505.64,202.33,6.035,8.452,10.386
4461,148.7,506.49,204.05,1.516,6.374,6.552
4462,148.733,506.58,205.08,-3.704,4.224,5.618
4463,148.767,508.29,204.0,-9.273,2.258,9.544
4464,148.8,507.89,203.4,-14.21,-0.161,14.211
4465,148.833,507.28,202.6,-18.425,-3.23,18.706
4466,148.867,509.68,201.48,-21.19,-6.763,22.244
4467,148.9,508.91,201.12,-21.909,-10.18,24.158
4468,148.933,507.25,200.27,-21.014,-13.967,25.232
4469,148.967,506.07,199.99,-19.239,-16.642,25.438
4470,149.0,504.2,199.05,-19.266,-18.516,26.721
4471,149.033,501.94,198.65,-18.327,-19.389,26.679
4472,149.067,499.97,198.06,-16.683,-18.691,25.053
4473,149.1,499.22,197.62,-14.481,-17.047,22.368
4474,149.133,499.54,197.42,-13.004,-13.806,18.966
4475,149.167,499.42,196.82,-8.784,-10.701,13.845
4476,149.2,499.79,196.71,-3.304,-7.952,8.611
4477,149.233,500.44,196.44,2.363,-5.832,6.292
4478,149.267,500.77,196.04,8.489,-3.873,9.331
4479,149.3,502.01,196.02,14.36,-1.95,14.492
4480,149.333,502.88,196.43,20.08,0.138,20.08
4481,149.367,503.77,196.36,25.655,0.354,25.657
4482,149.4,503.52,196.04,27.531,1.328,27.563
4483,149.433,504.02,196.98,27.559,2.815,27.702
4484,149.467,504.63,196.42,26.563,4.749,26.985
4485,149.5,506.7,197.51,24.007,7.484,25.146
4486,149.533,507.08,197.49,20.548,10.74,23.185
4487,149.567,507.48,197.2,17.143,14.632,22.538
4488,149.6,507.59,197.85,13.782,18.755,23.274
4489,149.633,510.51,198.49,10.244,23.132,25.299
4490,149.667,510.34,199.24,7.119,27.927,28.82
4491,149.7,510.28,200.28,4.779,33.154,33.497
4492,149.733,510.85,201.48,3.089,38.258,38.382
4493,149.767,510.94,201.29,1.289,43.193,43.213
4494,149.8,509.46,202.44,-0.508,47.761,47.764
4495,149.833,508.25,202.69,-2.981,51.363,51.449
4496,149.867,506.19,208.47,-5.969,54.029,54.358
4497,149.9,507.6,210.41,-9.429,55.501,56.296
4498,149.933,507.76,212.21,-12.82,55.903,57.354
4499,149.967,507.04,214.77,-16.106,55.084,57.391
4500,150.0,507.2,215.92,-19.025,54.075,57.324
4501,150.033,507.26,218.13,-22.031,52.147,56.61
4502,150.067,506.54,219.45,-24.497,49.7,55.41
4503,150.1,506.65,221.62,-26.144,47.325,54.066
4504,150.133,507.27,223.55,-26.736,44.684,52.072
4505,150.167,505.96,224.47,-27.753,42.157,50.472
4506,150.2,504.01,225.13,-28.252,39.879,48.873
4507,150.233,501.4,225.9,-27.944,37.416,46.699
4508,150.267,499.72,226.34,-27.287,34.964,44.352
4509,150.3,498.11,226.91,-26.571,33.487,42.748
4510,150.333,497.1,228.25,-24.818,32.079,40.559
4511,150.367,496.25,228.87,-22.027,31.547,38.476
4512,150.4,495.56,230.45,-17.661,29.875,34.705
4513,150.433,495.6,232.57,-13.333,28.0,31.013
4514,150.467,495.82,234.06,-9.038,26.171,27.688
4515,150.5,496.17,235.02,-4.593,24.352,24.781
4516,150.533,496.17,235.88,-0.209,22.545,22.546
4517,150.567,496.61,237.06,3.172,21.387,21.621
4518,150.6,496.85,237.73,5.869,20.011,20.854
4519,150.633,497.21,238.52,6.062,16.937,17.989
4520,150.667,497.41,238.62,6.578,15.0,16.379
4521,150.7,498.17,238.25,7.495,14.485,16.309
4522,150.733,498.25,238.54,8.956,14.523,17.062
4523,150.767,498.21,238.37,11.097,15.096,18.736
4524,150.8,498.8,237.93,13.166,16.203,20.878
4525,150.833,498.9,238.94,15.495,17.631,23.472
4526,150.867,498.97,240.5,18.092,19.088,26.3
4527,150.9,499.22,240.67,21.454,21.557,30.413
4528,150.933,499.22,241.92,24.594,22.595,33.398
4529,150.967,499.66,243.14,27.25,22.324,35.226
4530,151.0,500.45,243.54,29.445,20.994,36.163
4531,151.033,500.5,245.5,31.586,21.477,38.196
4532,151.067,502.3,244.97,33.837,24.864,41.99
4533,151.1,504.52,247.01,35.669,30.777,47.112
4534,151.133,510.96,252.55,36.516,37.44,52.299
4535,151.167,510.87,252.61,35.657,43.914,56.567
4536,151.2,511.15,251.97,33.847,52.664,62.603
4537,151.233,511.16,252.96,31.421,64.922,72.125
4538,151.267,511.48,253.9,29.658,80.09,85.405
4539,151.3,512.88,255.38,28.343,98.197,102.206
4540,151.333,514.02,257.8,27.728,119.0,122.188
4541,151.367,514.83,260.73,27.387,139.384,142.049
4542,151.4,514.24,262.71,28.762,160.626,163.181
4543,151.433,515.58,270.21,31.214,181.271,183.938
4544,151.467,517.16,279.16,34.881,200.424,203.437
4545,151.5,518.75,290.79,39.606,218.092,221.659
4546,151.533,519.21,298.84,45.056,234.322,238.614
4547,151.567,519.23,304.85,51.175,247.312,252.552
4548,151.6,519.52,310.58,55.912,256.828,262.843
4549,151.633,521.25,320.6,61.601,265.273,272.332
4550,151.667,525.32,334.17,63.958,268.502,276.014
4551,151.7,529.36,344.54,65.261,268.014,275.845
4552,151.733,533.11,352.6,67.682,264.468,272.991
4553,151.767,535.21,360.22,69.389,256.417,265.64
4554,151.8,538.22,366.77,70.371,245.13,255.031
4555,151.833,540.21,372.42,69.528,232.217,242.402
4556,151.867,543.84,382.23,66.795,217.037,227.083
4557,151.9,544.51,387.16,62.414,200.672,210.154
4558,151.933,545.87,394.67,59.768,186.933,196.255
4559,151.967,547.0,401.98,56.346,174.235,183.119
4560,152.0,547.79,407.8,52.578,162.404,170.703
4561,152.033,548.58,412.72,49.471,150.686,158.599
4562,152.067,550.34,418.43,47.257,140.62,148.348
4563,152.1,555.76,427.27,46.516,132.856,140.764
4564,152.133,555.76,427.62,49.92,129.423,138.717
4565,152.167,558.47,429.6,56.257,128.271,140.065
4566,152.2,562.05,431.84,63.727,126.173,141.353
4567,152.233,560.2,433.63,71.135,122.98,142.072
4568,152.267,561.68,438.24,77.363,118.913,141.864
4569,152.3,563.14,442.49,85.556,115.001,143.336
4570,152.333,566.25,445.01,94.039,111.314,145.719
4571,152.367,570.62,450.8,102.088,107.701,148.396
4572,152.4,576.37,457.82,108.114,102.7,149.118
4573,152.433,577.4,461.79,114.093,98.883,150.98
4574,152.467,582.63,466.14,120.2,95.167,153.313
4575,152.5,588.0,470.41,124.624,90.836,154.215
4576,152.533,591.96,473.02,126.917,85.875,153.24
4577,152.567,597.5,474.92,128.587,80.805,151.868
4578,152.6,604.2,478.12,130.267,74.901,150.265
4579,152.633,606.0,478.37,127.495,66.118,143.619
4580,152.667,608.59,478.04,125.076,58.193,137.951
4581,152.7,611.77,478.44,120.855,50.37,130.931
4582,152.733,616.48,479.95,113.904,43.209,121.825
4583,152.767,623.64,482.65,107.384,37.928,113.886
4584,152.8,624.99,483.31,100.193,33.243,105.564
4585,152.833,627.05,484.53,93.016,29.662,97.631
4586,152.867,630.32,487.74,85.775,28.474,90.378
4587,152.9,634.35,489.89,77.536,27.757,82.355
4588,152.933,636.16,490.89,68.476,26.958,73.591
4589,152.967,635.52,490.99,59.66,25.273,64.792
4590,153.0,637.91,491.3,50.425,24.038,55.862
4591,153.033,642.21,492.19,39.986,21.312,45.311
4592,153.067,644.1,492.44,29.693,17.729,34.583
4593,153.1,643.1,492.83,19.3,14.129,23.919
4594,153.133,646.81,492.56,7.959,9.405,12.321
4595,153.167,645.15,492.06,-1.191,5.206,5.341
4596,153.2,644.64,492.9,-8.613,1.73,8.785
4597,153.233,644.3,493.66,-13.506,-0.357,13.511
4598,153.267,643.18,493.63,-17.503,-1.94,17.61
4599,153.3,642.47,494.27,-21.571,-3.766,21.897
4600,153.333,641.4,494.3,-23.984,-4.778,24.455
4601,153.367,639.57,493.59,-24.57,-4.779,25.031
4602,153.4,638.78,493.51,-23.827,-4.884,24.322
4603,153.433,635.76,491.54,-22.622,-5.082,23.186
4604,153.467,635.94,493.19,-20.978,-5.933,21.8
4605,153.5,634.85,490.87,-17.039,-6.75,18.327
4606,153.533,635.84,491.46,-12.033,-7.333,14.092
4607,153.567,636.56,492.13,-7.439,-8.24,11.101
4608,153.6,637.01,491.65,-2.588,-8.622,9.002
4609,153.633,637.91,491.72,3.47,-8.845,9.501
4610,153.667,637.3,491.06,7.694,-8.447,11.426
4611,153.7,638.04,491.37,12.078,-7.201,14.062
4612,153.733,637.17,490.32,15.605,-6.037,16.732
4613,153.767,638.28,490.28,18.442,-4.434,18.968
4614,153.8,637.82,490.62,20.473,-2.821,20.667
4615,153.833,638.83,490.91,21.276,-1.845,21.356
4616,153.867,639.45,490.45,21.313,-0.999,21.336
4617,153.9,639.71,489.58,20.979,-0.207,20.98
4618,153.933,640.01,488.43,19.557,0.099,19.557
4619,153.967,642.1,489.12,19.156,1.017,19.183
4620,154.0,643.48,489.65,18.1,0.733,18.115
4621,154.033,644.62,489.87,17.374,1.183,17.414
4622,154.067,645.53,490.87,16.228,1.38,16.287
4623,154.1,645.5,490.7,14.594,1.132,14.638
4624,154.133,645.37,491.03,12.638,0.996,12.677
4625,154.167,645.46,491.06,10.034,0.778,10.065
4626,154.2,645.29,490.97,7.971,0.88,8.02
4627,154.233,645.89,491.48,5.243,0.552,5.272
4628,154.267,645.38,490.28,2.874,0.668,2.951
4629,154.3,645.39,490.12,0.328,-0.083,0.338
4630,154.333,645.76,490.39,-1.283,-1.385,1.888
4631,154.367,645.41,489.76,-2.716,-1.999,3.372
4632,154.4,645.08,489.46,-4.654,-1.259,4.821
4633,154.433,645.69,489.43,-6.616,-0.843,6.67
4634,154.467,644.89,489.37,-8.914,-1.107,8.982
4635,154.5,645.08,489.61,-10.06,0.075,10.06
4636,154.533,644.94,489.97,-12.459,-0.692,12.478
4637,154.567,644.5,490.02,-14.82,-3.232,15.168
4638,154.6,644.19,490.02,-17.318,-6.99,18.676
4639,154.633,643.67,489.77,-19.87,-12.466,23.457
4640,154.667,643.19,489.21,-22.313,-18.367,28.9
4641,154.7,641.55,488.26,-24.277,-25.578,35.265
4642,154.733,641.13,487.67,-25.657,-33.674,42.335
4643,154.767,640.61,486.46,-26.809,-42.431,50.191
4644,154.8,639.5,487.4,-28.283,-51.181,58.476
4645,154.833,637.47,487.74,-28.731,-58.168,64.876
4646,154.867,635.32,484.83,-29.143,-63.366,69.747
4647,154.9,635.01,479.55,-29.157,-65.859,72.025
4648,154.933,634.71,477.32,-28.526,-65.93,71.836
4649,154.967,636.14,476.87,-27.654,-63.973,69.694
4650,155.0,632.35,469.26,-24.656,-58.781,63.743
4651,155.033,633.65,467.72,-18.478,-50.074,53.374
4652,155.067,632.6,466.79,-11.27,-40.789,42.318
4653,155.1,631.72,464.14,-3.877,-30.744,30.987
4654,155.133,631.65,464.26,2.961,-21.013,21.221
4655,155.167,631.86,461.88,9.382,-11.437,14.793
4656,155.2,631.39,462.35,16.451,-0.727,16.467
4657,155.233,631.1,463.61,23.476,9.453,25.308
4658,155.267,630.79,465.29,29.814,19.199,35.461
4659,155.3,633.47,469.48,35.496,28.059,45.247
4660,155.333,633.61,470.86,40.059,34.817,53.075
4661,155.367,635.72,472.38,43.208,38.081,57.594
4662,155.4,638.65,473.26,45.667,39.334,60.272
4663,155.433,642.12,474.76,46.934,40.468,61.972
4664,155.467,646.38,477.26,46.431,40.549,61.645
4665,155.5,648.33,476.89,42.696,37.831,57.045
4666,155.533,645.56,473.76,39.79,36.581,54.05
4667,155.567,645.56,475.19,35.076,34.45,49.164
4668,155.6,646.8,475.97,30.036,31.347,43.414
4669,155.633,649.24,478.71,24.838,28.658,37.924
4670,155.667,651.5,481.28,19.554,25.512,32.144
4671,155.7,650.49,480.37,15.018,23.736,28.089
4672,155.733,651.06,482.25,10.79,22.472,24.929
4673,155.767,651.14,482.78,7.102,21.042,22.208
4674,155.8,649.99,483.92,5.247,20.201,20.871
4675,155.833,649.34,483.96,3.532,18.298,18.636
4676,155.867,650.26,485.68,3.769,15.998,16.436
4677,155.9,650.51,486.82,6.048,13.216,14.534
4678,155.933,650.12,486.81,10.003,10.794,14.716
4679,155.967,650.91,485.85,14.566,7.981,16.609
4680,156.0,653.27,486.01,17.984,3.551,18.331
4681,156.033,653.18,485.32,20.594,-1.85,20.676
4682,156.067,654.3,485.19,25.557,-5.797,26.206
4683,156.1,655.0,485.14,32.368,-9.816,33.824
4684,156.133,656.16,484.87,39.783,-12.703,41.762
4685,156.167,657.36,484.59,47.5,-15.563,49.984
4686,156.2,656.87,483.95,54.198,-18.358,57.223
4687,156.233,658.73,483.36,61.486,-19.6,64.535
4688,156.267,661.72,484.05,67.516,-20.602,70.589
4689,156.3,663.79,482.95,72.651,-21.434,75.747
4690,156.333,667.58,481.79,78.352,-23.522,81.806
4691,156.367,671.31,481.08,82.685,-25.33,86.478
4692,156.4,673.68,480.19,84.842,-28.086,89.37
4693,156.433,675.39,477.64,85.002,-32.198,90.896
4694,156.467,677.6,475.24,84.927,-37.948,93.02
4695,156.5,681.37,473.52,83.815,-44.09,94.704
4696,156.533,685.97,473.41,80.551,-51.148,95.418
4697,156.567,689.3,472.93,76.232,-58.373,96.014
4698,156.6,691.49,472.71,71.331,-66.251,97.351
4699,156.633,694.59,470.89,66.399,-74.586,99.86
4700,156.667,695.69,468.92,61.524,-82.677,103.057
4701,156.7,697.68,465.64,56.633,-89.497,105.91
4702,156.733,698.25,461.8,52.741,-94.476,108.201
4703,156.767,700.44,457.03,49.714,-98.602,110.426
4704,156.8,701.72,452.49,48.282,-103.527,114.232
4705,156.833,700.18,449.97,48.368,-109.014,119.262
4706,156.867,701.96,445.0,49.169,-115.273,125.322
4707,156.9,704.27,439.97,49.009,-120.886,130.443
4708,156.933,707.47,435.29,49.102,-126.325,135.533
4709,156.967,708.2,432.21,49.142,-130.525,139.469
4710,157.0,709.65,428.03,49.768,-133.192,142.186
4711,157.033,711.91,424.24,49.952,-134.857,143.811
4712,157.067,714.98,420.09,49.49,-137.213,145.865
4713,157.1,716.74,417.04,47.998,-139.567,147.59
4714,157.133,718.17,414.27,46.011,-142.498,149.742
4715,157.167,719.32,410.81,42.316,-143.543,149.651
4716,157.2,721.06,405.0,39.074,-144.812,149.991
4717,157.233,723.79,397.22,35.34,-144.638,148.893
4718,157.267,725.95,390.36,32.249,-143.401,146.983
4719,157.3,725.24,384.95,28.874,-140.662,143.595
4720,157.333,724.85,380.89,25.491,-136.313,138.676
4721,157.367,723.47,378.49,23.138,-130.669,132.702
4722,157.4,724.82,373.18,21.88,-125.074,126.973
4723,157.433,724.81,368.9,20.48,-116.711,118.495
4724,157.467,726.56,364.47,17.785,-105.354,106.844
4725,157.5,727.15,359.97,15.911,-93.475,94.819
4726,157.533,728.35,356.62,14.296,-80.398,81.659
4727,157.567,728.22,356.1,12.798,-67.271,68.478
4728,157.6,729.16,355.18,10.4,-53.864,54.859
4729,157.633,729.8,355.55,7.91,-41.496,42.243
4730,157.667,732.08,351.76,5.23,-30.925,31.364
4731,157.7,731.68,352.06,3.417,-23.62,23.866
4732,157.733,732.08,350.15,1.728,-18.283,18.364
4733,157.767,731.37,349.54,-1.007,-13.16,13.198
4734,157.8,730.58,349.51,-4.973,-7.988,9.41
4735,157.833,729.56,349.82,-8.926,-2.982,9.411
4736,157.867,730.06,348.4,-12.358,0.533,12.369
4737,157.9,727.76,352.75,-14.795,1.794,14.904
4738,157.933,727.04,352.27,-17.566,2.497,17.743
4739,157.967,727.76,350.19,-19.574,2.404,19.721
4740,158.0,726.64,350.68,-20.862,1.08,20.89
4741,158.033,726.29,349.9,-21.432,-0.086,21.432
4742,158.067,725.49,350.27,-21.432,-1.151,21.463
4743,158.1,725.73,349.56,-20.317,-2.855,20.516
4744,158.133,725.37,349.15,-18.736,-5.157,19.433
4745,158.167,725.7,348.21,-16.758,-7.455,18.342
4746,158.2,723.96,349.72,-15.507,-8.387,17.63
4747,158.233,722.55,350.68,-13.715,-9.479,16.672
4748,158.267,721.84,350.55,-12.181,-9.765,15.612
4749,158.3,721.27,349.73,-10.521,-9.259,14.015
4750,158.333,721.02,348.11,-7.996,-9.141,12.145
4751,158.367,720.0,347.94,-5.734,-8.161,9.974
4752,158.4,719.91,347.43,-5.094,-5.043,7.168
4753,158.433,720.93,346.19,-3.962,-3.719,5.434
4754,158.467,721.82,344.98,-2.518,-2.895,3.837
4755,158.5,721.19,346.08,-1.899,-1.081,2.185
4756,158.533,721.45,346.21,-1.133,0.407,1.204
4757,158.567,721.3,347.07,-0.454,1.929,1.982
4758,158.6,721.21,347.67,1.479,1.675,2.235
4759,158.633,721.35,349.12,2.684,1.491,3.07
4760,158.667,721.69,347.71,2.196,3.096,3.796
4761,158.7,722.07,347.77,0.626,5.246,5.283
4762,158.733,721.64,347.63,-0.73,6.307,6.349
4763,158.767,721.58,348.05,-0.894,5.546,5.617
4764,158.8,721.41,347.83,-1.899,4.953,5.304
4765,158.833,719.13,350.17,-2.431,3.767,4.483
4766,158.867,719.06,349.87,-2.973,2.661,3.99
4767,158.9,720.57,348.26,-2.814,1.279,3.091
4768,158.933,721.08,347.83,-1.701,-0.803,1.881
4769,158.967,720.92,348.3,-1.689,-1.515,2.269
4770,159.0,721.5,347.59,-1.397,-1.533,2.074
4771,159.033,721.85,347.04,-1.674,-1.29,2.114
4772,159.067,722.04,346.79,-2.006,-0.901,2.199
4773,159.1,719.11,349.96,-2.955,-0.044,2.956
4774,159.133,718.35,351.29,-3.272,0.359,3.292
4775,159.167,720.46,348.21,-3.296,0.318,3.311
4776,159.2,721.04,347.56,-3.385,1.322,3.634
4777,159.233,721.16,347.58,-2.953,2.097,3.622
4778,159.267,718.92,349.43,-3.05,4.124,5.13
4779,159.3,720.63,347.75,-2.97,5.646,6.379
4780,159.333,720.02,348.02,-1.874,6.783,7.037
4781,159.367,720.22,348.3,-0.167,7.194,7.196
4782,159.4,720.08,348.37,1.181,7.912,8.0
4783,159.433,718.43,350.27,2.663,7.948,8.383
4784,159.467,719.93,349.11,5.024,6.651,8.335
4785,159.5,718.2,349.93,7.993,3.352,8.668
4786,159.533,719.74,349.6,10.466,-0.586,10.483
4787,159.567,719.84,350.39,12.287,-4.987,13.261
4788,159.6,722.05,349.53,13.157,-9.393,16.166
4789,159.633,722.03,350.55,13.379,-14.136,19.464
4790,159.667,722.36,350.3,12.89,-19.542,23.41
4791,159.7,723.16,349.36,11.634,-23.968,26.642
4792,159.733,722.16,349.84,10.562,-27.669,29.616
4793,159.767,724.15,346.85,10.294,-31.856,33.478
4794,159.8,724.69,346.22,11.721,-36.252,38.099
4795,159.833,722.94,346.01,12.272,-39.957,41.799
4796,159.867,724.46,342.85,12.447,-42.311,44.104
4797,159.9,727.35,338.04,12.461,-43.464,45.215
4798,159.933,727.75,336.09,12.881,-43.626,45.488
4799,159.967,726.38,335.04,13.496,-43.606,45.647
4800,160.0,725.12,335.31,12.635,-41.29,43.18
4801,160.033,724.64,334.86,12.531,-40.025,41.941
4802,160.067,723.97,335.08,12.098,-37.879,39.764
4803,160.1,723.48,335.24,12.456,-36.512,38.578
4804,160.133,726.77,331.99,14.63,-35.454,38.354
4805,160.167,730.62,329.39,18.886,-36.275,40.897
4806,160.2,732.48,327.99,23.713,-37.289,44.19
4807,160.233,733.28,325.74,30.517,-39.924,50.252
4808,160.267,732.37,326.17,39.256,-45.486,60.083
4809,160.3,731.54,324.4,45.455,-52.025,69.085
4810,160.333,731.89,324.75,47.486,-60.937,77.254
4811,160.367,733.4,322.52,47.466,-70.95,85.363
4812,160.4,733.94,320.16,44.497,-80.792,92.235
4813,160.433,733.3,318.19,37.902,-88.223,96.02
4814,160.467,735.21,315.21,29.172,-94.263,98.674
4815,160.5,738.72,309.3,20.086,-99.774,101.776
4816,160.533,742.23,307.77,10.68,-104.384,104.929
4817,160.567,746.18,302.62,1.238,-107.797,107.804
4818,160.6,749.99,298.65,-7.535,-110.429,110.686
4819,160.633,748.61,294.63,-14.694,-113.07,114.02
4820,160.667,746.6,291.54,-22.019,-113.377,115.495
4821,160.7,746.05,284.8,-29.676,-111.49,115.372
4822,160.733,739.64,280.84,-37.124,-107.24,113.484
4823,160.767,731.68,278.15,-43.98,-99.659,108.932
4824,160.8,727.71,275.58,-48.716,-91.49,103.652
4825,160.833,728.23,275.13,-51.315,-81.753,96.524
4826,160.867,728.25,272.14,-51.625,-72.117,88.69
4827,160.9,728.21,270.05,-50.094,-61.963,79.68
4828,160.933,728.28,266.7,-46.097,-52.992,70.236
4829,160.967,727.8,264.2,-39.438,-44.299,59.31
4830,161.0,726.04,264.0,-30.631,-36.752,47.843
4831,161.033,725.4,262.59,-21.384,-28.394,35.545
4832,161.067,724.96,261.46,-12.554,-22.112,25.427
4833,161.1,724.91,260.55,-5.412,-16.613,17.472
4834,161.133,724.4,261.37,-1.882,-11.832,11.981
4835,161.167,724.68,261.42,0.278,-8.864,8.868
4836,161.2,724.19,262.37,0.529,-6.93,6.95
4837,161.233,723.99,262.31,-1.97,-4.819,5.206
4838,161.267,724.21,260.64,-4.142,-3.071,5.156
4839,161.3,723.6,261.14,-4.113,-1.734,4.464
4840,161.333,724.06,260.8,-2.972,-0.398,2.998
4841,161.367,724.02,260.35,-2.034,-0.508,2.097
4842,161.4,723.94,259.4,-0.857,-1.364,1.611
4843,161.433,723.38,261.53,-0.161,-2.178,2.184
4844,161.467,724.13,260.44,0.455,-2.951,2.986
4845,161.5,723.54,260.85,0.647,-3.079,3.146
4846,161.533,723.59,259.73,0.97,-2.495,2.677
4847,161.567,723.5,259.62,0.543,-0.945,1.09
4848,161.6,723.02,259.89,-0.373,0.35,0.512
4849,161.633,723.84,258.83,-1.922,1.54,2.463
4850,161.667,723.15,260.29,-3.312,1.401,3.597
4851,161.7,723.57,259.18,-4.982,1.786,5.292
4852,161.733,723.58,259.87,-6.579,2.333,6.98
4853,161.767,723.25,260.58,-7.692,2.553,8.105
4854,161.8,723.07,260.86,-8.241,2.91,8.74
4855,161.833,723.92,260.3,-7.996,3.232,8.624
4856,161.867,723.89,260.28,-7.508,3.664,8.354
4857,161.9,722.76,261.58,-6.26,4.114,7.491
4858,161.933,722.71,260.87,-4.756,5.06,6.944
4859,161.967,721.08,262.26,-2.978,5.038,5.852
4860,162.0,720.04,262.97,-1.589,5.439,5.667
4861,162.033,719.19,261.2,-0.146,6.045,6.047
4862,162.067,719.75,259.3,1.431,6.822,6.97
4863,162.1,720.24,259.93,2.753,8.528,8.961
4864,162.133,721.26,260.98,4.963,8.936,10.221
4865,162.167,721.57,263.82,5.521,12.509,13.673
4866,162.2,722.34,263.76,6.259,14.656,15.937
4867,162.233,723.59,262.71,6.872,16.478,17.854
4868,162.267,724.18,262.96,6.815,18.574,19.785
4869,162.3,724.08,264.43,6.59,19.035,20.143
4870,162.333,724.21,264.5,6.115,17.902,18.918
4871,162.367,724.35,264.87,4.924,16.085,16.822
4872,162.4,723.36,265.79,3.033,14.142,14.464
4873,162.433,722.99,266.74,1.159,10.272,10.337
4874,162.467,723.05,267.52,-1.074,6.52,6.608
4875,162.5,723.06,268.28,-2.698,1.968,3.34
4876,162.533,723.41,267.84,-3.465,-4.097,5.366
4877,162.567,722.93,269.0,-2.977,-10.507,10.92
4878,162.6,723.3,267.48,-2.14,-15.414,15.561
4879,162.633,721.31,270.34,-1.055,-19.903,19.931
4880,162.667,723.27,264.36,0.213,-24.156,24.157
4881,162.7,723.27,263.91,1.624,-28.623,28.669
4882,162.733,722.58,263.73,2.766,-32.049,32.168
4883,162.767,723.25,260.0,3.681,-34.818,35.012
4884,162.8,723.35,259.36,4.188,-35.692,35.936
4885,162.833,723.58,259.27,4.537,-36.387,36.669
4886,162.867,723.48,258.62,4.948,-36.911,37.241
4887,162.9,723.94,256.39,4.905,-36.726,37.052
4888,162.933,724.27,256.6,5.338,-36.156,36.548
4889,162.967,724.64,254.75,5.872,-34.571,35.066
4890,163.0,725.04,252.35,6.631,-33.93,34.572
4891,163.033,725.09,251.78,7.193,-33.012,33.787
4892,163.067,724.54,252.46,7.411,-31.58,32.438
4893,163.1,724.62,251.13,7.237,-29.792,30.658
4894,163.133,725.03,250.47,7.026,-29.082,29.918
4895,163.167,724.84,250.23,7.68,-29.851,30.823
4896,163.2,725.26,248.66,7.643,-28.065,29.087
4897,163.233,726.21,246.55,7.417,-25.962,27.001
4898,163.267,726.22,246.99,7.394,-23.927,25.043
4899,163.3,726.79,243.96,7.945,-22.193,23.572
4900,163.333,727.47,242.76,8.348,-19.87,21.552
4901,163.367,727.3,243.28,8.679,-17.221,19.284
4902,163.4,727.99,243.02,9.035,-13.828,16.518
4903,163.433,727.94,243.09,9.073,-7.991,12.09
4904,163.467,728.23,241.24,8.808,-2.256,9.092
4905,163.5,727.69,243.62,8.12,3.787,8.96
4906,163.533,727.86,243.59,6.963,10.853,12.894
4907,163.567,727.84,243.97,4.828,17.78,18.424
4908,163.6,728.97,242.09,2.63,24.532,24.672
4909,163.633,728.61,245.92,0.192,31.258,31.259
4910,163.667,729.11,246.02,-2.18,35.698,35.764
4911,163.7,729.06,246.29,-4.499,38.924,39.183
4912,163.733,729.48,246.56,-6.956,41.841,42.415
4913,163.767,730.18,246.68,-9.61,44.984,45.999
4914,163.8,728.48,252.24,-11.266,44.92,46.311
4915,163.833,728.26,254.78,-12.957,45.313,47.129
4916,163.867,727.59,257.35,-14.232,44.76,46.968
4917,163.9,726.87,259.26,-15.437,44.266,46.88
4918,163.933,726.14,258.48,-16.883,43.188,46.37
4919,163.967,725.21,259.56,-17.187,42.975,46.285
4920,164.0,724.23,261.42,-17.357,43.48,46.817
4921,164.033,723.0,262.59,-16.239,42.176,45.195
4922,164.067,723.35,264.4,-14.394,39.998,42.51
4923,164.1,723.0,263.84,-11.738,38.67,40.412
4924,164.133,722.94,263.49,-8.578,40.004,40.914
4925,164.167,722.1,267.32,-5.53,40.855,41.228
4926,164.2,722.16,268.62,-2.829,41.782,41.878
4927,164.233,722.63,268.82,-0.64,43.467,43.472
4928,164.267,723.03,268.06,-0.24,46.316,46.316
4929,164.3,721.74,272.35,-1.488,47.209,47.232
4930,164.333,722.04,273.46,-4.544,45.085,45.313
4931,164.367,721.13,277.17,-9.561,41.862,42.94
4932,164.4,721.93,277.45,-16.028,35.377,38.838
4933,164.433,723.11,279.71,-20.451,25.585,32.754
4934,164.467,722.05,278.23,-23.789,14.178,27.694
4935,164.5,722.65,278.85,-26.05,3.604,26.298
4936,164.533,721.62,280.99,-26.508,-8.052,27.704
4937,164.567,720.74,284.12,-25.629,-19.054,31.936
4938,164.6,719.38,283.57,-23.949,-29.727,38.174
4939,164.633,716.26,281.11,-21.562,-39.626,45.113
4940,164.667,714.87,278.11,-18.035,-47.364,50.681
4941,164.7,712.5,276.1,-15.272,-53.344,55.487
4942,164.733,710.14,271.84,-13.448,-58.29,59.822
4943,164.767,709.71,265.4,-10.861,-60.263,61.234
4944,164.8,708.47,266.19,-6.593,-58.91,59.278
4945,164.833,710.87,264.17,1.853,-53.421,53.453
4946,164.867,714.29,259.39,9.713,-47.538,48.52
4947,164.9,719.31,258.56,16.43,-42.335,45.412
4948,164.933,717.84,259.42,21.123,-36.878,42.499
4949,164.967,717.92,261.87,23.033,-32.366,39.725
4950,165.0,718.33,258.89,21.01,-30.141,36.741
4951,165.033,717.16,259.68,16.985,-25.889,30.963
4952,165.067,717.17,258.3,11.748,-20.159,23.332
4953,165.1,716.57,257.21,6.157,-13.948,15.247
4954,165.133,716.45,258.96,-0.969,-8.013,8.071
4955,165.167,714.49,260.0,-8.242,-2.473,8.605
4956,165.2,717.71,257.87,-16.331,1.448,16.395
4957,165.233,722.2,259.5,-24.238,4.068,24.577
4958,165.267,723.31,258.96,-31.1,6.716,31.817
4959,165.3,721.26,259.68,-37.561,9.975,38.863
4960,165.333,712.5,251.71,-41.559,12.077,43.278
4961,165.367,709.33,252.48,-43.535,14.619,45.924
4962,165.4,707.74,252.63,-44.338,18.962,48.222
4963,165.433,705.85,253.92,-45.604,24.029,51.547
4964,165.467,704.17,255.9,-45.097,28.885,53.554
4965,165.5,708.0,267.04,-43.165,32.179,53.84
4966,165.533,707.11,269.4,-40.132,36.084,53.969
4967,165.567,705.75,269.63,-35.585,38.292,52.274
4968,165.6,701.7,267.0,-26.888,45.01,52.43
4969,165.633,700.16,265.93,-21.185,46.439,51.043
4970,165.667,698.39,265.31,-12.453,48.756,50.321
4971,165.7,697.68,267.7,-3.575,47.605,47.739
4972,165.733,697.66,268.65,3.202,44.887,45.001
4973,165.767,698.28,269.23,5.761,38.977,39.401
4974,165.8,701.04,273.01,4.983,31.036,31.433
4975,165.833,702.87,274.72,2.177,20.462,20.577
4976,165.867,702.98,275.34,1.412,12.647,12.725
4977,165.9,702.95,276.82,-0.09,5.119,5.119
4978,165.933,702.75,277.62,-2.317,-0.715,2.425
4979,165.967,703.37,278.12,-6.409,-8.012,10.26
4980,166.0,703.41,278.27,-9.035,-12.217,15.195
4981,166.033,703.26,278.63,-13.435,-18.653,22.988
4982,166.067,703.65,280.41,-17.573,-25.271,30.78
4983,166.1,695.17,268.28,-20.864,-30.934,37.313
4984,166.133,701.93,276.1,-22.149,-33.473,40.137
4985,166.167,695.57,268.04,-21.666,-33.148,39.6
4986,166.2,696.01,267.37,-19.026,-29.118,34.783
4987,166.233,695.61,266.38,-12.012,-19.904,23.247
4988,166.267,696.03,265.56,-4.811,-11.29,12.272
4989,166.3,695.7,264.68,2.355,-2.99,3.806
4990,166.333,694.56,264.51,8.068,3.385,8.749
4991,166.367,692.7,264.74,12.346,8.556,15.021
4992,166.4,693.55,265.01,15.08,12.573,19.634
4993,166.433,694.27,264.38,17.574,15.139,23.196
4994,166.467,700.07,272.47,19.173,16.121,25.049
4995,166.5,700.82,272.88,19.504,15.288,24.782
4996,166.533,702.33,272.89,18.024,12.777,22.094
4997,166.567,703.28,274.56,15.191,8.036,17.186
4998,166.6,703.36,275.89,10.349,0.065,10.349
4999,166.633,704.54,276.32,6.804,-6.907,9.696
5000,166.667,704.88,276.81,1.378,-16.634,16.691
5001,166.7,705.13,275.31,1.376,-18.582,18.633
5002,166.733,698.35,264.4,1.35,-20.276,20.321
5003,166.767,698.32,264.23,0.561,-21.767,21.774
5004,166.8,698.26,264.37,-2.878,-22.667,22.849
5005,166.833,698.45,264.4,-7.398,-22.462,23.649
5006,166.867,698.43,263.98,-11.962,-21.04,24.203
5007,166.9,700.13,264.23,-14.981,-18.34,23.681
5008,166.933,699.08,263.81,-17.574,-14.565,22.826
5009,166.967,699.1,263.63,-17.881,-8.058,19.613
5010,167.0,698.57,263.76,-18.766,-4.386,19.272
5011,167.033,699.36,263.5,-18.366,-0.899,18.388
5012,167.067,699.17,263.72,-17.173,2.367,17.335
5013,167.1,699.37,263.62,-15.225,4.334,15.829
5014,167.133,704.55,272.96,-12.769,4.574,13.563
5015,167.167,702.02,273.13,-10.741,2.937,11.136
5016,167.2,694.3,264.03,-9.32,-0.944,9.367
5017,167.233,690.28,263.07,-8.861,-6.254,10.846
5018,167.267,688.01,263.12,-5.551,-7.414,9.262
5019,167.3,689.93,263.14,-1.916,-8.503,8.716
5020,167.333,691.05,263.11,2.399,-9.365,9.667
5021,167.367,692.76,262.93,6.083,-10.323,11.982
5022,167.4,694.28,262.73,9.582,-10.693,14.358
5023,167.433,697.73,263.52,12.133,-10.656,16.148
5024,167.467,698.63,262.25,14.759,-10.029,17.844
5025,167.5,699.5,262.18,17.26,-8.661,19.311
5026,167.533,700.08,262.04,19.384,-6.709,20.512
5027,167.567,700.17,262.09,20.337,-4.064,20.739
5028,167.6,699.7,262.07,20.373,-0.894,20.393
5029,167.633,699.69,262.08,19.091,3.028,19.33
5030,167.667,699.62,262.3,13.121,1.905,13.258
5031,167.7,699.69,262.3,5.707,-1.582,5.922
5032,167.733,699.73,261.89,1.149,-1.63,1.994
5033,167.767,699.79,261.51,-1.568,-1.483,2.159
5034,167.8,699.84,261.74,-4.326,-4.761,6.433
5035,167.833,698.71,261.44,-5.507,-5.96,8.115
5036,167.867,699.91,262.1,-4.964,-5.33,7.283
5037,167.9,700.6,262.09,-3.323,-3.807,5.053
5038,167.933,700.63,261.84,0.847,0.846,1.197
5039,167.967,700.73,261.94,2.306,1.616,2.816
5040,168.0,699.93,261.69,6.432,6.596,9.213
5041,168.033,699.84,261.44,9.449,10.172,13.883
5042,168.067,699.77,261.4,9.156,9.794,13.407
5043,168.1,699.7,261.33,11.14,13.208,17.278
5044,168.133,699.87,261.11,12.245,15.24,19.55
5045,168.167,700.62,261.13,12.615,15.929,20.32
5046,168.2,701.3,261.82,12.383,15.47,19.816
5047,168.233,700.11,261.16,11.558,14.122,18.249
5048,168.267,700.15,261.46,9.969,11.888,15.514
5049,168.3,705.91,270.88,7.738,9.269,12.074
5050,168.333,706.02,270.36,3.345,3.472,4.821
5051,168.367,706.14,269.26,0.348,-0.738,0.816
5052,168.4,706.59,269.45,-2.301,-4.606,5.148
5053,168.433,702.68,262.96,-2.286,-3.862,4.488
5054,168.467,706.86,269.98,-2.58,-3.705,4.515
5055,168.5,700.6,261.43,-3.289,-3.949,5.139
5056,168.533,700.31,261.75,-3.66,-4.338,5.676
5057,168.567,706.11,269.76,-5.656,-7.467,9.367
5058,168.6,700.38,260.96,-4.9,-6.174,7.882
5059,168.633,700.62,260.99,-6.713,-8.797,11.066
5060,168.667,700.43,261.29,-4.833,-5.946,7.663
5061,168.7,700.16,261.27,-3.095,-2.956,4.279
5062,168.733,699.84,261.06,-1.621,1.013,1.911
5063,168.767,700.17,261.75,1.254,6.699,6.815
5064,168.8,700.65,262.05,4.644,11.277,12.196
5065,168.833,705.93,269.85,5.287,10.251,11.534
5066,168.867,706.57,269.92,4.534,7.98,9.178
5067,168.9,707.21,271.59,3.278,5.008,5.986
5068,168.933,701.57,262.56,0.736,0.279,0.788
5069,168.967,701.23,262.61,0.087,-2.326,2.328
5070,169.0,701.08,262.17,-3.27,-9.316,9.873
5071,169.033,700.49,261.72,-2.998,-13.595,13.922
5072,169.067,704.75,268.86,-2.042,-17.697,17.815
5073,169.1,699.81,260.61,-4.531,-26.244,26.632
5074,169.133,706.89,270.68,-4.342,-30.3,30.609
5075,169.167,700.9,261.54,-3.945,-32.844,33.08
5076,169.2,700.88,261.45,-3.605,-34.115,34.305
5077,169.233,701.23,258.6,-2.251,-32.792,32.87
5078,169.267,700.21,254.59,-0.495,-29.398,29.402
5079,169.3,700.27,256.0,1.723,-23.766,23.828
5080,169.333,700.34,256.56,4.181,-16.5,17.022
5081,169.367,702.16,255.77,4.002,-12.092,12.738
5082,169.4,702.27,254.34,3.082,-7.957,8.533
5083,169.433,703.54,253.72,0.875,-5.731,5.798
5084,169.467,703.22,253.21,0.832,-0.055,0.834
5085,169.5,704.33,253.02,0.636,5.323,5.361
5086,169.533,702.51,254.45,0.925,11.139,11.177
5087,169.567,701.98,255.54,1.717,16.995,17.081
5088,169.6,702.72,257.56,-0.019,18.17,18.17
5089,169.633,701.9,258.34,0.488,21.783,21.789
5090,169.667,701.47,259.24,-2.458,18.964,19.122
5091,169.7,702.27,261.01,-3.079,18.153,18.412
5092,169.733,701.12,260.47,-3.691,15.644,16.074
5093,169.767,701.5,261.22,-4.252,13.123,13.794
5094,169.8,701.48,260.48,-3.756,12.136,12.704
5095,169.833,701.91,260.91,-3.062,9.643,10.118
5096,169.867,702.48,261.01,-2.111,5.836,6.206
5097,169.9,701.94,260.49,-1.765,1.936,2.62
5098,169.933,701.65,260.18,-1.004,-0.563,1.151
5099,169.967,701.16,260.18,-0.525,-1.923,1.993
5100,170.0,701.82,260.98,0.694,-1.848,1.974
5101,170.033,701.16,260.46,0.806,-0.845,1.168
5102,170.067,701.03,260.53,1.598,0.459,1.662
5103,170.1,701.75,260.81,2.243,1.845,2.905
5104,170.133,701.99,261.21,2.462,2.815,3.74
5105,170.167,701.57,260.82,2.541,3.703,4.491
5106,170.2,701.45,260.6,2.918,4.342,5.232
5107,170.233,701.85,260.9,2.691,4.087,4.893
5108,170.267,701.89,260.82,3.119,4.017,5.086
5109,170.3,701.3,260.03,3.496,3.556,4.986
5110,170.333,701.81,261.04,3.934,3.433,5.221
5111,170.367,702.65,262.75,3.602,2.653,4.473
5112,170.4,703.56,263.96,2.623,1.523,3.033
5113,170.433,703.72,263.32,1.887,0.636,1.992
5114,170.467,703.68,262.75,1.267,-0.185,1.281
5115,170.5,702.23,261.56,0.899,-0.83,1.224
5116,170.533,702.59,261.4,0.163,-1.795,1.802
5117,170.567,702.08,260.99,-0.382,-2.667,2.695
5118,170.6,702.52,261.18,-0.525,-3.213,3.256
5119,170.633,702.2,261.12,-0.993,-3.643,3.776
5120,170.667,702.87,261.17,-1.554,-4.026,4.316
5121,170.7,702.61,261.28,-1.791,-4.019,4.4
5122,170.733,702.89,261.39,-1.848,-3.878,4.295
5123,170.767,702.5,261.25,-2.035,-3.651,4.179
5124,170.8,702.07,260.86,-1.829,-3.051,3.557
5125,170.833,701.53,260.24,-0.79,-1.625,1.806
5126,170.867,702.33,260.67,0.24,-0.228,0.331
5127,170.9,702.83,260.89,0.752,0.634,0.984
5128,170.933,702.54,260.64,0.821,0.546,0.986
5129,170.967,702.35,260.83,0.741,0.227,0.775
5130,171.0,702.23,260.71,0.542,-0.045,0.544
5131,171.033,702.28,260.7,1.085,0.105,1.09
5132,171.067,702.62,261.28,1.168,0.087,1.171
5133,171.1,702.25,261.08,1.605,0.351,1.643
5134,171.133,702.47,261.0,1.774,0.474,1.836
5135,171.167,702.58,260.75,1.777,0.371,1.815
5136,171.2,702.56,260.48,1.554,0.404,1.606
5137,171.233,702.79,260.86,1.752,0.663,1.873
5138,171.267,703.31,261.01,1.181,0.32,1.224
5139,171.3,703.05,260.97,0.671,-0.091,0.677
5140,171.333,702.45,260.96,0.408,-0.346,0.535
5141,171.367,702.48,261.01,0.525,-0.034,0.527
5142,171.4,703.15,260.69,0.349,0.12,0.37
5143,171.433,703.3,260.86,-0.169,0.021,0.17
5144,171.467,703.2,261.14,-0.304,0.225,0.378
5145,171.5,702.98,260.9,-0.292,0.462,0.546
5146,171.533,702.45,260.7,0.006,0.676,0.676
5147,171.567,702.89,261.02,0.2,0.909,0.931
5148,171.6,702.56,260.78,0.428,0.873,0.972
5149,171.633,702.55,260.84,0.646,0.765,1.001
5150,171.667,703.23,261.44,0.584,0.665,0.885
5151,171.7,703.07,261.21,0.457,0.597,0.752
5152,171.733,702.05,260.37,0.656,0.651,0.924
5153,171.767,702.97,261.21,0.901,0.757,1.177
5154,171.8,703.09,261.38,1.339,1.097,1.731
5155,171.833,703.07,261.47,1.534,1.173,1.931
5156,171.867,703.15,261.06,1.981,1.225,2.329
5157,171.9,703.37,261.11,2.094,0.679,2.201
5158,171.933,703.83,261.53,1.672,0.553,1.761
5159,171.967,703.43,261.28,1.173,0.16,1.184
5160,172.0,703.4,261.03,0.746,-0.401,0.847
5161,172.033,702.98,261.19,0.549,-0.48,0.729
5162,172.067,703.22,261.24,0.734,-0.474,0.874
5163,172.1,702.73,261.13,0.808,-0.356,0.883
5164,172.133,703.07,261.31,-1.284,-3.283,3.525
5165,172.167,703.7,261.26,-2.236,-4.698,5.202
5166,172.2,704.18,261.44,-0.483,-1.963,2.022
5167,172.233,703.96,261.68,0.756,0.131,0.767
5168,172.267,703.92,261.36,2.063,2.171,2.995
5169,172.3,702.74,260.47,2.962,3.483,4.572
5170,172.333,702.93,260.64,3.647,4.495,5.788
5171,172.367,702.67,260.31,4.18,5.041,6.548
5172,172.4,703.33,261.34,4.363,5.218,6.801
5173,172.433,703.94,260.83,4.188,5.319,6.77
5174,172.467,704.02,261.35,3.7,5.037,6.25
5175,172.5,703.96,261.62,3.483,4.798,5.929
5176,172.533,703.59,260.9,2.579,4.344,5.052
5177,172.567,703.21,260.96,1.612,3.405,3.768
5178,172.6,702.76,260.29,0.3,2.256,2.276
5179,172.633,708.78,268.73,-0.267,1.309,1.336
5180,172.667,708.91,269.14,-0.914,0.219,0.94
5181,172.7,703.12,260.78,-1.756,-0.542,1.837
5182,172.733,703.38,261.1,-2.676,-0.733,2.775
5183,172.767,703.86,261.3,-3.459,-1.285,3.69
5184,172.8,703.58,261.44,-3.964,-2.39,4.629
5185,172.833,703.4,261.1,-3.927,-3.315,5.139
5186,172.867,703.19,261.1,-3.895,-4.162,5.7
5187,172.9,703.37,261.69,-3.04,-4.554,5.476
5188,172.933,703.52,261.43,-2.321,-5.34,5.823
5189,172.967,703.19,261.27,-1.459,-5.73,5.913
5190,173.0,702.18,260.72,-0.886,-5.399,5.471
5191,173.033,703.0,260.82,-0.026,-5.975,5.975
5192,173.067,703.45,261.39,0.768,-7.462,7.501
5193,173.1,704.27,261.73,2.122,-10.029,10.251
5194,173.133,703.68,261.41,3.758,-12.22,12.785
5195,173.167,704.05,261.52,2.108,-17.958,18.081
5196,173.2,704.31,260.71,-0.398,-24.025,24.028
5197,173.233,704.2,258.47,-0.479,-25.635,25.64
5198,173.267,704.19,257.46,-0.342,-26.158,26.161
5199,173.3,703.58,257.48,-0.249,-25.367,25.368
5200,173.333,703.78,257.13,0.008,-23.718,23.718
5201,173.367,704.26,256.17,0.352,-20.8,20.803
5202,173.4,703.46,254.89,0.684,-17.001,17.014
5203,173.433,703.61,253.77,0.766,-13.555,13.577
5204,173.467,702.83,252.34,0.46,-9.746,9.757
5205,173.5,703.3,248.55,0.38,-5.12,5.134
5206,173.533,702.73,247.92,0.62,-0.465,0.775
5207,173.567,703.43,249.5,1.838,5.112,5.432
5208,173.6,703.22,252.74,0.628,7.023,7.051
5209,173.633,704.14,255.82,-0.221,9.277,9.28
5210,173.667,705.1,257.17,1.923,16.113,16.227
5211,173.7,705.09,257.26,3.061,20.67,20.895
5212,173.733,705.04,257.45,3.508,23.477,23.738
5213,173.767,704.78,257.91,3.637,25.687,25.944
5214,173.8,704.42,257.65,3.726,26.916,27.173
5215,173.833,704.09,258.03,4.113,26.561,26.877
5216,173.867,703.77,257.74,4.35,24.767,25.146
5217,173.9,703.72,257.52,3.881,21.924,22.265
5218,173.933,703.85,259.13,1.127,14.353,14.397
5219,173.967,704.44,260.17,-0.484,8.985,8.998
5220,174.0,704.39,259.81,-0.716,5.138,5.188
5221,174.033,705.43,261.38,-0.812,4.073,4.153
5222,174.067,703.0,259.92,0.017,5.465,5.465
5223,174.1,708.63,268.57,2.909,11.603,11.963
5224,174.133,708.98,270.2,3.474,12.952,13.409
5225,174.167,703.56,260.15,3.956,12.888,13.481
5226,174.2,704.48,261.02,7.123,16.889,18.33
5227,174.233,705.08,261.64,9.32,19.298,21.431
5228,174.267,705.43,261.6,9.979,19.789,22.163
5229,174.3,705.04,261.53,9.935,18.957,21.402
5230,174.333,704.41,261.61,9.775,17.605,20.137
5231,174.367,703.76,261.57,8.654,14.969,17.29
5232,174.4,703.74,261.38,7.586,12.436,14.567
5233,174.433,710.01,272.3,6.17,10.006,11.755
5234,174.467,709.47,270.87,4.723,7.112,8.537
5235,174.5,708.96,270.9,3.517,4.467,5.685
5236,174.533,709.76,271.97,-0.491,-1.927,1.988
5237,174.567,710.02,271.92,-1.035,-2.059,2.305
5238,174.6,705.31,262.5,-0.153,-1.111,1.121
5239,174.633,710.88,270.54,-1.945,-4.793,5.173
5240,174.667,711.93,272.89,-4.9,-11.073,12.109
5241,174.7,704.85,262.13,-5.82,-13.3,14.518
5242,174.733,704.31,261.7,-7.193,-15.551,17.134
5243,174.767,705.33,262.53,-8.652,-17.24,19.289
5244,174.8,705.32,262.49,-9.683,-17.86,20.316
5245,174.833,704.24,261.86,-10.007,-17.296,19.982
5246,174.867,705.33,262.95,-9.618,-15.303,18.075
5247,174.9,704.88,262.58,-7.738,-11.681,14.011
5248,174.933,705.39,262.91,-5.66,-5.961,8.22
5249,174.967,705.44,263.03,-6.266,-4.713,7.841
5250,175.0,704.29,261.88,-7.166,-3.141,7.824
5251,175.033,711.85,273.43,-7.653,-2.082,7.931
5252,175.067,704.99,261.68,-8.872,-2.172,9.134
5253,175.1,704.52,261.09,-10.878,-6.751,12.803
5254,175.133,703.8,260.95,-5.98,-2.336,6.42
5255,175.167,703.49,261.0,-2.483,-2.198,3.316
5256,175.2,703.57,260.94,-1.103,-7.991,8.067
5257,175.233,704.21,261.51,8.062,-5.688,9.866
5258,175.267,704.58,261.38,18.355,-3.178,18.628
5259,175.3,704.1,261.14,28.028,-1.506,28.068
5260,175.333,703.83,261.2,31.807,-1.191,31.83
5261,175.367,704.37,261.12,35.518,-0.845,35.529
5262,175.4,703.97,261.26,39.161,-0.468,39.164
5263,175.433,706.75,261.17,42.735,-0.06,42.735
5264,175.467,709.06,261.41,46.24,0.379,46.242
5265,175.5,712.7,261.23,49.677,0.849,49.684
5266,175.533,716.03,261.28,53.045,1.35,53.062
5267,175.567,721.52,260.78,56.345,1.883,56.376
5268,175.6,729.19,269.62,59.576,2.446,59.626
5269,175.633,726.05,261.1,62.738,3.04,62.812
5270,175.667,727.91,260.89,65.832,3.666,65.934
5271,175.7,734.29,268.55,68.858,4.322,68.993
5272,175.733,727.27,261.1,71.815,5.01,71.989
5273,175.767,726.3,260.6,74.703,5.729,74.922
5274,175.8,726.15,261.11,77.523,6.478,77.793
